t_sync_us,capture_time_ns,source_pose_index,source,quality,accel_x_m_s2,accel_y_m_s2,accel_z_m_s2,gyro_x_rad_s,gyro_y_rad_s,gyro_z_rad_s
1363,1789028292347000000,0,HEAD_POSE_ESTIMATE,edge_fit,-0.3063371414239989,7.905482154845099,2.538010764516627,0.3398903716573127,-0.6065586263282612,-0.14615200767625486
16363,1789028292362000000,1,HEAD_POSE_ESTIMATE,edge_fit,-0.45325492947216817,8.036344310559915,2.422408866027429,0.27978825190755546,-0.4993606407835329,-0.1286074867467844
32363,1789028292378000000,2,HEAD_POSE_ESTIMATE,edge_fit,-0.5891535171099559,8.17649054099125,2.2940392112601566,0.22371261379652435,-0.3999749744884965,-0.11624318625086763
45363,1789028292391000000,3,HEAD_POSE_ESTIMATE,edge_fit,-0.7042532957515834,8.293120532198953,2.1725046718080128,0.1850689879492073,-0.3301192778499947,-0.11123269344982283
56363,1789028292402000000,4,HEAD_POSE_ESTIMATE,edge_fit,-0.8087332297582053,8.387833835463747,2.0770375216164183,0.15724006204230587,-0.2784569383434493,-0.11107541394331212
69363,1789028292415000000,5,HEAD_POSE_ESTIMATE,edge_fit,-0.8938146986631071,8.491714423182671,2.009464381135311,0.12962321778898925,-0.22643237996501786,-0.11563872802562955
84363,1789028292430000000,6,HEAD_POSE_ESTIMATE,edge_fit,-1.005590548183992,8.61299031793544,1.9201902950909828,0.10578169468909471,-0.17823200548017387,-0.12673770195331455
98363,1789028292444000000,7,HEAD_POSE_ESTIMATE,edge_fit,-1.0221051104796652,8.725562249417665,1.8896116971134522,0.09088151035527876,-0.14478758285338988,-0.1429104073258237
112363,1789028292458000000,8,HEAD_POSE_ESTIMATE,edge_fit,-1.1023884483032464,8.848587296112255,1.7795213569570183,0.08389970779801295,-0.12263660227516186,-0.164135332803178
126363,1789028292472000000,9,HEAD_POSE_ESTIMATE,estimated,-1.200493977405217,8.947841289919586,1.6875779609359771,0.08932245877523898,-0.12424544968650754,-0.23493481719685563
141363,1789028292487000000,10,HEAD_POSE_ESTIMATE,estimated,-1.2874590135704345,9.074896495690346,1.6397206009932437,0.13020133665459938,-0.15220096503498065,-0.35160282461977416
154363,1789028292500000000,11,HEAD_POSE_ESTIMATE,estimated,-1.401449442566984,9.200088299570867,1.5545712791867903,0.16900885233286358,-0.1840821223004862,-0.428671741895917
170363,1789028292516000000,12,HEAD_POSE_ESTIMATE,estimated,-1.5664855816990924,9.33100874136603,1.5170788485692108,0.19208039774256364,-0.2179532144594409,-0.47329163943732805
182363,1789028292528000000,13,HEAD_POSE_ESTIMATE,estimated,-1.6124559769845752,9.385823387280984,1.5573420391813149,0.18706384814454277,-0.23240052605498313,-0.46153383223931993
195363,1789028292541000000,14,HEAD_POSE_ESTIMATE,estimated,-1.557346436203058,9.523048734027094,1.5981502285092741,0.17338650235407824,-0.23907593261175333,-0.4051128932972397
208363,1789028292554000000,15,HEAD_POSE_ESTIMATE,estimated,-1.5270263721583197,9.676179421135544,1.6129100554628195,0.15426646100696428,-0.21464102506096117,-0.29413404686978456
223363,1789028292569000000,16,HEAD_POSE_ESTIMATE,estimated,-1.4462584132395193,9.80822362877649,1.6002858647253104,0.16196053851225342,-0.19913253487015836,-0.18519482290379247
236363,1789028292582000000,17,HEAD_POSE_ESTIMATE,estimated,-1.3641653895234778,9.881254306963848,1.6169591395464182,0.16957563058809796,-0.19118538299062193,-0.10094013399378535
251363,1789028292597000000,18,HEAD_POSE_ESTIMATE,estimated,-1.2997220175099904,9.934923757776156,1.6417787696067752,0.16303375255829955,-0.19177278746171061,-0.05414334152864758
264363,1789028292610000000,19,HEAD_POSE_ESTIMATE,estimated,-1.3054321967427605,10.035834236396012,1.6002196398403072,0.15042182492072928,-0.19552155128089746,-0.04047419816687149
277363,1789028292623000000,20,HEAD_POSE_ESTIMATE,estimated,-1.241696094961326,10.16039775584989,1.599342748276802,0.13358421541575755,-0.2009667381135678,-0.05258125884621258
291363,1789028292637000000,21,HEAD_POSE_ESTIMATE,estimated,-1.2338039380701467,10.261577519139632,1.4961709778443548,0.12356158455422742,-0.2003579988464443,-0.06252997750566512
305363,1789028292651000000,22,HEAD_POSE_ESTIMATE,estimated,-1.1689103501567892,10.316321699864472,1.4097672392845637,0.12912921746604136,-0.1907274366016313,-0.06996079280913312
319363,1789028292665000000,23,HEAD_POSE_ESTIMATE,estimated,-1.054828001837154,10.27916439093559,1.400851841905021,0.13673020094962707,-0.17653404457274832,-0.0921834102300667
333363,1789028292679000000,24,HEAD_POSE_ESTIMATE,estimated,-0.9363712595160969,10.227847458003518,1.410965341479831,0.13683986002740056,-0.16115994999181937,-0.11831319162646524
347363,1789028292693000000,25,HEAD_POSE_ESTIMATE,estimated,-0.8288089912152106,10.12416265680029,1.3851939016744588,0.12487507018008608,-0.15099899068184564,-0.13864302922439256
361363,1789028292707000000,26,HEAD_POSE_ESTIMATE,estimated,-0.711630386239716,10.039454650018868,1.3819277779545396,0.10249549597184669,-0.1478088008954504,-0.15695564286189564
374363,1789028292720000000,27,HEAD_POSE_ESTIMATE,estimated,-0.6674346468836123,9.94565175406492,1.3745783994270635,0.07997831572429871,-0.14189570051859995,-0.16448397164344383
389363,1789028292735000000,28,HEAD_POSE_ESTIMATE,estimated,-0.6065397693377962,9.818009700503312,1.3869266155851223,0.05884830801715571,-0.13097696937612238,-0.14872572499080308
403363,1789028292749000000,29,HEAD_POSE_ESTIMATE,estimated,-0.508450944770845,9.676638935034893,1.413659156942215,0.049623233963620055,-0.11987266816089008,-0.13097505414102778
417363,1789028292763000000,30,HEAD_POSE_ESTIMATE,estimated,-0.37894199777444737,9.481692230831376,1.4644777840751362,0.03930665321337733,-0.1118809443956982,-0.11855285076204847
431363,1789028292777000000,31,HEAD_POSE_ESTIMATE,estimated,0.17789860241604843,9.4234681831894,1.7952738032961923,0.03905942781759917,-0.10077592567642288,-0.1079973925494165
445363,1789028292791000000,32,HEAD_POSE_ESTIMATE,estimated,-0.005067523059796797,9.415670524110011,1.6874836541838056,0.03214558419139721,-0.08887943077705127,-0.10487182602620973
459363,1789028292805000000,33,HEAD_POSE_ESTIMATE,estimated,-0.21942492318354603,9.444417489195628,1.5786882508555788,0.029250994036359917,-0.08046815798880119,-0.11196561482157688
473363,1789028292819000000,34,HEAD_POSE_ESTIMATE,estimated,-0.4020728824496538,9.5020102935702,1.4513406735415626,0.026489840119884547,-0.07923261860340967,-0.13782606578422074
487363,1789028292833000000,35,HEAD_POSE_ESTIMATE,estimated,-0.5199740620677297,9.574020588583792,1.337846304225562,0.02786563063944067,-0.08132497805849069,-0.16954906739390313
501363,1789028292847000000,36,HEAD_POSE_ESTIMATE,estimated,-0.5237450594024111,9.635663079350225,1.335831445052264,0.03816770885902665,-0.08487167533720405,-0.19063876214124473
515363,1789028292861000000,37,HEAD_POSE_ESTIMATE,estimated,-0.5394627647408202,9.682642739044617,1.3312326473993104,0.04027529699467863,-0.09115738630327651,-0.1974405426464909
543363,1789028292889000000,38,HEAD_POSE_ESTIMATE,estimated,-0.4262369568464071,9.767267552658904,1.4095477496313311,0.009185188764140782,-0.10916554951879831,-0.17679361712785094
557363,1789028292903000000,39,HEAD_POSE_ESTIMATE,estimated,-0.35915641680674437,9.811428244083062,1.4541168892940584,-0.01236056217398662,-0.11858635433192756,-0.15488274618410156
567363,1789028292913000000,40,HEAD_POSE_ESTIMATE,estimated,-0.30531542477548607,9.837665835873452,1.4454943052434546,-0.033311743737210964,-0.12525163274393794,-0.13314577604472094
581363,1789028292927000000,41,HEAD_POSE_ESTIMATE,estimated,-0.14537233599409488,9.850850126011096,1.4793377818635327,-0.04659874647684841,-0.12768441498568903,-0.10710281150430127
595363,1789028292941000000,42,HEAD_POSE_ESTIMATE,estimated,0.02670093361305359,9.821331765326708,1.53343193749725,-0.04739094441070167,-0.12380248104743785,-0.08630957261128876
610363,1789028292956000000,43,HEAD_POSE_ESTIMATE,estimated,0.2035925365770106,9.758006262738581,1.6043962267583936,-0.04236749864089405,-0.11606199026422023,-0.07345210697529145
623363,1789028292969000000,44,HEAD_POSE_ESTIMATE,estimated,0.3786930763155969,9.715913093675304,1.6692775738907204,-0.02987427368064343,-0.10684309312991179,-0.06260060806425972
637363,1789028292983000000,45,HEAD_POSE_ESTIMATE,estimated,0.9480563760882541,9.713253911697945,1.970194385133485,-0.02080249186928567,-0.09402007094154992,-0.05230455162139827
651363,1789028292997000000,46,HEAD_POSE_ESTIMATE,estimated,0.592755683742904,9.664594595870387,1.692807872080989,-0.02432651547088015,-0.09095184964060411,-0.04186087791525315
665363,1789028293011000000,47,HEAD_POSE_ESTIMATE,estimated,0.0941878461237905,9.639808436202367,1.3508775218635654,-0.02380357700637584,-0.09743878046701097,-0.04165770221244809
679363,1789028293025000000,48,HEAD_POSE_ESTIMATE,estimated,-0.022353405501708723,9.580333154450344,1.1871604941397103,-0.04164372254886834,-0.10067860617431251,-0.02957291692669429
693363,1789028293039000000,49,HEAD_POSE_ESTIMATE,estimated,-0.009440570744416288,9.497514978975053,1.1068384699943628,-0.07427828448505233,-0.10193280033562428,-0.00646626816480943
707363,1789028293053000000,50,HEAD_POSE_ESTIMATE,estimated,-0.0022325517653974947,9.408367510764787,1.0453876675350227,-0.12074654579636851,-0.10528514259234635,0.011503928597105717
721363,1789028293067000000,51,HEAD_POSE_ESTIMATE,estimated,-0.013547457046506395,9.330226707038634,0.9960935692063572,-0.1853511465844785,-0.10217519304682712,0.028786244470751805
735363,1789028293081000000,52,HEAD_POSE_ESTIMATE,estimated,-0.06745075640480891,9.266691368408,0.9613258477498694,-0.25709341474695074,-0.09053203451977548,0.048095746611481034
749363,1789028293095000000,53,HEAD_POSE_ESTIMATE,estimated,-0.08658615629694955,9.227235543712077,0.9626022994956963,-0.32900615077257467,-0.07534636703813966,0.06817693971065827
763363,1789028293109000000,54,HEAD_POSE_ESTIMATE,estimated,-0.12944684004513446,9.168518194947268,0.9322750002331099,-0.3955064512752385,-0.04843508018465974,0.09334606521103661
778363,1789028293124000000,55,HEAD_POSE_ESTIMATE,estimated,-0.14121861584424544,9.126248362454078,0.9592208518022246,-0.4632063701887145,-0.013090972877312071,0.12675902326737273
791363,1789028293137000000,56,HEAD_POSE_ESTIMATE,estimated,-0.17685135589139445,9.09578571214912,0.9394504959475527,-0.5166915513587165,0.03182599328956963,0.1631355290281358
806363,1789028293152000000,57,HEAD_POSE_ESTIMATE,estimated,-0.23326767190187664,9.06335637309349,0.9179174858730891,-0.5830632834554121,0.07861203352743538,0.20749200471492155
820363,1789028293166000000,58,HEAD_POSE_ESTIMATE,estimated,-0.27081257655240687,9.041887567023986,0.9304957460379153,-0.648921693715626,0.1339924153460027,0.24601969725109904
834363,1789028293180000000,59,HEAD_POSE_ESTIMATE,estimated,-0.31280237328895855,9.050776590136318,0.962589443130824,-0.7142562301413221,0.19390511662507656,0.277698739700671
848363,1789028293194000000,60,HEAD_POSE_ESTIMATE,estimated,-0.34180637780038725,9.110578565864628,1.0159443251163358,-0.7811847601553947,0.24848540968792537,0.2990747499063626
863363,1789028293209000000,61,HEAD_POSE_ESTIMATE,estimated,-0.36271876754885757,9.184073980970412,1.1183889583886701,-0.8383442274989312,0.31438603138439475,0.3064186595262276
876363,1789028293222000000,62,HEAD_POSE_ESTIMATE,estimated,-0.37359674259751124,9.251200232078526,1.2338920401471054,-0.8812874661680946,0.37321860290346354,0.2984103046509888
891363,1789028293237000000,63,HEAD_POSE_ESTIMATE,estimated,-0.3805477071599929,9.330683465974355,1.3761937254400407,-0.9128011556516532,0.4526991046810184,0.28799467857976135
904363,1789028293250000000,64,HEAD_POSE_ESTIMATE,estimated,-0.327829119300297,9.381699941121637,1.5634439226756651,-0.9240286204703666,0.518927341290696,0.2728746683327759
917363,1789028293263000000,65,HEAD_POSE_ESTIMATE,estimated,-0.3105968592368772,9.438967088151067,1.7253841886996257,-0.9016250368324176,0.5866139102790076,0.25730000984402723
931363,1789028293277000000,66,HEAD_POSE_ESTIMATE,estimated,-0.3279964213207976,9.487623146529536,1.835347034320883,-0.8506591474407998,0.6632412199810749,0.2521586671541171
945363,1789028293291000000,67,HEAD_POSE_ESTIMATE,estimated,-0.36038410988205444,9.507497848019158,1.975224727530016,-0.7750616534928201,0.7339341214628555,0.2533936553945223
959363,1789028293305000000,68,HEAD_POSE_ESTIMATE,estimated,-0.3584474743330426,9.52589150938496,2.1738430965194127,-0.6915422091722196,0.8080923175680421,0.2707316109600958
973363,1789028293319000000,69,HEAD_POSE_ESTIMATE,estimated,-0.35624358886780366,9.54838894633704,2.344462970826182,-0.6117445061104836,0.8846430347124341,0.30409864459355435
987363,1789028293333000000,70,HEAD_POSE_ESTIMATE,estimated,-0.29262580664861226,9.631103491951006,2.520936027620786,-0.5539416669800157,0.9636940203070666,0.3475010088855466
1001363,1789028293347000000,71,HEAD_POSE_ESTIMATE,estimated,-0.26385155637431845,9.776339307372629,2.626630562084707,-0.49212931291776213,1.033398517296388,0.39317804555417046
1017363,1789028293363000000,72,HEAD_POSE_ESTIMATE,estimated,-0.2188123579524198,9.921969602855611,2.6421609656027893,-0.44176081627562086,1.1163559818397757,0.4431786403958944
1030363,1789028293376000000,73,HEAD_POSE_ESTIMATE,estimated,-0.14468501486447893,10.012544175008255,2.7257657405972266,-0.39165860732668867,1.1954071794227108,0.48560356061840715
1042363,1789028293388000000,74,HEAD_POSE_ESTIMATE,estimated,-0.06574578226696493,10.084155685881877,2.8595546827514156,-0.3386265235065108,1.2594657885605847,0.5236775634925523
1056363,1789028293402000000,75,HEAD_POSE_ESTIMATE,estimated,0.04991413489402957,10.136369083746459,3.026231658556701,-0.26590324874532806,1.3335051946156233,0.5542915503986694
1071363,1789028293417000000,76,HEAD_POSE_ESTIMATE,estimated,0.18127948310255781,10.153658271481182,3.226474191366299,-0.1760216927548926,1.3981732601528971,0.5690587779998858
1084363,1789028293430000000,77,HEAD_POSE_ESTIMATE,estimated,0.25659410602263155,10.072495932308827,3.4315409536156887,-0.07450670833232298,1.4418673800083686,0.5816131734379464
1100363,1789028293446000000,78,HEAD_POSE_ESTIMATE,estimated,0.3404664060609466,9.979250332582446,3.6325271751754507,0.04146825397472184,1.4670819382447724,0.5745857552985943
1111363,1789028293457000000,79,HEAD_POSE_ESTIMATE,estimated,0.3999140125376724,9.912439065385183,3.8003850712053975,0.11755353480430564,1.4568827004033973,0.5489958272344522
1125363,1789028293471000000,80,HEAD_POSE_ESTIMATE,estimated,0.436733786896895,9.909646595806798,3.959196199179151,0.18864969206523982,1.4394655280258424,0.4929210243168184
1139363,1789028293485000000,81,HEAD_POSE_ESTIMATE,estimated,0.3776489227618094,9.883117356890189,4.045752096811288,0.19585582122557466,1.392576865518012,0.42035871911188677
1153363,1789028293499000000,82,HEAD_POSE_ESTIMATE,estimated,0.3014451768080191,9.851346400108744,4.130377117639627,0.16448037385800182,1.3183785113075062,0.34172384065221784
1167363,1789028293513000000,83,HEAD_POSE_ESTIMATE,estimated,0.21741964253147622,9.787313759288628,4.249095098387494,0.10394011368002219,1.233167977192731,0.2639043931468681
1181363,1789028293527000000,84,HEAD_POSE_ESTIMATE,estimated,0.15054580522689714,9.756698130814945,4.356201394625912,0.023707715514213527,1.1308147459527034,0.1882393369733432
1195363,1789028293541000000,85,HEAD_POSE_ESTIMATE,estimated,0.043902387950815136,9.734174322357308,4.410165928048672,-0.06245371869394081,1.0317271743655647,0.12657267316793147
1209363,1789028293555000000,86,HEAD_POSE_ESTIMATE,estimated,-0.0380850536385926,9.744728272334294,4.464040509169852,-0.12081741536397482,0.9363356229308658,0.09110484337964944
1223363,1789028293569000000,87,HEAD_POSE_ESTIMATE,estimated,-0.13931883675383622,9.682311325209888,4.3535109997514425,-0.14248453117120174,0.8738732224595294,0.09195992203140013
1237363,1789028293583000000,88,HEAD_POSE_ESTIMATE,estimated,-0.18004431585371578,9.523939718534846,4.299765021176428,-0.12075063186198823,0.8119596371300408,0.11278269700912796
1251363,1789028293597000000,89,HEAD_POSE_ESTIMATE,estimated,-0.19890495353652055,9.368296378388104,4.233856630936244,-0.07748138601861687,0.7550773716179878,0.14661189365814595
1265363,1789028293611000000,90,HEAD_POSE_ESTIMATE,estimated,-0.2196795381703498,9.172492379506044,4.150484928087349,-0.013854582964234806,0.7187751218344197,0.1932789868951682
1279363,1789028293625000000,91,HEAD_POSE_ESTIMATE,estimated,-0.22534565474791932,8.931787055702808,4.0403938612030785,0.0537430526732472,0.6819563444791534,0.23970683125627226
1293363,1789028293639000000,92,HEAD_POSE_ESTIMATE,estimated,-0.22996048969151356,8.681187823276218,3.917805714774449,0.11250677503289482,0.6431395082874696,0.2777179470228278
1307363,1789028293653000000,93,HEAD_POSE_ESTIMATE,estimated,-0.21488300703762392,8.447259306977354,3.7772138821500203,0.1547335517995061,0.5860298744537965,0.28630355485710035
1321363,1789028293667000000,94,HEAD_POSE_ESTIMATE,estimated,-0.1991052388244287,8.272163441761021,3.6549762514675033,0.19638859482937304,0.5327415093531623,0.283732754701738
1336363,1789028293682000000,95,HEAD_POSE_ESTIMATE,estimated,-0.17410476369101152,8.1446380942037,3.5197108238565518,0.23418929872931618,0.46381241242420956,0.2653657578219143
1349363,1789028293695000000,96,HEAD_POSE_ESTIMATE,estimated,-0.16983137012519559,8.097839310389414,3.4431230672843216,0.2523866400972626,0.3728229704513976,0.23280379936446824
1363363,1789028293709000000,97,HEAD_POSE_ESTIMATE,estimated,-0.17728046134859285,8.015554471890647,3.416458730913584,0.25842425479669706,0.2858942546665293,0.18935994042057203
1377363,1789028293723000000,98,HEAD_POSE_ESTIMATE,estimated,-0.19318521422371318,7.987918835253415,3.4418182226436813,0.2546267532378518,0.18858621026457664,0.14298573395772093
1391363,1789028293737000000,99,HEAD_POSE_ESTIMATE,estimated,-0.2179565108847901,7.99891480832924,3.432990617722661,0.24147574523410062,0.07965333628938331,0.10414798222300134
1405363,1789028293751000000,100,HEAD_POSE_ESTIMATE,estimated,-0.27076891680010146,8.094698624726798,3.487717554433091,0.23576727292532657,-0.019159441809667232,0.09354890797193387
1419363,1789028293765000000,101,HEAD_POSE_ESTIMATE,estimated,-0.35260098220320446,8.22836247779505,3.569472116205929,0.21991454531562243,-0.11786259236902406,0.09931606502826304
1433363,1789028293779000000,102,HEAD_POSE_ESTIMATE,estimated,-0.44415851564381326,8.377429962526943,3.6995808430145085,0.17846841277468786,-0.21368048148442237,0.0953871467960161
1446363,1789028293792000000,103,HEAD_POSE_ESTIMATE,estimated,-0.543956255659108,8.549598000869565,3.8207807333626436,0.12351834429175929,-0.2957335737334865,0.09085831194715548
1460363,1789028293806000000,104,HEAD_POSE_ESTIMATE,estimated,-0.6447593562095728,8.793435302255089,3.930914469397628,0.044623500299124506,-0.37435333514042296,0.06262349501543689
1474363,1789028293820000000,105,HEAD_POSE_ESTIMATE,estimated,-0.699703245823363,9.051813650819453,4.0640701133034725,-0.03725018913185083,-0.4514874769309686,0.020004656579397474
1489363,1789028293835000000,106,HEAD_POSE_ESTIMATE,estimated,-0.7760124805447228,9.253535449337463,4.236172812217214,-0.10532074498116137,-0.5346244647795823,-0.05026473929974166
1501363,1789028293847000000,107,HEAD_POSE_ESTIMATE,estimated,-0.835449998431626,9.40852688047382,4.352648197333831,-0.14924681211847898,-0.5897974197081798,-0.10771021013484833
1515363,1789028293861000000,108,HEAD_POSE_ESTIMATE,estimated,-0.9144132560312029,9.520707507410973,4.541384301303277,-0.1900520238449552,-0.6553026056758021,-0.17044773956301837
1529363,1789028293875000000,109,HEAD_POSE_ESTIMATE,estimated,-0.9655968119962792,9.606885395838589,4.662720569069041,-0.23578302140040353,-0.7181290863213298,-0.22789417181561547
1543363,1789028293889000000,110,HEAD_POSE_ESTIMATE,estimated,-0.9843460261391358,9.664413255497118,4.726907346481,-0.2742487021031707,-0.7810549028872514,-0.25522163701422323
1557363,1789028293903000000,111,HEAD_POSE_ESTIMATE,estimated,-0.9822486168162792,9.673929203393651,4.75580906622487,-0.295323626309251,-0.8284659389515995,-0.23646727507810786
1571363,1789028293917000000,112,HEAD_POSE_ESTIMATE,estimated,-0.938587364334052,9.638433275007742,4.743928838207844,-0.2855252265267588,-0.8570635362865766,-0.17693481576674913
1585363,1789028293931000000,113,HEAD_POSE_ESTIMATE,estimated,-0.917646446158203,9.56656263773584,4.7017443596771855,-0.2455597239282332,-0.8818632847390069,-0.09325577013569192
1600363,1789028293946000000,114,HEAD_POSE_ESTIMATE,estimated,-0.8376265442391309,9.402303306694055,4.613086394153413,-0.18284389273793428,-0.8846091597100906,0.021757589734791093
1612363,1789028293958000000,115,HEAD_POSE_ESTIMATE,estimated,-0.795755932880631,9.256686456651344,4.481849061264373,-0.11748856716342254,-0.8751563602324561,0.09723953856848472
1627363,1789028293973000000,116,HEAD_POSE_ESTIMATE,estimated,-0.7891156158829172,9.073400204294929,4.310988124887896,-0.049746013896918344,-0.8557115954107385,0.13236053803161527
1641363,1789028293987000000,117,HEAD_POSE_ESTIMATE,estimated,-0.7536267907920473,8.941414627757158,4.0669194343630295,0.019932373487333736,-0.8243732356196495,0.12892523256140487
1655363,1789028294001000000,118,HEAD_POSE_ESTIMATE,estimated,-0.7354910669156748,8.835917190387967,3.8175187968438284,0.0950082755603095,-0.7876039117072343,0.07711136101509346
1669363,1789028294015000000,119,HEAD_POSE_ESTIMATE,estimated,-0.7191910922907911,8.874403174135608,3.555765145126934,0.16128170761984278,-0.7606638071006842,-0.018853301333716023
1683363,1789028294029000000,120,HEAD_POSE_ESTIMATE,estimated,-0.6965934433328672,8.943666520507074,3.342590034910756,0.21991755043559988,-0.7302690158742559,-0.12240010507272589
1696363,1789028294042000000,121,HEAD_POSE_ESTIMATE,estimated,-0.6692656785789888,9.018062817919981,3.2033090686493026,0.2575909309648626,-0.7035205614425385,-0.22049322306182273
1711363,1789028294057000000,122,HEAD_POSE_ESTIMATE,estimated,-0.7141045513949176,9.119379834389479,3.089210289851345,0.272723572463349,-0.6869146171612387,-0.3135146654198979
1725363,1789028294071000000,123,HEAD_POSE_ESTIMATE,estimated,-0.7631435129989302,9.372297191376235,2.9822129743903094,0.27329296771586586,-0.6743701923093421,-0.37675795468590595
1738363,1789028294084000000,124,HEAD_POSE_ESTIMATE,estimated,-0.7844664165192117,9.652832262758094,2.9088283738082183,0.24987941737861347,-0.6606224355968308,-0.41985282868899243
1751363,1789028294097000000,125,HEAD_POSE_ESTIMATE,estimated,-0.7770184950450715,9.94336695266811,2.8394018537721557,0.22724893029414178,-0.6540583788837283,-0.43411447840795353
1765363,1789028294111000000,126,HEAD_POSE_ESTIMATE,estimated,-0.7352258891630408,10.154487381912883,2.7994666978965816,0.19520923572293694,-0.6520499364187247,-0.4519488755932171
1780363,1789028294126000000,127,HEAD_POSE_ESTIMATE,estimated,-0.6972920308085622,10.318683360896829,2.763069413072966,0.17255716125106033,-0.6522726844985994,-0.4560060863484624
1794363,1789028294140000000,128,HEAD_POSE_ESTIMATE,estimated,-0.6669439691943846,10.385079169904474,2.748149092941292,0.15100347346570525,-0.6575382088507284,-0.45296902582435805
1808363,1789028294154000000,129,HEAD_POSE_ESTIMATE,estimated,-0.6602605108765567,10.315447616330957,2.766760206735032,0.13473018610127116,-0.6705994009321885,-0.45220037188029033
1822363,1789028294168000000,130,HEAD_POSE_ESTIMATE,estimated,-0.6625372062701924,10.17559624343201,2.7789521746916424,0.12329253456623762,-0.6735425047470337,-0.461489412117964
1835363,1789028294181000000,131,HEAD_POSE_ESTIMATE,estimated,-0.690242967135775,9.971482257819064,2.821032181232216,0.12106161826818997,-0.6762865814679772,-0.45402083015773476
1848363,1789028294194000000,132,HEAD_POSE_ESTIMATE,estimated,-0.6938740975152936,9.734238350704365,2.8021197628377514,0.12748292934844285,-0.6729716455087504,-0.4308667322652346
1863363,1789028294209000000,133,HEAD_POSE_ESTIMATE,estimated,-0.6363431597098138,9.451873901320266,2.778618491803673,0.14410406109514312,-0.6595750617748992,-0.4012762288411461
1877363,1789028294223000000,134,HEAD_POSE_ESTIMATE,estimated,-0.566967350861284,9.205811483555216,2.7377912809594043,0.16256748317860206,-0.6318717832618896,-0.3627929738960086
1890363,1789028294236000000,135,HEAD_POSE_ESTIMATE,estimated,-0.5557271465947834,9.019604613848553,2.7099859065177174,0.18514511886023233,-0.5911685171428598,-0.3214642799917846
1904363,1789028294250000000,136,HEAD_POSE_ESTIMATE,estimated,-0.5790046688080652,8.845582869255331,2.7144884945195726,0.20380521581013555,-0.5490157793698672,-0.28988131402525136
1919363,1789028294265000000,137,HEAD_POSE_ESTIMATE,estimated,-0.5866022113350793,8.726987509284282,2.736232085232652,0.20442845782348892,-0.5070735252391054,-0.2671920081418362
1932363,1789028294278000000,138,HEAD_POSE_ESTIMATE,estimated,-0.5935783561887122,8.698418716985408,2.751866555725475,0.1911723754934797,-0.47044664811279985,-0.25174099167874786
1946363,1789028294292000000,139,HEAD_POSE_ESTIMATE,estimated,-0.5757965579406386,8.751353149367928,2.7625382816993245,0.16093690576444203,-0.4407295323756204,-0.24327780415123
1960363,1789028294306000000,140,HEAD_POSE_ESTIMATE,estimated,-0.5311931168303734,8.812493005457132,2.781360377322627,0.14233458675795368,-0.40744917408593045,-0.2232462973671154
1976363,1789028294322000000,141,HEAD_POSE_ESTIMATE,estimated,-0.5591430668139329,8.87800874550117,2.8102762193363637,0.12155303483886065,-0.3637539245371058,-0.18747053530085778
1989363,1789028294335000000,142,HEAD_POSE_ESTIMATE,estimated,-0.5576042287534946,8.895824389716383,2.8284038293505134,0.12685455536793688,-0.33369575910717963,-0.1555077250995211
2001363,1789028294347000000,143,HEAD_POSE_ESTIMATE,estimated,-0.571607628395757,8.965182978961991,2.8564867467894275,0.13009147652959827,-0.31275833850828133,-0.13611707182808533
2014363,1789028294360000000,144,HEAD_POSE_ESTIMATE,estimated,-0.5377201432395488,9.03124344290331,2.8776226584048037,0.1492150774806489,-0.288422980824228,-0.1127694669362331
2029363,1789028294375000000,145,HEAD_POSE_ESTIMATE,estimated,-0.5017132289017787,9.09395517562469,2.872160138339263,0.18377849369751664,-0.25968023756128,-0.08869498657878337
2043363,1789028294389000000,146,HEAD_POSE_ESTIMATE,estimated,-0.4584000148660775,9.175938291608906,2.839961304495552,0.21769073345103282,-0.24087627025537525,-0.07651565367568659
2059363,1789028294405000000,147,HEAD_POSE_ESTIMATE,estimated,-0.376455696182607,9.262559250168467,2.768722758039789,0.2471404138562097,-0.22033169322544477,-0.06682921397810769
2073363,1789028294419000000,148,HEAD_POSE_ESTIMATE,estimated,-0.311932807975111,9.351076498546256,2.690611762913094,0.2698704208877714,-0.20959004996878267,-0.06658321250633563
2083363,1789028294429000000,149,HEAD_POSE_ESTIMATE,estimated,-0.25666748979937204,9.403664365905433,2.6211010497408953,0.27928835845041344,-0.2014005578209335,-0.06867971863910237
2095363,1789028294441000000,150,HEAD_POSE_ESTIMATE,estimated,-0.20358038120257343,9.46830268714825,2.544471593090443,0.26515431840016085,-0.1968050671686359,-0.06302745824439492
2109363,1789028294455000000,151,HEAD_POSE_ESTIMATE,estimated,-0.17173889341401788,9.512883181144154,2.456585428121879,0.24730804132150108,-0.19678339762509198,-0.06229567828497858
2123363,1789028294469000000,152,HEAD_POSE_ESTIMATE,estimated,-0.16026858418501846,9.563411607729893,2.36729216735415,0.20638464719970517,-0.19915928111599082,-0.05706139672690538
2137363,1789028294483000000,153,HEAD_POSE_ESTIMATE,estimated,-0.08158486015460525,9.577753423971483,2.2881798551770554,0.16832218862469717,-0.19179490449035738,-0.0433332468242517
2151363,1789028294497000000,154,HEAD_POSE_ESTIMATE,estimated,-0.027761206797008053,9.562045940507819,2.218522178185327,0.13675665212801766,-0.1828572637430181,-0.028287104167453492
2165363,1789028294511000000,155,HEAD_POSE_ESTIMATE,estimated,0.0003815301207366617,9.543421378130054,2.1334162259696363,0.11895276397083102,-0.16905943220105224,-0.011727862428628126
2179363,1789028294525000000,156,HEAD_POSE_ESTIMATE,estimated,-0.069730073180994,9.5367108748391,2.087193979272265,0.11404030670673854,-0.16410335515531807,-0.006002441757219199
2193363,1789028294539000000,157,HEAD_POSE_ESTIMATE,estimated,-0.1035138824211006,9.5423517359032,2.051464101199506,0.1129383865176503,-0.15878669536810286,-0.002464399544718897
2208363,1789028294554000000,158,HEAD_POSE_ESTIMATE,estimated,-0.15950560601844116,9.545824300172951,2.023989512575952,0.12403019552123754,-0.1583842928429242,-0.004047701533943063
2222363,1789028294568000000,159,HEAD_POSE_ESTIMATE,estimated,-0.1303959936542148,9.562071439940446,1.9953616892672335,0.1300981919354223,-0.15894485760575677,-0.006561525211193654
2236363,1789028294582000000,160,HEAD_POSE_ESTIMATE,estimated,-0.08479300143954449,9.587807559149773,1.9754810873992212,0.13975719501715375,-0.16075161508259642,-0.010608844854527734
2251363,1789028294597000000,161,HEAD_POSE_ESTIMATE,estimated,-0.070140419208861,9.623974485682545,1.9739354293839837,0.147916809999665,-0.16116658111641682,-0.013960691638177002
2264363,1789028294610000000,162,HEAD_POSE_ESTIMATE,estimated,-0.054565035706229725,9.648526235682274,1.9824214033207088,0.15758691471424263,-0.16095949957686012,-0.017335341515763915
2278363,1789028294624000000,163,HEAD_POSE_ESTIMATE,estimated,-0.031312518427361324,9.675775288509774,2.000774117302514,0.17295712343757141,-0.15909179787349687,-0.020463116986685192
2292363,1789028294638000000,164,HEAD_POSE_ESTIMATE,estimated,0.004661576708817006,9.704448012164733,2.0053611974535817,0.18099195714034516,-0.15479683994773374,-0.023517388432226272
2306363,1789028294652000000,165,HEAD_POSE_ESTIMATE,estimated,0.04974721321786735,9.731840496207129,1.9949578028101103,0.18402618003979004,-0.15342105621075527,-0.031225242630187795
2320363,1789028294666000000,166,HEAD_POSE_ESTIMATE,estimated,0.09821700032778152,9.746396693635312,1.9551450432565083,0.1818139296980061,-0.15203507056481003,-0.040243106376630394
2334363,1789028294680000000,167,HEAD_POSE_ESTIMATE,estimated,0.12225690137869943,9.74097786175305,1.8992032542924218,0.17846049059115227,-0.15096808321371716,-0.047086208848034904
2350363,1789028294696000000,168,HEAD_POSE_ESTIMATE,estimated,0.14106293232513434,9.708627600187219,1.8307794277002092,0.17249089269829246,-0.1519676420242858,-0.05401881075731419
2362363,1789028294708000000,169,HEAD_POSE_ESTIMATE,estimated,0.14059274581358855,9.677164071984063,1.781083657323342,0.1648444280724374,-0.15169382342871093,-0.0580794097809334
2375363,1789028294721000000,170,HEAD_POSE_ESTIMATE,estimated,0.12660574442800132,9.651254410425706,1.726958936231707,0.1574782295001591,-0.14901929744291575,-0.05785008051383631
2389363,1789028294735000000,171,HEAD_POSE_ESTIMATE,estimated,0.10237209007919484,9.647170114520586,1.6668711656244015,0.14966805358712226,-0.14415148445644851,-0.05436004758388476
2403363,1789028294749000000,172,HEAD_POSE_ESTIMATE,estimated,0.10571369709298256,9.642371088391581,1.614535905217847,0.14320970432103658,-0.13615431758667024,-0.046479271675745094
2417363,1789028294763000000,173,HEAD_POSE_ESTIMATE,estimated,0.11166245327219815,9.651563234144383,1.549424531430995,0.13887023143458113,-0.12248321377368437,-0.03432677937376619
2431363,1789028294777000000,174,HEAD_POSE_ESTIMATE,estimated,0.11819898272421614,9.686421963000113,1.4890016133244204,0.13579478921490967,-0.10695834654896517,-0.023091616403456017
2445363,1789028294791000000,175,HEAD_POSE_ESTIMATE,estimated,0.10789983068854925,9.735276201044588,1.4302916629337001,0.13244169058721195,-0.08753166737472641,-0.011156450656356997
2459363,1789028294805000000,176,HEAD_POSE_ESTIMATE,estimated,0.11374051530706641,9.769393687605962,1.392615361274626,0.1307185942644065,-0.06515974598098602,0.0007490447510571786
2472363,1789028294818000000,177,HEAD_POSE_ESTIMATE,estimated,0.0645741493123998,9.805602509700398,1.3622438639292933,0.12732608016923852,-0.04461058765413993,0.011337798070323061
2486363,1789028294832000000,178,HEAD_POSE_ESTIMATE,estimated,0.03653604534740573,9.844873718746761,1.343323607058966,0.12752238334680577,-0.021364482548401204,0.022336445635144305
2500363,1789028294846000000,179,HEAD_POSE_ESTIMATE,estimated,0.020356354003087218,9.882874371388434,1.3248779395647632,0.12315424720834658,0.003484118651595994,0.03423601726428978
2514363,1789028294860000000,180,HEAD_POSE_ESTIMATE,estimated,0.0179798090107256,9.909223517910664,1.295212231980623,0.12175308373884303,0.02833681172733666,0.04990203949442672
2528363,1789028294874000000,181,HEAD_POSE_ESTIMATE,estimated,0.024655123099878662,9.927602492250326,1.2613731373142312,0.12239194784479503,0.0524093007158297,0.06715902128593203
2543363,1789028294889000000,182,HEAD_POSE_ESTIMATE,estimated,0.03662388333466793,9.922478625947983,1.1854722551814598,0.11599728385191392,0.07370703449269733,0.08568788276268544
2556363,1789028294902000000,183,HEAD_POSE_ESTIMATE,estimated,0.054167214585913614,9.90216439315228,1.1151561934894825,0.10426250881953181,0.08863743731199343,0.1021285370610079
2573363,1789028294919000000,184,HEAD_POSE_ESTIMATE,estimated,0.0761438715621891,9.843772552933311,1.0092410811699672,0.07957233239525752,0.10513911339312276,0.1224009843851685
2584363,1789028294930000000,185,HEAD_POSE_ESTIMATE,estimated,0.07934515915279589,9.785433396114232,0.9493514049255569,0.06328391515530898,0.10608293345016147,0.13519304226825124
2597363,1789028294943000000,186,HEAD_POSE_ESTIMATE,estimated,0.08953785344914805,9.705717315405701,0.8844573477388985,0.03624845584204902,0.10689492618619886,0.14743849498948952
2611363,1789028294957000000,187,HEAD_POSE_ESTIMATE,estimated,0.08863414106616041,9.614834424019595,0.8239882408380909,-0.0037546425180563035,0.11331376316225109,0.15628711140181778
2625363,1789028294971000000,188,HEAD_POSE_ESTIMATE,estimated,0.08018396200471212,9.521466414822813,0.8142606278350677,-0.028941219397987866,0.10590727699837274,0.1556680164945587
2640363,1789028294986000000,189,HEAD_POSE_ESTIMATE,estimated,0.042878840853282224,9.426650880953698,0.7898209218410903,-0.06712589225605463,0.11360098570623414,0.1529451512359696
2652363,1789028294998000000,190,HEAD_POSE_ESTIMATE,estimated,0.011051835432980855,9.375611110539413,0.7920531806736063,-0.10841845166280326,0.1387902249835312,0.149183772086294
2667363,1789028295013000000,191,HEAD_POSE_ESTIMATE,estimated,-0.029208518980890275,9.286671794922846,0.8567281751403972,-0.15989960271309459,0.17696700558878958,0.13575026244830354
2680363,1789028295026000000,192,HEAD_POSE_ESTIMATE,estimated,-0.05492065414915437,9.207867698571155,0.9364717059476427,-0.225641571850165,0.23349153809321607,0.13041901033393336
2695363,1789028295041000000,193,HEAD_POSE_ESTIMATE,estimated,-0.13517741066701894,9.149046695597763,1.0794805040369915,-0.32853076081643035,0.3249743266129523,0.1435494685776584
2708363,1789028295054000000,194,HEAD_POSE_ESTIMATE,estimated,-0.1936012707741005,9.100987560526262,1.208917197769534,-0.4389927793323829,0.4279609117834315,0.16646713239028404
2723363,1789028295069000000,195,HEAD_POSE_ESTIMATE,estimated,-0.21493193239872627,9.055469189621682,1.3766178808722092,-0.5701772688903269,0.5483984720483353,0.19959566904848608
2738363,1789028295084000000,196,HEAD_POSE_ESTIMATE,estimated,-0.21441694909660325,9.015935184408091,1.6060286944170143,-0.6949090315968544,0.6868899785441372,0.24636839400464602
2749363,1789028295095000000,197,HEAD_POSE_ESTIMATE,estimated,-0.22097696979108594,8.998974599303361,1.7280347670849086,-0.7795798683242245,0.7990595231450419,0.2911309283170226
2764363,1789028295110000000,198,HEAD_POSE_ESTIMATE,estimated,-0.21041974956344417,8.991729097617474,1.8680247427806582,-0.8616550756072968,0.9461551278402477,0.35235278556397204
2778363,1789028295124000000,199,HEAD_POSE_ESTIMATE,estimated,-0.1516371586456215,9.000212412007919,2.1111111334218684,-0.916626458346039,1.094410844779311,0.4214318802233067
2792363,1789028295138000000,200,HEAD_POSE_ESTIMATE,estimated,-0.12492884077639411,9.023377086313104,2.263543328637478,-0.9360884459981491,1.2146881112651806,0.47599982462884144
2806363,1789028295152000000,201,HEAD_POSE_ESTIMATE,estimated,-0.09506516797579674,9.081549569190704,2.4003774015179453,-0.9334020775733884,1.3174624477914694,0.5179576102706068
2820363,1789028295166000000,202,HEAD_POSE_ESTIMATE,estimated,-0.06347422713135506,9.181778538624396,2.5239283260635985,-0.9066170592534913,1.4107614978194967,0.5537086973451497
2835363,1789028295181000000,203,HEAD_POSE_ESTIMATE,estimated,-0.02514699689580543,9.31829362768498,2.666013725608773,-0.8640446258266108,1.5000160933032318,0.5776854636927993
2849363,1789028295195000000,204,HEAD_POSE_ESTIMATE,estimated,-0.04606359663039642,9.56532978924588,2.85359037537271,-0.8369502556600507,1.5817399371165346,0.6081064151546136
2861363,1789028295207000000,205,HEAD_POSE_ESTIMATE,estimated,-0.05933766928503001,9.792305614629285,3.026766985397726,-0.8194479635256822,1.6303181829922326,0.6187146405869736
2875363,1789028295221000000,206,HEAD_POSE_ESTIMATE,estimated,-0.025041353919429583,9.97992453396438,3.2521553331428117,-0.8067302829322414,1.6716377489436802,0.6090402054867888
2891363,1789028295237000000,207,HEAD_POSE_ESTIMATE,estimated,0.005420761469121611,10.115498578880732,3.516278554811249,-0.8082698781858095,1.7182166001587296,0.582095287123564
2903363,1789028295249000000,208,HEAD_POSE_ESTIMATE,estimated,0.013310544876749732,10.068896288908226,3.7057519600528868,-0.8161068082662898,1.741245800942603,0.536269250807336
2916363,1789028295262000000,209,HEAD_POSE_ESTIMATE,estimated,0.006336783989933236,9.975887847318889,3.883199192895365,-0.7956906453216184,1.746368067913257,0.47842301393087233
2930363,1789028295276000000,210,HEAD_POSE_ESTIMATE,estimated,-0.012352583200035204,9.79171210502849,4.044374689702034,-0.7435140219364824,1.73952983677057,0.4182103855682102
2944363,1789028295290000000,211,HEAD_POSE_ESTIMATE,estimated,-0.02237749358674731,9.489582647394702,4.214564892324023,-0.6572889418060517,1.7392429559724478,0.3637971269550046
2958363,1789028295304000000,212,HEAD_POSE_ESTIMATE,estimated,-0.11354927328004628,9.11371744604519,4.307264251225456,-0.5622718167648482,1.7175434166445238,0.32379727843244166
2972363,1789028295318000000,213,HEAD_POSE_ESTIMATE,estimated,-0.1828901706655644,8.695294037459666,4.320568098030266,-0.46689413810876296,1.6912388111708068,0.30677922518800893
2986363,1789028295332000000,214,HEAD_POSE_ESTIMATE,estimated,-0.255603786619527,8.298893648795817,4.35140169827682,-0.35895360081314315,1.6708549460315778,0.3110028912826966
3000363,1789028295346000000,215,HEAD_POSE_ESTIMATE,estimated,-0.33954546715040046,7.959973414530528,4.381675132941545,-0.2704873279787123,1.6437298333181551,0.336489152151688
3015363,1789028295361000000,216,HEAD_POSE_ESTIMATE,estimated,-0.41774039268550867,7.721291488057227,4.297558804417641,-0.23914720144621723,1.6285087047949798,0.3791343097198128
3028363,1789028295374000000,217,HEAD_POSE_ESTIMATE,estimated,-0.5029646137984919,7.592738053594237,4.282564590330106,-0.24972138854820475,1.6165727844903577,0.43206463379610704
3042363,1789028295388000000,218,HEAD_POSE_ESTIMATE,estimated,-0.6086295285196464,7.511296363297641,4.293096893633342,-0.2909858270909739,1.5857780570786937,0.4751195710986879
3057363,1789028295403000000,219,HEAD_POSE_ESTIMATE,estimated,-0.7058725264523152,7.533594291073871,4.369969726416837,-0.36650149357734396,1.5578071792104187,0.5045397981788936
3070363,1789028295416000000,220,HEAD_POSE_ESTIMATE,estimated,-0.8218850597254035,7.625051237707227,4.481656625405337,-0.44056342301209456,1.527111027275958,0.4983098040870209
3083363,1789028295429000000,221,HEAD_POSE_ESTIMATE,estimated,-0.9046523715722894,7.7298320667294185,4.601475263548318,-0.5016587100084314,1.4967852381372944,0.486980979197992
3097363,1789028295443000000,222,HEAD_POSE_ESTIMATE,estimated,-0.9604720516574998,7.831805066605631,4.779689782507874,-0.5437716791861202,1.451299038516491,0.46769000866598825
3111363,1789028295457000000,223,HEAD_POSE_ESTIMATE,estimated,-1.026245997490428,7.978720841299766,4.949287011168837,-0.5680472030928339,1.394915534772882,0.44019061008089155
3125363,1789028295471000000,224,HEAD_POSE_ESTIMATE,estimated,-1.1080204508242784,8.16730873245364,5.08887256182321,-0.5608731369939897,1.334704655771876,0.4084829360887674
3139363,1789028295485000000,225,HEAD_POSE_ESTIMATE,estimated,-1.1801679131979568,8.42255721127119,5.214084513339708,-0.5602643828770504,1.2820067680320755,0.38183094556819064
3152363,1789028295498000000,226,HEAD_POSE_ESTIMATE,estimated,-1.246054880211466,8.66378418732011,5.3418683330656265,-0.5476646896845313,1.2207598211546027,0.3608758565181209
3167363,1789028295513000000,227,HEAD_POSE_ESTIMATE,estimated,-1.2736724462665978,8.920888818568066,5.474784073405776,-0.5477860863193116,1.1542332288860104,0.35443640336117094
3180363,1789028295526000000,228,HEAD_POSE_ESTIMATE,estimated,-1.2804883152892361,9.143106649699492,5.5744573114162135,-0.5392532201139977,1.1052300867283884,0.35713497788175064
3194363,1789028295540000000,229,HEAD_POSE_ESTIMATE,estimated,-1.2603779732911096,9.363972900871726,5.666256055324531,-0.5122353090326665,1.0552857243660312,0.3687132636955272
3208363,1789028295554000000,230,HEAD_POSE_ESTIMATE,estimated,-1.2344845349148839,9.518592772137344,5.7182035215496745,-0.48531676385250516,1.011694407551068,0.39028681416058136
3222363,1789028295568000000,231,HEAD_POSE_ESTIMATE,estimated,-1.2014091031949432,9.624690088581342,5.725604364085568,-0.42921944041131876,0.9649119944165163,0.4073642068460989
3236363,1789028295582000000,232,HEAD_POSE_ESTIMATE,estimated,-1.112747436868045,9.65206653359982,5.6961626248246295,-0.3450441945848553,0.92092962751495,0.4197852983539606
3251363,1789028295597000000,233,HEAD_POSE_ESTIMATE,estimated,-1.0100371659237246,9.60922211740861,5.615392582733842,-0.23565880664357278,0.864021088135746,0.4177080234563695
3264363,1789028295610000000,234,HEAD_POSE_ESTIMATE,estimated,-0.9189922568511059,9.481869830218049,5.554087377768441,-0.1331983406538813,0.8198910591296112,0.4096527103253813
3278363,1789028295624000000,235,HEAD_POSE_ESTIMATE,estimated,-0.8181730534381679,9.341936011276848,5.419818899883186,-0.02636751496319988,0.7594650115510408,0.388598240624668
3291363,1789028295637000000,236,HEAD_POSE_ESTIMATE,estimated,-0.7407657379063679,9.16214989804613,5.31611232553666,0.05165008685205362,0.7008721446581034,0.3661280266438033
3305363,1789028295651000000,237,HEAD_POSE_ESTIMATE,estimated,-0.6759124772405686,8.970153917867437,5.20739229384754,0.10732403300151812,0.6352935097328216,0.3411228846812192
3320363,1789028295666000000,238,HEAD_POSE_ESTIMATE,estimated,-0.6147088780602484,8.78376363757872,5.053545930568729,0.14156580500848595,0.5627787650271882,0.316113471188613
3333363,1789028295679000000,239,HEAD_POSE_ESTIMATE,estimated,-0.5796443437812779,8.631687176571251,4.950594159050542,0.15159657112298616,0.4929238937517173,0.2965312250670381
3347363,1789028295693000000,240,HEAD_POSE_ESTIMATE,estimated,-0.5822569920378589,8.552850841882702,4.827584574600734,0.14786036774933684,0.4174957178711938,0.2841298490240371
3361363,1789028295707000000,241,HEAD_POSE_ESTIMATE,estimated,-0.607447975794073,8.569114029301458,4.7237410209470285,0.14477724710832543,0.34772257992808553,0.27171254708028425
3375363,1789028295721000000,242,HEAD_POSE_ESTIMATE,estimated,-0.646718189636661,8.714557954183535,4.660137199965476,0.13641544603372419,0.2884782634857415,0.25762146001231895
3389363,1789028295735000000,243,HEAD_POSE_ESTIMATE,estimated,-0.6681548708040762,8.882946208596243,4.577328304398215,0.1417575920264796,0.2313605783321366,0.23665371724816084
3403363,1789028295749000000,244,HEAD_POSE_ESTIMATE,estimated,-0.7212989944917904,9.091976681332993,4.506477342593239,0.16404916455065732,0.18413962426130773,0.21533779185431404
3417363,1789028295763000000,245,HEAD_POSE_ESTIMATE,estimated,-0.7628516289398602,9.296068903003482,4.413124519913488,0.2119610264886454,0.13989004085499943,0.19177151900903877
3431363,1789028295777000000,246,HEAD_POSE_ESTIMATE,estimated,-0.8164811876897312,9.478938233414016,4.31325177395104,0.2922170819005466,0.09555446725123579,0.16278026652657646
3445363,1789028295791000000,247,HEAD_POSE_ESTIMATE,estimated,-0.846880990810885,9.626941780176121,4.238904962409849,0.38311729031201386,0.06821047985110469,0.1451984143234496
3458363,1789028295804000000,248,HEAD_POSE_ESTIMATE,estimated,-0.8806412299316,9.809164849178197,4.163450981414692,0.45238466430742913,0.05456099321155291,0.12605506153997875
3473363,1789028295819000000,249,HEAD_POSE_ESTIMATE,estimated,-0.816644002810456,9.73150351078586,4.100304951591323,0.5617934322911854,0.06319392945804828,0.12176659759245424
3487363,1789028295833000000,250,HEAD_POSE_ESTIMATE,estimated,-0.9022587716168844,9.8109532279595,3.9954993281627273,0.6105551445222199,0.0634276217499753,0.11718771144817923
3501363,1789028295847000000,251,HEAD_POSE_ESTIMATE,estimated,-0.9236279005409169,9.774216403975391,3.8465049327105842,0.6689963944094384,0.09366721430645543,0.11907701154066141
3515363,1789028295861000000,252,HEAD_POSE_ESTIMATE,estimated,-0.9456658862172143,9.635852025738401,3.7240371491927204,0.7176098299433875,0.13946249147774836,0.11974138887186757
3529363,1789028295875000000,253,HEAD_POSE_ESTIMATE,estimated,-0.9404098825617382,9.423332739315562,3.5825434269044902,0.7667617564325385,0.19195350128912458,0.10915995308832893
3543363,1789028295889000000,254,HEAD_POSE_ESTIMATE,estimated,-0.9085422024072771,9.161459824918131,3.452298936789686,0.7886236648957554,0.24511664138721695,0.0955623022416032
3560363,1789028295906000000,255,HEAD_POSE_ESTIMATE,estimated,-0.8977208463781781,8.844307943794222,3.2924893610397143,0.783655248414743,0.29137285809821684,0.08147482805737205
3583363,1789028295929000000,256,HEAD_POSE_ESTIMATE,estimated,-0.8945416233399606,8.540018787516006,3.120904719569626,0.7388775966777535,0.32470959562296997,0.05807434289434222
3596363,1789028295942000000,257,HEAD_POSE_ESTIMATE,estimated,-0.9061678727101004,8.499043998407446,2.9134858632094645,0.7002321225014608,0.3204753684475733,0.05176653458033422
3611363,1789028295957000000,258,HEAD_POSE_ESTIMATE,estimated,-0.8707023387291503,8.372475515909022,2.7899378940208575,0.6415429502956612,0.2953170592305477,0.05499754733652544
3624363,1789028295970000000,259,HEAD_POSE_ESTIMATE,estimated,-0.8493890332574654,8.335169956936888,2.6892604666515068,0.5662998361357932,0.25887453028838076,0.05767009572742316
3639363,1789028295985000000,260,HEAD_POSE_ESTIMATE,estimated,-0.7925490769426347,8.359748741510835,2.61264342311041,0.476021544956015,0.21074947035926825,0.06506188144174999
3653363,1789028295999000000,261,HEAD_POSE_ESTIMATE,estimated,-0.7444866693781891,8.465878158688147,2.5385183939670215,0.3888535835370072,0.16509893982066473,0.07563272609462365
3667363,1789028296013000000,262,HEAD_POSE_ESTIMATE,estimated,-0.6854634315953535,8.576024152732504,2.4983106944980116,0.3025366834362901,0.12515651781166306,0.08602703549457029
3681363,1789028296027000000,263,HEAD_POSE_ESTIMATE,estimated,-0.6290111269589441,8.685930565037241,2.5133032748981137,0.23291411759173083,0.09175509962431339,0.09710907197722582
3695363,1789028296041000000,264,HEAD_POSE_ESTIMATE,estimated,-0.6546201783224611,8.89133142681691,2.5457951340769074,0.22080241465491734,0.0832349310454945,0.10654899612007146
3709363,1789028296055000000,265,HEAD_POSE_ESTIMATE,estimated,-0.7098893623761457,9.11595652106556,2.568757878731763,0.24417278389561464,0.09589430512073321,0.11484456644502761
3723363,1789028296069000000,266,HEAD_POSE_ESTIMATE,estimated,-0.6477754662301601,9.213850946932498,2.6262324764751406,0.25566694751034996,0.10690446894136037,0.11593566972037647
3737363,1789028296083000000,267,HEAD_POSE_ESTIMATE,estimated,-0.6065802138033798,9.299003332507537,2.669266549785791,0.2620535312606561,0.11992955646289384,0.11367972333488906
3751363,1789028296097000000,268,HEAD_POSE_ESTIMATE,estimated,-0.579209918545478,9.350869930109914,2.6868227074097177,0.25425331663385864,0.13099088465212247,0.11098448044617504
3765363,1789028296111000000,269,HEAD_POSE_ESTIMATE,estimated,-0.5680232970725577,9.372059083723602,2.690652683289307,0.24645194250126606,0.14835669852720257,0.10342128629133097
3779363,1789028296125000000,270,HEAD_POSE_ESTIMATE,estimated,-0.5514491918258525,9.383656279825502,2.687368251521354,0.21922289747149895,0.16413277480555566,0.08880984524228827
3793363,1789028296139000000,271,HEAD_POSE_ESTIMATE,estimated,-0.532923103190592,9.38843738822282,2.700463643595114,0.16979169557789603,0.17349097757926665,0.0716527371715677
3807363,1789028296153000000,272,HEAD_POSE_ESTIMATE,estimated,-0.520353997824743,9.382693239386574,2.724691607915304,0.11828134871817873,0.18209653835223488,0.05463656237001873
3821363,1789028296167000000,273,HEAD_POSE_ESTIMATE,estimated,-0.4880148997834019,9.375791256003676,2.733195826692264,0.06276322711120369,0.1851088281759618,0.04415312333755377
3838363,1789028296184000000,274,HEAD_POSE_ESTIMATE,estimated,-0.4404520738742207,9.338415503319226,2.7619142799061605,0.006081716327972559,0.17893599752200504,0.03895124650984911
3850363,1789028296196000000,275,HEAD_POSE_ESTIMATE,estimated,-0.41146197226598014,9.307263912604158,2.77301734366308,-0.029488456406958668,0.1706622495648972,0.043888033215803465
3861363,1789028296207000000,276,HEAD_POSE_ESTIMATE,estimated,-0.38332888379078567,9.28950640717848,2.7754406842407353,-0.05118983290465993,0.15886856209778097,0.04979694846677411
3874363,1789028296220000000,277,HEAD_POSE_ESTIMATE,estimated,-0.34816491656690174,9.25010906261952,2.809284269446579,-0.06265257831399522,0.14150384059204302,0.055610535354031994
3889363,1789028296235000000,278,HEAD_POSE_ESTIMATE,estimated,-0.2985837579043192,9.192818630094056,2.8685016871176385,-0.060709551884951335,0.12455039930474068,0.05786569740318517
3903363,1789028296249000000,279,HEAD_POSE_ESTIMATE,estimated,-0.2506518816066545,9.140188624847385,2.916736192316075,-0.06466574417429383,0.10296273247006711,0.05718854718203915
3916363,1789028296262000000,280,HEAD_POSE_ESTIMATE,estimated,-0.18945872651313106,9.105834861060531,2.9653257416154606,-0.07701304400695803,0.08307427161710108,0.05306861708978851
3931363,1789028296277000000,281,HEAD_POSE_ESTIMATE,estimated,-0.12646335617522414,9.08381814731974,3.020483640738933,-0.09344458742872716,0.05590750756090581,0.04841992615240218
3945363,1789028296291000000,282,HEAD_POSE_ESTIMATE,estimated,-0.06557603788640742,9.093540135849377,3.0844713830814623,-0.12529679860260962,0.035075527581287305,0.0438859203138454
3959363,1789028296305000000,283,HEAD_POSE_ESTIMATE,estimated,-0.058233270262426695,9.108488593785106,3.1077148419907923,-0.1441729232911603,0.010848169409063588,0.038829367708445355
3973363,1789028296319000000,284,HEAD_POSE_ESTIMATE,estimated,-0.027795744175635018,9.146049424515843,3.184189638285166,-0.17543478223871778,-0.014028254972070185,0.03588732396499623
3987363,1789028296333000000,285,HEAD_POSE_ESTIMATE,estimated,-0.02912517708813489,9.207171262220452,3.1619702747561265,-0.19465502132455376,-0.028445877899041596,0.03206189587302206
4001363,1789028296347000000,286,HEAD_POSE_ESTIMATE,estimated,-0.01342189801054433,9.267450806957157,3.1907419234037624,-0.2103458244346237,-0.05316367269022664,0.028482713484233528
4015363,1789028296361000000,287,HEAD_POSE_ESTIMATE,estimated,-0.004234606849838951,9.34003975508283,3.2059311712595,-0.21881633942928985,-0.09351145375210533,0.021435862161449222
4029363,1789028296375000000,288,HEAD_POSE_ESTIMATE,estimated,-0.007830514208852113,9.410519809170285,3.209814740067737,-0.2245788368302493,-0.14071106185744714,0.010809604174159042
4043363,1789028296389000000,289,HEAD_POSE_ESTIMATE,estimated,0.0008027428868354614,9.446626499894082,3.2277671085448905,-0.22072380609146733,-0.20331144470629747,-0.01124198233878986
4061363,1789028296407000000,290,HEAD_POSE_ESTIMATE,estimated,0.006565833720438785,9.442086005488116,3.245454078386817,-0.20093471881105895,-0.3036458804473913,-0.04765087307033704
4083363,1789028296429000000,291,HEAD_POSE_ESTIMATE,estimated,-0.019517855832191955,9.428220439559203,3.229719082059451,-0.16460062600987557,-0.41914393898383606,-0.08485851240827388
4096363,1789028296442000000,292,HEAD_POSE_ESTIMATE,estimated,-0.03384103154681112,9.376786189871785,3.2750686295437927,-0.14070578514294377,-0.49354737662099163,-0.09680480405412516
4110363,1789028296456000000,293,HEAD_POSE_ESTIMATE,estimated,-0.05824295918458916,9.323160772846848,3.314986845502232,-0.12370432546187812,-0.5691267723836589,-0.09857921639537168
4124363,1789028296470000000,294,HEAD_POSE_ESTIMATE,estimated,-0.08554731840309726,9.265233221118581,3.3528683605943055,-0.10528996063820067,-0.6301365116339778,-0.08568265352189265
4138363,1789028296484000000,295,HEAD_POSE_ESTIMATE,estimated,-0.10014535417421061,9.22005660157522,3.3802514745982655,-0.09421269055852645,-0.6774449402095527,-0.06850394845316098
4153363,1789028296499000000,296,HEAD_POSE_ESTIMATE,estimated,-0.11358564863036291,9.17138973981474,3.4177657197682083,-0.08786671693955786,-0.703727808064857,-0.05643446848613252
4169363,1789028296515000000,297,HEAD_POSE_ESTIMATE,estimated,-0.1251953482596545,9.129163126383972,3.454639310566903,-0.08709406531826518,-0.7185802088301153,-0.046628882010486664
4181363,1789028296527000000,298,HEAD_POSE_ESTIMATE,estimated,-0.14584302500111673,9.125329774557327,3.443849636995701,-0.09481136660903851,-0.7256288361069363,-0.05881912110286967
4194363,1789028296540000000,299,HEAD_POSE_ESTIMATE,estimated,-0.15284887453317425,9.08804186219751,3.4755337764596814,-0.10351925184766611,-0.7158289667063114,-0.0699049065619597
4209363,1789028296555000000,300,HEAD_POSE_ESTIMATE,estimated,-0.2162926397400403,9.087642390746382,3.4383106903305407,-0.12412569278578216,-0.725772565836489,-0.1038657134463963
4223363,1789028296569000000,301,HEAD_POSE_ESTIMATE,estimated,-0.2373631726265833,9.085270636516638,3.4882212165426782,-0.13653414709219075,-0.722408101309809,-0.14320119301629075
4237363,1789028296583000000,302,HEAD_POSE_ESTIMATE,estimated,-0.2775552798393371,9.082103127985139,3.541187222099574,-0.1454595344422229,-0.7097242304976586,-0.17838403241427148
4252363,1789028296598000000,303,HEAD_POSE_ESTIMATE,estimated,-0.3214697008246577,9.072968834298083,3.589665603137293,-0.15019167084880786,-0.6993241938878717,-0.20979117004943454
4264363,1789028296610000000,304,HEAD_POSE_ESTIMATE,estimated,-0.3338043980168322,9.067262536221735,3.6377820338664977,-0.15770945862562016,-0.6854757683369316,-0.22507890578535808
4278363,1789028296624000000,305,HEAD_POSE_ESTIMATE,estimated,-0.3661780497937605,9.052201271740788,3.684799325134305,-0.16710585298092287,-0.664943635426519,-0.22979385166056712
4292363,1789028296638000000,306,HEAD_POSE_ESTIMATE,estimated,-0.38383841242611283,9.03204496070292,3.7246535067427216,-0.1745319738513061,-0.6459029552515716,-0.2267675870271986
4306363,1789028296652000000,307,HEAD_POSE_ESTIMATE,estimated,-0.4022020309883671,8.994139496310046,3.7754468918408475,-0.17974513308221973,-0.624680388322385,-0.21734323523977364
4320363,1789028296666000000,308,HEAD_POSE_ESTIMATE,estimated,-0.41056334395071625,8.980130130709375,3.8263668963776456,-0.17809547418583865,-0.5935036449631846,-0.20611768017995977
4335363,1789028296681000000,309,HEAD_POSE_ESTIMATE,estimated,-0.4069946243068745,8.972039871159765,3.8709658785301166,-0.16957018347190927,-0.5624013205781624,-0.1994122807630482
4347363,1789028296693000000,310,HEAD_POSE_ESTIMATE,estimated,-0.3961728427347211,8.965067565870811,3.895408763201228,-0.15470893202709626,-0.5390180717263564,-0.20347532879804436
4361363,1789028296707000000,311,HEAD_POSE_ESTIMATE,estimated,-0.37888208130594925,8.956961092556357,3.9024720105481085,-0.13556695193013096,-0.5156711009165379,-0.20670030958061975
4376363,1789028296722000000,312,HEAD_POSE_ESTIMATE,estimated,-0.36426401552380017,8.959647097948903,3.8624927866682004,-0.11625138141188175,-0.5046309045345465,-0.21255980637068445
4390363,1789028296736000000,313,HEAD_POSE_ESTIMATE,estimated,-0.3449359420786191,8.965509269847018,3.815904517430818,-0.10022348482033087,-0.4986854530671803,-0.22250535496893714
4404363,1789028296750000000,314,HEAD_POSE_ESTIMATE,estimated,-0.3382413302264269,8.953301979911014,3.7705515187194587,-0.09155283013205577,-0.500513003870298,-0.22866073674916823
4418363,1789028296764000000,315,HEAD_POSE_ESTIMATE,estimated,-0.3425854233293278,8.925882484719041,3.720993622633919,-0.09109698118709429,-0.5053919121996308,-0.2317439322194486
4431363,1789028296777000000,316,HEAD_POSE_ESTIMATE,estimated,-0.33669393574373485,8.895414078350552,3.6813728788044155,-0.10261630253383114,-0.5107556476468288,-0.231843689214546
4445363,1789028296791000000,317,HEAD_POSE_ESTIMATE,estimated,-0.3171081851391549,8.867393038390905,3.654313439801076,-0.11491396781464483,-0.5187413460097062,-0.23024325954464614
4460363,1789028296806000000,318,HEAD_POSE_ESTIMATE,estimated,-0.30581203546188285,8.811098900435995,3.6253632893442638,-0.1362361343231231,-0.515768266327662,-0.22906101985853794
4473363,1789028296819000000,319,HEAD_POSE_ESTIMATE,estimated,-0.29815035002623946,8.761305676664282,3.604945297308359,-0.1639722252199123,-0.5055676071718038,-0.22850362369830468
4487363,1789028296833000000,320,HEAD_POSE_ESTIMATE,estimated,-0.2971978531241235,8.71812964427904,3.5907142166534265,-0.1908411930733042,-0.486076869643608,-0.2334712254088214
4501363,1789028296847000000,321,HEAD_POSE_ESTIMATE,estimated,-0.2948494066408443,8.68032871816301,3.5819812103160102,-0.23237507976736607,-0.46304510212662087,-0.23727166947121864
4515363,1789028296861000000,322,HEAD_POSE_ESTIMATE,estimated,-0.2937204670888358,8.647320808995035,3.5838565836000518,-0.2828057565229512,-0.43564863218745414,-0.2363768364902696
4528363,1789028296874000000,323,HEAD_POSE_ESTIMATE,estimated,-0.28985429034736826,8.601466819915196,3.6062784865436197,-0.32922896370932264,-0.40976999702053535,-0.23428835532121245
4543363,1789028296889000000,324,HEAD_POSE_ESTIMATE,estimated,-0.28012367765660035,8.57147598965507,3.63345296375758,-0.3822166034045881,-0.3794413011125264,-0.22431435024639393
4559363,1789028296905000000,325,HEAD_POSE_ESTIMATE,estimated,-0.2740458249297082,8.542854268118784,3.7221677177969026,-0.43857152465242294,-0.3474945210622773,-0.21049231989779907
4570363,1789028296916000000,326,HEAD_POSE_ESTIMATE,estimated,-0.26991476763226235,8.534912778919697,3.7926517606784875,-0.4828661645971341,-0.3256913086160189,-0.19342250811936082
4584363,1789028296930000000,327,HEAD_POSE_ESTIMATE,estimated,-0.26379755074095146,8.57450706642009,3.8917251517282256,-0.5340484815307796,-0.3100324639997648,-0.17364188464443248
4597363,1789028296943000000,328,HEAD_POSE_ESTIMATE,estimated,-0.2483485531291672,8.603622046282121,4.018086802922931,-0.5710526773996395,-0.2908931430259857,-0.14802048607667997
4612363,1789028296958000000,329,HEAD_POSE_ESTIMATE,estimated,-0.24107001364442152,8.641029164114878,4.1517118167121145,-0.5907598589655113,-0.26151172783968096,-0.11578749536157312
4626363,1789028296972000000,330,HEAD_POSE_ESTIMATE,estimated,-0.23756707664898477,8.679829213992262,4.293029709916613,-0.5960078323127911,-0.23018053118921367,-0.08282175021496539
4640363,1789028296986000000,331,HEAD_POSE_ESTIMATE,estimated,-0.21633150168144918,8.743614036898636,4.456340167731499,-0.5912324028955116,-0.19426603959610228,-0.06012509538515796
4653363,1789028296999000000,332,HEAD_POSE_ESTIMATE,estimated,-0.19323851785335242,8.828347585335774,4.611048722008766,-0.5716933604845481,-0.15517845430570926,-0.04570051083668177
4667363,1789028297013000000,333,HEAD_POSE_ESTIMATE,estimated,-0.15088104495016105,8.911822194009945,4.7824791703057805,-0.568369311835618,-0.11214865866973654,-0.04453086259547205
4681363,1789028297027000000,334,HEAD_POSE_ESTIMATE,estimated,-0.12395638324246508,8.984644314972845,4.927958572756096,-0.5393834673248957,-0.07650016431892517,-0.04799733112169132
4696363,1789028297042000000,335,HEAD_POSE_ESTIMATE,estimated,-0.09026387679151418,9.06472714468169,5.0507813040867005,-0.4854154913902584,-0.03498560193011736,-0.0483486787935498
4710363,1789028297056000000,336,HEAD_POSE_ESTIMATE,estimated,-0.06799609384308786,9.12515942814317,5.1644032909082265,-0.4138380216587358,0.004018128842495156,-0.046061286822676226
4724363,1789028297070000000,337,HEAD_POSE_ESTIMATE,estimated,-0.03373258049919392,9.147080017989719,5.261401344688197,-0.3106196599781407,0.04543180938745329,-0.0439587678487827
4738363,1789028297084000000,338,HEAD_POSE_ESTIMATE,estimated,-0.027130540936566805,9.153119137512524,5.311478053378811,-0.19529534446427452,0.08030820872868588,-0.04451114927081262
4752363,1789028297098000000,339,HEAD_POSE_ESTIMATE,estimated,0.038455072758254494,9.169100900198764,5.408513940732649,-0.1070417516981679,0.10566789352380708,-0.03964968803562744
4766363,1789028297112000000,340,HEAD_POSE_ESTIMATE,estimated,0.09374801415887013,9.182930200809604,5.479543484165525,-0.013940065758372722,0.11993342770663741,-0.039720161757288736
4780363,1789028297126000000,341,HEAD_POSE_ESTIMATE,estimated,0.15345759296801403,9.239305367918657,5.459159399334757,0.08623875829750938,0.12345042917168864,-0.04279638020557281
4794363,1789028297140000000,342,HEAD_POSE_ESTIMATE,estimated,0.20373958770100165,9.250764271717559,5.44630438289122,0.17853115891944957,0.12287236619182773,-0.04714008250445213
4808363,1789028297154000000,343,HEAD_POSE_ESTIMATE,estimated,0.24662329783008924,9.262578486850133,5.402609040656507,0.27225328956324124,0.11607596997900879,-0.0574107790448908
4821363,1789028297167000000,344,HEAD_POSE_ESTIMATE,estimated,0.28045169867252917,9.232618702589482,5.3532115062463,0.3480870193915142,0.08723273663714536,-0.08303018981374324
4838363,1789028297184000000,345,HEAD_POSE_ESTIMATE,estimated,0.30381269892085533,9.223924542136237,5.244248773989775,0.42190754385897045,0.045154210788541045,-0.12398943350198009
4857363,1789028297203000000,346,HEAD_POSE_ESTIMATE,estimated,0.32238322803700636,9.24130391874969,5.100844463453583,0.4825148099448281,-0.02088490496838765,-0.17405951421724933
4870363,1789028297216000000,347,HEAD_POSE_ESTIMATE,estimated,0.3127674944817356,9.313299430610465,4.939360968532361,0.5115975991573547,-0.08078667135921101,-0.20486899442629505
4885363,1789028297231000000,348,HEAD_POSE_ESTIMATE,estimated,0.3060315579616708,9.324607296652692,4.789247019038544,0.5374604141276397,-0.1532692953258621,-0.2285043103555351
4899363,1789028297245000000,349,HEAD_POSE_ESTIMATE,estimated,0.31197530420806163,9.300932995354875,4.678949119657592,0.574674113739724,-0.21649936310926324,-0.23427495148292868
4913363,1789028297259000000,350,HEAD_POSE_ESTIMATE,estimated,0.2969725280612424,9.280163714813941,4.5381998208983605,0.6013077243975626,-0.28568542015037246,-0.237636960918762
4927363,1789028297273000000,351,HEAD_POSE_ESTIMATE,estimated,0.29313025477168597,9.246626013595835,4.435346237668877,0.6227617606403084,-0.34157475676589993,-0.23044538613134638
4941363,1789028297287000000,352,HEAD_POSE_ESTIMATE,estimated,0.24678897434896463,9.208473947563647,4.330309644797227,0.6364436099628865,-0.39764569177223313,-0.223645681234304
4956363,1789028297302000000,353,HEAD_POSE_ESTIMATE,estimated,0.2768794268212541,9.1891056290467,4.247504067966672,0.6369016911370868,-0.4482642457488894,-0.22051013366254024
4970363,1789028297316000000,354,HEAD_POSE_ESTIMATE,estimated,0.3060940749631663,9.191412756397956,4.191505335244581,0.6396881842919921,-0.4890915328967607,-0.2223392116631467
4983363,1789028297329000000,355,HEAD_POSE_ESTIMATE,estimated,0.34633983814989555,9.201522768435572,4.195524658420391,0.660662837281281,-0.5108571893626267,-0.23942200631129945
4998363,1789028297344000000,356,HEAD_POSE_ESTIMATE,estimated,0.3327507999816697,9.161313822780459,4.108158874261262,0.6760996955822549,-0.5368763964591315,-0.26827830312406437
5011363,1789028297357000000,357,HEAD_POSE_ESTIMATE,estimated,0.3182443078670687,9.106233886237105,4.046500763018202,0.6866503164829784,-0.5588900639307715,-0.30511066234139267
5026363,1789028297372000000,358,HEAD_POSE_ESTIMATE,estimated,0.2878538443545451,9.023929956379343,3.983521108842819,0.7046714055943157,-0.5888126905362256,-0.3551148450785589
5039363,1789028297385000000,359,HEAD_POSE_ESTIMATE,estimated,0.23894271780344178,8.974737154255541,3.9118465031089227,0.7122509588338269,-0.6186452356497489,-0.40205713655345343
5056363,1789028297402000000,360,HEAD_POSE_ESTIMATE,estimated,0.17958798499692674,8.916212056100814,3.8177901447478773,0.7182879861048238,-0.664236901707518,-0.45225624878063747
5067363,1789028297413000000,361,HEAD_POSE_ESTIMATE,estimated,0.13051546450143747,8.891312895476899,3.7138161045858578,0.7349335518052007,-0.7039582006782292,-0.48322731794185275
5081363,1789028297427000000,362,HEAD_POSE_ESTIMATE,estimated,0.09146967856632504,8.86602182069906,3.615925605664678,0.7471077255913418,-0.7505941403689865,-0.5087205864612329
5095363,1789028297441000000,363,HEAD_POSE_ESTIMATE,estimated,0.03174611361158963,8.880663432788493,3.4857203081128234,0.7477887616460387,-0.7993957476218579,-0.5271068012435121
5110363,1789028297456000000,364,HEAD_POSE_ESTIMATE,estimated,-0.005618908274074963,8.88353901621727,3.361994656158355,0.7272700102579888,-0.8528015323429122,-0.5322122413645132
5124363,1789028297470000000,365,HEAD_POSE_ESTIMATE,estimated,-0.017421721565267556,8.935788341986136,3.249845209565461,0.684453736935075,-0.8978564036295514,-0.5303338702310801
5138363,1789028297484000000,366,HEAD_POSE_ESTIMATE,estimated,-0.046644005390694576,9.000665114343619,3.129009103939566,0.6243412498424736,-0.9426576145595182,-0.51962365214333
5152363,1789028297498000000,367,HEAD_POSE_ESTIMATE,estimated,-0.07803187669390377,9.090721678670429,3.0052983395200545,0.5619024849282309,-0.9958451804299177,-0.5106586495823255
5166363,1789028297512000000,368,HEAD_POSE_ESTIMATE,estimated,-0.12786900551569402,9.151113915948908,2.8835059994906875,0.5025109049783941,-1.036771544375683,-0.4922248407980463
5180363,1789028297526000000,369,HEAD_POSE_ESTIMATE,estimated,-0.11707195195554054,9.212471978083267,2.83211147196859,0.46350111294459617,-1.0780549674858366,-0.4789161238747883
5194363,1789028297540000000,370,HEAD_POSE_ESTIMATE,estimated,-0.15877845628527987,9.233111202937843,2.759014522020446,0.4262472779313481,-1.1084384605953963,-0.45883317414299574
5209363,1789028297555000000,371,HEAD_POSE_ESTIMATE,estimated,-0.26902050581606385,9.207675016337769,2.6518666885857622,0.40787133615322985,-1.1451944773735296,-0.4429996080723568
5222363,1789028297568000000,372,HEAD_POSE_ESTIMATE,estimated,-0.36093752497545917,9.189596593201905,2.560500885484463,0.3825344377697389,-1.1648167967696332,-0.42809060933581056
5235363,1789028297581000000,373,HEAD_POSE_ESTIMATE,estimated,-0.7108657690523527,9.136921649102126,2.411577572011664,0.3770928091140484,-1.1994818547091006,-0.42430017458327574
5249363,1789028297595000000,374,HEAD_POSE_ESTIMATE,estimated,-0.5180747079234787,9.111184104059634,2.3947232212532548,0.35368072059422184,-1.159681558401928,-0.39879957497837765
5263363,1789028297609000000,375,HEAD_POSE_ESTIMATE,estimated,-0.4096531051889378,9.073857165687148,2.3679669288352874,0.33077558199487966,-1.1362994515968696,-0.3959685901799526
5277363,1789028297623000000,376,HEAD_POSE_ESTIMATE,estimated,-0.3375315937671304,9.01765202930569,2.3615147509783774,0.29644826572362826,-1.142231041897652,-0.4137538853068965
5291363,1789028297637000000,377,HEAD_POSE_ESTIMATE,estimated,-0.40453251156732783,8.96452657505801,2.3365855846384123,0.2502847351190477,-1.1915241660181908,-0.4549918579134036
5305363,1789028297651000000,378,HEAD_POSE_ESTIMATE,estimated,-0.40619664028247615,8.94413096425333,2.327262143839916,0.2044691281037944,-1.2287154584653306,-0.4882211717101119
5322363,1789028297668000000,379,HEAD_POSE_ESTIMATE,estimated,-0.3993157164072533,8.945524816080061,2.374604744056828,0.1503365940775105,-1.294153750690305,-0.5156593236428384
5347363,1789028297693000000,380,HEAD_POSE_ESTIMATE,estimated,-0.4247724732907122,8.974602801505954,2.4474720865313415,0.0951268747303499,-1.4106324778612043,-0.5295285190590555
5358363,1789028297704000000,381,HEAD_POSE_ESTIMATE,estimated,-0.523165368211529,8.988414308443952,2.4525072159525423,0.07714315777375855,-1.4635599701290858,-0.5178784813814394
5373363,1789028297719000000,382,HEAD_POSE_ESTIMATE,estimated,-0.572591015951598,9.000184117691374,2.4941103720744415,0.054981770270829726,-1.5027243049016852,-0.49700940575169816
5387363,1789028297733000000,383,HEAD_POSE_ESTIMATE,estimated,-0.6541937704299834,9.000724215241828,2.53104176991413,0.03348089809922481,-1.5331944814606941,-0.4684412048130005
5404363,1789028297750000000,384,HEAD_POSE_ESTIMATE,estimated,-0.7825916589605904,9.004473077505228,2.583952884427793,0.016547930637190247,-1.5498348717623884,-0.44571691838556776
5416363,1789028297762000000,385,HEAD_POSE_ESTIMATE,estimated,-0.918437526086041,9.006279786910957,2.620853288994857,0.0059925286989102496,-1.5460609939248717,-0.43259023096363397
5428363,1789028297774000000,386,HEAD_POSE_ESTIMATE,estimated,-1.1529501124186454,8.994247811157557,2.64956506072086,-0.005547348642775855,-1.5230630769409885,-0.42710801341644394
5442363,1789028297788000000,387,HEAD_POSE_ESTIMATE,estimated,-1.1475642480144912,9.040264908503437,2.6948115712278913,-0.012445968163699033,-1.5026384337176855,-0.42351016416099374
5458363,1789028297804000000,388,HEAD_POSE_ESTIMATE,estimated,-1.2625278851205834,9.071401977592473,2.750890338826518,-0.0178860302488932,-1.4355986787400765,-0.41857657220641104
5472363,1789028297818000000,389,HEAD_POSE_ESTIMATE,estimated,-1.0320923012468475,9.146858236882249,2.7546699470627054,-0.013537084960539356,-1.4731772701575947,-0.4496624476809386
5483363,1789028297829000000,390,HEAD_POSE_ESTIMATE,estimated,-1.138488385633742,9.144930817732181,2.7826594701390794,-0.016366055676805196,-1.4555592301496865,-0.4528823642096464
5497363,1789028297843000000,391,HEAD_POSE_ESTIMATE,estimated,-1.2868466687849685,9.14031179278285,2.8047020984500466,-0.020794875862282992,-1.4279503907027533,-0.44093089962488374
5511363,1789028297857000000,392,HEAD_POSE_ESTIMATE,estimated,-1.4458061465043517,9.142588733115703,2.838581373770141,-0.030616879816490108,-1.3934875244083544,-0.4078046108579378
5526363,1789028297872000000,393,HEAD_POSE_ESTIMATE,estimated,-1.4820310635785712,9.174417177761638,2.8455078906733497,-0.0350143066573164,-1.361917815645152,-0.3683815634844685
5541363,1789028297887000000,394,HEAD_POSE_ESTIMATE,estimated,-1.5162543676500855,9.205995282837426,2.8487900159793815,-0.03702271043270076,-1.3158870295654244,-0.3290434882425934
5553363,1789028297899000000,395,HEAD_POSE_ESTIMATE,estimated,-1.5908790605153842,9.227770229181896,2.8523971531062657,-0.036094981694104036,-1.2652529666590586,-0.29406166264535305
5567363,1789028297913000000,396,HEAD_POSE_ESTIMATE,estimated,-1.7140824076743968,9.260109316071258,2.8543858440324543,-0.03224554772043582,-1.211608414324296,-0.26894208801707925
5581363,1789028297927000000,397,HEAD_POSE_ESTIMATE,estimated,-1.7197347190607388,9.30575635518254,2.8204232510907707,-0.029315783966721843,-1.1683256118478174,-0.2613630358689672
5595363,1789028297941000000,398,HEAD_POSE_ESTIMATE,estimated,-1.698970856231528,9.343200308946392,2.7791846563495146,-0.027385528314805677,-1.1391187393605429,-0.26944204290794516
5610363,1789028297956000000,399,HEAD_POSE_ESTIMATE,estimated,-1.751614551834329,9.354429305565274,2.7550815649199913,-0.032458363853121695,-1.099124023526236,-0.2782175318476024
5625363,1789028297971000000,400,HEAD_POSE_ESTIMATE,estimated,-1.795635197672576,9.36035165590663,2.7321924481157387,-0.04423220451906033,-1.0659404904841803,-0.2869377144745127
5639363,1789028297985000000,401,HEAD_POSE_ESTIMATE,estimated,-1.8564254982096666,9.340408064660172,2.7367433592737815,-0.06427579714868992,-1.038653718836669,-0.28883887726475194
5652363,1789028297998000000,402,HEAD_POSE_ESTIMATE,estimated,-1.8655121618899604,9.312164646692926,2.738516746198024,-0.09352439230979702,-1.0165135635348848,-0.2789915759076297
5666363,1789028298012000000,403,HEAD_POSE_ESTIMATE,estimated,-1.8361528239560898,9.294027028727253,2.7249877190855383,-0.12263807108197666,-1.0032862538303429,-0.25611572848091463
5681363,1789028298027000000,404,HEAD_POSE_ESTIMATE,estimated,-1.8554757825905308,9.261516551432129,2.7410558597908516,-0.16104495329558047,-0.9819393759350131,-0.2318287682493647
5694363,1789028298040000000,405,HEAD_POSE_ESTIMATE,estimated,-1.8732936125578648,9.222121619514999,2.776368995882681,-0.1986236191443738,-0.9595514226571333,-0.20752917140817792
5708363,1789028298054000000,406,HEAD_POSE_ESTIMATE,estimated,-1.8798810908119608,9.188906389309665,2.8309837888819978,-0.23596169332786565,-0.9349316370983005,-0.1895695489273789
5722363,1789028298068000000,407,HEAD_POSE_ESTIMATE,estimated,-1.8873709908518324,9.16672259744338,2.888907424995781,-0.26949268282664746,-0.9041138314977222,-0.18356867294625034
5736363,1789028298082000000,408,HEAD_POSE_ESTIMATE,estimated,-1.8606575354431536,9.173303634545675,2.9697893160275393,-0.3006460191545931,-0.8731862124868904,-0.19946400939085177
5751363,1789028298097000000,409,HEAD_POSE_ESTIMATE,estimated,-1.8109745113039768,9.209375756779295,3.0257052997025284,-0.32483472205730757,-0.8470915822478385,-0.23351489452014565
5765363,1789028298111000000,410,HEAD_POSE_ESTIMATE,estimated,-1.753511404554541,9.230384759087395,3.069211467371085,-0.34222412065515884,-0.8276714422945638,-0.27687414412402733
5778363,1789028298124000000,411,HEAD_POSE_ESTIMATE,estimated,-1.7518413958107408,9.232518249042924,3.1444864136138104,-0.3516461631197274,-0.8120424847814999,-0.3261890580428419
5792363,1789028298138000000,412,HEAD_POSE_ESTIMATE,estimated,-1.7198352733969968,9.244415628389161,3.2092207675942497,-0.3564903302464155,-0.7956705861319348,-0.37236443074572084
5807363,1789028298153000000,413,HEAD_POSE_ESTIMATE,estimated,-1.6635750440015724,9.248411845002424,3.2506928967029913,-0.3561533921757562,-0.7929079033981717,-0.40698989237525757
5821363,1789028298167000000,414,HEAD_POSE_ESTIMATE,estimated,-1.640682407968395,9.244632308650807,3.301755344739922,-0.34804905800945923,-0.7900102474551871,-0.42264731857277477
5835363,1789028298181000000,415,HEAD_POSE_ESTIMATE,estimated,-1.6142128107599456,9.239216487717341,3.3519206536108057,-0.33088279547177024,-0.7885571635534647,-0.42387388975986584
5850363,1789028298196000000,416,HEAD_POSE_ESTIMATE,estimated,-1.5884434744731848,9.222131962854197,3.4206173226713057,-0.30868796437011387,-0.7837544974739926,-0.4048092931745488
5863363,1789028298209000000,417,HEAD_POSE_ESTIMATE,estimated,-1.5820712811640385,9.191287569732209,3.491813277452789,-0.2786340333496252,-0.7803086251202039,-0.38558112772783953
5876363,1789028298222000000,418,HEAD_POSE_ESTIMATE,estimated,-1.5788777471428017,9.175892899652556,3.540275696032002,-0.244840798024584,-0.7802372153476533,-0.37388160988452185
5890363,1789028298236000000,419,HEAD_POSE_ESTIMATE,estimated,-1.5914274264702537,9.182685293006033,3.5763905585200373,-0.21178254761563567,-0.7761693063244199,-0.3776666978587665
5904363,1789028298250000000,420,HEAD_POSE_ESTIMATE,estimated,-1.6346780613334155,9.164605389537217,3.6403561549358687,-0.17522390734844376,-0.7753512625711806,-0.38612457389681176
5918363,1789028298264000000,421,HEAD_POSE_ESTIMATE,estimated,-1.6957376545701837,9.163755486954381,3.679340528353922,-0.1410395210104978,-0.7683179474766669,-0.4011859231601039
5932363,1789028298278000000,422,HEAD_POSE_ESTIMATE,estimated,-1.7553515306447243,9.15999585530066,3.707241041232914,-0.11258121039702657,-0.7599208666452787,-0.4244102922534294
5946363,1789028298292000000,423,HEAD_POSE_ESTIMATE,estimated,-1.8151947937090176,9.114719255805403,3.7754325734762277,-0.09082301217431582,-0.7590033723324974,-0.4518766329115857
5960363,1789028298306000000,424,HEAD_POSE_ESTIMATE,estimated,-1.8928773048839593,9.052752206359145,3.8253216927083575,-0.06952489095364564,-0.7517277319989061,-0.46978177541878036
5974363,1789028298320000000,425,HEAD_POSE_ESTIMATE,estimated,-1.949258040185561,8.965318123413686,3.8541974255732505,-0.054649685444467376,-0.7450171411440878,-0.47842213116473403
5988363,1789028298334000000,426,HEAD_POSE_ESTIMATE,estimated,-2.0276225578043165,8.861390493664398,3.8292155983031475,-0.04147241331530292,-0.728885024658772,-0.4746234246817861
6001363,1789028298347000000,427,HEAD_POSE_ESTIMATE,estimated,-2.0905329132756787,8.749640873467955,3.850737881835171,-0.030909858039887664,-0.7145703096890841,-0.46212120807392976
6016363,1789028298362000000,428,HEAD_POSE_ESTIMATE,estimated,-2.156841049378127,8.609724588161242,3.87535268673604,-0.02344323031988469,-0.6961785173224828,-0.4421841137077323
6029363,1789028298375000000,429,HEAD_POSE_ESTIMATE,estimated,-2.2028033569841403,8.529224204213897,3.9430878384605177,-0.017339362578791356,-0.6828260762900175,-0.4232778865643172
6043363,1789028298389000000,430,HEAD_POSE_ESTIMATE,estimated,-2.2466250416257805,8.455034006444414,4.030998693671757,-0.017060708989993716,-0.664364613361234,-0.40334057949624336
6059363,1789028298405000000,431,HEAD_POSE_ESTIMATE,estimated,-2.2723771912673034,8.411871929590175,4.135021184866942,-0.01760326413090061,-0.6374345011395477,-0.38424307220419246
6073363,1789028298419000000,432,HEAD_POSE_ESTIMATE,estimated,-2.273794023454327,8.491006385775774,4.275809936756241,-0.01724834486767419,-0.6114046630808226,-0.37561005124450664
6087363,1789028298433000000,433,HEAD_POSE_ESTIMATE,estimated,-2.294096322602396,8.645895314889158,4.389128701477442,-0.026435121856193393,-0.5768709134518843,-0.3628133963778852
6097363,1789028298443000000,434,HEAD_POSE_ESTIMATE,estimated,-2.296526061327596,8.707542601271818,4.454129765623512,-0.04113877533458091,-0.5481998590207381,-0.35913280673543246
6111363,1789028298457000000,435,HEAD_POSE_ESTIMATE,estimated,-2.3019616223510617,8.851479728628442,4.533106847929999,-0.04665408427640184,-0.5045431604813491,-0.34449960348504016
6125363,1789028298471000000,436,HEAD_POSE_ESTIMATE,estimated,-2.265696713093517,8.93238959924368,4.63140632411926,-0.04763332385063392,-0.4603454179081671,-0.32800854487397557
6139363,1789028298485000000,437,HEAD_POSE_ESTIMATE,estimated,-2.2583312108544056,9.033843375493428,4.647829494585059,-0.037140010099055015,-0.41719867330970084,-0.30501485058531735
6153363,1789028298499000000,438,HEAD_POSE_ESTIMATE,estimated,-2.2283473621406937,9.080894064751782,4.648254277598226,-0.011970298115580456,-0.3699834297402167,-0.27331966985117484
6167363,1789028298513000000,439,HEAD_POSE_ESTIMATE,estimated,-2.1360527111834253,9.033753283685943,4.675594571758132,0.030255390556604266,-0.3222188013338376,-0.23364830680234164
6182363,1789028298528000000,440,HEAD_POSE_ESTIMATE,estimated,-2.104665075664607,8.951813671523503,4.562043236991029,0.0802088877246046,-0.2812745461157467,-0.1903116176698445
6195363,1789028298541000000,441,HEAD_POSE_ESTIMATE,estimated,-2.0684187670493284,8.839890199441658,4.408174160116539,0.11452445689597818,-0.25260012281905275,-0.16266688447971445
6209363,1789028298555000000,442,HEAD_POSE_ESTIMATE,estimated,-1.9986550622960624,8.679412367518728,4.2329713711711365,0.15595197735593083,-0.23600629404368034,-0.1340638338761675
6223363,1789028298569000000,443,HEAD_POSE_ESTIMATE,estimated,-1.9144731235132102,8.493168067791093,4.145626909800786,0.19307515971760217,-0.21308430160685507,-0.10632079150194952
6239363,1789028298585000000,444,HEAD_POSE_ESTIMATE,estimated,-1.76770000790218,8.3645889148776,4.077354301953421,0.22790048675970115,-0.18707745646115215,-0.08535811898390641
6250363,1789028298596000000,445,HEAD_POSE_ESTIMATE,estimated,-1.6860999079158279,8.259601756381645,4.015676883251008,0.23995794968131487,-0.16961243244908622,-0.0759472133135473
6264363,1789028298610000000,446,HEAD_POSE_ESTIMATE,estimated,-1.6036547121504334,8.218249552981758,3.9664626061110946,0.24107283641801786,-0.14916516329198373,-0.077055518338103
6280363,1789028298626000000,447,HEAD_POSE_ESTIMATE,estimated,-1.4784700957489845,8.276302309774044,3.974914180012748,0.19751617581058556,-0.1326543168804205,-0.10782285184801535
6292363,1789028298638000000,448,HEAD_POSE_ESTIMATE,estimated,-1.3876775880951382,8.361916283167862,3.9872120610047097,0.16630848012226276,-0.12133308907084846,-0.1217563979615865
6302363,1789028298648000000,449,HEAD_POSE_ESTIMATE,estimated,-1.2971713979682273,8.422082990402515,4.024527745394111,0.12810010948115877,-0.12031626468298273,-0.1440118654244994
6317363,1789028298663000000,450,HEAD_POSE_ESTIMATE,estimated,-1.1999129542351843,8.460237949210644,4.043689075241645,0.06230955604697964,-0.12476995221786163,-0.17999035410597142
6330363,1789028298676000000,451,HEAD_POSE_ESTIMATE,estimated,-1.1333736789009796,8.525387932381635,4.077767940526447,0.008164672859413719,-0.13512003894632382,-0.19797792583789808
6344363,1789028298690000000,452,HEAD_POSE_ESTIMATE,estimated,-1.03779772607593,8.552800043239019,4.124304402919178,-0.03922756413137818,-0.14516141940820992,-0.2016153016990999
6359363,1789028298705000000,453,HEAD_POSE_ESTIMATE,estimated,-1.0161831488121313,8.561853705073043,4.16920725359745,-0.06016036897207736,-0.16073597456159275,-0.19367646601060243
6371363,1789028298717000000,454,HEAD_POSE_ESTIMATE,estimated,-0.975063827489166,8.624305509270343,4.227960336654278,-0.07815807198543237,-0.18564917491362953,-0.1795878870951082
6386363,1789028298732000000,455,HEAD_POSE_ESTIMATE,estimated,-0.9124164651490616,8.63962972642355,4.282248955883322,-0.07174647062080591,-0.20576814862222592,-0.1526884038429656
6400363,1789028298746000000,456,HEAD_POSE_ESTIMATE,estimated,-0.9313625960477341,8.652798922411062,4.283803497298403,-0.06172722832800483,-0.220350547888419,-0.13899704310511687
6416363,1789028298762000000,457,HEAD_POSE_ESTIMATE,estimated,-0.9516882364175735,8.68658856334417,4.272382032248791,-0.029758203884716644,-0.2426279066712485,-0.11393389268316208
6429363,1789028298775000000,458,HEAD_POSE_ESTIMATE,estimated,-0.922570195781431,8.706316022677255,4.304842527370606,-0.004637776449017408,-0.2518719541754657,-0.09891954644483393
6442363,1789028298788000000,459,HEAD_POSE_ESTIMATE,estimated,-0.9315956454870988,8.741334661091122,4.323397024774735,0.008204562463880525,-0.26185402852540274,-0.09588788808134793
6456363,1789028298802000000,460,HEAD_POSE_ESTIMATE,estimated,-0.9302218407139464,8.798913473283651,4.343162313247327,0.009092140035675834,-0.27160617558820505,-0.10509732873772037
6470363,1789028298816000000,461,HEAD_POSE_ESTIMATE,estimated,-0.9881185082618635,8.888703045248732,4.356229020750452,-0.007458393704697953,-0.28074926523713845,-0.12348745081355349
6485363,1789028298831000000,462,HEAD_POSE_ESTIMATE,estimated,-1.0418011702834442,8.985988082825322,4.38166538429584,-0.029937570974536646,-0.29396020977795057,-0.14671280036439746
6499363,1789028298845000000,463,HEAD_POSE_ESTIMATE,estimated,-1.0346190976800027,9.044519034041652,4.456275883688202,-0.05385311466159506,-0.3069426046136839,-0.1619330315667038
6512363,1789028298858000000,464,HEAD_POSE_ESTIMATE,estimated,-1.0824807648651396,9.118800539793202,4.486135375765363,-0.07063761044766198,-0.31160845037975743,-0.1619108139794557
6527363,1789028298873000000,465,HEAD_POSE_ESTIMATE,estimated,-1.1241209817211786,9.154096207407308,4.517601573332342,-0.08622452838373261,-0.32199952346559985,-0.14608026580950964
6541363,1789028298887000000,466,HEAD_POSE_ESTIMATE,estimated,-1.173841343817764,9.137239850890136,4.536355112375088,-0.08522291936060644,-0.33186831849070836,-0.11501254654173014
6555363,1789028298901000000,467,HEAD_POSE_ESTIMATE,estimated,-1.2137646572082639,9.118359244418635,4.539614224697484,-0.07016722728723353,-0.3337080420836891,-0.07308439508958509
6569363,1789028298915000000,468,HEAD_POSE_ESTIMATE,estimated,-1.2002476353870997,9.049684733443316,4.543326704010454,-0.042260608292733245,-0.3359936630157428,-0.022195600586319426
6580363,1789028298926000000,469,HEAD_POSE_ESTIMATE,estimated,-1.186067008988202,8.99018532651173,4.553193480654933,-0.0120363798295015,-0.3321956356116198,0.023809254118278125
6595363,1789028298941000000,470,HEAD_POSE_ESTIMATE,estimated,-1.1222936711976783,8.916033865367197,4.556496624069899,0.028172829151496787,-0.31180393612884705,0.07490968368476025
6612363,1789028298958000000,471,HEAD_POSE_ESTIMATE,estimated,-1.0592424917360772,8.805652792243198,4.544927244736919,0.06645665375503573,-0.2866279753912083,0.11043746831918531
6621363,1789028298967000000,472,HEAD_POSE_ESTIMATE,estimated,-1.0259747900561074,8.748167956877555,4.538052215578656,0.0869864321722323,-0.26657753776454074,0.1204854204433669
6635363,1789028298981000000,473,HEAD_POSE_ESTIMATE,estimated,-0.94885050705699,8.663890269043385,4.511789248754653,0.10625587221291243,-0.22573363618289513,0.12806312914085746
6650363,1789028298996000000,474,HEAD_POSE_ESTIMATE,estimated,-0.8953664556452953,8.721541204227776,4.491332816854404,0.11944247346323261,-0.18159039296806279,0.1258367623809924
6663363,1789028299009000000,475,HEAD_POSE_ESTIMATE,estimated,-0.8480121884571257,8.744742504734413,4.485678976435045,0.11801954525865636,-0.1329559631702754,0.12290758871906887
6676363,1789028299022000000,476,HEAD_POSE_ESTIMATE,estimated,-0.8027976140897437,8.730736720434077,4.441416262095705,0.12359449278138392,-0.08003899962571026,0.12229757105146548
6690363,1789028299036000000,477,HEAD_POSE_ESTIMATE,estimated,-0.7749576742011043,8.767389910959926,4.405728619194908,0.12211361810164621,-0.02673766304497146,0.1321662012250614
6705363,1789028299051000000,478,HEAD_POSE_ESTIMATE,estimated,-0.7273906664131231,8.904713602966652,4.414214181727605,0.10179640088283631,0.026226851629332994,0.1634825282050146
6719363,1789028299065000000,479,HEAD_POSE_ESTIMATE,estimated,-0.7047569095513093,9.008719990230212,4.4122640670895255,0.08653381105946183,0.07373801319138582,0.1835340235997215
6733363,1789028299079000000,480,HEAD_POSE_ESTIMATE,estimated,-0.732426355385982,9.103095582465809,4.376255565693819,0.08399492283960648,0.10954382032881864,0.19706920328971955
6747363,1789028299093000000,481,HEAD_POSE_ESTIMATE,estimated,-0.7239311699957057,9.120917084356236,4.357621941506087,0.09474328969519426,0.14361481885042562,0.22279756707867437
6761363,1789028299107000000,482,HEAD_POSE_ESTIMATE,estimated,-0.7277071179618844,9.148528867673972,4.33928462117967,0.10052747813875265,0.1693417027310087,0.23498403512992347
6775363,1789028299121000000,483,HEAD_POSE_ESTIMATE,estimated,-0.729420210060207,9.159898274116257,4.275513964963203,0.10048921680965807,0.1869895318706792,0.2266671903357859
6789363,1789028299135000000,484,HEAD_POSE_ESTIMATE,estimated,-0.7085921634755608,9.119091535573236,4.257455311336552,0.10469965522314706,0.20003812913344368,0.20453920766947556
6803363,1789028299149000000,485,HEAD_POSE_ESTIMATE,estimated,-0.688409945310396,9.045782478779326,4.219378665459281,0.10743553116984948,0.20780900004308794,0.18157281658811283
6818363,1789028299164000000,486,HEAD_POSE_ESTIMATE,estimated,-0.6992824151192385,8.984700942071848,4.123551929373572,0.11831217206161797,0.20920962980705224,0.1424731171231856
6831363,1789028299177000000,487,HEAD_POSE_ESTIMATE,estimated,-0.6721236461881605,8.923755203536404,4.0707280484419615,0.13218258231280347,0.2091443156626732,0.10158072181158556
6845363,1789028299191000000,488,HEAD_POSE_ESTIMATE,estimated,-0.6573603405515207,8.891944989549634,4.012153063586569,0.1459013921626125,0.2028692531368681,0.048133973424284264
6859363,1789028299205000000,489,HEAD_POSE_ESTIMATE,estimated,-0.6860491550647956,8.865572190264501,3.9709240517308544,0.16300874692839556,0.1875100331707776,-0.010782527548478861
6873363,1789028299219000000,490,HEAD_POSE_ESTIMATE,estimated,-0.7019819572625315,8.904914597186956,3.9128396180009015,0.1824273292089367,0.16518021665139843,-0.05809722696072365
6889363,1789028299235000000,491,HEAD_POSE_ESTIMATE,estimated,-0.70072400685056,8.828328373844675,3.8270484519438095,0.21137791899971053,0.12788486121102816,-0.10348349687717648
6901363,1789028299247000000,492,HEAD_POSE_ESTIMATE,estimated,-0.6910176588556521,8.786024480986201,3.7569476361061986,0.22502963763078337,0.09084363767443615,-0.12069294992141401
6914363,1789028299260000000,493,HEAD_POSE_ESTIMATE,estimated,-0.7368467842317454,8.827016625801315,3.711861656388464,0.24985441163409441,0.05219542957376984,-0.11919037782066183
6929363,1789028299275000000,494,HEAD_POSE_ESTIMATE,estimated,-0.7478087292103335,8.883335358834195,3.7087192394582016,0.2897132841812592,0.015783103598668764,-0.09457812032334813
6943363,1789028299289000000,495,HEAD_POSE_ESTIMATE,estimated,-0.7529033578756869,8.838272666306763,3.6907440137640246,0.3032597562270214,-0.01565166426999352,-0.03496686934272567
6956363,1789028299302000000,496,HEAD_POSE_ESTIMATE,estimated,-0.7453556346295284,8.829631803680472,3.6584712728064575,0.29944660559284564,-0.039051612341809094,0.03005679808887391
6971363,1789028299317000000,497,HEAD_POSE_ESTIMATE,estimated,-0.7509482459307919,8.83501641916333,3.6343288171907364,0.27599061974902,-0.053232885880985535,0.08955574665147299
6985363,1789028299331000000,498,HEAD_POSE_ESTIMATE,estimated,-0.7778367464771054,8.899976684532735,3.6074116108179424,0.2515815973074475,-0.05956597903663124,0.14773872344034675
6998363,1789028299344000000,499,HEAD_POSE_ESTIMATE,estimated,-0.7636023194687559,8.949286147071167,3.5838957310269834,0.22365885254987283,-0.05531243239091697,0.18647529788813305
7012363,1789028299358000000,500,HEAD_POSE_ESTIMATE,estimated,-0.7865992337526585,9.007933250892195,3.554864563810339,0.19074840056327688,-0.04110871101793008,0.185282336507154
7027363,1789028299373000000,501,HEAD_POSE_ESTIMATE,estimated,-0.8187711197693232,9.04396712195682,3.5268901793291354,0.1558176330047181,-0.0219688897822675,0.14106809766952122
7041363,1789028299387000000,502,HEAD_POSE_ESTIMATE,estimated,-0.8726594221318874,9.094530759127869,3.513030567911282,0.12133248680476096,-0.0018573568056936699,0.0893805562221685
7055363,1789028299401000000,503,HEAD_POSE_ESTIMATE,estimated,-0.9530191067521215,9.144107790220788,3.479854720626595,0.0980870462898049,0.017026185841369914,0.02694640461580857
7068363,1789028299414000000,504,HEAD_POSE_ESTIMATE,estimated,-1.0481087182117645,9.19377379921728,3.4350146594249296,0.08781090690764133,0.027338846690445777,-0.027806572487893966
7083363,1789028299429000000,505,HEAD_POSE_ESTIMATE,estimated,-1.1436796448947142,9.2296969918276,3.3752190011460383,0.08251475890938809,0.039242340916816255,-0.08273008494616275
7096363,1789028299442000000,506,HEAD_POSE_ESTIMATE,estimated,-1.2429020166701366,9.244078519438157,3.328603569371585,0.08962453958016431,0.04768619862146693,-0.11982310460050098
7110363,1789028299456000000,507,HEAD_POSE_ESTIMATE,estimated,-1.2981216737240353,9.231452460410718,3.284406178316029,0.10167474886189044,0.04841284395788829,-0.132451466122308
7124363,1789028299470000000,508,HEAD_POSE_ESTIMATE,estimated,-1.3341485600201857,9.220271346946438,3.2497002003213122,0.11429566206120344,0.04830921898534947,-0.1316706972091789
7142363,1789028299488000000,509,HEAD_POSE_ESTIMATE,estimated,-1.3258804853327433,9.158952982836098,3.246306454615951,0.13236596392957342,0.04627505890031976,-0.10787221142165584
7155363,1789028299501000000,510,HEAD_POSE_ESTIMATE,estimated,-1.3067684205256767,9.099779327770003,3.258630751238934,0.14208243953052202,0.04507500754436443,-0.07648941034862022
7170363,1789028299516000000,511,HEAD_POSE_ESTIMATE,estimated,-1.3059547023991323,9.054801866351609,3.255391207622599,0.15146951069369644,0.044844541914599,-0.04341746734679034
7181363,1789028299527000000,512,HEAD_POSE_ESTIMATE,estimated,-1.3052404026977156,9.03720537917069,3.255222930085691,0.1616808365658631,0.049343274497095045,-0.012418108281379394
7192363,1789028299538000000,513,HEAD_POSE_ESTIMATE,estimated,-1.303265661112346,9.01614281739616,3.2772220428499454,0.1743895450315729,0.059847591969073376,0.018634670688483228
7207363,1789028299553000000,514,HEAD_POSE_ESTIMATE,estimated,-1.2852302207125252,9.004058817096091,3.3183868543541295,0.1768770874206754,0.08269254951344727,0.03968817695160409
7222363,1789028299568000000,515,HEAD_POSE_ESTIMATE,estimated,-1.2522297628687824,8.992875033188124,3.344710236419813,0.1678881569996021,0.10731024403471966,0.05677486815686367
7235363,1789028299581000000,516,HEAD_POSE_ESTIMATE,estimated,-1.2277877195084326,9.002513140610843,3.3494997187558413,0.1502884808546875,0.1293178632014181,0.06459836511327245
7254363,1789028299600000000,517,HEAD_POSE_ESTIMATE,estimated,-1.192351295792886,9.029540690437138,3.3629479478613513,0.11442693520988004,0.15700860539565262,0.06499822309351884
7268363,1789028299614000000,518,HEAD_POSE_ESTIMATE,estimated,-1.176498145775503,9.053738372063938,3.3504925563663064,0.07642385992222525,0.17606167877999754,0.055280110864155144
7276363,1789028299622000000,519,HEAD_POSE_ESTIMATE,estimated,-1.1694295954385594,9.074600710458549,3.342320683138986,0.0588680410932382,0.18667057691725045,0.05034866404192277
7291363,1789028299637000000,520,HEAD_POSE_ESTIMATE,estimated,-1.1631393200778197,9.112610952955928,3.3232413192795143,0.03893578683043954,0.2001474916779848,0.04913337701417687
7305363,1789028299651000000,521,HEAD_POSE_ESTIMATE,estimated,-1.1745893828219622,9.113309713133418,3.315682510540991,0.02883780626096614,0.2080257126318444,0.04952384050560904
7319363,1789028299665000000,522,HEAD_POSE_ESTIMATE,estimated,-1.176633733482444,9.115240426578916,3.307656442496687,0.028410940819097702,0.21110442789378528,0.05522498214575433
7333363,1789028299679000000,523,HEAD_POSE_ESTIMATE,estimated,-1.1857278543161827,9.122556650578984,3.2865437492583944,0.03399383771757964,0.21132187462935573,0.0663666464992821
7347363,1789028299693000000,524,HEAD_POSE_ESTIMATE,estimated,-1.1946134137558821,9.112752847990224,3.2683270467169634,0.05068957214503095,0.2089302043500924,0.07820950446307949
7361363,1789028299707000000,525,HEAD_POSE_ESTIMATE,estimated,-1.1872656115660105,9.0893012431946,3.2495864215247883,0.07573025898527956,0.20725442739211733,0.09756487306933075
7375363,1789028299721000000,526,HEAD_POSE_ESTIMATE,estimated,-1.2101818039071452,9.06730622033324,3.2266040962769624,0.09546434657212072,0.21047929484263853,0.11680962421854205
7388363,1789028299734000000,527,HEAD_POSE_ESTIMATE,estimated,-1.2252659485063102,9.071802177280762,3.219088461892862,0.10315952941340503,0.21510698974586231,0.13451447082794374
7403363,1789028299749000000,528,HEAD_POSE_ESTIMATE,estimated,-1.2377305662288722,9.079544307857565,3.2137595231993292,0.11448072648729239,0.22099366976643856,0.15421090928522915
7416363,1789028299762000000,529,HEAD_POSE_ESTIMATE,estimated,-1.2326937590447071,9.091908910961472,3.233544745230294,0.10347066490831855,0.22768514181096988,0.16662606629664703
7433363,1789028299779000000,530,HEAD_POSE_ESTIMATE,estimated,-1.214664402678424,9.141056336527695,3.246225926850611,0.08114354766634398,0.2343356243710771,0.17983174278866237
7443363,1789028299789000000,531,HEAD_POSE_ESTIMATE,estimated,-1.1998355707141777,9.171649780130869,3.2362587810990098,0.05769723669105515,0.23869905502142044,0.18578331527938094
7457363,1789028299803000000,532,HEAD_POSE_ESTIMATE,estimated,-1.1664037264871459,9.240237357044803,3.233172671942474,0.023849623706853593,0.24435617821043157,0.19027590249387252
7471363,1789028299817000000,533,HEAD_POSE_ESTIMATE,estimated,-1.1343671258323078,9.300980606495132,3.2391314147551875,-0.004573197258218555,0.24695698220644935,0.1869222588093552
7485363,1789028299831000000,534,HEAD_POSE_ESTIMATE,estimated,-1.1029373031485217,9.332959802445764,3.2353881445400132,-0.030940160697747885,0.2474805051723049,0.167910302030692
7499363,1789028299845000000,535,HEAD_POSE_ESTIMATE,estimated,-1.0827947105423406,9.330038899611997,3.2484614179024245,-0.043556490292748294,0.24255250224943012,0.14230984288031948
7513363,1789028299859000000,536,HEAD_POSE_ESTIMATE,estimated,-1.0550094723387515,9.329263930855614,3.253017328972463,-0.048128630740351404,0.23155987096673636,0.11585549505125627
7528363,1789028299874000000,537,HEAD_POSE_ESTIMATE,estimated,-1.0334550305705374,9.286263659702954,3.252344768938375,-0.03970919023045399,0.2181660573482506,0.0939415760380516
7541363,1789028299887000000,538,HEAD_POSE_ESTIMATE,estimated,-1.0135839428040323,9.258709671160425,3.250722891007503,-0.02239865656590838,0.20484244903687165,0.084506229211977
7555363,1789028299901000000,539,HEAD_POSE_ESTIMATE,estimated,-0.9891817516089252,9.212049571165847,3.2381750677276107,-0.0003750971126497691,0.19246221187972617,0.09125606127660982
7569363,1789028299915000000,540,HEAD_POSE_ESTIMATE,estimated,-0.9771402677547291,9.165918878301978,3.212167790133917,0.020063933156493578,0.1827812576279617,0.11376229369859936
7583363,1789028299929000000,541,HEAD_POSE_ESTIMATE,estimated,-0.962484412942098,9.134001319533684,3.1904536404767843,0.03744949816442306,0.16829568344338025,0.1310022029461253
7598363,1789028299944000000,542,HEAD_POSE_ESTIMATE,estimated,-0.9375157620156808,9.124348366691034,3.161030810761807,0.05253796428972463,0.14929166450663015,0.13914997123488135
7612363,1789028299958000000,543,HEAD_POSE_ESTIMATE,estimated,-0.912152929424577,9.128879868081636,3.1503591343416875,0.058148569712076464,0.12934175060636352,0.13330820029142681
7624363,1789028299970000000,544,HEAD_POSE_ESTIMATE,estimated,-0.901151878209948,9.141472803842795,3.146504365099279,0.06251471728127636,0.11191700617523798,0.11657692316040619
7637363,1789028299983000000,545,HEAD_POSE_ESTIMATE,estimated,-0.8826534323843714,9.163471959302816,3.1495859755163536,0.05971515565821028,0.0906262270146018,0.08338783432362784
7651363,1789028299997000000,546,HEAD_POSE_ESTIMATE,estimated,-0.8874871929447403,9.197252094564789,3.1432002093233624,0.05211736645358017,0.0674980326667548,0.040934471701428825
7666363,1789028300012000000,547,HEAD_POSE_ESTIMATE,estimated,-0.898010597026598,9.223250479769904,3.1369256444930835,0.042145489266682955,0.04513337886282974,-0.00695328567774175
7680363,1789028300026000000,548,HEAD_POSE_ESTIMATE,estimated,-0.943081121864275,9.253493234011666,3.1262168153290344,0.03562478295017388,0.024661293116998276,-0.04823310519794906
7693363,1789028300039000000,549,HEAD_POSE_ESTIMATE,estimated,-0.9697269486082546,9.275540394975367,3.1143644745553125,0.02929285549341152,0.007620224670856379,-0.07077003307864138
7707363,1789028300053000000,550,HEAD_POSE_ESTIMATE,estimated,-0.9991132745905704,9.285094556168058,3.1028908191928344,0.02515409735816583,-0.009664462044446112,-0.07803811837531484
7721363,1789028300067000000,551,HEAD_POSE_ESTIMATE,estimated,-1.0240999004960858,9.284719333259652,3.089035634755351,0.018997420616598107,-0.021587152777788516,-0.0631641414065476
7734363,1789028300080000000,552,HEAD_POSE_ESTIMATE,estimated,-1.0333138389841017,9.267625822652874,3.0862604829925875,0.015595419157482008,-0.02976148673499649,-0.03549692174397993
7749363,1789028300095000000,553,HEAD_POSE_ESTIMATE,estimated,-1.0369481668782692,9.246108337995619,3.061672073989305,0.01515182298109216,-0.037258283227949766,0.00593708700140649
7763363,1789028300109000000,554,HEAD_POSE_ESTIMATE,estimated,-1.0403473037558313,9.234877876383306,3.044983606060667,0.019158257977314044,-0.04281968803606315,0.04635829134603262
7777363,1789028300123000000,555,HEAD_POSE_ESTIMATE,estimated,-1.0300523047505563,9.231754476536935,3.019448158198054,0.027603472561008424,-0.04477891631813019,0.08548969232445003
7791363,1789028300137000000,556,HEAD_POSE_ESTIMATE,estimated,-1.0311469207971142,9.237315317793923,2.9825207015199786,0.04234064390920652,-0.045382786797790384,0.11060674063080962
7805363,1789028300151000000,557,HEAD_POSE_ESTIMATE,estimated,-1.03142642227371,9.243401704724745,2.95232742573826,0.05515465900064251,-0.04220181864336878,0.13517400130491927
7819363,1789028300165000000,558,HEAD_POSE_ESTIMATE,estimated,-1.0087842490240482,9.263051422635362,2.910760710370682,0.06644606842678163,-0.03340179727704318,0.1539700831241874
7833363,1789028300179000000,559,HEAD_POSE_ESTIMATE,estimated,-0.9950984385365322,9.292331580822538,2.863218350063057,0.0751764593076319,-0.019562392468928137,0.1659440214539167
7847363,1789028300193000000,560,HEAD_POSE_ESTIMATE,estimated,-0.9780643314886108,9.326573834571718,2.826529821472131,0.07976084033462347,-0.00753906707498536,0.17077494323630682
7861363,1789028300207000000,561,HEAD_POSE_ESTIMATE,estimated,-0.960080285004607,9.362044472036091,2.792040796419709,0.08635138568379117,0.01030267426652243,0.1691433109816984
7875363,1789028300221000000,562,HEAD_POSE_ESTIMATE,estimated,-0.9331444463240496,9.404686528269224,2.757782956971054,0.09276946248325979,0.03394470695126162,0.16494104116885755
7888363,1789028300234000000,563,HEAD_POSE_ESTIMATE,estimated,-0.8916523374255326,9.434749441922063,2.754412220617418,0.09615524638593392,0.05541700633674459,0.16071560463762685
7903363,1789028300249000000,564,HEAD_POSE_ESTIMATE,estimated,-0.8404274511676758,9.476137156017721,2.7542213128121045,0.09835920262162283,0.08577699750086269,0.1588048893885753
7916363,1789028300262000000,565,HEAD_POSE_ESTIMATE,estimated,-0.7980064661758639,9.507195354661313,2.755154086058009,0.09991865543889313,0.11476255250802896,0.16204511613449646
7931363,1789028300277000000,566,HEAD_POSE_ESTIMATE,estimated,-0.7435316573174755,9.533600325522595,2.761350189664409,0.10266889988763625,0.14740459901693387,0.17263517452147178
7945363,1789028300291000000,567,HEAD_POSE_ESTIMATE,estimated,-0.6874041934452841,9.560180165817469,2.77148696443031,0.10281556784877757,0.17835901482568026,0.18693436690815748
7959363,1789028300305000000,568,HEAD_POSE_ESTIMATE,estimated,-0.6295352087422258,9.577631625712524,2.7833918373038475,0.10369855931443633,0.20624356640365404,0.19952721056327274
7971363,1789028300317000000,569,HEAD_POSE_ESTIMATE,estimated,-0.5776417520106499,9.590245612338572,2.7936301403920027,0.1051567796552209,0.22401326500951246,0.20565603244757985
7985363,1789028300331000000,570,HEAD_POSE_ESTIMATE,estimated,-0.5294473771045007,9.581364142581736,2.8177204918483336,0.11261246518208967,0.23867504725391578,0.2058251596012258
7999363,1789028300345000000,571,HEAD_POSE_ESTIMATE,estimated,-0.48328371581749413,9.577859104329193,2.8155849120921497,0.11753677393775788,0.24118504822085932,0.19587726063655758
8013363,1789028300359000000,572,HEAD_POSE_ESTIMATE,estimated,-0.44484414007877393,9.576846741614526,2.8054761841033184,0.11804940990961246,0.23215101578590341,0.1778216952704144
8027363,1789028300373000000,573,HEAD_POSE_ESTIMATE,estimated,-0.43073836093606543,9.565251433043326,2.7848110829221486,0.11461742894042254,0.22005641749247834,0.15453419619578526
8041363,1789028300387000000,574,HEAD_POSE_ESTIMATE,estimated,-0.41695071906685166,9.55835305861721,2.7418228046298605,0.10729488463603064,0.19918937866376182,0.1293974022437595
8055363,1789028300401000000,575,HEAD_POSE_ESTIMATE,estimated,-0.4310194405293701,9.554222505287727,2.6802911527056676,0.09690188824547147,0.17604462702283472,0.1082704413001407
8069363,1789028300415000000,576,HEAD_POSE_ESTIMATE,estimated,-0.4396295620794881,9.537476968659135,2.6183888180797275,0.08505757110782666,0.15800702344684528,0.09516299703840846
8083363,1789028300429000000,577,HEAD_POSE_ESTIMATE,estimated,-0.4434916364592688,9.532876373244669,2.546341475777132,0.07773546113452305,0.13804550015897,0.08926125381703835
8097363,1789028300443000000,578,HEAD_POSE_ESTIMATE,estimated,-0.4353286162220988,9.513123728060059,2.4913652286236623,0.07685934206634822,0.11973036619873283,0.09046121065073524
8111363,1789028300457000000,579,HEAD_POSE_ESTIMATE,estimated,-0.41560331012523744,9.48075148770832,2.4362362303724168,0.08184787967923815,0.10322821173745672,0.09755326632175387
8125363,1789028300471000000,580,HEAD_POSE_ESTIMATE,estimated,-0.3973197173400007,9.438213274051385,2.378971882023521,0.09331256837570656,0.08660826284685606,0.10424742809298504
8139363,1789028300485000000,581,HEAD_POSE_ESTIMATE,estimated,-0.3699232033123065,9.40250760991278,2.3220513901979993,0.1058155633189391,0.06808346095957524,0.10549886516905643
8153363,1789028300499000000,582,HEAD_POSE_ESTIMATE,estimated,-0.34029032838587436,9.376521728478899,2.2599047224656137,0.11476957721782191,0.04525744827699216,0.10251393157572873
8167363,1789028300513000000,583,HEAD_POSE_ESTIMATE,estimated,-0.3073521639446315,9.351651920764844,2.208441693543593,0.12694332908138772,0.021617121307343643,0.09248112206216909
8182363,1789028300528000000,584,HEAD_POSE_ESTIMATE,estimated,-0.27247604188645974,9.31038855198734,2.1681437312015275,0.1283510306005381,-0.003900818414399839,0.08551851002459526
8195363,1789028300541000000,585,HEAD_POSE_ESTIMATE,estimated,-0.2439046959857225,9.273826953316417,2.1522631084908332,0.11631321793497573,-0.02545223708404335,0.08015949322329947
8209363,1789028300555000000,586,HEAD_POSE_ESTIMATE,estimated,-0.2338903742688721,9.241707594196187,2.172110019522712,0.08992903108340142,-0.04387559462937391,0.07668720571799037
8223363,1789028300569000000,587,HEAD_POSE_ESTIMATE,estimated,-0.21944798362019163,9.219553039920084,2.1954507877948286,0.04814804135753749,-0.06126863918083135,0.06852838460124323
8237363,1789028300583000000,588,HEAD_POSE_ESTIMATE,estimated,-0.21431237829129102,9.19805119166374,2.2525514574928107,-0.006456106828547104,-0.07819835230530568,0.0554051876652613
8251363,1789028300597000000,589,HEAD_POSE_ESTIMATE,estimated,-0.20537163638770511,9.179322122636899,2.311100090309771,-0.07230439471395701,-0.10178588762040677,0.03617642779102356
8265363,1789028300611000000,590,HEAD_POSE_ESTIMATE,estimated,-0.20662993980729188,9.17759842726913,2.3713780718544273,-0.13942487770945206,-0.12570675030902198,0.009551977707539454
8278363,1789028300624000000,591,HEAD_POSE_ESTIMATE,estimated,-0.20642110800210858,9.174074049580303,2.4542827146392288,-0.20451542493067532,-0.1548154806859579,-0.017477388141479054
8292363,1789028300638000000,592,HEAD_POSE_ESTIMATE,estimated,-0.217764997457306,9.17464183865715,2.5330021873391897,-0.26947154215478347,-0.1933509099302244,-0.043226219855418524
8306363,1789028300652000000,593,HEAD_POSE_ESTIMATE,estimated,-0.22812919456057057,9.193263383376488,2.6113429563878032,-0.33041159064381154,-0.23441533419042412,-0.06374862718206419
8321363,1789028300667000000,594,HEAD_POSE_ESTIMATE,estimated,-0.24137973555080447,9.198088171042363,2.7199548578214365,-0.38100962124868876,-0.278256943566019,-0.07598070474595929
8334363,1789028300680000000,595,HEAD_POSE_ESTIMATE,estimated,-0.24228556608908236,9.214141559755408,2.801057252959403,-0.4084318786042857,-0.31469761360548554,-0.0776556791963966
8348363,1789028300694000000,596,HEAD_POSE_ESTIMATE,estimated,-0.2285957230874465,9.224060980827835,2.893976162762449,-0.42206274214537426,-0.347701787954535,-0.06736199064091092
8362363,1789028300708000000,597,HEAD_POSE_ESTIMATE,estimated,-0.20916145209928166,9.251642580455824,2.970664820975269,-0.41603049081186294,-0.36962310297977435,-0.05166846034768752
8376363,1789028300722000000,598,HEAD_POSE_ESTIMATE,estimated,-0.1685885471420167,9.27582678842658,3.057636492255725,-0.3986528187709242,-0.3803790839208487,-0.03804386669450273
8390363,1789028300736000000,599,HEAD_POSE_ESTIMATE,estimated,-0.12806338374892057,9.300286848982308,3.123089475071328,-0.3776289869831885,-0.38188792515529973,-0.0353275909053549
8404363,1789028300750000000,600,HEAD_POSE_ESTIMATE,estimated,-0.09122233068391805,9.307927356499505,3.1886010575675314,-0.3518660598147039,-0.37576951499378775,-0.045785605458157144
8418363,1789028300764000000,601,HEAD_POSE_ESTIMATE,estimated,-0.055378445009507726,9.307957223916436,3.2325772341647347,-0.3220314009088641,-0.3635021507353236,-0.06714131984600134
8431363,1789028300777000000,602,HEAD_POSE_ESTIMATE,estimated,-0.03677558206994541,9.297745659119116,3.2730931893690385,-0.2958496823027587,-0.3501114599496583,-0.09846438248954821
8446363,1789028300792000000,603,HEAD_POSE_ESTIMATE,estimated,-0.024159954120208826,9.280842991332003,3.3201260873972567,-0.26492696560210344,-0.33500899749718704,-0.12975674305884433
8459363,1789028300805000000,604,HEAD_POSE_ESTIMATE,estimated,-0.047963575545271864,9.271674454374601,3.3669100600330557,-0.2400899023950269,-0.3203888306740304,-0.15851137004295981
8473363,1789028300819000000,605,HEAD_POSE_ESTIMATE,estimated,-0.07849960240796339,9.265768160693176,3.4053839302120315,-0.2148662948364561,-0.30178390648355397,-0.18933344423115947
8487363,1789028300833000000,606,HEAD_POSE_ESTIMATE,estimated,-0.14709513319555323,9.244759603639292,3.4502550170521857,-0.19639693899834904,-0.28605319968145737,-0.21073269764248667
8501363,1789028300847000000,607,HEAD_POSE_ESTIMATE,estimated,-0.20704126758732305,9.220080788236118,3.4939036663783107,-0.17408947674028155,-0.2667136322010517,-0.23033814071065992
8515363,1789028300861000000,608,HEAD_POSE_ESTIMATE,estimated,-0.2686335996418322,9.206975329162727,3.517110484278156,-0.15143105584317487,-0.2463259361059777,-0.24778782536179672
8529363,1789028300875000000,609,HEAD_POSE_ESTIMATE,estimated,-0.34464113922060746,9.19148390170283,3.561195736338847,-0.1267760934710413,-0.22616111939086306,-0.2652666539481583
8542363,1789028300888000000,610,HEAD_POSE_ESTIMATE,estimated,-0.3951866807620483,9.170872799852553,3.6058507023957564,-0.1108566640001986,-0.20916177095991406,-0.2778513678393029
8556363,1789028300902000000,611,HEAD_POSE_ESTIMATE,estimated,-0.4817273545815004,9.157578619569058,3.646134889607317,-0.10354684735891465,-0.19632089454368865,-0.29170953927814863
8569363,1789028300915000000,612,HEAD_POSE_ESTIMATE,estimated,-0.5571686556557848,9.146667846049297,3.6815549351048293,-0.10760609959832677,-0.19075315797349288,-0.3097842746918393
8584363,1789028300930000000,613,HEAD_POSE_ESTIMATE,estimated,-0.6257688877395897,9.150978527563613,3.7250799717910805,-0.11488708516994306,-0.18888321467234695,-0.32044458397654146
8598363,1789028300944000000,614,HEAD_POSE_ESTIMATE,estimated,-0.7018763548881964,9.153496325393709,3.7542864327129384,-0.12384821263447768,-0.19214691035683387,-0.325387159841831
8612363,1789028300958000000,615,HEAD_POSE_ESTIMATE,estimated,-0.7674271773263455,9.15245264696302,3.7762757811204226,-0.13019943422178445,-0.19921267799011333,-0.31898802458158976
8626363,1789028300972000000,616,HEAD_POSE_ESTIMATE,estimated,-0.8201647587175928,9.123420464555272,3.8122951644683623,-0.12865048930063055,-0.20667667701793474,-0.30773295767718845
8641363,1789028300987000000,617,HEAD_POSE_ESTIMATE,estimated,-0.8554126661336912,9.107949884852367,3.840945279714542,-0.12184647224082883,-0.21280747530044103,-0.286912246283421
8652363,1789028300998000000,618,HEAD_POSE_ESTIMATE,estimated,-0.8795529086547308,9.10882786540493,3.8523805020903783,-0.1103843191925183,-0.21572549834953011,-0.26585331926855504
8667363,1789028301013000000,619,HEAD_POSE_ESTIMATE,estimated,-0.9130038454581749,9.13441941436963,3.860581993509938,-0.08810813550678119,-0.2114196172653776,-0.2397903109510244
8681363,1789028301027000000,620,HEAD_POSE_ESTIMATE,estimated,-0.9281802886704994,9.157563796050718,3.8399938187973803,-0.061898846753338815,-0.2037277608341013,-0.21220955193277738
8694363,1789028301040000000,621,HEAD_POSE_ESTIMATE,estimated,-0.9520037502874557,9.173210471055484,3.8123720784557538,-0.0310773887161293,-0.1922571591735379,-0.18502412224646642
8708363,1789028301054000000,622,HEAD_POSE_ESTIMATE,estimated,-0.9750950252604405,9.163793039896635,3.7828710366201,0.002410474041401851,-0.17751263334075285,-0.16357511281946943
8723363,1789028301069000000,623,HEAD_POSE_ESTIMATE,estimated,-0.9855222652045215,9.166468171108688,3.742992951080563,0.03557389300024114,-0.16392684733243526,-0.14687692032570232
8737363,1789028301083000000,624,HEAD_POSE_ESTIMATE,estimated,-0.9863533083913335,9.176925025720745,3.7057446713397506,0.06312886184584567,-0.15625608335597116,-0.13954577909504204
8750363,1789028301096000000,625,HEAD_POSE_ESTIMATE,estimated,-1.0005093637153215,9.186616703524493,3.674212761131285,0.0814839489214118,-0.15231724660781137,-0.1374496450781831
8763363,1789028301109000000,626,HEAD_POSE_ESTIMATE,estimated,-1.006082649238439,9.192556786326554,3.6490661644784628,0.09346731506431098,-0.15601099410256378,-0.14309290546680528
8777363,1789028301123000000,627,HEAD_POSE_ESTIMATE,estimated,-1.0349008128034258,9.212649499610155,3.61081864700878,0.10223314883071184,-0.15697533950241652,-0.14784335218005193
8791363,1789028301137000000,628,HEAD_POSE_ESTIMATE,estimated,-1.068505430373819,9.240723594223777,3.5717048699358696,0.11071932771443825,-0.1543523205618478,-0.15203794373318838
8805363,1789028301151000000,629,HEAD_POSE_ESTIMATE,estimated,-1.1014035276085368,9.249346522326475,3.5426783898495615,0.11687344720846467,-0.14975279520292512,-0.15568476711314386
8819363,1789028301165000000,630,HEAD_POSE_ESTIMATE,estimated,-1.1408599564459188,9.25208160251186,3.5220811812980424,0.12347086453260793,-0.13993333312636405,-0.15483500288355753
8833363,1789028301179000000,631,HEAD_POSE_ESTIMATE,estimated,-1.178579475263059,9.247828901086393,3.499689469104573,0.12909662410979705,-0.12170286429932439,-0.15055646962412675
8847363,1789028301193000000,632,HEAD_POSE_ESTIMATE,estimated,-1.1989232168848674,9.218030619575595,3.502867113722501,0.13725000894694542,-0.10136191445861496,-0.1397220874893238
8861363,1789028301207000000,633,HEAD_POSE_ESTIMATE,estimated,-1.2186426668519865,9.19392739580119,3.4872153864699764,0.14346523661203192,-0.07404572926393277,-0.13116055634175955
8875363,1789028301221000000,634,HEAD_POSE_ESTIMATE,estimated,-1.243727147505977,9.161221025530416,3.4663583951816572,0.1475892148499127,-0.04355984421145359,-0.12339888268637685
8889363,1789028301235000000,635,HEAD_POSE_ESTIMATE,estimated,-1.2744068531621662,9.135006737761662,3.442469386362471,0.15712300781562674,-0.011209932053105352,-0.11941853954464772
8903363,1789028301249000000,636,HEAD_POSE_ESTIMATE,estimated,-1.3020418458108987,9.108141629954293,3.4229243435122374,0.16032963129301422,0.01995148212603561,-0.11713737789921666
8919363,1789028301265000000,637,HEAD_POSE_ESTIMATE,estimated,-1.3417104515431086,9.097452794421534,3.391640017898779,0.15326743851014654,0.05220232082852361,-0.11414242375500058
8929363,1789028301275000000,638,HEAD_POSE_ESTIMATE,estimated,-1.3714685705933185,9.101694840106353,3.363615584755876,0.14244697747496626,0.07157858422028622,-0.11356031568696169
8944363,1789028301290000000,639,HEAD_POSE_ESTIMATE,estimated,-1.4057154447707942,9.125039304961428,3.318240781656006,0.11474416276583428,0.09563611412721147,-0.10548863333450306
8957363,1789028301303000000,640,HEAD_POSE_ESTIMATE,estimated,-1.4416304243287068,9.148330079568394,3.2724436721597163,0.08571777642467246,0.11289812095425114,-0.0952898954542914
8972363,1789028301318000000,641,HEAD_POSE_ESTIMATE,estimated,-1.4706524812102517,9.192321733852516,3.2027319782378894,0.06096357942154887,0.12627806428684205,-0.08739046252562253
8985363,1789028301331000000,642,HEAD_POSE_ESTIMATE,estimated,-1.483779721270039,9.217053926609433,3.1542079481159835,0.04798109682718931,0.13485455712129332,-0.08635506105983627
9000363,1789028301346000000,643,HEAD_POSE_ESTIMATE,estimated,-1.482347949370255,9.248139163715507,3.101365617936738,0.04963899368095463,0.1375078607721683,-0.08927292925526943
9013363,1789028301359000000,644,HEAD_POSE_ESTIMATE,estimated,-1.4724244453852111,9.274224524135638,3.04879313469083,0.0629105361985398,0.13633607898987216,-0.09034184623219121
9027363,1789028301373000000,645,HEAD_POSE_ESTIMATE,estimated,-1.4504957903888032,9.286442989727359,3.000451815924152,0.0865388961767422,0.13734396441704602,-0.0916935605309994
9041363,1789028301387000000,646,HEAD_POSE_ESTIMATE,estimated,-1.4124732237884496,9.291529652039625,2.959124495490628,0.1081894862154744,0.13805641915175082,-0.08406369397549399
9056363,1789028301402000000,647,HEAD_POSE_ESTIMATE,estimated,-1.380248935160364,9.283490522429666,2.9009268966060753,0.13033260388629805,0.13919612083275495,-0.06649066643542861
9070363,1789028301416000000,648,HEAD_POSE_ESTIMATE,estimated,-1.3493974107075668,9.251500382249485,2.8695514866028398,0.14860144396139616,0.14691584016798062,-0.04035561662279675
9083363,1789028301429000000,649,HEAD_POSE_ESTIMATE,estimated,-1.3228611569851256,9.22832492351774,2.8415335527510295,0.1601146502148147,0.1510054190027891,-0.01295130206076061
9098363,1789028301444000000,650,HEAD_POSE_ESTIMATE,estimated,-1.2792722463751514,9.21479992130238,2.8315159320281924,0.15880572460267303,0.1554133557236003,0.013346646347344355
9111363,1789028301457000000,651,HEAD_POSE_ESTIMATE,estimated,-1.2385534235976272,9.22251493165015,2.846305171123735,0.14351262301225812,0.15912449796896005,0.031943550531974
9126363,1789028301472000000,652,HEAD_POSE_ESTIMATE,estimated,-1.2050633549644139,9.229676770260658,2.8635072506982175,0.11871291238840881,0.15861564202815426,0.047289925989358
9139363,1789028301485000000,653,HEAD_POSE_ESTIMATE,estimated,-1.1623733150721864,9.234566799671805,2.8833836950492824,0.09238881555768116,0.15449068343744066,0.05868227516799549
9152363,1789028301498000000,654,HEAD_POSE_ESTIMATE,estimated,-1.139208802052933,9.234329403641476,2.8882949812767524,0.06723468568430263,0.1495721286866015,0.06611107979686391
9166363,1789028301512000000,655,HEAD_POSE_ESTIMATE,estimated,-1.1253989810599667,9.238057359872304,2.899237287800505,0.04873027758428999,0.14393123092725957,0.0736644275686802
9180363,1789028301526000000,656,HEAD_POSE_ESTIMATE,estimated,-1.1246053916352918,9.236541284383065,2.9318714001512225,0.03456613927907908,0.14117714454179933,0.07571518400952305
9195363,1789028301541000000,657,HEAD_POSE_ESTIMATE,estimated,-1.1179534846099513,9.237180395475768,2.967826739792057,0.02269190404176179,0.1424051823919204,0.07497862828634265
9209363,1789028301555000000,658,HEAD_POSE_ESTIMATE,estimated,-1.1146453490420631,9.206329839204807,3.0053263616684047,0.013531295896126491,0.14710464291494355,0.0742684175017423
9223363,1789028301569000000,659,HEAD_POSE_ESTIMATE,estimated,-1.0983631930754452,9.182335062249626,3.0395656624535214,0.0062793812286333975,0.15134666564888435,0.07129272742141064
9237363,1789028301583000000,660,HEAD_POSE_ESTIMATE,estimated,-1.0972039283154102,9.162361350474546,3.064194528736836,0.004611011341519133,0.15244541753964044,0.06233359340905584
9250363,1789028301596000000,661,HEAD_POSE_ESTIMATE,estimated,-1.1041253539312468,9.14016259979854,3.0915981034058233,0.00650806913320231,0.15138895486376663,0.05639262509243162
9265363,1789028301611000000,662,HEAD_POSE_ESTIMATE,estimated,-1.1298780283635141,9.10346370254133,3.118463980933803,0.015443556114668187,0.14778822236987627,0.04505678128125071
9278363,1789028301624000000,663,HEAD_POSE_ESTIMATE,estimated,-1.18330563084495,9.076219567249431,3.145548315232477,0.022283727139897423,0.14137776624929702,0.034880283986857136
9292363,1789028301638000000,664,HEAD_POSE_ESTIMATE,estimated,-1.232389125937233,9.063573682794445,3.1696858214696166,0.024126229796784044,0.13145347595386747,0.021874582423683335
9307363,1789028301653000000,665,HEAD_POSE_ESTIMATE,estimated,-1.2939123903112135,9.079156598106465,3.1951730228719413,0.022217113379052866,0.12349605251116542,0.017780577834915396
9320363,1789028301666000000,666,HEAD_POSE_ESTIMATE,estimated,-1.3507762672598047,9.102006976953719,3.21209221519937,0.01814424227196353,0.1156007318718446,0.017360040601430718
9334363,1789028301680000000,667,HEAD_POSE_ESTIMATE,estimated,-1.4020065285218433,9.134808979761313,3.232115940836453,0.014781734382681712,0.10543177786925377,0.018354977605301828
9348363,1789028301694000000,668,HEAD_POSE_ESTIMATE,estimated,-1.4429996598182109,9.160564516588003,3.2376705105088326,0.010750243230556875,0.09698604474550412,0.010339549477405497
9362363,1789028301708000000,669,HEAD_POSE_ESTIMATE,estimated,-1.4767512593899796,9.201371413737832,3.2338870769936,0.009526277889037862,0.08572453125700716,-0.0035697087064884103
9376363,1789028301722000000,670,HEAD_POSE_ESTIMATE,estimated,-1.5006762791721118,9.260258524964096,3.2277743342303338,0.01234184968223695,0.06951054306937032,-0.0222453201105614
9389363,1789028301735000000,671,HEAD_POSE_ESTIMATE,estimated,-1.5170119133711613,9.309849680368602,3.206719869636427,0.018293143111649045,0.05174456203507071,-0.049514645166985755
9404363,1789028301750000000,672,HEAD_POSE_ESTIMATE,estimated,-1.517790827776471,9.34770674040864,3.1727002053641917,0.039327511644915714,0.026616535772951967,-0.06773056265023907
9418363,1789028301764000000,673,HEAD_POSE_ESTIMATE,estimated,-1.526202845323257,9.35702412907802,3.1316570748169363,0.07029180910703577,0.0002611149699437979,-0.07791132033837828
9431363,1789028301777000000,674,HEAD_POSE_ESTIMATE,estimated,-1.5164501746049954,9.34932359517391,3.087703914936922,0.10940980443108253,-0.02454174119061191,-0.06707857359408448
9445363,1789028301791000000,675,HEAD_POSE_ESTIMATE,estimated,-1.4840835935895662,9.331016581362901,3.0517982383540936,0.15246194997773524,-0.04692227474390458,-0.044574975453226175
9459363,1789028301805000000,676,HEAD_POSE_ESTIMATE,estimated,-1.427632369389933,9.306191480198414,3.0072373941804385,0.19320076539467548,-0.06333781209058897,-0.0019509906294745897
9473363,1789028301819000000,677,HEAD_POSE_ESTIMATE,estimated,-1.3706536775249913,9.273504884344904,2.970979432409984,0.2253383882605982,-0.07211253781944311,0.05075841432453989
9487363,1789028301833000000,678,HEAD_POSE_ESTIMATE,estimated,-1.3124529632598196,9.23808797089599,2.935466594891327,0.2506635438944292,-0.07365657093035805,0.11149184037727738
9502363,1789028301848000000,679,HEAD_POSE_ESTIMATE,estimated,-1.2338280680160474,9.222689300994151,2.8915812343873815,0.26266307700666236,-0.06814018061092456,0.16620401321412087
9516363,1789028301862000000,680,HEAD_POSE_ESTIMATE,estimated,-1.166294480225184,9.214960255306867,2.861716356827876,0.25830447208803414,-0.05904292011816059,0.20950910189407365
9529363,1789028301875000000,681,HEAD_POSE_ESTIMATE,estimated,-1.1211419920451693,9.212332594172734,2.845038171237339,0.24319270608667812,-0.04946694874909857,0.23332905877366988
9544363,1789028301890000000,682,HEAD_POSE_ESTIMATE,estimated,-1.105572826932559,9.205195272808458,2.8422636993510713,0.21667863690821354,-0.04096472500402463,0.24560832144501568
9557363,1789028301903000000,683,HEAD_POSE_ESTIMATE,estimated,-1.0775466430094593,9.21145163265623,2.8343560302871524,0.1817261373293204,-0.037476468844925934,0.24121950561765595
9571363,1789028301917000000,684,HEAD_POSE_ESTIMATE,estimated,-1.0765974433900396,9.243511446994095,2.8236461505550148,0.1476574248063265,-0.0428487118710598,0.22388942595108885
9584363,1789028301930000000,685,HEAD_POSE_ESTIMATE,estimated,-1.0675000633040888,9.29360541207966,2.795559251375196,0.11448664035919373,-0.05103514993391974,0.19641208504369634
9599363,1789028301945000000,686,HEAD_POSE_ESTIMATE,estimated,-1.0855625044721784,9.340592574969063,2.7817177524594485,0.08568755910456215,-0.05936599660854147,0.16777590872573617
9612363,1789028301958000000,687,HEAD_POSE_ESTIMATE,estimated,-1.115935453286273,9.368636435708465,2.7661771236330837,0.06890039643043931,-0.06696894433447985,0.14560020654365702
9626363,1789028301972000000,688,HEAD_POSE_ESTIMATE,estimated,-1.1747732565565616,9.405101926867887,2.755921121185294,0.05393935263115604,-0.07278744413513204,0.12632106677554492
9640363,1789028301986000000,689,HEAD_POSE_ESTIMATE,estimated,-1.2436645129503647,9.426773391744929,2.7471750550532157,0.047430586853269306,-0.0760578023845459,0.11913892154886914
9651363,1789028301997000000,690,HEAD_POSE_ESTIMATE,estimated,-1.2790219844621635,9.452749084944568,2.7308661613398053,0.04775484422207441,-0.07827295729174887,0.11569199626556709
9666363,1789028302012000000,691,HEAD_POSE_ESTIMATE,estimated,-1.3251126162372735,9.470686479494661,2.710524334652558,0.051073645242485644,-0.07519821480096896,0.1324139734411566
9680363,1789028302026000000,692,HEAD_POSE_ESTIMATE,estimated,-1.3382226562788326,9.497348710760638,2.6828812674417946,0.05843847156413455,-0.06994754507127517,0.15337897745390996
9698363,1789028302044000000,693,HEAD_POSE_ESTIMATE,estimated,-1.3388547364773506,9.532810074970754,2.6383962096890268,0.06882247953219112,-0.05912502830739088,0.18805461068912366
9713363,1789028302059000000,694,HEAD_POSE_ESTIMATE,estimated,-1.298499994869614,9.523769919752924,2.5943591054485244,0.07428009659188832,-0.048614930962829275,0.22305403771564197
9725363,1789028302071000000,695,HEAD_POSE_ESTIMATE,estimated,-1.2559699354283644,9.508556477497628,2.5610220026900397,0.08176279491279276,-0.039356094509659066,0.254601763366503
9735363,1789028302081000000,696,HEAD_POSE_ESTIMATE,estimated,-1.2159570857173434,9.493462566063616,2.5358948828486554,0.08991517409611646,-0.030861091322757713,0.2832752694154263
9749363,1789028302095000000,697,HEAD_POSE_ESTIMATE,estimated,-1.1650707497968587,9.461396739094456,2.5084796086522116,0.09809212307657576,-0.018317221483736938,0.305474418241919
9763363,1789028302109000000,698,HEAD_POSE_ESTIMATE,estimated,-1.0868599052492758,9.466732040666216,2.4736807821841182,0.10307972317736146,0.0005267605564978233,0.32106817702148105
9777363,1789028302123000000,699,HEAD_POSE_ESTIMATE,estimated,-1.0103091182229342,9.48092093661881,2.426185942122044,0.10408670220372628,0.02258541546530214,0.3266531561491316
9791363,1789028302137000000,700,HEAD_POSE_ESTIMATE,estimated,-0.915229385620612,9.51517055246357,2.3771489047498013,0.10843886641206284,0.04524416191789578,0.322665061298258
9805363,1789028302151000000,701,HEAD_POSE_ESTIMATE,estimated,-0.8182028741980929,9.484436438742945,2.3096703010120665,0.11466979754119995,0.0690919429880409,0.3146154819478377
9820363,1789028302166000000,702,HEAD_POSE_ESTIMATE,estimated,-0.7523562813919664,9.438482955412445,2.256876569244202,0.12983128139491806,0.08443158133210917,0.29741190267156886
9834363,1789028302180000000,703,HEAD_POSE_ESTIMATE,estimated,-0.70413864507721,9.388095477649859,2.224267209576421,0.14971370739002968,0.08985579906129003,0.27568569932207176
9848363,1789028302194000000,704,HEAD_POSE_ESTIMATE,estimated,-0.6436807263074569,9.35121329857858,2.202501996356621,0.17672404008874684,0.09041123617673522,0.24465254634668784
9862363,1789028302208000000,705,HEAD_POSE_ESTIMATE,estimated,-0.5487361649191009,9.327117061659536,2.181737746213833,0.19291684939119058,0.07887722740866093,0.2069650170889723
9876363,1789028302222000000,706,HEAD_POSE_ESTIMATE,estimated,-0.4495652202121286,9.329456240188815,2.1652824986301504,0.1974558710611535,0.05756690424699763,0.16722858063452353
9889363,1789028302235000000,707,HEAD_POSE_ESTIMATE,estimated,-0.34801413040877016,9.346675363973358,2.144663836329172,0.18709226712404634,0.026280086231455512,0.14035476713338635
9904363,1789028302250000000,708,HEAD_POSE_ESTIMATE,estimated,-0.21936793205143684,9.344559190599146,2.1452038766817245,0.16272785962908057,-0.012585238914073253,0.12431648777689633
9917363,1789028302263000000,709,HEAD_POSE_ESTIMATE,estimated,-0.11903594308344126,9.350925039625135,2.143791159563931,0.12940256846363593,-0.04942994328205037,0.12908127824137172
9931363,1789028302277000000,710,HEAD_POSE_ESTIMATE,estimated,-0.0013566558169690879,9.344509282749696,2.1626845087829043,0.08729652952980996,-0.08395957706632287,0.15103550457693138
9945363,1789028302291000000,711,HEAD_POSE_ESTIMATE,estimated,0.11262927519064381,9.37506090353009,2.193488212747436,0.04149006160112082,-0.1101311458129928,0.1920957861145578
9959363,1789028302305000000,712,HEAD_POSE_ESTIMATE,estimated,0.23672713747377855,9.427633969717492,2.2573861778417985,-0.0037917195917006835,-0.1309451975491803,0.23553818265839754
9973363,1789028302319000000,713,HEAD_POSE_ESTIMATE,estimated,0.3492775489087285,9.512282643405356,2.2910764924678406,-0.04047637586868428,-0.14981163491472022,0.27420916385409555
9987363,1789028302333000000,714,HEAD_POSE_ESTIMATE,estimated,0.4792408287129739,9.61697900757492,2.3161531481778215,-0.06094338455000386,-0.16779936981423266,0.29793003206720375
10001363,1789028302347000000,715,HEAD_POSE_ESTIMATE,estimated,0.5602201774041259,9.689647363755306,2.324502130611466,-0.0663896310117045,-0.18391013830131797,0.3048000179618229
10015363,1789028302361000000,716,HEAD_POSE_ESTIMATE,estimated,0.6622806652138089,9.741698755043297,2.3288769861159375,-0.06220373628961608,-0.19928308721840154,0.2946953940255039
10029363,1789028302375000000,717,HEAD_POSE_ESTIMATE,estimated,0.7157377205568747,9.760020438188086,2.320868890915013,-0.04485828344433964,-0.21800975973153824,0.26364346481229645
10043363,1789028302389000000,718,HEAD_POSE_ESTIMATE,estimated,0.7593134455078178,9.786888084358,2.3186798490049507,-0.028183204107190832,-0.23540244471050606,0.22588066547834593
10057363,1789028302403000000,719,HEAD_POSE_ESTIMATE,estimated,0.7609004978296998,9.817538668604715,2.305178605870308,-0.01012577393605711,-0.25943407756074427,0.18549803374541812
10071363,1789028302417000000,720,HEAD_POSE_ESTIMATE,estimated,0.762390861767184,9.849898250758049,2.302537277701881,0.005232315996067679,-0.28543458613845907,0.15500607452199713
10085363,1789028302431000000,721,HEAD_POSE_ESTIMATE,estimated,0.757849824285887,9.861084179025985,2.287113193174155,0.023278290903086116,-0.3042867462537717,0.1396887780675436
10099363,1789028302445000000,722,HEAD_POSE_ESTIMATE,estimated,0.7489868490160269,9.856583813012131,2.2743509953796814,0.052026849899110016,-0.3184446922154276,0.14028090937604754
10113363,1789028302459000000,723,HEAD_POSE_ESTIMATE,estimated,0.7502730531070272,9.846836726350372,2.246976834952313,0.08607912212679245,-0.3226184838034982,0.13682384322486751
10127363,1789028302473000000,724,HEAD_POSE_ESTIMATE,estimated,0.7360693160890361,9.813918448960875,2.2241618227998834,0.1252000450352538,-0.3236010447066267,0.143810217067179
10140363,1789028302486000000,725,HEAD_POSE_ESTIMATE,estimated,0.7378441181557288,9.79249472789871,2.205668800189103,0.1598089325452607,-0.31755198196564116,0.137966626086285
10153363,1789028302499000000,726,HEAD_POSE_ESTIMATE,estimated,0.7260714198731117,9.76315615716956,2.1665245661060144,0.19367514717186243,-0.3107172454076703,0.1176144319427678
10168363,1789028302514000000,727,HEAD_POSE_ESTIMATE,estimated,0.6932107134651299,9.715069045608548,2.143871333377984,0.2280367662333497,-0.30918846956009893,0.07849925562696637
10182363,1789028302528000000,728,HEAD_POSE_ESTIMATE,estimated,0.6537439401860702,9.668036424980901,2.129893193995536,0.2525609042838912,-0.30532748253859304,0.03378700781306294
10196363,1789028302542000000,729,HEAD_POSE_ESTIMATE,estimated,0.5970806024562726,9.625712057810418,2.0902433792567257,0.26807185756741575,-0.3021756588705094,-0.015922875030171518
10211363,1789028302557000000,730,HEAD_POSE_ESTIMATE,estimated,0.5399173772670882,9.579700574040666,2.0888501308428293,0.27608068189352536,-0.2990386115571719,-0.07035358889879602
10223363,1789028302569000000,731,HEAD_POSE_ESTIMATE,estimated,0.5085746364452924,9.547149314681558,2.08351700728966,0.2729807245753453,-0.30017919594704134,-0.11302673415922748
10239363,1789028302585000000,732,HEAD_POSE_ESTIMATE,estimated,0.4429162676895555,9.504022163493753,2.0901738377028267,0.25612439759011096,-0.30273000447020393,-0.15535103133007616
10250363,1789028302596000000,733,HEAD_POSE_ESTIMATE,estimated,0.40930535065380047,9.48147375386765,2.081450361939591,0.23206817070814656,-0.30634506724589317,-0.17448273579972046
10264363,1789028302610000000,734,HEAD_POSE_ESTIMATE,estimated,0.3716958671004646,9.445291985404166,2.0759153624993387,0.20033071905620223,-0.3105441212906011,-0.18396008183900353
10279363,1789028302625000000,735,HEAD_POSE_ESTIMATE,estimated,0.3142204109065335,9.446801566773212,2.076080611550306,0.16146968705395306,-0.309500691337129,-0.17881727694524926
10292363,1789028302638000000,736,HEAD_POSE_ESTIMATE,estimated,0.2839574069515643,9.466663160299692,2.074784083398231,0.13022717473013232,-0.3059710783059469,-0.16333666019262102
10307363,1789028302653000000,737,HEAD_POSE_ESTIMATE,estimated,0.2570514789892424,9.486751522552288,2.062694552519143,0.10740313826120082,-0.2977708639227753,-0.14132077258068296
10320363,1789028302666000000,738,HEAD_POSE_ESTIMATE,estimated,0.2543342439389167,9.513560819024345,2.0643192883991275,0.09005838637967459,-0.28686528388804605,-0.11814380289818341
10334363,1789028302680000000,739,HEAD_POSE_ESTIMATE,estimated,0.24951377404159558,9.553547239009783,2.0468993910031195,0.08770975820547354,-0.2771687503368093,-0.10074651219675404
10348363,1789028302694000000,740,HEAD_POSE_ESTIMATE,estimated,0.23792287849852423,9.576644645163864,2.035491244235637,0.09308320257414919,-0.26444884893245096,-0.09597772243355224
10362363,1789028302708000000,741,HEAD_POSE_ESTIMATE,estimated,0.23427522670068118,9.594069063547126,2.0069974083571194,0.1099784934314063,-0.2579270863529797,-0.10239161601973573
10376363,1789028302722000000,742,HEAD_POSE_ESTIMATE,estimated,0.21421361925989904,9.59768974260025,1.9784662284245238,0.13367626478624944,-0.252302834283499,-0.11710712448169823
10390363,1789028302736000000,743,HEAD_POSE_ESTIMATE,estimated,0.18556317659826735,9.591685758458773,1.9544585081083437,0.1569330830101659,-0.24847747384967567,-0.14194746783521425
10404363,1789028302750000000,744,HEAD_POSE_ESTIMATE,estimated,0.16296070967806875,9.580513308349866,1.9464638914173193,0.17774597967383104,-0.24986972507050037,-0.16351372988098728
10418363,1789028302764000000,745,HEAD_POSE_ESTIMATE,estimated,0.12013531996040946,9.575048230246791,1.9333427028268328,0.18915354652013258,-0.25356092569465927,-0.18153466550100777
10431363,1789028302777000000,746,HEAD_POSE_ESTIMATE,estimated,0.0880262692935244,9.575594106087232,1.9290516934096724,0.1866801600332038,-0.25849597571222577,-0.1880096327361839
10446363,1789028302792000000,747,HEAD_POSE_ESTIMATE,estimated,0.05455671932593138,9.568377988801226,1.9287738339394929,0.17483748664816806,-0.2648314040830935,-0.1891795479039029
10460363,1789028302806000000,748,HEAD_POSE_ESTIMATE,estimated,0.027067286256606628,9.567462421114236,1.9199222328565833,0.15848793770420005,-0.26785351956560743,-0.18206090737383535
10474363,1789028302820000000,749,HEAD_POSE_ESTIMATE,estimated,0.0030192494925973534,9.576417314418771,1.9036771814065174,0.14468043131091157,-0.26277718548765816,-0.1710947442474625
10488363,1789028302834000000,750,HEAD_POSE_ESTIMATE,estimated,-0.007136217780389344,9.590022121792202,1.904669110713583,0.1343708237323078,-0.2531361831167781,-0.15775368734989595
10502363,1789028302848000000,751,HEAD_POSE_ESTIMATE,estimated,-0.023879441866964734,9.613596908133308,1.8895691069458411,0.13062358338844662,-0.234974117306974,-0.14532891654671287
10515363,1789028302861000000,752,HEAD_POSE_ESTIMATE,estimated,-0.041559889270198644,9.637992708967339,1.8798075306247752,0.13218861845638227,-0.21171006142027682,-0.13501071599948755
10529363,1789028302875000000,753,HEAD_POSE_ESTIMATE,estimated,-0.091391329803194,9.666577230058586,1.8679666490801634,0.1358971586708037,-0.1839080418131402,-0.1278525060740086
10543363,1789028302889000000,754,HEAD_POSE_ESTIMATE,estimated,-0.14019001355417746,9.701617155883453,1.841380290764317,0.14121162411051585,-0.15207643819092942,-0.12472835131244768
10556363,1789028302902000000,755,HEAD_POSE_ESTIMATE,estimated,-0.18304821492448953,9.73094562034445,1.7958233349531052,0.14987505808581178,-0.1190997950739179,-0.1271702449397551
10570363,1789028302916000000,756,HEAD_POSE_ESTIMATE,estimated,-0.22548586671710463,9.753485216339975,1.757689719516931,0.1612642236862255,-0.08889632491958639,-0.13685851650552325
10584363,1789028302930000000,757,HEAD_POSE_ESTIMATE,estimated,-0.2564282425531731,9.77130524560294,1.7200808240156178,0.17847422984168873,-0.05955040933324611,-0.150651795986306
10597363,1789028302943000000,758,HEAD_POSE_ESTIMATE,estimated,-0.2822527558582662,9.775533522215557,1.6842240037697171,0.19862886774051916,-0.034494292531102005,-0.16669856871625113
10612363,1789028302958000000,759,HEAD_POSE_ESTIMATE,estimated,-0.30140975724744123,9.763922098667008,1.6536564521945332,0.2247157727471353,-0.007581231034752666,-0.18338819395636954
10626363,1789028302972000000,760,HEAD_POSE_ESTIMATE,estimated,-0.32549778016448894,9.736363903440209,1.6404191001729507,0.2507396411367598,0.012935378809805722,-0.19540049091337003
10640363,1789028302986000000,761,HEAD_POSE_ESTIMATE,estimated,-0.36361569263738813,9.720153109821565,1.5991389101189148,0.27386353627330523,0.03224965073647607,-0.2038383627313709
10654363,1789028303000000000,762,HEAD_POSE_ESTIMATE,estimated,-0.3895618405632786,9.698549569916697,1.5541792760685853,0.2925180099589777,0.052709095641441564,-0.20815271241184347
10668363,1789028303014000000,763,HEAD_POSE_ESTIMATE,estimated,-0.4125855263176113,9.681698977149438,1.510015476817209,0.3048097676769885,0.07442098260330346,-0.21148743351582924
10682363,1789028303028000000,764,HEAD_POSE_ESTIMATE,estimated,-0.4324316834479302,9.665694516184585,1.4404001153556598,0.30542332746133094,0.09549335973007558,-0.20878048426390677
10696363,1789028303042000000,765,HEAD_POSE_ESTIMATE,estimated,-0.44858797950786344,9.64418090486635,1.3783555001379004,0.29766733302716547,0.11761697567157617,-0.1974607521400258
10710363,1789028303056000000,766,HEAD_POSE_ESTIMATE,estimated,-0.45985298439139277,9.624194648457747,1.3195614886991487,0.2853137043021895,0.14721203941065758,-0.1773750236975803
10724363,1789028303070000000,767,HEAD_POSE_ESTIMATE,estimated,-0.48708248051555125,9.612109310272901,1.2514538794424013,0.26823258079863144,0.17509477862978892,-0.1476001117479727
10738363,1789028303084000000,768,HEAD_POSE_ESTIMATE,estimated,-0.5307924988859349,9.611917945105342,1.1976343980816762,0.2528567564762636,0.204379312455152,-0.11773811831560846
10751363,1789028303097000000,769,HEAD_POSE_ESTIMATE,estimated,-0.5833129754678608,9.615236316627426,1.1381171795450908,0.2440968971828373,0.2327119683670119,-0.09579425292528397
10765363,1789028303111000000,770,HEAD_POSE_ESTIMATE,estimated,-0.6207074649247264,9.622848021455642,1.0727392103284406,0.24187763296583303,0.2607895189561076,-0.07306270741579694
10779363,1789028303125000000,771,HEAD_POSE_ESTIMATE,estimated,-0.6387374581728095,9.631822913762235,1.004262777064514,0.24525145491453848,0.2865003524400333,-0.06049012834892862
10793363,1789028303139000000,772,HEAD_POSE_ESTIMATE,estimated,-0.6556281508595125,9.628622145552978,0.9341037406078747,0.25249213339083865,0.31300519326429666,-0.05881226804793719
10807363,1789028303153000000,773,HEAD_POSE_ESTIMATE,estimated,-0.6580933037603092,9.63219343711805,0.8693798469346095,0.2565529359391729,0.3311131712830501,-0.07427167733767943
10821363,1789028303167000000,774,HEAD_POSE_ESTIMATE,estimated,-0.6570595196638798,9.618832614501226,0.8161538249006455,0.25507133812064736,0.3435301594384766,-0.09419369654132174
10836363,1789028303182000000,775,HEAD_POSE_ESTIMATE,estimated,-0.6684235170072714,9.603137396940136,0.7710448862167534,0.24484145235708726,0.3485333737999279,-0.1129366598219186
10849363,1789028303195000000,776,HEAD_POSE_ESTIMATE,estimated,-0.6759774613936291,9.570421787094952,0.7476088063988504,0.23584813126582702,0.35075901276203547,-0.13205738271967526
10862363,1789028303208000000,777,HEAD_POSE_ESTIMATE,estimated,-0.6714115678476118,9.54755101865286,0.7213713114418596,0.22050341304634533,0.34799150432183884,-0.1341971468950786
10875363,1789028303221000000,778,HEAD_POSE_ESTIMATE,estimated,-0.6728674380195241,9.526107067481396,0.7056999989335434,0.19647272000716198,0.3427468060764046,-0.11843739816775954
10888363,1789028303234000000,779,HEAD_POSE_ESTIMATE,estimated,-0.6561133191095997,9.52823806272654,0.6827565981260831,0.16859762898360886,0.34164193967792394,-0.08188717179374981
10903363,1789028303249000000,780,HEAD_POSE_ESTIMATE,estimated,-0.6220870726894444,9.525980090942753,0.6530886368398756,0.12848887875194054,0.333662119625375,-0.03512569742502699
10917363,1789028303263000000,781,HEAD_POSE_ESTIMATE,estimated,-0.556487353145276,9.534745960728053,0.6309471755601445,0.08587228974454687,0.3221085238828492,0.00974456181764924
10931363,1789028303277000000,782,HEAD_POSE_ESTIMATE,estimated,-0.4969577374711591,9.558667705343542,0.6050468166543824,0.0416215750667464,0.3047249288097763,0.049807215902981664
10945363,1789028303291000000,783,HEAD_POSE_ESTIMATE,estimated,-0.4539539687354094,9.586397231691073,0.5807856319952169,-0.0006454412802066337,0.28869587776116,0.07993680821425184
10958363,1789028303304000000,784,HEAD_POSE_ESTIMATE,estimated,-0.4004622568631603,9.618811115829201,0.5949606116153165,-0.02994228315102453,0.27091701895028536,0.09730995886537312
10972363,1789028303318000000,785,HEAD_POSE_ESTIMATE,estimated,-0.3767268905372781,9.657552813434103,0.5876314654021249,-0.05434115884675226,0.25056141206760724,0.10282117340040856
10986363,1789028303332000000,786,HEAD_POSE_ESTIMATE,estimated,-0.3760504459419811,9.713643329029226,0.5822313395186415,-0.0698239122489205,0.23334482580199956,0.0988649316402544
11000363,1789028303346000000,787,HEAD_POSE_ESTIMATE,estimated,-0.3821591369881855,9.756976659752093,0.5811396429881857,-0.0771891276414713,0.2158544632162714,0.08628929012223707
11014363,1789028303360000000,788,HEAD_POSE_ESTIMATE,estimated,-0.3825580708132331,9.788388302004803,0.5639011041109234,-0.07967492448639234,0.19589506417019878,0.06629662576705334
11028363,1789028303374000000,789,HEAD_POSE_ESTIMATE,estimated,-0.38300295536229034,9.817444232478305,0.550848234969991,-0.08118701792111448,0.1779969689956344,0.0472975418541351
11042363,1789028303388000000,790,HEAD_POSE_ESTIMATE,estimated,-0.3913703613985142,9.830494799149827,0.5407486480681555,-0.08184876143297844,0.1587178263636392,0.027741862996509867
11057363,1789028303403000000,791,HEAD_POSE_ESTIMATE,estimated,-0.40251982922867935,9.83213520686998,0.5379047899884692,-0.0853458069140755,0.13886831319288223,0.01101797752113688
11069363,1789028303415000000,792,HEAD_POSE_ESTIMATE,estimated,-0.41126422272670293,9.806927550060221,0.5578690476073952,-0.09405268639984338,0.12223706388555802,0.006121998695680053
11083363,1789028303429000000,793,HEAD_POSE_ESTIMATE,estimated,-0.42195514078921237,9.786512405237428,0.573476275877143,-0.09674529745357952,0.10470187454479433,0.005086473833139261
11096363,1789028303442000000,794,HEAD_POSE_ESTIMATE,estimated,-0.4533674523735233,9.768399388086765,0.6078601645235073,-0.0980402863176627,0.08904017896326492,0.012732093241314846
11111363,1789028303457000000,795,HEAD_POSE_ESTIMATE,estimated,-0.46895151595493145,9.753634605166486,0.636492530207887,-0.10609303886486564,0.0734127597438894,0.026658623753151627
11125363,1789028303471000000,796,HEAD_POSE_ESTIMATE,estimated,-0.48304191391321266,9.730106561977712,0.6663914924178744,-0.11272344303087613,0.06618976714204405,0.0471307357889278
11138363,1789028303484000000,797,HEAD_POSE_ESTIMATE,estimated,-0.4766642052344313,9.715553594677282,0.6946315955762903,-0.12416167156799204,0.0632529539968148,0.06957657738275204
11153363,1789028303499000000,798,HEAD_POSE_ESTIMATE,estimated,-0.47730588962805615,9.711903148296866,0.7218228718431554,-0.13957607560312393,0.06274366829493414,0.08951049467369177
11167363,1789028303513000000,799,HEAD_POSE_ESTIMATE,estimated,-0.4694601844258868,9.695843685480662,0.7517772009186852,-0.15733596774465078,0.0628215324190638,0.10200798832799263
11181363,1789028303527000000,800,HEAD_POSE_ESTIMATE,estimated,-0.45216059419460003,9.683442182375716,0.7885794477941964,-0.17077180507992493,0.06483636435348898,0.1042067055040735
11195363,1789028303541000000,801,HEAD_POSE_ESTIMATE,estimated,-0.44053180737073405,9.674118789777719,0.8249160760869685,-0.18263717193187284,0.06622764704542922,0.09745338256703065
11209363,1789028303555000000,802,HEAD_POSE_ESTIMATE,estimated,-0.44278083876223334,9.685477076127784,0.8750606772861116,-0.1909434298272101,0.06456522265975514,0.08182862261078858
11223363,1789028303569000000,803,HEAD_POSE_ESTIMATE,estimated,-0.43703642130770054,9.6863550949315,0.914724542403436,-0.1972456637098705,0.06191973345743991,0.06590694918286703
11236363,1789028303582000000,804,HEAD_POSE_ESTIMATE,estimated,-0.4337205170993087,9.673400150248655,0.9561419546253836,-0.2011957181959718,0.05667895652595967,0.05351632952827429
11250363,1789028303596000000,805,HEAD_POSE_ESTIMATE,estimated,-0.4269434658364436,9.658005005670827,0.9888639587401153,-0.20603561178238747,0.046883172045999115,0.046079996116675535
11264363,1789028303610000000,806,HEAD_POSE_ESTIMATE,estimated,-0.4179668756074195,9.657252942240339,1.031025331304821,-0.2109321555907778,0.03660275643888167,0.0410418243376956
11279363,1789028303625000000,807,HEAD_POSE_ESTIMATE,estimated,-0.4122479563432023,9.650154416268133,1.0778465086036861,-0.21902656940093831,0.024373865283206782,0.035666964996494376
11291363,1789028303637000000,808,HEAD_POSE_ESTIMATE,estimated,-0.4095985389759189,9.64109589307893,1.1371899729599788,-0.2311705006294182,0.013429598298103727,0.02916714970224698
11305363,1789028303651000000,809,HEAD_POSE_ESTIMATE,estimated,-0.41992204568817704,9.630582275423809,1.2034598464598627,-0.24547581391180237,0.001035620815066282,0.014981553797217136
11319363,1789028303665000000,810,HEAD_POSE_ESTIMATE,estimated,-0.44300472548584785,9.624331665509526,1.2911002914846956,-0.2617477522994138,-0.011221390310027484,-0.003266838792085349
11333363,1789028303679000000,811,HEAD_POSE_ESTIMATE,estimated,-0.4656846000954005,9.626093971584565,1.3652229381242953,-0.2726049798159355,-0.021793666210194008,-0.019721972097418695
11347363,1789028303693000000,812,HEAD_POSE_ESTIMATE,estimated,-0.49268636359924367,9.649798442512257,1.4431411569664434,-0.28638381019721254,-0.031052474127592086,-0.036161559084541016
11361363,1789028303707000000,813,HEAD_POSE_ESTIMATE,estimated,-0.5163611117186211,9.69405939444147,1.5143928042311112,-0.2874084430832172,-0.035812465440744824,-0.04544924097952214
11375363,1789028303721000000,814,HEAD_POSE_ESTIMATE,estimated,-0.5488516657544854,9.744904527552485,1.5728600367086059,-0.28019027915288125,-0.036003632728831066,-0.04692412331963557
11389363,1789028303735000000,815,HEAD_POSE_ESTIMATE,estimated,-0.5637507291532632,9.756794788938402,1.6337017864820953,-0.26739567800867947,-0.032309020167329415,-0.04142048166730503
11403363,1789028303749000000,816,HEAD_POSE_ESTIMATE,estimated,-0.5696493665914248,9.78962370437563,1.6843470931667308,-0.2443386323420404,-0.026360831791401026,-0.030797092727386344
11417363,1789028303763000000,817,HEAD_POSE_ESTIMATE,estimated,-0.5728470199815021,9.837631379162792,1.7408649177778026,-0.2129298651221726,-0.01994647898408833,-0.019788034090301963
11431363,1789028303777000000,818,HEAD_POSE_ESTIMATE,estimated,-0.5708377912949785,9.898646682551965,1.7877172052125794,-0.17170929728455347,-0.015209053659096824,-0.010641246774441563
11445363,1789028303791000000,819,HEAD_POSE_ESTIMATE,estimated,-0.561258052214053,9.926780797503898,1.815360821137483,-0.12481037630355163,-0.01029778664536219,-0.006392938298881202
11459363,1789028303805000000,820,HEAD_POSE_ESTIMATE,estimated,-0.5389533351180555,9.969462831969656,1.8087692819670533,-0.07996628447457123,-0.006673880324467489,-0.0017952194567072881
11472363,1789028303818000000,821,HEAD_POSE_ESTIMATE,estimated,-0.523796603130259,10.023715256131284,1.8112305957255492,-0.0325882089759421,-0.003856718588341226,-0.000283453333923845
11487363,1789028303833000000,822,HEAD_POSE_ESTIMATE,estimated,-0.5037418356440951,10.061402012458545,1.8001426695224807,0.023624835931523598,-0.005491152369695499,-0.00286624465149328
11501363,1789028303847000000,823,HEAD_POSE_ESTIMATE,estimated,-0.48601334534368784,10.059215775727607,1.7639796955097926,0.07709184178033456,-0.007981639464975942,-0.0021235510492262654
11515363,1789028303861000000,824,HEAD_POSE_ESTIMATE,estimated,-0.4707777362521025,10.03462572913272,1.740144618303931,0.12687469468087137,-0.00909189868269333,0.0015163872606664033
11528363,1789028303874000000,825,HEAD_POSE_ESTIMATE,estimated,-0.4591996065993337,9.997683804465723,1.7077323445751622,0.16665839146295738,-0.010050365994979068,0.00851280067102209
11543363,1789028303889000000,826,HEAD_POSE_ESTIMATE,estimated,-0.4419928185170548,9.953652986369812,1.679883926468,0.20273002159446443,-0.008237090921476509,0.01865168458774939
11562363,1789028303908000000,827,HEAD_POSE_ESTIMATE,estimated,-0.41169794289932843,9.914383211170374,1.5978638010287176,0.23264746572519732,-0.00030834073366569877,0.03114520559436086
11570363,1789028303916000000,828,HEAD_POSE_ESTIMATE,estimated,-0.39513853048642616,9.902682339085683,1.558521546270512,0.24682365976630882,0.003702463205914749,0.03888493545063962
11580363,1789028303926000000,829,HEAD_POSE_ESTIMATE,estimated,-0.38155734884040254,9.883708548910967,1.5104203448864397,0.25151900884473427,0.010679402455945529,0.043084607801651534
11595363,1789028303941000000,830,HEAD_POSE_ESTIMATE,estimated,-0.3648139316874549,9.82755461816966,1.4312501961423607,0.25537175872575807,0.02110715299541796,0.04008930505730376
11609363,1789028303955000000,831,HEAD_POSE_ESTIMATE,estimated,-0.34413427242196953,9.74702896990859,1.375507802851451,0.25760094383309756,0.0315246281224471,0.030055696912447638
11623363,1789028303969000000,832,HEAD_POSE_ESTIMATE,estimated,-0.32843740906231333,9.699329511131891,1.3221455889521738,0.2462409054080864,0.040495874864990955,0.014614030924432045
11637363,1789028303983000000,833,HEAD_POSE_ESTIMATE,estimated,-0.3162789055918242,9.660701608705418,1.273409794565445,0.23164632600479054,0.04772641999814549,-0.002276619350757153
11651363,1789028303997000000,834,HEAD_POSE_ESTIMATE,estimated,-0.30339878831386247,9.622308250701803,1.219197191062498,0.2059399989360041,0.0496698590438863,-0.020906492271493243
11665363,1789028304011000000,835,HEAD_POSE_ESTIMATE,estimated,-0.29256245893522315,9.583340192487345,1.1597520871714624,0.19026614804401512,0.05008587983448499,-0.03567183076949151
11679363,1789028304025000000,836,HEAD_POSE_ESTIMATE,estimated,-0.2910629760187496,9.55514896608546,1.112971318196153,0.1705561458724643,0.04333022152701996,-0.04462796271193132
11693363,1789028304039000000,837,HEAD_POSE_ESTIMATE,estimated,-0.28831991030710363,9.551973505745044,1.0639701179656436,0.14825039215566688,0.0320652453637028,-0.0531544763956861
11707363,1789028304053000000,838,HEAD_POSE_ESTIMATE,estimated,-0.2849195999838572,9.522082942828105,1.016198092730537,0.1238228856572888,0.018580281958631376,-0.057744708545945524
11721363,1789028304067000000,839,HEAD_POSE_ESTIMATE,estimated,-0.290817308468305,9.504803544466652,0.9800667502814393,0.09125968314370918,0.0013982357775016079,-0.05821671182816947
11735363,1789028304081000000,840,HEAD_POSE_ESTIMATE,estimated,-0.29789390570182667,9.508671010771476,0.9354088222562249,0.05398125328646651,-0.017391132487924652,-0.05529513385896841
11748363,1789028304094000000,841,HEAD_POSE_ESTIMATE,estimated,-0.30672739346625033,9.523200642226456,0.9039823293457431,0.018040372478510217,-0.03302536060213036,-0.052481356736833455
11763363,1789028304109000000,842,HEAD_POSE_ESTIMATE,estimated,-0.32008423369081856,9.544083821109366,0.858999924162315,-0.015504649999942015,-0.046392827909418316,-0.04847380560093285
11777363,1789028304123000000,843,HEAD_POSE_ESTIMATE,estimated,-0.33381187556856706,9.553860376447068,0.8483878662444488,-0.03668177661062882,-0.056427597883711565,-0.04561704131774566
11791363,1789028304137000000,844,HEAD_POSE_ESTIMATE,estimated,-0.3555953049647592,9.555052333931537,0.8412427626854417,-0.051211003487819054,-0.06391923380480433,-0.05086301702947933
11805363,1789028304151000000,845,HEAD_POSE_ESTIMATE,estimated,-0.3843904580826396,9.549075892129592,0.849598043598256,-0.052132044723086045,-0.06861565644556414,-0.056036380751052696
11819363,1789028304165000000,846,HEAD_POSE_ESTIMATE,estimated,-0.4093306810700773,9.528135263133525,0.8776592207527327,-0.05556105820444481,-0.07193699967884902,-0.06712782742604707
11833363,1789028304179000000,847,HEAD_POSE_ESTIMATE,estimated,-0.437371772554941,9.51339738944877,0.9106458711600947,-0.06703444824042237,-0.07659421085719928,-0.08664746445611882
11847363,1789028304193000000,848,HEAD_POSE_ESTIMATE,estimated,-0.4679320801380027,9.525577689092552,0.9457280247798052,-0.08398800785122139,-0.08217622301227316,-0.11089950265617761
11861363,1789028304207000000,849,HEAD_POSE_ESTIMATE,estimated,-0.49398251665911247,9.545124438476003,0.9863113876679936,-0.10908493995558714,-0.08873129397504852,-0.13405336041108754
11875363,1789028304221000000,850,HEAD_POSE_ESTIMATE,estimated,-0.5295451999843231,9.572265875733725,1.029534402663978,-0.13789851368086836,-0.0938292786368075,-0.15286173044301016
11888363,1789028304234000000,851,HEAD_POSE_ESTIMATE,estimated,-0.565284308316118,9.593151211314035,1.0887628684836537,-0.17330326913887853,-0.10318771301140842,-0.1656122224379503
11903363,1789028304249000000,852,HEAD_POSE_ESTIMATE,estimated,-0.5944142397552094,9.631551431773755,1.147030113302043,-0.20585516719196242,-0.10666666056536164,-0.1693956302731561
11918363,1789028304264000000,853,HEAD_POSE_ESTIMATE,estimated,-0.6323077666947139,9.66736652709027,1.2375181572927174,-0.23142497059074904,-0.10580218971803582,-0.1621054555525974
11930363,1789028304276000000,854,HEAD_POSE_ESTIMATE,estimated,-0.6568862143615614,9.699948280901712,1.296407517552228,-0.24880998646058214,-0.100339489054135,-0.14840820984480943
11945363,1789028304291000000,855,HEAD_POSE_ESTIMATE,estimated,-0.6707539262474107,9.735745437769475,1.3528086200866676,-0.25915103199496986,-0.08925892346562629,-0.12686708225740548
11959363,1789028304305000000,856,HEAD_POSE_ESTIMATE,estimated,-0.6702220080356796,9.772844363889638,1.3924778947291008,-0.2574594310363766,-0.07371700102398822,-0.10547419744689385
11973363,1789028304319000000,857,HEAD_POSE_ESTIMATE,estimated,-0.6668169328144696,9.8022760450783,1.4195468873394925,-0.24463779472977057,-0.05500480529181241,-0.08551766113585009
11987363,1789028304333000000,858,HEAD_POSE_ESTIMATE,estimated,-0.6681095229156034,9.812420197136232,1.446804662070212,-0.2280777582488883,-0.03607285755856237,-0.07216938991307473
12001363,1789028304347000000,859,HEAD_POSE_ESTIMATE,estimated,-0.6703927688215457,9.8070369105618,1.4693572529579821,-0.21071810046411205,-0.01474765656615496,-0.06606731153081456
12015363,1789028304361000000,860,HEAD_POSE_ESTIMATE,estimated,-0.6805087573166096,9.79594155851541,1.496632087908411,-0.18939661648810036,0.006442776451592129,-0.06708575869649722
12029363,1789028304375000000,861,HEAD_POSE_ESTIMATE,estimated,-0.7048346683813583,9.777537270756222,1.5225775632809673,-0.17847120458374255,0.025164319143771235,-0.07928504415718216
12043363,1789028304389000000,862,HEAD_POSE_ESTIMATE,estimated,-0.726764634100983,9.76022599813385,1.53958458645898,-0.1633783003641752,0.03759866920027976,-0.09589340782467225
12058363,1789028304404000000,863,HEAD_POSE_ESTIMATE,estimated,-0.7669344866484097,9.752557239012775,1.548187371677919,-0.14556979341903062,0.045363786650107964,-0.11946495121293273
12072363,1789028304418000000,864,HEAD_POSE_ESTIMATE,estimated,-0.8044188166590257,9.745992902333034,1.5577521468698676,-0.12579265870015804,0.04469220530402122,-0.13828474957867581
12084363,1789028304430000000,865,HEAD_POSE_ESTIMATE,estimated,-0.8447415200918682,9.712666169406853,1.5834043182231834,-0.10727744459405743,0.03786636298010524,-0.15619215092466507
12098363,1789028304444000000,866,HEAD_POSE_ESTIMATE,estimated,-0.8964580026099537,9.666989186166628,1.607019037982706,-0.08475650648244142,0.026352471541207775,-0.1641400814538235
12112363,1789028304458000000,867,HEAD_POSE_ESTIMATE,estimated,-0.9456832344491202,9.611576552083315,1.6382354734245457,-0.06381852477263153,0.01381759118589415,-0.15665073464719706
12125363,1789028304471000000,868,HEAD_POSE_ESTIMATE,estimated,-0.9938069776615002,9.570785991787496,1.6748501208634403,-0.04727701079295971,-0.001112079130835296,-0.14458458517525688
12139363,1789028304485000000,869,HEAD_POSE_ESTIMATE,estimated,-1.0416032857468625,9.530604560970227,1.7081378152897555,-0.034696619033362235,-0.015230233343946542,-0.12051047519842507
12153363,1789028304499000000,870,HEAD_POSE_ESTIMATE,estimated,-1.0780766070547798,9.495144491012695,1.733448951148532,-0.02620307864727242,-0.02573966534671098,-0.08864044875247853
12167363,1789028304513000000,871,HEAD_POSE_ESTIMATE,estimated,-1.0851374874342719,9.475131182123025,1.7505376442810379,-0.021046871711556104,-0.031427259957864336,-0.05094039847447263
12181363,1789028304527000000,872,HEAD_POSE_ESTIMATE,estimated,-1.0929289601722305,9.464716932463878,1.7654285311943043,-0.019869689424401923,-0.03205568515738015,-0.014085236927707584
12195363,1789028304541000000,873,HEAD_POSE_ESTIMATE,estimated,-1.0778837893649913,9.457139954096366,1.7744384528107702,-0.02178666631094652,-0.026924907263805843,0.01903709906249539
12208363,1789028304554000000,874,HEAD_POSE_ESTIMATE,estimated,-1.071247878018078,9.427674700547886,1.794636906128587,-0.021126258790219822,-0.017068553916257636,0.04784512440113809
12223363,1789028304569000000,875,HEAD_POSE_ESTIMATE,estimated,-1.0661064326106435,9.407119459961017,1.8084453683547579,-0.02278835421167083,-0.0007034411331337459,0.07240214364194543
12236363,1789028304582000000,876,HEAD_POSE_ESTIMATE,estimated,-1.045171701486156,9.408409345331439,1.8132458144741026,-0.02892756482757329,0.020140807133677482,0.08439935831318673
12251363,1789028304597000000,877,HEAD_POSE_ESTIMATE,estimated,-1.0350025989065448,9.43521107827034,1.80131114997145,-0.03584273657851203,0.04383944428625291,0.0900676079882691
12264363,1789028304610000000,878,HEAD_POSE_ESTIMATE,estimated,-1.0254308066706668,9.491093935926152,1.7817182253188137,-0.04367433863386435,0.0670055285491566,0.0880950597156465
12280363,1789028304626000000,879,HEAD_POSE_ESTIMATE,estimated,-1.0150712639699002,9.578757077259315,1.7399436503680914,-0.0518165362561967,0.09245471106198777,0.0795206011710363
12292363,1789028304638000000,880,HEAD_POSE_ESTIMATE,estimated,-0.9981624307823205,9.6392163805483,1.6982297168253404,-0.06398099464965705,0.11059348421931355,0.06034556066228867
12302363,1789028304648000000,881,HEAD_POSE_ESTIMATE,estimated,-0.9844237640383346,9.66927225909083,1.670674884010927,-0.0712301470898603,0.1228300664046118,0.04429977030876143
12316363,1789028304662000000,882,HEAD_POSE_ESTIMATE,estimated,-0.9671014561958254,9.723004340636063,1.6340932946759754,-0.07452459375965959,0.13427692573055705,0.025925125371447106
12330363,1789028304676000000,883,HEAD_POSE_ESTIMATE,estimated,-0.9529243559727714,9.770090872335489,1.5966270724309732,-0.07036834083284431,0.14242224646874485,0.013492361336920614
12344363,1789028304690000000,884,HEAD_POSE_ESTIMATE,estimated,-0.9354686281244237,9.78611163682111,1.561133392284257,-0.0550861791696142,0.14850274683688036,0.01483791286724707
12359363,1789028304705000000,885,HEAD_POSE_ESTIMATE,estimated,-0.9269737641819373,9.782621030403096,1.523009041334814,-0.03273700590205637,0.15082956873385472,0.02293786031723573
12373363,1789028304719000000,886,HEAD_POSE_ESTIMATE,estimated,-0.9083475386090206,9.76234491556447,1.4842378726952377,-0.012887950973488708,0.14914834783179068,0.03525590685915789
12387363,1789028304733000000,887,HEAD_POSE_ESTIMATE,estimated,-0.8814089697961631,9.743505125565502,1.4588302847129333,0.01026129283928555,0.14874999538651948,0.05141223677493887
12402363,1789028304748000000,888,HEAD_POSE_ESTIMATE,estimated,-0.8378038183486258,9.69810579432584,1.4218453429245894,0.0171744553744539,0.1474045906823824,0.06315754297415048
12416363,1789028304762000000,889,HEAD_POSE_ESTIMATE,estimated,-0.8007108224871463,9.657570971783374,1.4034039028790637,0.008660212030821622,0.146142518598074,0.06955751812077357
12430363,1789028304776000000,890,HEAD_POSE_ESTIMATE,estimated,-0.7595662893819013,9.615559813032853,1.3900355492093173,-0.010926250379682456,0.146892846831533,0.07020263725804823
12444363,1789028304790000000,891,HEAD_POSE_ESTIMATE,estimated,-0.7298701889981993,9.58046186514036,1.3839873767685071,-0.04018512339663746,0.14567347195610883,0.06528173470317358
12458363,1789028304804000000,892,HEAD_POSE_ESTIMATE,estimated,-0.7134331154245847,9.533076249370756,1.4092490770862802,-0.0704182287332589,0.1421096661355582,0.058549269453605106
12472363,1789028304818000000,893,HEAD_POSE_ESTIMATE,estimated,-0.7073541776668755,9.490505698195998,1.4351780176909574,-0.10754941755370516,0.13564348734991472,0.04570183075985387
12486363,1789028304832000000,894,HEAD_POSE_ESTIMATE,estimated,-0.7102071181681039,9.480150211446519,1.4607587032469351,-0.14113947802526194,0.12774002046970176,0.035659725532593944
12501363,1789028304847000000,895,HEAD_POSE_ESTIMATE,estimated,-0.7181997625567291,9.475700356188591,1.5140782134536683,-0.1815689156880099,0.11705181394551817,0.029686518388504786
12515363,1789028304861000000,896,HEAD_POSE_ESTIMATE,estimated,-0.7243265992445294,9.479643014943166,1.5570341413254083,-0.2189336619908902,0.10545480307284164,0.03206756141548238
12529363,1789028304875000000,897,HEAD_POSE_ESTIMATE,estimated,-0.7405194056538966,9.504625429824344,1.6105772072050522,-0.26385913772758124,0.09227439898867233,0.03661495810520429
12543363,1789028304889000000,898,HEAD_POSE_ESTIMATE,estimated,-0.7538722095114933,9.528529596703255,1.6727821544279935,-0.2996630047920335,0.07832557259927964,0.04222371794480425
12557363,1789028304903000000,899,HEAD_POSE_ESTIMATE,estimated,-0.7703504272064422,9.548439317338357,1.7367137487592381,-0.33026903254936274,0.06278148755042975,0.04525791580581654
12572363,1789028304918000000,900,HEAD_POSE_ESTIMATE,estimated,-0.796662973501091,9.563035644114295,1.827471521708243,-0.3551941865472329,0.04662551852867222,0.045662138814134626
12585363,1789028304931000000,901,HEAD_POSE_ESTIMATE,estimated,-0.8123782003693207,9.593112499528287,1.890900026326129,-0.3697898979666729,0.0339818454876725,0.043844333161351556
12598363,1789028304944000000,902,HEAD_POSE_ESTIMATE,estimated,-0.8200226134748632,9.622659735118626,1.976133416370936,-0.3712559032401007,0.024376040243395975,0.04355173410473485
12612363,1789028304958000000,903,HEAD_POSE_ESTIMATE,estimated,-0.8250539878655305,9.675594924167939,2.0384606800911786,-0.36284657843316404,0.016968427095676815,0.043626263177390795
12626363,1789028304972000000,904,HEAD_POSE_ESTIMATE,estimated,-0.8193238679639022,9.711017499101423,2.084138028458481,-0.3417507316599314,0.013359181343711514,0.045038086046895305
12641363,1789028304987000000,905,HEAD_POSE_ESTIMATE,estimated,-0.8077160627166657,9.73381500100576,2.109518551465598,-0.30483680784831624,0.01197825933779908,0.04897944953045001
12654363,1789028305000000000,906,HEAD_POSE_ESTIMATE,estimated,-0.7886092729797255,9.729993971961543,2.1508709909488686,-0.26478709300916997,0.012258184562870792,0.05463725986128354
12668363,1789028305014000000,907,HEAD_POSE_ESTIMATE,estimated,-0.7670281906111226,9.689141417092234,2.1922943971207998,-0.22490470602169488,0.013776328227669664,0.05928274714149451
12682363,1789028305028000000,908,HEAD_POSE_ESTIMATE,estimated,-0.7486403316514697,9.638296944261576,2.2344529262692405,-0.19061495980650037,0.015903767503719066,0.06440471834748678
12695363,1789028305041000000,909,HEAD_POSE_ESTIMATE,estimated,-0.7306578818050422,9.603377536847802,2.2534476592418087,-0.1626650311511427,0.019634157565403695,0.07395861972034802
12710363,1789028305056000000,910,HEAD_POSE_ESTIMATE,estimated,-0.7134345799413946,9.580936514379585,2.283384569242607,-0.14080620828114115,0.022461475534593545,0.08379240556188294
12723363,1789028305069000000,911,HEAD_POSE_ESTIMATE,estimated,-0.6880426622630516,9.57438156148678,2.311660057765396,-0.12137566393723477,0.025672155278115075,0.09282994918132341
12737363,1789028305083000000,912,HEAD_POSE_ESTIMATE,estimated,-0.6555737965513266,9.583906018800198,2.3175197299558223,-0.10513354679908804,0.030191737937679878,0.09854481200964141
12751363,1789028305097000000,913,HEAD_POSE_ESTIMATE,estimated,-0.6255568339883064,9.601785512122369,2.332348008194736,-0.08955667059667284,0.03502529572170576,0.10140006543672198
12766363,1789028305112000000,914,HEAD_POSE_ESTIMATE,estimated,-0.5889635456214883,9.613789316873667,2.3367330295871405,-0.08902087088852238,0.04136318920029373,0.10315993708961808
12780363,1789028305126000000,915,HEAD_POSE_ESTIMATE,estimated,-0.5526186475347676,9.627435381562792,2.3311634301685302,-0.09280558484267341,0.047161791906390256,0.10267647096432124
12793363,1789028305139000000,916,HEAD_POSE_ESTIMATE,estimated,-0.5270912701143949,9.655848918030365,2.3263540511954446,-0.09415147932693713,0.05172456542504034,0.0981463004502092
12807363,1789028305153000000,917,HEAD_POSE_ESTIMATE,estimated,-0.5090672688603677,9.683492596766296,2.3000356199298073,-0.09258045435374453,0.055838157552852756,0.08920233009881376
12821363,1789028305167000000,918,HEAD_POSE_ESTIMATE,estimated,-0.48739519178709156,9.709497766797211,2.269844850077023,-0.08069135612179439,0.05791410638921945,0.07870873568356228
12835363,1789028305181000000,919,HEAD_POSE_ESTIMATE,estimated,-0.46670289237139523,9.725821623378677,2.2442036696942016,-0.054637598037357696,0.05799532980986189,0.0728532627623393
12849363,1789028305195000000,920,HEAD_POSE_ESTIMATE,estimated,-0.44338658607630344,9.70170252875207,2.2379884977715747,-0.0080687800182162,0.057310951548148636,0.07419696115396969
12862363,1789028305208000000,921,HEAD_POSE_ESTIMATE,estimated,-0.42844700576318584,9.685467108252736,2.2445801948635156,0.033035799523086044,0.055832939029167986,0.08090537342811577
12876363,1789028305222000000,922,HEAD_POSE_ESTIMATE,estimated,-0.42095795842023254,9.671017602466566,2.2299421068096015,0.06931146680385049,0.054068842972581875,0.09073517540690255
12890363,1789028305236000000,923,HEAD_POSE_ESTIMATE,estimated,-0.42130712374211676,9.669974942906512,2.2032936796798315,0.08710719791160913,0.053305737588802936,0.10056289612749086
12903363,1789028305249000000,924,HEAD_POSE_ESTIMATE,estimated,-0.42014161810745876,9.68557552181214,2.1755973142735012,0.08656693792789666,0.0536512822744809,0.10056628935738612
12917363,1789028305263000000,925,HEAD_POSE_ESTIMATE,estimated,-0.4168941040531142,9.70913079959935,2.1135978165168896,0.0759839135962992,0.05425047999127441,0.0906479357809224
12930363,1789028305276000000,926,HEAD_POSE_ESTIMATE,estimated,-0.40986820666743407,9.723063522079382,2.0825977610320527,0.06263269209495086,0.054949804581029556,0.07585530230742395
12945363,1789028305291000000,927,HEAD_POSE_ESTIMATE,estimated,-0.4230527889858563,9.734765108225703,2.06282637642042,0.059778320069230874,0.057086963579583844,0.05846341785559132
12959363,1789028305305000000,928,HEAD_POSE_ESTIMATE,estimated,-0.44886541191151474,9.740234247936057,2.0684005126922247,0.057615044203697584,0.058503192933598756,0.04221146008433263
12973363,1789028305319000000,929,HEAD_POSE_ESTIMATE,estimated,-0.4813579898086086,9.745983791935394,2.0642241231241907,0.05935353927726499,0.060224264530838116,0.023077077021840958
12987363,1789028305333000000,930,HEAD_POSE_ESTIMATE,estimated,-0.5140107359074059,9.738595244707678,2.072085803230469,0.07055799868272601,0.06286260411837044,0.0002046333026032655
13001363,1789028305347000000,931,HEAD_POSE_ESTIMATE,estimated,-0.5514940958837,9.718830830209008,2.0553505762491424,0.08483726123096368,0.06332705306704427,-0.019766030883112958
13015363,1789028305361000000,932,HEAD_POSE_ESTIMATE,estimated,-0.569790390658993,9.68035551003412,2.0362802998458456,0.09744488649734578,0.06086846462805615,-0.031177660891526994
13028363,1789028305374000000,933,HEAD_POSE_ESTIMATE,estimated,-0.581189769661146,9.62237418231577,2.0127159280372067,0.12202737522674122,0.05824502031511501,-0.031048183912519182
13043363,1789028305389000000,934,HEAD_POSE_ESTIMATE,estimated,-0.5901202168395008,9.535873428697265,2.022834989661631,0.12483871521962052,0.05240856654802539,-0.02626922360484887
13057363,1789028305403000000,935,HEAD_POSE_ESTIMATE,estimated,-0.5998209303509632,9.440172521649204,2.072551986152033,0.10845490385254528,0.043856164729771906,-0.019688692979295163
13069363,1789028305415000000,936,HEAD_POSE_ESTIMATE,estimated,-0.6213388845037155,9.367274972322129,2.110390904612912,0.07489131220001571,0.03599654949732853,-0.016329215249553598
13083363,1789028305429000000,937,HEAD_POSE_ESTIMATE,estimated,-0.6317154540821274,9.311310148290769,2.1403238823621296,0.023609724628190408,0.020479468425184468,-0.02053241200568374
13098363,1789028305444000000,938,HEAD_POSE_ESTIMATE,estimated,-0.6286697507976589,9.250380815160135,2.1678306625097474,-0.03662273310315112,-0.0009410341044054758,-0.032770451914807264
13112363,1789028305458000000,939,HEAD_POSE_ESTIMATE,estimated,-0.6188910351192718,9.190243955213557,2.1965016234105392,-0.09659266922948966,-0.02438212764938526,-0.04443048968723824
13126363,1789028305472000000,940,HEAD_POSE_ESTIMATE,estimated,-0.6097818343274395,9.101214601924273,2.2442728234713027,-0.1425695732726656,-0.04899623478699282,-0.05202646615760819
13140363,1789028305486000000,941,HEAD_POSE_ESTIMATE,estimated,-0.6087466744242933,9.00555110071081,2.3474433187529815,-0.19993082446439406,-0.07014704701520845,-0.05160285677223096
13153363,1789028305499000000,942,HEAD_POSE_ESTIMATE,estimated,-0.609040531917704,8.912619821013717,2.4270797675814455,-0.26678380085827286,-0.08549056638918712,-0.046944867903054736
13167363,1789028305513000000,943,HEAD_POSE_ESTIMATE,estimated,-0.6163789831113844,8.82121149214647,2.512359894981859,-0.35827120540453494,-0.09590458358628187,-0.03665049995900838
13181363,1789028305527000000,944,HEAD_POSE_ESTIMATE,estimated,-0.6185146793438845,8.796283155572167,2.6093196971851036,-0.45978294753170407,-0.0980621010931525,-0.012466756633689405
13195363,1789028305541000000,945,HEAD_POSE_ESTIMATE,estimated,-0.6148211294567987,8.773520849432273,2.6781499359520367,-0.5410736414498573,-0.09806117158226184,0.0067753660093922904
13209363,1789028305555000000,946,HEAD_POSE_ESTIMATE,estimated,-0.6076038102074321,8.705382157960656,2.7570236582538383,-0.608607343320394,-0.09451416811924271,0.030871794584002046
13223363,1789028305569000000,947,HEAD_POSE_ESTIMATE,estimated,-0.6089915295538758,8.637053235093124,2.8151861542493135,-0.6517892345133024,-0.09004488535578739,0.042410960338412095
13237363,1789028305583000000,948,HEAD_POSE_ESTIMATE,estimated,-0.5962771030035396,8.580771705543034,2.939454084057312,-0.6769947434542661,-0.08822361535985983,0.03165520303741925
13252363,1789028305598000000,949,HEAD_POSE_ESTIMATE,estimated,-0.5904898116512793,8.579559810852105,3.026200706164197,-0.694815953251575,-0.09120920346279156,-0.007409646772234572
13264363,1789028305610000000,950,HEAD_POSE_ESTIMATE,estimated,-0.5740867485595648,8.580512797127655,3.0934003228318394,-0.6989357374134805,-0.0962516245368322,-0.05150703180465979
13278363,1789028305624000000,951,HEAD_POSE_ESTIMATE,estimated,-0.559731971044567,8.579080980572716,3.151345291913759,-0.7054983274338446,-0.10417034524400047,-0.09760078838271684
13294363,1789028305640000000,952,HEAD_POSE_ESTIMATE,estimated,-0.5647958972505718,8.585774851221624,3.1760442616226405,-0.7150412166629803,-0.11780907933156257,-0.13391704170796526
13306363,1789028305652000000,953,HEAD_POSE_ESTIMATE,estimated,-0.5488112224893017,8.556640154577961,3.2350079092579276,-0.7095446978616848,-0.12803948926081116,-0.14466633790708616
13319363,1789028305665000000,954,HEAD_POSE_ESTIMATE,estimated,-0.5539709524589701,8.491689035266212,3.2992916160442882,-0.7029467038943309,-0.1367999125419025,-0.13975929366095727
13333363,1789028305679000000,955,HEAD_POSE_ESTIMATE,estimated,-0.5432834554327599,8.402461967183251,3.3957212806158834,-0.7102728517869348,-0.14076369050154336,-0.12407933817977418
13348363,1789028305694000000,956,HEAD_POSE_ESTIMATE,estimated,-0.5252024975420848,8.357955397363016,3.501208471375696,-0.7442591975967419,-0.13890093081439575,-0.09186160182852446
13361363,1789028305707000000,957,HEAD_POSE_ESTIMATE,estimated,-0.4756431163151361,8.351648170824086,3.594183527035514,-0.783199583043263,-0.1306557647400163,-0.06143738184310688
13375363,1789028305721000000,958,HEAD_POSE_ESTIMATE,estimated,-0.4417427508636391,8.370576395293037,3.6286865027027657,-0.8328726806789075,-0.12110197708103498,-0.04133267823842188
13389363,1789028305735000000,959,HEAD_POSE_ESTIMATE,estimated,-0.40758191488232676,8.38927179951005,3.6449806917840943,-0.8806794084539695,-0.10820539362105298,-0.032045729212267476
13403363,1789028305749000000,960,HEAD_POSE_ESTIMATE,estimated,-0.38394438397775293,8.410545556229275,3.653868100618672,-0.9092137196744744,-0.1018777389075572,-0.04395122461305466
13418363,1789028305764000000,961,HEAD_POSE_ESTIMATE,estimated,-0.3661110483318595,8.358939696215309,3.64855001954956,-0.9281146694491764,-0.10421035404473267,-0.06984924450612104
13431363,1789028305777000000,962,HEAD_POSE_ESTIMATE,estimated,-0.3462094705229434,8.284456973527233,3.6990310406409823,-0.939419110678946,-0.11288390332684188,-0.10591493791985007
13445363,1789028305791000000,963,HEAD_POSE_ESTIMATE,estimated,-0.3146252228140644,8.23860088792091,3.766692325547888,-0.9336807376719571,-0.12168764468841353,-0.13187754545161898
13459363,1789028305805000000,964,HEAD_POSE_ESTIMATE,estimated,-0.30044196184477456,8.247122690218394,3.8793844428375204,-0.9317701689397064,-0.13502357608246535,-0.14259057466228517
13473363,1789028305819000000,965,HEAD_POSE_ESTIMATE,estimated,-0.2576708320271044,8.225860186111113,3.9167927044256747,-0.9320439459044,-0.15139354228915763,-0.13773304593153693
13487363,1789028305833000000,966,HEAD_POSE_ESTIMATE,estimated,-0.20008340154874282,8.203997213097653,3.9229965738630104,-0.9394125638716025,-0.16921296235586084,-0.13191959525046587
13501363,1789028305847000000,967,HEAD_POSE_ESTIMATE,estimated,-0.14043351267163662,8.187098627777168,3.9067903932542105,-0.9591551662915151,-0.19307564083058362,-0.12674436434357103
13515363,1789028305861000000,968,HEAD_POSE_ESTIMATE,estimated,-0.08295360019000853,8.160528357728218,3.9080807041515353,-0.9906998042262587,-0.2179889383261857,-0.12761739284319248
13528363,1789028305874000000,969,HEAD_POSE_ESTIMATE,estimated,-0.02386811803176725,8.068804328248204,3.949850356247225,-1.0332340702164884,-0.23795556795736134,-0.13760676006262934
13543363,1789028305889000000,970,HEAD_POSE_ESTIMATE,estimated,0.023438026293115866,7.9762796269691165,3.9467535094344433,-1.0689939876420669,-0.26229573233366843,-0.14368759912380838
13557363,1789028305903000000,971,HEAD_POSE_ESTIMATE,estimated,0.057102970217549176,7.90751761847409,4.032511322913169,-1.0895897561819408,-0.28550822508554796,-0.1483095174052165
13573363,1789028305919000000,972,HEAD_POSE_ESTIMATE,estimated,0.07491333275196665,7.8981334399197785,4.101363810919695,-1.1094578175216367,-0.3139327083998205,-0.15445492360867827
13584363,1789028305930000000,973,HEAD_POSE_ESTIMATE,estimated,0.06528188913898492,7.932114803054936,4.231448308835819,-1.1164070349884654,-0.3379378951641598,-0.15911616037090456
13598363,1789028305944000000,974,HEAD_POSE_ESTIMATE,estimated,0.06281975960963082,7.93811548714796,4.29400940380656,-1.107592953715942,-0.36543139396222113,-0.15760168028908308
13612363,1789028305958000000,975,HEAD_POSE_ESTIMATE,estimated,0.04382040341933979,7.912467233674163,4.369983041261697,-1.0817558411912822,-0.3897806036250951,-0.1481932607831644
13626363,1789028305972000000,976,HEAD_POSE_ESTIMATE,estimated,0.021741286946811544,7.7798509851085775,4.541337640660451,-1.0400539394787394,-0.4106127288141113,-0.1313271893743411
13640363,1789028305986000000,977,HEAD_POSE_ESTIMATE,estimated,0.013498562208602016,7.605659783834862,4.765720908361969,-1.0013671566507794,-0.41935276968003016,-0.1044912901701255
13653363,1789028305999000000,978,HEAD_POSE_ESTIMATE,estimated,-0.02478105470623171,7.429960982318556,5.0674477897988,-0.9835175262032954,-0.4125743300545845,-0.0794962425745441
13667363,1789028306013000000,979,HEAD_POSE_ESTIMATE,estimated,-0.04014677574140929,7.322569089729413,5.442204143381917,-1.0160807155306413,-0.40035736399866023,-0.0637477336595891
13681363,1789028306027000000,980,HEAD_POSE_ESTIMATE,estimated,-0.0721612007244164,7.303691326128888,5.834760845171645,-1.0818828905604676,-0.36978833220887786,-0.04949296904200667
13696363,1789028306042000000,981,HEAD_POSE_ESTIMATE,estimated,-0.1063740771864814,7.330597863331146,6.175292551906129,-1.1758825084755227,-0.32697040498473295,-0.031499874105410976
13709363,1789028306055000000,982,HEAD_POSE_ESTIMATE,estimated,-0.17773074850099452,7.303246908907774,6.549885503536411,-1.2595805778444438,-0.2921679576187749,-0.013821805579513662
13723363,1789028306069000000,983,HEAD_POSE_ESTIMATE,estimated,-0.22156609793323676,7.223063556804483,6.836678731772375,-1.2823037426244883,-0.24357507216174912,0.006590435797352258
13737363,1789028306083000000,984,HEAD_POSE_ESTIMATE,estimated,-0.2900894271005079,7.102337884383044,7.15943585632064,-1.2781645430298707,-0.17773255997240425,0.027212075751590434
13750363,1789028306096000000,985,HEAD_POSE_ESTIMATE,estimated,-0.3371854966873992,7.064691456508291,7.530663306365309,-1.258755720404537,-0.11700850190082543,0.04150298533176987
13764363,1789028306110000000,986,HEAD_POSE_ESTIMATE,estimated,-0.3646447834919837,7.084847952380827,7.896524551383182,-1.2336405006836841,-0.04211371604902846,0.04612895802041519
13777363,1789028306123000000,987,HEAD_POSE_ESTIMATE,estimated,-0.3817251864714798,7.025202782174862,8.260580402604988,-1.1978323822517492,0.03639063730561097,0.05061323799453486
13792363,1789028306138000000,988,HEAD_POSE_ESTIMATE,estimated,-0.37696686215807396,6.989833225409715,8.574754824330835,-1.1107677645615885,0.11401272811205768,0.0634271427669512
13807363,1789028306153000000,989,HEAD_POSE_ESTIMATE,estimated,-0.3660337451345049,6.936199877673761,8.830768382003015,-0.9852607243564843,0.18833739174052694,0.0868978423358209
13824363,1789028306170000000,990,HEAD_POSE_ESTIMATE,estimated,-0.37329023309683457,6.79315578840027,8.974248146228408,-0.8424243485041341,0.2522625055875508,0.10675600662447585
13832363,1789028306178000000,991,HEAD_POSE_ESTIMATE,estimated,-0.4126595988198878,6.657298509093396,9.092764132434862,-0.762462511184629,0.27734343801245936,0.11953723653185405
13847363,1789028306193000000,992,HEAD_POSE_ESTIMATE,estimated,-0.4080310112033102,6.347240333689287,9.249908342667633,-0.6912830354667271,0.3100985013416006,0.13107910179223053
13861363,1789028306207000000,993,HEAD_POSE_ESTIMATE,estimated,-0.408864967116059,6.106572677421257,9.333591745955578,-0.6485908740443873,0.3138126066012819,0.12927659529869143
13875363,1789028306221000000,994,HEAD_POSE_ESTIMATE,estimated,-0.3890991131624413,5.901647464086692,9.388197101121971,-0.6113410294392287,0.29235562274653754,0.1228746607066747
13891363,1789028306237000000,995,HEAD_POSE_ESTIMATE,estimated,-0.359039984458506,5.715256023191286,9.404168004688625,-0.5735310020704265,0.26137082960467045,0.12012171685683024
13903363,1789028306249000000,996,HEAD_POSE_ESTIMATE,estimated,-0.4016176556513734,5.531896476331186,9.439097300175357,-0.536550411257255,0.20931487761965697,0.10902490799510633
13916363,1789028306262000000,997,HEAD_POSE_ESTIMATE,estimated,-0.4761047164739024,5.36461259528017,9.419516595066447,-0.488155950639881,0.1489536466953454,0.0917426173113017
13930363,1789028306276000000,998,HEAD_POSE_ESTIMATE,estimated,-0.580915818910523,5.177665881040205,9.385883641221112,-0.4449817396031614,0.09716307563846775,0.0728389681815924
13945363,1789028306291000000,999,HEAD_POSE_ESTIMATE,estimated,-0.6768377602343525,5.174507148633606,9.315912956122393,-0.43748338707952694,0.043171375360771376,0.043420643742373206
13959363,1789028306305000000,1000,HEAD_POSE_ESTIMATE,estimated,-0.7681979445379724,5.254518174753562,9.362950710457007,-0.42687082980209495,-0.01183293252242982,0.007433577397612823
13972363,1789028306318000000,1001,HEAD_POSE_ESTIMATE,estimated,-0.8456101432879566,5.3758621773077815,9.4527115625697,-0.4093417944074764,-0.055116564067284476,-0.019745950076726793
13986363,1789028306332000000,1002,HEAD_POSE_ESTIMATE,estimated,-0.9367923630353567,5.4034381969539895,9.465146636460645,-0.3954010253574039,-0.10451565728388294,-0.05163832925304174
13998363,1789028306344000000,1003,HEAD_POSE_ESTIMATE,estimated,-0.9907926693202288,5.386944399340662,9.450461132701637,-0.37804174442515626,-0.14920963920871227,-0.07682097193710827
14013363,1789028306359000000,1004,HEAD_POSE_ESTIMATE,estimated,-1.0799129776990342,5.524212847024379,9.426482240439391,-0.34656330074104946,-0.18464943910506948,-0.0905605948575256
14027363,1789028306373000000,1005,HEAD_POSE_ESTIMATE,estimated,-1.1441162631764614,5.612231785618166,9.341947799720309,-0.3085727889672752,-0.22179276187342656,-0.09917877387032056
14041363,1789028306387000000,1006,HEAD_POSE_ESTIMATE,estimated,-1.186669530724975,5.6368538358712925,9.37672031884266,-0.26546112808759387,-0.23755440836026515,-0.09631079825542924
14055363,1789028306401000000,1007,HEAD_POSE_ESTIMATE,estimated,-1.1985435355379133,5.667259194005332,9.376962990047174,-0.1996765858938903,-0.23993458986552066,-0.0723938047162932
14069363,1789028306415000000,1008,HEAD_POSE_ESTIMATE,estimated,-1.1453443218896142,5.624814476805861,9.342716675041729,-0.1170832530261146,-0.2389087111466699,-0.034048658629661416
14083363,1789028306429000000,1009,HEAD_POSE_ESTIMATE,estimated,-1.063783514583433,5.545202421514328,9.28675102983032,-0.03846473217661974,-0.22202888599282364,0.015247468899506289
14098363,1789028306444000000,1010,HEAD_POSE_ESTIMATE,estimated,-0.9547251499713736,5.529069527285827,9.16880279887852,0.03802905204867555,-0.19771720023732234,0.06386811589285277
14115363,1789028306461000000,1011,HEAD_POSE_ESTIMATE,estimated,-0.8779536311475917,5.563183797389808,9.01264057389521,0.0942390690740525,-0.17384970193415325,0.0971162491835334
14137363,1789028306483000000,1012,HEAD_POSE_ESTIMATE,estimated,-0.8127142711422979,5.614079457430857,8.838599219074505,0.1514976212143499,-0.1229860655941007,0.1231698545938738
14149363,1789028306495000000,1013,HEAD_POSE_ESTIMATE,estimated,-0.7612908297711634,5.699135680678278,8.728824955112707,0.15883993057214443,-0.09651322689435263,0.11079225324122198
14164363,1789028306510000000,1014,HEAD_POSE_ESTIMATE,estimated,-0.7157901451239916,5.730390446376557,8.572709892366598,0.15787007994288174,-0.06998262421582714,0.09338830187056026
14177363,1789028306523000000,1015,HEAD_POSE_ESTIMATE,estimated,-0.6823555338362828,5.746855864247868,8.417730518092071,0.14894555271032825,-0.05005394024140219,0.07500664727080561
14191363,1789028306537000000,1016,HEAD_POSE_ESTIMATE,estimated,-0.6565714991210986,5.780095237334343,8.215093949057172,0.1467530229279412,-0.025071783703023924,0.06871189983012076
14205363,1789028306551000000,1017,HEAD_POSE_ESTIMATE,estimated,-0.6194546332731228,5.769820666908563,7.982728680123159,0.1664525732966217,-0.00383893533387766,0.07055491574481189
14219363,1789028306565000000,1018,HEAD_POSE_ESTIMATE,estimated,-0.6186296345973881,5.7815358734943185,7.751716027715934,0.18170328907608332,0.019718421146498265,0.07672732339003785
14233363,1789028306579000000,1019,HEAD_POSE_ESTIMATE,estimated,-0.5883083732022599,5.72351015404301,7.6020900900072865,0.18256425755083633,0.040387685147018036,0.09388211022514044
14247363,1789028306593000000,1020,HEAD_POSE_ESTIMATE,estimated,-0.5727093682781823,5.715797780834212,7.448822164606373,0.19381731230851104,0.06501286811969731,0.11946370765639208
14261363,1789028306607000000,1021,HEAD_POSE_ESTIMATE,estimated,-0.518569945713637,5.651606576571633,7.407942839176771,0.19143461358978844,0.08110974682735629,0.15639315785834212
14274363,1789028306620000000,1022,HEAD_POSE_ESTIMATE,estimated,-0.4702638126655105,5.677607459183551,7.307842302563087,0.16908337137846738,0.09893800496054264,0.19123246027024177
14288363,1789028306634000000,1023,HEAD_POSE_ESTIMATE,estimated,-0.39659007523773815,5.686623661376612,7.230777407593358,0.13776479324217447,0.11900135472787388,0.22661302051229473
14303363,1789028306649000000,1024,HEAD_POSE_ESTIMATE,estimated,-0.34090505190465425,5.725042086274606,7.162591789126852,0.09520019245319485,0.13468712459377188,0.2545810280926819
14322363,1789028306668000000,1025,HEAD_POSE_ESTIMATE,estimated,-0.2798441674836263,5.8352905871020315,7.12311238603704,0.0243153130014777,0.14783730050345412,0.2715272242064286
14332363,1789028306678000000,1026,HEAD_POSE_ESTIMATE,estimated,-0.24774422546256186,5.890384507201168,7.118436399579018,-0.0041603580329464,0.1573333720310669,0.278768885732656
14343363,1789028306689000000,1027,HEAD_POSE_ESTIMATE,estimated,-0.21220320619967215,5.937607298414436,7.143619875793335,-0.043913649294419904,0.15859594718676284,0.27237671608229
14358363,1789028306704000000,1028,HEAD_POSE_ESTIMATE,estimated,-0.1893886493981358,5.964139494071588,7.180269601216474,-0.07616899491138923,0.1600507341486281,0.2634540629473481
14372363,1789028306718000000,1029,HEAD_POSE_ESTIMATE,estimated,-0.17738580084191763,5.961678147862302,7.233517123529263,-0.08929338778231907,0.1616823489263818,0.256492663644347
14386363,1789028306732000000,1030,HEAD_POSE_ESTIMATE,estimated,-0.17268910267914273,5.963741814534127,7.301634862695991,-0.09489398174380352,0.16820106195960366,0.2555313923525932
14400363,1789028306746000000,1031,HEAD_POSE_ESTIMATE,estimated,-0.16575016501239181,5.992866892778309,7.412311969846755,-0.10103975138034395,0.17723589439023876,0.25532692520137173
14413363,1789028306759000000,1032,HEAD_POSE_ESTIMATE,estimated,-0.14973983960891585,6.049765723407799,7.530119727068938,-0.10619254198549871,0.18714657889614553,0.2530180487363042
14427363,1789028306773000000,1033,HEAD_POSE_ESTIMATE,estimated,-0.14224175270415917,6.073843212334739,7.684200748977218,-0.1283866812887599,0.20866781754739538,0.26030769355373584
14441363,1789028306787000000,1034,HEAD_POSE_ESTIMATE,estimated,-0.16510129460469905,6.144266138435779,7.903692428514864,-0.1357636209589858,0.21838925842646165,0.25740135670611014
14460363,1789028306806000000,1035,HEAD_POSE_ESTIMATE,estimated,-0.21338581487371533,6.24966824690457,8.156003801420104,-0.12240177680010014,0.23078871168580373,0.2588297369402955
14469363,1789028306815000000,1036,HEAD_POSE_ESTIMATE,estimated,-0.22499174013649995,6.322435689012696,8.266301121090324,-0.13529580714358133,0.23205249358685145,0.2593734445787019
14484363,1789028306830000000,1037,HEAD_POSE_ESTIMATE,estimated,-0.2324716987659515,6.436975101328346,8.4743613343528,-0.10805729878927615,0.2258829004738914,0.250981772033234
14497363,1789028306843000000,1038,HEAD_POSE_ESTIMATE,estimated,-0.23406080767666207,6.44946561603494,8.606132848420165,-0.056940792346229216,0.2165597469988172,0.24141517776820318
14511363,1789028306857000000,1039,HEAD_POSE_ESTIMATE,estimated,-0.2388033539729753,6.494770968801403,8.736571438728548,0.02250991354508055,0.19620478368076932,0.2193528308217331
14525363,1789028306871000000,1040,HEAD_POSE_ESTIMATE,estimated,-0.24568024023626858,6.467557732945,8.802326683407667,0.15728454864622915,0.1741186985203449,0.19400553870418474
14539363,1789028306885000000,1041,HEAD_POSE_ESTIMATE,estimated,-0.22814966449654628,6.470489723203703,8.800672131133924,0.3111590326082106,0.14533076603527703,0.15847664865177816
14552363,1789028306898000000,1042,HEAD_POSE_ESTIMATE,estimated,-0.21030853163691293,6.402073543013193,8.791063319893915,0.46201362693185444,0.1091683542467309,0.120274467279955
14567363,1789028306913000000,1043,HEAD_POSE_ESTIMATE,estimated,-0.18787394111931707,6.267169886127129,8.733068543687029,0.6299794594399382,0.07097229279151894,0.07349563741229888
14582363,1789028306928000000,1044,HEAD_POSE_ESTIMATE,estimated,-0.18121695247400144,6.1625447772219655,8.564000260288529,0.7173384720209388,0.034018735640374005,0.038619982064201516
14596363,1789028306942000000,1045,HEAD_POSE_ESTIMATE,estimated,-0.1422081008976992,6.08411400943689,8.422919253727361,0.759623288727455,-0.006009726538628386,0.0068193270465087856
14612363,1789028306958000000,1046,HEAD_POSE_ESTIMATE,estimated,-0.07616151434585941,6.023849243345375,8.21713936472823,0.7581679226115792,-0.048689948318446676,-0.012320807377632352
14623363,1789028306969000000,1047,HEAD_POSE_ESTIMATE,estimated,-0.028247604020713496,6.00024659055279,8.070699897257837,0.7206387920348751,-0.08047121857215339,-0.014009696396050333
14638363,1789028306984000000,1048,HEAD_POSE_ESTIMATE,estimated,0.047754408271466736,5.936348359892367,7.898007932827481,0.656760694403428,-0.11557233719834704,-0.002606305763456792
14651363,1789028306997000000,1049,HEAD_POSE_ESTIMATE,estimated,0.10348702125556777,5.904051573262543,7.745730548094982,0.5894400335404911,-0.1424811873590957,0.017984353321736406
14665363,1789028307011000000,1050,HEAD_POSE_ESTIMATE,estimated,0.14371366538762648,5.921247465841365,7.567017608471957,0.5121888456416501,-0.15766997017019818,0.047624696658902774
14680363,1789028307026000000,1051,HEAD_POSE_ESTIMATE,estimated,0.20456626512177448,5.945673855650656,7.404933881852726,0.433541144312318,-0.16180970515122772,0.0738719932545231
14693363,1789028307039000000,1052,HEAD_POSE_ESTIMATE,estimated,0.24106997270892705,6.00800222951827,7.264577084547297,0.39052198196535737,-0.15398896450766,0.08576423941905342
14707363,1789028307053000000,1053,HEAD_POSE_ESTIMATE,estimated,0.2599888583961751,6.067515505620406,7.1210343924443436,0.35763106246871196,-0.1439771778994161,0.08495717251263755
14721363,1789028307067000000,1054,HEAD_POSE_ESTIMATE,estimated,0.26067007720593627,6.080402823223253,6.99227667540697,0.3311305358464985,-0.13294315125064904,0.06335694346343508
14735363,1789028307081000000,1055,HEAD_POSE_ESTIMATE,estimated,0.234076913306609,6.158211338115734,6.892796690225579,0.2877428365817253,-0.11686630796522383,0.032045430839111606
14749363,1789028307095000000,1056,HEAD_POSE_ESTIMATE,estimated,0.2037361635264863,6.211974945241417,6.777075077336045,0.2304555108511113,-0.10511273607657769,-0.007682077813332162
14763363,1789028307109000000,1057,HEAD_POSE_ESTIMATE,estimated,0.1738443472785587,6.311848682366397,6.678839565982345,0.17145560107125418,-0.08948370352878188,-0.042334684974442344
14777363,1789028307123000000,1058,HEAD_POSE_ESTIMATE,estimated,0.1232538421584068,6.394797164419816,6.596945299264405,0.11182788314881967,-0.07240434626868084,-0.07452555692890785
14791363,1789028307137000000,1059,HEAD_POSE_ESTIMATE,estimated,0.07557097794000255,6.483974814007447,6.507591455088507,0.04741963910686611,-0.059210935242183196,-0.0968268616732186
14805363,1789028307151000000,1060,HEAD_POSE_ESTIMATE,estimated,0.04544484849473385,6.54210940191812,6.441446669888535,0.00922096943836411,-0.048576902218115725,-0.11820851055097976
14819363,1789028307165000000,1061,HEAD_POSE_ESTIMATE,estimated,0.02250680789636894,6.549575154460292,6.399357524164259,-0.0186796147690157,-0.03616912110908046,-0.1314991594391581
14833363,1789028307179000000,1062,HEAD_POSE_ESTIMATE,estimated,0.016717326434997154,6.54109893458298,6.346127979102742,-0.04352805353708237,-0.022491491658485702,-0.1340348884630517
14847363,1789028307193000000,1063,HEAD_POSE_ESTIMATE,estimated,0.02414906457150414,6.543790726183242,6.322788037281698,-0.05749706144480769,-0.008666367799050327,-0.12669648900810393
14861363,1789028307207000000,1064,HEAD_POSE_ESTIMATE,estimated,0.027841267652293722,6.538651222868005,6.323995348005845,-0.07634640501411079,0.006413176185225558,-0.11395600458612008
14875363,1789028307221000000,1065,HEAD_POSE_ESTIMATE,estimated,0.03991642592055425,6.5431838222250205,6.343054789964568,-0.09845237595179543,0.02026785055969042,-0.09771982505185815
14889363,1789028307235000000,1066,HEAD_POSE_ESTIMATE,estimated,0.05518539986473847,6.541071361146305,6.394990338588752,-0.1358452014345373,0.03353795313387778,-0.08547368734464555
14903363,1789028307249000000,1067,HEAD_POSE_ESTIMATE,estimated,0.08294768417907948,6.540772214425647,6.444174654349228,-0.16546013739765286,0.04280197849026114,-0.07408288639748549
14917363,1789028307263000000,1068,HEAD_POSE_ESTIMATE,estimated,0.11449807719023891,6.5194437429066365,6.526935205311754,-0.1912149510588454,0.049681943565154166,-0.06274283794918273
14930363,1789028307276000000,1069,HEAD_POSE_ESTIMATE,estimated,0.12487540517598691,6.500632499101771,6.6390039857275225,-0.21432401223052325,0.05478203405548932,-0.054694792187965045
14944363,1789028307290000000,1070,HEAD_POSE_ESTIMATE,estimated,0.13784455972104792,6.496720036466198,6.751898126293719,-0.22173101090446945,0.057931054753940336,-0.0491218409311614
14958363,1789028307304000000,1071,HEAD_POSE_ESTIMATE,estimated,0.14602956599052092,6.5005002885532885,6.859338402864513,-0.2191016966328541,0.058508238941197346,-0.0479570913606651
14972363,1789028307318000000,1072,HEAD_POSE_ESTIMATE,estimated,0.14859891799745759,6.543188481933325,6.95017725614829,-0.20951173909733362,0.059656889033110005,-0.05624737267606055
14986363,1789028307332000000,1073,HEAD_POSE_ESTIMATE,estimated,0.12953119000863111,6.564488007465385,7.0410307477028145,-0.19839182451011877,0.06031697490934672,-0.06791461279219174
15001363,1789028307347000000,1074,HEAD_POSE_ESTIMATE,estimated,0.08892791767857947,6.581375989243224,7.122951531872351,-0.1770280587197181,0.060836013497331295,-0.0810378285878954
15013363,1789028307359000000,1075,HEAD_POSE_ESTIMATE,estimated,0.04575370144911162,6.573418990340842,7.20337439955427,-0.15542400554565622,0.0609656448267232,-0.0900598244673969
15027363,1789028307373000000,1076,HEAD_POSE_ESTIMATE,estimated,-0.019657259842403935,6.571775137600146,7.307304327778047,-0.13853485371332644,0.062046124393908,-0.09593803767014564
15044363,1789028307390000000,1077,HEAD_POSE_ESTIMATE,estimated,-0.1270135317407104,6.588192972494698,7.437300338810213,-0.1250228829244567,0.061958623468174066,-0.10202851578694291
15058363,1789028307404000000,1078,HEAD_POSE_ESTIMATE,estimated,-0.22721741817929583,6.597826602020572,7.55240406533794,-0.11833332458051656,0.061246115930895635,-0.10544360296807788
15069363,1789028307415000000,1079,HEAD_POSE_ESTIMATE,estimated,-0.3024178530697943,6.590143015640058,7.649540178318205,-0.12128218213809001,0.059028599194482945,-0.10743696084879668
15083363,1789028307429000000,1080,HEAD_POSE_ESTIMATE,estimated,-0.3995589199255443,6.592229552208538,7.761514907695861,-0.11666262376058295,0.05992316825218261,-0.10478362080498409
15097363,1789028307443000000,1081,HEAD_POSE_ESTIMATE,estimated,-0.4853950637386789,6.59908600094641,7.859692971443727,-0.1087740209574798,0.0644436373072331,-0.09957055166047238
15111363,1789028307457000000,1082,HEAD_POSE_ESTIMATE,estimated,-0.5603125448264472,6.573296764403764,7.9721568476160405,-0.09720659198794065,0.07421610526076458,-0.08845946176259487
15125363,1789028307471000000,1083,HEAD_POSE_ESTIMATE,estimated,-0.6181975450890207,6.539715300730695,8.067057047788882,-0.09056700013375504,0.0887434647598583,-0.07421532277296408
15139363,1789028307485000000,1084,HEAD_POSE_ESTIMATE,estimated,-0.6684814709841163,6.500045275064006,8.173737022706366,-0.0895137681318106,0.1057644776748455,-0.055032619991909934
15153363,1789028307499000000,1085,HEAD_POSE_ESTIMATE,estimated,-0.707400139013366,6.4687833543293864,8.270254400394117,-0.09668774969851765,0.1237719738231544,-0.03503048321887524
15167363,1789028307513000000,1086,HEAD_POSE_ESTIMATE,estimated,-0.7182913967131639,6.479703478219106,8.295379821789144,-0.11570279514905345,0.14085470201991754,-0.010789876203337509
15181363,1789028307527000000,1087,HEAD_POSE_ESTIMATE,estimated,-0.717739255316725,6.510863457119525,8.285947589822902,-0.12807091462692646,0.14994551178655516,0.005038387110030397
15195363,1789028307541000000,1088,HEAD_POSE_ESTIMATE,estimated,-0.7154548778718879,6.539309986355356,8.28557509161736,-0.12870447615263464,0.15019393123792407,0.012425502166790139
15209363,1789028307555000000,1089,HEAD_POSE_ESTIMATE,estimated,-0.7071367058817052,6.55229202573835,8.25183929261939,-0.12447872921857629,0.14544431950083148,0.010235057036229638
15223363,1789028307569000000,1090,HEAD_POSE_ESTIMATE,estimated,-0.7036461347463897,6.575350605495712,8.194096337118674,-0.1090420928006494,0.12990002983149448,-0.007936655542169714
15236363,1789028307582000000,1091,HEAD_POSE_ESTIMATE,estimated,-0.6975087342788738,6.584500984254746,8.12485584907906,-0.07945506554849138,0.10801129575612517,-0.03850804645744474
15250363,1789028307596000000,1092,HEAD_POSE_ESTIMATE,estimated,-0.7068042671792825,6.610366448070557,8.03285737710961,-0.031160878746049694,0.07660744548139564,-0.07385145905764083
15265363,1789028307611000000,1093,HEAD_POSE_ESTIMATE,estimated,-0.7133471981347105,6.582270954844692,7.910650405188453,0.03899501414376497,0.03816730043994861,-0.11703990029070203
15279363,1789028307625000000,1094,HEAD_POSE_ESTIMATE,estimated,-0.7326678557431774,6.577365991346431,7.760742248606808,0.10678028291123613,0.0005322326564991595,-0.1479785479479427
15292363,1789028307638000000,1095,HEAD_POSE_ESTIMATE,estimated,-0.7474550883822417,6.5498348441851,7.629859697576554,0.17213267281626288,-0.03570242450547977,-0.16263575716160128
15306363,1789028307652000000,1096,HEAD_POSE_ESTIMATE,estimated,-0.7619255187137455,6.502894956600333,7.489172255794444,0.23027189817082405,-0.07317688981098074,-0.1588822168184765
15320363,1789028307666000000,1097,HEAD_POSE_ESTIMATE,estimated,-0.758114100635733,6.466797292132508,7.3391640261554745,0.27328693838154217,-0.10657282501470694,-0.13331844416665914
15334363,1789028307680000000,1098,HEAD_POSE_ESTIMATE,estimated,-0.7558446979767423,6.423275336837743,7.2014464114736185,0.29718546020016745,-0.13301348536205176,-0.0996665268996525
15348363,1789028307694000000,1099,HEAD_POSE_ESTIMATE,estimated,-0.7417108664706231,6.395170201592376,7.064950412968827,0.2983618244212339,-0.15457109721710194,-0.0583504789387269
15362363,1789028307708000000,1100,HEAD_POSE_ESTIMATE,estimated,-0.7302544026761046,6.385222443548868,6.951457439084086,0.2876848853978451,-0.17181413206986917,-0.01656371736002091
15377363,1789028307723000000,1101,HEAD_POSE_ESTIMATE,estimated,-0.6860707385835085,6.381908410245924,6.849258610941128,0.2637631072429552,-0.18500586532513244,0.020670144379769034
15389363,1789028307735000000,1102,HEAD_POSE_ESTIMATE,estimated,-0.6552049739856306,6.398296983041032,6.764275710902044,0.2436222508487143,-0.19347278508256321,0.03641497558171813
15403363,1789028307749000000,1103,HEAD_POSE_ESTIMATE,estimated,-0.6158137346899619,6.435331349382655,6.679859211167564,0.21811069390001925,-0.19808155784061704,0.047398896915146975
15418363,1789028307764000000,1104,HEAD_POSE_ESTIMATE,estimated,-0.5545336293504911,6.464434196759557,6.610703386662001,0.18673776128605668,-0.19745723680406713,0.04890564825786185
15434363,1789028307780000000,1105,HEAD_POSE_ESTIMATE,estimated,-0.4919707724803665,6.482536108249645,6.538768846875939,0.15967643714427815,-0.19498407126980938,0.0399740499318137
15446363,1789028307792000000,1106,HEAD_POSE_ESTIMATE,estimated,-0.4442181305161751,6.4578395192880045,6.4959895141525354,0.1362916285035548,-0.1879756596512687,0.03087462149259808
15458363,1789028307804000000,1107,HEAD_POSE_ESTIMATE,estimated,-0.4032318069804966,6.443112529802517,6.447184453170341,0.11097410890300906,-0.17921206530835532,0.024676061792212132
15472363,1789028307818000000,1108,HEAD_POSE_ESTIMATE,estimated,-0.3568940657177006,6.414368922883201,6.422424461055171,0.07381326549025342,-0.1635523319033542,0.020898020764541562
15486363,1789028307832000000,1109,HEAD_POSE_ESTIMATE,estimated,-0.30673003768160123,6.3757288426277565,6.435418976173509,0.03940116317325028,-0.149370302234744,0.024340029704593286
15500363,1789028307846000000,1110,HEAD_POSE_ESTIMATE,estimated,-0.26269203052986767,6.366630975296253,6.448154650300143,0.005307296750662938,-0.13138429627674686,0.02623816574624484
15513363,1789028307859000000,1111,HEAD_POSE_ESTIMATE,estimated,-0.2228682359896708,6.3340818166424855,6.482506424069107,-0.028741821121772267,-0.11115680809713306,0.027982181820731474
15528363,1789028307874000000,1112,HEAD_POSE_ESTIMATE,estimated,-0.18382096512666876,6.293517839919242,6.534200813034075,-0.06475242636437027,-0.09119888933242784,0.033145995145740674
15542363,1789028307888000000,1113,HEAD_POSE_ESTIMATE,estimated,-0.1524268706196051,6.28032447385972,6.594118693842122,-0.10223344985610787,-0.07224247641422195,0.035830454893807234
15556363,1789028307902000000,1114,HEAD_POSE_ESTIMATE,estimated,-0.1454104833096838,6.301220370204901,6.668092831665902,-0.13996550276392844,-0.055675292118565804,0.03736045203073312
15569363,1789028307915000000,1115,HEAD_POSE_ESTIMATE,estimated,-0.14255889929800997,6.307159844488557,6.773296780710674,-0.17518410880852678,-0.040085758450428985,0.03740418079026991
15583363,1789028307929000000,1116,HEAD_POSE_ESTIMATE,estimated,-0.13725942735470154,6.322770300093883,6.888474596953803,-0.21199115170835148,-0.022460845548830908,0.03664417821989696
15598363,1789028307944000000,1117,HEAD_POSE_ESTIMATE,estimated,-0.14456247351421503,6.323982309515262,7.0375864734953115,-0.24360219506970254,-0.005323737320682983,0.033745746418650004
15611363,1789028307957000000,1118,HEAD_POSE_ESTIMATE,estimated,-0.15290748119697112,6.346872090574358,7.160068710847724,-0.2685535116935615,0.008900337275479887,0.029376700216255415
15625363,1789028307971000000,1119,HEAD_POSE_ESTIMATE,estimated,-0.17054830680485572,6.396386694811275,7.299352154836525,-0.29398093749244075,0.021871439136345792,0.022084711575286214
15639363,1789028307985000000,1120,HEAD_POSE_ESTIMATE,estimated,-0.20614892049972375,6.415822134458817,7.45799381366653,-0.3120489082934128,0.030222400936527158,0.01457725396224096
15653363,1789028307999000000,1121,HEAD_POSE_ESTIMATE,estimated,-0.24564893522138426,6.438872447609072,7.594719972343328,-0.32180116573567286,0.03606041712895458,0.009557782854873393
15667363,1789028308013000000,1122,HEAD_POSE_ESTIMATE,estimated,-0.2836207844126517,6.403677347749192,7.736875843247087,-0.3298689893532377,0.041322253990194534,0.008597449887481505
15682363,1789028308028000000,1123,HEAD_POSE_ESTIMATE,estimated,-0.3192132910259251,6.369107418886136,7.88472563051369,-0.3276795351031315,0.04670264033169803,0.011158768498217715
15695363,1789028308041000000,1124,HEAD_POSE_ESTIMATE,estimated,-0.34099212185640965,6.311662092701464,8.021186193902027,-0.31859306476345334,0.05028886181791285,0.01701542595741004
15709363,1789028308055000000,1125,HEAD_POSE_ESTIMATE,estimated,-0.3599298025944887,6.23342388956501,8.17160738348611,-0.31419740859424516,0.05668330234272945,0.027072499064779206
15723363,1789028308069000000,1126,HEAD_POSE_ESTIMATE,estimated,-0.3768153983994651,6.1612138291574245,8.274959844746588,-0.3024835048987663,0.06091075876594106,0.03362959917231855
15737363,1789028308083000000,1127,HEAD_POSE_ESTIMATE,estimated,-0.38875504573374037,6.083028419822666,8.371029148447377,-0.28903279321528874,0.06654386603263475,0.037985679494266136
15751363,1789028308097000000,1128,HEAD_POSE_ESTIMATE,estimated,-0.401963252416471,6.022011468962029,8.450927489396884,-0.27218535784167136,0.07162038241833446,0.03321081193931765
15765363,1789028308111000000,1129,HEAD_POSE_ESTIMATE,estimated,-0.4174771106772104,5.977636288510229,8.501763677786984,-0.2540178567408198,0.07551341218933853,0.023834858656613892
15779363,1789028308125000000,1130,HEAD_POSE_ESTIMATE,estimated,-0.4350261149633001,5.937554248781729,8.530829729685946,-0.22938111343698872,0.07361643358870266,0.005568687700734379
15793363,1789028308139000000,1131,HEAD_POSE_ESTIMATE,estimated,-0.4434211642369088,5.888323403787013,8.55083614949204,-0.19731089500531135,0.06505598976820796,-0.01686131639800595
15807363,1789028308153000000,1132,HEAD_POSE_ESTIMATE,estimated,-0.44818130314137067,5.8402638604800226,8.529489826694514,-0.16602053438461115,0.05089647935566692,-0.04474282515999416
15821363,1789028308167000000,1133,HEAD_POSE_ESTIMATE,estimated,-0.44591631041329144,5.804475304302639,8.497076292308389,-0.1287556911180713,0.031836137343964344,-0.06724126211921355
15835363,1789028308181000000,1134,HEAD_POSE_ESTIMATE,estimated,-0.4329869104672712,5.7696410318343165,8.448068591841992,-0.08477870273955772,0.010264775040105032,-0.07968186759403095
15849363,1789028308195000000,1135,HEAD_POSE_ESTIMATE,estimated,-0.40777580028285165,5.742585541202921,8.390169370601924,-0.03877610009273576,-0.010278431031507265,-0.07760841815050379
15863363,1789028308209000000,1136,HEAD_POSE_ESTIMATE,estimated,-0.3725924511435103,5.698106591975088,8.32196755820593,0.00472974269615375,-0.026710052801042636,-0.06465532315169141
15876363,1789028308222000000,1137,HEAD_POSE_ESTIMATE,estimated,-0.3182539948601375,5.672889737800034,8.237325351725513,0.03860275155185822,-0.03760328980723514,-0.042566604846538424
15890363,1789028308236000000,1138,HEAD_POSE_ESTIMATE,estimated,-0.2519667555271793,5.602463045243015,8.15523759316697,0.06747245695618907,-0.04201077103448933,-0.012409592219429376
15904363,1789028308250000000,1139,HEAD_POSE_ESTIMATE,estimated,-0.18717683984385214,5.55123349513817,8.075285102867362,0.08485476740107151,-0.042196638844088794,0.015209693990665246
15918363,1789028308264000000,1140,HEAD_POSE_ESTIMATE,estimated,-0.09869034056671802,5.524924276087499,7.9824815722648,0.0949063794484894,-0.03849846982908402,0.03769907063463533
15932363,1789028308278000000,1141,HEAD_POSE_ESTIMATE,estimated,-0.021951419527411448,5.49403421406062,7.914753437548128,0.0992091832699273,-0.03264770071410211,0.046676820276045805
15946363,1789028308292000000,1142,HEAD_POSE_ESTIMATE,estimated,0.052478887088119985,5.478870840074602,7.853443867201963,0.09754145755163143,-0.026473841481587025,0.049056443916807614
15960363,1789028308306000000,1143,HEAD_POSE_ESTIMATE,estimated,0.10810841336488394,5.470657453107588,7.815644851279166,0.09111885375398633,-0.02343092865486007,0.03391796637785472
15973363,1789028308319000000,1144,HEAD_POSE_ESTIMATE,estimated,0.14404356171256036,5.473121523771282,7.785475432168964,0.08109860986602534,-0.02266598715893556,0.009604548850510557
15987363,1789028308333000000,1145,HEAD_POSE_ESTIMATE,estimated,0.16455759587487281,5.472911433320117,7.755078190842124,0.08086594346190401,-0.02757929519369182,-0.02261428352924495
16001363,1789028308347000000,1146,HEAD_POSE_ESTIMATE,estimated,0.17345575478440656,5.458397987223415,7.747659797438386,0.07423511924953557,-0.03269611602125241,-0.056661306135877415
16015363,1789028308361000000,1147,HEAD_POSE_ESTIMATE,estimated,0.17654910766397017,5.439261672462722,7.751347776564379,0.06060213529405911,-0.038849970022768264,-0.08710968139686714
16027363,1789028308373000000,1148,HEAD_POSE_ESTIMATE,estimated,0.17383889068254352,5.3967254835067795,7.770517549811332,0.05106148104647044,-0.04453037044812932,-0.106053203725954
16043363,1789028308389000000,1149,HEAD_POSE_ESTIMATE,estimated,0.16508931867021853,5.350468725773238,7.810121469657177,0.02691725110444886,-0.05066952618664101,-0.12259041859124117
16055363,1789028308401000000,1150,HEAD_POSE_ESTIMATE,estimated,0.15041843804928057,5.303174967386386,7.84711998394623,0.004343786277622541,-0.054854783128256285,-0.12659216115330707
16070363,1789028308416000000,1151,HEAD_POSE_ESTIMATE,estimated,0.13504320293022326,5.266434673692629,7.907416136795854,-0.020387657919771745,-0.059582822530925506,-0.12359678190411043
16084363,1789028308430000000,1152,HEAD_POSE_ESTIMATE,estimated,0.1158037288251238,5.236710805091798,7.954875976086171,-0.048853678860661255,-0.061423438825564884,-0.11477847063836627
16097363,1789028308443000000,1153,HEAD_POSE_ESTIMATE,estimated,0.10073744134901336,5.201820269847623,8.014733320060664,-0.07998363294451719,-0.060750284292318456,-0.10279964087524864
16111363,1789028308457000000,1154,HEAD_POSE_ESTIMATE,estimated,0.08675507940523497,5.179679391742369,8.070021236669923,-0.12245531029021056,-0.05601188675170795,-0.09108004910217196
16125363,1789028308471000000,1155,HEAD_POSE_ESTIMATE,estimated,0.06955863007807839,5.207439166545389,8.132409982799109,-0.17435211815829518,-0.048798767517179285,-0.07617098991023866
16139363,1789028308485000000,1156,HEAD_POSE_ESTIMATE,estimated,0.06312746921613105,5.231923046254703,8.205010860646855,-0.2224909940538424,-0.038748857093049455,-0.0663594810598294
16153363,1789028308499000000,1157,HEAD_POSE_ESTIMATE,estimated,0.04871104931214831,5.260901142151539,8.287264174611813,-0.2615101725016419,-0.02590948958614452,-0.05745660430997826
16167363,1789028308513000000,1158,HEAD_POSE_ESTIMATE,estimated,0.026581642849335452,5.294205423131023,8.38773391121277,-0.29192520401053895,-0.012676669796787906,-0.05942015286689174
16182363,1789028308528000000,1159,HEAD_POSE_ESTIMATE,estimated,-0.005105430638508823,5.301891216417382,8.512006914092998,-0.3086339433458153,0.0023075579831866944,-0.06305923495820329
16195363,1789028308541000000,1160,HEAD_POSE_ESTIMATE,estimated,-0.030906820037032434,5.312818409488199,8.593345436929722,-0.30952501016201367,0.013590131621209629,-0.0682806463311194
16209363,1789028308555000000,1161,HEAD_POSE_ESTIMATE,estimated,-0.052050792424724435,5.324840280969598,8.679755886961068,-0.3028097602759765,0.023956608524113587,-0.07455374783650597
16223363,1789028308569000000,1162,HEAD_POSE_ESTIMATE,estimated,-0.060725950667327055,5.330497688227071,8.753799228724002,-0.2840370123481933,0.031073949713510966,-0.07822517474139988
16238363,1789028308584000000,1163,HEAD_POSE_ESTIMATE,estimated,-0.07134605995926763,5.324423281409605,8.800314171510468,-0.2560311145156916,0.03448743679360147,-0.07962039559633856
16252363,1789028308598000000,1164,HEAD_POSE_ESTIMATE,estimated,-0.06922119788189218,5.287266554713532,8.828717347373788,-0.22899321868726857,0.03239566614391433,-0.07735203939258495
16264363,1789028308610000000,1165,HEAD_POSE_ESTIMATE,estimated,-0.06907543024208695,5.214491240314193,8.844608099259922,-0.19794361737213143,0.029071274708108635,-0.07526710570422172
16278363,1789028308624000000,1166,HEAD_POSE_ESTIMATE,estimated,-0.06326478990858969,5.150088219009037,8.852489483610608,-0.17841687625668534,0.02107533523685314,-0.07411730848250757
16292363,1789028308638000000,1167,HEAD_POSE_ESTIMATE,estimated,-0.05745855705968245,5.098084848564549,8.866043101634485,-0.1796892712360228,0.010713698649511105,-0.07281128978063592
16306363,1789028308652000000,1168,HEAD_POSE_ESTIMATE,estimated,-0.061356650393208756,5.067564782933994,8.875893830782754,-0.19909187164919515,-0.005196003363542815,-0.07244746815747473
16320363,1789028308666000000,1169,HEAD_POSE_ESTIMATE,estimated,-0.06476568007742922,5.051934997920196,8.886530160805194,-0.2251411112338029,-0.02096205029025517,-0.07029519382682928
16333363,1789028308679000000,1170,HEAD_POSE_ESTIMATE,estimated,-0.07841936039319586,5.047728721636761,8.886963291571904,-0.24416334501962605,-0.033064812798451935,-0.06876528137083786
16347363,1789028308693000000,1171,HEAD_POSE_ESTIMATE,estimated,-0.09835946000009038,5.031545757471001,8.886379970539751,-0.2525166318012343,-0.040470249113044615,-0.06761620638959681
16361363,1789028308707000000,1172,HEAD_POSE_ESTIMATE,estimated,-0.11913689757832702,4.9779826154514195,8.876419463225456,-0.25371861479447694,-0.04169087577370834,-0.06762386479231255
16375363,1789028308721000000,1173,HEAD_POSE_ESTIMATE,estimated,-0.11945324061886597,4.824852063391546,8.928289433188835,-0.2486660922575147,-0.03804195531738292,-0.06892152729380499
16389363,1789028308735000000,1174,HEAD_POSE_ESTIMATE,estimated,-0.1368901911927254,4.731035964979764,8.99381361756557,-0.2350835216875545,-0.028436400034194235,-0.07251379849862677
16403363,1789028308749000000,1175,HEAD_POSE_ESTIMATE,estimated,-0.17181266815604376,4.706514840484147,9.035272864969693,-0.22922973645813377,-0.01467157116064352,-0.0763050168911172
16417363,1789028308763000000,1176,HEAD_POSE_ESTIMATE,estimated,-0.22314878699432558,4.767727369801663,9.03927903930577,-0.22429555316372665,0.0009819675817172259,-0.08148347054646075
16431363,1789028308777000000,1177,HEAD_POSE_ESTIMATE,estimated,-0.2717845264906008,4.813850505381087,9.027557822632286,-0.22562000443298735,0.012403828351652773,-0.0882459504711191
16445363,1789028308791000000,1178,HEAD_POSE_ESTIMATE,estimated,-0.31803733541771306,4.851647578977575,8.980604930796321,-0.2175025861045016,0.02399341715481988,-0.09118436838841823
16459363,1789028308805000000,1179,HEAD_POSE_ESTIMATE,estimated,-0.37465405668674173,4.8808964173162295,8.920294605481818,-0.19847651774612626,0.033287006919070244,-0.09002679780931361
16473363,1789028308819000000,1180,HEAD_POSE_ESTIMATE,estimated,-0.4238615079252812,4.915646137598504,8.858278452084,-0.1734360533381729,0.0418027417402331,-0.08483805726004341
16483363,1789028308829000000,1181,HEAD_POSE_ESTIMATE,estimated,-0.4595124432999862,4.977710817451283,8.845118145257187,-0.15836831845498833,0.047811092355017376,-0.07830727605705641
16497363,1789028308843000000,1182,HEAD_POSE_ESTIMATE,estimated,-0.5071906067474431,5.140409889023643,8.83191740833464,-0.14165429432309914,0.05500772612638069,-0.07205303311204869
16511363,1789028308857000000,1183,HEAD_POSE_ESTIMATE,estimated,-0.5555070731153123,5.3653470414248625,8.811490428332133,-0.11454989204716245,0.058230012115397745,-0.06558003002767757
16525363,1789028308871000000,1184,HEAD_POSE_ESTIMATE,estimated,-0.6102279621291207,5.532807742825075,8.784908052045672,-0.09033174744779583,0.06409224972411641,-0.061762824275703516
16539363,1789028308885000000,1185,HEAD_POSE_ESTIMATE,estimated,-0.6555924150127416,5.697693402956572,8.7264902841926,-0.0530243205345815,0.06338440604145877,-0.058993216398191696
16553363,1789028308899000000,1186,HEAD_POSE_ESTIMATE,estimated,-0.6914942220942619,5.808974872928042,8.66580200375317,-0.00651288284404533,0.056119734066656546,-0.056196736889966285
16567363,1789028308913000000,1187,HEAD_POSE_ESTIMATE,estimated,-0.7181326470214896,5.84401328740651,8.610901027906673,0.0410720334126442,0.0478668255286249,-0.05628454496537217
16581363,1789028308927000000,1188,HEAD_POSE_ESTIMATE,estimated,-0.7340844957604784,5.8718528553125084,8.573320767739762,0.0871212477122084,0.028885530739423536,-0.05446659835851719
16595363,1789028308941000000,1189,HEAD_POSE_ESTIMATE,estimated,-0.729457308094151,5.904533130139114,8.574677801881903,0.119798046840878,0.0038753525784983017,-0.05106347153295266
16609363,1789028308955000000,1190,HEAD_POSE_ESTIMATE,estimated,-0.7381202832439411,6.062367379826554,8.518380022395244,0.15527375817160707,-0.026724763418911817,-0.04190848062715497
16623363,1789028308969000000,1191,HEAD_POSE_ESTIMATE,estimated,-0.7488379067855127,6.128816252048079,8.43003997637311,0.1911760605442114,-0.05978768125659776,-0.0277379878167865
16637363,1789028308983000000,1192,HEAD_POSE_ESTIMATE,estimated,-0.7280597038113086,6.212304235690471,8.280769765181855,0.2412309515130358,-0.08858064834517992,-0.00842613704392495
16651363,1789028308997000000,1193,HEAD_POSE_ESTIMATE,estimated,-0.7168837458296863,6.182705340853415,8.122839312267315,0.3081622682313378,-0.11008064429124065,0.01745522714851346
16666363,1789028309012000000,1194,HEAD_POSE_ESTIMATE,estimated,-0.7010872107084956,6.137775685988969,7.972778115586169,0.36679894840235006,-0.12559720014936263,0.03461823717708619
16680363,1789028309026000000,1195,HEAD_POSE_ESTIMATE,estimated,-0.6711933292411152,6.112390992544773,7.838323251872124,0.4148757632825641,-0.1324098178229038,0.041682183568465925
16695363,1789028309041000000,1196,HEAD_POSE_ESTIMATE,estimated,-0.6520362164423397,6.117505955294723,7.692555012732389,0.44937064385997505,-0.13222493476115402,0.04144614709831322
16708363,1789028309054000000,1197,HEAD_POSE_ESTIMATE,estimated,-0.6334239798148602,6.200293496143055,7.542170264867988,0.4710888801487176,-0.12741394407976667,0.035530387839223375
16722363,1789028309068000000,1198,HEAD_POSE_ESTIMATE,estimated,-0.619738135363863,6.235326248963762,7.389158530089496,0.4895412060484675,-0.11394147697855103,0.03146305934910109
16736363,1789028309082000000,1199,HEAD_POSE_ESTIMATE,estimated,-0.6152038367366084,6.278157643418698,7.208026758680067,0.49514914153791534,-0.09383444356515122,0.027032628319123803
16750363,1789028309096000000,1200,HEAD_POSE_ESTIMATE,estimated,-0.606218194751877,6.249697092290552,7.043649529189995,0.5023109206594675,-0.07488155895829579,0.027103170169923807
16765363,1789028309111000000,1201,HEAD_POSE_ESTIMATE,estimated,-0.5984183748059819,6.256443148791474,6.882546291725643,0.48545816370026235,-0.05349426237732134,0.024116131344634396
16777363,1789028309123000000,1202,HEAD_POSE_ESTIMATE,estimated,-0.5819142014146135,6.255013144078084,6.746494376877587,0.4592865615787011,-0.0386901068186346,0.021719802155597785
16791363,1789028309137000000,1203,HEAD_POSE_ESTIMATE,estimated,-0.5530951386424346,6.226316322260615,6.610601523801516,0.4353370755306656,-0.029629155652063997,0.021433884503740903
16805363,1789028309151000000,1204,HEAD_POSE_ESTIMATE,estimated,-0.5191640978025418,6.210878479669383,6.485470640532922,0.41405683583652925,-0.022535761522589678,0.024580746212615627
16820363,1789028309166000000,1205,HEAD_POSE_ESTIMATE,estimated,-0.4780630300892183,6.159792497773344,6.392065307444984,0.4094542564625926,-0.020126151118325535,0.03236166851969813
16833363,1789028309179000000,1206,HEAD_POSE_ESTIMATE,estimated,-0.4449383551561724,6.094767804752769,6.305702521725632,0.4004922366431504,-0.022467583264675437,0.03850166603701167
16847363,1789028309193000000,1207,HEAD_POSE_ESTIMATE,estimated,-0.415625089365579,6.006058459090794,6.25140903097973,0.4057889628594549,-0.028831453297860896,0.043867568247351434
16861363,1789028309207000000,1208,HEAD_POSE_ESTIMATE,estimated,-0.39350898713657817,5.9288630981796135,6.206132392700446,0.3836892337475171,-0.03786615614539186,0.04536664948193702
16875363,1789028309221000000,1209,HEAD_POSE_ESTIMATE,estimated,-0.3722209186093029,5.848802778214937,6.179935801243575,0.33190948126561176,-0.050054648405289504,0.04175694775260452
16889363,1789028309235000000,1210,HEAD_POSE_ESTIMATE,estimated,-0.33697687121701253,5.82752284677666,6.206925513100654,0.2648054213803646,-0.06398430185147216,0.04332268689088464
16904363,1789028309250000000,1211,HEAD_POSE_ESTIMATE,estimated,-0.2970340706909414,5.832185131718727,6.239638913653214,0.16922163908584872,-0.07561951429652232,0.04588593827561707
16918363,1789028309264000000,1212,HEAD_POSE_ESTIMATE,estimated,-0.26130709032889127,5.869212802153632,6.272729766279301,0.07215207653498426,-0.08252402278027661,0.04896894620132153
16932363,1789028309278000000,1213,HEAD_POSE_ESTIMATE,estimated,-0.23581816631131985,5.924811067431661,6.345934104033357,-0.03997496662216153,-0.0855698662423346,0.04943467724459588
16946363,1789028309292000000,1214,HEAD_POSE_ESTIMATE,estimated,-0.21376711415768024,6.028648303624152,6.435363626438216,-0.14905493332691094,-0.08852629718508859,0.0439787296247454
16962363,1789028309308000000,1215,HEAD_POSE_ESTIMATE,estimated,-0.1947532505430734,6.110630289956244,6.583279676450057,-0.25324501795901605,-0.09054467531802585,0.03306600270423039
16972363,1789028309318000000,1216,HEAD_POSE_ESTIMATE,estimated,-0.17850148169594934,6.156445180594884,6.670899826199484,-0.30904733488171265,-0.08951346820418406,0.021136238773082433
16986363,1789028309332000000,1217,HEAD_POSE_ESTIMATE,estimated,-0.16215527987821055,6.230481034882569,6.779910932810447,-0.3535126517926997,-0.08594088651094167,0.013509315732211914
17001363,1789028309347000000,1218,HEAD_POSE_ESTIMATE,estimated,-0.15090337223812844,6.248783169182083,6.917906384175364,-0.3733212636056462,-0.08231077533257113,0.006023843528338681
17015363,1789028309361000000,1219,HEAD_POSE_ESTIMATE,estimated,-0.1362270720466898,6.245982706255687,7.024254291149637,-0.3724078032310127,-0.08126865452778051,-0.000728039626566879
17027363,1789028309373000000,1220,HEAD_POSE_ESTIMATE,estimated,-0.13231341423087245,6.229307096592363,7.113774740281762,-0.35594452381351843,-0.07989676590440654,-0.007420737462325076
17042363,1789028309388000000,1221,HEAD_POSE_ESTIMATE,estimated,-0.12846923926551737,6.225502639757588,7.198519974507783,-0.3382533772108272,-0.08381176807296246,-0.021623784717519745
17056363,1789028309402000000,1222,HEAD_POSE_ESTIMATE,estimated,-0.12709358061002005,6.246874441522242,7.247716372139656,-0.3151096816251113,-0.0912734860358099,-0.038232070903836964
17070363,1789028309416000000,1223,HEAD_POSE_ESTIMATE,estimated,-0.12418529613873952,6.2530119739428365,7.286114436637595,-0.31180292032570034,-0.10254551535216004,-0.05961688792065069
17084363,1789028309430000000,1224,HEAD_POSE_ESTIMATE,estimated,-0.10985950514185455,6.212567345573369,7.268835005300265,-0.2975693976983044,-0.1142099721740663,-0.07381235638862019
17098363,1789028309444000000,1225,HEAD_POSE_ESTIMATE,estimated,-0.10148843283042028,6.155346011496145,7.265778504588364,-0.273473726709185,-0.12536104268586543,-0.08189756081501158
17112363,1789028309458000000,1226,HEAD_POSE_ESTIMATE,estimated,-0.08133137415559147,6.108611218521856,7.233900317761737,-0.2595947094408663,-0.13483130844521957,-0.08606323312815975
17126363,1789028309472000000,1227,HEAD_POSE_ESTIMATE,estimated,-0.07981647001128005,6.072246740968337,7.234123372396349,-0.24224036576710326,-0.14730653428765914,-0.0839357635170721
17140363,1789028309486000000,1228,HEAD_POSE_ESTIMATE,estimated,-0.07004601549187686,6.064665902290164,7.161287632801956,-0.22874826844401638,-0.15626966070717693,-0.08154029236583096
17154363,1789028309500000000,1229,HEAD_POSE_ESTIMATE,estimated,-0.061411233436478994,6.072165109706129,7.083522008211013,-0.20786386424576478,-0.16157357125126845,-0.07293867346672288
17168363,1789028309514000000,1230,HEAD_POSE_ESTIMATE,estimated,-0.0450749040387367,6.041480389073814,7.011899616460823,-0.18676941861276036,-0.16548768761040722,-0.06373395068858044
17182363,1789028309528000000,1231,HEAD_POSE_ESTIMATE,estimated,-0.02152003920074856,5.986642495549623,6.93605511889823,-0.16774373566538553,-0.16422198195729623,-0.05041560476818972
17196363,1789028309542000000,1232,HEAD_POSE_ESTIMATE,estimated,-0.002924431378059464,5.898852586911991,6.88816331339787,-0.15279332381529767,-0.158524583265184,-0.03784648797926486
17211363,1789028309557000000,1233,HEAD_POSE_ESTIMATE,estimated,0.00241537928442237,5.823462809291426,6.86243463731873,-0.14270338951553774,-0.1511351375015498,-0.025609866844694462
17224363,1789028309570000000,1234,HEAD_POSE_ESTIMATE,estimated,0.0010729321528362562,5.775326986932498,6.907856770817215,-0.14200055722610838,-0.14139506132451865,-0.01721939783500408
17241363,1789028309587000000,1235,HEAD_POSE_ESTIMATE,estimated,-0.008492736464093473,5.725479286581141,6.9759339542645,-0.1417042320788936,-0.12472794826069929,-0.013147630822642985
17251363,1789028309597000000,1236,HEAD_POSE_ESTIMATE,estimated,-0.012763541291387117,5.698959046714313,7.036189650865686,-0.144308200256452,-0.11264975631395815,-0.01665541994077187
17264363,1789028309610000000,1237,HEAD_POSE_ESTIMATE,estimated,-0.020642619135513653,5.656345103181091,7.207961999055132,-0.1393049792632472,-0.09542844343551303,-0.026132509791079384
17278363,1789028309624000000,1238,HEAD_POSE_ESTIMATE,estimated,-0.03320466364538917,5.626625589234577,7.3683974626222986,-0.13801979607149079,-0.07567598240047417,-0.03879817977085155
17292363,1789028309638000000,1239,HEAD_POSE_ESTIMATE,estimated,-0.05074907715014505,5.566124982121365,7.545680896443627,-0.137076059115387,-0.05462586409593755,-0.05229577880807924
17306363,1789028309652000000,1240,HEAD_POSE_ESTIMATE,estimated,-0.06899678480419986,5.527753528999535,7.8020169298015976,-0.15640884575048486,-0.03910220682972496,-0.07506977120787561
17319363,1789028309665000000,1241,HEAD_POSE_ESTIMATE,estimated,-0.10769671386812946,5.484629755398394,8.079177207484713,-0.17691701530410317,-0.025324111679899907,-0.09665791226284179
17334363,1789028309680000000,1242,HEAD_POSE_ESTIMATE,estimated,-0.1501906090059512,5.4708857785137095,8.393233829598397,-0.18805114474631965,-0.004313547931786536,-0.11130865523140941
17347363,1789028309693000000,1243,HEAD_POSE_ESTIMATE,estimated,-0.20334503988976074,5.431388805507919,8.736301023136642,-0.18637515478316177,0.012727344640224611,-0.12107992065569279
17361363,1789028309707000000,1244,HEAD_POSE_ESTIMATE,estimated,-0.25069258376662706,5.385356529708143,9.01192764621873,-0.17401507927696705,0.036131014975499844,-0.11587074723454828
17377363,1789028309723000000,1245,HEAD_POSE_ESTIMATE,estimated,-0.3146212710704695,5.365216760609821,9.292091487107534,-0.15812335960409826,0.06563713634106372,-0.1013907627953031
17389363,1789028309735000000,1246,HEAD_POSE_ESTIMATE,estimated,-0.34741960756850815,5.326045088639394,9.512925444922724,-0.14495171684021957,0.09295225106717693,-0.08256576008485875
17402363,1789028309748000000,1247,HEAD_POSE_ESTIMATE,estimated,-0.3880955936846607,5.2952695415698265,9.724377975585005,-0.122525143420851,0.1289804679081314,-0.05463797701872116
17416363,1789028309762000000,1248,HEAD_POSE_ESTIMATE,estimated,-0.44912555095267026,5.308774752410053,9.89674710571706,-0.08701624019722606,0.17219144060145025,-0.018995337162871356
17430363,1789028309776000000,1249,HEAD_POSE_ESTIMATE,estimated,-0.5305965585930954,5.356935594568554,10.046738365516763,-0.04764696835715521,0.2166464540840851,0.014531111491682734
17444363,1789028309790000000,1250,HEAD_POSE_ESTIMATE,estimated,-0.6163922411791187,5.40990912360806,10.176813137572646,-0.011720119773215316,0.2585481396844242,0.04983210539537421
17461363,1789028309807000000,1251,HEAD_POSE_ESTIMATE,estimated,-0.745682332703309,5.475333186731014,10.244844843180395,0.014328040197817152,0.30496795649037683,0.09019363339397814
17472363,1789028309818000000,1252,HEAD_POSE_ESTIMATE,estimated,-0.8400664847910575,5.523206620271029,10.267198830380122,0.028802561127858787,0.33961531905597436,0.12282803249556429
17486363,1789028309832000000,1253,HEAD_POSE_ESTIMATE,estimated,-0.9618249836428951,5.550580474754733,10.278242831936415,0.037202655795182726,0.3781012952121148,0.1674681838100726
17500363,1789028309846000000,1254,HEAD_POSE_ESTIMATE,estimated,-1.0980506150041967,5.661632048898214,10.154478166389463,0.06267018373888202,0.41604877653363637,0.20482602074496062
17514363,1789028309860000000,1255,HEAD_POSE_ESTIMATE,estimated,-1.2314167244315926,5.746648089272611,10.061175958605288,0.09848758668030962,0.45227916006183116,0.23325592426151345
17528363,1789028309874000000,1256,HEAD_POSE_ESTIMATE,estimated,-1.3596011587340247,5.834024570489927,9.9921154465685,0.14279617430345376,0.4863630416862553,0.2497290509363289
17543363,1789028309889000000,1257,HEAD_POSE_ESTIMATE,estimated,-1.495791004288231,5.917142779408592,9.866259352794202,0.19858783079065606,0.5209762889951765,0.2534961188459003
17556363,1789028309902000000,1258,HEAD_POSE_ESTIMATE,estimated,-1.6039298552919432,6.005803518056637,9.725742021176206,0.25439791600192124,0.5489728206652573,0.24588081707219592
17569363,1789028309915000000,1259,HEAD_POSE_ESTIMATE,estimated,-1.724813050282982,6.129630117204584,9.569100342935721,0.30965156569896923,0.5802997557180917,0.2370291417015678
17584363,1789028309930000000,1260,HEAD_POSE_ESTIMATE,estimated,-1.7776881861045755,6.240988033801997,9.31072336010108,0.3728467258413202,0.6169167642938878,0.22947622382689373
17598363,1789028309944000000,1261,HEAD_POSE_ESTIMATE,estimated,-1.8781389234116346,6.405604579335516,9.083683378399474,0.4234779915787755,0.6378091290436307,0.22362049741668966
17612363,1789028309958000000,1262,HEAD_POSE_ESTIMATE,estimated,-1.9080369464229685,6.5052716193049935,8.86713978614403,0.48179489936917236,0.6603048581968552,0.2383525493321142
17626363,1789028309972000000,1263,HEAD_POSE_ESTIMATE,estimated,-1.9105429368096485,6.59446031974932,8.6281628194619,0.516724570459714,0.6749843753798809,0.25766860459671753
17640363,1789028309986000000,1264,HEAD_POSE_ESTIMATE,estimated,-1.8897582088327816,6.699664099965842,8.36286953907886,0.5433031464276779,0.6836843593957077,0.28661222342901405
17654363,1789028310000000000,1265,HEAD_POSE_ESTIMATE,estimated,-1.847534436133782,6.781147249306264,8.11499013185095,0.5608631283819079,0.6842203770492664,0.32464795930692664
17668363,1789028310014000000,1266,HEAD_POSE_ESTIMATE,estimated,-1.7989413237798466,6.81482279342622,7.862312401485933,0.5823832301883564,0.6812049178309284,0.36778380330474125
17681363,1789028310027000000,1267,HEAD_POSE_ESTIMATE,estimated,-1.7217806173857402,6.779273512369902,7.622678001624124,0.6009633324676834,0.6696787257874479,0.40480693644283783
17697363,1789028310043000000,1268,HEAD_POSE_ESTIMATE,estimated,-1.6046876535397634,6.709907236963132,7.32990342409726,0.6039770311228612,0.6364944601126897,0.42693595878570073
17708363,1789028310054000000,1269,HEAD_POSE_ESTIMATE,estimated,-1.5380715476714344,6.664686371370749,7.11105137377423,0.6117362081953822,0.6161713410368853,0.42884417326582464
17723363,1789028310069000000,1270,HEAD_POSE_ESTIMATE,estimated,-1.4158454913935552,6.587607530932455,6.850795149981366,0.595081719885184,0.5725060888550001,0.4170565147032964
17737363,1789028310083000000,1271,HEAD_POSE_ESTIMATE,estimated,-1.268646430645068,6.5144470137785255,6.626515208264731,0.5702047890245974,0.5277071750241692,0.3949134789935298
17751363,1789028310097000000,1272,HEAD_POSE_ESTIMATE,estimated,-1.1307228664833324,6.428674773358475,6.443083136433386,0.5323174838425039,0.47412673361687924,0.3665098475989664
17765363,1789028310111000000,1273,HEAD_POSE_ESTIMATE,estimated,-1.0222575939112266,6.377927656018245,6.276609368966705,0.4773422605421985,0.4207607215143264,0.33713962217224946
17778363,1789028310124000000,1274,HEAD_POSE_ESTIMATE,estimated,-0.9278924776602018,6.343227771409769,6.172231126798161,0.40961776462955996,0.3640959816603665,0.30753903562827795
17793363,1789028310139000000,1275,HEAD_POSE_ESTIMATE,estimated,-0.8733220939039327,6.407254338779742,6.04782941356622,0.33175663599727556,0.29580026348506794,0.2708738099982295
17806363,1789028310152000000,1276,HEAD_POSE_ESTIMATE,estimated,-0.8073995445607839,6.483968928099339,5.9617979816645095,0.26212287675110163,0.22481863497064203,0.2389545012191804
17820363,1789028310166000000,1277,HEAD_POSE_ESTIMATE,estimated,-0.7665614735726479,6.636232113782549,5.942658285758749,0.19861536569700916,0.1699737748619893,0.21015162971284926
17834363,1789028310180000000,1278,HEAD_POSE_ESTIMATE,estimated,-0.668068471995455,6.711296928592725,5.945463775492078,0.15125589166578302,0.09728438475455362,0.17084995187992338
17849363,1789028310195000000,1279,HEAD_POSE_ESTIMATE,estimated,-0.5743788759135902,6.721284200859886,5.975095132702141,0.1380551775220277,0.023530379961300293,0.1326420078356918
17863363,1789028310209000000,1280,HEAD_POSE_ESTIMATE,estimated,-0.5172655953277941,6.7356494373572025,5.974193994326492,0.13797303531280242,-0.04957137407745729,0.0937526595498524
17877363,1789028310223000000,1281,HEAD_POSE_ESTIMATE,estimated,-0.4447945917941883,6.677981187509648,6.01254519256695,0.15533566741463747,-0.13234021378829205,0.04955623034932537
17892363,1789028310238000000,1282,HEAD_POSE_ESTIMATE,estimated,-0.38466779442260524,6.572219578013054,6.051820963218666,0.17711298335294137,-0.22400360864831576,-0.0010727167821957845
17903363,1789028310249000000,1283,HEAD_POSE_ESTIMATE,estimated,-0.31671546075944956,6.473589429388528,6.083992872726561,0.20676211571005382,-0.2943400369619611,-0.038289204571018635
17917363,1789028310263000000,1284,HEAD_POSE_ESTIMATE,estimated,-0.23958044621702934,6.312314314750325,6.13834059227455,0.23582713404316005,-0.3824784983436485,-0.07501640888040152
17931363,1789028310277000000,1285,HEAD_POSE_ESTIMATE,estimated,-0.11003763259401733,6.169538941875085,6.180830338577487,0.2634705396042221,-0.46684537277810395,-0.10502808673367084
17946363,1789028310292000000,1286,HEAD_POSE_ESTIMATE,estimated,0.014270999191216882,5.9843622904698055,6.266688611854491,0.27541789902072883,-0.5465144013969072,-0.12939096064017236
17960363,1789028310306000000,1287,HEAD_POSE_ESTIMATE,estimated,0.1486499744145191,5.8287364683650775,6.363474104936573,0.2661437221611473,-0.6141417845932385,-0.1485525113725362
17972363,1789028310318000000,1288,HEAD_POSE_ESTIMATE,estimated,0.24243250084677248,5.741535079868785,6.446311539561063,0.23336329425546423,-0.6641823864747197,-0.15505019736278053
17986363,1789028310332000000,1289,HEAD_POSE_ESTIMATE,estimated,0.3291154946627529,5.713379101279216,6.623054835342387,0.17013733918203766,-0.724320554211982,-0.15366280054505033
18000363,1789028310346000000,1290,HEAD_POSE_ESTIMATE,estimated,0.42347812192117673,5.780826327390833,6.740553501847926,0.10379777637204955,-0.7541121096323925,-0.144862022404914
18014363,1789028310360000000,1291,HEAD_POSE_ESTIMATE,estimated,0.4829243009335583,5.915190793890664,6.869852913006765,0.03290984740551276,-0.7765689627105511,-0.13221574315496742
18028363,1789028310374000000,1292,HEAD_POSE_ESTIMATE,estimated,0.5659064787643626,5.965458932557998,7.072509251310721,-0.03205582551356259,-0.7910919107058814,-0.11367728686658238
18042363,1789028310388000000,1293,HEAD_POSE_ESTIMATE,estimated,0.6530037060874274,5.96627267186664,7.317410496554832,-0.08813657125069246,-0.8140668059839664,-0.10993871580764335
18056363,1789028310402000000,1294,HEAD_POSE_ESTIMATE,estimated,0.7340478362841644,5.9727732988759525,7.575372693567192,-0.15562271498594438,-0.8248912394836464,-0.11109422554813818
18069363,1789028310415000000,1295,HEAD_POSE_ESTIMATE,estimated,0.7882133810189412,5.9899695074236785,7.8166804769967495,-0.22631252568868632,-0.8450611181981038,-0.12697413419145634
18083363,1789028310429000000,1296,HEAD_POSE_ESTIMATE,estimated,0.8108364909265888,6.078265781605063,8.04632780503708,-0.2842288563111014,-0.8471825152492521,-0.1492264390172349
18100363,1789028310446000000,1297,HEAD_POSE_ESTIMATE,estimated,0.8306541478181277,6.11875570491268,8.34885915435553,-0.331923674797281,-0.8319393134458194,-0.1806689875470392
18110363,1789028310456000000,1298,HEAD_POSE_ESTIMATE,estimated,0.860646506210812,6.137278511491227,8.49110401678333,-0.34590326353300216,-0.8179041101239072,-0.20880311107720856
18124363,1789028310470000000,1299,HEAD_POSE_ESTIMATE,estimated,0.8776482297010575,6.110277855472184,8.698931167085059,-0.3546291766610689,-0.7941155533478198,-0.24700637163738273
18138363,1789028310484000000,1300,HEAD_POSE_ESTIMATE,estimated,0.8754183776801803,6.029547773917303,8.885714148347594,-0.3471023601528651,-0.7662943351406498,-0.28597105876305623
18152363,1789028310498000000,1301,HEAD_POSE_ESTIMATE,estimated,0.8706639848382463,5.994359838507544,9.056125472291686,-0.34338171828842945,-0.7372022160850606,-0.31056049188402485
18167363,1789028310513000000,1302,HEAD_POSE_ESTIMATE,estimated,0.8449775770858318,5.883611773077936,9.098019297066214,-0.3037109713799834,-0.6980066750331853,-0.3241870885705258
18182363,1789028310528000000,1303,HEAD_POSE_ESTIMATE,estimated,0.8747732369392907,5.881549415073074,9.111776053063792,-0.25591230713597224,-0.6373468067950593,-0.31234994096318425
18196363,1789028310542000000,1304,HEAD_POSE_ESTIMATE,estimated,0.9292935108847561,5.877563903391472,9.108456395885467,-0.20319732197952078,-0.5768553769546235,-0.2940542676445803
18209363,1789028310555000000,1305,HEAD_POSE_ESTIMATE,estimated,0.9810760882154455,5.877809952591764,9.101555880364389,-0.16136692956865104,-0.533040544800239,-0.2761814163725456
18223363,1789028310569000000,1306,HEAD_POSE_ESTIMATE,estimated,1.031185005238618,5.858061115496198,8.991556861704195,-0.13301293319494756,-0.5052464809017653,-0.25289879648527963
18238363,1789028310584000000,1307,HEAD_POSE_ESTIMATE,estimated,1.0856862828761173,5.805879468885564,8.903860904841716,-0.10796763964572452,-0.46742216116287943,-0.2207733861777958
18255363,1789028310601000000,1308,HEAD_POSE_ESTIMATE,estimated,1.137148049547777,5.714238383229199,8.830477425511786,-0.09919735286891776,-0.435519421785825,-0.18608955813800285
18277363,1789028310623000000,1309,HEAD_POSE_ESTIMATE,estimated,1.2182659897187216,5.664481490092452,8.739899883736724,-0.0882905954563159,-0.3746175293176864,-0.1390506668218673
18292363,1789028310638000000,1310,HEAD_POSE_ESTIMATE,estimated,1.2878752209942168,5.6388345196112395,8.693586894061587,-0.07145959374769417,-0.3141375103394074,-0.11169607716283157
18303363,1789028310649000000,1311,HEAD_POSE_ESTIMATE,estimated,1.3428148990845818,5.619315838518189,8.665383134898608,-0.06856089363602504,-0.2807463409229316,-0.10166615384018396
18318363,1789028310664000000,1312,HEAD_POSE_ESTIMATE,estimated,1.3950070731707496,5.568023710145644,8.668139867166282,-0.06330448488347852,-0.21702936258478384,-0.08139549124125878
18332363,1789028310678000000,1313,HEAD_POSE_ESTIMATE,estimated,1.4477070404705927,5.52210218974958,8.695656153651964,-0.053284312890550314,-0.13414040615872724,-0.05421746454096755
18346363,1789028310692000000,1314,HEAD_POSE_ESTIMATE,estimated,1.4761778764260785,5.423495333194884,8.76025312576933,-0.036740567597280054,-0.041527424231995146,-0.015276716971909196
18360363,1789028310706000000,1315,HEAD_POSE_ESTIMATE,estimated,1.4608822636981356,5.339464794222231,8.802186568445544,-0.011871052064642349,0.06049920679770214,0.024238992102465984
18374363,1789028310720000000,1316,HEAD_POSE_ESTIMATE,estimated,1.48399319437598,5.313990020030172,8.850943454094848,0.015170818708199762,0.15099858063019014,0.05090137005242339
18388363,1789028310734000000,1317,HEAD_POSE_ESTIMATE,estimated,1.4597061440512709,5.266807956281246,8.886376470314712,0.03859487338354114,0.24910935705872625,0.07533459484661696
18403363,1789028310749000000,1318,HEAD_POSE_ESTIMATE,estimated,1.483433827935013,5.285153818371942,8.940466163207375,0.05538365914829489,0.3183481840419125,0.08169965886543891
18417363,1789028310763000000,1319,HEAD_POSE_ESTIMATE,estimated,1.4111582100342221,5.300889216718415,8.965823665766823,0.08218199025402054,0.3908894307232954,0.09249530140649094
18429363,1789028310775000000,1320,HEAD_POSE_ESTIMATE,estimated,1.375297504415853,5.304630967048627,9.01845405376184,0.10842149381626565,0.44906023978427134,0.10087371720311676
18443363,1789028310789000000,1321,HEAD_POSE_ESTIMATE,estimated,1.3416820451305784,5.303766198818758,9.068415090308344,0.14045945407816923,0.512274950771978,0.11741117891566018
18458363,1789028310804000000,1322,HEAD_POSE_ESTIMATE,estimated,1.280997599880656,5.307172561254594,9.142205969374912,0.17475610159258642,0.579625982983496,0.14274559745142695
18472363,1789028310818000000,1323,HEAD_POSE_ESTIMATE,estimated,1.2108038686787506,5.31452763420811,9.180126550112083,0.21143854541761856,0.6574700717552859,0.17663438480929022
18486363,1789028310832000000,1324,HEAD_POSE_ESTIMATE,estimated,1.147942321332525,5.329950108678256,9.171296256697376,0.2384606339480849,0.7241461098204278,0.21228528221427656
18500363,1789028310846000000,1325,HEAD_POSE_ESTIMATE,estimated,1.0590236448244086,5.363095989708637,9.135477457645406,0.2664577234243478,0.7902669590895838,0.24977141205301695
18514363,1789028310860000000,1326,HEAD_POSE_ESTIMATE,estimated,0.9775383399331554,5.400529262082566,9.065848967382337,0.30163518292535774,0.8484739609310024,0.28517851338478734
18528363,1789028310874000000,1327,HEAD_POSE_ESTIMATE,estimated,0.901873762211105,5.39710626410173,8.968250398870573,0.3537717986823547,0.9142872130702888,0.3116334852929317
18542363,1789028310888000000,1328,HEAD_POSE_ESTIMATE,estimated,0.8456006294576233,5.347015060489555,8.922756797138213,0.3995560681612589,0.9482030523729001,0.32908406749432695
18556363,1789028310902000000,1329,HEAD_POSE_ESTIMATE,estimated,0.7361833047874136,5.329120135574997,8.78064299809729,0.4393344980850964,0.9669963186997323,0.35039265176761997
18569363,1789028310915000000,1330,HEAD_POSE_ESTIMATE,estimated,0.6074706289650862,5.326299024133058,8.629245958430992,0.4752320209554499,0.9790528388741913,0.35656653911390623
18584363,1789028310930000000,1331,HEAD_POSE_ESTIMATE,estimated,0.4763241509528969,5.359083708066713,8.426434509799362,0.49102911872672556,0.9736937336310149,0.38457327471125835
18598363,1789028310944000000,1332,HEAD_POSE_ESTIMATE,estimated,0.3334892963445623,5.455677701632955,8.237849028276521,0.48961333504666266,0.9534846876597003,0.42316873805502514
18612363,1789028310958000000,1333,HEAD_POSE_ESTIMATE,estimated,0.16952713786357032,5.617391280674976,8.052387466930238,0.47096406720142664,0.939834154787094,0.48942052298451605
18626363,1789028310972000000,1334,HEAD_POSE_ESTIMATE,estimated,-0.01766212563381475,5.828453061748538,7.838829047428521,0.43131359576242756,0.9187159776816795,0.5660928133679839
18641363,1789028310987000000,1335,HEAD_POSE_ESTIMATE,estimated,-0.1483582139516395,6.036267729935152,7.691650295363371,0.3806167939960226,0.900592130771391,0.6527113489888946
18652363,1789028310998000000,1336,HEAD_POSE_ESTIMATE,estimated,-0.25156534422937443,6.185694653253316,7.604860838976892,0.3376267041714333,0.9064233306847463,0.7331244524514129
18667363,1789028311013000000,1337,HEAD_POSE_ESTIMATE,estimated,-0.43297916572967127,6.423635993644825,7.448900415727635,0.28805290246181786,0.9198824762214882,0.8279967032443384
18681363,1789028311027000000,1338,HEAD_POSE_ESTIMATE,estimated,-0.547916888894744,6.5929765431244665,7.3967875888347185,0.2504774296510796,0.9368974517133127,0.8923145338004524
18695363,1789028311041000000,1339,HEAD_POSE_ESTIMATE,estimated,-0.7192734113465927,6.800108740433606,7.283536783687255,0.21699241124999769,0.9620787862399268,0.9343239843295733
18708363,1789028311054000000,1340,HEAD_POSE_ESTIMATE,estimated,-0.8994448394352175,7.017769787078914,7.151223112043103,0.20634360041406347,0.9962987051949228,0.9503537130728181
18722363,1789028311068000000,1341,HEAD_POSE_ESTIMATE,estimated,-1.0817005746718085,7.210141981469399,7.091553939327954,0.19672817627014041,1.0322139473283567,0.9442292534009081
18737363,1789028311083000000,1342,HEAD_POSE_ESTIMATE,estimated,-1.2760526845297857,7.420075563118596,6.959017856512926,0.19235669617691828,1.0853984084205666,0.9267915502019769
18750363,1789028311096000000,1343,HEAD_POSE_ESTIMATE,estimated,-1.4228777039099803,7.5148450010261865,6.830128664967156,0.1872140312098285,1.1299710714344544,0.9057769017339452
18764363,1789028311110000000,1344,HEAD_POSE_ESTIMATE,estimated,-1.5364284698561843,7.570002749703482,6.757232950946308,0.18949838630586807,1.1848703395299849,0.8890618310498914
18779363,1789028311125000000,1345,HEAD_POSE_ESTIMATE,estimated,-1.700832328180052,7.654697308619933,6.624130751955594,0.19367529838173103,1.2276743275361566,0.8668484587001485
18791363,1789028311137000000,1346,HEAD_POSE_ESTIMATE,estimated,-1.7910650290112042,7.711584097167546,6.534171981341946,0.18959418803548594,1.2659803236735718,0.8687713854853227
18805363,1789028311151000000,1347,HEAD_POSE_ESTIMATE,estimated,-1.8733994357245738,7.779383721518586,6.48146346128172,0.1833960757275669,1.3029149407635523,0.8699730191859982
18820363,1789028311166000000,1348,HEAD_POSE_ESTIMATE,estimated,-1.929846674824617,7.862516436082984,6.379400749502932,0.17283879283748466,1.3515456262221694,0.887932497086966
18832363,1789028311178000000,1349,HEAD_POSE_ESTIMATE,estimated,-1.9553561496380578,7.955321947957486,6.249532951889128,0.16695684120397628,1.3863015879827576,0.9070228681731873
18847363,1789028311193000000,1350,HEAD_POSE_ESTIMATE,estimated,-1.9119287773749465,7.998769327701706,6.0634867582545375,0.16099582250456962,1.427780638289824,0.9344214350103827
18861363,1789028311207000000,1351,HEAD_POSE_ESTIMATE,estimated,-1.8471103812352956,7.966632334499128,5.987448879420539,0.15586322132917477,1.450431868025441,0.9508045073295308
18875363,1789028311221000000,1352,HEAD_POSE_ESTIMATE,estimated,-1.7828641360112445,7.932024953282621,5.867325511889577,0.15038167291461044,1.4655792704927415,0.9635769460837071
18888363,1789028311234000000,1353,HEAD_POSE_ESTIMATE,estimated,-1.6966119612223074,7.867100896907464,5.669841174794114,0.14351532336199274,1.4911394214854288,0.9784935663384113
18902363,1789028311248000000,1354,HEAD_POSE_ESTIMATE,estimated,-1.6013971686100326,7.788714614637886,5.555527355933591,0.15046778395834362,1.5055680030026406,0.9989904447803564
18915363,1789028311261000000,1355,HEAD_POSE_ESTIMATE,estimated,-1.5563258875567372,7.727443346455302,5.459715056524841,0.15686277301789497,1.495455361120933,1.003155984796858
18930363,1789028311276000000,1356,HEAD_POSE_ESTIMATE,estimated,-1.5031540495056221,7.691750144908012,5.347668196875797,0.17543518696501698,1.4897502518866355,1.0167277562856558
18944363,1789028311290000000,1357,HEAD_POSE_ESTIMATE,estimated,-1.4822371508544514,7.621673320163204,5.328787351542452,0.19620742089129337,1.483527279540569,1.0331885360073572
18959363,1789028311305000000,1358,HEAD_POSE_ESTIMATE,estimated,-1.4272680304592134,7.582508638961145,5.214760028889062,0.21884478712654182,1.4735956370164314,1.0481572625747528
18971363,1789028311317000000,1359,HEAD_POSE_ESTIMATE,estimated,-1.3897130998181184,7.528033046367593,5.1349570399497555,0.23691952572222988,1.477133105554384,1.0657101230713986
18985363,1789028311331000000,1360,HEAD_POSE_ESTIMATE,estimated,-1.3363276373612227,7.513442442698723,5.034176937996429,0.24983417951413944,1.4916477783640973,1.0831187211362847
19002363,1789028311348000000,1361,HEAD_POSE_ESTIMATE,estimated,-1.3635496727960377,7.515347624162074,5.018559677100386,0.2531775116769103,1.500995809747154,1.0847397234362501
19016363,1789028311362000000,1362,HEAD_POSE_ESTIMATE,estimated,-1.3620644204573202,7.530061301798159,4.9358307723189245,0.2514716990052969,1.5174548004081445,1.0848848141164273
19027363,1789028311373000000,1363,HEAD_POSE_ESTIMATE,estimated,-1.3694006969168424,7.5649498819338294,4.867821708973713,0.2511172980347963,1.5338888036834426,1.0852034805746684
19041363,1789028311387000000,1364,HEAD_POSE_ESTIMATE,estimated,-1.380677600321587,7.596016151280113,4.756529168067516,0.24573902082736965,1.5425980674067505,1.0723856637115823
19054363,1789028311400000000,1365,HEAD_POSE_ESTIMATE,estimated,-1.3623448180219295,7.625415732375485,4.644697266227701,0.23708051502267624,1.5678744815192334,1.0612140568859325
19068363,1789028311414000000,1366,HEAD_POSE_ESTIMATE,estimated,-1.306752924340065,7.644458320195143,4.527061072899028,0.2363299899269568,1.5929435720774938,1.0505378540092123
19082363,1789028311428000000,1367,HEAD_POSE_ESTIMATE,estimated,-1.3018857206401462,7.626760082384593,4.453672843575987,0.22452686734900626,1.6207302415572793,1.0356037204802124
19098363,1789028311444000000,1368,HEAD_POSE_ESTIMATE,estimated,-1.265494995551167,7.600527822573505,4.313907131144687,0.19610755626478876,1.645539161450352,1.00739763482042
19109363,1789028311455000000,1369,HEAD_POSE_ESTIMATE,estimated,-1.2082939890383515,7.5967737091062215,4.179382831001584,0.1690311525905485,1.646389494774083,0.9747353257150823
19124363,1789028311470000000,1370,HEAD_POSE_ESTIMATE,estimated,-1.2769375306748907,7.595050840786012,4.1903117855622725,0.11910341885696549,1.6747309012522256,0.9420444100038553
19138363,1789028311484000000,1371,HEAD_POSE_ESTIMATE,estimated,-1.3070176338446378,7.6290451721407555,4.23867309937433,0.06826593516140587,1.731646844657158,0.9278296174775236
19151363,1789028311497000000,1372,HEAD_POSE_ESTIMATE,estimated,-1.3178192999434661,7.688699962820334,4.239659563791727,0.020566092683748906,1.768470009473195,0.9030526463875933
19166363,1789028311512000000,1373,HEAD_POSE_ESTIMATE,estimated,-1.4034592541486508,7.728241118477628,4.268458255920796,-0.026897727145407564,1.7994341805242338,0.8781488915130465
19180363,1789028311526000000,1374,HEAD_POSE_ESTIMATE,estimated,-1.4840580756004753,7.751407403266216,4.297451276964687,-0.07014655913935973,1.835854307080824,0.8698492052646032
19193363,1789028311539000000,1375,HEAD_POSE_ESTIMATE,estimated,-1.513067685519677,7.803239589422918,4.295886994436179,-0.10382100400278005,1.8886575398506242,0.8767426210480811
19207363,1789028311553000000,1376,HEAD_POSE_ESTIMATE,estimated,-1.5340749361336454,7.860449701302882,4.303875910205221,-0.13805173625184403,1.9313995276750833,0.8778816508699533
19222363,1789028311568000000,1377,HEAD_POSE_ESTIMATE,estimated,-1.6530964254233564,7.93432165253713,4.355993389083732,-0.16793543150773715,1.9747268834548586,0.8818243151235665
19236363,1789028311582000000,1378,HEAD_POSE_ESTIMATE,estimated,-1.6872969731136098,8.015773443844518,4.365400237742866,-0.1915568651728226,1.979148341878289,0.8668896981647144
19253363,1789028311599000000,1379,HEAD_POSE_ESTIMATE,estimated,-1.723742682230786,8.11102907353178,4.420405006602709,-0.22016614728065226,1.9594514612195375,0.8345996020922077
19266363,1789028311612000000,1380,HEAD_POSE_ESTIMATE,estimated,-1.6871463619274298,8.197352162980755,4.45507536527815,-0.24293432362447195,1.942100131651442,0.8053444447255109
19277363,1789028311623000000,1381,HEAD_POSE_ESTIMATE,estimated,-1.6397408410036356,8.267096972111776,4.464283775460033,-0.2636787618790856,1.8877636524644492,0.7675066830731527
19291363,1789028311637000000,1382,HEAD_POSE_ESTIMATE,estimated,-1.638500381917405,8.357244640212354,4.4984444028445605,-0.29061428940973755,1.784473290345807,0.7173534882895032
19306363,1789028311652000000,1383,HEAD_POSE_ESTIMATE,estimated,-1.6558866023945114,8.413234513036352,4.524297236691294,-0.3118006992878988,1.6602443838181902,0.6707345259081706
19320363,1789028311666000000,1384,HEAD_POSE_ESTIMATE,estimated,-1.6615951938915252,8.480976705293422,4.536690733051873,-0.3174787765343962,1.514476427704466,0.6289270691344009
19334363,1789028311680000000,1385,HEAD_POSE_ESTIMATE,estimated,-1.638179852918375,8.554432243121184,4.59525949335434,-0.3101108512238772,1.3529800824980744,0.5995962356626803
19347363,1789028311693000000,1386,HEAD_POSE_ESTIMATE,estimated,-1.5741531395863615,8.629882490370415,4.690939656854046,-0.3035369935104172,1.2105015347389128,0.5981860409521774
19361363,1789028311707000000,1387,HEAD_POSE_ESTIMATE,estimated,-1.5135661659492239,8.73598645864968,4.788383459874588,-0.28993748570631306,1.0381830574101332,0.5965311681400277
19377363,1789028311723000000,1388,HEAD_POSE_ESTIMATE,estimated,-1.6600725034566182,8.905707800027889,4.808524773420261,-0.26627157043914257,0.8782521488304138,0.6063142254454136
19391363,1789028311737000000,1389,HEAD_POSE_ESTIMATE,estimated,-1.7118707064013563,9.020516519324975,4.81759002506814,-0.25284371548476936,0.7653491919494488,0.6341419118048126
19403363,1789028311749000000,1390,HEAD_POSE_ESTIMATE,estimated,-1.7752684572225794,9.15390690870445,4.785617778982543,-0.21612412976587525,0.6536809026626105,0.6334482760403483
19417363,1789028311763000000,1391,HEAD_POSE_ESTIMATE,estimated,-1.7986720694476248,9.228579527019013,4.728781254631565,-0.14801542825204056,0.5408834122392011,0.6138238581531176
19430363,1789028311776000000,1392,HEAD_POSE_ESTIMATE,estimated,-1.8502074634830854,9.220850589872395,4.679124902353851,-0.04084039891781386,0.4546899544183306,0.5762777682512966
19444363,1789028311790000000,1393,HEAD_POSE_ESTIMATE,estimated,-1.9283406747706304,9.138062141477633,4.61017877261673,0.10968648443256865,0.3688062911755376,0.5127519277705461
19460363,1789028311806000000,1394,HEAD_POSE_ESTIMATE,estimated,-2.006920967693799,8.959415316551897,4.484264764254506,0.32842042063302884,0.2773762951041585,0.41079423105481755
19473363,1789028311819000000,1395,HEAD_POSE_ESTIMATE,estimated,-2.0593253498431965,8.832629707662429,4.3573928969024625,0.44878489174298214,0.21135102755881646,0.3460411249029771
19483363,1789028311829000000,1396,HEAD_POSE_ESTIMATE,estimated,-2.0285147631708544,8.804977344120456,4.275532460205223,0.5784789391188447,0.1367062829501855,0.2702867740635889
19500363,1789028311846000000,1397,HEAD_POSE_ESTIMATE,estimated,-2.097942195744906,8.625517747486017,4.0368836016310965,0.6993330540404927,0.06303686643999537,0.1903500317303499
19511363,1789028311857000000,1398,HEAD_POSE_ESTIMATE,estimated,-2.11388263280531,8.531931731010795,3.9192351944958608,0.7207041417591968,0.020141528083891372,0.15989367424061207
19525363,1789028311871000000,1399,HEAD_POSE_ESTIMATE,estimated,-2.2291249008682894,8.396116911568582,3.6706427730418083,0.7593836898652216,-0.02216811796801064,0.1289106675244223
19539363,1789028311885000000,1400,HEAD_POSE_ESTIMATE,estimated,-2.2159591710348576,8.286625276217313,3.5932942916611657,0.729675784416499,-0.05136960383418667,0.1143953045751114
19553363,1789028311899000000,1401,HEAD_POSE_ESTIMATE,estimated,-2.125574055052439,8.18479141253516,3.6199786054464704,0.6626192559616774,-0.07696168884987403,0.09693119591954649
19567363,1789028311913000000,1402,HEAD_POSE_ESTIMATE,estimated,-2.0406987200441806,8.190991040642766,3.6641895166539995,0.5925840370426276,-0.10061904336590481,0.07887090221868828
19580363,1789028311926000000,1403,HEAD_POSE_ESTIMATE,estimated,-2.0299188578589096,8.321985709798716,3.6276282896098637,0.5407976001450354,-0.12403779276973757,0.04883531432857372
19595363,1789028311941000000,1404,HEAD_POSE_ESTIMATE,estimated,-2.0238008988290854,8.498761847952943,3.614881289568879,0.4323276267419442,-0.13182052001071093,0.028880847142243704
19609363,1789028311955000000,1405,HEAD_POSE_ESTIMATE,estimated,-1.918662551307224,8.627349618100599,3.629506973619756,0.36327252540509314,-0.15977080080588,-0.009758673543664418
19622363,1789028311968000000,1406,HEAD_POSE_ESTIMATE,estimated,-1.9349465102888301,8.814482716912874,3.561047489067337,0.3054837266341846,-0.18811683867124682,-0.036218077705474874
19635363,1789028311981000000,1407,HEAD_POSE_ESTIMATE,estimated,-1.901519053134833,8.862763087530753,3.611455797295574,0.27222161760626606,-0.2325227324758313,-0.07158671278031399
19650363,1789028311996000000,1408,HEAD_POSE_ESTIMATE,estimated,-1.8537579152900698,8.928913115067674,3.677299278465565,0.22735570949825376,-0.27970466453038234,-0.10697836013208994
19664363,1789028312010000000,1409,HEAD_POSE_ESTIMATE,estimated,-1.8429312362295633,8.967390822827717,3.7085378203493993,0.18099349948414398,-0.32561382876038664,-0.13890657481539911
19679363,1789028312025000000,1410,HEAD_POSE_ESTIMATE,estimated,-1.8390321653116748,8.99365953484876,3.804420331326875,0.1294444143380548,-0.3716131757984838,-0.16853868716225193
19692363,1789028312038000000,1411,HEAD_POSE_ESTIMATE,estimated,-1.6811006505917256,8.971725944471725,3.9941044957261687,0.0920217109479337,-0.4190257312946893,-0.18856478678498792
19706363,1789028312052000000,1412,HEAD_POSE_ESTIMATE,estimated,-1.553798347842222,8.912185386396455,4.134053979968134,0.048300733265384234,-0.4656698973612974,-0.21014548846008302
19721363,1789028312067000000,1413,HEAD_POSE_ESTIMATE,estimated,-1.4181908893431256,8.714753771594717,4.294995400233825,0.031299898214152196,-0.5074352053640481,-0.21855216431118318
19734363,1789028312080000000,1414,HEAD_POSE_ESTIMATE,estimated,-1.2120188919162502,8.491643306428339,4.543052618769052,0.03350098604892417,-0.5365931073895079,-0.21401904718582565
19749363,1789028312095000000,1415,HEAD_POSE_ESTIMATE,estimated,-0.9711231776883006,8.271358335647967,4.8897138055189275,0.05052278556474142,-0.5534731267951577,-0.19535325467397457
19762363,1789028312108000000,1416,HEAD_POSE_ESTIMATE,estimated,-0.786238281493802,8.11316825523224,5.172600617789717,0.06105292608698471,-0.5506503028279269,-0.1755560172312016
19774363,1789028312120000000,1417,HEAD_POSE_ESTIMATE,estimated,-0.637621906404803,8.013242331032073,5.4001320708984,0.06407002329634318,-0.536315310287585,-0.15370400182095634
19786363,1789028312132000000,1418,HEAD_POSE_ESTIMATE,estimated,-0.5098145398486642,7.9948359735063885,5.583517963773349,0.049436724983377846,-0.5265322180697943,-0.13217484549455644
19800363,1789028312146000000,1419,HEAD_POSE_ESTIMATE,estimated,-0.4526127679017411,7.998856468834981,5.7317024422293805,0.048969396295432184,-0.5010833710499045,-0.10918594921236047
19814363,1789028312160000000,1420,HEAD_POSE_ESTIMATE,estimated,-0.2941212303475229,8.040067314257517,5.8748265042766,0.05300562749706529,-0.4785167059081393,-0.0934607931172903
19828363,1789028312174000000,1421,HEAD_POSE_ESTIMATE,estimated,-0.2687579242444813,8.142626458599104,5.9218079418733085,0.05339832260646002,-0.4579051337022318,-0.08404991670858124
19842363,1789028312188000000,1422,HEAD_POSE_ESTIMATE,estimated,-0.3260747259629475,8.284516875207094,5.946769644432564,0.05771527101630614,-0.44214421733153175,-0.09019207284539074
19860363,1789028312206000000,1423,HEAD_POSE_ESTIMATE,estimated,-0.07015287469330578,8.318187823728056,6.149856010426936,0.044759707503710104,-0.45522482288288163,-0.12215510606803798
19872363,1789028312218000000,1424,HEAD_POSE_ESTIMATE,estimated,-0.32779166521655645,8.512189744468003,5.935934522220431,0.030999622483113477,-0.4443920479421254,-0.13381282484561047
19885363,1789028312231000000,1425,HEAD_POSE_ESTIMATE,estimated,-0.48892725240094714,8.638025972721962,5.80327475498306,0.027827781565947722,-0.45260172499438583,-0.15852474298223662
19898363,1789028312244000000,1426,HEAD_POSE_ESTIMATE,estimated,-0.5787106491099598,8.709918318803844,5.723401704754212,0.04118599378193189,-0.4674674272494967,-0.19190751734604128
19912363,1789028312258000000,1427,HEAD_POSE_ESTIMATE,estimated,-0.5584153222222609,8.71429546151661,5.698994085299726,0.06759154911643021,-0.48773018720326944,-0.22907281136452856
19926363,1789028312272000000,1428,HEAD_POSE_ESTIMATE,estimated,-0.6695243983409216,8.65296801698078,5.602292613820217,0.11612318888565012,-0.5056199362796254,-0.2617357503032545
19941363,1789028312287000000,1429,HEAD_POSE_ESTIMATE,estimated,-0.6545065125700837,8.564533585999124,5.590110014732087,0.15032019927688836,-0.5333264351516271,-0.3007992445594311
19968363,1789028312314000000,1430,HEAD_POSE_ESTIMATE,estimated,-0.6070835633181138,8.531721930284187,5.603406776935074,0.14194741991287235,-0.5971569309440562,-0.361745289432243
19981363,1789028312327000000,1431,HEAD_POSE_ESTIMATE,estimated,-0.6674350265291182,8.58325198625625,5.536765369797337,0.11185640817977305,-0.6349316325532031,-0.36614623985721634
19996363,1789028312342000000,1432,HEAD_POSE_ESTIMATE,estimated,-0.6339943657873317,8.605183416463186,5.518149367981198,0.07129514714792623,-0.6734742683488673,-0.351572726458293
20010363,1789028312356000000,1433,HEAD_POSE_ESTIMATE,estimated,-0.5345623675653143,8.614206143372417,5.518475575783137,0.029854484000296853,-0.7040311218570066,-0.32038964138895587
20023363,1789028312369000000,1434,HEAD_POSE_ESTIMATE,estimated,-0.4884182478945036,8.674579622281701,5.491727999556376,-0.01112950673276015,-0.7222886862767752,-0.28579162832863325
20036363,1789028312382000000,1435,HEAD_POSE_ESTIMATE,estimated,-0.3333115216711833,8.69726458034663,5.517140260908885,-0.03619500627162056,-0.7274676911768113,-0.24578294731287484
20051363,1789028312397000000,1436,HEAD_POSE_ESTIMATE,estimated,-0.22232972225253755,8.728895911903129,5.488713365231083,-0.04132043219000383,-0.7279432318417555,-0.19859011526735568
20065363,1789028312411000000,1437,HEAD_POSE_ESTIMATE,estimated,0.06188643562998797,8.730562158069214,5.549737218881047,-0.026891485464189426,-0.7029963029836062,-0.13608813961740057
20079363,1789028312425000000,1438,HEAD_POSE_ESTIMATE,estimated,-0.041160288561794545,8.66880893035756,5.447362216755321,-0.012200532602791185,-0.6936042696848623,-0.08567059962324318
20093363,1789028312439000000,1439,HEAD_POSE_ESTIMATE,estimated,-0.2585981709637726,8.68155860691603,5.259898275855291,0.010642894803428251,-0.6950061763017855,-0.04744299483420472
20107363,1789028312453000000,1440,HEAD_POSE_ESTIMATE,estimated,-0.1986646284513678,8.574365486755623,5.236265317282334,0.029838848736297722,-0.6730101811048955,0.0024579932847093476
20120363,1789028312466000000,1441,HEAD_POSE_ESTIMATE,estimated,-0.16774179469315453,8.446002843991726,5.192999682785521,0.037719495547558796,-0.6450241322370872,0.04601485344530172
20134363,1789028312480000000,1442,HEAD_POSE_ESTIMATE,estimated,-0.11584923112526502,8.298366826343232,5.129568095189278,0.03208868712206921,-0.6101782860078593,0.08194670563091278
20149363,1789028312495000000,1443,HEAD_POSE_ESTIMATE,estimated,-0.10217477477587456,8.131316877807526,5.075339405621884,0.0026669442824834542,-0.5756531690609827,0.106729869953787
20163363,1789028312509000000,1444,HEAD_POSE_ESTIMATE,estimated,-0.0741884613082654,8.009639583603903,5.060598169562192,-0.026681521750610157,-0.5340500624820339,0.11944895964240086
20177363,1789028312523000000,1445,HEAD_POSE_ESTIMATE,estimated,-0.07558407678031731,7.904970786252045,5.073040207004668,-0.056554150054399316,-0.48650504873693434,0.11811852519103833
20191363,1789028312537000000,1446,HEAD_POSE_ESTIMATE,estimated,-0.12842047012518198,7.866858359486615,5.064307098143561,-0.08990278292242879,-0.43966454732953875,0.10447852274086915
20205363,1789028312551000000,1447,HEAD_POSE_ESTIMATE,estimated,-0.18423625837177238,7.839555035688518,5.076982912944823,-0.12172766909772839,-0.3903017964611446,0.09307522166781829
20219363,1789028312565000000,1448,HEAD_POSE_ESTIMATE,estimated,-0.2562343571653859,7.839449307298746,5.108855713372268,-0.15386561308107707,-0.339994961783226,0.06756559513150838
20233363,1789028312579000000,1449,HEAD_POSE_ESTIMATE,estimated,-0.32171376455040934,7.8624662878425,5.134286712053664,-0.17565341690855463,-0.2924116119714494,0.030561427476731382
20246363,1789028312592000000,1450,HEAD_POSE_ESTIMATE,estimated,-0.4089846406482071,7.9075928637504695,5.170177599061433,-0.18674366205713253,-0.25933561961945995,-0.0054712168903002616
20261363,1789028312607000000,1451,HEAD_POSE_ESTIMATE,estimated,-0.4797973015788135,7.896251990324907,5.20581361287353,-0.1940933153301057,-0.2245908408437001,-0.05056585849060969
20275363,1789028312621000000,1452,HEAD_POSE_ESTIMATE,estimated,-0.5688091010342119,7.900625779307661,5.2622987988350465,-0.19494708198985902,-0.19896434507200583,-0.09563888465603831
20289363,1789028312635000000,1453,HEAD_POSE_ESTIMATE,estimated,-0.6717102087430384,7.976510189236153,5.3135834678284075,-0.19930516385039782,-0.1805259751618095,-0.140755308034496
20303363,1789028312649000000,1454,HEAD_POSE_ESTIMATE,estimated,-0.7290338089524636,8.08624951904833,5.3392626288077185,-0.1832517718176579,-0.16818079672662514,-0.17615855506968175
20317363,1789028312663000000,1455,HEAD_POSE_ESTIMATE,estimated,-0.8168167084421069,8.185788831459343,5.347294847803601,-0.15017596799659635,-0.15927499224317015,-0.19574115288349916
20331363,1789028312677000000,1456,HEAD_POSE_ESTIMATE,estimated,-0.8482418089886994,8.249235019895863,5.320945526160078,-0.1034545593867487,-0.15098159328059038,-0.19417807734394105
20345363,1789028312691000000,1457,HEAD_POSE_ESTIMATE,estimated,-0.8686824183334145,8.290966338831286,5.312788846641718,-0.048738643334607146,-0.14242121409407252,-0.1789731876760526
20359363,1789028312705000000,1458,HEAD_POSE_ESTIMATE,estimated,-0.8965501511919967,8.332506426647088,5.314416765476704,0.009417954929414354,-0.13301114048634757,-0.1524730740872385
20373363,1789028312719000000,1459,HEAD_POSE_ESTIMATE,estimated,-0.9029934727391349,8.349431982885633,5.323362560277693,0.07632283099415854,-0.12418865782195058,-0.11388527673296751
20387363,1789028312733000000,1460,HEAD_POSE_ESTIMATE,estimated,-0.9183341075050434,8.369496566237299,5.3277164845707,0.12958410911223242,-0.11154043562511534,-0.07863054802095037
20401363,1789028312747000000,1461,HEAD_POSE_ESTIMATE,estimated,-0.904720273915249,8.380537052366373,5.276902201061017,0.17866121963716008,-0.1109957528786546,-0.05788114434979257
20416363,1789028312762000000,1462,HEAD_POSE_ESTIMATE,estimated,-0.8922020643850023,8.375217243256513,5.232024955367196,0.22695000831881912,-0.11984234230723073,-0.054723313381864064
20429363,1789028312775000000,1463,HEAD_POSE_ESTIMATE,estimated,-0.8835233607029359,8.376866326305972,5.2008198693232774,0.2624359311931443,-0.1285475526362232,-0.07750786134632358
20448363,1789028312794000000,1464,HEAD_POSE_ESTIMATE,estimated,-0.8503996968651176,8.338263476844864,5.135428024934508,0.30469125893323723,-0.15356895499299053,-0.10818890789866327
20460363,1789028312806000000,1465,HEAD_POSE_ESTIMATE,estimated,-0.8337658842914301,8.317476964651744,5.108316796807322,0.3219611589728353,-0.1764478053856708,-0.1374533822730256
20470363,1789028312816000000,1466,HEAD_POSE_ESTIMATE,estimated,-0.8373833487675572,8.307847588220296,5.082951782606389,0.3405570120329859,-0.1950928589235621,-0.16902665702253727
20484363,1789028312830000000,1467,HEAD_POSE_ESTIMATE,estimated,-0.8320435071203465,8.302480152853445,5.069848557276143,0.3472031150236957,-0.2198433996329886,-0.19517692495097672
20498363,1789028312844000000,1468,HEAD_POSE_ESTIMATE,estimated,-0.8293931844355139,8.346520103469075,5.05426702979437,0.3435726137936511,-0.24434646067254923,-0.21006260827908393
20512363,1789028312858000000,1469,HEAD_POSE_ESTIMATE,estimated,-0.819335215830522,8.422913799009153,5.023534560236799,0.3399781563698578,-0.26906100149298073,-0.2087583756421516
20526363,1789028312872000000,1470,HEAD_POSE_ESTIMATE,estimated,-0.7924750268008662,8.501433030178546,4.991593199277838,0.32122910105614705,-0.2880416213375649,-0.19881769492740203
20540363,1789028312886000000,1471,HEAD_POSE_ESTIMATE,estimated,-0.7530998493765936,8.57660399002665,4.9333139403688495,0.3038507799385897,-0.3057641920132007,-0.18140278817130842
20554363,1789028312900000000,1472,HEAD_POSE_ESTIMATE,estimated,-0.7077869357297706,8.619292587794666,4.877390299468194,0.2913743350980668,-0.32024920441569266,-0.16025015689186095
20568363,1789028312914000000,1473,HEAD_POSE_ESTIMATE,estimated,-0.6904484973292858,8.702396014023515,4.793586395412157,0.29589618120544703,-0.33575057013610216,-0.15135473003018862
20584363,1789028312930000000,1474,HEAD_POSE_ESTIMATE,estimated,-0.6603092577840313,8.76222943401527,4.770944802965092,0.2957482589508179,-0.3550604967957299,-0.14370254103753227
20596363,1789028312942000000,1475,HEAD_POSE_ESTIMATE,estimated,-0.6243667877695257,8.815686817178241,4.690046020118541,0.3063957107561833,-0.3751917634220185,-0.15140432677875085
20609363,1789028312955000000,1476,HEAD_POSE_ESTIMATE,estimated,-0.5955527282690821,8.87959461889026,4.559374113466979,0.32934224837857756,-0.39699707876213447,-0.17242717054683485
20624363,1789028312970000000,1477,HEAD_POSE_ESTIMATE,estimated,-0.5493625733438321,8.906326482602053,4.408765023428027,0.3591310373731163,-0.43366224082057736,-0.20903964002988404
20637363,1789028312983000000,1478,HEAD_POSE_ESTIMATE,estimated,-0.5173389233223984,8.931174748625192,4.24018501958822,0.38903425285141247,-0.4732910059948319,-0.2513424644079861
20652363,1789028312998000000,1479,HEAD_POSE_ESTIMATE,estimated,-0.4875693504366909,8.916409377643975,4.0730070481220535,0.4205499560874871,-0.5310339822226102,-0.2989860318947485
20665363,1789028313011000000,1480,HEAD_POSE_ESTIMATE,estimated,-0.4741597233612345,8.849836161272094,3.949642348838871,0.45350385333354615,-0.5822992547030936,-0.34490970434090834
20680363,1789028313026000000,1481,HEAD_POSE_ESTIMATE,estimated,-0.49789146837312026,8.760124566188649,3.8296987378850056,0.4732883022822403,-0.6549310931061343,-0.38707222638115873
20692363,1789028313038000000,1482,HEAD_POSE_ESTIMATE,estimated,-0.5257734255071584,8.700152807485404,3.746155678165292,0.4649220391314869,-0.7217852770721184,-0.4087575845004481
20706363,1789028313052000000,1483,HEAD_POSE_ESTIMATE,estimated,-0.567049882870796,8.677424119561023,3.7067398678143437,0.44107800977312983,-0.7892805440395846,-0.41945322829890846
20720363,1789028313066000000,1484,HEAD_POSE_ESTIMATE,estimated,-0.5842242139226553,8.666904632252395,3.6852291406866886,0.39970218483327613,-0.8355920679541832,-0.41170778033071076
20734363,1789028313080000000,1485,HEAD_POSE_ESTIMATE,estimated,-0.6100200324217402,8.683269613861205,3.650675666661945,0.34227945445584834,-0.8804607308752168,-0.3864426770736701
20748363,1789028313094000000,1486,HEAD_POSE_ESTIMATE,estimated,-0.6336054253199933,8.741936017975549,3.6247545461553856,0.2781247246683351,-0.9132116640751837,-0.3478887391874733
20761363,1789028313107000000,1487,HEAD_POSE_ESTIMATE,estimated,-0.6553163835419232,8.795507087122667,3.599389971381217,0.2192819004208069,-0.9294408375090742,-0.3102479173933484
20774363,1789028313120000000,1488,HEAD_POSE_ESTIMATE,estimated,-0.6493065783760299,8.853695487737701,3.6462828690450246,0.17566800285518258,-0.9424294654015906,-0.2852935527438507
20789363,1789028313135000000,1489,HEAD_POSE_ESTIMATE,estimated,-0.6597939413170281,8.939564095564434,3.679392637314282,0.14898400312712157,-0.9543905251172465,-0.2754460725565393
20803363,1789028313149000000,1490,HEAD_POSE_ESTIMATE,estimated,-0.6603942955694554,9.038767125673159,3.710023778257164,0.1535721806860622,-0.9709429269164748,-0.280696305979896
20819363,1789028313165000000,1491,HEAD_POSE_ESTIMATE,estimated,-0.6553424354688595,9.171837356373757,3.713242878881243,0.16789759574592386,-0.9892655329674528,-0.29222853670287735
20829363,1789028313175000000,1492,HEAD_POSE_ESTIMATE,estimated,-0.6233249622216258,9.28828284404305,3.7097609282686053,0.18316930016791308,-0.9906621175684647,-0.3011049433857551
20843363,1789028313189000000,1493,HEAD_POSE_ESTIMATE,estimated,-0.5925601832285741,9.423542061154306,3.6975484769438682,0.20472910587557225,-0.9952912330579806,-0.3118191916107535
20859363,1789028313205000000,1494,HEAD_POSE_ESTIMATE,estimated,-0.5743508156689402,9.545088434857382,3.6551457551205235,0.23354206411571504,-1.0254311737177813,-0.3246486424671749
20872363,1789028313218000000,1495,HEAD_POSE_ESTIMATE,estimated,-0.5659625533205327,9.588150506418653,3.6238977889341215,0.25899725264991347,-1.0740232039497857,-0.3405669992792576
20885363,1789028313231000000,1496,HEAD_POSE_ESTIMATE,estimated,-0.5646982178419986,9.550836376135406,3.6060620347599572,0.2703342803112576,-1.1214759964930483,-0.351161726446067
20899363,1789028313245000000,1497,HEAD_POSE_ESTIMATE,estimated,-0.5736852689011174,9.517126642637418,3.5897057448404173,0.28436929988629966,-1.1774920442837773,-0.3662262965229559
20915363,1789028313261000000,1498,HEAD_POSE_ESTIMATE,estimated,-0.5550485458336853,9.478132438091967,3.6021252114924778,0.29263939684721746,-1.2196138257117644,-0.37347821780104695
20932363,1789028313278000000,1499,HEAD_POSE_ESTIMATE,estimated,-0.5554439400760457,9.396059225029903,3.6378529045066963,0.30064085245116207,-1.2733361099601117,-0.3722133033748295
20940363,1789028313286000000,1500,HEAD_POSE_ESTIMATE,estimated,-0.5490169760693457,9.34640754148684,3.650116251167625,0.31776013730682157,-1.3118771971700365,-0.3747462959712365
20954363,1789028313300000000,1501,HEAD_POSE_ESTIMATE,estimated,-0.5939436088778228,9.250809124065729,3.616193950630331,0.3411816593287094,-1.353352936693963,-0.38861732241684177
20968363,1789028313314000000,1502,HEAD_POSE_ESTIMATE,estimated,-0.6257021406792537,9.200831133882147,3.5975842752947025,0.37110507374961516,-1.380623170918931,-0.41047472990971406
20982363,1789028313328000000,1503,HEAD_POSE_ESTIMATE,estimated,-0.6605055056711574,9.156459150544345,3.584639821313825,0.3831608416891335,-1.4068442020690421,-0.4483369422743999
20997363,1789028313343000000,1504,HEAD_POSE_ESTIMATE,estimated,-0.6506884529883333,9.116909776926525,3.5821802745500553,0.37830738017418125,-1.4065206839243598,-0.47806188424179014
21013363,1789028313359000000,1505,HEAD_POSE_ESTIMATE,estimated,-0.6571989161861925,9.09831276924809,3.5715873748921125,0.365739529652739,-1.404978967402447,-0.5008044052760123
21023363,1789028313369000000,1506,HEAD_POSE_ESTIMATE,estimated,-0.6239531750113443,9.068179206053427,3.5417677926615414,0.3364557450148957,-1.3779102478948324,-0.5088354767483545
21037363,1789028313383000000,1507,HEAD_POSE_ESTIMATE,estimated,-0.5871937827301282,9.104493314066861,3.493804103046564,0.3158289284897582,-1.3480235426571483,-0.4987893422938442
21052363,1789028313398000000,1508,HEAD_POSE_ESTIMATE,estimated,-0.5575815867194798,9.125974703222921,3.431651776875044,0.31967426990520426,-1.3310327145885767,-0.47793513446089353
21066363,1789028313412000000,1509,HEAD_POSE_ESTIMATE,estimated,-0.49996304179552775,9.173691721894102,3.386286248072227,0.3258914476370512,-1.3180337434586609,-0.45251315111444396
21079363,1789028313425000000,1510,HEAD_POSE_ESTIMATE,estimated,-0.4603938918140491,9.177834884619934,3.3462640628541194,0.33594144557537764,-1.2830643131005819,-0.42255240836414737
21095363,1789028313441000000,1511,HEAD_POSE_ESTIMATE,estimated,-0.37864803130707647,9.171772051521206,3.2698843565902216,0.3432960722867861,-1.2359328140071515,-0.3883018013153398
21106363,1789028313452000000,1512,HEAD_POSE_ESTIMATE,estimated,-0.27277452085959686,9.179667655551617,3.2113848903209785,0.35394853593898806,-1.2078884791440803,-0.36734621875389095
21121363,1789028313467000000,1513,HEAD_POSE_ESTIMATE,estimated,-0.15030254826086287,9.1993545601976,3.1706114765620765,0.3627384969971733,-1.168453009204511,-0.35236192790422305
21135363,1789028313481000000,1514,HEAD_POSE_ESTIMATE,estimated,-0.007674999577399366,9.246425456116647,3.1029984261540755,0.36670605023401953,-1.1561267814459482,-0.3549969915639985
21148363,1789028313494000000,1515,HEAD_POSE_ESTIMATE,estimated,0.04379406384509177,9.270505769720792,3.0651045028263275,0.36397285808557867,-1.1387862950258187,-0.3643412066766632
21163363,1789028313509000000,1516,HEAD_POSE_ESTIMATE,estimated,0.1327623272740296,9.323385355533691,3.0194396014488145,0.34317611061992526,-1.1092979345970413,-0.3716050155684006
21177363,1789028313523000000,1517,HEAD_POSE_ESTIMATE,estimated,0.16253834624076557,9.386637572195076,2.963664185857583,0.320943022896606,-1.0909728844774684,-0.3715346763713903
21191363,1789028313537000000,1518,HEAD_POSE_ESTIMATE,estimated,0.20572670687931505,9.477657514797151,2.915363061594711,0.29727433324800107,-1.0834809661201141,-0.36785785947931465
21204363,1789028313550000000,1519,HEAD_POSE_ESTIMATE,estimated,0.2400668748562934,9.542367469849639,2.87252454208092,0.2843975382358557,-1.0676655393731034,-0.34450634996688323
21218363,1789028313564000000,1520,HEAD_POSE_ESTIMATE,estimated,0.29688978906867336,9.581227089611621,2.830688299274779,0.2776569136902031,-1.0636328924784082,-0.3237445596280491
21232363,1789028313578000000,1521,HEAD_POSE_ESTIMATE,estimated,0.3534718321138913,9.626138981352272,2.76475008513091,0.2631171171994448,-1.0382186001287783,-0.2945287432718386
21246363,1789028313592000000,1522,HEAD_POSE_ESTIMATE,estimated,0.37759729668570885,9.612586734695201,2.7204865105756184,0.2614217676673731,-1.0341095181276112,-0.27220281270439856
21260363,1789028313606000000,1523,HEAD_POSE_ESTIMATE,estimated,0.3263886283435381,9.577783206844233,2.6891158480991977,0.25406549941898415,-1.0200245188173633,-0.2586352964638081
21273363,1789028313619000000,1524,HEAD_POSE_ESTIMATE,estimated,0.35572480446297605,9.556368928486492,2.601715743699172,0.24239574444191977,-0.9806653834104028,-0.24417387077996852
21288363,1789028313634000000,1525,HEAD_POSE_ESTIMATE,estimated,0.40410752039800435,9.49853173909724,2.5142233690824445,0.23377984249579897,-0.9489454954703509,-0.24422014788457522
21301363,1789028313647000000,1526,HEAD_POSE_ESTIMATE,estimated,0.3758849172469768,9.420646629353744,2.455947458072787,0.22585953070456202,-0.9211791479589923,-0.2482586668129192
21316363,1789028313662000000,1527,HEAD_POSE_ESTIMATE,estimated,0.3990994955930698,9.333739182726312,2.35410158584073,0.21302339650317106,-0.8800297314381813,-0.2524950095197712
21331363,1789028313677000000,1528,HEAD_POSE_ESTIMATE,estimated,0.3426654177987641,9.225578289037081,2.300373361840171,0.19413639871508456,-0.845503494116289,-0.2619422817984526
21343363,1789028313689000000,1529,HEAD_POSE_ESTIMATE,estimated,0.3172801222902515,9.18668275829436,2.224125356171021,0.18337374500168635,-0.8126813933811696,-0.2685701770854978
21359363,1789028313705000000,1530,HEAD_POSE_ESTIMATE,estimated,0.2524601664853243,9.141184981857938,2.1470362027639256,0.15735121840959093,-0.7679195132027926,-0.28466993413542424
21375363,1789028313721000000,1531,HEAD_POSE_ESTIMATE,estimated,0.1652548178925486,9.119907587360265,2.087412009033799,0.1219661535542017,-0.7204624234779959,-0.3042121845411082
21384363,1789028313730000000,1532,HEAD_POSE_ESTIMATE,estimated,0.15307449561231357,9.085594019170335,2.047508107400928,0.1005122443934223,-0.7055313474877094,-0.32665679065308206
21398363,1789028313744000000,1533,HEAD_POSE_ESTIMATE,estimated,0.08417886557894905,9.050815213716753,2.0009984986205556,0.06061618452490705,-0.6649133797682729,-0.34409969373259786
21414363,1789028313760000000,1534,HEAD_POSE_ESTIMATE,estimated,-0.06280814689199654,9.032465556701677,2.0383610923728677,0.008249527735018983,-0.6182028915583164,-0.3504454677989717
21425363,1789028313771000000,1535,HEAD_POSE_ESTIMATE,estimated,-0.07311105459916717,9.086776434854075,2.0190749503904986,-0.0333577401578025,-0.5823216580771057,-0.34349025875189987
21440363,1789028313786000000,1536,HEAD_POSE_ESTIMATE,estimated,-0.10459977976877449,9.150738354667734,2.033471107368207,-0.08167989336179746,-0.5312001693002978,-0.32145194542968
21454363,1789028313800000000,1537,HEAD_POSE_ESTIMATE,estimated,-0.109500424521906,9.224029574405998,2.0876503305066416,-0.11706033178226713,-0.4868856964939766,-0.29897210389134926
21468363,1789028313814000000,1538,HEAD_POSE_ESTIMATE,estimated,-0.2330118414218043,9.248703741383201,2.24685841263027,-0.1440230709716047,-0.4283029241698078,-0.26912183636910886
21481363,1789028313827000000,1539,HEAD_POSE_ESTIMATE,estimated,-0.21237105097237768,9.333111072942748,2.2866713474651976,-0.1638932382712153,-0.3866369645877734,-0.24921429186672914
21496363,1789028313842000000,1540,HEAD_POSE_ESTIMATE,estimated,-0.16520029849502638,9.446220533669266,2.354510741912804,-0.16343919553004727,-0.3516908098380493,-0.23464404334405797
21509363,1789028313855000000,1541,HEAD_POSE_ESTIMATE,estimated,-0.17029060195364254,9.532831261325983,2.424653894605986,-0.14848567239952787,-0.30665551952381326,-0.2153758901091282
21524363,1789028313870000000,1542,HEAD_POSE_ESTIMATE,estimated,-0.20253338978969715,9.572528759388728,2.535721228335014,-0.11144823515574659,-0.261900324714388,-0.1925595788093571
21537363,1789028313883000000,1543,HEAD_POSE_ESTIMATE,estimated,-0.23558156740840513,9.596526548052124,2.640181915351385,-0.05897712080945876,-0.22739335870522429,-0.1675076556095459
21551363,1789028313897000000,1544,HEAD_POSE_ESTIMATE,estimated,-0.19821317743177647,9.656831213182572,2.6850548180297804,-0.006205868838535595,-0.18328274227645136,-0.1365894743856422
21564363,1789028313910000000,1545,HEAD_POSE_ESTIMATE,estimated,-0.08598559880579382,9.766316900341174,2.669163005047495,0.044917381925780014,-0.14491719207664225,-0.10619570906568729
21579363,1789028313925000000,1546,HEAD_POSE_ESTIMATE,estimated,-0.07027247454564745,9.799547799607945,2.735515458007078,0.09944857595297975,-0.10033395594068198,-0.06636394073198955
21593363,1789028313939000000,1547,HEAD_POSE_ESTIMATE,estimated,-0.009862263359175394,9.817400293797888,2.7210737581693447,0.13429437344400622,-0.06365383275544174,-0.035003175384601834
21609363,1789028313955000000,1548,HEAD_POSE_ESTIMATE,estimated,0.050997093379182123,9.788577997373633,2.706717378757325,0.15118899717497833,-0.023334736664680347,-0.004013318186262537
21621363,1789028313967000000,1549,HEAD_POSE_ESTIMATE,estimated,0.038376974017260035,9.736881416628966,2.719156798046823,0.1455743770735609,-0.0016583918822190326,0.007082311322555923
21637363,1789028313983000000,1550,HEAD_POSE_ESTIMATE,estimated,-0.02259448896220051,9.657042523776147,2.76947765655747,0.1262410409291097,0.018567801372703797,0.009113114815044952
21653363,1789028313999000000,1551,HEAD_POSE_ESTIMATE,estimated,-0.12284338935379269,9.565139002266895,2.8324871535221123,0.09334429826468373,0.026581904653554478,-0.007507873484074526
21662363,1789028314008000000,1552,HEAD_POSE_ESTIMATE,estimated,-0.22498730443174086,9.487239790031156,2.891169393503361,0.06284438438687916,0.022127651952639178,-0.02697283222378737
21676363,1789028314022000000,1553,HEAD_POSE_ESTIMATE,estimated,-0.36852207026173955,9.360250560751041,2.9732417101390984,0.035605605504215876,0.01779518443176189,-0.05131807960610116
21692363,1789028314038000000,1554,HEAD_POSE_ESTIMATE,estimated,-0.6142618578657447,9.196200387291723,3.1057573848436997,0.012378514547359097,0.00944031174371342,-0.08115531102373873
21704363,1789028314050000000,1555,HEAD_POSE_ESTIMATE,estimated,-0.6601925060320579,9.117093713167716,3.0863640604865266,0.01599936177123203,0.0034946992615462165,-0.10176640156740163
21718363,1789028314064000000,1556,HEAD_POSE_ESTIMATE,estimated,-0.8863352437911581,8.971998298926712,3.1906897426053886,0.021994412007100266,-0.002014245835310689,-0.11935852575770467
21732363,1789028314078000000,1557,HEAD_POSE_ESTIMATE,estimated,-1.087067107225305,8.881683702418812,3.2546596754732926,0.03394811843439425,-0.005350804128037097,-0.12414271145831539
21746363,1789028314092000000,1558,HEAD_POSE_ESTIMATE,estimated,-1.3385523875435985,8.756399743908563,3.382595598301106,0.04116364436006756,0.00014696586050167072,-0.11838139138103819
21760363,1789028314106000000,1559,HEAD_POSE_ESTIMATE,estimated,-1.4217153111286556,8.756718618275631,3.3670608296467472,0.03669341487422505,0.0033835651543608317,-0.11517701739051296
21776363,1789028314122000000,1560,HEAD_POSE_ESTIMATE,estimated,-1.4554020492073694,8.872420483153261,3.2858383676864094,0.012813790927952104,0.008400324190194201,-0.11665780016590829
21788363,1789028314134000000,1561,HEAD_POSE_ESTIMATE,estimated,-1.5750410318775598,8.938587118509076,3.315367179312361,-0.019846817178605657,0.014572836583926274,-0.12053933301444031
21802363,1789028314148000000,1562,HEAD_POSE_ESTIMATE,estimated,-1.7125941603457724,9.01459753916119,3.3711380681173226,-0.058703143574500946,0.017223905582776606,-0.13364953378310995
21815363,1789028314161000000,1563,HEAD_POSE_ESTIMATE,estimated,-1.7677521372848495,9.104583600983547,3.3926867255628492,-0.09778964446743509,0.019671345116285224,-0.14920927741319048
21830363,1789028314176000000,1564,HEAD_POSE_ESTIMATE,estimated,-1.881334098930636,9.183203739335342,3.4375370992301018,-0.1410783635131335,0.024900681617892405,-0.1611706803283902
21847363,1789028314193000000,1565,HEAD_POSE_ESTIMATE,estimated,-1.9973621720781607,9.220735918159153,3.5196434171532216,-0.18229791227284217,0.029832065206462872,-0.1722582669518327
21863363,1789028314209000000,1566,HEAD_POSE_ESTIMATE,estimated,-2.116654155895089,9.19968975414091,3.611204984607033,-0.210337035066757,0.03903360910097559,-0.17107578107708654
21871363,1789028314217000000,1567,HEAD_POSE_ESTIMATE,estimated,-2.2115339568993106,9.170286896710568,3.673102403347937,-0.21833217315096137,0.04676127941186347,-0.16513442418191918
21886363,1789028314232000000,1568,HEAD_POSE_ESTIMATE,estimated,-2.289972877162994,9.123827581584479,3.7532791059090016,-0.21509278783971514,0.060336690546174895,-0.1458678032811947
21900363,1789028314246000000,1569,HEAD_POSE_ESTIMATE,estimated,-2.2840104346439096,9.078150422527965,3.767872396135033,-0.20687951230923965,0.07388945860294498,-0.11916512216588505
21914363,1789028314260000000,1570,HEAD_POSE_ESTIMATE,estimated,-2.32592100424164,9.007896810832774,3.8327717800883234,-0.19281377944953107,0.09333797017542947,-0.07623568174724672
21928363,1789028314274000000,1571,HEAD_POSE_ESTIMATE,estimated,-2.312944861428231,8.93455443743905,3.9119215818317596,-0.18453857471568763,0.11387673751494005,-0.03252320230860396
21942363,1789028314288000000,1572,HEAD_POSE_ESTIMATE,estimated,-2.3736850781209027,8.844585964539469,4.042004798320004,-0.1763411400286246,0.1351752425380447,0.01773642777739808
21955363,1789028314301000000,1573,HEAD_POSE_ESTIMATE,estimated,-2.3818972997018957,8.81363170215018,4.104608268538213,-0.17498384182657026,0.15765653467369117,0.06595054292375493
21970363,1789028314316000000,1574,HEAD_POSE_ESTIMATE,estimated,-2.2866224474060464,8.789113368806584,4.127422220896838,-0.17451779860130368,0.17849265340761125,0.1147813638515702
21984363,1789028314330000000,1575,HEAD_POSE_ESTIMATE,estimated,-2.1361044748003355,8.807702351370935,4.0827224647209,-0.16981030660108692,0.1968041504403426,0.15652670635256954
22000363,1789028314346000000,1576,HEAD_POSE_ESTIMATE,estimated,-2.0910424642186047,8.795561504657755,4.120552553037327,-0.1568371637502687,0.21306041930476835,0.20029255402995416
22010363,1789028314356000000,1577,HEAD_POSE_ESTIMATE,estimated,-2.053837919585762,8.801948578537779,4.119352186738411,-0.14336694101844633,0.22171062684482465,0.22557941352210603
22024363,1789028314370000000,1578,HEAD_POSE_ESTIMATE,estimated,-2.0023710387785565,8.798179077365756,4.118060095692952,-0.12181323916054156,0.23554489108973595,0.25795289059144755
22039363,1789028314385000000,1579,HEAD_POSE_ESTIMATE,estimated,-1.8999663664860194,8.819497188148485,4.047172544625559,-0.09202023486352524,0.2418411721155873,0.2789226040647144
22053363,1789028314399000000,1580,HEAD_POSE_ESTIMATE,estimated,-1.8170983832518863,8.846271859588814,3.949923946854948,-0.053225590238531975,0.24168211189268435,0.2871849789758541
22067363,1789028314413000000,1581,HEAD_POSE_ESTIMATE,estimated,-1.7351947105651808,8.841340686525266,3.8417925861031437,-0.009860527148604194,0.24482598570517994,0.2937455586765536
22080363,1789028314426000000,1582,HEAD_POSE_ESTIMATE,estimated,-1.699672923294281,8.83913638413625,3.7567420752718985,0.03573638803934718,0.2388134167845126,0.2870146572250872
22095363,1789028314441000000,1583,HEAD_POSE_ESTIMATE,estimated,-1.661194322431912,8.858038299915144,3.6698103794804324,0.08074956151020302,0.2229082019324474,0.27295514348393884
22109363,1789028314455000000,1584,HEAD_POSE_ESTIMATE,estimated,-1.6315456567399382,8.941096878189894,3.592358055967283,0.11045907873937227,0.2073664310384041,0.25841465153599763
22123363,1789028314469000000,1585,HEAD_POSE_ESTIMATE,estimated,-1.5767252785387322,9.031000573375254,3.519876728262937,0.1295320916390164,0.18399573099641062,0.2415847475350032
22140363,1789028314486000000,1586,HEAD_POSE_ESTIMATE,estimated,-1.5663631517071932,9.113046558312101,3.4902153266951794,0.14673091209277417,0.14536850355485617,0.21693343917275731
22150363,1789028314496000000,1587,HEAD_POSE_ESTIMATE,estimated,-1.5381643234577966,9.146334032620977,3.4860454482926437,0.15354820403691552,0.11580751584344993,0.20782167989700134
22163363,1789028314509000000,1588,HEAD_POSE_ESTIMATE,estimated,-1.5217462729055413,9.174546508983774,3.4545536245450905,0.1579395284695055,0.08261289284032906,0.19346285697473378
22176363,1789028314522000000,1589,HEAD_POSE_ESTIMATE,estimated,-1.5031273873833242,9.203030086297353,3.4187392168120425,0.16028975786787003,0.044586361651642016,0.17051536141246507
22191363,1789028314537000000,1590,HEAD_POSE_ESTIMATE,estimated,-1.476820238066415,9.210875566828479,3.4078230781143355,0.16947921838122787,0.00039815353235828397,0.14100856276524476
22205363,1789028314551000000,1591,HEAD_POSE_ESTIMATE,estimated,-1.477248898598992,9.176223248525703,3.388170901514802,0.17636936636162026,-0.037982537427083164,0.10503577803897864
22219363,1789028314565000000,1592,HEAD_POSE_ESTIMATE,estimated,-1.4649760990109704,9.12269989438763,3.3518599364371835,0.18737521843327315,-0.07577331328342717,0.06944163083352704
22233363,1789028314579000000,1593,HEAD_POSE_ESTIMATE,estimated,-1.4297822010337162,9.099950472835157,3.310436249393101,0.19930525272025162,-0.11810774866053828,0.039060689938882884
22247363,1789028314593000000,1594,HEAD_POSE_ESTIMATE,estimated,-1.3885956797694847,9.162253291903268,3.267751416004296,0.21188692470477216,-0.16376823444097338,0.017974275502722837
22261363,1789028314607000000,1595,HEAD_POSE_ESTIMATE,estimated,-1.300466069191898,9.199583077081996,3.2056446369908964,0.20994604412965395,-0.20095893507268048,0.0149384065489917
22274363,1789028314620000000,1596,HEAD_POSE_ESTIMATE,estimated,-1.2433790916120906,9.208366931799112,3.137685623885254,0.20880402064186468,-0.2273127221279343,0.0181170989154684
22289363,1789028314635000000,1597,HEAD_POSE_ESTIMATE,estimated,-1.1664132694997607,9.22206240529559,3.0519621461333664,0.20387762806426793,-0.25831517350721817,0.02816192792476775
22303363,1789028314649000000,1598,HEAD_POSE_ESTIMATE,estimated,-1.1145442308544644,9.398082510332468,2.9980497069614738,0.17894663797409424,-0.28656660955466273,0.056714904488489704
22317363,1789028314663000000,1599,HEAD_POSE_ESTIMATE,estimated,-1.0292746722704469,9.606413008330591,2.9404276238701472,0.1513039675738862,-0.30867161431187146,0.0788052081354112
22330363,1789028314676000000,1600,HEAD_POSE_ESTIMATE,estimated,-0.9369998659735223,9.780515244946022,2.888785476347263,0.13946769411314658,-0.3247800399416544,0.09150518198857568
22345363,1789028314691000000,1601,HEAD_POSE_ESTIMATE,estimated,-0.8407602208983389,9.809673038614731,2.8461418117859054,0.14328693431284192,-0.332643403321951,0.10133954675467736
22361363,1789028314707000000,1602,HEAD_POSE_ESTIMATE,estimated,-0.7477526940039028,9.79711562921126,2.7830355254805985,0.15487313994526736,-0.3305483626815456,0.10666935027098193
22377363,1789028314723000000,1603,HEAD_POSE_ESTIMATE,estimated,-0.6483908539201814,9.708267623855736,2.7135253895854037,0.17982174180922045,-0.3201377718346993,0.10072876904117842
22388363,1789028314734000000,1604,HEAD_POSE_ESTIMATE,estimated,-0.5735834027216812,9.664701294816021,2.6708591253711003,0.20475901548583192,-0.3120556421377771,0.07899017687353206
22399363,1789028314745000000,1605,HEAD_POSE_ESTIMATE,estimated,-0.5006000809571091,9.62928416125564,2.6302874526015305,0.23211718667310477,-0.29599280098910863,0.060884322115449266
22413363,1789028314759000000,1606,HEAD_POSE_ESTIMATE,estimated,-0.4636314221862626,9.531622177344449,2.559498970738198,0.26056367798002733,-0.27831189112260335,0.047581463770796764
22427363,1789028314773000000,1607,HEAD_POSE_ESTIMATE,estimated,-0.3962626368476176,9.393806849360896,2.5027124314955738,0.2831238703258002,-0.264984517174628,0.04806451910795253
22442363,1789028314788000000,1608,HEAD_POSE_ESTIMATE,estimated,-0.33386123199557804,9.304527747803206,2.48095801446584,0.2965361311571605,-0.24947032888078238,0.048730266882074554
22456363,1789028314802000000,1609,HEAD_POSE_ESTIMATE,estimated,-0.290465356696977,9.283701889642742,2.485680169930461,0.2974173415019224,-0.23413415515513392,0.04681376289525702
22468363,1789028314814000000,1610,HEAD_POSE_ESTIMATE,estimated,-0.27238672663422786,9.294528594074905,2.4918467377432734,0.2865194236357626,-0.2255743192383445,0.04444984110658488
22483363,1789028314829000000,1611,HEAD_POSE_ESTIMATE,estimated,-0.24879432484175562,9.243049650100295,2.5028016179779637,0.26072656884122525,-0.2279010020847999,0.03416509442032826
22497363,1789028314843000000,1612,HEAD_POSE_ESTIMATE,estimated,-0.2356645709221204,9.356484126879723,2.5093476133858736,0.2311697043781829,-0.23711221899346066,0.017549697284633778
22511363,1789028314857000000,1613,HEAD_POSE_ESTIMATE,estimated,-0.2426250234150421,9.450594451454657,2.476836617970046,0.18929341214478074,-0.25187455801954345,0.0032652238787695773
22525363,1789028314871000000,1614,HEAD_POSE_ESTIMATE,estimated,-0.25165971040813595,9.652987337755945,2.4707652244571094,0.1612684775805399,-0.25951510716740656,-0.016156193968302042
22539363,1789028314885000000,1615,HEAD_POSE_ESTIMATE,estimated,-0.2610148866519383,9.71805635617688,2.4641675497949778,0.1417782499690764,-0.26825299684453224,-0.01762366613788999
22553363,1789028314899000000,1616,HEAD_POSE_ESTIMATE,estimated,-0.2641211881759189,9.721635599802047,2.4735912457934033,0.12659244653294902,-0.27104396751445436,-0.014230264247384685
22567363,1789028314913000000,1617,HEAD_POSE_ESTIMATE,estimated,-0.27902874403302325,9.644129367356053,2.4895590552817906,0.12885591307336297,-0.26940092826901946,-0.003498127184660879
22581363,1789028314927000000,1618,HEAD_POSE_ESTIMATE,estimated,-0.2968492072298544,9.645968328812021,2.4821778147540625,0.14177326466608434,-0.2608475389719265,-0.0013215113269238559
22596363,1789028314942000000,1619,HEAD_POSE_ESTIMATE,estimated,-0.29440132629377425,9.645210933152681,2.4820131220607724,0.15754222656229755,-0.24322264312237232,-0.005552458279413602
22613363,1789028314959000000,1620,HEAD_POSE_ESTIMATE,estimated,-0.29100647062794327,9.674798521109032,2.474599696973111,0.1745802736966923,-0.22110179688166504,-0.02379791133356444
22623363,1789028314969000000,1621,HEAD_POSE_ESTIMATE,estimated,-0.28788654086285603,9.693792664059126,2.450118661248609,0.18186614459135342,-0.20182088200930948,-0.04228214773757719
22636363,1789028314982000000,1622,HEAD_POSE_ESTIMATE,estimated,-0.3003406550188965,9.67839820093371,2.425921608806783,0.1763826194179451,-0.1757653199996621,-0.0748375072018621
22651363,1789028314997000000,1623,HEAD_POSE_ESTIMATE,estimated,-0.32276721555521387,9.64858465783131,2.4198179244702787,0.15979748136406813,-0.14851830026474286,-0.11519604002421804
22665363,1789028315011000000,1624,HEAD_POSE_ESTIMATE,estimated,-0.33394238976705476,9.623000551878798,2.4054749935228843,0.13247312289501506,-0.12466254914973976,-0.14647959053934517
22678363,1789028315024000000,1625,HEAD_POSE_ESTIMATE,estimated,-0.37832544137916513,9.590264075145615,2.4148994688201024,0.11180064484842109,-0.10287970967389778,-0.16480651634963564
22691363,1789028315037000000,1626,HEAD_POSE_ESTIMATE,estimated,-0.4007592811248684,9.5573702859823,2.411686018108022,0.1027251829241456,-0.08363080634354456,-0.16926416298103875
22705363,1789028315051000000,1627,HEAD_POSE_ESTIMATE,estimated,-0.4150298308107178,9.532896246330541,2.3887240519779724,0.10775569779081787,-0.06691760821812764,-0.15966677378165564
22721363,1789028315067000000,1628,HEAD_POSE_ESTIMATE,estimated,-0.4115148019228659,9.471924802846825,2.342455157105137,0.12981651775053513,-0.05402374419047037,-0.13501829201104043
22733363,1789028315079000000,1629,HEAD_POSE_ESTIMATE,estimated,-0.41623608519197014,9.411298281014087,2.2948052728319577,0.14695023547414057,-0.051553515444933765,-0.11895968609749911
22748363,1789028315094000000,1630,HEAD_POSE_ESTIMATE,estimated,-0.41196389574152115,9.385699880036787,2.2232807293930428,0.18676915426504237,-0.05652652994901772,-0.08409800229041967
22762363,1789028315108000000,1631,HEAD_POSE_ESTIMATE,estimated,-0.4205124240876248,9.335528330995007,2.175454868950218,0.2062378777451392,-0.06100614657354566,-0.058856762297622274
22776363,1789028315122000000,1632,HEAD_POSE_ESTIMATE,estimated,-0.4341160057407535,9.293419904322743,2.115290646577964,0.209718000578162,-0.06605451429713348,-0.04092256167483643
22790363,1789028315136000000,1633,HEAD_POSE_ESTIMATE,estimated,-0.44949440419024933,9.253486654606382,2.0894795453773365,0.19038282800794848,-0.06863321722963087,-0.03466494084948751
22804363,1789028315150000000,1634,HEAD_POSE_ESTIMATE,estimated,-0.46209429452057343,9.26331541485543,2.059098113830853,0.16811663999313273,-0.06506531479711308,-0.028482859132305603
22817363,1789028315163000000,1635,HEAD_POSE_ESTIMATE,estimated,-0.45969711479153536,9.283193336913182,2.0542608301399903,0.14439415956104829,-0.05353706814752781,-0.02593351710449525
22831363,1789028315177000000,1636,HEAD_POSE_ESTIMATE,estimated,-0.45870378155817354,9.332014141334204,2.0406682201775785,0.12129589641902386,-0.02944070595126957,-0.0221241595948692
22846363,1789028315192000000,1637,HEAD_POSE_ESTIMATE,estimated,-0.4544380917515334,9.351428374467277,2.02531371100994,0.1150931792933265,-7.377099783908863e-05,-0.02188009685586834
22861363,1789028315207000000,1638,HEAD_POSE_ESTIMATE,estimated,-0.4359533790230015,9.360919527928846,2.036060823620341,0.11390005644712203,0.03575305497131895,-0.018763838021640767
22873363,1789028315219000000,1639,HEAD_POSE_ESTIMATE,estimated,-0.4380287891487557,9.377787717840064,2.01134429917009,0.11366874455830958,0.06451566963588931,-0.017430289502054518
22887363,1789028315233000000,1640,HEAD_POSE_ESTIMATE,estimated,-0.445284956705245,9.40353935794936,1.9925836054280204,0.12113862801156734,0.09638339180752654,-0.013602921446463618
22902363,1789028315248000000,1641,HEAD_POSE_ESTIMATE,estimated,-0.47246258059614243,9.444858444582247,1.9723271670163995,0.11666685698442521,0.1259898010296781,-0.014730774659044123
22915363,1789028315261000000,1642,HEAD_POSE_ESTIMATE,estimated,-0.4880714946417668,9.490366836675266,1.967311896205352,0.10254273278177126,0.14698793116402886,-0.020041492227964284
22930363,1789028315276000000,1643,HEAD_POSE_ESTIMATE,estimated,-0.4968136742965067,9.527368163320926,1.9772199175743133,0.07335178145008352,0.16499077013364538,-0.030295339095642405
22943363,1789028315289000000,1644,HEAD_POSE_ESTIMATE,estimated,-0.49014491240598873,9.550950824427206,1.9883093449566303,0.040035895105077254,0.17861722810085345,-0.039390592895911944
22959363,1789028315305000000,1645,HEAD_POSE_ESTIMATE,estimated,-0.47859809275050463,9.576562615221697,2.024838597235845,0.0019738252780187463,0.1912309515645085,-0.04503919311320116
22975363,1789028315321000000,1646,HEAD_POSE_ESTIMATE,estimated,-0.46764614646867536,9.614905201016217,2.049887011992093,-0.0412125179664639,0.20686358087746426,-0.04366816225799981
22985363,1789028315331000000,1647,HEAD_POSE_ESTIMATE,estimated,-0.47067911023221887,9.640696894300094,2.0296044275418335,-0.061586266010037125,0.20987565962228732,-0.041772237140113876
22999363,1789028315345000000,1648,HEAD_POSE_ESTIMATE,estimated,-0.4693259430758462,9.650794247606488,2.0381007841853163,-0.07128488367013784,0.21072544886136485,-0.03465421176520382
23013363,1789028315359000000,1649,HEAD_POSE_ESTIMATE,estimated,-0.4532985681212218,9.654516626161806,2.0328942180950884,-0.0594326977064938,0.20765218824703538,-0.024980585141349012
23027363,1789028315373000000,1650,HEAD_POSE_ESTIMATE,estimated,-0.4439117766649401,9.630455181097473,2.023859786306676,-0.025230178837426464,0.20017104052806034,-0.0055598929583527594
23040363,1789028315386000000,1651,HEAD_POSE_ESTIMATE,estimated,-0.41617174712228344,9.58831102680161,2.012652973729465,0.016158476815100235,0.185087729245845,0.012915344292567073
23055363,1789028315401000000,1652,HEAD_POSE_ESTIMATE,estimated,-0.392202596924977,9.515498241467096,1.9989949141701455,0.06040624841914489,0.15916563043352894,0.024652976719153404
23069363,1789028315415000000,1653,HEAD_POSE_ESTIMATE,estimated,-0.37102959821965203,9.464210538590686,2.0028202619252533,0.09931738260865054,0.13313295768779806,0.025497336498111128
23086363,1789028315432000000,1654,HEAD_POSE_ESTIMATE,estimated,-0.3580026228454082,9.44077803907391,1.9659792209259037,0.11976838068108465,0.09366128285959038,0.013125053668747926
23096363,1789028315442000000,1655,HEAD_POSE_ESTIMATE,estimated,-0.35992045246174786,9.43595877676637,1.9361223436443837,0.11589993268860799,0.06791530834256558,-0.001940006627917255
23111363,1789028315457000000,1656,HEAD_POSE_ESTIMATE,estimated,-0.36232477626361936,9.428631643313375,1.9390018746156668,0.09571467207918717,0.03265304591643573,-0.018085575343240047
23125363,1789028315471000000,1657,HEAD_POSE_ESTIMATE,estimated,-0.3653590095910654,9.417734852500963,1.9558038251589034,0.06150876363288501,0.0004080297585733141,-0.025376989001372637
23139363,1789028315485000000,1658,HEAD_POSE_ESTIMATE,estimated,-0.39018595548914703,9.411579671486857,2.0102856728496965,0.017620633611492752,-0.026364285738676784,-0.021231026249731978
23152363,1789028315498000000,1659,HEAD_POSE_ESTIMATE,estimated,-0.403969869724007,9.407801710511707,2.0637793489252214,-0.02951941327409192,-0.048699955244328574,-0.012001934580842293
23166363,1789028315512000000,1660,HEAD_POSE_ESTIMATE,estimated,-0.42163677125107246,9.419480750585038,2.126232657499726,-0.08304064146248492,-0.06900719291794431,-0.004207345003364955
23180363,1789028315526000000,1661,HEAD_POSE_ESTIMATE,estimated,-0.4211134766409873,9.442870819380856,2.2021052518975233,-0.12478810078276871,-0.08573434576910362,-6.465058445951693e-05
23194363,1789028315540000000,1662,HEAD_POSE_ESTIMATE,estimated,-0.42512407413892794,9.488868392514847,2.2489512216432623,-0.14716961852500993,-0.10163568655695587,0.0015051547513205653
23208363,1789028315554000000,1663,HEAD_POSE_ESTIMATE,estimated,-0.42485242311527194,9.548658977615094,2.2854566552673488,-0.16087199069988878,-0.11052779908993804,-0.007339318436651788
23222363,1789028315568000000,1664,HEAD_POSE_ESTIMATE,estimated,-0.4188685995622241,9.596225835181803,2.343257614510133,-0.1653923739043024,-0.11351664796595194,-0.013098244835228085
23236363,1789028315582000000,1665,HEAD_POSE_ESTIMATE,estimated,-0.41408589433993553,9.648727611709226,2.379521205821825,-0.15918569630515786,-0.11100223979178228,-0.01973027613197647
23250363,1789028315596000000,1666,HEAD_POSE_ESTIMATE,estimated,-0.4325392440495487,9.667818603043017,2.404760955377385,-0.16138213456015432,-0.10842820802711405,-0.02091267094582932
23264363,1789028315610000000,1667,HEAD_POSE_ESTIMATE,estimated,-0.4267273270836217,9.696165809218888,2.4035636743444075,-0.1471778399333698,-0.10099151183831045,-0.01714926076926915
23279363,1789028315625000000,1668,HEAD_POSE_ESTIMATE,estimated,-0.4205797251489079,9.694245679610548,2.393098992916773,-0.11233520538444926,-0.09231271007419797,-0.009038730667270171
23292363,1789028315638000000,1669,HEAD_POSE_ESTIMATE,estimated,-0.4086147524828809,9.698772818151962,2.3846710547329084,-0.0717714279576966,-0.08638765618509182,0.00027722872653326413
23306363,1789028315652000000,1670,HEAD_POSE_ESTIMATE,estimated,-0.38202143305823905,9.664712808571945,2.3661497499607695,-0.025222602084680072,-0.07648188836923302,0.00804314752660067
23321363,1789028315667000000,1671,HEAD_POSE_ESTIMATE,estimated,-0.3454611627734997,9.601958239492927,2.3240312348772654,0.029041999573000955,-0.06733464866150206,0.009751202026073342
23332363,1789028315678000000,1672,HEAD_POSE_ESTIMATE,estimated,-0.3299554744190464,9.554848035275118,2.299600589061324,0.07386386890907141,-0.06321682475549158,0.0013746158916683997
23347363,1789028315693000000,1673,HEAD_POSE_ESTIMATE,estimated,-0.3190800573067035,9.491847786921502,2.270774559781515,0.10782643159764647,-0.06018040345600231,-0.017326405512780408
23361363,1789028315707000000,1674,HEAD_POSE_ESTIMATE,estimated,-0.3480724250767817,9.468662882777155,2.201144445188267,0.11565150716617353,-0.0607712917831381,-0.04092889561710729
23375363,1789028315721000000,1675,HEAD_POSE_ESTIMATE,estimated,-0.36514214747931306,9.45371995117143,2.157852898346719,0.10428894745067217,-0.06114475648027524,-0.06157881314414352
23392363,1789028315738000000,1676,HEAD_POSE_ESTIMATE,estimated,-0.39638273573334437,9.459801727741155,2.121178505847233,0.06806693716829695,-0.06136232194467119,-0.08099792253244564
23407363,1789028315753000000,1677,HEAD_POSE_ESTIMATE,estimated,-0.4118313692276237,9.496076521277875,2.0912112117769017,0.023875062176204304,-0.05996815482423335,-0.08630401345629529
23416363,1789028315762000000,1678,HEAD_POSE_ESTIMATE,estimated,-0.4223719388554334,9.518035759249765,2.067841656215317,-0.0160130138369792,-0.05741990039431661,-0.08000541254841576
23430363,1789028315776000000,1679,HEAD_POSE_ESTIMATE,estimated,-0.432748845859876,9.568433055867608,2.0440301749408953,-0.04638493986909975,-0.05382238471574801,-0.06402444140278712
23444363,1789028315790000000,1680,HEAD_POSE_ESTIMATE,estimated,-0.44796542956501045,9.602939897148447,2.03170531531639,-0.05506498667035572,-0.053615543305942655,-0.053202214440678665
23458363,1789028315804000000,1681,HEAD_POSE_ESTIMATE,estimated,-0.4709260799978415,9.61159128107225,2.0117344017443286,-0.04355152480376892,-0.05381732077192711,-0.046397180155020146
23472363,1789028315818000000,1682,HEAD_POSE_ESTIMATE,estimated,-0.5000435189896572,9.585716096423582,1.9789559097859055,-0.00938687862774604,-0.05493131855743156,-0.04679344592771122
23486363,1789028315832000000,1683,HEAD_POSE_ESTIMATE,estimated,-0.532947568828046,9.56477581813523,1.9576627214499018,0.03131656146647833,-0.05641259708174295,-0.047163995811048326
23500363,1789028315846000000,1684,HEAD_POSE_ESTIMATE,estimated,-0.5642276259268426,9.535025114092456,1.9142057698849617,0.06957876696902783,-0.05845736002616419,-0.048850418916523135
23514363,1789028315860000000,1685,HEAD_POSE_ESTIMATE,estimated,-0.5896668530905118,9.502965227574213,1.886861488218515,0.08904430307196294,-0.06116166491856151,-0.047464109625508975
23528363,1789028315874000000,1686,HEAD_POSE_ESTIMATE,estimated,-0.6155421710676061,9.47933393458549,1.8558223946943238,0.08695248496395383,-0.06344411047532902,-0.04221240122176075
23542363,1789028315888000000,1687,HEAD_POSE_ESTIMATE,estimated,-0.6429958407156924,9.461794904970489,1.8207921799690052,0.06898907722422676,-0.06491741444186575,-0.03534600613357491
23555363,1789028315901000000,1688,HEAD_POSE_ESTIMATE,estimated,-0.6592009124978199,9.447454720063833,1.7939766012816474,0.03338888501915525,-0.06457652125751856,-0.028074064451025848
23570363,1789028315916000000,1689,HEAD_POSE_ESTIMATE,estimated,-0.6649121371076601,9.443199394598588,1.7733752932572866,-0.005104293760641853,-0.06245217874329292,-0.023236559861043126
23583363,1789028315929000000,1690,HEAD_POSE_ESTIMATE,estimated,-0.6723841004831231,9.45770018593458,1.7501591076084604,-0.03716714278601184,-0.058719033647919985,-0.020809510322140255
23597363,1789028315943000000,1691,HEAD_POSE_ESTIMATE,estimated,-0.6638019127860962,9.478921189861829,1.743239539648022,-0.0632454468311584,-0.054507345741362165,-0.019626644737361355
23611363,1789028315957000000,1692,HEAD_POSE_ESTIMATE,estimated,-0.6537468631938345,9.492849845432035,1.73812382651944,-0.07046872611328003,-0.049734547955851985,-0.02026344085058352
23625363,1789028315971000000,1693,HEAD_POSE_ESTIMATE,estimated,-0.6386075242148528,9.500570749969732,1.7276593856194111,-0.07408279826411802,-0.04481469856961143,-0.022099721689592188
23639363,1789028315985000000,1694,HEAD_POSE_ESTIMATE,estimated,-0.6280766802313945,9.495568244889688,1.718859694070859,-0.07085559483869762,-0.04011865227869463,-0.024492917405019056
23653363,1789028315999000000,1695,HEAD_POSE_ESTIMATE,estimated,-0.6144735793879709,9.472497001851577,1.7064224772188537,-0.07164411309689749,-0.03564811025085351,-0.026535673918023115
23667363,1789028316013000000,1696,HEAD_POSE_ESTIMATE,estimated,-0.5997341097733058,9.464658547774922,1.6988459212458575,-0.07668015739938877,-0.03148152539472088,-0.025548848461533505
23681363,1789028316027000000,1697,HEAD_POSE_ESTIMATE,estimated,-0.5892899527534773,9.47239852299482,1.7055777589295875,-0.0938113304759344,-0.02798551832354953,-0.020555806339550054
23694363,1789028316040000000,1698,HEAD_POSE_ESTIMATE,estimated,-0.5812273776041934,9.498955370917852,1.7077692320229625,-0.1178463456252529,-0.025568452504611774,-0.015463095160510035
23708363,1789028316054000000,1699,HEAD_POSE_ESTIMATE,estimated,-0.5835470796138953,9.553651555350731,1.708218279044976,-0.1554539103271669,-0.023113569888793057,-0.008872883246062073
23722363,1789028316068000000,1700,HEAD_POSE_ESTIMATE,estimated,-0.5725775691508644,9.604495545716397,1.7259407466249657,-0.19331838156140757,-0.02187208700403975,-0.0039106973288878955
23736363,1789028316082000000,1701,HEAD_POSE_ESTIMATE,estimated,-0.5703943952218735,9.660338777164522,1.7379576472176879,-0.22821285799567737,-0.02223843843356874,-0.0018412742932290712
23750363,1789028316096000000,1702,HEAD_POSE_ESTIMATE,estimated,-0.5770982438008286,9.704977398424548,1.767694789513023,-0.2629358277322228,-0.024199542431737095,-0.006350114791827118
23764363,1789028316110000000,1703,HEAD_POSE_ESTIMATE,estimated,-0.5815278360712878,9.736113453559705,1.7701089461392703,-0.28183689521676797,-0.025792400633846416,-0.009409334303604655
23778363,1789028316124000000,1704,HEAD_POSE_ESTIMATE,estimated,-0.5972521633553245,9.752646660646944,1.8123682356634072,-0.2871111796076887,-0.028332928126697667,-0.0076766720784603
23793363,1789028316139000000,1705,HEAD_POSE_ESTIMATE,estimated,-0.6262684702170659,9.772969961753573,1.8495340406155254,-0.2785127649976798,-0.02994104063236637,-0.0019269182529392866
23806363,1789028316152000000,1706,HEAD_POSE_ESTIMATE,estimated,-0.6613368061988784,9.775957267128026,1.9009810478651636,-0.2598300174544662,-0.0312464205882909,0.010330893820349614
23819363,1789028316165000000,1707,HEAD_POSE_ESTIMATE,estimated,-0.6976825739505177,9.767294531873546,1.9551881345526776,-0.22982127661780566,-0.031785368450071294,0.021059459780758072
23833363,1789028316179000000,1708,HEAD_POSE_ESTIMATE,estimated,-0.7408904327110502,9.733322185046687,2.0259329880490666,-0.1987091166311475,-0.03249710390836343,0.0246111033604908
23847363,1789028316193000000,1709,HEAD_POSE_ESTIMATE,estimated,-0.7764240462808716,9.709757029390493,2.128588226866962,-0.1714107285658679,-0.034398582248748685,0.01842205450645624
23862363,1789028316208000000,1710,HEAD_POSE_ESTIMATE,estimated,-0.8048262048667878,9.700294506106383,2.177661138504074,-0.14605509084068305,-0.03516410224302774,0.004760344167424237
23874363,1789028316220000000,1711,HEAD_POSE_ESTIMATE,estimated,-0.8268407064540788,9.694486831785547,2.2199351348753678,-0.12533818921042775,-0.035328149270903414,-0.014523290207647937
23889363,1789028316235000000,1712,HEAD_POSE_ESTIMATE,estimated,-0.8531352688103546,9.687688974080425,2.304822239914734,-0.11012841207280535,-0.036607427281592435,-0.04545076658750381
23902363,1789028316248000000,1713,HEAD_POSE_ESTIMATE,estimated,-0.8668492951859272,9.697685278267828,2.373880410508159,-0.09832662966884476,-0.03423801119952669,-0.07578264476861124
23916363,1789028316262000000,1714,HEAD_POSE_ESTIMATE,estimated,-0.8879222340529995,9.708116046912645,2.433156950496156,-0.09168548552316505,-0.02965817365691215,-0.1057802586709293
23929363,1789028316275000000,1715,HEAD_POSE_ESTIMATE,estimated,-0.8981867354885071,9.699050749739566,2.5138920636861637,-0.09190649223652031,-0.02120279539437746,-0.12874244143505562
23943363,1789028316289000000,1716,HEAD_POSE_ESTIMATE,estimated,-0.8974850439164663,9.69840849299637,2.563347941796833,-0.09154977566185231,-0.013454804061022566,-0.1469759366273481
23961363,1789028316307000000,1717,HEAD_POSE_ESTIMATE,estimated,-0.9006074183341282,9.68940131928768,2.5964938877462953,-0.08708380597057346,-0.0056569951638439624,-0.15913441901704126
23971363,1789028316317000000,1718,HEAD_POSE_ESTIMATE,estimated,-0.8970078744334484,9.675571106334234,2.616244622969152,-0.08283870344305182,-0.0003177299996011823,-0.15870753609261462
23984363,1789028316330000000,1719,HEAD_POSE_ESTIMATE,estimated,-0.8899182368764178,9.659417239597294,2.6178207732228866,-0.07810971656629993,0.0020583397957129354,-0.15563049329052034
23999363,1789028316345000000,1720,HEAD_POSE_ESTIMATE,estimated,-0.8921462831821207,9.643104883421582,2.630584593882903,-0.06542748332000266,0.001995552694286565,-0.14695130829292885
24012363,1789028316358000000,1721,HEAD_POSE_ESTIMATE,estimated,-0.8987461172993948,9.612559851636243,2.634529735814118,-0.05115843216311608,-0.0017365000229846031,-0.135983247190353
24026363,1789028316372000000,1722,HEAD_POSE_ESTIMATE,estimated,-0.9076479831628663,9.57749390946889,2.626737539799821,-0.03448472301242245,-0.008431288602094824,-0.12625653932015618
24042363,1789028316388000000,1723,HEAD_POSE_ESTIMATE,estimated,-0.9195763527141051,9.546935131070777,2.5895088708397425,-0.01928468910209506,-0.01840726646101854,-0.11319457512569957
24053363,1789028316399000000,1724,HEAD_POSE_ESTIMATE,estimated,-0.9301264571444344,9.525595444783056,2.5682384618894813,-0.004569663913262048,-0.02794168793500189,-0.10192024371435335
24068363,1789028316414000000,1725,HEAD_POSE_ESTIMATE,estimated,-0.9431309634695482,9.499209217482827,2.550116497571379,0.020017999327478175,-0.03824285418956512,-0.09481019853915162
24082363,1789028316428000000,1726,HEAD_POSE_ESTIMATE,estimated,-0.9546488415928542,9.483113032472488,2.442020875658584,0.03594063544672462,-0.04667676633619158,-0.09060292219407239
24096363,1789028316442000000,1727,HEAD_POSE_ESTIMATE,estimated,-0.9680892484763505,9.443571264309798,2.380781895177574,0.0492289759668624,-0.054927590715858676,-0.08878988017660303
24110363,1789028316456000000,1728,HEAD_POSE_ESTIMATE,estimated,-0.9863992386596203,9.386634613246818,2.3695185846149727,0.06309125674626061,-0.06230259677859262,-0.09225714841826563
24125363,1789028316471000000,1729,HEAD_POSE_ESTIMATE,estimated,-1.0143845591843799,9.350245299349321,2.3374663651225593,0.06561645570381965,-0.07178859051800743,-0.09751787255591862
24138363,1789028316484000000,1730,HEAD_POSE_ESTIMATE,estimated,-1.0358119917170672,9.310356847201668,2.3256773126286303,0.057854264493616976,-0.07943008820052712,-0.10226463529049959
24152363,1789028316498000000,1731,HEAD_POSE_ESTIMATE,estimated,-1.0537268285280914,9.258706053746938,2.315858673725653,0.03735364500299359,-0.08669591516417188,-0.10475972019656014
24166363,1789028316512000000,1732,HEAD_POSE_ESTIMATE,estimated,-1.0685726002450786,9.233966512300613,2.296013602812718,0.010644797093183441,-0.08914782916609151,-0.09910822221297574
24181363,1789028316527000000,1733,HEAD_POSE_ESTIMATE,estimated,-1.065259278229988,9.214846147470283,2.316865697860159,-0.029411234839152964,-0.08716250503690694,-0.08594012040338032
24192363,1789028316538000000,1734,HEAD_POSE_ESTIMATE,estimated,-1.0658180544289608,9.211079377849984,2.31350393510814,-0.06221965510777469,-0.08211461080635397,-0.06977988801668858
24206363,1789028316552000000,1735,HEAD_POSE_ESTIMATE,estimated,-1.0616112114720773,9.209994227356292,2.350105379522103,-0.10805118271640751,-0.07168894591317163,-0.051313087823976145
24221363,1789028316567000000,1736,HEAD_POSE_ESTIMATE,estimated,-1.0586677281431505,9.224067338162834,2.396719965274442,-0.15410929769223072,-0.05957026493137447,-0.039004642429573626
24234363,1789028316580000000,1737,HEAD_POSE_ESTIMATE,estimated,-1.05701817757908,9.242544008600186,2.4388081142188316,-0.19438569269992242,-0.04959866413803842,-0.036433036816548386
24248363,1789028316594000000,1738,HEAD_POSE_ESTIMATE,estimated,-1.0622645789193288,9.304709640762072,2.4533068374136238,-0.23103206692642275,-0.04051365138318837,-0.045132988717351864
24262363,1789028316608000000,1739,HEAD_POSE_ESTIMATE,estimated,-1.0653212574849773,9.367939622765991,2.4789298352778384,-0.2544391042554357,-0.037107465325741246,-0.06157885626601546
24276363,1789028316622000000,1740,HEAD_POSE_ESTIMATE,estimated,-1.0770551451609904,9.422472671227961,2.5250450797040807,-0.2640266178313682,-0.03887434425060317,-0.08077755695525289
24291363,1789028316637000000,1741,HEAD_POSE_ESTIMATE,estimated,-1.0946545377087515,9.434294067299577,2.5724025337056333,-0.2570663156948118,-0.04639323740771792,-0.10060456317728139
24304363,1789028316650000000,1742,HEAD_POSE_ESTIMATE,estimated,-1.102689311953593,9.427244714862114,2.6250056092308482,-0.23791998932064484,-0.057182754592413,-0.11371903285820173
24320363,1789028316666000000,1743,HEAD_POSE_ESTIMATE,estimated,-1.1354275696913192,9.4103032541394,2.68165198154441,-0.21488286277840815,-0.06916711009932176,-0.1234002546869364
24332363,1789028316678000000,1744,HEAD_POSE_ESTIMATE,estimated,-1.16460564623067,9.40238005412196,2.733397322549288,-0.19848911402032118,-0.08013154541138091,-0.12435340295018049
24346363,1789028316692000000,1745,HEAD_POSE_ESTIMATE,estimated,-1.1734205409621585,9.343072202182702,2.7921466021959707,-0.18492910985714525,-0.09194310585988452,-0.12577768072705564
24359363,1789028316705000000,1746,HEAD_POSE_ESTIMATE,estimated,-1.172501561121411,9.268845139900835,2.8501886067000886,-0.17345516064214597,-0.1016752624173779,-0.12080286558371021
24374363,1789028316720000000,1747,HEAD_POSE_ESTIMATE,estimated,-1.1783240343967434,9.173439780805985,2.9282935231980534,-0.16725215486669165,-0.10928831777989396,-0.10883281452918515
24388363,1789028316734000000,1748,HEAD_POSE_ESTIMATE,estimated,-1.1731139962660766,9.086350901404161,3.020002463443525,-0.17016891218494726,-0.11410392438309311,-0.09693577354840048
24403363,1789028316749000000,1749,HEAD_POSE_ESTIMATE,estimated,-1.1705027183353083,8.987118655907633,3.122325986317006,-0.17697667872446227,-0.1124360355886669,-0.07724428813355214
24419363,1789028316765000000,1750,HEAD_POSE_ESTIMATE,estimated,-1.1645549429617503,8.908206041159534,3.253773829130717,-0.19266634678552239,-0.10739818794154754,-0.05177525941375648
24429363,1789028316775000000,1751,HEAD_POSE_ESTIMATE,estimated,-1.1694005889752477,8.863594289700405,3.34714257366498,-0.20859790656166732,-0.10100471435879362,-0.034703488896043376
24443363,1789028316789000000,1752,HEAD_POSE_ESTIMATE,estimated,-1.1660967839631036,8.827204336506538,3.441284067900883,-0.22990003442698423,-0.08801927088911286,-0.007560928063576122
24457363,1789028316803000000,1753,HEAD_POSE_ESTIMATE,estimated,-1.1294921704818337,8.811733152622207,3.5471566343101584,-0.25237402509525536,-0.06941372626837859,0.021591026660652525
24471363,1789028316817000000,1754,HEAD_POSE_ESTIMATE,estimated,-1.0987977337572863,8.824426082055192,3.6518828373606897,-0.2737844482549378,-0.04923421637620184,0.04844109894195521
24485363,1789028316831000000,1755,HEAD_POSE_ESTIMATE,estimated,-1.045994151724488,8.853766263117747,3.7653667763847625,-0.3020838560539865,-0.025364966351683733,0.06882231831447154
24500363,1789028316846000000,1756,HEAD_POSE_ESTIMATE,estimated,-0.9781564303184836,8.878308129809326,3.8724537766378555,-0.32827307259998445,0.001405626014870429,0.08470646553164389
24513363,1789028316859000000,1757,HEAD_POSE_ESTIMATE,estimated,-0.9247355766091431,8.888696585252061,3.953695967416553,-0.35073958186253834,0.025727121587261273,0.09545805681685046
24528363,1789028316874000000,1758,HEAD_POSE_ESTIMATE,estimated,-0.864012086681567,8.92758735974879,4.013462830377559,-0.376720942946513,0.052171195303007456,0.1036449555301294
24540363,1789028316886000000,1759,HEAD_POSE_ESTIMATE,estimated,-0.8299010911129516,8.94945205602833,4.013101196249883,-0.3852786270743424,0.06896519774989524,0.10784958807170497
24554363,1789028316900000000,1760,HEAD_POSE_ESTIMATE,estimated,-0.7741197743860868,8.939212241643618,4.0463319951654695,-0.3796433920577683,0.08570942104313736,0.113017147051154
24568363,1789028316914000000,1761,HEAD_POSE_ESTIMATE,estimated,-0.7266081250657839,8.871733413284302,4.072977066456927,-0.35880392984782594,0.09803334822789561,0.12327265885073564
24582363,1789028316928000000,1762,HEAD_POSE_ESTIMATE,estimated,-0.6848878052395198,8.811090583378686,4.078652044701663,-0.3291138457662649,0.10508460336363605,0.12918776581319563
24597363,1789028316943000000,1763,HEAD_POSE_ESTIMATE,estimated,-0.6333950418635128,8.730190655343879,4.045248128523451,-0.2952244321580338,0.10782811379343192,0.1323721495121186
24610363,1789028316956000000,1764,HEAD_POSE_ESTIMATE,estimated,-0.5736491773832346,8.691920694850158,4.015552788405754,-0.26875523578139227,0.10817706118068156,0.1355764424722206
24624363,1789028316970000000,1765,HEAD_POSE_ESTIMATE,estimated,-0.5243258648545233,8.639266025672592,3.9570247766841287,-0.2522711944775776,0.10290982350889132,0.1354686830445893
24639363,1789028316985000000,1766,HEAD_POSE_ESTIMATE,estimated,-0.4625042524712957,8.588363520675298,3.8737953550187867,-0.24501209758202572,0.09742653110143817,0.13816447346921307
24652363,1789028316998000000,1767,HEAD_POSE_ESTIMATE,estimated,-0.4081539509721168,8.53151272714468,3.792065403163435,-0.2523906287156603,0.08830883751777806,0.13996859462235106
24666363,1789028317012000000,1768,HEAD_POSE_ESTIMATE,estimated,-0.35132411710956873,8.467066439425563,3.722623368478178,-0.2667039287173389,0.08142314261859393,0.14877160035689704
24680363,1789028317026000000,1769,HEAD_POSE_ESTIMATE,estimated,-0.30602396884889027,8.398944495142533,3.637093063534856,-0.28263319449662533,0.07263426497968518,0.15370421105946414
24694363,1789028317040000000,1770,HEAD_POSE_ESTIMATE,estimated,-0.2697385735930057,8.367062371800765,3.589740112786561,-0.31396215733489696,0.06164139719934135,0.15807324448078086
24704363,1789028317050000000,1771,HEAD_POSE_ESTIMATE,estimated,-0.2488767403857728,8.351056027668038,3.570881733145819,-0.31805447920397883,0.056338057585530905,0.16442338974969545
24720363,1789028317066000000,1772,HEAD_POSE_ESTIMATE,estimated,-0.21977297255546135,8.31022898534235,3.4820018692528456,-0.3445035000991281,0.04316492031268022,0.15820227778734078
24734363,1789028317080000000,1773,HEAD_POSE_ESTIMATE,estimated,-0.19161707393523275,8.277939869535187,3.4048991496197587,-0.3838136588987844,0.02803213532742144,0.14433870584935413
24747363,1789028317093000000,1774,HEAD_POSE_ESTIMATE,estimated,-0.17163046042284713,8.23243252297414,3.3137661105149743,-0.4279674240837264,0.012553022897867026,0.11981421816169693
24760363,1789028317106000000,1775,HEAD_POSE_ESTIMATE,estimated,-0.16356298019362425,8.186326344321756,3.2191994879661325,-0.48895279971218475,-0.0024170240180283542,0.0999130641422013
24776363,1789028317122000000,1776,HEAD_POSE_ESTIMATE,estimated,-0.18569153693274476,8.1207294310973,3.157078901005348,-0.5696547666777112,-0.018644519206109395,0.0850390601999507
24787363,1789028317133000000,1777,HEAD_POSE_ESTIMATE,estimated,-0.23025367657407242,8.043147760313095,3.1862647718308414,-0.6123593811911323,-0.02589669868009054,0.08518208444958976
24803363,1789028317149000000,1778,HEAD_POSE_ESTIMATE,estimated,-0.27452159073858357,7.971377639881438,3.175362400463308,-0.6688684275655944,-0.03908010052000268,0.0774367210850993
24819363,1789028317165000000,1779,HEAD_POSE_ESTIMATE,estimated,-0.33674592344037607,7.9605673931283,3.2902624173101453,-0.7214959469210513,-0.05573721211914751,0.06296094946987717
24831363,1789028317177000000,1780,HEAD_POSE_ESTIMATE,estimated,-0.3667806461739072,8.023487495876823,3.394714535752674,-0.7650945721404998,-0.06752660528412777,0.05502439691507492
24844363,1789028317190000000,1781,HEAD_POSE_ESTIMATE,estimated,-0.41154530946881945,8.123061329510415,3.4980342590766957,-0.8366666067190012,-0.08117560034044806,0.03468434670781997
24858363,1789028317204000000,1782,HEAD_POSE_ESTIMATE,estimated,-0.4550894184057274,8.254438513490957,3.666017096914995,-0.9229192732333056,-0.0879486289165111,0.028505549977586635
24872363,1789028317218000000,1783,HEAD_POSE_ESTIMATE,estimated,-0.5214902860028907,8.411962977971935,3.8485995520081726,-0.9765574726835812,-0.0852280468622778,0.034456025074145274
24887363,1789028317233000000,1784,HEAD_POSE_ESTIMATE,estimated,-0.6490605581039917,8.654201961885171,4.222010704085943,-1.0553236881036692,-0.08251804564799084,0.06283193487590509
24902363,1789028317248000000,1785,HEAD_POSE_ESTIMATE,estimated,-0.8066034693015827,8.933724267235352,4.701764495516677,-1.068221311609112,-0.07288466441615692,0.0807213525067917
24915363,1789028317261000000,1786,HEAD_POSE_ESTIMATE,estimated,-0.9363218998047161,9.239960552686593,5.202164003176975,-1.0289629349713456,-0.050785549357977564,0.09796606671478374
24929363,1789028317275000000,1787,HEAD_POSE_ESTIMATE,estimated,-1.0311091615551622,9.397466149805684,5.7431099258358564,-0.9857398846958699,-0.02852041962307593,0.09021216980582475
24943363,1789028317289000000,1788,HEAD_POSE_ESTIMATE,estimated,-1.0715481765344785,9.448134588598494,6.240416032766805,-0.8417675631435456,0.008839345609438385,0.09605440520340053
24957363,1789028317303000000,1789,HEAD_POSE_ESTIMATE,estimated,-1.0242774592645476,9.43430029516853,6.632735804496334,-0.6078904924696034,0.06581582868024197,0.12287906237544598
24972363,1789028317318000000,1790,HEAD_POSE_ESTIMATE,estimated,-0.9408243449838835,9.302476470350822,6.875870975681686,-0.28814700676979527,0.14133131227953988,0.17940899086389778
24985363,1789028317331000000,1791,HEAD_POSE_ESTIMATE,estimated,-0.8370039268965811,9.053401156775069,7.05977561834567,0.008160073798010307,0.2085202463809545,0.228076491674509
25003363,1789028317349000000,1792,HEAD_POSE_ESTIMATE,estimated,-0.722105265864583,8.664147438713172,7.0051604581576346,0.35786762646748926,0.29110709572812293,0.2831781897467719
25012363,1789028317358000000,1793,HEAD_POSE_ESTIMATE,estimated,-0.7085986633678826,8.540844198527365,6.932667033643625,0.5652995551480208,0.3447942181695713,0.3369849297162398
25026363,1789028317372000000,1794,HEAD_POSE_ESTIMATE,estimated,-0.5998781047854368,8.269873941226331,6.761180570690065,0.7209880999972016,0.3927256318451507,0.3817427900356578
25041363,1789028317387000000,1795,HEAD_POSE_ESTIMATE,estimated,-0.43879501444705354,8.157790485420257,6.342986995662884,0.7622086799225322,0.41651986499081645,0.3949279266312655
25054363,1789028317400000000,1796,HEAD_POSE_ESTIMATE,estimated,-0.325161010284022,8.020167935749521,6.009561723174961,0.6877092833838526,0.40713579941940237,0.36993212717428814
25068363,1789028317414000000,1797,HEAD_POSE_ESTIMATE,estimated,-0.23720286369484314,7.892156418451377,5.638014537012781,0.5584928855498377,0.3828250497260842,0.32175883797966787
25084363,1789028317430000000,1798,HEAD_POSE_ESTIMATE,estimated,-0.1794863839424669,7.753380688142483,5.254999200690284,0.3443465986884208,0.3294993799555753,0.2427040389511094
25096363,1789028317442000000,1799,HEAD_POSE_ESTIMATE,estimated,-0.14668687472965208,7.724690767891694,4.988372798191457,0.10583023898134424,0.26585786828305763,0.15136680574834066
25110363,1789028317456000000,1800,HEAD_POSE_ESTIMATE,estimated,-0.1894504589526758,7.845294951264544,4.826549177220924,-0.13401493885654409,0.19283579393462646,0.040632236614072954
25124363,1789028317470000000,1801,HEAD_POSE_ESTIMATE,estimated,-0.30773276942145017,7.938800462399026,4.774827247625156,-0.32565647836345013,0.1289345907413693,-0.008385635806965289
25138363,1789028317484000000,1802,HEAD_POSE_ESTIMATE,estimated,-0.38825235710468103,8.036999937431885,4.7573611989971525,-0.4988467964288375,0.06267938958637273,-0.04103677401465601
25151363,1789028317497000000,1803,HEAD_POSE_ESTIMATE,estimated,-0.42341920626155427,7.997168378112181,4.726807083774,-0.5777095643778153,0.021832172780726966,-0.029303030182948307
25167363,1789028317513000000,1804,HEAD_POSE_ESTIMATE,estimated,-0.4161957106660793,7.990249279848437,4.740876366132669,-0.6622003263779247,-0.01974197804391726,-0.004054519075129699
25181363,1789028317527000000,1805,HEAD_POSE_ESTIMATE,estimated,-0.38230332273300816,7.971362361422686,4.853438771573769,-0.7060051945744076,-0.048458495908883334,0.03504329861172266
25193363,1789028317539000000,1806,HEAD_POSE_ESTIMATE,estimated,-0.343004381938722,7.91645067071317,4.892412243715866,-0.7093678406170607,-0.06681703010818973,0.07217146563129595
25208363,1789028317554000000,1807,HEAD_POSE_ESTIMATE,estimated,-0.34866758094896627,7.828975974770872,5.036864044240255,-0.6892467016519038,-0.0803372046738002,0.10723015103212478
25222363,1789028317568000000,1808,HEAD_POSE_ESTIMATE,estimated,-0.3856550021952063,7.80551380251284,5.235451289883159,-0.6696892727366414,-0.08537786586294542,0.11749344858094363
25236363,1789028317582000000,1809,HEAD_POSE_ESTIMATE,estimated,-0.45222951828275426,7.869919132249542,5.4494789416882465,-0.7013094353460522,-0.08653369772125014,0.0820390054382739
25252363,1789028317598000000,1810,HEAD_POSE_ESTIMATE,estimated,-0.4853690848909564,7.9632241150361835,5.720713544281324,-0.7461064396150375,-0.07277564025445664,0.046939212993219674
25263363,1789028317609000000,1811,HEAD_POSE_ESTIMATE,estimated,-0.4979616971540948,8.008239292623802,5.907047061113107,-0.7824868337085248,-0.05221325035105722,0.022947919976255702
25277363,1789028317623000000,1812,HEAD_POSE_ESTIMATE,estimated,-0.5089536380362281,8.080198953051156,6.101554661198511,-0.8126350775569143,-0.025554292051266195,0.008327593603015169
25294363,1789028317640000000,1813,HEAD_POSE_ESTIMATE,estimated,-0.5311900317423995,8.128260271597519,6.297116177864041,-0.8406262877530046,-0.0004590607271767006,0.015532572803706702
25305363,1789028317651000000,1814,HEAD_POSE_ESTIMATE,estimated,-0.5339168507022065,8.096153943012613,6.420381759463204,-0.8290800087235656,0.019291893324748476,0.02792344773405285
25318363,1789028317664000000,1815,HEAD_POSE_ESTIMATE,estimated,-0.5714840237091114,8.053841899463222,6.597396248685522,-0.7892472371973099,0.035360382313069615,0.041995939454685834
25332363,1789028317678000000,1816,HEAD_POSE_ESTIMATE,estimated,-0.596444616889974,8.007183357755137,6.743412701144863,-0.7280323848521941,0.043922585408423614,0.05381501762576518
25346363,1789028317692000000,1817,HEAD_POSE_ESTIMATE,estimated,-0.5856842226273957,7.872217498451077,6.809280052380938,-0.6413450406677907,0.05080291032922354,0.07214696093171
25360363,1789028317706000000,1818,HEAD_POSE_ESTIMATE,estimated,-0.5433608572077062,7.760398061267019,6.790191547612238,-0.5488719587312912,0.05117173222483001,0.09188758386156286
25374363,1789028317720000000,1819,HEAD_POSE_ESTIMATE,estimated,-0.48392439912277924,7.588127448094367,6.723590576044091,-0.4796052816408904,0.044863746633799044,0.10196486270568345
25387363,1789028317733000000,1820,HEAD_POSE_ESTIMATE,estimated,-0.44076090239064697,7.514190142495103,6.675844375814183,-0.4128257342660961,0.03805785941811616,0.10887210538219272
25401363,1789028317747000000,1821,HEAD_POSE_ESTIMATE,estimated,-0.40279758593204157,7.4272160069485444,6.588061396700159,-0.3823571079719766,0.02851485494639455,0.09553269379936291
25416363,1789028317762000000,1822,HEAD_POSE_ESTIMATE,estimated,-0.3618374917115568,7.32657163746362,6.498747622133542,-0.42448146975762735,0.013962536659155284,0.0631613908910375
25429363,1789028317775000000,1823,HEAD_POSE_ESTIMATE,estimated,-0.3478247554478566,7.25745710213886,6.434393496554308,-0.5068656917527622,0.005038755627875551,0.017115837479113053
25443363,1789028317789000000,1824,HEAD_POSE_ESTIMATE,estimated,-0.3239512988722459,7.251666577443756,6.351309682915045,-0.5979968027663075,-0.011997067412495708,-0.02368212560753644
25457363,1789028317803000000,1825,HEAD_POSE_ESTIMATE,estimated,-0.3039625191296782,7.238705082352787,6.284042297706473,-0.6760800609717661,-0.034399262130837695,-0.05169520624366351
25472363,1789028317818000000,1826,HEAD_POSE_ESTIMATE,estimated,-0.28389721590820316,7.253084514779374,6.220069671072411,-0.7230326815770537,-0.06357494547285085,-0.059760467063186974
25486363,1789028317832000000,1827,HEAD_POSE_ESTIMATE,estimated,-0.29295826061206426,7.246238895090121,6.144876783158071,-0.7480403140726996,-0.09297925151237446,-0.053545594646641034
25500363,1789028317846000000,1828,HEAD_POSE_ESTIMATE,estimated,-0.311406753253462,7.221214176045806,6.081571325102029,-0.7530262452768958,-0.12482527906878566,-0.043564196008041144
25514363,1789028317860000000,1829,HEAD_POSE_ESTIMATE,estimated,-0.3133011711714906,7.19003182219025,5.920531262459786,-0.731067158228415,-0.15226511177263544,-0.03575217845879026
25528363,1789028317874000000,1830,HEAD_POSE_ESTIMATE,estimated,-0.3120458439280426,7.180663236360296,5.759852245809801,-0.7065855503376682,-0.18124262930704638,-0.026192256114807466
25542363,1789028317888000000,1831,HEAD_POSE_ESTIMATE,estimated,-0.30389163484140713,7.1600500870617,5.61779429966717,-0.6890815785394132,-0.20882414749441117,-0.028133816333231938
25556363,1789028317902000000,1832,HEAD_POSE_ESTIMATE,estimated,-0.32517515157816035,7.144781031067332,5.5631707179839225,-0.6834625932652548,-0.23743309935151066,-0.04857758508193579
25570363,1789028317916000000,1833,HEAD_POSE_ESTIMATE,estimated,-0.3715563730412233,7.190148123565615,5.524175719881386,-0.7044298306259099,-0.2604631850494024,-0.08610531511967322
25584363,1789028317930000000,1834,HEAD_POSE_ESTIMATE,estimated,-0.42551120686625815,7.238922243588607,5.5023956664787,-0.7242264449897172,-0.27784355143339007,-0.13349177537295814
25598363,1789028317944000000,1835,HEAD_POSE_ESTIMATE,estimated,-0.4975048211922773,7.294040345642781,5.565475878137641,-0.738955765986278,-0.29418058400543917,-0.18545244308256306
25612363,1789028317958000000,1836,HEAD_POSE_ESTIMATE,estimated,-0.5648072506005252,7.302140127412707,5.6445000976975885,-0.7327545908121986,-0.3086912358773211,-0.2366410775648525
25621363,1789028317967000000,1837,HEAD_POSE_ESTIMATE,estimated,-0.5960848009865694,7.239200190241304,5.692408547355612,-0.7073162510466479,-0.31583675543505074,-0.26649985314807095
25635363,1789028317981000000,1838,HEAD_POSE_ESTIMATE,estimated,-0.6643058765629228,7.146934774220235,5.802492696844589,-0.6773483979717426,-0.3267276837900326,-0.292232363099941
25649363,1789028317995000000,1839,HEAD_POSE_ESTIMATE,estimated,-0.7133446085446461,7.058242226863377,5.8744201169883254,-0.6376775804090711,-0.340110736284971,-0.3036284800152211
25663363,1789028318009000000,1840,HEAD_POSE_ESTIMATE,estimated,-0.7312815728035944,6.9789226570976926,5.952818381133877,-0.6178829283902735,-0.3444205469773293,-0.29621040597197645
25678363,1789028318024000000,1841,HEAD_POSE_ESTIMATE,estimated,-0.7361404472862145,6.872256556415841,6.009949589521003,-0.6169279788492984,-0.34324351557648025,-0.26855183921559883
25691363,1789028318037000000,1842,HEAD_POSE_ESTIMATE,estimated,-0.7302472748437605,6.742319074231975,6.069498189116249,-0.6300320836173083,-0.3322740516140518,-0.23179977709160865
25705363,1789028318051000000,1843,HEAD_POSE_ESTIMATE,estimated,-0.705607266909985,6.579724203797602,6.232319761157381,-0.6481603729913405,-0.31929052546032843,-0.18918635416666169
25720363,1789028318066000000,1844,HEAD_POSE_ESTIMATE,estimated,-0.6410997291851869,6.370223277903336,6.393956084012175,-0.6937887749851515,-0.29331068343065975,-0.1561365227168382
25733363,1789028318079000000,1845,HEAD_POSE_ESTIMATE,estimated,-0.5640337075908818,6.188976972906738,6.470061995326199,-0.7593395279263996,-0.2678511632258756,-0.14080623478456003
25747363,1789028318093000000,1846,HEAD_POSE_ESTIMATE,estimated,-0.4873459853877913,6.004533942533057,6.640465751613735,-0.8561826525528746,-0.23454605544242413,-0.142716159189912
25761363,1789028318107000000,1847,HEAD_POSE_ESTIMATE,estimated,-0.41291915736897894,5.796728865779247,6.883611608495919,-0.9618848431329174,-0.20200046305187794,-0.14840704898352847
25775363,1789028318121000000,1848,HEAD_POSE_ESTIMATE,estimated,-0.3406806128930546,5.6136952703517995,7.146610557806669,-1.0547462334362603,-0.1731751491065157,-0.15320142056773198
25789363,1789028318135000000,1849,HEAD_POSE_ESTIMATE,estimated,-0.2749255556267148,5.4440102789794516,7.439114382475734,-1.1220333740938737,-0.15939987182667859,-0.1607615595920359
25803363,1789028318149000000,1850,HEAD_POSE_ESTIMATE,estimated,-0.19729271022448777,5.230297086728878,7.723600963746126,-1.1633409911757018,-0.14169919030001407,-0.15883005110961715
25820363,1789028318166000000,1851,HEAD_POSE_ESTIMATE,estimated,-0.12978365968117403,4.936822099016709,8.164456226485376,-1.1947782126979167,-0.11703360922076328,-0.15313350266629366
25833363,1789028318179000000,1852,HEAD_POSE_ESTIMATE,estimated,-0.0725656328887056,4.743540581686227,8.450757883614108,-1.2208833544517903,-0.10063786129019378,-0.14348109183539912
25845363,1789028318191000000,1853,HEAD_POSE_ESTIMATE,estimated,-0.0314793597623613,4.604830150586497,8.687885549083562,-1.2200687101397156,-0.08398155274464587,-0.12940585034394894
25859363,1789028318205000000,1854,HEAD_POSE_ESTIMATE,estimated,0.03135205681322038,4.474942980750067,8.9440952321236,-1.194824565119978,-0.06229074844509978,-0.11129813288506427
25873363,1789028318219000000,1855,HEAD_POSE_ESTIMATE,estimated,0.06632027674638728,4.388248922322094,9.14048369240079,-1.1403939421342095,-0.03694461679174071,-0.08765363698256563
25887363,1789028318233000000,1856,HEAD_POSE_ESTIMATE,estimated,0.08350142740977945,4.259053926978734,9.36992936701713,-1.0590472407761757,-0.014806552235008192,-0.06915197682981451
25902363,1789028318248000000,1857,HEAD_POSE_ESTIMATE,estimated,0.06073124336541719,4.091897621302356,9.618095998202213,-0.9551987484444022,0.011164210613678468,-0.057202798605150304
25915363,1789028318261000000,1858,HEAD_POSE_ESTIMATE,estimated,0.05343121640422678,3.9348634618917955,9.8508751382533,-0.8622441177507498,0.03375931091296797,-0.052015830282194274
25930363,1789028318276000000,1859,HEAD_POSE_ESTIMATE,estimated,0.05335018491232216,3.818136953705291,10.13878528947086,-0.7833306274368802,0.06499593699643152,-0.053789345379721784
25944363,1789028318290000000,1860,HEAD_POSE_ESTIMATE,estimated,0.027532540072620126,3.826025331385281,10.245300286746923,-0.7152357846249813,0.08486216590847576,-0.05967012242237856
25958363,1789028318304000000,1861,HEAD_POSE_ESTIMATE,estimated,0.007747213130923969,3.775438375148042,10.383824261320232,-0.6667492999509409,0.10476163920308343,-0.07251023606099527
25972363,1789028318318000000,1862,HEAD_POSE_ESTIMATE,estimated,-0.024909977968487568,3.73408503350404,10.526619105983741,-0.6041223853045493,0.11349644850181356,-0.08322319626426192
25986363,1789028318332000000,1863,HEAD_POSE_ESTIMATE,estimated,-0.05466086218404628,3.7066221335203267,10.610096816360523,-0.5370984552144535,0.11587062025715858,-0.09447453956760823
26000363,1789028318346000000,1864,HEAD_POSE_ESTIMATE,estimated,-0.10121352853077006,3.6893986253079296,10.643705145968665,-0.47863835123255216,0.11309137506465146,-0.1128487129202447
26014363,1789028318360000000,1865,HEAD_POSE_ESTIMATE,estimated,-0.1367317903688228,3.63518835010675,10.664763565040714,-0.41933158275440924,0.10762696849193475,-0.12779931467540562
26028363,1789028318374000000,1866,HEAD_POSE_ESTIMATE,estimated,-0.17877123790299188,3.5912816325245274,10.6167582208253,-0.3603630840976162,0.08968514972407342,-0.13997119793323776
26042363,1789028318388000000,1867,HEAD_POSE_ESTIMATE,estimated,-0.21140662336942667,3.5474101273965157,10.57708324162787,-0.2871505001852898,0.0671076632712975,-0.14512344528107265
26056363,1789028318402000000,1868,HEAD_POSE_ESTIMATE,estimated,-0.23382716031636303,3.4879222796459515,10.492237261751589,-0.20095515321740584,0.04329536939509442,-0.1401159724266101
26074363,1789028318420000000,1869,HEAD_POSE_ESTIMATE,estimated,-0.23260408725399495,3.4131285095691974,10.346561433315847,-0.10523289333931345,0.015279978142530926,-0.12460484446935755
26088363,1789028318434000000,1870,HEAD_POSE_ESTIMATE,estimated,-0.23411964490087356,3.32745616922842,10.267515239989354,-0.029390904834171935,-0.0034676907736494182,-0.10026035949181863
26097363,1789028318443000000,1871,HEAD_POSE_ESTIMATE,estimated,-0.24117585191656302,3.275210967518346,10.221609596737627,0.007787456192083091,-0.015014131450301388,-0.08031591712699966
26111363,1789028318457000000,1872,HEAD_POSE_ESTIMATE,estimated,-0.23595036878594458,3.2280281792054137,10.166259026599763,0.0532181970471546,-0.02005169435877954,-0.04767887145687873
26125363,1789028318471000000,1873,HEAD_POSE_ESTIMATE,estimated,-0.23139568167308658,3.1904940233730033,10.106711137915099,0.06310228758632741,-0.023455558558909385,-0.01750460995150714
26139363,1789028318485000000,1874,HEAD_POSE_ESTIMATE,estimated,-0.22118013485638402,3.203661856532232,10.048216690176654,0.06365515121532334,-0.021764930329872253,0.007250282493260105
26153363,1789028318499000000,1875,HEAD_POSE_ESTIMATE,estimated,-0.21110233832177272,3.2492148150614315,9.988483807913813,0.06734075024592774,-0.016206384600936406,0.028364360254738815
26167363,1789028318513000000,1876,HEAD_POSE_ESTIMATE,estimated,-0.19107661111378393,3.2408960010885792,9.944134653031293,0.07199832442753475,-0.01396059300951704,0.048367186476283394
26181363,1789028318527000000,1877,HEAD_POSE_ESTIMATE,estimated,-0.1664433018614303,3.211645194286612,9.917764268490453,0.10156002923870038,-0.010434925959503332,0.07197049763810084
26195363,1789028318541000000,1878,HEAD_POSE_ESTIMATE,estimated,-0.14880308715210522,3.2301498743019845,9.796646872944422,0.13609936002722164,0.007487080062181351,0.09734308844914293
26209363,1789028318555000000,1879,HEAD_POSE_ESTIMATE,estimated,-0.13117386024634334,3.2568889570444925,9.66284259834953,0.17422530009942172,0.03060552299711532,0.12296192838059129
26223363,1789028318569000000,1880,HEAD_POSE_ESTIMATE,estimated,-0.11554448790586752,3.2206401077753766,9.571470465694938,0.21677112734264914,0.060183281341976834,0.14928892154283938
26238363,1789028318584000000,1881,HEAD_POSE_ESTIMATE,estimated,-0.10961445659601032,3.2265992839501636,9.485613875212909,0.24856884308968452,0.09788933587534168,0.16643096967887439
26251363,1789028318597000000,1882,HEAD_POSE_ESTIMATE,estimated,-0.09824748024843649,3.193321452113771,9.437725392047117,0.2672780105301637,0.13057086776284843,0.17275488186089188
26264363,1789028318610000000,1883,HEAD_POSE_ESTIMATE,estimated,-0.08734246451886798,3.1500407238400996,9.41444366637593,0.2799018095567884,0.16196901679903786,0.17311753724849469
26278363,1789028318624000000,1884,HEAD_POSE_ESTIMATE,estimated,-0.09881229504417316,3.1151822329435737,9.398985649320968,0.28840331804533503,0.19185422852606646,0.1694608283823394
26292363,1789028318638000000,1885,HEAD_POSE_ESTIMATE,estimated,-0.11716140167714342,3.0701763884652955,9.403206235159217,0.298065008885186,0.2159730186166068,0.16386330302796281
26306363,1789028318652000000,1886,HEAD_POSE_ESTIMATE,estimated,-0.14156884947529993,3.0579314237276964,9.4128121616731,0.2902613191303674,0.2304099420053436,0.152130057866705
26319363,1789028318665000000,1887,HEAD_POSE_ESTIMATE,estimated,-0.18598383116920894,3.0611497592496777,9.43323245780341,0.2646215798412407,0.23474546233317561,0.13640374194074995
26332363,1789028318678000000,1888,HEAD_POSE_ESTIMATE,estimated,-0.23127468311288354,3.1071038105197193,9.44741065294007,0.23529612769838912,0.23186300231167542,0.1228776382241885
26347363,1789028318693000000,1889,HEAD_POSE_ESTIMATE,estimated,-0.2866175289514248,3.1287114935207803,9.450702948697636,0.20885254359480973,0.22669721027614775,0.12043966694531064
26361363,1789028318707000000,1890,HEAD_POSE_ESTIMATE,estimated,-0.35380111854051416,3.1835669712502614,9.450775132867305,0.19756661990414345,0.21719603137448204,0.12992221450433866
26375363,1789028318721000000,1891,HEAD_POSE_ESTIMATE,estimated,-0.42431759174069544,3.202860175767093,9.475226252596975,0.19347506299573056,0.20539647126503258,0.14636968374843615
26389363,1789028318735000000,1892,HEAD_POSE_ESTIMATE,estimated,-0.5080018331079996,3.2226173492259544,9.519697430876832,0.21221598763127564,0.19656847543348988,0.17669124458549035
26403363,1789028318749000000,1893,HEAD_POSE_ESTIMATE,estimated,-0.604033508592804,3.2678510463418395,9.57858204632985,0.22455094688729632,0.18478222163124586,0.20221517327659075
26417363,1789028318763000000,1894,HEAD_POSE_ESTIMATE,estimated,-0.7163960670156132,3.3807728190392097,9.62877803972259,0.23558921748524242,0.18036612219378492,0.2269856371970104
26431363,1789028318777000000,1895,HEAD_POSE_ESTIMATE,estimated,-0.8122638716890901,3.508180929104661,9.674256773233498,0.23594607841993148,0.18383749368399688,0.2423126333042865
26445363,1789028318791000000,1896,HEAD_POSE_ESTIMATE,estimated,-0.9103458514786678,3.607482322968784,9.714508914489963,0.24997375724357582,0.19735252386111232,0.2651117009901593
26462363,1789028318808000000,1897,HEAD_POSE_ESTIMATE,estimated,-1.0048633755212215,3.7083529912782986,9.73026768495175,0.28385794227371486,0.22579697716199332,0.30353308483918945
26474363,1789028318820000000,1898,HEAD_POSE_ESTIMATE,estimated,-1.0892170030013046,3.7311749627495723,9.750400652835966,0.31436806708364506,0.25018346437662436,0.32764645375420604
26485363,1789028318831000000,1899,HEAD_POSE_ESTIMATE,estimated,-1.156079907589619,3.811138309674701,9.742586544151845,0.3378300326008999,0.2750550134185875,0.35154778972581996
26500363,1789028318846000000,1900,HEAD_POSE_ESTIMATE,estimated,-1.2342456352540678,3.9217655675334635,9.707948797925296,0.3585251390710776,0.3071783731072163,0.3738714238772
26514363,1789028318860000000,1901,HEAD_POSE_ESTIMATE,estimated,-1.2969704206832453,4.09863329011521,9.635911917834763,0.3682899384808283,0.33074163355061686,0.38227927529007255
26528363,1789028318874000000,1902,HEAD_POSE_ESTIMATE,estimated,-1.358998459091632,4.266725821491812,9.514696375576522,0.3855136535116476,0.3541283842130686,0.3803574824828683
26542363,1789028318888000000,1903,HEAD_POSE_ESTIMATE,estimated,-1.406944059962958,4.467648795256442,9.343496062697614,0.4120038897057238,0.35985377507233246,0.369337889268383
26556363,1789028318902000000,1904,HEAD_POSE_ESTIMATE,estimated,-1.4419944097768285,4.616201855577145,9.156190449139745,0.43836605959748504,0.34672779120353453,0.34577280986160924
26572363,1789028318918000000,1905,HEAD_POSE_ESTIMATE,estimated,-1.485602748248092,4.744141791000995,8.922498667156349,0.4723422812436082,0.3135799369957464,0.30899617448661454
26584363,1789028318930000000,1906,HEAD_POSE_ESTIMATE,estimated,-1.5192418666035645,4.892357937884622,8.749333606907703,0.4812079365740036,0.27832434379694126,0.2729449084248001
26597363,1789028318943000000,1907,HEAD_POSE_ESTIMATE,estimated,-1.5601699372735633,5.063587359758774,8.586635952966688,0.47571673040328677,0.2394062249183866,0.23992023497678314
26611363,1789028318957000000,1908,HEAD_POSE_ESTIMATE,estimated,-1.5843886882865208,5.281575416306615,8.422603845084797,0.44471486061403953,0.19523373300898325,0.2065842864261186
26625363,1789028318971000000,1909,HEAD_POSE_ESTIMATE,estimated,-1.5976495503810346,5.47474593213259,8.295500471988419,0.4151702232180226,0.16013715342899626,0.19219353933789793
26639363,1789028318985000000,1910,HEAD_POSE_ESTIMATE,estimated,-1.592245841801998,5.6397282926125385,8.201445279541685,0.38200576302966593,0.12736977472236538,0.1861908051959458
26653363,1789028318999000000,1911,HEAD_POSE_ESTIMATE,estimated,-1.5951949520666653,5.7399324964285,8.142618635343883,0.35047279224254685,0.10159047119597234,0.19381786636385853
26667363,1789028319013000000,1912,HEAD_POSE_ESTIMATE,estimated,-1.5950834464474215,5.83877723617521,8.102772111930133,0.30287897634054173,0.07622217864987339,0.1950549592749797
26681363,1789028319027000000,1913,HEAD_POSE_ESTIMATE,estimated,-1.6029094247017537,5.928431893059629,8.091241832256776,0.24158770705111504,0.05687802076549988,0.19076289174000777
26695363,1789028319041000000,1914,HEAD_POSE_ESTIMATE,estimated,-1.6100808729313831,6.046881996068812,8.111485833541124,0.19147610168086734,0.047964820297456155,0.1916467892414907
26709363,1789028319055000000,1915,HEAD_POSE_ESTIMATE,estimated,-1.5753655907717328,6.14038206729071,8.097589783478643,0.1457864027286666,0.0422251656697555,0.19365426848499753
26723363,1789028319069000000,1916,HEAD_POSE_ESTIMATE,estimated,-1.5379630533545516,6.219526511134079,8.059122895814916,0.1295128305867286,0.03839779012141462,0.19653767511606202
26737363,1789028319083000000,1917,HEAD_POSE_ESTIMATE,estimated,-1.4938483279806563,6.255623152377717,8.019920754236692,0.1416226403909265,0.03859556947087027,0.20249325138302335
26750363,1789028319096000000,1918,HEAD_POSE_ESTIMATE,estimated,-1.4549280135924652,6.249665635819802,7.939107846436556,0.17680374659204107,0.03844160504224011,0.20813653299219784
26764363,1789028319110000000,1919,HEAD_POSE_ESTIMATE,estimated,-1.4028692150165347,6.232557390292811,7.852258969750226,0.2259226960608511,0.04286963689149739,0.1982181487103228
26779363,1789028319125000000,1920,HEAD_POSE_ESTIMATE,estimated,-1.3392098991286028,6.204550061147539,7.737530048098507,0.282116464211795,0.044119277125122876,0.17248174780042275
26792363,1789028319138000000,1921,HEAD_POSE_ESTIMATE,estimated,-1.2682116484616182,6.191839766989697,7.62355394749552,0.330427222861538,0.041876781991124636,0.13785761783107414
26806363,1789028319152000000,1922,HEAD_POSE_ESTIMATE,estimated,-1.1851081059292237,6.154313733080606,7.518301802824389,0.37535060239366713,0.03338288607745957,0.0955163418404407
26820363,1789028319166000000,1923,HEAD_POSE_ESTIMATE,estimated,-1.1116221238338004,6.1201492939130615,7.405786602496166,0.40722914558654694,0.018741049234154462,0.04973781454290674
26834363,1789028319180000000,1924,HEAD_POSE_ESTIMATE,estimated,-1.0332409930512936,6.043033691189207,7.321425708453897,0.4188934586419803,-0.0016671449031621128,0.010858582770326983
26848363,1789028319194000000,1925,HEAD_POSE_ESTIMATE,estimated,-0.9327028983515058,5.939589300411146,7.235751739740624,0.39604125111019434,-0.029588081114640244,-0.017494066311380764
26862363,1789028319208000000,1926,HEAD_POSE_ESTIMATE,estimated,-0.8912004622981713,5.889662132660897,7.132301001364208,0.3625636957477132,-0.05151279555283937,-0.03187580320371518
26876363,1789028319222000000,1927,HEAD_POSE_ESTIMATE,estimated,-0.8162975022795328,5.839725604500835,7.032614398351461,0.3246083001017808,-0.06879055836916301,-0.028088810689262222
26890363,1789028319236000000,1928,HEAD_POSE_ESTIMATE,estimated,-0.7151689895298884,5.69399979456675,6.938728026888861,0.29892792414779823,-0.07835296921931015,-0.0005503513214027409
26904363,1789028319250000000,1929,HEAD_POSE_ESTIMATE,estimated,-0.613861607827216,5.501751384477873,6.865620123736018,0.3056406280496555,-0.08018561179271337,0.035401939833901074
26918363,1789028319264000000,1930,HEAD_POSE_ESTIMATE,estimated,-0.49695995438811175,5.2502261206438074,6.804283147506362,0.3251345703007868,-0.07554304356522916,0.0663676301262755
26932363,1789028319278000000,1931,HEAD_POSE_ESTIMATE,estimated,-0.3415162104095586,4.95742351239326,6.800339125675782,0.37711195596793873,-0.06773413151434084,0.08269559741487445
26946363,1789028319292000000,1932,HEAD_POSE_ESTIMATE,estimated,-0.21693865229091736,4.718660629439606,6.79421202434824,0.4009258392939553,-0.056519537894641605,0.0859606878244095
26961363,1789028319307000000,1933,HEAD_POSE_ESTIMATE,estimated,-0.07278452881407499,4.513152466642266,6.809348589177547,0.40288249914910373,-0.045708060677274044,0.06711715394273754
26972363,1789028319318000000,1934,HEAD_POSE_ESTIMATE,estimated,0.030316136080761003,4.390692620582339,6.816030603516526,0.3801794650120532,-0.03896191648038311,0.03785007012043525
26986363,1789028319332000000,1935,HEAD_POSE_ESTIMATE,estimated,0.15267989250523595,4.225597993581948,6.918530569095269,0.3342218569081973,-0.029765586701737082,0.011149111190422811
27000363,1789028319346000000,1936,HEAD_POSE_ESTIMATE,estimated,0.26032720637842127,4.116019920622735,7.090676780857501,0.2507872149153421,-0.0166517675606532,-0.011849083191543184
27014363,1789028319360000000,1937,HEAD_POSE_ESTIMATE,estimated,0.3160935077082292,4.047599083937112,7.263743582055921,0.1451163837610855,-0.0018873194412116054,-0.03161099677051127
27028363,1789028319374000000,1938,HEAD_POSE_ESTIMATE,estimated,0.34538726467353065,4.0511134221031515,7.4573029615947375,-0.006420682694979776,0.01816637939464494,-0.050353104890605814
27043363,1789028319389000000,1939,HEAD_POSE_ESTIMATE,estimated,0.3376735248844029,4.096119312989504,7.744660467332296,-0.19686264653404825,0.04406655220440041,-0.07604212065311208
27056363,1789028319402000000,1940,HEAD_POSE_ESTIMATE,estimated,0.31651247174218394,4.198996133258866,7.989681563300389,-0.3662472178236795,0.06849747139836283,-0.0940327998954138
27070363,1789028319416000000,1941,HEAD_POSE_ESTIMATE,estimated,0.2731409366566915,4.335449409474005,8.249277724389335,-0.5091675338244649,0.09384743660028891,-0.09744765703188786
27084363,1789028319430000000,1942,HEAD_POSE_ESTIMATE,estimated,0.1792709241497502,4.511875324335598,8.50018884089095,-0.6110765827523618,0.11146312331614283,-0.08688063694496051
27099363,1789028319445000000,1943,HEAD_POSE_ESTIMATE,estimated,0.10906121458238327,4.55515718221238,8.838955282027179,-0.6808831255358903,0.12558439587411782,-0.0651713134026987
27115363,1789028319461000000,1944,HEAD_POSE_ESTIMATE,estimated,0.03636729251751214,4.5489052909688805,9.189076606436226,-0.6996339296347707,0.13483447765658285,-0.03812292839747736
27125363,1789028319471000000,1945,HEAD_POSE_ESTIMATE,estimated,-0.013707581032697425,4.50944678376768,9.406558681703412,-0.6909454246386839,0.13613774621862795,-0.019969385114924163
27139363,1789028319485000000,1946,HEAD_POSE_ESTIMATE,estimated,-0.05247172014979895,4.483009456054857,9.666656176014353,-0.6521005519403553,0.13547629145379173,0.006521350225728467
27153363,1789028319499000000,1947,HEAD_POSE_ESTIMATE,estimated,-0.03957124347551333,4.47456639815969,9.896438712053598,-0.5917035756259722,0.133831751035646,0.038914011080952715
27167363,1789028319513000000,1948,HEAD_POSE_ESTIMATE,estimated,-0.029620155308199725,4.443722423157313,10.01059155338504,-0.5023594973279303,0.1326890804411609,0.07706955702312658
27181363,1789028319527000000,1949,HEAD_POSE_ESTIMATE,estimated,-0.002923722665650219,4.373714326011251,10.110102274587698,-0.4009666063272877,0.1280408124440275,0.11560494268179315
27195363,1789028319541000000,1950,HEAD_POSE_ESTIMATE,estimated,0.017070317486367004,4.300799764968146,10.145514929099178,-0.29092609640781053,0.12094444426579777,0.1488588954694111
27209363,1789028319555000000,1951,HEAD_POSE_ESTIMATE,estimated,0.025125607649084003,4.20541014656459,10.175871439979982,-0.21165263625407033,0.11682697499426617,0.17648408631253923
27223363,1789028319569000000,1952,HEAD_POSE_ESTIMATE,estimated,0.011454777879397748,4.111142962420123,10.17514160469355,-0.14204778058636278,0.1097998711259351,0.18586855565745772
27237363,1789028319583000000,1953,HEAD_POSE_ESTIMATE,estimated,-0.023981191446857508,4.088459400769658,10.091820507172185,-0.08761652375856663,0.10126103055894277,0.1821959480454372
27251363,1789028319597000000,1954,HEAD_POSE_ESTIMATE,estimated,-0.01942600694504104,4.065974437535975,10.0530700296719,-0.030195595498394946,0.09033637305857226,0.1667272482810154
27265363,1789028319611000000,1955,HEAD_POSE_ESTIMATE,estimated,-0.03426046496941737,4.032673059699892,10.064282535986008,0.014405605549168627,0.0762688258933227,0.1539637915176555
27280363,1789028319626000000,1956,HEAD_POSE_ESTIMATE,estimated,-0.044852010056323555,4.037087176750857,10.047010272000144,0.04421921161703323,0.062156270340304916,0.13277718517285897
27292363,1789028319638000000,1957,HEAD_POSE_ESTIMATE,estimated,-0.06847193043487398,4.035052800723486,10.047076989159445,0.03935823696550802,0.0488700934574448,0.10134795297188698
27306363,1789028319652000000,1958,HEAD_POSE_ESTIMATE,estimated,-0.10233359900406902,4.036155790149271,10.065744957774248,0.03916065878976618,0.037956491681106604,0.07946341840289634
27321363,1789028319667000000,1959,HEAD_POSE_ESTIMATE,estimated,-0.17339111992842438,4.064823958535863,10.098932749470997,0.03911706671927972,0.02972791829441873,0.07088197021096153
27333363,1789028319679000000,1960,HEAD_POSE_ESTIMATE,estimated,-0.22472935147741901,4.073735416602135,10.135941322593197,0.04475644107351229,0.029180785675335653,0.08179342743149368
27347363,1789028319693000000,1961,HEAD_POSE_ESTIMATE,estimated,-0.2757258700311725,4.068200837253811,10.185879622725587,0.06888051112533454,0.03130986219200036,0.1141009724492391
27363363,1789028319709000000,1962,HEAD_POSE_ESTIMATE,estimated,-0.30613423440280474,4.0521744246551625,10.253657392153249,0.10345140930412831,0.04334370726158854,0.16504698638461315
27375363,1789028319721000000,1963,HEAD_POSE_ESTIMATE,estimated,-0.31435200212251585,4.082744433728758,10.264504747699986,0.14042920760475985,0.05948315463151316,0.21782723729568235
27389363,1789028319735000000,1964,HEAD_POSE_ESTIMATE,estimated,-0.3192888898365821,4.073544900608255,10.251356720825267,0.19302584419651048,0.07332709177876384,0.27577207699142786
27403363,1789028319749000000,1965,HEAD_POSE_ESTIMATE,estimated,-0.31971810699757336,4.126934492339812,10.219006566855896,0.24973120463193116,0.0970953461795291,0.32805274627692277
27417363,1789028319763000000,1966,HEAD_POSE_ESTIMATE,estimated,-0.3147465281121105,4.15539277719557,10.178605637683882,0.3130875857548351,0.12852235919748617,0.3721252234170186
27431363,1789028319777000000,1967,HEAD_POSE_ESTIMATE,estimated,-0.3222585295990338,4.155001811973747,10.12736404776731,0.3774576387262765,0.1597152453621575,0.39819530465149017
27445363,1789028319791000000,1968,HEAD_POSE_ESTIMATE,estimated,-0.3180305888897571,4.123740211325003,10.103802878104277,0.4292192253052094,0.19848596722271444,0.41695102854568816
27459363,1789028319805000000,1969,HEAD_POSE_ESTIMATE,estimated,-0.3224090456617824,4.145649200483491,10.012673904623409,0.47550231263303416,0.24491374052238488,0.42856472896813025
27472363,1789028319818000000,1970,HEAD_POSE_ESTIMATE,estimated,-0.32147092686199125,4.149723463408112,9.953829537657034,0.5069288086580107,0.2900987136691525,0.43526673154442713
27487363,1789028319833000000,1971,HEAD_POSE_ESTIMATE,estimated,-0.3469758060903237,4.130622164131025,9.896620175198708,0.544896312325247,0.3387422063996904,0.4398767188455841
27501363,1789028319847000000,1972,HEAD_POSE_ESTIMATE,estimated,-0.39935748511615476,4.224541437267871,9.724796495746045,0.5799259117734116,0.3887525545768634,0.4437717529615116
27515363,1789028319861000000,1973,HEAD_POSE_ESTIMATE,estimated,-0.4663010375359273,4.248345379781902,9.638401542282063,0.6132882403784591,0.4372969181788572,0.4550739732135792
27529363,1789028319875000000,1974,HEAD_POSE_ESTIMATE,estimated,-0.53667995237622,4.367420136318401,9.431937608021634,0.6358935610135867,0.4821636558542138,0.4576068935557969
27543363,1789028319889000000,1975,HEAD_POSE_ESTIMATE,estimated,-0.6612941658310398,4.414070391711066,9.362142011970889,0.6432579887484025,0.5195289484348317,0.4619949194934075
27556363,1789028319902000000,1976,HEAD_POSE_ESTIMATE,estimated,-0.7713828967657931,4.496997281753537,9.304757891635072,0.6394476746012284,0.5607251504933354,0.4810248902280705
27571363,1789028319917000000,1977,HEAD_POSE_ESTIMATE,estimated,-0.8908435775475186,4.635925390925682,9.204861338389067,0.6369240516825487,0.6126766075316605,0.5285510412752134
27584363,1789028319930000000,1978,HEAD_POSE_ESTIMATE,estimated,-0.969884524603579,4.781339843292839,9.065342710630162,0.632659922542231,0.6707587294912437,0.5878903175262478
27598363,1789028319944000000,1979,HEAD_POSE_ESTIMATE,estimated,-1.036154293509318,4.937280451602548,8.853483036570143,0.62965514454683,0.7480361985310349,0.6610613482780425
27614363,1789028319960000000,1980,HEAD_POSE_ESTIMATE,estimated,-1.0666082201531282,5.165949788758321,8.601788592850415,0.6412286359952561,0.8503730514759487,0.7472492431503132
27626363,1789028319972000000,1981,HEAD_POSE_ESTIMATE,estimated,-1.1183403795948905,5.38051903332835,8.478146587877465,0.6329827734877029,0.9255308207149741,0.8050743172226564
27643363,1789028319989000000,1982,HEAD_POSE_ESTIMATE,estimated,-1.2295817203501618,5.809381834272443,8.283762787570506,0.5895698454869536,1.0385358663942075,0.875805779401496
27653363,1789028319999000000,1983,HEAD_POSE_ESTIMATE,estimated,-1.2904747404608186,6.028224268034849,8.141647998540853,0.5768297621381676,1.1067500997502349,0.9158113464435053
27666363,1789028320012000000,1984,HEAD_POSE_ESTIMATE,estimated,-1.345476893614349,6.306314405657084,7.904243223025582,0.524818227456455,1.182698930179365,0.9580310468728888
27680363,1789028320026000000,1985,HEAD_POSE_ESTIMATE,estimated,-1.4340234569275696,6.570570885830258,7.625236273792891,0.47686777609852493,1.2488503311721608,0.984164602854706
27694363,1789028320040000000,1986,HEAD_POSE_ESTIMATE,estimated,-1.5145508085497164,6.775365804424922,7.374572530211081,0.45025918414517047,1.3075470447740305,0.9944028435348148
27708363,1789028320054000000,1987,HEAD_POSE_ESTIMATE,estimated,-1.577806243042715,6.9224100984854084,7.084427790172819,0.44331293266912675,1.353865683462274,0.9912809510448428
27723363,1789028320069000000,1988,HEAD_POSE_ESTIMATE,estimated,-1.6468438411349846,7.000827653559339,6.795681548368139,0.46090272807790145,1.3868030801525357,0.9731179817304508
27735363,1789028320081000000,1989,HEAD_POSE_ESTIMATE,estimated,-1.72979600175597,7.008443562956187,6.620904630749328,0.4969964215422973,1.4163848667001142,0.9578308781767063
27749363,1789028320095000000,1990,HEAD_POSE_ESTIMATE,estimated,-1.7969032848368547,7.0163992229210725,6.349015961443783,0.5577397264615044,1.4465545612778614,0.9392285753223388
27763363,1789028320109000000,1991,HEAD_POSE_ESTIMATE,estimated,-1.880277314370085,6.873217349829462,6.194161665156414,0.5788228130289046,1.483971569502729,0.9333106714034864
27778363,1789028320124000000,1992,HEAD_POSE_ESTIMATE,estimated,-2.0172833731025492,6.8143259160520335,6.038987641789726,0.6343488392531789,1.5278019158432699,0.9286877300755642
27791363,1789028320137000000,1993,HEAD_POSE_ESTIMATE,estimated,-2.0607796563329934,6.7531158475712205,5.859371109854236,0.6226614107924417,1.5708804859674619,0.9348695556319301
27805363,1789028320151000000,1994,HEAD_POSE_ESTIMATE,estimated,-2.0239323411358154,6.727376686319013,5.684858241037578,0.5637292086934743,1.612807519560758,0.9535127839966349
27819363,1789028320165000000,1995,HEAD_POSE_ESTIMATE,estimated,-2.0210072853079675,6.7108202464505196,5.604702825747541,0.455468511834045,1.6427935221200136,0.9731737858590105
27833363,1789028320179000000,1996,HEAD_POSE_ESTIMATE,estimated,-2.0619374622887485,6.757386991490092,5.6427984527799895,0.3046232508814785,1.6709660138817048,0.9953940914547141
27847363,1789028320193000000,1997,HEAD_POSE_ESTIMATE,estimated,-2.1341326006888766,6.886602594181536,5.709075308582271,0.1530123742827505,1.7143602585486397,1.0298015799775961
27861363,1789028320207000000,1998,HEAD_POSE_ESTIMATE,estimated,-2.1456000733204394,7.023851555791252,5.7492012559206245,0.002135873000285221,1.7572751400214974,1.0706859351669245
27875363,1789028320221000000,1999,HEAD_POSE_ESTIMATE,estimated,-2.1017220530425016,7.158527130703755,5.739214731034162,-0.12196394993989593,1.8051489076826936,1.1063328640098877
27889363,1789028320235000000,2000,HEAD_POSE_ESTIMATE,estimated,-2.0444891512572907,7.191803896788315,5.728321320111605,-0.20330301968635334,1.8448263125551514,1.1261947346642411
27903363,1789028320249000000,2001,HEAD_POSE_ESTIMATE,estimated,-2.053840758583604,7.245595474742277,5.746272958000454,-0.25386584033735204,1.8707317538447708,1.1401766278821086
27919363,1789028320265000000,2002,HEAD_POSE_ESTIMATE,estimated,-2.031460339854155,7.272623502506123,5.751313953251499,-0.2797388049649789,1.8822238104908298,1.1626244644766919
27932363,1789028320278000000,2003,HEAD_POSE_ESTIMATE,estimated,-2.0096323948606574,7.252309016354771,5.688335578344718,-0.2738610350640303,1.8917505543862994,1.1829197487900662
27944363,1789028320290000000,2004,HEAD_POSE_ESTIMATE,estimated,-1.9868937134991895,7.230244856201691,5.619819967161661,-0.25307515108222567,1.888782819281787,1.2132466930661172
27958363,1789028320304000000,2005,HEAD_POSE_ESTIMATE,estimated,-1.9541669690496397,7.18795228210314,5.530791462769525,-0.21970083912109695,1.8773769041576078,1.2563995173271558
27972363,1789028320318000000,2006,HEAD_POSE_ESTIMATE,estimated,-1.9054542665362888,7.130811282811759,5.443467515162437,-0.20242403025970188,1.8576001648404312,1.2964282019650617
27987363,1789028320333000000,2007,HEAD_POSE_ESTIMATE,estimated,-1.8854411311040384,7.086695412634999,5.345136026224015,-0.17497949533314153,1.827542099023324,1.325960982430656
28001363,1789028320347000000,2008,HEAD_POSE_ESTIMATE,estimated,-1.7907817415700293,7.089142187776039,5.242721669304178,-0.16437767389136096,1.7902720769292753,1.3393903567086887
28014363,1789028320360000000,2009,HEAD_POSE_ESTIMATE,estimated,-1.707468211268881,7.093492117479703,5.148019614549025,-0.1633605751209718,1.7343010845828821,1.3287470616674042
28028363,1789028320374000000,2010,HEAD_POSE_ESTIMATE,estimated,-1.6202157811852171,7.127443927276728,5.050061189752533,-0.18392516122920716,1.6739715115824496,1.292859594339607
28042363,1789028320388000000,2011,HEAD_POSE_ESTIMATE,estimated,-1.6426953173561276,7.138546463714639,4.988312458665513,-0.21566804728100883,1.6141228034567412,1.2557599548603202
28056363,1789028320402000000,2012,HEAD_POSE_ESTIMATE,estimated,-1.6582628154554624,7.155112287939629,4.926655501380312,-0.2609415464535643,1.5457408310813114,1.218743354640095
28070363,1789028320416000000,2013,HEAD_POSE_ESTIMATE,estimated,-1.5790928842444178,7.211817905125112,4.863701595593949,-0.3163689081756455,1.469299081172614,1.1833964975420188
28084363,1789028320430000000,2014,HEAD_POSE_ESTIMATE,estimated,-1.4963135753566013,7.280610788662927,4.820370803519361,-0.3774733971188075,1.3863878856370973,1.1521523203501487
28097363,1789028320443000000,2015,HEAD_POSE_ESTIMATE,estimated,-1.382400152731573,7.345464474692826,4.831920798920873,-0.4388279210571991,1.3119359333581544,1.1456622080987258
28112363,1789028320458000000,2016,HEAD_POSE_ESTIMATE,estimated,-1.3696361887631583,7.414603365295843,4.839618419963839,-0.4928894882014032,1.2291455946914578,1.1365316990859893
28126363,1789028320472000000,2017,HEAD_POSE_ESTIMATE,estimated,-1.3467954805444604,7.491537851254864,4.882517076371366,-0.5372593170789801,1.175480851851375,1.1426215783458542
28140363,1789028320486000000,2018,HEAD_POSE_ESTIMATE,estimated,-1.24264825484663,7.5511868694279904,4.964130990143695,-0.5619542519105633,1.1198537585242727,1.1343704031748392
28154363,1789028320500000000,2019,HEAD_POSE_ESTIMATE,estimated,-1.25586418380653,7.590359487725485,5.010433799503028,-0.5662976000355742,1.0523669300000276,1.096932140734522
28168363,1789028320514000000,2020,HEAD_POSE_ESTIMATE,estimated,-1.330485436855556,7.653129847560826,5.0827014535216115,-0.5628536884485194,0.9972214122629209,1.0417184676483644
28182363,1789028320528000000,2021,HEAD_POSE_ESTIMATE,estimated,-1.3456803768389152,7.7167127099665,5.203477172814184,-0.5500359407335753,0.9432189227979051,0.9640896650387546
28196363,1789028320542000000,2022,HEAD_POSE_ESTIMATE,estimated,-1.308403916827693,7.778497447747593,5.361211909212996,-0.5250550434021957,0.8845273686484394,0.8762715297518151
28211363,1789028320557000000,2023,HEAD_POSE_ESTIMATE,estimated,-1.308780621366481,7.860880229310246,5.508715445054727,-0.5097701367048098,0.8174761295861919,0.7885444243208379
28223363,1789028320569000000,2024,HEAD_POSE_ESTIMATE,estimated,-1.282721648603387,7.904703341095694,5.626112885880025,-0.4773222228416634,0.7545115317136282,0.7100194185244741
28238363,1789028320584000000,2025,HEAD_POSE_ESTIMATE,estimated,-1.3128778645126131,7.953880072461061,5.758134561803786,-0.42322345550412627,0.6707721451682526,0.6267931140029009
28253363,1789028320599000000,2026,HEAD_POSE_ESTIMATE,estimated,-1.3044293299077947,7.988584394448092,5.947424596864004,-0.3650326159529285,0.5828125033986489,0.5676144345981023
28264363,1789028320610000000,2027,HEAD_POSE_ESTIMATE,estimated,-1.316441074497404,7.980737448447935,6.091928653958767,-0.3090973246943188,0.5189447056789682,0.522852272144422
28276363,1789028320622000000,2028,HEAD_POSE_ESTIMATE,estimated,-1.3052784897587162,7.976066117366383,6.23308635768426,-0.2433037609896737,0.4430182716281122,0.4642033507317254
28291363,1789028320637000000,2029,HEAD_POSE_ESTIMATE,estimated,-1.2462569830953965,7.982986270868361,6.41791123576253,-0.16894941287999027,0.3512361267023595,0.38248189969235064
28306363,1789028320652000000,2030,HEAD_POSE_ESTIMATE,estimated,-1.2528346086425461,7.975841967528881,6.571909879293266,-0.0986364625232891,0.258046373724115,0.2939922488476158
28320363,1789028320666000000,2031,HEAD_POSE_ESTIMATE,estimated,-1.2548923932252025,7.981738552283386,6.66007734136925,-0.03575002529887863,0.16199961332529306,0.19800133815505436
28333363,1789028320679000000,2032,HEAD_POSE_ESTIMATE,estimated,-1.2548387962043148,7.894446448846563,6.748655872756116,0.0009733618421876838,0.08791879830360719,0.1204169106080505
28347363,1789028320693000000,2033,HEAD_POSE_ESTIMATE,estimated,-1.2332751118692595,7.7842214320071585,6.822728769883889,0.043138715210220155,-0.0008905811034666311,0.03464639863294283
28362363,1789028320708000000,2034,HEAD_POSE_ESTIMATE,estimated,-1.2671018326892414,7.640274690298247,6.843688759685774,0.07918634047146504,-0.07790297881073548,-0.01581471637227903
28375363,1789028320721000000,2035,HEAD_POSE_ESTIMATE,estimated,-1.30527609575695,7.502738746479115,6.822757130973245,0.10582504805455945,-0.13026072369655434,-0.027974590099390732
28389363,1789028320735000000,2036,HEAD_POSE_ESTIMATE,estimated,-1.262953431987527,7.361219320168298,6.82052592738133,0.14028575980470745,-0.188448476765575,-0.03222883695751929
28404363,1789028320750000000,2037,HEAD_POSE_ESTIMATE,estimated,-1.1781286627486494,7.228301842249713,6.820258819040332,0.1682403872293777,-0.24064935754059047,-0.03143478787666634
28416363,1789028320762000000,2038,HEAD_POSE_ESTIMATE,estimated,-1.076936203421464,7.140775778717148,6.8161732465461595,0.1902348424838386,-0.28054847761196416,-0.02856669231814481
28430363,1789028320776000000,2039,HEAD_POSE_ESTIMATE,estimated,-1.0282567078512233,7.075057232098653,6.770240542199653,0.2152613064121899,-0.32919861764203406,-0.050758965167739
28445363,1789028320791000000,2040,HEAD_POSE_ESTIMATE,estimated,-0.9507194724296271,7.062318625589739,6.710538951174002,0.22796920954493183,-0.3677744669161916,-0.07673572803123468
28457363,1789028320803000000,2041,HEAD_POSE_ESTIMATE,estimated,-0.9051366465509045,7.056811709945179,6.681080895735395,0.2353449737774232,-0.39464375073155256,-0.1079488757182606
28471363,1789028320817000000,2042,HEAD_POSE_ESTIMATE,estimated,-0.8627434853325514,7.051604258919756,6.690503661470701,0.2417891584240623,-0.4317282996206646,-0.1562740986399377
28485363,1789028320831000000,2043,HEAD_POSE_ESTIMATE,estimated,-0.8538821608276418,7.075374026389349,6.673751459301445,0.23661594823602833,-0.45994166190702784,-0.18510739320035982
28499363,1789028320845000000,2044,HEAD_POSE_ESTIMATE,estimated,-0.8323386079477751,7.107486883284999,6.686830096288318,0.2220311764660344,-0.4844992573077166,-0.20373007220834874
28511363,1789028320857000000,2045,HEAD_POSE_ESTIMATE,estimated,-0.8336728760186176,7.175069867064095,6.689323252908863,0.2115795651119753,-0.5071422338713605,-0.2124715293457461
28526363,1789028320872000000,2046,HEAD_POSE_ESTIMATE,estimated,-0.9101834637650283,7.241129120813704,6.709271559434348,0.20202031096339074,-0.5194224654096501,-0.1983389379431485
28540363,1789028320886000000,2047,HEAD_POSE_ESTIMATE,estimated,-0.8968716227579099,7.293474481991394,6.74339170021735,0.20649785252699748,-0.5250358183164754,-0.1726051389551498
28554363,1789028320900000000,2048,HEAD_POSE_ESTIMATE,estimated,-0.8872910428121211,7.313250576721819,6.778090233543258,0.23196190142867046,-0.5290052363395549,-0.14751054735505617
28567363,1789028320913000000,2049,HEAD_POSE_ESTIMATE,estimated,-0.8794603943779965,7.325357141593426,6.800601838365846,0.26605606654978814,-0.5298306215138855,-0.14207740788935153
28581363,1789028320927000000,2050,HEAD_POSE_ESTIMATE,estimated,-0.8665271046450346,7.342326397160392,6.824090523335703,0.2930552527469795,-0.523012279795497,-0.1440787810728954
28596363,1789028320942000000,2051,HEAD_POSE_ESTIMATE,estimated,-0.8848023240762468,7.37782456791389,6.831222613145983,0.31448474276181504,-0.5117376457175216,-0.15527161476529838
28611363,1789028320957000000,2052,HEAD_POSE_ESTIMATE,estimated,-0.9493723614456593,7.4456420800230925,6.801645072122831,0.32915533965433447,-0.5044950976130907,-0.1776790305409708
28624363,1789028320970000000,2053,HEAD_POSE_ESTIMATE,estimated,-0.9726643260029203,7.503758030477132,6.744701992398955,0.33677368602804736,-0.5028501463156498,-0.20111833355535408
28637363,1789028320983000000,2054,HEAD_POSE_ESTIMATE,estimated,-0.9559599155387245,7.565934253845083,6.6726220267631255,0.3431066794400026,-0.49972056087918915,-0.2166265041208227
28652363,1789028320998000000,2055,HEAD_POSE_ESTIMATE,estimated,-0.9565400286432182,7.621046642499171,6.579596263764681,0.36015288513951466,-0.5115045856574894,-0.2222653782399456
28666363,1789028321012000000,2056,HEAD_POSE_ESTIMATE,estimated,-0.908472490843746,7.606945305108855,6.488844661927678,0.3747702114569466,-0.5258460783934463,-0.2152520281535759
28684363,1789028321030000000,2057,HEAD_POSE_ESTIMATE,estimated,-0.8497200323297214,7.569990545431308,6.373294301157436,0.3915757489786505,-0.545311337962476,-0.20263712185131214
28697363,1789028321043000000,2058,HEAD_POSE_ESTIMATE,estimated,-0.7620991860970093,7.535157207182021,6.2924052754528885,0.4048354403729227,-0.5637478007381412,-0.19007787135034815
28709363,1789028321055000000,2059,HEAD_POSE_ESTIMATE,estimated,-0.7020053334587949,7.5491438770429715,6.222703711193099,0.4152611334406556,-0.5768933687163018,-0.17859547443794915
28720363,1789028321066000000,2060,HEAD_POSE_ESTIMATE,estimated,-0.6393312440158283,7.560380231860773,6.152170928091857,0.43480957184882973,-0.5934167212777383,-0.17532766456068108
28735363,1789028321081000000,2061,HEAD_POSE_ESTIMATE,estimated,-0.5587023362532311,7.568051820806976,6.0710587087260315,0.4570610687888922,-0.6183245686198322,-0.179261517460385
28748363,1789028321094000000,2062,HEAD_POSE_ESTIMATE,estimated,-0.4891875228466587,7.548401874841812,6.028581536349226,0.4784039629952512,-0.6378542740736866,-0.189936432559544
28762363,1789028321108000000,2063,HEAD_POSE_ESTIMATE,estimated,-0.36307606806261017,7.526342359200051,5.9790015883743415,0.49100482014071384,-0.649935229028816,-0.1961850707985919
28777363,1789028321123000000,2064,HEAD_POSE_ESTIMATE,estimated,-0.24280179243073352,7.5030812312076876,5.940672843314877,0.49354715657356135,-0.6645108041695323,-0.2038756493261608
28790363,1789028321136000000,2065,HEAD_POSE_ESTIMATE,estimated,-0.24383577840688753,7.4834910444432845,6.0108309247550915,0.46562028131937333,-0.6373828861961941,-0.19485358048975812
28805363,1789028321151000000,2066,HEAD_POSE_ESTIMATE,estimated,-0.3200547798240978,7.506383301031055,6.060832414587657,0.44428372501552366,-0.6352451428643631,-0.1923569252273871
28817363,1789028321163000000,2067,HEAD_POSE_ESTIMATE,estimated,-0.3593336412873155,7.569911492534384,6.101538514373976,0.4359246678354182,-0.6459562724465888,-0.19161563707240437
28832363,1789028321178000000,2068,HEAD_POSE_ESTIMATE,estimated,-0.40627394241983383,7.632722159836477,6.135854011947716,0.4177366897559011,-0.6614891658254,-0.1922150707654025
28847363,1789028321193000000,2069,HEAD_POSE_ESTIMATE,estimated,-0.40553891444555756,7.70718889605048,6.156574019724156,0.4042742957874801,-0.6778440113788936,-0.1922486197651979
28863363,1789028321209000000,2070,HEAD_POSE_ESTIMATE,estimated,-0.37531380053029073,7.777341934519863,6.116877403030483,0.39518592605387975,-0.710642988068647,-0.21051758181602243
28884363,1789028321230000000,2071,HEAD_POSE_ESTIMATE,estimated,-0.3690279603774088,7.78683256427261,6.126756075677859,0.3895815298401939,-0.7412061353060977,-0.23951322304739603
28900363,1789028321246000000,2072,HEAD_POSE_ESTIMATE,estimated,-0.32878858920738496,7.86117309123502,6.0198615863345815,0.40214806160050615,-0.7670007467269611,-0.2706804326808355
28912363,1789028321258000000,2073,HEAD_POSE_ESTIMATE,estimated,-0.30497205013559736,7.906775153518494,5.934294092145161,0.4264178554813413,-0.7908935836323965,-0.2998741359450814
28928363,1789028321274000000,2074,HEAD_POSE_ESTIMATE,estimated,-0.29030908223169516,7.996028282289437,5.803984151921423,0.4636412930237033,-0.8082992860026136,-0.329451961282237
28940363,1789028321286000000,2075,HEAD_POSE_ESTIMATE,estimated,-0.25580335201564774,8.058113566469196,5.712897898235136,0.4884482659325938,-0.8071557665003771,-0.3458022796543716
28954363,1789028321300000000,2076,HEAD_POSE_ESTIMATE,estimated,-0.21502130892248972,8.1365325923651,5.569047105449399,0.5198548832031684,-0.8070556441479327,-0.3581100247606402
28968363,1789028321314000000,2077,HEAD_POSE_ESTIMATE,estimated,-0.1698426002791925,8.205039097228829,5.446467475782899,0.5363236350190309,-0.7957449029199651,-0.3665120656039745
28982363,1789028321328000000,2078,HEAD_POSE_ESTIMATE,estimated,-0.17204338616140047,8.31583535574004,5.42006961760248,0.5486296515642185,-0.7953039968402049,-0.36411927453448134
28996363,1789028321342000000,2079,HEAD_POSE_ESTIMATE,estimated,-0.1470573320892964,8.409054268271145,5.310104747022565,0.560609105066494,-0.7807830595274045,-0.35146983279342825
29010363,1789028321356000000,2080,HEAD_POSE_ESTIMATE,estimated,-0.1994098157205818,8.50669317130898,5.281940676715042,0.5900668562395623,-0.8099635715884034,-0.3423580657261532
29024363,1789028321370000000,2081,HEAD_POSE_ESTIMATE,estimated,-0.1897324574267668,8.580886272216485,5.197298277266292,0.6087735065569678,-0.8181219787402438,-0.31919394288521524
29040363,1789028321386000000,2082,HEAD_POSE_ESTIMATE,estimated,-0.17397657000888012,8.67128013233313,5.074586192912003,0.6297813197509655,-0.8306337078313949,-0.29468853760358793
29052363,1789028321398000000,2083,HEAD_POSE_ESTIMATE,estimated,-0.15951709614766962,8.721610064429298,4.955555614553128,0.6518163099744018,-0.8448868105425335,-0.2797812119184609
29066363,1789028321412000000,2084,HEAD_POSE_ESTIMATE,estimated,-0.1678720930295743,8.773396180789508,4.80669529876056,0.6866283280515948,-0.8640143123648196,-0.2718296817817024
29081363,1789028321427000000,2085,HEAD_POSE_ESTIMATE,estimated,-0.12284186902232652,8.823397891184191,4.629895732376301,0.7029377166956158,-0.8681481562891804,-0.26505711520283814
29094363,1789028321440000000,2086,HEAD_POSE_ESTIMATE,estimated,-0.1080940737577839,8.850539407917035,4.449779453500275,0.716350026243194,-0.8800757714509063,-0.2732092250956156
29108363,1789028321454000000,2087,HEAD_POSE_ESTIMATE,estimated,-0.09673026069753504,8.8814822655127,4.282181983705334,0.7235981090106344,-0.8859609697544835,-0.2929857321558054
29122363,1789028321468000000,2088,HEAD_POSE_ESTIMATE,estimated,-0.08866209391876123,8.92425327543752,4.12308393461591,0.71503573756562,-0.8919731783933368,-0.31655809691953757
29136363,1789028321482000000,2089,HEAD_POSE_ESTIMATE,estimated,-0.085542740473534,8.966039126751019,3.9603200552967928,0.6957426836771727,-0.896583524598973,-0.33899070413275373
29150363,1789028321496000000,2090,HEAD_POSE_ESTIMATE,estimated,-0.09853859293113076,8.988492547069004,3.8422350138889563,0.6818219454625968,-0.9123691178484692,-0.3617062848082968
29164363,1789028321510000000,2091,HEAD_POSE_ESTIMATE,estimated,-0.09114211133169353,9.005043961114202,3.7448116908102844,0.6636745816627605,-0.927712511575025,-0.3698580907469692
29181363,1789028321527000000,2092,HEAD_POSE_ESTIMATE,estimated,-0.09415217233455814,9.003528088109864,3.639383346016145,0.6369716645948881,-0.9410860668809414,-0.3660663502832254
29191363,1789028321537000000,2093,HEAD_POSE_ESTIMATE,estimated,-0.06644137034708714,9.026036023437607,3.568982415090315,0.6219666402850665,-0.9482575077193802,-0.35200729425864413
29206363,1789028321552000000,2094,HEAD_POSE_ESTIMATE,estimated,-0.04768710204818,9.050410938189195,3.519976916956607,0.5953059666082965,-0.9552902957445629,-0.3377732508475821
29220363,1789028321566000000,2095,HEAD_POSE_ESTIMATE,estimated,-0.01844210177080341,9.081467471260469,3.4464102914291366,0.5560641370020553,-0.9630973072514569,-0.32553433765833634
29234363,1789028321580000000,2096,HEAD_POSE_ESTIMATE,estimated,0.007109908301378809,9.120517616148195,3.37603549739193,0.5076060078624286,-0.9748094398206582,-0.31693463470433947
29248363,1789028321594000000,2097,HEAD_POSE_ESTIMATE,estimated,0.028437189587967426,9.144531784730933,3.3167145853073627,0.4542613659685571,-0.9922663015278281,-0.31734447503844626
29263363,1789028321609000000,2098,HEAD_POSE_ESTIMATE,estimated,0.05403419916150293,9.16354816146727,3.2730641984884583,0.3996490996340512,-1.0105469545153138,-0.31878016798570935
29277363,1789028321623000000,2099,HEAD_POSE_ESTIMATE,estimated,0.07767598670433912,9.191473544562045,3.2171805811159895,0.35420461863012503,-1.021046732983888,-0.31707503659910585
29293363,1789028321639000000,2100,HEAD_POSE_ESTIMATE,estimated,0.10020075534157757,9.210761539589903,3.1930552824839973,0.3172424210306406,-1.031861509957266,-0.3183993810553739
29305363,1789028321651000000,2101,HEAD_POSE_ESTIMATE,estimated,0.13790916485804472,9.228193459213141,3.1682339342390744,0.3165371109406132,-1.0511401550329247,-0.3227990290787399
29318363,1789028321664000000,2102,HEAD_POSE_ESTIMATE,estimated,0.16812488968610584,9.237203861566773,3.148468385707053,0.3161116891631822,-1.0556146013111014,-0.3248809020946297
29332363,1789028321678000000,2103,HEAD_POSE_ESTIMATE,estimated,0.20638190165592363,9.25841196837133,3.1294620192765867,0.3290390666677754,-1.082088399135666,-0.33150096427040626
29346363,1789028321692000000,2104,HEAD_POSE_ESTIMATE,estimated,0.2265329516923093,9.253376230412842,3.1111053183864144,0.34480733821900633,-1.099252975298868,-0.33926185199159925
29360363,1789028321706000000,2105,HEAD_POSE_ESTIMATE,estimated,0.24123629666504276,9.224843685291102,3.086371588061009,0.35245006334218737,-1.1184096666559171,-0.34494064598955354
29375363,1789028321721000000,2106,HEAD_POSE_ESTIMATE,estimated,0.31423323582721635,9.192497832936276,3.072972360462927,0.3463682573361689,-1.119983236336496,-0.343153574340931
29388363,1789028321734000000,2107,HEAD_POSE_ESTIMATE,estimated,0.40671019080377535,9.187126130923112,3.0514404868865155,0.33523775074821766,-1.1216081788973222,-0.34783841299719426
29402363,1789028321748000000,2108,HEAD_POSE_ESTIMATE,estimated,0.4745297425204496,9.166676429984843,3.0437081236324155,0.3118574475681721,-1.1368395714621906,-0.35670222740230856
29416363,1789028321762000000,2109,HEAD_POSE_ESTIMATE,estimated,0.5428455936535794,9.154472609234592,3.0359034275626753,0.29345108541261855,-1.1695757018088102,-0.36426552801995316
29429363,1789028321775000000,2110,HEAD_POSE_ESTIMATE,estimated,0.6082745661013191,9.165458662335126,3.042322896951903,0.27224117991102026,-1.19304520704419,-0.3633483862313067
29444363,1789028321790000000,2111,HEAD_POSE_ESTIMATE,estimated,0.6785337607637375,9.155386239932712,3.029985889707138,0.2543159435709986,-1.210849470194372,-0.3552791732928723
29459363,1789028321805000000,2112,HEAD_POSE_ESTIMATE,estimated,0.7516018124075119,9.13904558133401,3.0181415642589164,0.24135864165403223,-1.2216105060733138,-0.3431785217450856
29475363,1789028321821000000,2113,HEAD_POSE_ESTIMATE,estimated,0.7520667960084355,9.093877685955992,3.0137735803806223,0.23823478723498823,-1.2315790625656602,-0.3296286072968876
29485363,1789028321831000000,2114,HEAD_POSE_ESTIMATE,estimated,0.7795314690742137,9.078164840375173,2.980111317900182,0.23886218752339525,-1.2270646386597948,-0.3211740825499171
29498363,1789028321844000000,2115,HEAD_POSE_ESTIMATE,estimated,0.8026069555709432,9.06109862960278,2.962295992895965,0.23990161682306047,-1.2259036019977405,-0.3253402458072313
29513363,1789028321859000000,2116,HEAD_POSE_ESTIMATE,estimated,0.83147059070109,9.037676394705914,2.9479414962542516,0.23534687690534375,-1.2115383979228729,-0.3345639554997223
29528363,1789028321874000000,2117,HEAD_POSE_ESTIMATE,estimated,0.8455297970576483,9.018885813912025,2.946683364099591,0.2314749702673715,-1.1927285153068026,-0.3455978715434412
29541363,1789028321887000000,2118,HEAD_POSE_ESTIMATE,estimated,0.8650171064263853,9.015788665515263,2.9479481710502005,0.22459032529014214,-1.1715096517717278,-0.35759260801729864
29555363,1789028321901000000,2119,HEAD_POSE_ESTIMATE,estimated,0.8272698596725558,9.014869435620115,2.946196515092561,0.21744250606240395,-1.1454846496126674,-0.37130495894829674
29569363,1789028321915000000,2120,HEAD_POSE_ESTIMATE,estimated,0.7784022274390614,9.045870754701713,2.951109268019315,0.20950077681090984,-1.1255842180464364,-0.38224048260819354
29585363,1789028321931000000,2121,HEAD_POSE_ESTIMATE,estimated,0.7668943892361871,9.103864500582663,2.9368842456268074,0.20433489006799538,-1.1028554494810892,-0.40119939227795626
29598363,1789028321944000000,2122,HEAD_POSE_ESTIMATE,estimated,0.7921133343810957,9.161840651222915,2.9136180123008897,0.2057293605176772,-1.1049441588973883,-0.4251331439845262
29613363,1789028321959000000,2123,HEAD_POSE_ESTIMATE,estimated,0.7541056983824601,9.209792500648616,2.9099111665208284,0.2020690399326085,-1.0941715497836593,-0.4468823941813851
29626363,1789028321972000000,2124,HEAD_POSE_ESTIMATE,estimated,0.6990522540496833,9.23874585537851,2.914445383833479,0.19734802048710523,-1.079358486487115,-0.4626528219937058
29640363,1789028321986000000,2125,HEAD_POSE_ESTIMATE,estimated,0.6303477317330062,9.285754443176636,2.9260991614794896,0.18752572335790055,-1.0620127109898716,-0.4770538899820835
29653363,1789028321999000000,2126,HEAD_POSE_ESTIMATE,estimated,0.5793851908857354,9.360518061028982,2.928674918603498,0.1717556104677995,-1.0500813027007019,-0.4864489979342453
29668363,1789028322014000000,2127,HEAD_POSE_ESTIMATE,estimated,0.4754050484780773,9.423717891351961,2.9302548209047177,0.15415851840825792,-1.0297863354127286,-0.4929243325508684
29682363,1789028322028000000,2128,HEAD_POSE_ESTIMATE,estimated,0.34733075735377633,9.460270751521938,2.927010510064856,0.1398822200909337,-1.0058831848098082,-0.4999037598296503
29695363,1789028322041000000,2129,HEAD_POSE_ESTIMATE,estimated,0.2225800000746685,9.468506509640605,2.9294840998029623,0.1280928578766878,-0.9772660599192998,-0.5049326860288205
29709363,1789028322055000000,2130,HEAD_POSE_ESTIMATE,estimated,0.11263980183558342,9.472287817610054,2.931742291360674,0.12435621630900341,-0.9600640202205009,-0.513120665302197
29723363,1789028322069000000,2131,HEAD_POSE_ESTIMATE,estimated,0.02095668747956214,9.47352584392952,2.9312712419317797,0.12225723684096983,-0.934423402082411,-0.514702208587717
29737363,1789028322083000000,2132,HEAD_POSE_ESTIMATE,estimated,-0.040585255408493615,9.462982448568196,2.935137945131966,0.12411616061690016,-0.9189245856837714,-0.5201998407386481
29751363,1789028322097000000,2133,HEAD_POSE_ESTIMATE,estimated,-0.11775217089519208,9.441336750647608,2.9560140028949116,0.12221533742536903,-0.9004434769951369,-0.5264319656400431
29765363,1789028322111000000,2134,HEAD_POSE_ESTIMATE,estimated,-0.22550928912236273,9.414945858533402,2.97198018794107,0.11835601919771911,-0.8875875553363439,-0.5324753717615472
29779363,1789028322125000000,2135,HEAD_POSE_ESTIMATE,estimated,-0.3283361322745771,9.39444346173198,2.9841021447184133,0.11303435381842698,-0.8681909844304622,-0.5376220240272063
29793363,1789028322139000000,2136,HEAD_POSE_ESTIMATE,estimated,-0.3965347177871238,9.385460006233417,2.9853455676959806,0.11032816573487507,-0.8503337092503152,-0.5466162748411101
29807363,1789028322153000000,2137,HEAD_POSE_ESTIMATE,estimated,-0.42561204309392175,9.356498942704405,2.970438700092374,0.1063595733809907,-0.838715256643385,-0.5515693021689132
29822363,1789028322168000000,2138,HEAD_POSE_ESTIMATE,estimated,-0.5412817083515609,9.295824786262635,3.003912689806506,0.11111844167989211,-0.8250257978446499,-0.5540182770942292
29835363,1789028322181000000,2139,HEAD_POSE_ESTIMATE,estimated,-0.6205626663324082,9.259440594732153,3.005123001163589,0.11847013110125412,-0.8067143911046422,-0.5501953859921804
29849363,1789028322195000000,2140,HEAD_POSE_ESTIMATE,estimated,-0.6932849304625518,9.227326126432555,3.0355923943498464,0.12967837609284,-0.7840907645350722,-0.546501762806991
29863363,1789028322209000000,2141,HEAD_POSE_ESTIMATE,estimated,-0.791844584180657,9.209041988777429,3.0538979081985365,0.14498596442709785,-0.7613576019248243,-0.5443901495388318
29877363,1789028322223000000,2142,HEAD_POSE_ESTIMATE,estimated,-0.9118768180534774,9.197894465317923,3.0561211707942375,0.16295579861345105,-0.735641356173612,-0.5429840282283819
29890363,1789028322236000000,2143,HEAD_POSE_ESTIMATE,estimated,-1.0017723784052457,9.164929248330422,3.048104119081729,0.17582800434481768,-0.7140017833989796,-0.5404596553055933
29904363,1789028322250000000,2144,HEAD_POSE_ESTIMATE,estimated,-1.105108007923875,9.125204007108692,3.043061958789438,0.1857164932684775,-0.6859063642018818,-0.5270735766279622
29917363,1789028322263000000,2145,HEAD_POSE_ESTIMATE,estimated,-1.2069054481304098,9.097396976816356,3.0302854708433995,0.1900325905889796,-0.6567457937521571,-0.5040981644605091
29933363,1789028322279000000,2146,HEAD_POSE_ESTIMATE,estimated,-1.3256614917763747,9.072428673197603,3.037365339772986,0.1889187157492732,-0.6132371744976597,-0.4668207276344693
29946363,1789028322292000000,2147,HEAD_POSE_ESTIMATE,estimated,-1.4039253907058287,9.075258642394564,3.0227104134391047,0.1854858283161391,-0.5850691634538916,-0.4332935559366279
29959363,1789028322305000000,2148,HEAD_POSE_ESTIMATE,estimated,-1.5005354533237747,9.08445524092283,3.0227131379828585,0.18082401228633607,-0.5524578069506647,-0.39949623274227
29973363,1789028322319000000,2149,HEAD_POSE_ESTIMATE,estimated,-1.605435938990841,9.10547193085219,3.006158944736234,0.1803937971480667,-0.5167633230001216,-0.3684093845630852
29987363,1789028322333000000,2150,HEAD_POSE_ESTIMATE,estimated,-1.7069015534330687,9.099163991743634,2.9952097521737304,0.1869275346759683,-0.4836306164493465,-0.35033603644796546
30000363,1789028322346000000,2151,HEAD_POSE_ESTIMATE,estimated,-1.7726269970873565,9.112453651664357,2.936585912849091,0.19694791103831674,-0.45418229823783557,-0.3374779060399993
30014363,1789028322360000000,2152,HEAD_POSE_ESTIMATE,estimated,-1.8722884663631587,9.109068049815933,2.8912141597582828,0.20661930753676988,-0.4180901611310136,-0.32395986977034846
30028363,1789028322374000000,2153,HEAD_POSE_ESTIMATE,estimated,-1.9648784198213467,9.093767354362827,2.8540079533204934,0.2181291922176741,-0.38107238656972164,-0.31208037575631187
30042363,1789028322388000000,2154,HEAD_POSE_ESTIMATE,estimated,-2.079518893388541,9.078662997006752,2.8473927384529785,0.21934996726991707,-0.3418191725864073,-0.29968778587449135
30056363,1789028322402000000,2155,HEAD_POSE_ESTIMATE,estimated,-2.1264040775420794,9.097505909882909,2.819407545168518,0.21601167076577069,-0.31125283818366845,-0.29007382574496254
30070363,1789028322416000000,2156,HEAD_POSE_ESTIMATE,estimated,-2.1719501259264704,9.114289736356627,2.838917502930558,0.2068355761020888,-0.28086532176743845,-0.2779043955588036
30084363,1789028322430000000,2157,HEAD_POSE_ESTIMATE,estimated,-2.227403433473903,9.114720080652459,2.8461278379275305,0.19954251778490922,-0.2542549547779461,-0.26154805063544134
30098363,1789028322444000000,2158,HEAD_POSE_ESTIMATE,estimated,-2.254807784755932,9.107511503863009,2.853436286805878,0.19905000576971216,-0.2316680011201829,-0.24104214858839212
30112363,1789028322458000000,2159,HEAD_POSE_ESTIMATE,estimated,-2.2755815678908715,9.086697804159318,2.864556205231911,0.19519687698025087,-0.21073670873913125,-0.2130535500727925
30126363,1789028322472000000,2160,HEAD_POSE_ESTIMATE,estimated,-2.3263243538738165,9.087953299649167,2.8876255293246658,0.18931738701035647,-0.19862395376426337,-0.1869330606256312
30140363,1789028322486000000,2161,HEAD_POSE_ESTIMATE,estimated,-2.3873171117742067,9.104020901000501,2.9206045825316895,0.1748881540697056,-0.19073119067564132,-0.16047540857825898
30154363,1789028322500000000,2162,HEAD_POSE_ESTIMATE,estimated,-2.4312839332505387,9.144896005604373,2.9226015315666305,0.15250300441760134,-0.18586393183904837,-0.1360677852337915
30168363,1789028322514000000,2163,HEAD_POSE_ESTIMATE,estimated,-2.472595561668961,9.206333778098186,2.921515982280777,0.11825412538626345,-0.18164018843417526,-0.11312833540356874
30182363,1789028322528000000,2164,HEAD_POSE_ESTIMATE,estimated,-2.5148781519415055,9.266142256771051,2.9082857751588143,0.07717813959309851,-0.1843179220484172,-0.09420990026278356
30196363,1789028322542000000,2165,HEAD_POSE_ESTIMATE,estimated,-2.554292094772867,9.319417162115528,2.8923187377303408,0.0424488115081955,-0.18806950274212136,-0.07939632212276324
30210363,1789028322556000000,2166,HEAD_POSE_ESTIMATE,estimated,-2.574699005886232,9.319389403012586,2.8948783423973357,0.010450064058278783,-0.1892356488494929,-0.06762266651023224
30224363,1789028322570000000,2167,HEAD_POSE_ESTIMATE,estimated,-2.594344584533515,9.338348027369099,2.8587323661869903,-0.007678681289534745,-0.1918875202196117,-0.060687065053850915
30238363,1789028322584000000,2168,HEAD_POSE_ESTIMATE,estimated,-2.595143483410835,9.346449630745582,2.8408381458869245,-0.007508674979593409,-0.1926052180560113,-0.057704310987193135
30253363,1789028322599000000,2169,HEAD_POSE_ESTIMATE,estimated,-2.582707411427017,9.323280810153593,2.818770853462916,0.013476490726872048,-0.18813116411370864,-0.055879325184531446
30264363,1789028322610000000,2170,HEAD_POSE_ESTIMATE,estimated,-2.5703406324258413,9.30885126764299,2.8030301994266837,0.045983772276720646,-0.18490470089226232,-0.05608490769319387
30277363,1789028322623000000,2171,HEAD_POSE_ESTIMATE,estimated,-2.5551117456970776,9.298480395169308,2.7685154230684983,0.08734430717381188,-0.17936648610841308,-0.051336913080099224
30292363,1789028322638000000,2172,HEAD_POSE_ESTIMATE,estimated,-2.5145700024378574,9.260508879540971,2.748112675919666,0.12912892927012604,-0.17308000940748372,-0.046920346242324336
30306363,1789028322652000000,2173,HEAD_POSE_ESTIMATE,estimated,-2.4758486548522565,9.219520000656852,2.7137285377853364,0.15689585558343752,-0.16692693657981214,-0.038189717216673996
30320363,1789028322666000000,2174,HEAD_POSE_ESTIMATE,estimated,-2.4182079457749537,9.196932305573235,2.652254905462969,0.16697623383475152,-0.16117489086220702,-0.022566475203974937
30333363,1789028322679000000,2175,HEAD_POSE_ESTIMATE,estimated,-2.3696219528079134,9.193980881403533,2.5989900708832576,0.1689383231030159,-0.15584385610028792,-0.0003839742691661847
30347363,1789028322693000000,2176,HEAD_POSE_ESTIMATE,estimated,-2.3160239566658136,9.218059140672379,2.5487261441968845,0.15518694669765817,-0.15008496710277427,0.031430822896174396
30361363,1789028322707000000,2177,HEAD_POSE_ESTIMATE,estimated,-2.259304858190749,9.247714113685122,2.496909417262867,0.1411173193005796,-0.14669989046688642,0.0677220040136307
30375363,1789028322721000000,2178,HEAD_POSE_ESTIMATE,estimated,-2.189608167794359,9.28536896750314,2.4376400898540123,0.13359097050747132,-0.1467381613692281,0.10627713396549449
30389363,1789028322735000000,2179,HEAD_POSE_ESTIMATE,estimated,-2.1433274820427073,9.345780834497623,2.410372292332776,0.1290819203903117,-0.14702048785736638,0.1429129894409444
30404363,1789028322750000000,2180,HEAD_POSE_ESTIMATE,estimated,-2.080899195895189,9.41731606383433,2.3727637534759287,0.1278669696970082,-0.14454272508134666,0.17557592566972496
30416363,1789028322762000000,2181,HEAD_POSE_ESTIMATE,estimated,-2.0156762043838414,9.465596189589382,2.355333408658711,0.1318823415237508,-0.14310505776050395,0.19390232753995212
30430363,1789028322776000000,2182,HEAD_POSE_ESTIMATE,estimated,-1.9428082188741236,9.496021580519107,2.3291184166682206,0.14756480521259271,-0.13771392623386075,0.20703427453335682
30444363,1789028322790000000,2183,HEAD_POSE_ESTIMATE,estimated,-1.8831586100571265,9.528347522771105,2.3177402568082535,0.16318748608560626,-0.13455353909633588,0.207872195445766
30458363,1789028322804000000,2184,HEAD_POSE_ESTIMATE,estimated,-1.820749974886101,9.54110682831341,2.318033461250152,0.17434474570354777,-0.12905316831634053,0.20290721860249022
30471363,1789028322817000000,2185,HEAD_POSE_ESTIMATE,estimated,-1.7780007352098264,9.529036332068733,2.3264601124743054,0.17507808599685692,-0.1195041029774815,0.19524931776461538
30487363,1789028322833000000,2186,HEAD_POSE_ESTIMATE,estimated,-1.7377281918308425,9.499452011654334,2.349605924476829,0.16827344801088945,-0.1048250859194887,0.1918323290560653
30501363,1789028322847000000,2187,HEAD_POSE_ESTIMATE,estimated,-1.7091657992075313,9.461646507408984,2.363157128616959,0.15726695411490105,-0.08634131858309702,0.19497245863635881
30514363,1789028322860000000,2188,HEAD_POSE_ESTIMATE,estimated,-1.6706144751600047,9.42710485024869,2.3753312076235957,0.14529731319989736,-0.06511231527033697,0.2005081335122962
30528363,1789028322874000000,2189,HEAD_POSE_ESTIMATE,estimated,-1.6220918115879037,9.507101599097394,2.362669117028565,0.1341172180740233,-0.041669184991633086,0.20647240726821633
30541363,1789028322887000000,2190,HEAD_POSE_ESTIMATE,estimated,-1.59908349443405,9.606709362894737,2.3528415569462435,0.12057990691766707,-0.020403187747403285,0.20116597627195248
30554363,1789028322900000000,2191,HEAD_POSE_ESTIMATE,estimated,-1.5693815713317147,9.704057054410704,2.34326089918394,0.11184173579716147,-0.005559014410227948,0.17407803960048565
30569363,1789028322915000000,2192,HEAD_POSE_ESTIMATE,estimated,-1.5327048142995325,9.756981540838384,2.3065286125742896,0.11438013710950011,0.006909421078222201,0.12693438736617813
30583363,1789028322929000000,2193,HEAD_POSE_ESTIMATE,estimated,-1.4996955106709262,9.840600929424898,2.2711868486437328,0.12292863030217262,0.006097193101712605,0.07327379648397049
30596363,1789028322942000000,2194,HEAD_POSE_ESTIMATE,estimated,-1.483445231251591,9.928666902596134,2.2368963047742434,0.1356186453064248,-0.0030026126610385806,0.012816531633522577
30611363,1789028322957000000,2195,HEAD_POSE_ESTIMATE,estimated,-1.4347907277236285,9.932596850816346,2.197057341562679,0.16820154515102076,-0.01867243941161516,-0.058994816992403866
30625363,1789028322971000000,2196,HEAD_POSE_ESTIMATE,estimated,-1.3776300514144235,9.893397994195084,2.149692001626873,0.20209177594540575,-0.04299892684952362,-0.10304055012464013
30640363,1789028322986000000,2197,HEAD_POSE_ESTIMATE,estimated,-1.3377401619607414,9.78776473796262,2.1098869038935137,0.2363031054291673,-0.07628804246532388,-0.12213752220854714
30651363,1789028322997000000,2198,HEAD_POSE_ESTIMATE,estimated,-1.2935065406496307,9.742467190815404,2.0388081256484454,0.2566265042976754,-0.10426766445822408,-0.11731258145658326
30666363,1789028323012000000,2199,HEAD_POSE_ESTIMATE,estimated,-1.1992756645069869,9.635249728544553,1.9754237253760654,0.27124529605154707,-0.1419026223138333,-0.08691647223789853
30680363,1789028323026000000,2200,HEAD_POSE_ESTIMATE,estimated,-1.1069979604898068,9.542797844960246,1.9128428489494653,0.27633151557148006,-0.17654019321479533,-0.03790604174700864
30694363,1789028323040000000,2201,HEAD_POSE_ESTIMATE,estimated,-1.0347667278453114,9.455897553661586,1.8431743564105938,0.2756057645687424,-0.21029315299033702,0.018469707797544498
30708363,1789028323054000000,2202,HEAD_POSE_ESTIMATE,estimated,-0.950700422695423,9.4052880098431,1.7674295063124401,0.26664141089304366,-0.24005378056022822,0.06923074600289215
30723363,1789028323069000000,2203,HEAD_POSE_ESTIMATE,estimated,-0.8352924476213899,9.419457969388215,1.7025638074007199,0.25351962732313865,-0.26738477420581036,0.1056758449964033
30735363,1789028323081000000,2204,HEAD_POSE_ESTIMATE,estimated,-0.7715336967765418,9.46719786454974,1.6491794940125217,0.2467298625514279,-0.28870541101430186,0.12025957895042663
30748363,1789028323094000000,2205,HEAD_POSE_ESTIMATE,estimated,-0.7203390066546895,9.577695855375708,1.5964454857205825,0.25412376558812877,-0.31249600608705413,0.10760256171420013
30762363,1789028323108000000,2206,HEAD_POSE_ESTIMATE,estimated,-0.6658174860743731,9.628714665559862,1.541760140089335,0.2745692117528342,-0.3329619485011666,0.0879711405219513
30777363,1789028323123000000,2207,HEAD_POSE_ESTIMATE,estimated,-0.6033850026601697,9.644696828789767,1.4983365823521813,0.29314320479344025,-0.34544035445684834,0.061245352599177814
30790363,1789028323136000000,2208,HEAD_POSE_ESTIMATE,estimated,-0.5714114921613116,9.641992045487346,1.459754094160458,0.31186810770008605,-0.35324152737382103,0.03315901673690852
30804363,1789028323150000000,2209,HEAD_POSE_ESTIMATE,estimated,-0.5564581997959128,9.687737224599818,1.436258442152896,0.32345959280889314,-0.34983859691171376,0.003610378070331112
30820363,1789028323166000000,2210,HEAD_POSE_ESTIMATE,estimated,-0.5550865092951356,9.651128471210345,1.3937055206292541,0.32317825798850963,-0.3406186013407316,-0.014390714149366183
30831363,1789028323177000000,2211,HEAD_POSE_ESTIMATE,estimated,-0.5377120590190116,9.559585269761184,1.350619074204016,0.3072480649413286,-0.3330297896562594,-0.014011849431164541
30846363,1789028323192000000,2212,HEAD_POSE_ESTIMATE,estimated,-0.5703535589287909,9.52204840160047,1.3086207820822668,0.2804158312282487,-0.3193585290091387,-0.013533072016102987
30860363,1789028323206000000,2213,HEAD_POSE_ESTIMATE,estimated,-0.5949164410783924,9.486899670452035,1.2743302732644937,0.25150900368867846,-0.3061802988968653,-0.012382406801129094
30875363,1789028323221000000,2214,HEAD_POSE_ESTIMATE,estimated,-0.6245856411206447,9.469286291205712,1.2311678335976466,0.22183938397411201,-0.2978798011548135,-0.010100905873914613
30889363,1789028323235000000,2215,HEAD_POSE_ESTIMATE,estimated,-0.6615175477298292,9.46199193924729,1.202299003538627,0.1990928249917284,-0.29222313490507507,-0.012906493882922811
30904363,1789028323250000000,2216,HEAD_POSE_ESTIMATE,estimated,-0.7204689783215394,9.483500212218594,1.169391904131646,0.1845584573602935,-0.29615337359893384,-0.03914223557232323
30918363,1789028323264000000,2217,HEAD_POSE_ESTIMATE,estimated,-0.7646007799850693,9.50935738600784,1.1366395756536585,0.1780288023958899,-0.3058055597036717,-0.07969920586589202
30932363,1789028323278000000,2218,HEAD_POSE_ESTIMATE,estimated,-0.8148511416838689,9.533127814208935,1.1023720989805248,0.18508638212907594,-0.3238209666604577,-0.13957342198620173
30946363,1789028323292000000,2219,HEAD_POSE_ESTIMATE,estimated,-0.8571176886431673,9.537819043690638,1.0795399137040518,0.19238924661244594,-0.34401468159405113,-0.19127516354146176
30959363,1789028323305000000,2220,HEAD_POSE_ESTIMATE,estimated,-0.9072539960393468,9.524459670567694,1.071462064822066,0.19778805915558045,-0.3615334881590598,-0.23522020617298606
30973363,1789028323319000000,2221,HEAD_POSE_ESTIMATE,estimated,-0.9447128500107651,9.489439988036676,1.0818951352886024,0.19307959682407658,-0.37289830106617233,-0.2652304966216458
30987363,1789028323333000000,2222,HEAD_POSE_ESTIMATE,estimated,-0.9776016940825879,9.465913963359329,1.1125013693597856,0.18910977766063086,-0.38088594027906597,-0.28016396166877855
31001363,1789028323347000000,2223,HEAD_POSE_ESTIMATE,estimated,-1.0276447283578616,9.462582923961664,1.1564442581862373,0.17187381412459027,-0.3815068896556949,-0.27895081749884737
31014363,1789028323360000000,2224,HEAD_POSE_ESTIMATE,estimated,-1.0582036467725822,9.477341146049456,1.1905756349950256,0.14155026691574815,-0.3726156128012277,-0.26440469278546413
31028363,1789028323374000000,2225,HEAD_POSE_ESTIMATE,estimated,-1.072580752319897,9.50320735183358,1.212605135671847,0.09555344798535981,-0.3613387541860385,-0.24490414815057682
31042363,1789028323388000000,2226,HEAD_POSE_ESTIMATE,estimated,-1.0773807536089357,9.54722164233842,1.2302265806213812,0.05598024301985049,-0.3401802294383959,-0.22007068249278794
31056363,1789028323402000000,2227,HEAD_POSE_ESTIMATE,estimated,-1.0949637735579374,9.60791211710971,1.2315715490870038,0.026259818548147594,-0.3113248023009763,-0.19154562011324341
31070363,1789028323416000000,2228,HEAD_POSE_ESTIMATE,estimated,-1.1112906931841824,9.64004053198758,1.2400953796723568,0.011632577755835859,-0.28393565186179637,-0.17453976797029797
31084363,1789028323430000000,2229,HEAD_POSE_ESTIMATE,estimated,-1.1211176165693055,9.666003038800412,1.2365406069615876,0.017348967487201862,-0.24914513380404515,-0.15683037198473876
31098363,1789028323444000000,2230,HEAD_POSE_ESTIMATE,estimated,-1.1321088629748104,9.686147106576069,1.2650959809630726,0.042033646367486424,-0.21286386148477104,-0.14746261547971584
31111363,1789028323457000000,2231,HEAD_POSE_ESTIMATE,estimated,-1.1398211987911975,9.70894384744767,1.2775903532068968,0.0807796174182171,-0.1800734653482924,-0.14687953100035542
31125363,1789028323471000000,2232,HEAD_POSE_ESTIMATE,estimated,-1.145557423828611,9.71028974180759,1.277103399328405,0.12489214981206141,-0.14351257084169247,-0.1347996571276285
31140363,1789028323486000000,2233,HEAD_POSE_ESTIMATE,estimated,-1.1408736546518203,9.699031528854215,1.2401285545827603,0.17178126421967782,-0.10603384375964094,-0.10861249841956752
31153363,1789028323499000000,2234,HEAD_POSE_ESTIMATE,estimated,-1.1639622960496914,9.670395830387521,1.2108205189121857,0.20272626332695162,-0.07438936974095374,-0.08267768626693064
31167363,1789028323513000000,2235,HEAD_POSE_ESTIMATE,estimated,-1.1991549133918313,9.627323689683788,1.1743717196551327,0.2208950516827824,-0.043453433566026274,-0.05619564376710287
31181363,1789028323527000000,2236,HEAD_POSE_ESTIMATE,estimated,-1.2246540509523438,9.573130008251866,1.141184627004767,0.23495872557747913,-0.0155654317567499,-0.040941152358368864
31195363,1789028323541000000,2237,HEAD_POSE_ESTIMATE,estimated,-1.2405719294318764,9.550675125656864,1.1177926898855481,0.2102682346264557,0.008481997982616661,-0.03949032870722952
31209363,1789028323555000000,2238,HEAD_POSE_ESTIMATE,estimated,-1.3079219208998891,9.555472388381194,1.0773668598023722,0.1647868645105634,0.02564936121340628,-0.041260972507297065
31224363,1789028323570000000,2239,HEAD_POSE_ESTIMATE,estimated,-1.3485458231129719,9.591140786106138,1.0389090999778683,0.12920006152064525,0.043556573723952545,-0.058846192367816096
31238363,1789028323584000000,2240,HEAD_POSE_ESTIMATE,estimated,-1.3755310467381923,9.636892625679328,1.000718388377868,0.1069495479540645,0.05920872374246522,-0.08125676492205444
31255363,1789028323601000000,2241,HEAD_POSE_ESTIMATE,estimated,-1.3987528227714976,9.69124140468937,0.9678383751820597,0.10983764603557541,0.08204963903916145,-0.10736828164197577
31265363,1789028323611000000,2242,HEAD_POSE_ESTIMATE,estimated,-1.4046983131477566,9.715199039468214,0.9496129719578863,0.12287236026923733,0.09157420357561284,-0.12620324820263926
31283363,1789028323629000000,2243,HEAD_POSE_ESTIMATE,estimated,-1.4070479912642195,9.704171141241071,0.9333464875382822,0.16204037086721573,0.10881186469378375,-0.13074623390600032
31305363,1789028323651000000,2244,HEAD_POSE_ESTIMATE,estimated,-1.3754788028579514,9.68462190444205,0.9080748402334375,0.207356030914294,0.1213199236790015,-0.11990313823861463
31318363,1789028323664000000,2245,HEAD_POSE_ESTIMATE,estimated,-1.3705101007497438,9.677821765558944,0.8564157383099636,0.22494551633583443,0.122525478707797,-0.09501264075147593
31333363,1789028323679000000,2246,HEAD_POSE_ESTIMATE,estimated,-1.3360512852425366,9.662679548938272,0.8540398030057924,0.23440987284337994,0.11793459764121281,-0.06052035754776986
31347363,1789028323693000000,2247,HEAD_POSE_ESTIMATE,estimated,-1.3277020666353059,9.637292406248113,0.8497371094761195,0.23098477233348874,0.1091926370378643,-0.027905517178532593
31361363,1789028323707000000,2248,HEAD_POSE_ESTIMATE,estimated,-1.3130512263979923,9.612467561741527,0.8475527547575363,0.21472469537286018,0.10038100868764697,0.0004161889515133924
31375363,1789028323721000000,2249,HEAD_POSE_ESTIMATE,estimated,-1.3282841917368506,9.602098409831498,0.8287478842676383,0.19766416174929788,0.10035414828178449,0.017037927690587852
31389363,1789028323735000000,2250,HEAD_POSE_ESTIMATE,estimated,-1.3376739814087293,9.570053689866059,0.8194402945932961,0.16102734182026607,0.09409005021973366,0.03348883277111629
31403363,1789028323749000000,2251,HEAD_POSE_ESTIMATE,estimated,-1.36627262796229,9.59339817556697,0.7981415035601883,0.14422319450141086,0.09902842762585698,0.037310890404178725
31417363,1789028323763000000,2252,HEAD_POSE_ESTIMATE,estimated,-1.3859017359592953,9.597051510129493,0.7777235007825045,0.119557390635169,0.10299499732276957,0.03619804521530884
31431363,1789028323777000000,2253,HEAD_POSE_ESTIMATE,estimated,-1.4441588302819084,9.60880197313913,0.7343054763189236,0.11971423048993707,0.11792881135060371,0.02161353416093925
31445363,1789028323791000000,2254,HEAD_POSE_ESTIMATE,estimated,-1.4510162353915408,9.611394212200146,0.7199755000139418,0.1169839870824695,0.12921846636577172,0.00985043815718235
31459363,1789028323805000000,2255,HEAD_POSE_ESTIMATE,estimated,-1.4457454529892322,9.618896894678139,0.692481108870955,0.12245737658058783,0.14003722692878168,-0.003378407253104577
31472363,1789028323818000000,2256,HEAD_POSE_ESTIMATE,estimated,-1.4583261407874881,9.619553467707663,0.6692132544096436,0.12402660098653497,0.1446718952096111,-0.007911026352384685
31487363,1789028323833000000,2257,HEAD_POSE_ESTIMATE,estimated,-1.4676542880807766,9.617536172284114,0.6311099154234349,0.12361865103381456,0.1457296238325876,-0.011089547102284842
31501363,1789028323847000000,2258,HEAD_POSE_ESTIMATE,estimated,-1.487641979902651,9.61665420340515,0.5738880213764241,0.12166421266029737,0.14184288397528602,-0.007245793505368612
31515363,1789028323861000000,2259,HEAD_POSE_ESTIMATE,estimated,-1.5075174587142715,9.620460146211686,0.5152093757891062,0.11536108104251232,0.13317056159725596,0.008297979422710568
31529363,1789028323875000000,2260,HEAD_POSE_ESTIMATE,estimated,-1.520439947372813,9.630537784619543,0.4534405613109866,0.11058907119073622,0.1253703958988205,0.032410644900049336
31543363,1789028323889000000,2261,HEAD_POSE_ESTIMATE,estimated,-1.519735057706649,9.644892571499053,0.4023972379715548,0.10708006491077102,0.11881736061394334,0.06552824734595065
31557363,1789028323903000000,2262,HEAD_POSE_ESTIMATE,estimated,-1.5075889966852862,9.664154383686087,0.3518252051846478,0.1005344975222351,0.11792628984689012,0.09465368334483748
31576363,1789028323922000000,2263,HEAD_POSE_ESTIMATE,estimated,-1.4684972599513446,9.706639925220989,0.30474060508481843,0.0969698913946645,0.11916201274388377,0.11997792129436767
31585363,1789028323931000000,2264,HEAD_POSE_ESTIMATE,estimated,-1.44881766513465,9.731504865348331,0.2653754961910755,0.09225436320600798,0.12144757853817158,0.12665616036257815
31598363,1789028323944000000,2265,HEAD_POSE_ESTIMATE,estimated,-1.3998697622532368,9.759904255462418,0.2190141637909502,0.08954880199990664,0.12822808171276046,0.12050331786617986
31609363,1789028323955000000,2266,HEAD_POSE_ESTIMATE,estimated,-1.3624198704838941,9.790826162592895,0.18781264900572275,0.08792322781689212,0.1386665768276521,0.10315725120112418
31624363,1789028323970000000,2267,HEAD_POSE_ESTIMATE,estimated,-1.3036638709486166,9.81518606832197,0.1534549598299785,0.08309958538715548,0.15243504902542546,0.07017490854007633
31637363,1789028323983000000,2268,HEAD_POSE_ESTIMATE,estimated,-1.2698219408024598,9.818426573477247,0.12786877229123675,0.07775229190459505,0.1654469012074357,0.0328362985268915
31652363,1789028323998000000,2269,HEAD_POSE_ESTIMATE,estimated,-1.236373739289716,9.810289176257701,0.11565655520256674,0.0710933943180013,0.1745328738081332,-0.010842267699778354
31666363,1789028324012000000,2270,HEAD_POSE_ESTIMATE,estimated,-1.1986488321547868,9.782486389690687,0.10621923436344796,0.06755543380650207,0.1828586053418495,-0.050446809731133996
31679363,1789028324025000000,2271,HEAD_POSE_ESTIMATE,estimated,-1.1719009006795253,9.760856055264604,0.11051121704039271,0.06474218619670247,0.18515118796162755,-0.08479672063174203
31693363,1789028324039000000,2272,HEAD_POSE_ESTIMATE,estimated,-1.1538884957254272,9.72626522183947,0.1183501113105665,0.06750436887158304,0.17738097696771074,-0.10897815428970736
31707363,1789028324053000000,2273,HEAD_POSE_ESTIMATE,estimated,-1.1224794837299836,9.701306272143345,0.13112994734490088,0.07746621787771364,0.1717374386044949,-0.13099028867547305
31721363,1789028324067000000,2274,HEAD_POSE_ESTIMATE,estimated,-1.1055655053854188,9.665117594942542,0.13287799086650803,0.0813685747901359,0.15600444741005168,-0.14670439577235625
31735363,1789028324081000000,2275,HEAD_POSE_ESTIMATE,estimated,-1.079871854218554,9.635728673778326,0.13997609560329471,0.08139015041723933,0.12966805378901242,-0.1589276027992985
31749363,1789028324095000000,2276,HEAD_POSE_ESTIMATE,estimated,-1.0850681993945188,9.639451206773446,0.1406682811363581,0.07012602737446844,0.1013200107886388,-0.17113844338798248
31763363,1789028324109000000,2277,HEAD_POSE_ESTIMATE,estimated,-1.0891117100207661,9.658487675032761,0.1435646345088468,0.05522090159263952,0.06623495153390756,-0.18084432893210725
31777363,1789028324123000000,2278,HEAD_POSE_ESTIMATE,estimated,-1.113368297296989,9.687080432461697,0.15477441801635425,0.04031860181266211,0.025985133264822616,-0.18368785723360803
31791363,1789028324137000000,2279,HEAD_POSE_ESTIMATE,estimated,-1.1666830230263696,9.705357586780266,0.17001277705997722,0.029132724100880657,-0.01378434198376786,-0.1865870674954152
31805363,1789028324151000000,2280,HEAD_POSE_ESTIMATE,estimated,-1.2160309839461991,9.72380498471372,0.17769184601749982,0.023475334773576613,-0.05399718787793354,-0.18324338553721523
31820363,1789028324166000000,2281,HEAD_POSE_ESTIMATE,estimated,-1.2840635433858982,9.736387703783155,0.20704726347345792,0.02748649725692335,-0.09467015208262501,-0.18049732556458686
31832363,1789028324178000000,2282,HEAD_POSE_ESTIMATE,estimated,-1.3428622235537655,9.750320959667807,0.22566630419932443,0.037373913666775636,-0.1218745632386582,-0.1754965296060101
31847363,1789028324193000000,2283,HEAD_POSE_ESTIMATE,estimated,-1.4272129281821344,9.751370994115643,0.24554273945769695,0.054228474160512415,-0.14803481914174502,-0.1648599790033185
31861363,1789028324207000000,2284,HEAD_POSE_ESTIMATE,estimated,-1.5104098315642513,9.745659920782218,0.24690406650414481,0.06775428939448759,-0.1598945395337623,-0.1484839208352183
31874363,1789028324220000000,2285,HEAD_POSE_ESTIMATE,estimated,-1.5859906196337592,9.733906707246911,0.25191580871127695,0.0751383029584537,-0.1558376703391508,-0.12956484925386577
31888363,1789028324234000000,2286,HEAD_POSE_ESTIMATE,estimated,-1.674965114953765,9.677567535979406,0.2732896723231528,0.07225525055252671,-0.14450420373519282,-0.10821727989404566
31903363,1789028324249000000,2287,HEAD_POSE_ESTIMATE,estimated,-1.7445303613857317,9.636611833543999,0.30337653353302063,0.06136769136115861,-0.11758546139642408,-0.08582228031404743
31916363,1789028324262000000,2288,HEAD_POSE_ESTIMATE,estimated,-1.7908768693422548,9.596957152172493,0.3213974225127104,0.046087908055619554,-0.08391012606993294,-0.0686785311677522
31931363,1789028324277000000,2289,HEAD_POSE_ESTIMATE,estimated,-1.8215095172497076,9.553381658237067,0.33215331814279814,0.025563472987527633,-0.04605090982065759,-0.05359750577672658
31944363,1789028324290000000,2290,HEAD_POSE_ESTIMATE,estimated,-1.8580212669805676,9.530546129689188,0.3318442361262582,0.013194206121818949,-0.012076700760576257,-0.04557290162476542
31959363,1789028324305000000,2291,HEAD_POSE_ESTIMATE,estimated,-1.8936405102464184,9.520684453667442,0.3337511476977956,0.003097382249282992,0.026824724852155656,-0.03851507648054134
31973363,1789028324319000000,2292,HEAD_POSE_ESTIMATE,estimated,-1.9494516764264178,9.524688701413538,0.3090439685444637,0.0017015930604229038,0.05652486607941416,-0.03728193367935862
31986363,1789028324332000000,2293,HEAD_POSE_ESTIMATE,estimated,-1.9837697635327993,9.53991736309641,0.2848739770939066,0.0006937672558048362,0.08093485636891773,-0.043041033529463986
32000363,1789028324346000000,2294,HEAD_POSE_ESTIMATE,estimated,-2.033391966404538,9.555429990749586,0.2447031155207708,-0.0002797494394156391,0.10313641249337259,-0.05275112331587898
32014363,1789028324360000000,2295,HEAD_POSE_ESTIMATE,estimated,-2.0771114272836004,9.552865312401792,0.20239497946891255,-0.005020184482948307,0.11913041866726429,-0.07016470828262833
32028363,1789028324374000000,2296,HEAD_POSE_ESTIMATE,estimated,-2.0973565015405007,9.566226100585476,0.15883230898210438,-0.0075618447782140165,0.13214613811057432,-0.08122232128150772
32042363,1789028324388000000,2297,HEAD_POSE_ESTIMATE,estimated,-2.1139620979370077,9.566455403762912,0.1266184798805682,-0.009547779502226017,0.1429040726263486,-0.08410524298710095
32056363,1789028324402000000,2298,HEAD_POSE_ESTIMATE,estimated,-2.108460896471803,9.576041698312757,0.1026367670971268,-0.010243129229912828,0.15416359090980117,-0.077719370512167
32069363,1789028324415000000,2299,HEAD_POSE_ESTIMATE,estimated,-2.1075684395193637,9.583627732758883,0.09498991951590542,-0.009084667959523346,0.16589324069119635,-0.061495814860062885
32083363,1789028324429000000,2300,HEAD_POSE_ESTIMATE,estimated,-2.092450580434416,9.590650261885319,0.08602631771044991,-0.006122599961090312,0.1779781506690802,-0.04102661010957661
32098363,1789028324444000000,2301,HEAD_POSE_ESTIMATE,estimated,-2.0777697535073463,9.581553247373922,0.08326411557424415,-0.005268724345366524,0.18993326975516503,-0.01813515041767131
32111363,1789028324457000000,2302,HEAD_POSE_ESTIMATE,estimated,-2.0596879138698583,9.569305202114693,0.09262216455132863,-0.004821797246369085,0.20482878501838814,0.00026574511374816785
32126363,1789028324472000000,2303,HEAD_POSE_ESTIMATE,estimated,-2.011285678304334,9.579615888992457,0.07477244862100836,-0.009717577443930526,0.2179893142522753,0.016619940177892926
32139363,1789028324485000000,2304,HEAD_POSE_ESTIMATE,estimated,-1.9744680146256564,9.583871078700763,0.06621974016683718,-0.0226212991105838,0.22847505049239908,0.027828949772815217
32152363,1789028324498000000,2305,HEAD_POSE_ESTIMATE,estimated,-1.9309117410562489,9.598198365458867,0.06121883556825485,-0.035893425407736046,0.23652399485727987,0.03663484559442814
32167363,1789028324513000000,2306,HEAD_POSE_ESTIMATE,estimated,-1.8919878960388146,9.603677873022175,0.06899030905357469,-0.05043136061164529,0.24856717722887725,0.04450290680089008
32180363,1789028324526000000,2307,HEAD_POSE_ESTIMATE,estimated,-1.854936719767862,9.61165720482871,0.09044170982688624,-0.05705394436361831,0.2561004910590514,0.0477056271380274
32195363,1789028324541000000,2308,HEAD_POSE_ESTIMATE,estimated,-1.8220239558513258,9.627739839817641,0.10201108239640228,-0.06027059810497574,0.25610410578582177,0.04699708960872593
32208363,1789028324554000000,2309,HEAD_POSE_ESTIMATE,estimated,-1.7979549656683909,9.651838108572264,0.11491376673246648,-0.05496991730822956,0.25624238291830553,0.04051006023544227
32223363,1789028324569000000,2310,HEAD_POSE_ESTIMATE,estimated,-1.7614738061167974,9.66266568229279,0.12857862835084544,-0.04468756288086995,0.25023871593235003,0.03447381554378459
32236363,1789028324582000000,2311,HEAD_POSE_ESTIMATE,estimated,-1.7247017446249768,9.657049543544908,0.12949262706550732,-0.031244934415130883,0.23911443980873096,0.03570420568684471
32251363,1789028324597000000,2312,HEAD_POSE_ESTIMATE,estimated,-1.6887622748431452,9.64398873678284,0.11376284228002474,-0.022014564848068543,0.2245576595866729,0.03427016558582333
32264363,1789028324610000000,2313,HEAD_POSE_ESTIMATE,estimated,-1.6565429741566262,9.627657719648361,0.1121801541907922,-0.01853177624698663,0.20845761721951694,0.03867576587312011
32279363,1789028324625000000,2314,HEAD_POSE_ESTIMATE,estimated,-1.6195335180325041,9.615896803015623,0.11551024510134666,-0.020552976893982732,0.185841923636147,0.04862587340450493
32294363,1789028324640000000,2315,HEAD_POSE_ESTIMATE,estimated,-1.5986233038546482,9.594402188140048,0.1297369637776543,-0.031102486239272104,0.1673663238384333,0.06469021793299676
32305363,1789028324651000000,2316,HEAD_POSE_ESTIMATE,estimated,-1.5731244259871422,9.58556762160285,0.13935432693153038,-0.04300195991303609,0.14999870346039582,0.08081958945167153
32320363,1789028324666000000,2317,HEAD_POSE_ESTIMATE,estimated,-1.5513343121024958,9.587401317251455,0.15678254367114972,-0.059813909982646386,0.1287803356348967,0.10260803233003314
32335363,1789028324681000000,2318,HEAD_POSE_ESTIMATE,estimated,-1.5274243291185632,9.596102762529146,0.16881814298851738,-0.07892811072442421,0.10587282005903487,0.12245484156337542
32347363,1789028324693000000,2319,HEAD_POSE_ESTIMATE,estimated,-1.529668422360452,9.613568473871549,0.16645931252441065,-0.09253945256050063,0.090965205979983,0.13849937915921548
32359363,1789028324705000000,2320,HEAD_POSE_ESTIMATE,estimated,-1.5147859046532317,9.626846555849399,0.17205574840798493,-0.10257231345409205,0.0748982741772737,0.14578083628051838
32374363,1789028324720000000,2321,HEAD_POSE_ESTIMATE,estimated,-1.5093538810891398,9.655903795823326,0.1778292094095516,-0.11266105022143562,0.05573657236405822,0.13595664870207957
32388363,1789028324734000000,2322,HEAD_POSE_ESTIMATE,estimated,-1.5198260325133977,9.667089938417355,0.1862077233109241,-0.11998405431878724,0.03605240097582023,0.11297845531953649
32401363,1789028324747000000,2323,HEAD_POSE_ESTIMATE,estimated,-1.5428271082501768,9.687743680094169,0.20069020708020863,-0.12265095802554897,0.018854026362998818,0.083580207903273
32416363,1789028324762000000,2324,HEAD_POSE_ESTIMATE,estimated,-1.5716692522799032,9.715054076541396,0.20282835947794667,-0.11668342128772967,0.003817451796541204,0.055731134070227006
32430363,1789028324776000000,2325,HEAD_POSE_ESTIMATE,estimated,-1.608262054539965,9.727430856729478,0.20569290572639293,-0.1066604182611839,-0.011676968348030073,0.03169017921549229
32444363,1789028324790000000,2326,HEAD_POSE_ESTIMATE,estimated,-1.6330006464769815,9.73877617947101,0.1998141459145099,-0.09055762031220348,-0.02152337175103871,0.017156701989559806
32457363,1789028324803000000,2327,HEAD_POSE_ESTIMATE,estimated,-1.655990547371429,9.745477060344644,0.1874223531557903,-0.07340950123577075,-0.024105974987259943,0.013944659429929396
32471363,1789028324817000000,2328,HEAD_POSE_ESTIMATE,estimated,-1.6667240495455382,9.747440147606703,0.1662239283405631,-0.0560769616700249,-0.02565810641362243,0.018407988090661014
32486363,1789028324832000000,2329,HEAD_POSE_ESTIMATE,estimated,-1.655270849707209,9.743511676391169,0.16976816739534067,-0.03758831059885816,-0.023498073014490303,0.021852467119324613
32499363,1789028324845000000,2330,HEAD_POSE_ESTIMATE,estimated,-1.6235832306813285,9.730245262203132,0.17056949124884807,-0.026918732383762446,-0.018748598675623143,0.030176561816713833
32513363,1789028324859000000,2331,HEAD_POSE_ESTIMATE,estimated,-1.5911140790594116,9.714586672879811,0.1683073174730561,-0.02239515379062704,-0.015038930395310334,0.04128184033540931
32528363,1789028324874000000,2332,HEAD_POSE_ESTIMATE,estimated,-1.5487978269324028,9.720658388347172,0.1739127164797457,-0.022802929706916168,-0.007760232787911538,0.05812383598858412
32541363,1789028324887000000,2333,HEAD_POSE_ESTIMATE,estimated,-1.5219976006244118,9.739283331090995,0.1742050280804412,-0.028974100397746692,-0.0011375056285829281,0.07196166459758084
32555363,1789028324901000000,2334,HEAD_POSE_ESTIMATE,estimated,-1.4909353210359049,9.761595824817867,0.17025986845310076,-0.03652785139964869,0.005808619951610916,0.08847391855518978
32571363,1789028324917000000,2335,HEAD_POSE_ESTIMATE,estimated,-1.4570544869996314,9.77661978515366,0.1711505784723995,-0.042986500488428184,0.011544760646145694,0.10560526863765196
32583363,1789028324929000000,2336,HEAD_POSE_ESTIMATE,estimated,-1.4256614897160593,9.779925253274993,0.17680385428010054,-0.04794615088197012,0.01554672312292513,0.11643908385693653
32597363,1789028324943000000,2337,HEAD_POSE_ESTIMATE,estimated,-1.3671909420299193,9.790125060184906,0.18747567387174627,-0.05180234661117763,0.01718600903096124,0.12161262061554248
32613363,1789028324959000000,2338,HEAD_POSE_ESTIMATE,estimated,-1.320667758028166,9.766998975260881,0.21955169923701945,-0.05144906416531276,0.01739838988701238,0.11425311954783618
32625363,1789028324971000000,2339,HEAD_POSE_ESTIMATE,estimated,-1.281262012989485,9.745591753263943,0.24527926184648768,-0.049814766817502826,0.01479753751816759,0.10279862955473203
32639363,1789028324985000000,2340,HEAD_POSE_ESTIMATE,estimated,-1.2474150435405122,9.712979260660312,0.27567695765125555,-0.045745858752374906,0.009071033715218878,0.08721629684162634
32651363,1789028324997000000,2341,HEAD_POSE_ESTIMATE,estimated,-1.2291072803690901,9.67834168351473,0.29634651658874006,-0.041777125852667615,0.0012374043030248336,0.07287520916825553
32665363,1789028325011000000,2342,HEAD_POSE_ESTIMATE,estimated,-1.215913218790939,9.665299333991053,0.32678856905066356,-0.03625107133026306,-0.006267201123606667,0.06483082531251202
32680363,1789028325026000000,2343,HEAD_POSE_ESTIMATE,estimated,-1.225024210060711,9.655966172647469,0.3576776241125108,-0.034147241637277226,-0.01808777632039985,0.059374189281920155
32693363,1789028325039000000,2344,HEAD_POSE_ESTIMATE,estimated,-1.2371745016945948,9.652333787678822,0.3771105436826874,-0.03796982947368847,-0.03179111557371412,0.05975112660076318
32707363,1789028325053000000,2345,HEAD_POSE_ESTIMATE,estimated,-1.2558417676270068,9.658180817903638,0.4054170746222949,-0.050146217300057055,-0.04691032360304407,0.06154785800593763
32722363,1789028325068000000,2346,HEAD_POSE_ESTIMATE,estimated,-1.2560036190254948,9.680372625507406,0.4155274566215866,-0.06288291561099352,-0.06621761308286997,0.0618586814221838
32735363,1789028325081000000,2347,HEAD_POSE_ESTIMATE,estimated,-1.2681809980937648,9.706341597612056,0.41465769531452434,-0.07327315551128899,-0.08593801909407893,0.05974434149525961
32749363,1789028325095000000,2348,HEAD_POSE_ESTIMATE,estimated,-1.2885415165743956,9.709524551214654,0.4360310819988773,-0.07684116645619854,-0.11104914620552295,0.054418579562454814
32763363,1789028325109000000,2349,HEAD_POSE_ESTIMATE,estimated,-1.3082407415514323,9.704113352591046,0.4464880262833349,-0.07651112946361935,-0.13287188272370773,0.05666525416773973
32777363,1789028325123000000,2350,HEAD_POSE_ESTIMATE,estimated,-1.3376709345492397,9.676952345987674,0.4689864489280662,-0.07397789553150516,-0.1519589301645745,0.06214409172735043
32791363,1789028325137000000,2351,HEAD_POSE_ESTIMATE,estimated,-1.355484923716782,9.645426361990953,0.49112732625794636,-0.06497431841633572,-0.1678449749316453,0.07331204903228003
32805363,1789028325151000000,2352,HEAD_POSE_ESTIMATE,estimated,-1.3625310368388,9.627101073730259,0.5084749447268178,-0.06044816108154381,-0.17751502966170837,0.08994969367351359
32820363,1789028325166000000,2353,HEAD_POSE_ESTIMATE,estimated,-1.3454685944753169,9.611787231778402,0.5150610459601171,-0.06333263948506897,-0.18355078985229498,0.11067734078900665
32833363,1789028325179000000,2354,HEAD_POSE_ESTIMATE,estimated,-1.3205924021032407,9.598542194341459,0.5284560145905126,-0.06956253929912344,-0.1856782416736048,0.13537279230270508
32847363,1789028325193000000,2355,HEAD_POSE_ESTIMATE,estimated,-1.2961499492118158,9.596523176978172,0.5358648943079127,-0.08474366975314719,-0.18120964158478298,0.15282689149981324
32862363,1789028325208000000,2356,HEAD_POSE_ESTIMATE,estimated,-1.2551803830592216,9.608084261315138,0.5581325761340984,-0.10129486609433895,-0.17451506204191622,0.16600209545235067
32875363,1789028325221000000,2357,HEAD_POSE_ESTIMATE,estimated,-1.2286062031564526,9.61489003152698,0.5755586189084612,-0.11651628262811918,-0.1684638125557661,0.16968351776514473
32888363,1789028325234000000,2358,HEAD_POSE_ESTIMATE,estimated,-1.2104269146787108,9.635840069669863,0.6014764146668932,-0.1267841361470344,-0.16443317125937648,0.1644049002255665
32903363,1789028325249000000,2359,HEAD_POSE_ESTIMATE,estimated,-1.1972815098746719,9.667853673357973,0.6459473700055962,-0.13051450345768878,-0.16660583827595,0.15363102615896757
32916363,1789028325262000000,2360,HEAD_POSE_ESTIMATE,estimated,-1.1758892288700713,9.706350201318594,0.6785994182610544,-0.12713605802640177,-0.1749096139146585,0.14040528662555782
32930363,1789028325276000000,2361,HEAD_POSE_ESTIMATE,estimated,-1.1586347426185282,9.75919234588915,0.6995568260555745,-0.11669199149080078,-0.1898598696424892,0.12818913663031323
32944363,1789028325290000000,2362,HEAD_POSE_ESTIMATE,estimated,-1.1359056801204295,9.790887003363483,0.7282129751545198,-0.10594070031095645,-0.20845160367317123,0.11760071575534597
32959363,1789028325305000000,2363,HEAD_POSE_ESTIMATE,estimated,-1.1165937741027976,9.824049910841737,0.7446295855225515,-0.09669227348926354,-0.23136899570513111,0.11050771468411484
32972363,1789028325318000000,2364,HEAD_POSE_ESTIMATE,estimated,-1.1088779069991492,9.843797052598497,0.7645954447795422,-0.089636517764713,-0.2530642757981219,0.10748234106093944
32986363,1789028325332000000,2365,HEAD_POSE_ESTIMATE,estimated,-1.1105149945632085,9.877732934250666,0.7603887364963908,-0.08581298115952414,-0.27670684310788235,0.09843501060509179
33000363,1789028325346000000,2366,HEAD_POSE_ESTIMATE,estimated,-1.120074241847491,9.904963382914207,0.7659225145818401,-0.07544869390701682,-0.29932695373972684,0.08828960553553941
33014363,1789028325360000000,2367,HEAD_POSE_ESTIMATE,estimated,-1.1332781855723935,9.926091803151984,0.762305638253152,-0.06408986294161287,-0.32063838697491803,0.07418146133026911
33028363,1789028325374000000,2368,HEAD_POSE_ESTIMATE,estimated,-1.1455474413710165,9.938868305853003,0.7511818907133746,-0.03928650502807333,-0.3322284826204283,0.06620560593256247
33042363,1789028325388000000,2369,HEAD_POSE_ESTIMATE,estimated,-1.1473437654065337,9.927212034176076,0.7416542307068802,0.00032344055072321945,-0.3362231793004726,0.06533220071403092
33055363,1789028325401000000,2370,HEAD_POSE_ESTIMATE,estimated,-1.1494715640100912,9.916440424657843,0.7318485522350612,0.035084014939386024,-0.3281561823453271,0.06958211576867036
33069363,1789028325415000000,2371,HEAD_POSE_ESTIMATE,estimated,-1.174409111247508,9.888489595119944,0.7039065882248122,0.0674107598442223,-0.30983735392480566,0.07505064627727409
33083363,1789028325429000000,2372,HEAD_POSE_ESTIMATE,estimated,-1.1955134413380128,9.846063848428777,0.6773705730753816,0.08919288133019727,-0.2840296488108187,0.08185854918580146
33096363,1789028325442000000,2373,HEAD_POSE_ESTIMATE,estimated,-1.2041554590360477,9.807488094058122,0.6306264305039896,0.10025813360572049,-0.25215000355228595,0.08801189857236773
33111363,1789028325457000000,2374,HEAD_POSE_ESTIMATE,estimated,-1.2163573034121722,9.768975068758545,0.614279335986236,0.09868370900217231,-0.22069446483751592,0.090907877317264
33125363,1789028325471000000,2375,HEAD_POSE_ESTIMATE,estimated,-1.2087975160793734,9.754501767870929,0.5921957209649437,0.09019515263721312,-0.18707216632340917,0.09334926386972643
33139363,1789028325485000000,2376,HEAD_POSE_ESTIMATE,estimated,-1.1854604334170555,9.740188106513129,0.5916459038284861,0.07763097947423726,-0.15584366795924193,0.09231035634603615
33157363,1789028325503000000,2377,HEAD_POSE_ESTIMATE,estimated,-1.1599476325110905,9.746450231285166,0.6030724736502124,0.06616730403178703,-0.1242086916622364,0.09149517176865414
33172363,1789028325518000000,2378,HEAD_POSE_ESTIMATE,estimated,-1.12393641995375,9.745475635989608,0.6225580376360317,0.06056921738149601,-0.10237221992839014,0.09042212290926101
33180363,1789028325526000000,2379,HEAD_POSE_ESTIMATE,estimated,-1.0949251311471166,9.75223685718289,0.6287808467830037,0.06122590557097006,-0.09423138143587749,0.08875589066108786
33193363,1789028325539000000,2380,HEAD_POSE_ESTIMATE,estimated,-1.0604734015275086,9.756407709981387,0.633565407348461,0.0643039810887158,-0.084885219745162,0.08953291383639514
33208363,1789028325554000000,2381,HEAD_POSE_ESTIMATE,estimated,-1.0256426948097055,9.744394117175295,0.6426229098004277,0.07147080886832304,-0.08016149653600227,0.09243782333277316
33222363,1789028325568000000,2382,HEAD_POSE_ESTIMATE,estimated,-0.9837988176186598,9.744984310820106,0.6479943046820229,0.07667247422877509,-0.07972604161478457,0.09905615630946428
33236363,1789028325582000000,2383,HEAD_POSE_ESTIMATE,estimated,-0.9389830872327433,9.744165416094203,0.6551576152209264,0.08544588195859101,-0.07695332270751655,0.11064926101354056
33251363,1789028325597000000,2384,HEAD_POSE_ESTIMATE,estimated,-0.8754935729840397,9.731504958307575,0.6662515320154765,0.09533525022780535,-0.07494856359492832,0.12485064597548763
33264363,1789028325610000000,2385,HEAD_POSE_ESTIMATE,estimated,-0.8175729682700845,9.722218939189121,0.6827463234282912,0.10394422679945532,-0.06997104131335247,0.13626804741786588
33279363,1789028325625000000,2386,HEAD_POSE_ESTIMATE,estimated,-0.7720153855935886,9.731037661070937,0.6867942721952333,0.12031493311693023,-0.06745494326234437,0.142135576174924
33294363,1789028325640000000,2387,HEAD_POSE_ESTIMATE,estimated,-0.7405550866388698,9.730375059923901,0.6791088892127928,0.1428643736811576,-0.06689234168777214,0.14317706239881284
33306363,1789028325652000000,2388,HEAD_POSE_ESTIMATE,estimated,-0.7141617058751046,9.723754640094882,0.6747254247564219,0.1577357424521892,-0.06258636997947312,0.13858871003981454
33319363,1789028325665000000,2389,HEAD_POSE_ESTIMATE,estimated,-0.6843508802928371,9.717948318383911,0.6550495659413493,0.16750672528080926,-0.058487507694053566,0.13196759004524578
33333363,1789028325679000000,2390,HEAD_POSE_ESTIMATE,estimated,-0.6711072420834883,9.710551401803936,0.6412172548241512,0.17099358811913698,-0.05038369460404538,0.1223071697310679
33347363,1789028325693000000,2391,HEAD_POSE_ESTIMATE,estimated,-0.6562195020140471,9.70914715038183,0.6168696469742265,0.1675277985862307,-0.04192078431567845,0.1103949300848747
33361363,1789028325707000000,2392,HEAD_POSE_ESTIMATE,estimated,-0.6490243008589743,9.698569474598676,0.5993021151161773,0.1586734893234699,-0.03237354195555624,0.09842605444662897
33375363,1789028325721000000,2393,HEAD_POSE_ESTIMATE,estimated,-0.6419389317160309,9.697636282189773,0.5805924779379106,0.14790994947716468,-0.023930933346989213,0.08574838911329055
33389363,1789028325735000000,2394,HEAD_POSE_ESTIMATE,estimated,-0.631563111640141,9.688287313173081,0.5650225271743012,0.13599467718319896,-0.01497390295930787,0.07376180575428654
33405363,1789028325751000000,2395,HEAD_POSE_ESTIMATE,estimated,-0.6380000250826621,9.692370526408787,0.5514569684191158,0.1273070802123462,-0.007383614061603431,0.06156484348816955
33417363,1789028325763000000,2396,HEAD_POSE_ESTIMATE,estimated,-0.6431490319575698,9.704941576668388,0.524105919522899,0.12729732214723527,-0.00412080501184615,0.05611662526310227
33430363,1789028325776000000,2397,HEAD_POSE_ESTIMATE,estimated,-0.6576763405242072,9.721117935572723,0.49242741314113264,0.1316694443174029,-0.0021419748062697338,0.05200412798949585
33443363,1789028325789000000,2398,HEAD_POSE_ESTIMATE,estimated,-0.6597382876514316,9.747742283757017,0.4531268314262512,0.13929902035698818,-0.0010170123950968008,0.04963215630928942
33458363,1789028325804000000,2399,HEAD_POSE_ESTIMATE,estimated,-0.6568338364980992,9.766760028533632,0.4140012083427139,0.1492131862131964,-0.0022897715282368543,0.04878992782865364
33472363,1789028325818000000,2400,HEAD_POSE_ESTIMATE,estimated,-0.6467335432225216,9.771548010478037,0.37591506751814163,0.1593206579035491,-0.005488190849058016,0.052156897589184285
33486363,1789028325832000000,2401,HEAD_POSE_ESTIMATE,estimated,-0.6345165970789328,9.79595295383282,0.34463335051165456,0.16509320471182315,-0.009034615272061095,0.06013657247194471
33501363,1789028325847000000,2402,HEAD_POSE_ESTIMATE,estimated,-0.6128249152324289,9.820285964571688,0.3158924020793738,0.16855075303769182,-0.013580691340575235,0.07209674444091878
33514363,1789028325860000000,2403,HEAD_POSE_ESTIMATE,estimated,-0.5921753074441032,9.84013655567974,0.2952256420340886,0.16461694132962063,-0.01693044124811849,0.08238599509253984
33529363,1789028325875000000,2404,HEAD_POSE_ESTIMATE,estimated,-0.577528095789411,9.86431833284804,0.2707955253471313,0.1666073339169246,-0.021062975155134313,0.09286959503402314
33543363,1789028325889000000,2405,HEAD_POSE_ESTIMATE,estimated,-0.5568905313791922,9.890050382738643,0.23999291087350422,0.16936397388176208,-0.023945677970295485,0.09828326095049472
33557363,1789028325903000000,2406,HEAD_POSE_ESTIMATE,estimated,-0.5313487080693176,9.913848027933614,0.21340134068124256,0.1750234437757199,-0.026665614406483507,0.10121879105461085
33570363,1789028325916000000,2407,HEAD_POSE_ESTIMATE,estimated,-0.4955162665199052,9.921887845369348,0.18102827681263736,0.18141683329802227,-0.03043176591956153,0.10118430062844966
33585363,1789028325931000000,2408,HEAD_POSE_ESTIMATE,estimated,-0.4666384629739025,9.934122721455456,0.15630348552613457,0.18664713914040448,-0.03351096563026884,0.10133705464348236
33598363,1789028325944000000,2409,HEAD_POSE_ESTIMATE,estimated,-0.4392194188150268,9.94687346111419,0.12408438417292908,0.18807422049183484,-0.03520252446384699,0.102290568933871
33613363,1789028325959000000,2410,HEAD_POSE_ESTIMATE,estimated,-0.40577048831532647,9.958089844042666,0.0970916284697762,0.1868836269051014,-0.037318701602133006,0.10585781159417322
33626363,1789028325972000000,2411,HEAD_POSE_ESTIMATE,estimated,-0.3772812824507056,9.965364154266357,0.05789479790408106,0.18795433427249822,-0.03501348893299556,0.11098183403265469
33641363,1789028325987000000,2412,HEAD_POSE_ESTIMATE,estimated,-0.348492138314635,9.959518193433167,0.013062800722697223,0.1916548873761264,-0.028866144478552576,0.11693201383227904
33654363,1789028326000000000,2413,HEAD_POSE_ESTIMATE,estimated,-0.32518985710337667,9.93773235033749,-0.03224379584226091,0.1988041025214457,-0.020047745231446267,0.12261266184014316
33668363,1789028326014000000,2414,HEAD_POSE_ESTIMATE,estimated,-0.3046842151009574,9.901914323011939,-0.07914839286376779,0.20691542469063315,-0.009185806650616614,0.12943149858433547
33683363,1789028326029000000,2415,HEAD_POSE_ESTIMATE,estimated,-0.28216433844656785,9.860728550385822,-0.12360541725186575,0.21351859811860358,0.0014787825980894943,0.13092588876554656
33695363,1789028326041000000,2416,HEAD_POSE_ESTIMATE,estimated,-0.26135342413642493,9.827493988997427,-0.16922356679940426,0.21679799601494426,0.00994641378605845,0.1248578276605256
33709363,1789028326055000000,2417,HEAD_POSE_ESTIMATE,estimated,-0.2499060363514032,9.797713683304371,-0.21886343437237077,0.21828783358212683,0.015527411003623384,0.1111308800380895
33723363,1789028326069000000,2418,HEAD_POSE_ESTIMATE,estimated,-0.23491316656829808,9.765519139951092,-0.27426636581863467,0.21598648176166582,0.01811753525881253,0.0902234405917883
33737363,1789028326083000000,2419,HEAD_POSE_ESTIMATE,estimated,-0.22273403131187997,9.727973798024394,-0.3174675371669478,0.2123913457966615,0.016341836513891084,0.06674305485376919
33751363,1789028326097000000,2420,HEAD_POSE_ESTIMATE,estimated,-0.20849156794332557,9.684588463137194,-0.35624241023343584,0.20689204474192271,0.01244517739355906,0.04203265345135679
33765363,1789028326111000000,2421,HEAD_POSE_ESTIMATE,estimated,-0.18836832956653318,9.644733414378798,-0.38938850708932427,0.1982127432694795,0.005879498876862482,0.02485166943484556
33779363,1789028326125000000,2422,HEAD_POSE_ESTIMATE,estimated,-0.19106865388701513,9.62005000902541,-0.4154996743265236,0.1877162131231445,-0.0031393329079121546,0.019054547071143207
33792363,1789028326138000000,2423,HEAD_POSE_ESTIMATE,estimated,-0.18417035621465788,9.599524453651236,-0.4416742004992479,0.17210497684377124,-0.011444336178873152,0.016504964579313143
33807363,1789028326153000000,2424,HEAD_POSE_ESTIMATE,estimated,-0.17945643522257523,9.602103820024599,-0.46278190724792223,0.15687179668261964,-0.022123911642822486,0.01952358438232142
33821363,1789028326167000000,2425,HEAD_POSE_ESTIMATE,estimated,-0.16947252460922294,9.60855113230406,-0.48371178696691497,0.1397847684133331,-0.03153270962613064,0.021996374604393652
33835363,1789028326181000000,2426,HEAD_POSE_ESTIMATE,estimated,-0.15261894304807092,9.617942590284434,-0.5049856720428905,0.1199036726296472,-0.03897057401446789,0.022592347867849437
33849363,1789028326195000000,2427,HEAD_POSE_ESTIMATE,estimated,-0.14441545388757765,9.611620402583135,-0.5282008649539766,0.10004067789924602,-0.04647149262730529,0.019001719865657168
33863363,1789028326209000000,2428,HEAD_POSE_ESTIMATE,estimated,-0.13713081208461914,9.593972595680546,-0.54307093519697,0.07592203326590694,-0.05220760401249773,0.009856974797835783
33877363,1789028326223000000,2429,HEAD_POSE_ESTIMATE,estimated,-0.13859519016917393,9.567361810194432,-0.5634694491038179,0.04804507231469383,-0.05697870734123807,-0.0035757718567204734
33895363,1789028326241000000,2430,HEAD_POSE_ESTIMATE,estimated,-0.1706280463200189,9.536958537410165,-0.5827952289548848,0.019391498294910086,-0.05969194138466753,-0.028779954405004367
33905363,1789028326251000000,2431,HEAD_POSE_ESTIMATE,estimated,-0.18472465026843557,9.523532228221393,-0.6010611085027793,-0.004698740975598607,-0.061446780727059364,-0.04281721891294143
33920363,1789028326266000000,2432,HEAD_POSE_ESTIMATE,estimated,-0.2187390167875073,9.481741990254836,-0.6235032119522163,-0.04793498403776952,-0.06154522676838596,-0.06289522596131561
33931363,1789028326277000000,2433,HEAD_POSE_ESTIMATE,estimated,-0.2584957423614731,9.458469672792742,-0.634089725550187,-0.08084479771012715,-0.06165489033130365,-0.07450725557998412
33945363,1789028326291000000,2434,HEAD_POSE_ESTIMATE,estimated,-0.29630420893838205,9.412157794141093,-0.6574404658177875,-0.13097495192652794,-0.061330299589595585,-0.08372727035109812
33959363,1789028326305000000,2435,HEAD_POSE_ESTIMATE,estimated,-0.3341121142673243,9.37457710740747,-0.6608240475715697,-0.18883120272472742,-0.06125759972003801,-0.09090665770855139
33973363,1789028326319000000,2436,HEAD_POSE_ESTIMATE,estimated,-0.3704787815535129,9.350281066630151,-0.6713414278051009,-0.2576885485359892,-0.06318199585004632,-0.09576720334298275
33987363,1789028326333000000,2437,HEAD_POSE_ESTIMATE,estimated,-0.4061774775538538,9.350821325652738,-0.6731174520511531,-0.32504416970037414,-0.06555120592768263,-0.10198288712239288
34002363,1789028326348000000,2438,HEAD_POSE_ESTIMATE,estimated,-0.44982674903015546,9.373632350813166,-0.6284929055145343,-0.4008615706745904,-0.06765034235777108,-0.10899024033103628
34014363,1789028326360000000,2439,HEAD_POSE_ESTIMATE,estimated,-0.4725254794751536,9.40528815227586,-0.59369394555448,-0.45183890315022385,-0.06646862928000026,-0.11077457365463603
34028363,1789028326374000000,2440,HEAD_POSE_ESTIMATE,estimated,-0.5068949783506588,9.441515530730108,-0.5482613689804877,-0.5140201297296593,-0.06737027652855278,-0.11363289516948245
34043363,1789028326389000000,2441,HEAD_POSE_ESTIMATE,estimated,-0.5327532576853129,9.487983026121055,-0.4650987035523798,-0.5639004212783323,-0.06404569853855244,-0.11334350254532664
34056363,1789028326402000000,2442,HEAD_POSE_ESTIMATE,estimated,-0.5565689510789462,9.528317858752613,-0.3895431948314038,-0.6016854253479765,-0.05821651837198487,-0.11218219292664451
34070363,1789028326416000000,2443,HEAD_POSE_ESTIMATE,estimated,-0.5720771241476146,9.581426412929257,-0.2782947606229867,-0.6440949762833955,-0.0507529379452893,-0.11221693893101861
34084363,1789028326430000000,2444,HEAD_POSE_ESTIMATE,estimated,-0.5770812254060671,9.62692949243764,-0.16879954395977842,-0.6748282649094894,-0.04095646818506321,-0.11046867836505198
34098363,1789028326444000000,2445,HEAD_POSE_ESTIMATE,estimated,-0.5744542996467598,9.67608800738829,-0.03321567720728641,-0.6959176441193305,-0.027555223828441295,-0.10409789162988126
34112363,1789028326458000000,2446,HEAD_POSE_ESTIMATE,estimated,-0.5757409967689234,9.744782094701252,0.10383069398242906,-0.7178852161839594,-0.013996025100263926,-0.09707158384762807
34126363,1789028326472000000,2447,HEAD_POSE_ESTIMATE,estimated,-0.5736536421140518,9.820235417535896,0.250786032087701,-0.727826363853325,-0.0005088370981567498,-0.08511420384843361
34140363,1789028326486000000,2448,HEAD_POSE_ESTIMATE,estimated,-0.5799000783904661,9.887893142615491,0.4266834425511132,-0.7283258908543467,0.012507374033077282,-0.0691993564221006
34153363,1789028326499000000,2449,HEAD_POSE_ESTIMATE,estimated,-0.5873939779551813,9.958490928314822,0.5997700405097034,-0.7166342506726899,0.025084321960937468,-0.052339167028009455
34167363,1789028326513000000,2450,HEAD_POSE_ESTIMATE,estimated,-0.5817728325555526,10.023756510180322,0.7757475007903465,-0.6916151738724889,0.03721285107336587,-0.02623051303495351
34182363,1789028326528000000,2451,HEAD_POSE_ESTIMATE,estimated,-0.5706257262703845,10.105142948040442,0.9423568603294974,-0.6458016385574672,0.04742816177748454,-0.0036683222660004464
34196363,1789028326542000000,2452,HEAD_POSE_ESTIMATE,estimated,-0.5590327549014833,10.182288066334204,1.095189013541541,-0.5866442255262831,0.05372689563512347,0.008823718166610534
34210363,1789028326556000000,2453,HEAD_POSE_ESTIMATE,estimated,-0.5612062967842615,10.238134731853586,1.2435430120117237,-0.532880238465247,0.0566760254609623,0.009180259421490537
34223363,1789028326569000000,2454,HEAD_POSE_ESTIMATE,estimated,-0.5521165115183355,10.267356407933432,1.3512295347039869,-0.46541632689555396,0.05449188526266701,-0.005206850234157106
34238363,1789028326584000000,2455,HEAD_POSE_ESTIMATE,estimated,-0.5516742847899736,10.276365004518077,1.444032256699274,-0.37752597031390606,0.04745801544946325,-0.03149655708725992
34251363,1789028326597000000,2456,HEAD_POSE_ESTIMATE,estimated,-0.5488804134802018,10.266641789607641,1.5007355357843273,-0.2997548217486534,0.03866486680506294,-0.06425929377812574
34266363,1789028326612000000,2457,HEAD_POSE_ESTIMATE,estimated,-0.5407073374859733,10.231239481963051,1.561367589161791,-0.2113802077563297,0.02800318371679046,-0.09037247486001991
34279363,1789028326625000000,2458,HEAD_POSE_ESTIMATE,estimated,-0.5680016782398996,10.203020433787252,1.5833396466305618,-0.1342637090145851,0.018159627576903543,-0.10507778290549089
34293363,1789028326639000000,2459,HEAD_POSE_ESTIMATE,estimated,-0.5712543115527665,10.16423430970871,1.6131962642894968,-0.056994492237423706,0.010239937202689486,-0.10784585776539067
34307363,1789028326653000000,2460,HEAD_POSE_ESTIMATE,estimated,-0.5716022870722749,10.09177889895114,1.6168492681765687,0.0006342033198797664,0.0023716145198346677,-0.09639661701435896
34321363,1789028326667000000,2461,HEAD_POSE_ESTIMATE,estimated,-0.5658403673081023,10.028004837245037,1.5562930199969138,0.0408902275137978,-0.004168059449254512,-0.0803598657647282
34335363,1789028326681000000,2462,HEAD_POSE_ESTIMATE,estimated,-0.5434375802886244,9.964587089724064,1.5242926173822537,0.07179465267892084,-0.006864606058332665,-0.06162443087824494
34349363,1789028326695000000,2463,HEAD_POSE_ESTIMATE,estimated,-0.5251528748237433,9.879722326097447,1.4975604991903664,0.09537125846770969,-0.004743353489732894,-0.042557492980024404
34363363,1789028326709000000,2464,HEAD_POSE_ESTIMATE,estimated,-0.4946010707623688,9.777879381148557,1.4583292846472553,0.11079675953586128,-0.0002449843207402955,-0.0346486345615397
34376363,1789028326722000000,2465,HEAD_POSE_ESTIMATE,estimated,-0.487289421297812,9.68841379970827,1.4270879181177045,0.10624400573413723,0.004516797358933764,-0.040417487068873555
34390363,1789028326736000000,2466,HEAD_POSE_ESTIMATE,estimated,-0.5060123618264265,9.595500852189739,1.3910692585973363,0.10583902336546469,0.008908860682557139,-0.06834756736065027
34404363,1789028326750000000,2467,HEAD_POSE_ESTIMATE,estimated,-0.5212009635400671,9.522002425428065,1.3470150489749313,0.09100031451804222,0.010460349818922634,-0.09424682421629235
34418363,1789028326764000000,2468,HEAD_POSE_ESTIMATE,estimated,-0.5601565095577272,9.466606177179589,1.2957143269551123,0.07261112948419028,0.009173425244709368,-0.12180159018870317
34432363,1789028326778000000,2469,HEAD_POSE_ESTIMATE,estimated,-0.5982008734979686,9.436257704292212,1.2481088119565915,0.060038111532693055,0.003602515727225704,-0.1450627647038386
34443363,1789028326789000000,2470,HEAD_POSE_ESTIMATE,estimated,-0.619506542282489,9.426740654407942,1.205778610778445,0.03715523636123652,-0.001310561041074044,-0.1542390192668349
34457363,1789028326803000000,2471,HEAD_POSE_ESTIMATE,estimated,-0.6578811667680344,9.442070844313188,1.1695428082280683,0.0042401322949045354,-0.007523702988630351,-0.15103698696800114
34470363,1789028326816000000,2472,HEAD_POSE_ESTIMATE,estimated,-0.6901608041272492,9.484302109059248,1.1553993224259944,-0.02963311388358715,-0.012252900665371285,-0.13143989952806823
34485363,1789028326831000000,2473,HEAD_POSE_ESTIMATE,estimated,-0.722476386129428,9.554045590828531,1.135394596209809,-0.06105752742395635,-0.01627618484598691,-0.11259419182656115
34500363,1789028326846000000,2474,HEAD_POSE_ESTIMATE,estimated,-0.7470797115394046,9.592678296080118,1.1551828106149584,-0.08238673557703673,-0.01607950962978247,-0.09367453615541683
34512363,1789028326858000000,2475,HEAD_POSE_ESTIMATE,estimated,-0.766724785648095,9.607768489107656,1.1584292310838127,-0.09329751042667718,-0.015354524463085873,-0.08153443969266772
34526363,1789028326872000000,2476,HEAD_POSE_ESTIMATE,estimated,-0.8054347320538846,9.631219937200072,1.1741508032376253,-0.09344947641899533,-0.013590163228868184,-0.08255552943335331
34541363,1789028326887000000,2477,HEAD_POSE_ESTIMATE,estimated,-0.8209169967619461,9.660344895026915,1.1901538681655737,-0.09328287091556278,-0.01389519576905525,-0.0900421350219484
34554363,1789028326900000000,2478,HEAD_POSE_ESTIMATE,estimated,-0.840272524401427,9.689379501539864,1.2003518218525953,-0.0931055857000998,-0.01703444101249156,-0.1074239608625114
34569363,1789028326915000000,2479,HEAD_POSE_ESTIMATE,estimated,-0.8741976412522828,9.673275803419722,1.2260491157984594,-0.0974734261227371,-0.027563006247926524,-0.137021461601706
34584363,1789028326930000000,2480,HEAD_POSE_ESTIMATE,estimated,-0.9222025433803628,9.63965713605691,1.2376968339798469,-0.10045339622449505,-0.03597137701243929,-0.15884304541323022
34597363,1789028326943000000,2481,HEAD_POSE_ESTIMATE,estimated,-0.9607967525162969,9.597029578671652,1.2546614428947915,-0.10164498723159367,-0.04175648318468385,-0.1719981753973249
34612363,1789028326958000000,2482,HEAD_POSE_ESTIMATE,estimated,-1.006442299696289,9.576321774161016,1.2864102707110394,-0.10847361510371502,-0.04380192948175985,-0.17127047695373232
34625363,1789028326971000000,2483,HEAD_POSE_ESTIMATE,estimated,-1.030407944260053,9.577314131335088,1.2969445721498074,-0.11006506267807004,-0.0383239361808155,-0.16545784329848584
34641363,1789028326987000000,2484,HEAD_POSE_ESTIMATE,estimated,-1.0678565956983215,9.592923807847644,1.3213843631876971,-0.11011175136314495,-0.02644203258814244,-0.1549796130564902
34652363,1789028326998000000,2485,HEAD_POSE_ESTIMATE,estimated,-1.0901935786450443,9.616948737225293,1.323006308322963,-0.10818591075097378,-0.013024300576912078,-0.13867347741959823
34666363,1789028327012000000,2486,HEAD_POSE_ESTIMATE,estimated,-1.1013575982280974,9.629831713258024,1.3161111474499647,-0.10015848806811711,0.0018911834651558937,-0.12531240294862908
34680363,1789028327026000000,2487,HEAD_POSE_ESTIMATE,estimated,-1.093760377539819,9.64432230161941,1.2954104667445638,-0.08702751501366475,0.020550581174453453,-0.10929450779482765
34693363,1789028327039000000,2488,HEAD_POSE_ESTIMATE,estimated,-1.0976611818587005,9.649870269421756,1.2836115968273398,-0.07179690743517413,0.038461731425210754,-0.09625674072073241
34707363,1789028327053000000,2489,HEAD_POSE_ESTIMATE,estimated,-1.1004834779408257,9.65373088577844,1.2625395908379264,-0.06423766784744811,0.05231374284049061,-0.07742784021660282
34722363,1789028327068000000,2490,HEAD_POSE_ESTIMATE,estimated,-1.1200139121590713,9.65600024044115,1.2340653860741202,-0.0598017490292343,0.06288310175734986,-0.06307271502963942
34735363,1789028327081000000,2491,HEAD_POSE_ESTIMATE,estimated,-1.133801944048746,9.668713872191281,1.207076188671246,-0.057458768426138666,0.07007169453722828,-0.054740316579027504
34750363,1789028327096000000,2492,HEAD_POSE_ESTIMATE,estimated,-1.150471754674265,9.693687953523575,1.190015330902612,-0.05634187440167004,0.07437503521441537,-0.04963301137707098
34764363,1789028327110000000,2493,HEAD_POSE_ESTIMATE,estimated,-1.157690868166323,9.702177154784328,1.173535365395686,-0.05680059006928696,0.08212453275908534,-0.04633580351842849
34778363,1789028327124000000,2494,HEAD_POSE_ESTIMATE,estimated,-1.1567974195541644,9.696623227035154,1.170058636258679,-0.05996291241862255,0.09217782377947163,-0.04380798530450192
34792363,1789028327138000000,2495,HEAD_POSE_ESTIMATE,estimated,-1.1689412295906556,9.66480926456169,1.1859853627954877,-0.06551955531467553,0.11219205958560494,-0.03753484837760777
34806363,1789028327152000000,2496,HEAD_POSE_ESTIMATE,estimated,-1.1808679024998414,9.635107583215976,1.2139968340516125,-0.07314941870688814,0.12967724151715207,-0.03663933339596779
34820363,1789028327166000000,2497,HEAD_POSE_ESTIMATE,estimated,-1.2121419688619066,9.623684383525266,1.2410604038478577,-0.08324108655146782,0.14781299505535864,-0.03646102375880129
34833363,1789028327179000000,2498,HEAD_POSE_ESTIMATE,estimated,-1.232425290102117,9.636557054388712,1.272736031228979,-0.09433804649340376,0.16414948823041844,-0.039519729756197865
34847363,1789028327193000000,2499,HEAD_POSE_ESTIMATE,estimated,-1.2560894977358246,9.647659657253554,1.3144283218103956,-0.10944569887197658,0.18127139116407864,-0.0352359273488055
34862363,1789028327208000000,2500,HEAD_POSE_ESTIMATE,estimated,-1.2831793824222593,9.652246657538027,1.3538569784033043,-0.12306349079752531,0.19572420128524462,-0.02869749973160622
34876363,1789028327222000000,2501,HEAD_POSE_ESTIMATE,estimated,-1.292808527196123,9.663330767149237,1.3745601357532202,-0.13679713174771516,0.20773604573444765,-0.024989493678144015
34889363,1789028327235000000,2502,HEAD_POSE_ESTIMATE,estimated,-1.2738872972483448,9.64544550571527,1.3877850815502968,-0.1508707200917509,0.21735164959580716,-0.024467539126798596
34904363,1789028327250000000,2503,HEAD_POSE_ESTIMATE,estimated,-1.2593517058665742,9.632560371971076,1.3902841985445775,-0.153742768948579,0.22001040343214903,-0.031543700860151624
34918363,1789028327264000000,2504,HEAD_POSE_ESTIMATE,estimated,-1.257410282571841,9.63031574929114,1.3901316944784645,-0.1450507709354448,0.21717285974344172,-0.03899167958104086
34932363,1789028327278000000,2505,HEAD_POSE_ESTIMATE,estimated,-1.2625703932429158,9.626620301001676,1.3889673179607338,-0.12045513032229646,0.21084358294760175,-0.0479502947604045
34945363,1789028327291000000,2506,HEAD_POSE_ESTIMATE,estimated,-1.2668760302024789,9.611055816293172,1.381797671179785,-0.09695175176018955,0.20362928344408723,-0.04814124498502696
34960363,1789028327306000000,2507,HEAD_POSE_ESTIMATE,estimated,-1.2882527195979498,9.589821541911743,1.36640194958963,-0.07505583300110313,0.1971807063214325,-0.04177731790341524
34971363,1789028327317000000,2508,HEAD_POSE_ESTIMATE,estimated,-1.3062179397851659,9.5694552867592,1.3590358840559151,-0.06454927860081656,0.19520509958435853,-0.032739446813973144
34986363,1789028327332000000,2509,HEAD_POSE_ESTIMATE,estimated,-1.328374978445526,9.546941828718229,1.3463144994516423,-0.060973265430061444,0.1955743494913529,-0.01740042264146521
35000363,1789028327346000000,2510,HEAD_POSE_ESTIMATE,estimated,-1.329436145964582,9.52747572292969,1.2988668836346766,-0.0662939136080452,0.19816062793625694,-0.0023444507574357735
35015363,1789028327361000000,2511,HEAD_POSE_ESTIMATE,estimated,-1.332770182584183,9.499385894390796,1.2756915807357674,-0.08969513333713501,0.20485871232208958,0.007196622918091733
35028363,1789028327374000000,2512,HEAD_POSE_ESTIMATE,estimated,-1.3450589434568665,9.454227597997388,1.26268465261666,-0.11999030895967341,0.21805743657419352,0.011080831635616642
35042363,1789028327388000000,2513,HEAD_POSE_ESTIMATE,estimated,-1.3679679939835194,9.415935304932129,1.2567373861763047,-0.15816426751500348,0.23013223602312624,0.004416935737987623
35056363,1789028327402000000,2514,HEAD_POSE_ESTIMATE,estimated,-1.398921597394678,9.37634648138128,1.2369937353598135,-0.19677107873715746,0.23921852413948191,-0.010890853532786146
35070363,1789028327416000000,2515,HEAD_POSE_ESTIMATE,estimated,-1.4355465626412685,9.340970781617052,1.2287150857755162,-0.2290160109555099,0.24599784856382917,-0.038743942690542724
35084363,1789028327430000000,2516,HEAD_POSE_ESTIMATE,estimated,-1.4531110584408014,9.303423074899094,1.1779474248737651,-0.2561705660395817,0.24521888689378674,-0.06918855395300781
35099363,1789028327445000000,2517,HEAD_POSE_ESTIMATE,estimated,-1.468038558564803,9.25251871770289,1.1424579018742311,-0.28466502107639846,0.2339534374570899,-0.10293795529445268
35110363,1789028327456000000,2518,HEAD_POSE_ESTIMATE,estimated,-1.465148123743063,9.199147587461544,1.1144850322994677,-0.3019391843166176,0.21621569857582143,-0.12210276896781953
35125363,1789028327471000000,2519,HEAD_POSE_ESTIMATE,estimated,-1.464561718753796,9.101974692230137,1.0662172325482209,-0.32417586332675413,0.1913253454358489,-0.14075369394161463
35139363,1789028327485000000,2520,HEAD_POSE_ESTIMATE,estimated,-1.4699321107420438,9.002965367297424,1.0099777779787513,-0.3506616270749654,0.16140036639132715,-0.14521245504429897
35153363,1789028327499000000,2521,HEAD_POSE_ESTIMATE,estimated,-1.457472249911876,8.908243141746379,0.9816297371252878,-0.40172053669386026,0.12242036652057728,-0.1365802861726239
35167363,1789028327513000000,2522,HEAD_POSE_ESTIMATE,estimated,-1.4529083720597096,8.828878830546712,0.9753658316382912,-0.44198988277142287,0.08520376175599871,-0.11650733687333238
35182363,1789028327528000000,2523,HEAD_POSE_ESTIMATE,estimated,-1.4374371817816751,8.735624516332804,0.98714200752259,-0.49705895429933133,0.04424724771709613,-0.08923155526301028
35195363,1789028327541000000,2524,HEAD_POSE_ESTIMATE,estimated,-1.4156775416065575,8.661687035465357,1.0481901653411767,-0.5689391138738251,0.004529001197891088,-0.060824569351200404
35209363,1789028327555000000,2525,HEAD_POSE_ESTIMATE,estimated,-1.3752939988200523,8.603989996145698,1.1276654563356283,-0.6426824694475135,-0.0275023573471846,-0.03998821400891135
35223363,1789028327569000000,2526,HEAD_POSE_ESTIMATE,estimated,-1.3366835365819778,8.56683948211863,1.25115707913671,-0.7423361512979189,-0.059638542285247384,-0.027359278447727287
35237363,1789028327583000000,2527,HEAD_POSE_ESTIMATE,estimated,-1.2845619965511812,8.519324458467306,1.450706052234686,-0.8488943192718514,-0.09204382260097715,-0.016820470676703565
35249363,1789028327595000000,2528,HEAD_POSE_ESTIMATE,estimated,-1.2621939020442567,8.49099651287593,1.6346534440174412,-0.9508261462362617,-0.1192559004772073,-0.019468785634864587
35264363,1789028327610000000,2529,HEAD_POSE_ESTIMATE,estimated,-1.24430943904188,8.47555330369183,1.8437908209885947,-1.0726999751108715,-0.1556536327411414,-0.022610117953375097
35278363,1789028327624000000,2530,HEAD_POSE_ESTIMATE,estimated,-1.2440042010908423,8.441755231718329,2.134146635154149,-1.1817080928482169,-0.19249814153063044,-0.02417447456711233
35291363,1789028327637000000,2531,HEAD_POSE_ESTIMATE,estimated,-1.2490486997949077,8.413377258764946,2.4022304382095947,-1.2750656216681802,-0.22925020578468164,-0.02310092468428716
35306363,1789028327652000000,2532,HEAD_POSE_ESTIMATE,estimated,-1.2378364851561698,8.416910989555591,2.670342712913203,-1.3540660492572931,-0.2610664598490206,-0.009095788634388577
35319363,1789028327665000000,2533,HEAD_POSE_ESTIMATE,estimated,-1.21124499068706,8.408175608692279,2.990202420337935,-1.401350763219827,-0.28015356617525944,0.008397229653115956
35334363,1789028327680000000,2534,HEAD_POSE_ESTIMATE,estimated,-1.1913644277659075,8.404673585526611,3.315814512500514,-1.4304264013385428,-0.3048613369949764,0.013917102416678115
35348363,1789028327694000000,2535,HEAD_POSE_ESTIMATE,estimated,-1.2014895477241239,8.423527576571926,3.6485776817407234,-1.4564064375867536,-0.32961765971970197,0.009652917717098518
35362363,1789028327708000000,2536,HEAD_POSE_ESTIMATE,estimated,-1.1876889632124716,8.408150589970685,3.8861101068815778,-1.4419974868809327,-0.3446125969592235,-0.006284543980397355
35376363,1789028327722000000,2537,HEAD_POSE_ESTIMATE,estimated,-1.1797940827542757,8.37594266640403,4.104243314276679,-1.3997267285799617,-0.35771228085358203,-0.037779166772639185
35390363,1789028327736000000,2538,HEAD_POSE_ESTIMATE,estimated,-1.1850944323891202,8.307644712963306,4.323176777348024,-1.3814520568540543,-0.3808852802820907,-0.09100764930644001
35404363,1789028327750000000,2539,HEAD_POSE_ESTIMATE,estimated,-1.1786418883458507,8.24915147599277,4.553272138241499,-1.3527950673208688,-0.4036445913047879,-0.14844264760167336
35418363,1789028327764000000,2540,HEAD_POSE_ESTIMATE,estimated,-1.193188705338386,8.23013056635835,4.854321669047322,-1.3127643564244833,-0.42872704990613875,-0.20189077466986433
35432363,1789028327778000000,2541,HEAD_POSE_ESTIMATE,estimated,-1.2073199136665815,8.263763502466132,5.1089125814179495,-1.2930242107388497,-0.4569466882530931,-0.24397150542940702
35447363,1789028327793000000,2542,HEAD_POSE_ESTIMATE,estimated,-1.222814974363219,8.290403620198763,5.379932274333493,-1.2533039069319525,-0.48425820896816957,-0.2829002057752437
35465363,1789028327811000000,2543,HEAD_POSE_ESTIMATE,estimated,-1.2528422850145269,8.340643846963337,5.616460418952388,-1.2160516772352938,-0.5221018240118477,-0.30120832523280083
35474363,1789028327820000000,2544,HEAD_POSE_ESTIMATE,estimated,-1.2579667247903712,8.322247353696042,5.798541770342788,-1.1906118901453036,-0.537748446479739,-0.3051251478305716
35486363,1789028327832000000,2545,HEAD_POSE_ESTIMATE,estimated,-1.2646826294349494,8.253161420654024,5.9731102128003695,-1.1449842611699292,-0.5464695044237339,-0.2933455668415989
35500363,1789028327846000000,2546,HEAD_POSE_ESTIMATE,estimated,-1.2796573802241555,8.213872689776187,6.155865419560147,-1.0819000017683236,-0.5443726839210062,-0.2742696841394169
35514363,1789028327860000000,2547,HEAD_POSE_ESTIMATE,estimated,-1.297327557939699,8.171671141289341,6.364537792883507,-1.0113664803054234,-0.5355631110020992,-0.2590047931467851
35529363,1789028327875000000,2548,HEAD_POSE_ESTIMATE,estimated,-1.32308460431942,8.14824609967046,6.6073810275989056,-0.940960055935484,-0.5244789707630882,-0.25700832359396486
35542363,1789028327888000000,2549,HEAD_POSE_ESTIMATE,estimated,-1.3365918952431075,8.117701018679552,6.776568136156506,-0.8729207202966044,-0.5100908440533937,-0.25869361843573574
35556363,1789028327902000000,2550,HEAD_POSE_ESTIMATE,estimated,-1.3638847125782942,8.073971782837408,6.951983335705162,-0.7930435412847902,-0.4876425585009632,-0.25766875846231097
35570363,1789028327916000000,2551,HEAD_POSE_ESTIMATE,estimated,-1.4109315226225798,8.046681046977302,7.018323375882566,-0.7078907569315082,-0.46553951387807035,-0.2639738070770707
35584363,1789028327930000000,2552,HEAD_POSE_ESTIMATE,estimated,-1.4219532547956835,7.95954624951007,7.055556501791271,-0.651987064474818,-0.4544603975719948,-0.2596280457767509
35596363,1789028327942000000,2553,HEAD_POSE_ESTIMATE,estimated,-1.4464262440075653,7.870010890001479,7.024012724506336,-0.6189579835835273,-0.44569306483681403,-0.2590174478802011
35610363,1789028327956000000,2554,HEAD_POSE_ESTIMATE,estimated,-1.4641061114120202,7.800149703722665,7.135268632138775,-0.5811132186904512,-0.43848026863705325,-0.24627946798769154
35625363,1789028327971000000,2555,HEAD_POSE_ESTIMATE,estimated,-1.4747723585804646,7.794192847092469,7.237942470088282,-0.54667683852768,-0.43035287390161014,-0.22486954514935
35639363,1789028327985000000,2556,HEAD_POSE_ESTIMATE,estimated,-1.4641882086099098,7.818831666638264,7.313150681840946,-0.5233135661413558,-0.43216719603729686,-0.19586928138414603
35652363,1789028327998000000,2557,HEAD_POSE_ESTIMATE,estimated,-1.4473173438278069,7.869421316670718,7.3165463519002705,-0.4896534648061168,-0.4328603544010071,-0.1640644790902923
35667363,1789028328013000000,2558,HEAD_POSE_ESTIMATE,estimated,-1.4248044613235262,7.923869662745636,7.299289583048477,-0.4498697264813564,-0.43502991638804245,-0.12727555879981853
35680363,1789028328026000000,2559,HEAD_POSE_ESTIMATE,estimated,-1.3699229999788411,7.98927230580437,7.250702689864717,-0.40722694305366275,-0.44117025791129355,-0.0989522253450619
35695363,1789028328041000000,2560,HEAD_POSE_ESTIMATE,estimated,-1.302874691033833,8.062532018622537,7.166845199114857,-0.3642777214499424,-0.4506669062116818,-0.06872062240267303
35708363,1789028328054000000,2561,HEAD_POSE_ESTIMATE,estimated,-1.2028262040620197,8.040274740182113,7.0585940316250655,-0.33002118805598774,-0.4650777142112233,-0.05555843482154711
35724363,1789028328070000000,2562,HEAD_POSE_ESTIMATE,estimated,-1.0719619474814686,8.081090155181146,6.8839775619002745,-0.2828192385216297,-0.468714366155088,-0.017308933067762294
35736363,1789028328082000000,2563,HEAD_POSE_ESTIMATE,estimated,-0.953519623388047,8.066081369988606,6.761996960638181,-0.24146131915863273,-0.46029114194452964,0.02534548636816958
35754363,1789028328100000000,2564,HEAD_POSE_ESTIMATE,estimated,-0.7761717119858361,8.0608136886542,6.483409306741713,-0.17080089315332053,-0.4266568628871014,0.11250878013579836
35764363,1789028328110000000,2565,HEAD_POSE_ESTIMATE,estimated,-0.6601263102344219,8.035081794740845,6.328944995943241,-0.14182116030738506,-0.40652139329715303,0.1478578731548515
35777363,1789028328123000000,2566,HEAD_POSE_ESTIMATE,estimated,-0.5154752947092083,7.981860807872377,6.112372223937011,-0.11366015541254455,-0.36074179760389397,0.2010221809986728
35791363,1789028328137000000,2567,HEAD_POSE_ESTIMATE,estimated,-0.3650726825178348,7.891551896411842,5.880575223167665,-0.09997034681078236,-0.3030073596958781,0.2509918369616871
35805363,1789028328151000000,2568,HEAD_POSE_ESTIMATE,estimated,-0.2504506529529043,7.789413753038574,5.727865334107738,-0.09847044083974206,-0.24282695272927712,0.2855767250259283
35818363,1789028328164000000,2569,HEAD_POSE_ESTIMATE,estimated,-0.15686010057125804,7.6705929435718225,5.639654632110409,-0.11110061406757485,-0.1823930050655942,0.31104175981439913
35832363,1789028328178000000,2570,HEAD_POSE_ESTIMATE,estimated,-0.0783794941144384,7.526045293410344,5.527157338412949,-0.12095185485931473,-0.11611562099323797,0.32674559392691277
35847363,1789028328193000000,2571,HEAD_POSE_ESTIMATE,estimated,-0.03365030893171728,7.3488245850200125,5.454805209231743,-0.15091370904243923,-0.06016534039342596,0.32732067273417553
35860363,1789028328206000000,2572,HEAD_POSE_ESTIMATE,estimated,-0.017042812172141486,7.129357157115324,5.498364052988858,-0.19039611371330709,-0.016063688898966717,0.31063766477558513
35874363,1789028328220000000,2573,HEAD_POSE_ESTIMATE,estimated,-0.02592824278003808,6.963766282213119,5.507131426094773,-0.22206243596165087,0.016129928573135558,0.2982127501761434
35888363,1789028328234000000,2574,HEAD_POSE_ESTIMATE,estimated,-0.013855894388511092,6.821674941478053,5.421250337571178,-0.24168558564039555,0.047743847592651954,0.2888231746415245
35902363,1789028328248000000,2575,HEAD_POSE_ESTIMATE,estimated,0.005127539387483504,6.650897521631528,5.4077002593113725,-0.24762826533847523,0.07681403308010176,0.2984800457496396
35916363,1789028328262000000,2576,HEAD_POSE_ESTIMATE,estimated,0.01208477160635374,6.462747279815633,5.429646022745571,-0.2512691402544637,0.1147010825221365,0.3282629073303708
35932363,1789028328278000000,2577,HEAD_POSE_ESTIMATE,estimated,-0.009272296105090672,6.239932846257852,5.554054806057626,-0.24002663160001,0.1669811137118359,0.3854926449893989
35943363,1789028328289000000,2578,HEAD_POSE_ESTIMATE,estimated,-0.01620263669952915,6.114308524550766,5.664537483332673,-0.24115194241536345,0.20212842537177975,0.41606329586399504
35959363,1789028328305000000,2579,HEAD_POSE_ESTIMATE,estimated,-0.046028487016108066,5.962522224704183,5.822206707402687,-0.2762006748427395,0.25774909084992514,0.4451338740518861
35977363,1789028328323000000,2580,HEAD_POSE_ESTIMATE,estimated,-0.08802889074317863,5.94547860027242,6.105600392111169,-0.3698461202465925,0.3288143097402953,0.4487813483156671
35990363,1789028328336000000,2581,HEAD_POSE_ESTIMATE,estimated,-0.11984908398950106,5.890216671595168,6.313463908107053,-0.4178849075616696,0.37030880304628566,0.4596235859655677
35998363,1789028328344000000,2582,HEAD_POSE_ESTIMATE,estimated,-0.14412813318905804,5.8624932243400805,6.469296503894774,-0.4757892313497111,0.3989349841073395,0.46275945924454437
36013363,1789028328359000000,2583,HEAD_POSE_ESTIMATE,estimated,-0.2398486717783177,5.854400815166667,6.81709578646678,-0.5585110237816647,0.44159619905394476,0.4669372851400291
36027363,1789028328373000000,2584,HEAD_POSE_ESTIMATE,estimated,-0.3384413114399211,5.844893234843166,7.170059828277038,-0.623556948575888,0.4805701777260347,0.4732940275702637
36042363,1789028328388000000,2585,HEAD_POSE_ESTIMATE,estimated,-0.4623574036819839,5.775364229637195,7.54840190968021,-0.6827746796762473,0.5037930778074853,0.4695106522429809
36055363,1789028328401000000,2586,HEAD_POSE_ESTIMATE,estimated,-0.5285999571513054,5.735405725352763,7.778028389765605,-0.7180419166431251,0.5146486621064346,0.46525799959584524
36069363,1789028328415000000,2587,HEAD_POSE_ESTIMATE,estimated,-0.6128158133210764,5.653645730741317,8.079460826291342,-0.7353476298091655,0.5162672851479981,0.44774733377882425
36083363,1789028328429000000,2588,HEAD_POSE_ESTIMATE,estimated,-0.6641527746996989,5.571437499018867,8.336832469465227,-0.7300415734104899,0.5111105173403826,0.44204329643496454
36097363,1789028328443000000,2589,HEAD_POSE_ESTIMATE,estimated,-0.655822706155456,5.549894083995371,8.40894125321027,-0.7305955046778709,0.5095693247826896,0.44955717617379604
36111363,1789028328457000000,2590,HEAD_POSE_ESTIMATE,estimated,-0.6415651378053635,5.528410750113194,8.468136067581716,-0.7385755732090851,0.5121900938886079,0.46091222915295393
36125363,1789028328471000000,2591,HEAD_POSE_ESTIMATE,estimated,-0.6533420079212635,5.496724852843414,8.655799175992826,-0.7416704863743453,0.5131849476661098,0.4662576895052948
36139363,1789028328485000000,2592,HEAD_POSE_ESTIMATE,estimated,-0.670961562885586,5.464537639653629,8.81993875175877,-0.7618562056272465,0.5150864423007407,0.47005210932173763
36153363,1789028328499000000,2593,HEAD_POSE_ESTIMATE,estimated,-0.6617514311597104,5.445651000300384,8.959900287754252,-0.7813290811693593,0.5154718551397333,0.4571386613920541
36167363,1789028328513000000,2594,HEAD_POSE_ESTIMATE,estimated,-0.6360884388130901,5.451578188607983,9.030528308473531,-0.785841278980627,0.5175312404927951,0.4513508144609608
36180363,1789028328526000000,2595,HEAD_POSE_ESTIMATE,estimated,-0.600414651065844,5.457960231232499,9.113764189714178,-0.7677340977387395,0.5107380983609747,0.4436037455020604
36195363,1789028328541000000,2596,HEAD_POSE_ESTIMATE,estimated,-0.5740687985581355,5.526897149204257,9.21407939966845,-0.7266196464424279,0.4981393706014663,0.4399645632432216
36209363,1789028328555000000,2597,HEAD_POSE_ESTIMATE,estimated,-0.6006849981304557,5.57728957040498,9.278427908522277,-0.6815942202072472,0.48405270074007356,0.4325288572472234
36223363,1789028328569000000,2598,HEAD_POSE_ESTIMATE,estimated,-0.5998031810495188,5.60216051193192,9.313619220483252,-0.6229271030654321,0.46007058624195346,0.41250388412359357
36237363,1789028328583000000,2599,HEAD_POSE_ESTIMATE,estimated,-0.5939170407102995,5.62163002635423,9.316808435051206,-0.5531430584880247,0.42617471782712907,0.3813632568924722
36253363,1789028328599000000,2600,HEAD_POSE_ESTIMATE,estimated,-0.6126977523966577,5.634778643733916,9.283142639231086,-0.48788070061116035,0.39256348188441903,0.3385117792431535
36265363,1789028328611000000,2601,HEAD_POSE_ESTIMATE,estimated,-0.6342970283421105,5.594603453520146,9.272349044587287,-0.4257742951958389,0.3614372160195975,0.3049803229004084
36280363,1789028328626000000,2602,HEAD_POSE_ESTIMATE,estimated,-0.6439886943282642,5.559081818849881,9.230565101423437,-0.34866277008928087,0.3215329383745353,0.2727521549780662
36292363,1789028328638000000,2603,HEAD_POSE_ESTIMATE,estimated,-0.6772325156574066,5.480387229248248,9.199263097393098,-0.2913325138066319,0.29467374809607844,0.25743203696310346
36306363,1789028328652000000,2604,HEAD_POSE_ESTIMATE,estimated,-0.7133157056545242,5.406264301756613,9.171214069301158,-0.22645578971570932,0.2556690577002701,0.2376879181062535
36324363,1789028328670000000,2605,HEAD_POSE_ESTIMATE,estimated,-0.7274150610878102,5.375362712844549,9.102418881911564,-0.1615501163209984,0.20697753681641498,0.21738127349742498
36332363,1789028328678000000,2606,HEAD_POSE_ESTIMATE,estimated,-0.7356167750545858,5.370252209947179,9.091477911454502,-0.1353718429226905,0.18110748273054192,0.20881960648797346
36346363,1789028328692000000,2607,HEAD_POSE_ESTIMATE,estimated,-0.7520381856360809,5.355255182088317,9.052370356246556,-0.10150158610024713,0.14415817450558074,0.19599102968625653
36361363,1789028328707000000,2608,HEAD_POSE_ESTIMATE,estimated,-0.738040906568768,5.391245880363172,8.982414404864272,-0.06079341948875951,0.09632512589041295,0.1771092253694928
36375363,1789028328721000000,2609,HEAD_POSE_ESTIMATE,estimated,-0.7195747382042297,5.4079251868069536,8.917216841891786,-0.03599083581677434,0.048067911073220906,0.1607289926499203
36389363,1789028328735000000,2610,HEAD_POSE_ESTIMATE,estimated,-0.7267712554278396,5.423445357810489,8.848900013934967,-0.011240870258059355,-0.007227714401655951,0.137774238979326
36403363,1789028328749000000,2611,HEAD_POSE_ESTIMATE,estimated,-0.7104707166942998,5.445854052322655,8.764382953232396,0.008438876252544709,-0.06259246546584922,0.11569497054943756
36417363,1789028328763000000,2612,HEAD_POSE_ESTIMATE,estimated,-0.7231344618377281,5.475685052027649,8.683447099286626,0.030878753988657266,-0.11823353385702406,0.09275206384133056
36431363,1789028328777000000,2613,HEAD_POSE_ESTIMATE,estimated,-0.7383394024308343,5.506279996027878,8.600103398642922,0.06565829928723142,-0.1760583493551074,0.07030462799916361
36445363,1789028328791000000,2614,HEAD_POSE_ESTIMATE,estimated,-0.7349276212363021,5.492925568436211,8.516743826338441,0.09740396992680345,-0.21324901084168443,0.060525151917091
36459363,1789028328805000000,2615,HEAD_POSE_ESTIMATE,estimated,-0.7314012300595453,5.486266937015497,8.458377060158723,0.13643544917274264,-0.24472755517266354,0.04783343358467
36473363,1789028328819000000,2616,HEAD_POSE_ESTIMATE,estimated,-0.7443088771842443,5.439375895674244,8.401962246337794,0.1812143226904085,-0.2687403524946552,0.03713371183583379
36487363,1789028328833000000,2617,HEAD_POSE_ESTIMATE,estimated,-0.7511301564976501,5.398082664841489,8.370211807854773,0.21079037777098172,-0.2785896443050126,0.028475879209874676
36500363,1789028328846000000,2618,HEAD_POSE_ESTIMATE,estimated,-0.7360574669677911,5.375777643845458,8.337029733854346,0.21874086392908218,-0.2729284746933266,0.02866431538619742
36515363,1789028328861000000,2619,HEAD_POSE_ESTIMATE,estimated,-0.7349778622020571,5.355952458219144,8.300950539837341,0.20535431610772856,-0.24947065479096636,0.03708615172361657
36528363,1789028328874000000,2620,HEAD_POSE_ESTIMATE,estimated,-0.7194433158096983,5.3622401991977995,8.288696809405566,0.17703042784478382,-0.21404249307781764,0.05528531820980176
36542363,1789028328888000000,2621,HEAD_POSE_ESTIMATE,estimated,-0.7075356482403765,5.385519026407509,8.2894646239752,0.14335991033202555,-0.17033290350065663,0.07269705745996188
36556363,1789028328902000000,2622,HEAD_POSE_ESTIMATE,estimated,-0.6863584680131822,5.404336888871806,8.293822034952576,0.10497044215051511,-0.12155025660282562,0.0870137966786382
36569363,1789028328915000000,2623,HEAD_POSE_ESTIMATE,estimated,-0.6520447026042839,5.421462520557441,8.309225071600043,0.07867850419777109,-0.08432632975962916,0.09089460938274424
36584363,1789028328930000000,2624,HEAD_POSE_ESTIMATE,estimated,-0.6036431539307308,5.474467846297003,8.320649203857824,0.04551173913881663,-0.041860992061697,0.08861953397662178
36598363,1789028328944000000,2625,HEAD_POSE_ESTIMATE,estimated,-0.5693781717431815,5.515737345238309,8.341920992736757,0.015857284599116818,-0.0063995376442446865,0.08141411433928981
36611363,1789028328957000000,2626,HEAD_POSE_ESTIMATE,estimated,-0.5384038996975457,5.575924602830654,8.330652224381332,-0.006509174394754308,0.01558920990568445,0.06701925220213852
36626363,1789028328972000000,2627,HEAD_POSE_ESTIMATE,estimated,-0.4969220594737601,5.657491529659836,8.323870979050726,-0.02652100197277043,0.038205020412986956,0.05697498323677133
36640363,1789028328986000000,2628,HEAD_POSE_ESTIMATE,estimated,-0.48734085123675797,5.723137026196941,8.30054395071485,-0.033743577334207735,0.05040047914374042,0.05525045863388031
36653363,1789028328999000000,2629,HEAD_POSE_ESTIMATE,estimated,-0.478944159223633,5.767353773344757,8.277577166574405,-0.03106224759659897,0.0561832643713164,0.055511243563340605
36667363,1789028329013000000,2630,HEAD_POSE_ESTIMATE,estimated,-0.4813319806438907,5.80413748089173,8.232582767335215,-0.027522549498987626,0.056715691032283806,0.06875247521254237
36682363,1789028329028000000,2631,HEAD_POSE_ESTIMATE,estimated,-0.48684391435189056,5.816148611781106,8.174863731912925,-0.022023131494837027,0.050994563928117596,0.07810085564582347
36695363,1789028329041000000,2632,HEAD_POSE_ESTIMATE,estimated,-0.48386567430303573,5.835206730160367,8.100935265251737,-0.011664881899720215,0.04038481443069932,0.07828876504919828
36709363,1789028329055000000,2633,HEAD_POSE_ESTIMATE,estimated,-0.47690340088091887,5.852521072157206,8.013351032314837,-0.00331746490462831,0.03542060879048371,0.07356619051870965
36723363,1789028329069000000,2634,HEAD_POSE_ESTIMATE,estimated,-0.457596033473323,5.8573187547764425,7.894514015924792,0.021219663611335208,0.02448726744448824,0.054058643377388874
36736363,1789028329082000000,2635,HEAD_POSE_ESTIMATE,estimated,-0.44258044801597907,5.845771183954563,7.782741699451828,0.05174991801763209,0.01026866071499308,0.02586371634650958
36750363,1789028329096000000,2636,HEAD_POSE_ESTIMATE,estimated,-0.4454124120519263,5.809755512552039,7.6749651783550865,0.08776624684358511,6.507381518867751e-05,-0.01408120666285836
36764363,1789028329110000000,2637,HEAD_POSE_ESTIMATE,estimated,-0.44315104327359994,5.763649051244438,7.587463720968114,0.11020626332050096,-0.014284446808279335,-0.048943068616468806
36777363,1789028329123000000,2638,HEAD_POSE_ESTIMATE,estimated,-0.4510948384813425,5.724476275698486,7.52759438871426,0.11684599358873704,-0.028224604823694533,-0.07172934805190796
36792363,1789028329138000000,2639,HEAD_POSE_ESTIMATE,estimated,-0.4175975109709268,5.635253893259954,7.5085777798577045,0.10982862756654234,-0.04328447570970654,-0.08296555591610834
36806363,1789028329152000000,2640,HEAD_POSE_ESTIMATE,estimated,-0.3841966303727796,5.554875676433617,7.5146704658826105,0.09379820556644404,-0.051803758431029696,-0.06470523052605705
36817363,1789028329163000000,2641,HEAD_POSE_ESTIMATE,estimated,-0.3554381547000763,5.543834361246178,7.524804227435423,0.07084005198366318,-0.05252749216962948,-0.026203812295882804
36830363,1789028329176000000,2642,HEAD_POSE_ESTIMATE,estimated,-0.32147385629290026,5.5386446636015085,7.5601121887801,0.041374443757505035,-0.047003406620078354,0.026584226512121556
36844363,1789028329190000000,2643,HEAD_POSE_ESTIMATE,estimated,-0.3173605968971016,5.560202671149012,7.590865373241023,-0.0037360894753302623,-0.03778751962543209,0.07799380105336153
36858363,1789028329204000000,2644,HEAD_POSE_ESTIMATE,estimated,-0.314244905682732,5.567639211285597,7.622349314903263,-0.0403794573402621,-0.028332827942686333,0.10953009062098092
36871363,1789028329217000000,2645,HEAD_POSE_ESTIMATE,estimated,-0.32422548494227893,5.599949189632111,7.637446072869873,-0.05961887539194902,-0.019955275398639498,0.11624643502937075
36886363,1789028329232000000,2646,HEAD_POSE_ESTIMATE,estimated,-0.35025239723728663,5.617260320130029,7.647266651244958,-0.05185332261982775,-0.01574591098822551,0.08820711634547976
36900363,1789028329246000000,2647,HEAD_POSE_ESTIMATE,estimated,-0.36827221502593477,5.610802007370055,7.650253924811431,-0.03640305924756125,-0.010522212242800318,0.058886141391884146
36914363,1789028329260000000,2648,HEAD_POSE_ESTIMATE,estimated,-0.38510199794596833,5.583377064549087,7.654678221631487,0.004181051547764019,-0.007743445765659384,0.015883862680382554
36928363,1789028329274000000,2649,HEAD_POSE_ESTIMATE,estimated,-0.4049858239942138,5.542055569735692,7.641607620900878,0.04031007421395306,-0.008048537409731795,-0.020893639258755394
36942363,1789028329288000000,2650,HEAD_POSE_ESTIMATE,estimated,-0.4169365772043222,5.50248937400179,7.630445998894964,0.06509090971467518,-0.0091482463722877,-0.051437178968265204
36956363,1789028329302000000,2651,HEAD_POSE_ESTIMATE,estimated,-0.43544292958740777,5.496166432724384,7.598306649057359,0.07147815749487604,-0.010558945965134405,-0.06922312338739148
36970363,1789028329316000000,2652,HEAD_POSE_ESTIMATE,estimated,-0.4428767076451676,5.466264667500312,7.586907550877099,0.05203373745981513,-0.010499652647110549,-0.06885279617595612
36984363,1789028329330000000,2653,HEAD_POSE_ESTIMATE,estimated,-0.4293699916760303,5.428846210902657,7.5759748659616255,0.02111680583843594,-0.005268291473382986,-0.049101311829080556
37000363,1789028329346000000,2654,HEAD_POSE_ESTIMATE,estimated,-0.3915716707917726,5.362712859745653,7.580170766699528,-0.030988991120688057,0.004697209471300535,-0.022940345989582226
37011363,1789028329357000000,2655,HEAD_POSE_ESTIMATE,estimated,-0.3520192225736166,5.296672751713184,7.579526507947367,-0.08866843350016045,0.01688279024812325,0.006128956512690525
37026363,1789028329372000000,2656,HEAD_POSE_ESTIMATE,estimated,-0.2901965763469053,5.246106502258539,7.581808077717221,-0.15003967536900842,0.030584241729430944,0.024281225870085184
37039363,1789028329385000000,2657,HEAD_POSE_ESTIMATE,estimated,-0.2429589232891549,5.219904549401688,7.5685692426592865,-0.19914464483571953,0.039196828442601556,0.026214335036493414
37053363,1789028329399000000,2658,HEAD_POSE_ESTIMATE,estimated,-0.19375269179030802,5.184266201319224,7.536776105701682,-0.24332867072313158,0.04135133893434206,0.011704236735756882
37067363,1789028329413000000,2659,HEAD_POSE_ESTIMATE,estimated,-0.16023328624117134,5.136490070624063,7.485037778897542,-0.25932679555406024,0.03836792472441174,-0.017306905601431482
37081363,1789028329427000000,2660,HEAD_POSE_ESTIMATE,estimated,-0.1166017058299587,5.04858535814501,7.42160220771176,-0.28200595329921296,0.02887424018563028,-0.04988774721861831
37095363,1789028329441000000,2661,HEAD_POSE_ESTIMATE,estimated,-0.08259340529597867,4.931493871456057,7.3741760327419295,-0.31288089771355193,0.012953717493932286,-0.08620637838489249
37109363,1789028329455000000,2662,HEAD_POSE_ESTIMATE,estimated,-0.03758376037219921,4.799820461361945,7.3623657184669025,-0.3446238033211472,0.00026024430181330804,-0.11343850402779238
37123363,1789028329469000000,2663,HEAD_POSE_ESTIMATE,estimated,-0.0016622209902198981,4.666945680782106,7.351552971876931,-0.40352802686357897,-0.018379924098192984,-0.14454569738419745
37137363,1789028329483000000,2664,HEAD_POSE_ESTIMATE,estimated,0.008795718127049545,4.5670831222086985,7.405493808948549,-0.4879680842994786,-0.040623553882499504,-0.17609362582962332
37151363,1789028329497000000,2665,HEAD_POSE_ESTIMATE,estimated,0.002690860292506536,4.488420821382566,7.446353668972661,-0.5865289094212119,-0.07149756972471134,-0.2160527847484695
37165363,1789028329511000000,2666,HEAD_POSE_ESTIMATE,estimated,-0.030039405680144182,4.514342336787605,7.504602120141325,-0.713495733843211,-0.11480744960654857,-0.2716948714255779
37180363,1789028329526000000,2667,HEAD_POSE_ESTIMATE,estimated,-0.07290731410155929,4.526524194056496,7.6116041990432395,-0.8381421289600606,-0.1623596342070503,-0.33412339541198055
37193363,1789028329539000000,2668,HEAD_POSE_ESTIMATE,estimated,-0.11905005922280845,4.587409610035943,7.7436751113181845,-0.9307213380869477,-0.20184365760706685,-0.3866689471971105
37207363,1789028329553000000,2669,HEAD_POSE_ESTIMATE,estimated,-0.1685036172509787,4.629460093547119,7.932411404287826,-1.0031704248657403,-0.23218228262652615,-0.4405963377813092
37222363,1789028329568000000,2670,HEAD_POSE_ESTIMATE,estimated,-0.22845547981710485,4.638593457422518,8.205118398586501,-1.0339628806963763,-0.2511883908490859,-0.4637827895846252
37236363,1789028329582000000,2671,HEAD_POSE_ESTIMATE,estimated,-0.2947059553446154,4.679317985289318,8.478805572679958,-1.024128211370659,-0.25733005789082564,-0.45601890793609307
37251363,1789028329597000000,2672,HEAD_POSE_ESTIMATE,estimated,-0.35278416930991857,4.6555671360965905,8.795445371832885,-0.9894091214036311,-0.2601980303604509,-0.4187429023496032
37264363,1789028329610000000,2673,HEAD_POSE_ESTIMATE,estimated,-0.41061125154298295,4.612311349990229,9.047558885679365,-0.9092076505154747,-0.24960275592397418,-0.3664987579195004
37278363,1789028329624000000,2674,HEAD_POSE_ESTIMATE,estimated,-0.4693128354307807,4.608902222970985,9.273703846628939,-0.7813475702233492,-0.22299239835911736,-0.29826919957068815
37291363,1789028329637000000,2675,HEAD_POSE_ESTIMATE,estimated,-0.5084147696988544,4.545569746741345,9.484395740316302,-0.6474709871778737,-0.19043316189188178,-0.23385293840262147
37306363,1789028329652000000,2676,HEAD_POSE_ESTIMATE,estimated,-0.5258238145505222,4.397222065504578,9.696102945978325,-0.49964666171211025,-0.14629039947067435,-0.17668839339373582
37320363,1789028329666000000,2677,HEAD_POSE_ESTIMATE,estimated,-0.49986536877948984,4.276292273167587,9.869047608660093,-0.36933768663131245,-0.10064553024314252,-0.139312282928228
37334363,1789028329680000000,2678,HEAD_POSE_ESTIMATE,estimated,-0.47613595867389114,4.141211930464092,10.02722221296768,-0.2736563812221039,-0.06470433536020528,-0.12908907127199823
37348363,1789028329694000000,2679,HEAD_POSE_ESTIMATE,estimated,-0.4654779173959547,4.014633954966612,10.129807475966357,-0.19790209207267495,-0.03148349523426739,-0.1307123741133949
37363363,1789028329709000000,2680,HEAD_POSE_ESTIMATE,estimated,-0.49083593827230576,3.998356128291809,10.187674728451823,-0.1566936851955252,-0.011839466257382655,-0.15185078047596767
37375363,1789028329721000000,2681,HEAD_POSE_ESTIMATE,estimated,-0.48516379979995117,3.9438792658420616,10.209194385000552,-0.14313666057077967,0.00057525307260214,-0.1754334520352938
37389363,1789028329735000000,2682,HEAD_POSE_ESTIMATE,estimated,-0.47503945841429873,3.9515670529521003,10.240185162772615,-0.13776189299041444,0.010853905722724344,-0.19836432173298235
37404363,1789028329750000000,2683,HEAD_POSE_ESTIMATE,estimated,-0.4521581048524181,3.9416381230889983,10.264881907567084,-0.1604937586486658,0.005944920725203988,-0.2133357282960203
37417363,1789028329763000000,2684,HEAD_POSE_ESTIMATE,estimated,-0.4260245424747538,3.939455002488555,10.30166959115998,-0.20171043197360564,-0.013212560870349103,-0.21803647452718636
37431363,1789028329777000000,2685,HEAD_POSE_ESTIMATE,estimated,-0.3888758628855855,3.921751781384822,10.336638531888834,-0.23495062898185484,-0.04362389210509508,-0.2006808915262517
37445363,1789028329791000000,2686,HEAD_POSE_ESTIMATE,estimated,-0.375728709780068,3.9315614641422147,10.349400684795405,-0.26509848667843405,-0.08006748802642535,-0.1796544635572873
37458363,1789028329804000000,2687,HEAD_POSE_ESTIMATE,estimated,-0.3503690862574726,3.90905462992096,10.363641220294056,-0.272450099265576,-0.11179888344322232,-0.15479831526587778
37473363,1789028329819000000,2688,HEAD_POSE_ESTIMATE,estimated,-0.32348614655808405,3.852576440797522,10.340807777861551,-0.24719296526957277,-0.1352172976484397,-0.1280243373217447
37487363,1789028329833000000,2689,HEAD_POSE_ESTIMATE,estimated,-0.3039762044321979,3.796144345417392,10.289033396568112,-0.22589940687655002,-0.15207864122949113,-0.10257090626180307
37501363,1789028329847000000,2690,HEAD_POSE_ESTIMATE,estimated,-0.26403553967548576,3.7601620883633937,10.223874338320405,-0.1930218886100808,-0.16158823412044854,-0.0834667376262359
37515363,1789028329861000000,2691,HEAD_POSE_ESTIMATE,estimated,-0.22952489292344486,3.7072146532956594,10.160173505583657,-0.14882997156822833,-0.1590175375704051,-0.07338666531327735
37529363,1789028329875000000,2692,HEAD_POSE_ESTIMATE,estimated,-0.18440302837618666,3.6517396296781617,10.07256294989705,-0.10671869912122786,-0.15158147736125882,-0.07587068350751336
37543363,1789028329889000000,2693,HEAD_POSE_ESTIMATE,estimated,-0.14059860355316695,3.6046775970186675,9.981220854830662,-0.06536169764702142,-0.14136752296123897,-0.0897689508824643
37557363,1789028329903000000,2694,HEAD_POSE_ESTIMATE,estimated,-0.11217836105670609,3.5954343794555563,9.865789939303557,-0.03238107798530882,-0.13196205315832507,-0.11389179385284803
37570363,1789028329916000000,2695,HEAD_POSE_ESTIMATE,estimated,-0.10193806492749322,3.574976159909657,9.750203288786697,-0.019928691648280088,-0.1292615801236459,-0.14247861104346296
37584363,1789028329930000000,2696,HEAD_POSE_ESTIMATE,estimated,-0.09352812746636918,3.5525945792582543,9.625469641404992,-0.0033200780097910653,-0.12361775206181501,-0.1640832921250638
37598363,1789028329944000000,2697,HEAD_POSE_ESTIMATE,estimated,-0.10644208006273437,3.546414393589144,9.499732140965078,0.014820192729775195,-0.12111234502106322,-0.17259676619535208
37613363,1789028329959000000,2698,HEAD_POSE_ESTIMATE,estimated,-0.11499395314543184,3.559001754264771,9.384483021169789,0.04763183958899278,-0.12059507490443727,-0.1663950411448473
37626363,1789028329972000000,2699,HEAD_POSE_ESTIMATE,estimated,-0.12305247976831082,3.5618430251171107,9.311421910344219,0.07057803418683317,-0.11672397637005723,-0.15809723143900944
37639363,1789028329985000000,2700,HEAD_POSE_ESTIMATE,estimated,-0.12349172513941387,3.5823365184298868,9.231646623246432,0.08390172798350601,-0.11195444174266869,-0.1506630498461358
37653363,1789028329999000000,2701,HEAD_POSE_ESTIMATE,estimated,-0.12899728810274816,3.6035398935446072,9.154626174340608,0.08930070833970549,-0.10727360186330413,-0.14170850441764984
37667363,1789028330013000000,2702,HEAD_POSE_ESTIMATE,estimated,-0.11955452382832335,3.573144606097642,9.0810886513778,0.08749522665148801,-0.10527233420870258,-0.13818154504850944
37681363,1789028330027000000,2703,HEAD_POSE_ESTIMATE,estimated,-0.10892099862579951,3.586005063638126,9.011434057447389,0.08541591005434605,-0.10189834989602711,-0.12768101444137797
37695363,1789028330041000000,2704,HEAD_POSE_ESTIMATE,estimated,-0.08182757844800405,3.5653000536283943,8.954993134844377,0.0880856458523419,-0.09711280869372194,-0.11183452570660682
37709363,1789028330055000000,2705,HEAD_POSE_ESTIMATE,estimated,-0.05167624215478524,3.5560205548748502,8.908594040431318,0.09506899160543764,-0.08864534549062769,-0.09516003274693964
37724363,1789028330070000000,2706,HEAD_POSE_ESTIMATE,estimated,-0.006205582186221498,3.5513136356388864,8.875973193987425,0.09864710556048138,-0.07817259964331733,-0.06841960086239526
37736363,1789028330082000000,2707,HEAD_POSE_ESTIMATE,estimated,0.03775031108936441,3.582707959207701,8.852885001416714,0.10116983003804797,-0.0707803777372972,-0.04727609979861203
37750363,1789028330096000000,2708,HEAD_POSE_ESTIMATE,estimated,0.09669851731308299,3.618351127923558,8.79890841815088,0.10463887809261077,-0.0670224376234717,-0.024323141418924187
37764363,1789028330110000000,2709,HEAD_POSE_ESTIMATE,estimated,0.13113390253152268,3.660926581155113,8.731903272757664,0.11317546785436858,-0.059324737961412195,-0.01217642705566372
37778363,1789028330124000000,2710,HEAD_POSE_ESTIMATE,estimated,0.16443039674414686,3.706033713119009,8.656381142961855,0.1327841269457231,-0.05033527305580204,-0.013973023959203015
37792363,1789028330138000000,2711,HEAD_POSE_ESTIMATE,estimated,0.18562510404815627,3.7182882516608267,8.594914977572959,0.1547297247093967,-0.03364526973629488,-0.025775528580047932
37806363,1789028330152000000,2712,HEAD_POSE_ESTIMATE,estimated,0.2083025347938243,3.7377796324603123,8.568701878830344,0.16578280118466793,-0.014048684731174007,-0.052158931504107
37819363,1789028330165000000,2713,HEAD_POSE_ESTIMATE,estimated,0.22538235524101496,3.771104984097949,8.561251660454575,0.16022345198342128,0.0073256519225090916,-0.07710750666159107
37833363,1789028330179000000,2714,HEAD_POSE_ESTIMATE,estimated,0.24010170182127097,3.8411615119732456,8.567752898742247,0.1359083915594542,0.028817688129108156,-0.10146304637382442
37847363,1789028330193000000,2715,HEAD_POSE_ESTIMATE,estimated,0.23580280586024188,3.916215336655201,8.594892421071558,0.11222236299893795,0.048444518731696515,-0.10868145690917612
37861363,1789028330207000000,2716,HEAD_POSE_ESTIMATE,estimated,0.1913258311413042,3.9998870972731018,8.607383046855203,0.08544299850460012,0.06833846386859287,-0.10887790947662142
37875363,1789028330221000000,2717,HEAD_POSE_ESTIMATE,estimated,0.175486664211188,4.044695073259015,8.642353822572241,0.06057371742799866,0.08231093352576928,-0.1086065684956338
37889363,1789028330235000000,2718,HEAD_POSE_ESTIMATE,estimated,0.1464278786570947,4.052085071823629,8.688418259474199,0.03406509062874844,0.09606327531942166,-0.10902313291028512
37903363,1789028330249000000,2719,HEAD_POSE_ESTIMATE,estimated,0.13735614711015492,4.095592664751965,8.754399610628381,0.002907089831444532,0.10109818592178234,-0.11174487854869945
37918363,1789028330264000000,2720,HEAD_POSE_ESTIMATE,estimated,0.14072349515638843,4.1287010265088835,8.846008325509528,-0.02950527132514887,0.09719526444387887,-0.1170638177151959
37932363,1789028330278000000,2721,HEAD_POSE_ESTIMATE,estimated,0.11145948562781394,4.1537580046394815,8.914462299885747,-0.054454306577774725,0.08584688519396573,-0.13096447224583155
37944363,1789028330290000000,2722,HEAD_POSE_ESTIMATE,estimated,0.07144963850192587,4.17616978772746,8.965221754324556,-0.06224800086014248,0.06855940340997542,-0.14669146817376183
37958363,1789028330304000000,2723,HEAD_POSE_ESTIMATE,estimated,0.015190145193743343,4.1657998096684095,9.019244585622825,-0.05596500450806926,0.04260266514337556,-0.16083612104606945
37975363,1789028330321000000,2724,HEAD_POSE_ESTIMATE,estimated,-0.036056017953795816,4.155540806425253,9.068465792632942,-0.030255967081463678,0.006879520022468219,-0.17573638942461764
37986363,1789028330332000000,2725,HEAD_POSE_ESTIMATE,estimated,-0.06974832805778089,4.128386401121832,9.10168646162727,-0.01725895147177222,-0.014397794952734556,-0.18345993062068652
38004363,1789028330350000000,2726,HEAD_POSE_ESTIMATE,estimated,-0.08563188090465407,4.095534672376164,9.135701654642702,0.005436522249595473,-0.05509919604049652,-0.17596643334679204
38014363,1789028330360000000,2727,HEAD_POSE_ESTIMATE,estimated,-0.09738825124514272,4.0903633177879835,9.159673500410928,0.021826619915198117,-0.07503235509274979,-0.16890646032700118
38026363,1789028330372000000,2728,HEAD_POSE_ESTIMATE,estimated,-0.1114772001200211,4.062012680332264,9.181223924075336,0.036845365618949924,-0.09776750739004085,-0.15102642893511337
38041363,1789028330387000000,2729,HEAD_POSE_ESTIMATE,estimated,-0.11544485823548309,4.044710796738582,9.185051520020892,0.058102761240120836,-0.11795599807081346,-0.1345232068558956
38055363,1789028330401000000,2730,HEAD_POSE_ESTIMATE,estimated,-0.13159919831699451,4.025594357077762,9.185458073023572,0.07885626017561605,-0.1268609586906765,-0.1281292664839247
38069363,1789028330415000000,2731,HEAD_POSE_ESTIMATE,estimated,-0.16327161859851805,4.0431983904079845,9.194283469739986,0.08946128263221514,-0.1304822181148258,-0.13170048195440992
38085363,1789028330431000000,2732,HEAD_POSE_ESTIMATE,estimated,-0.18898349432967815,4.074573646875691,9.1999285668611,0.10277808761485237,-0.125343773317574,-0.13999491524687108
38095363,1789028330441000000,2733,HEAD_POSE_ESTIMATE,estimated,-0.19491667763935355,4.119290838110295,9.210327110242053,0.11532316938768507,-0.11952481387735575,-0.14898761188356094
38110363,1789028330456000000,2734,HEAD_POSE_ESTIMATE,estimated,-0.20966577214810408,4.118315212673258,9.203873869754172,0.13022742037537283,-0.10297422312011646,-0.1669888415983357
38124363,1789028330470000000,2735,HEAD_POSE_ESTIMATE,estimated,-0.2047639653900892,4.140600200620608,9.214231092910513,0.15548291502889858,-0.09026747815237503,-0.17814404104219694
38138363,1789028330484000000,2736,HEAD_POSE_ESTIMATE,estimated,-0.2246727238012606,4.151189723050001,9.21679228331493,0.18440455747486742,-0.0752422546741486,-0.18258250343302532
38151363,1789028330497000000,2737,HEAD_POSE_ESTIMATE,estimated,-0.2594278025631142,4.153530111090088,9.210697570030225,0.2154550555843808,-0.06326207399385983,-0.18052693082383758
38166363,1789028330512000000,2738,HEAD_POSE_ESTIMATE,estimated,-0.28462251171967956,4.165001789636866,9.202784709457616,0.2446418731619215,-0.048503558700227455,-0.17135072708276575
38180363,1789028330526000000,2739,HEAD_POSE_ESTIMATE,estimated,-0.30727202998662495,4.204848655299076,9.165836186438861,0.2687088652643502,-0.03617538894669863,-0.1605257278570939
38194363,1789028330540000000,2740,HEAD_POSE_ESTIMATE,estimated,-0.31576853927676446,4.241061394096665,9.115132579598317,0.28972500927931544,-0.027296559951115445,-0.14741917025940443
38208363,1789028330554000000,2741,HEAD_POSE_ESTIMATE,estimated,-0.27850756878813904,4.273547188582899,9.065596958875547,0.30515377869558286,-0.021737626308811365,-0.13419038931232563
38223363,1789028330569000000,2742,HEAD_POSE_ESTIMATE,estimated,-0.24972270141058567,4.284011419651911,8.986538680233311,0.3189425905681158,-0.016816666810473516,-0.11754390272175302
38236363,1789028330582000000,2743,HEAD_POSE_ESTIMATE,estimated,-0.22431375184527197,4.265205602722488,8.903829529464137,0.3357768874468335,-0.015115383514575568,-0.10560055649212989
38251363,1789028330597000000,2744,HEAD_POSE_ESTIMATE,estimated,-0.20206139784791555,4.272586635011889,8.80348364867224,0.35337721354912294,-0.014687486543797671,-0.09413834155095932
38264363,1789028330610000000,2745,HEAD_POSE_ESTIMATE,estimated,-0.1788437124800151,4.29882622784567,8.719091719826382,0.3622462131792735,-0.017151419046282337,-0.09465565955136351
38279363,1789028330625000000,2746,HEAD_POSE_ESTIMATE,estimated,-0.1664216111364942,4.343265849121751,8.626965308635064,0.3642637732305915,-0.024141334196260543,-0.100968900011384
38294363,1789028330640000000,2747,HEAD_POSE_ESTIMATE,estimated,-0.16361699664442347,4.405047422343659,8.551798321042241,0.368603513979128,-0.03285025498228427,-0.12199682087508598
38310363,1789028330656000000,2748,HEAD_POSE_ESTIMATE,estimated,-0.13697460243394885,4.456561444998179,8.477711378283292,0.3568799901989178,-0.044408173866685385,-0.13565650099559237
38320363,1789028330666000000,2749,HEAD_POSE_ESTIMATE,estimated,-0.1365041624889155,4.490816994586019,8.427025189851273,0.34358317381948966,-0.052587959083379446,-0.14467398442539922
38333363,1789028330679000000,2750,HEAD_POSE_ESTIMATE,estimated,-0.13035412794277992,4.50738788295328,8.372121289694094,0.32022900299208124,-0.06198682870047908,-0.1405321496328095
38348363,1789028330694000000,2751,HEAD_POSE_ESTIMATE,estimated,-0.16030723958467386,4.5419388521588795,8.326326321627445,0.2906727305134141,-0.07415910200792834,-0.1266881087698025
38362363,1789028330708000000,2752,HEAD_POSE_ESTIMATE,estimated,-0.19337023893912997,4.5660036113436115,8.289862584085126,0.25808224727151574,-0.08374789474186212,-0.10914667327108396
38375363,1789028330721000000,2753,HEAD_POSE_ESTIMATE,estimated,-0.2204554946506916,4.599989687246408,8.257988400559086,0.22577705901719633,-0.0945688413792038,-0.0903240618305263
38389363,1789028330735000000,2754,HEAD_POSE_ESTIMATE,estimated,-0.2632663955194243,4.634587141192229,8.214149153272794,0.19178377120054024,-0.10657895769182336,-0.06823593707519506
38405363,1789028330751000000,2755,HEAD_POSE_ESTIMATE,estimated,-0.28498790728150414,4.661678195312016,8.177097902338897,0.1583362297242049,-0.11776606400086477,-0.04555587116277497
38416363,1789028330762000000,2756,HEAD_POSE_ESTIMATE,estimated,-0.29907277969729207,4.700490256390579,8.148729591542962,0.14121689485568492,-0.12264177111775784,-0.02938536912380592
38431363,1789028330777000000,2757,HEAD_POSE_ESTIMATE,estimated,-0.2977376765758497,4.73262451267676,8.131293084010135,0.13402242474202866,-0.1289733161937668,-0.028589670816830646
38444363,1789028330790000000,2758,HEAD_POSE_ESTIMATE,estimated,-0.3171511785570092,4.737748500837991,8.108378321470976,0.12937956788430455,-0.13099765682203984,-0.0285225438511295
38460363,1789028330806000000,2759,HEAD_POSE_ESTIMATE,estimated,-0.34714974993226894,4.728570549511457,8.098823294406,0.12123926446987135,-0.12812399305597863,-0.03194291445528909
38472363,1789028330818000000,2760,HEAD_POSE_ESTIMATE,estimated,-0.3543864952958985,4.733265774837942,8.087110536486495,0.10840230493534271,-0.12146339969223631,-0.042250069921163785
38486363,1789028330832000000,2761,HEAD_POSE_ESTIMATE,estimated,-0.3511837068056391,4.748204955926579,8.1028442649406,0.09232811325348911,-0.10986698354911763,-0.04375926405156902
38500363,1789028330846000000,2762,HEAD_POSE_ESTIMATE,estimated,-0.3539647314740174,4.761914456277092,8.12335979776407,0.07394861068106001,-0.09186969776504703,-0.03993605029722847
38514363,1789028330860000000,2763,HEAD_POSE_ESTIMATE,estimated,-0.34545585014398134,4.787243775604406,8.13921694099562,0.05259849748846844,-0.06783267290047579,-0.02487018902423564
38528363,1789028330874000000,2764,HEAD_POSE_ESTIMATE,estimated,-0.3181599320595976,4.793314664605558,8.172052401138604,0.039954344760001155,-0.04229118962476199,-0.011888410091893
38542363,1789028330888000000,2765,HEAD_POSE_ESTIMATE,estimated,-0.30420913342347683,4.778947281990807,8.203627470805785,0.025740603906688628,-0.013509827761242633,0.004794855644946597
38556363,1789028330902000000,2766,HEAD_POSE_ESTIMATE,estimated,-0.28973034648349794,4.7770987606342,8.234719558862475,0.013826117083848144,0.018033200674746282,0.018136992629395415
38571363,1789028330917000000,2767,HEAD_POSE_ESTIMATE,estimated,-0.292159195420624,4.7290419164823385,8.27446721908609,-0.003622914520041312,0.04834865152343308,0.025652972608091837
38584363,1789028330930000000,2768,HEAD_POSE_ESTIMATE,estimated,-0.28152167990957927,4.693666365829608,8.298325884746657,-0.006019261867718987,0.07251147050734932,0.03142790128922738
38598363,1789028330944000000,2769,HEAD_POSE_ESTIMATE,estimated,-0.29978756983562727,4.652213962352843,8.320055400468812,0.0015548547557049193,0.09808740395065807,0.04075645821469506
38612363,1789028330958000000,2770,HEAD_POSE_ESTIMATE,estimated,-0.32021282116302546,4.599427085721975,8.346722919765044,0.0190961375250199,0.11994609908995807,0.05096147750395984
38625363,1789028330971000000,2771,HEAD_POSE_ESTIMATE,estimated,-0.33605378538493985,4.545127355926037,8.369865768758848,0.03909187882615925,0.14056201929880166,0.06807580811421872
38640363,1789028330986000000,2772,HEAD_POSE_ESTIMATE,estimated,-0.3614102738167161,4.474847616856299,8.398806739692068,0.05805820906441207,0.16259319520590465,0.0911908506114847
38652363,1789028330998000000,2773,HEAD_POSE_ESTIMATE,estimated,-0.3866168304054446,4.447787461533754,8.412854547384281,0.06863465128770327,0.1869271785998018,0.12031739375991493
38666363,1789028331012000000,2774,HEAD_POSE_ESTIMATE,estimated,-0.42508571701509434,4.451303160935066,8.418827575671463,0.0746749254375369,0.203432093451437,0.14365511325090632
38680363,1789028331026000000,2775,HEAD_POSE_ESTIMATE,estimated,-0.4809749134896034,4.4973723552533595,8.42183398072126,0.07201689119811461,0.2105383264980901,0.15818126990514988
38694363,1789028331040000000,2776,HEAD_POSE_ESTIMATE,estimated,-0.5345915159881705,4.563902439563156,8.408245209074915,0.06780067128963531,0.20575328983472424,0.15992311319790467
38708363,1789028331054000000,2777,HEAD_POSE_ESTIMATE,estimated,-0.5889603775569423,4.597638172024114,8.41946522614035,0.06650484466936482,0.19508149545725476,0.15042834176185169
38722363,1789028331068000000,2778,HEAD_POSE_ESTIMATE,estimated,-0.6462459112577383,4.628547812949632,8.40582084263122,0.06067529540549539,0.17784771442244535,0.13299776653159207
38736363,1789028331082000000,2779,HEAD_POSE_ESTIMATE,estimated,-0.6914629599824722,4.653287326665011,8.408085025162112,0.04515399260319435,0.15540140666091518,0.11075364359219116
38750363,1789028331096000000,2780,HEAD_POSE_ESTIMATE,estimated,-0.7209935214284942,4.691449649341777,8.436786617520264,0.024991784752634968,0.13542664665087628,0.08490987986897808
38764363,1789028331110000000,2781,HEAD_POSE_ESTIMATE,estimated,-0.7241617562236606,4.7366294456360105,8.469860968615398,0.001988428743082628,0.11660846774827505,0.06848961192731952
38777363,1789028331123000000,2782,HEAD_POSE_ESTIMATE,estimated,-0.7401947026155304,4.776458284931737,8.512381524015805,-0.020756600648425202,0.10031860455495838,0.06016267498655485
38793363,1789028331139000000,2783,HEAD_POSE_ESTIMATE,estimated,-0.7451002831393376,4.782391060217509,8.575655373440616,-0.04204894856961328,0.08946600941803744,0.06746968961252647
38805363,1789028331151000000,2784,HEAD_POSE_ESTIMATE,estimated,-0.7513065244189572,4.797422837334918,8.624886749381295,-0.0638336690556483,0.08619377388586442,0.07936695758578978
38820363,1789028331166000000,2785,HEAD_POSE_ESTIMATE,estimated,-0.7469959583331732,4.792346754651333,8.712237020631925,-0.0898244740488484,0.0852961399023152,0.0945345969651545
38831363,1789028331177000000,2786,HEAD_POSE_ESTIMATE,estimated,-0.7323035515381151,4.780081120313589,8.765511830142504,-0.11523047532164059,0.09089416111816129,0.10753005561026827
38846363,1789028331192000000,2787,HEAD_POSE_ESTIMATE,estimated,-0.706596548356708,4.796152310849846,8.815396318255612,-0.13297658794336353,0.08849629590151031,0.11805627067392159
38860363,1789028331206000000,2788,HEAD_POSE_ESTIMATE,estimated,-0.668904542123177,4.8003980281083765,8.849654751092315,-0.1367935432985892,0.0802542986049957,0.12579770804101542
38874363,1789028331220000000,2789,HEAD_POSE_ESTIMATE,estimated,-0.6511439875366567,4.8309133346587325,8.85945608353881,-0.12542899884460054,0.06016326713154959,0.12159720801532743
38888363,1789028331234000000,2790,HEAD_POSE_ESTIMATE,estimated,-0.6384438835272438,4.850047425976353,8.854952181749997,-0.09945877688883138,0.040566138228044606,0.11463978699532984
38901363,1789028331247000000,2791,HEAD_POSE_ESTIMATE,estimated,-0.6314394792296991,4.84369654870944,8.854733760876538,-0.06564943198061743,0.01953139856357957,0.09811277628316417
38916363,1789028331262000000,2792,HEAD_POSE_ESTIMATE,estimated,-0.6023193760354905,4.8089674519697825,8.821917880285541,-0.03153726308607446,-0.0031845422869065895,0.07257591323994513
38931363,1789028331277000000,2793,HEAD_POSE_ESTIMATE,estimated,-0.5595325669594428,4.735547520002484,8.790739310651878,-0.005655211308363165,-0.022806833467288293,0.03939903526687439
38945363,1789028331291000000,2794,HEAD_POSE_ESTIMATE,estimated,-0.497547306029364,4.70302296790575,8.727528107015543,0.015758063231627956,-0.03819415653342127,0.013317444727927697
38959363,1789028331305000000,2795,HEAD_POSE_ESTIMATE,estimated,-0.4368055551912337,4.665842665889034,8.670220969356256,0.0370304487279572,-0.052287207676233446,-0.010204703986920359
38973363,1789028331319000000,2796,HEAD_POSE_ESTIMATE,estimated,-0.36957261359337734,4.6473736411014634,8.60407317537864,0.05052670101172846,-0.06647893963454639,-0.021348068709741583
38987363,1789028331333000000,2797,HEAD_POSE_ESTIMATE,estimated,-0.3082423473795265,4.6085956950564615,8.52141156863103,0.058245689805739374,-0.07692559124482386,-0.028500617024730966
39001363,1789028331347000000,2798,HEAD_POSE_ESTIMATE,estimated,-0.2547847513441276,4.5643851815083085,8.440502473339102,0.06466639737215617,-0.08917047797882857,-0.03212469011202397
39015363,1789028331361000000,2799,HEAD_POSE_ESTIMATE,estimated,-0.2021425245272403,4.519677602499401,8.361667326037525,0.07066568695928915,-0.10313884714958599,-0.036817586346332615
39029363,1789028331375000000,2800,HEAD_POSE_ESTIMATE,estimated,-0.14376344721602338,4.485908754865513,8.289221686808053,0.08224742252375634,-0.11663421245265275,-0.03845476407154989
39043363,1789028331389000000,2801,HEAD_POSE_ESTIMATE,estimated,-0.07477236368249776,4.470349759866438,8.212013851349445,0.0978759521417152,-0.1317326897887932,-0.03823980917906949
39056363,1789028331402000000,2802,HEAD_POSE_ESTIMATE,estimated,-0.021387472827009785,4.458310650506071,8.14502018736061,0.11434737857207875,-0.14904883077707567,-0.035466626419117034
39070363,1789028331416000000,2803,HEAD_POSE_ESTIMATE,estimated,0.024647885798877722,4.4486239005398724,8.072513615691499,0.12235655877322098,-0.16552983853690215,-0.0329290334382149
39084363,1789028331430000000,2804,HEAD_POSE_ESTIMATE,estimated,0.052226258246241775,4.434583672530309,8.018971465028157,0.11913099583536384,-0.17774596919008145,-0.030959334367289138
39098363,1789028331444000000,2805,HEAD_POSE_ESTIMATE,estimated,0.07115866269996399,4.437049111315588,7.9794169232018985,0.1050882753052686,-0.1826600924827661,-0.025988810463776903
39112363,1789028331458000000,2806,HEAD_POSE_ESTIMATE,estimated,0.06112388732913504,4.430103413071809,7.9696899151117435,0.09175727890450863,-0.18293966705217227,-0.0202803690800236
39126363,1789028331472000000,2807,HEAD_POSE_ESTIMATE,estimated,0.04437936628490319,4.418521839563967,7.976172023325301,0.07218362727266116,-0.174468864300058,-0.02010189908537035
39139363,1789028331485000000,2808,HEAD_POSE_ESTIMATE,estimated,0.031772510020099204,4.4021006458013225,8.011815135919361,0.057563358742513254,-0.16262884182374554,-0.02797600618109599
39153363,1789028331499000000,2809,HEAD_POSE_ESTIMATE,estimated,0.01815700830535133,4.3837983295284575,8.048861906980035,0.026850638309575355,-0.14719196972278792,-0.0420752909245483
39168363,1789028331514000000,2810,HEAD_POSE_ESTIMATE,estimated,-0.0017802399816806147,4.418387185046091,8.113291760498068,-0.01498371277810521,-0.13128674120993467,-0.07087854046613154
39181363,1789028331527000000,2811,HEAD_POSE_ESTIMATE,estimated,-0.03616910622465122,4.430045773786229,8.169531170646627,-0.05614351052225798,-0.11575294413302606,-0.08505335578443758
39195363,1789028331541000000,2812,HEAD_POSE_ESTIMATE,estimated,-0.08260717299515244,4.546284950132751,8.362103349137342,-0.12705194695214933,-0.09660705492053058,-0.11943045979948431
39209363,1789028331555000000,2813,HEAD_POSE_ESTIMATE,estimated,-0.10481110888890299,4.56358048831805,8.38715342569696,-0.1723464880738947,-0.08059397392810017,-0.13538697816421075
39223363,1789028331569000000,2814,HEAD_POSE_ESTIMATE,estimated,-0.15068953117755102,4.555238905322599,8.495382031655787,-0.2230535869416502,-0.06075888946581565,-0.1439275235220288
39237363,1789028331583000000,2815,HEAD_POSE_ESTIMATE,estimated,-0.17702480689884742,4.525417740507761,8.586085373386718,-0.2646375088453531,-0.04286186546769471,-0.14039791029275808
39251363,1789028331597000000,2816,HEAD_POSE_ESTIMATE,estimated,-0.1976123015976054,4.503558600433426,8.742878097219002,-0.3158542475962493,-0.023442712340834802,-0.1360575070677785
39265363,1789028331611000000,2817,HEAD_POSE_ESTIMATE,estimated,-0.21382163003779026,4.500147576961556,8.865485025150695,-0.36078741818890775,-0.004025381803438237,-0.12359491676598257
39279363,1789028331625000000,2818,HEAD_POSE_ESTIMATE,estimated,-0.24600111357093726,4.510560088531559,9.067062768715983,-0.4019663788631318,0.022327431677944105,-0.10178893504336205
39302363,1789028331648000000,2819,HEAD_POSE_ESTIMATE,estimated,-0.279211635319067,4.520049751669425,9.384449322670365,-0.4347237830136945,0.06226009425120189,-0.06519385002738085
39319363,1789028331665000000,2820,HEAD_POSE_ESTIMATE,estimated,-0.3363661366499266,4.469533357659724,9.650540717975671,-0.44715349255228365,0.09076705494010293,-0.04835553427449342
39335363,1789028331681000000,2821,HEAD_POSE_ESTIMATE,estimated,-0.36938717090729734,4.4946938578572535,9.880163742480477,-0.46886192807488913,0.11393036275373626,-0.044625945423278836
39344363,1789028331690000000,2822,HEAD_POSE_ESTIMATE,estimated,-0.3852996882112547,4.468444250439074,9.975787856369031,-0.4875522338513174,0.1243060353927109,-0.042710976570938676
39357363,1789028331703000000,2823,HEAD_POSE_ESTIMATE,estimated,-0.3952078398583323,4.463398680607337,10.11240317684834,-0.471101804558793,0.13230184161284256,-0.03199259692453243
39371363,1789028331717000000,2824,HEAD_POSE_ESTIMATE,estimated,-0.4080589147834998,4.45418524941896,10.246557593749367,-0.4482114453325649,0.1379197264417643,-0.018241210068075366
39386363,1789028331732000000,2825,HEAD_POSE_ESTIMATE,estimated,-0.39296175052275867,4.461178773474301,10.343339422250077,-0.37973948407135183,0.13812315703269804,0.012729667081380167
39400363,1789028331746000000,2826,HEAD_POSE_ESTIMATE,estimated,-0.40441621854467913,4.468028224616272,10.454344455045756,-0.2633674608222347,0.13527516342240412,0.039022416286819156
39413363,1789028331759000000,2827,HEAD_POSE_ESTIMATE,estimated,-0.36974230741316017,4.365682052144775,10.322745397114293,-0.17715456526473405,0.13832115429249153,0.040605056045383274
39427363,1789028331773000000,2828,HEAD_POSE_ESTIMATE,estimated,-0.30712857494983953,4.309463652226765,10.162771378811087,-0.08207524314544323,0.14035374866749759,0.03130916330326172
39442363,1789028331788000000,2829,HEAD_POSE_ESTIMATE,estimated,-0.2576147761667707,4.303319727598934,10.040312969836506,0.012579780720738978,0.14237520489802083,0.008260558492688816
39456363,1789028331802000000,2830,HEAD_POSE_ESTIMATE,estimated,-0.20321386550271361,4.313734128100804,9.890440450656218,0.07964857844891543,0.1453414874273254,-0.01782794239699725
39469363,1789028331815000000,2831,HEAD_POSE_ESTIMATE,estimated,-0.1544472508501766,4.326107722975596,9.800624681465093,0.13133830613079994,0.1513056779221298,-0.04137163451889637
39483363,1789028331829000000,2832,HEAD_POSE_ESTIMATE,estimated,-0.11383119584066725,4.314844784820299,9.706686962096922,0.18069887796520237,0.15274836461489544,-0.06409893348153269
39496363,1789028331842000000,2833,HEAD_POSE_ESTIMATE,estimated,-0.11743192705773375,4.3181561811256435,9.610119128274382,0.21177876016131741,0.14945993741921085,-0.08469056878131001
39511363,1789028331857000000,2834,HEAD_POSE_ESTIMATE,estimated,-0.10720661792115449,4.292245297892141,9.516463599560577,0.22738576254674853,0.141963430353799,-0.10139746064522308
39525363,1789028331871000000,2835,HEAD_POSE_ESTIMATE,estimated,-0.1327866022319686,4.312580331007082,9.401885740965545,0.22543687098723622,0.12751896019092396,-0.11535491396716843
39539363,1789028331885000000,2836,HEAD_POSE_ESTIMATE,estimated,-0.17277096384830753,4.3798043987259465,9.260613182703715,0.22651664754336454,0.10666627218341677,-0.12212330978392015
39553363,1789028331899000000,2837,HEAD_POSE_ESTIMATE,estimated,-0.2089478437332521,4.449841242786502,9.14900713467171,0.24115112922805176,0.08564013430154922,-0.11719401728518944
39567363,1789028331913000000,2838,HEAD_POSE_ESTIMATE,estimated,-0.27670295453087007,4.4499518851880095,9.03004695510644,0.2681207878445707,0.0643493988583249,-0.10252629282558762
39581363,1789028331927000000,2839,HEAD_POSE_ESTIMATE,estimated,-0.34603474309589055,4.453798753600739,8.923717322053346,0.29515209736383635,0.04982322686259676,-0.08238479942918128
39595363,1789028331941000000,2840,HEAD_POSE_ESTIMATE,estimated,-0.4292928726059214,4.446998889446057,8.82746115044685,0.31248797995826894,0.040929454600576946,-0.06515318980955427
39609363,1789028331955000000,2841,HEAD_POSE_ESTIMATE,estimated,-0.5293269205087799,4.4516388897511785,8.749451311548798,0.33232098808610155,0.03983690016557184,-0.051691107602997693
39623363,1789028331969000000,2842,HEAD_POSE_ESTIMATE,estimated,-0.6354796060141393,4.492267227576614,8.687593350495948,0.3341789262358153,0.038932234067176226,-0.04371337659223277
39638363,1789028331984000000,2843,HEAD_POSE_ESTIMATE,estimated,-0.7354637008600552,4.557435112733147,8.638307632016172,0.3264396417439331,0.04140089195225601,-0.044779901960294216
39653363,1789028331999000000,2844,HEAD_POSE_ESTIMATE,estimated,-0.8156115553387469,4.628553658321395,8.629051569420918,0.31824176740128235,0.045048029324503955,-0.058541998780342996
39665363,1789028332011000000,2845,HEAD_POSE_ESTIMATE,estimated,-0.869698942210301,4.684115469222625,8.619023358318103,0.29821590736079595,0.05102790267851385,-0.0766153912736471
39680363,1789028332026000000,2846,HEAD_POSE_ESTIMATE,estimated,-0.9232112374413405,4.7285152763259255,8.616478869616932,0.25852337374913187,0.057950225367446144,-0.10139967540327675
39693363,1789028332039000000,2847,HEAD_POSE_ESTIMATE,estimated,-0.9547955188299628,4.760124351955904,8.651496542144018,0.2235986476761343,0.0588815713361977,-0.11576765076838513
39707363,1789028332053000000,2848,HEAD_POSE_ESTIMATE,estimated,-0.9846908597335983,4.817261393928963,8.671319040768019,0.18217311607073303,0.06077443668785224,-0.12273290150799908
39722363,1789028332068000000,2849,HEAD_POSE_ESTIMATE,estimated,-1.0184270468192231,4.86222012005253,8.692575843591877,0.15073552102177132,0.05758514603020753,-0.11730535909362995
39735363,1789028332081000000,2850,HEAD_POSE_ESTIMATE,estimated,-1.031548291284382,4.911415117573078,8.680407558251154,0.1385331787598897,0.05063093173174162,-0.10019355790982315
39749363,1789028332095000000,2851,HEAD_POSE_ESTIMATE,estimated,-1.0302774877845997,4.94026340693375,8.61212802045766,0.14861675863483254,0.041013521883807885,-0.06980502042793371
39762363,1789028332108000000,2852,HEAD_POSE_ESTIMATE,estimated,-1.0015243943398495,4.9414469823277996,8.556811437007859,0.17155016652766789,0.02865474902921789,-0.03826369857208928
39777363,1789028332123000000,2853,HEAD_POSE_ESTIMATE,estimated,-0.9453077486109123,4.925855452106366,8.4760065085058,0.20637793801560533,0.011300023137227059,-0.008079920747380802
39793363,1789028332139000000,2854,HEAD_POSE_ESTIMATE,estimated,-0.8850163226655954,4.898927652026589,8.341269933739731,0.2465540877209291,-0.009313674278703696,0.02179678023237886
39805363,1789028332151000000,2855,HEAD_POSE_ESTIMATE,estimated,-0.8554239650575224,4.880638663273525,8.24262393778042,0.27786821094386943,-0.02885343291516746,0.03334085920250515
39818363,1789028332164000000,2856,HEAD_POSE_ESTIMATE,estimated,-0.8223898524061928,4.857945714331035,8.121655654085435,0.30875701366767827,-0.049241953057146265,0.03834003416816177
39832363,1789028332178000000,2857,HEAD_POSE_ESTIMATE,estimated,-0.8030546861429685,4.826265233458421,7.999717083559,0.32150774116603587,-0.06774743299429076,0.022733541387209295
39846363,1789028332192000000,2858,HEAD_POSE_ESTIMATE,estimated,-0.7761041091880082,4.80585092964819,7.89862251694289,0.3318805966884567,-0.08050982740504457,0.008093080687671039
39861363,1789028332207000000,2859,HEAD_POSE_ESTIMATE,estimated,-0.7382589547447966,4.815124270335814,7.804150894542987,0.3188996431156879,-0.08511409735516867,-0.013055366808396973
39874363,1789028332220000000,2860,HEAD_POSE_ESTIMATE,estimated,-0.7025137861117035,4.846614323919778,7.742581231866924,0.2852100340607759,-0.08204385981824402,-0.03210046089080109
39888363,1789028332234000000,2861,HEAD_POSE_ESTIMATE,estimated,-0.6739635406992847,4.876990333428809,7.678664803041099,0.23903699572099513,-0.07367460276985237,-0.055512461060760396
39902363,1789028332248000000,2862,HEAD_POSE_ESTIMATE,estimated,-0.6481569379027134,4.906382675034793,7.647049031613146,0.1901220628808632,-0.06599026108152546,-0.07568049369023551
39916363,1789028332262000000,2863,HEAD_POSE_ESTIMATE,estimated,-0.629603076118284,4.959169254852538,7.649460537702747,0.14525275006974608,-0.060193807148199545,-0.095758146470076
39929363,1789028332275000000,2864,HEAD_POSE_ESTIMATE,estimated,-0.61340773113,4.999897814871845,7.65583074258239,0.10941565836842485,-0.06099546849364335,-0.11629303538540822
39944363,1789028332290000000,2865,HEAD_POSE_ESTIMATE,estimated,-0.5850384049176899,5.0690462296541785,7.65684922405508,0.07283753741678346,-0.058834888100754525,-0.12790452671273542
39958363,1789028332304000000,2866,HEAD_POSE_ESTIMATE,estimated,-0.5692913491895351,5.0808792375926295,7.679031854423758,0.049572987732441925,-0.058809218598018125,-0.1282348609652707
39971363,1789028332317000000,2867,HEAD_POSE_ESTIMATE,estimated,-0.5404963385928084,5.104418981756449,7.667579233264908,0.03719887536701906,-0.058412090728689796,-0.11642285944851474
39986363,1789028332332000000,2868,HEAD_POSE_ESTIMATE,estimated,-0.499313696928609,5.128070366745006,7.663598266419279,0.03206139629501814,-0.054296003957947606,-0.08919288266109619
40000363,1789028332346000000,2869,HEAD_POSE_ESTIMATE,estimated,-0.449171357304981,5.142413141271605,7.6418314141793635,0.034501414374061457,-0.0455730276408051,-0.05010940444104295
40014363,1789028332360000000,2870,HEAD_POSE_ESTIMATE,estimated,-0.41591542436224793,5.14883540298582,7.60972438099004,0.03992976481337265,-0.03087810404848123,-0.005012045784480397
40028363,1789028332374000000,2871,HEAD_POSE_ESTIMATE,estimated,-0.39774794758130116,5.12564695074053,7.577464133298972,0.04873828701797279,-0.010073341498207234,0.041626138369569
40041363,1789028332387000000,2872,HEAD_POSE_ESTIMATE,estimated,-0.39074237377366783,5.089604747719745,7.553190326061296,0.056308219889765795,0.011110734852291157,0.07901085472975496
40056363,1789028332402000000,2873,HEAD_POSE_ESTIMATE,estimated,-0.3847711861332517,5.056630418471898,7.522469885045806,0.06228946441081776,0.03508482280586586,0.11050423135278567
40072363,1789028332418000000,2874,HEAD_POSE_ESTIMATE,estimated,-0.38876923315992884,5.0583919713634735,7.519963658009019,0.05799977363256858,0.059214297065178,0.12231172819333766
40084363,1789028332430000000,2875,HEAD_POSE_ESTIMATE,estimated,-0.3969153590130102,5.076830630526072,7.529282148128342,0.053407941642373336,0.07420393227973356,0.12057922050553344
40097363,1789028332443000000,2876,HEAD_POSE_ESTIMATE,estimated,-0.4153602717522097,5.093924945846227,7.540804647678052,0.046083708777267765,0.08355811520526452,0.11164924205450925
40111363,1789028332457000000,2877,HEAD_POSE_ESTIMATE,estimated,-0.4655313546125842,5.100587397139957,7.577043969640812,0.035419022114534446,0.08457915415697637,0.09738966518976813
40125363,1789028332471000000,2878,HEAD_POSE_ESTIMATE,estimated,-0.520688566773941,5.117871413184647,7.6316235851296055,0.027779452879812854,0.07811881737102289,0.07952531342875385
40139363,1789028332485000000,2879,HEAD_POSE_ESTIMATE,estimated,-0.5828738305580343,5.145235030686254,7.72933209073762,0.026127856914568752,0.06213408401328419,0.0624645386084441
40153363,1789028332499000000,2880,HEAD_POSE_ESTIMATE,estimated,-0.6484199977586662,5.1777220585358155,7.834543665418818,0.020421019100508347,0.04902506068054583,0.0563283989166913
40167363,1789028332513000000,2881,HEAD_POSE_ESTIMATE,estimated,-0.709533182784936,5.211529873722072,7.958159529211005,0.014499797057782178,0.031069982678737135,0.04810318906736646
40181363,1789028332527000000,2882,HEAD_POSE_ESTIMATE,estimated,-0.7584848963436511,5.231439782302502,8.09629739240819,0.004929661915183314,0.018216020126282484,0.05179016699788521
40195363,1789028332541000000,2883,HEAD_POSE_ESTIMATE,estimated,-0.7901864612117584,5.2810743968734695,8.216856003165475,-0.006203210251185896,0.015738780646191265,0.07035992688205092
40209363,1789028332555000000,2884,HEAD_POSE_ESTIMATE,estimated,-0.813411168628439,5.323856904139624,8.33914058530138,-0.014732104111251433,0.018397345028939822,0.09982122890031592
40223363,1789028332569000000,2885,HEAD_POSE_ESTIMATE,estimated,-0.8369660610978553,5.392992744909932,8.442761928443426,-0.023857876160104843,0.027027488759340475,0.13239576255621607
40237363,1789028332583000000,2886,HEAD_POSE_ESTIMATE,estimated,-0.8697301736056726,5.44611852794528,8.537892980352437,-0.035957402402171545,0.0467061178337712,0.1661973570024923
40253363,1789028332599000000,2887,HEAD_POSE_ESTIMATE,estimated,-0.9073445601388106,5.470782541839073,8.639214757595388,-0.057044470457169275,0.07725362750842994,0.20070977812627605
40265363,1789028332611000000,2888,HEAD_POSE_ESTIMATE,estimated,-0.9251865294243823,5.4892807909622,8.69923509228133,-0.07717637414725523,0.11009835606285992,0.22010912603613306
40279363,1789028332625000000,2889,HEAD_POSE_ESTIMATE,estimated,-0.9342694645099225,5.507681345124744,8.759535375336982,-0.09301176009370558,0.14837076240702388,0.2288852564775286
40292363,1789028332638000000,2890,HEAD_POSE_ESTIMATE,estimated,-0.9358323703014231,5.530679124156701,8.803169779006105,-0.10074473772087421,0.1784169713182091,0.2214062942939261
40307363,1789028332653000000,2891,HEAD_POSE_ESTIMATE,estimated,-0.9537677774565871,5.534726423632731,8.823565925505953,-0.09079822663988042,0.20640006541715572,0.19912035987654841
40321363,1789028332667000000,2892,HEAD_POSE_ESTIMATE,estimated,-0.9912198415243774,5.507766026146894,8.832203762063989,-0.07878516030614542,0.21951990438136415,0.1621628136360709
40333363,1789028332679000000,2893,HEAD_POSE_ESTIMATE,estimated,-1.0280158922954818,5.469388392806543,8.831508718626951,-0.06568109620802563,0.21631680872825812,0.12085804657732205
40347363,1789028332693000000,2894,HEAD_POSE_ESTIMATE,estimated,-1.0501541410793285,5.410812200070525,8.807073782865801,-0.06504195952557988,0.204118591764007,0.06888488047478535
40361363,1789028332707000000,2895,HEAD_POSE_ESTIMATE,estimated,-1.0794103322333592,5.350582715626318,8.766672985015521,-0.06445877746258068,0.1809307657962034,0.022301758478528985
40375363,1789028332721000000,2896,HEAD_POSE_ESTIMATE,estimated,-1.0864611157641346,5.286096298482145,8.696662364392962,-0.05083003617207213,0.14738379446068672,-0.003139218729998324
40389363,1789028332735000000,2897,HEAD_POSE_ESTIMATE,estimated,-1.0815418231584157,5.208102012424406,8.62813396916391,-0.03469719010278154,0.11111407872552576,-0.012011365668564932
40403363,1789028332749000000,2898,HEAD_POSE_ESTIMATE,estimated,-1.07048018344351,5.13536497732024,8.539409298628518,-0.0074781645414099835,0.07331123468315393,-0.0017254806933791383
40417363,1789028332763000000,2899,HEAD_POSE_ESTIMATE,estimated,-1.0381300160476368,5.0592856746316555,8.453495104793252,0.025311722721180433,0.03571993091927034,0.02381472659438651
40431363,1789028332777000000,2900,HEAD_POSE_ESTIMATE,estimated,-1.0014987642126876,4.980230354766191,8.349040482373034,0.06363687630118478,0.01027686590135213,0.06494611809438268
40445363,1789028332791000000,2901,HEAD_POSE_ESTIMATE,estimated,-0.9725537328579115,4.901698104173939,8.240166437185444,0.11170447814099618,-0.0032813729687328676,0.11204498272935713
40459363,1789028332805000000,2902,HEAD_POSE_ESTIMATE,estimated,-0.9211680751349608,4.870799752054941,8.139239219032605,0.16941196408852355,-0.00743941519169369,0.16156061301936753
40473363,1789028332819000000,2903,HEAD_POSE_ESTIMATE,estimated,-0.8796292600605443,4.830984806275582,8.04485137337623,0.21515268611076635,0.0008325966578904271,0.19734100169084423
40487363,1789028332833000000,2904,HEAD_POSE_ESTIMATE,estimated,-0.8347862767103515,4.828731462943719,7.973291854116719,0.2419164846339641,0.01691161443347837,0.22548568543345568
40501363,1789028332847000000,2905,HEAD_POSE_ESTIMATE,estimated,-0.7743301711142148,4.861120872382367,7.913240491984151,0.24701846744716743,0.04034170253084723,0.24107117887954277
40515363,1789028332861000000,2906,HEAD_POSE_ESTIMATE,estimated,-0.7274612311165853,4.906797087641919,7.861312297882648,0.23263966042399586,0.06250498955202391,0.24608324045431415
40529363,1789028332875000000,2907,HEAD_POSE_ESTIMATE,estimated,-0.707417743814682,4.949570595861904,7.830980619200219,0.20513303360915738,0.07559820368587826,0.24191013403444261
40543363,1789028332889000000,2908,HEAD_POSE_ESTIMATE,estimated,-0.6958224379942913,4.987873287809452,7.823408538855501,0.1735868852051654,0.08767046034655555,0.23396334288755571
40557363,1789028332903000000,2909,HEAD_POSE_ESTIMATE,estimated,-0.6768993411729891,5.016630766993248,7.846846058868925,0.1389515486743476,0.09577738101430437,0.2234040635675025
40572363,1789028332918000000,2910,HEAD_POSE_ESTIMATE,estimated,-0.6692343066328881,5.066026606262462,7.923817761550125,0.10870527936899678,0.09907294943326765,0.2186335434644163
40585363,1789028332931000000,2911,HEAD_POSE_ESTIMATE,estimated,-0.6617860389889322,5.155870913519998,7.9962533638361215,0.07512452282634591,0.09922035883155253,0.20845394949289323
40598363,1789028332944000000,2912,HEAD_POSE_ESTIMATE,estimated,-0.6603248276587786,5.25876716591201,8.075143901737171,0.0405265194196371,0.0963204454513703,0.19275093770763407
40613363,1789028332959000000,2913,HEAD_POSE_ESTIMATE,estimated,-0.6556202541318757,5.367831831817428,8.167372556400643,0.015138830659518904,0.08767531708325149,0.17671534243016337
40626363,1789028332972000000,2914,HEAD_POSE_ESTIMATE,estimated,-0.6440838599262033,5.435797391585958,8.257886253184434,0.00155281920926106,0.07765541705460019,0.1513867140124142
40640363,1789028332986000000,2915,HEAD_POSE_ESTIMATE,estimated,-0.6607639614862664,5.474002080975909,8.364700017094915,-0.005050133941097244,0.06782441469888371,0.13165343120162226
40653363,1789028332999000000,2916,HEAD_POSE_ESTIMATE,estimated,-0.67793907130306,5.478737988115074,8.457622254323095,-0.010858783814337478,0.06078801686455341,0.12051957889672275
40667363,1789028333013000000,2917,HEAD_POSE_ESTIMATE,estimated,-0.7204653731238863,5.526559112547268,8.556983349023282,-0.025097725767706493,0.04862761709081117,0.11855987063944014
40681363,1789028333027000000,2918,HEAD_POSE_ESTIMATE,estimated,-0.7712046350553213,5.588399387922281,8.642925682294631,-0.04412356432769306,0.04139700983478051,0.1292026133192362
40694363,1789028333040000000,2919,HEAD_POSE_ESTIMATE,estimated,-0.820946408598602,5.646741486032426,8.680728612845064,-0.04692354055996323,0.04036628737609797,0.15288407180047156
40708363,1789028333054000000,2920,HEAD_POSE_ESTIMATE,estimated,-0.8497443855806783,5.691189262899829,8.700833002866982,-0.042304977957043015,0.0425630145506922,0.18605872562682113
40722363,1789028333068000000,2921,HEAD_POSE_ESTIMATE,estimated,-0.8960521786422877,5.687163291001296,8.695055966959368,-0.026513902251596045,0.05340391318123866,0.2202353331049361
40737363,1789028333083000000,2922,HEAD_POSE_ESTIMATE,estimated,-0.9595694283145391,5.653467324295519,8.66569450295077,-0.003494758645348563,0.07713686033131045,0.25014171848811656
40749363,1789028333095000000,2923,HEAD_POSE_ESTIMATE,estimated,-1.0058376204914408,5.612578418751361,8.656465921258452,0.014898258948628219,0.10586197619091892,0.266136737650664
40764363,1789028333110000000,2924,HEAD_POSE_ESTIMATE,estimated,-1.0773143943608838,5.585358684052405,8.63056509239383,0.03310744192131432,0.14398345732400605,0.2751039369799667
40778363,1789028333124000000,2925,HEAD_POSE_ESTIMATE,estimated,-1.1696072957343018,5.582309643600534,8.601153120877909,0.04912493386136833,0.18306891643942866,0.27367076274558105
40792363,1789028333138000000,2926,HEAD_POSE_ESTIMATE,estimated,-1.2651922058673302,5.603793537336581,8.567813401357634,0.06716257854340424,0.22346527488527942,0.26232460170206423
40806363,1789028333152000000,2927,HEAD_POSE_ESTIMATE,estimated,-1.347633675447434,5.583423068589276,8.521672383302567,0.09197054053299038,0.2585523688320549,0.250856452200813
40820363,1789028333166000000,2928,HEAD_POSE_ESTIMATE,estimated,-1.448498658590274,5.580287037573851,8.467908593597004,0.11464875764513735,0.2894546770840524,0.23879779449749938
40834363,1789028333180000000,2929,HEAD_POSE_ESTIMATE,estimated,-1.5162648378179129,5.574391884111953,8.423760221377576,0.12913164457262374,0.3185597802916838,0.23514392903796874
40847363,1789028333193000000,2930,HEAD_POSE_ESTIMATE,estimated,-1.538863224298778,5.554100241975462,8.389040967943181,0.1292114205119131,0.3420725518002588,0.23882104782436303
40863363,1789028333209000000,2931,HEAD_POSE_ESTIMATE,estimated,-1.5890243635467112,5.570698298257646,8.338884903737796,0.13108291023823257,0.3640198885147089,0.25360406155837845
40876363,1789028333222000000,2932,HEAD_POSE_ESTIMATE,estimated,-1.5921288920668628,5.594169254930637,8.295549731472857,0.13213206852628678,0.3790109223350233,0.2765389899343183
40889363,1789028333235000000,2933,HEAD_POSE_ESTIMATE,estimated,-1.6213017386611388,5.6640748945094535,8.271026723654854,0.14065229977385324,0.3922452935983522,0.3121206085337431
40903363,1789028333249000000,2934,HEAD_POSE_ESTIMATE,estimated,-1.6268796961477914,5.730710493858977,8.239211405801683,0.14740662440128496,0.4035877186154884,0.3504036656736568
40917363,1789028333263000000,2935,HEAD_POSE_ESTIMATE,estimated,-1.6243664124305175,5.791369092819071,8.211908110824776,0.14707767581551143,0.41260636789594796,0.38518230907913054
40930363,1789028333276000000,2936,HEAD_POSE_ESTIMATE,estimated,-1.604285111501155,5.816337034685987,8.17909967720182,0.14006222799838025,0.42553954884551803,0.4104400456629945
40944363,1789028333290000000,2937,HEAD_POSE_ESTIMATE,estimated,-1.5828469093644788,5.850886506364672,8.145407886777749,0.12990289031994362,0.4328397140079637,0.4257567985126896
40959363,1789028333305000000,2938,HEAD_POSE_ESTIMATE,estimated,-1.544908823054226,5.902830912139282,8.10869859227006,0.12323553770322697,0.4365705150336208,0.4279852529609107
40972363,1789028333318000000,2939,HEAD_POSE_ESTIMATE,estimated,-1.442337365994545,5.9067599858948965,8.091471522521418,0.12475334810061206,0.44391308281681036,0.41843728543098613
40987363,1789028333333000000,2940,HEAD_POSE_ESTIMATE,estimated,-1.325119072033997,5.876089106327777,8.063894889093445,0.13075307482689336,0.4400106936851095,0.39703828157215837
41000363,1789028333346000000,2941,HEAD_POSE_ESTIMATE,estimated,-1.2591491323726778,5.820241973353805,8.042523997165386,0.13300365561567495,0.430569833378697,0.3775723178379459
41014363,1789028333360000000,2942,HEAD_POSE_ESTIMATE,estimated,-1.556534024117429,5.917393155486745,8.016020090814804,0.12930373061396594,0.40052318367543954,0.32956945516511144
41028363,1789028333374000000,2943,HEAD_POSE_ESTIMATE,estimated,-1.7174720374599337,5.972238133747844,7.986879641604836,0.13027140875033583,0.3762453900597491,0.29566923569554
41042363,1789028333388000000,2944,HEAD_POSE_ESTIMATE,estimated,-1.809814354372847,6.040355341476658,7.941848293321782,0.1431410458564225,0.34979698318234326,0.2810961560923613
41056363,1789028333402000000,2945,HEAD_POSE_ESTIMATE,estimated,-1.7956383693012996,6.068262847765345,7.902229616472427,0.16374873996582304,0.31992301063316925,0.2864094392042654
41070363,1789028333416000000,2946,HEAD_POSE_ESTIMATE,estimated,-1.7840669831761136,6.112871784889259,7.855930011671421,0.18477082055482652,0.29132767943521903,0.31107556725643304
41088363,1789028333434000000,2947,HEAD_POSE_ESTIMATE,estimated,-1.6344546469311898,6.091149754210636,7.799167311096269,0.20311049566293513,0.2624771336828378,0.35696499890237393
41107363,1789028333453000000,2948,HEAD_POSE_ESTIMATE,estimated,-1.5072321170110614,6.07348981121656,7.754475280642394,0.21974713210666663,0.23272854487708863,0.39471634869650746
41121363,1789028333467000000,2949,HEAD_POSE_ESTIMATE,estimated,-1.4845853879992679,6.148518576212002,7.702485735670078,0.22893772338203142,0.21972098830816492,0.42561748277106026
41136363,1789028333482000000,2950,HEAD_POSE_ESTIMATE,estimated,-1.31504806891472,6.111778523923875,7.67141562381937,0.2429731322430443,0.20692155268092444,0.441772894401427
41150363,1789028333496000000,2951,HEAD_POSE_ESTIMATE,estimated,-1.127877587250667,6.071058234156224,7.665519798989552,0.2555786126017664,0.19372682349563491,0.4385954786522504
41164363,1789028333510000000,2952,HEAD_POSE_ESTIMATE,estimated,-0.9445561723398593,6.038689827552214,7.665880663001935,0.24795565596265526,0.18499143108630367,0.43231107267975416
41178363,1789028333524000000,2953,HEAD_POSE_ESTIMATE,estimated,-0.7250230514669859,5.999286829089911,7.664806925232209,0.22524086634716975,0.18042449580440212,0.4315908204947323
41192363,1789028333538000000,2954,HEAD_POSE_ESTIMATE,estimated,-0.4905480548275043,5.948399354923731,7.665421325669546,0.194207770617877,0.17243514628392,0.4213657353672661
41207363,1789028333553000000,2955,HEAD_POSE_ESTIMATE,estimated,-0.47749119272307666,6.008453934079445,7.665692921739106,0.17302072210991346,0.18063650834885814,0.43707064402399254
41221363,1789028333567000000,2956,HEAD_POSE_ESTIMATE,estimated,-0.4397220111770104,6.023449011562735,7.664788699245023,0.14542498036982274,0.18847446954492134,0.43487420548472266
41234363,1789028333580000000,2957,HEAD_POSE_ESTIMATE,estimated,-0.7081766051551714,6.177250632623491,7.641127217537751,0.133535266359676,0.20452352679270258,0.4368112214988265
41249363,1789028333595000000,2958,HEAD_POSE_ESTIMATE,estimated,-0.6302329892488057,6.157879120654501,7.638482485175464,0.1269304497231407,0.21378804636498971,0.41364050931690455
41264363,1789028333610000000,2959,HEAD_POSE_ESTIMATE,estimated,-0.6938428560313635,6.214217580859298,7.599244712774705,0.12285117938230208,0.21670030764350223,0.3814643138368899
41278363,1789028333624000000,2960,HEAD_POSE_ESTIMATE,estimated,-0.7779401988227669,6.293320516407529,7.525095143276343,0.13327105622990548,0.21685216375787136,0.3377260284699869
41293363,1789028333639000000,2961,HEAD_POSE_ESTIMATE,estimated,-0.8110835512888088,6.320215119108512,7.4250173674747,0.16422393986405806,0.2167952780649109,0.28367303649166636
41306363,1789028333652000000,2962,HEAD_POSE_ESTIMATE,estimated,-0.7933045036918002,6.297954743012958,7.326485197333125,0.19152668609775972,0.2088323899607181,0.235549678320533
41324363,1789028333670000000,2963,HEAD_POSE_ESTIMATE,estimated,-0.7166162543909848,6.218203700308278,7.1878212028514925,0.21570153149332216,0.18704116382459288,0.1902860187036945
41338363,1789028333684000000,2964,HEAD_POSE_ESTIMATE,estimated,-0.7326273155755103,6.191544015934751,7.067959938561549,0.23022889743179262,0.1693003798732565,0.15967633763994193
41349363,1789028333695000000,2965,HEAD_POSE_ESTIMATE,estimated,-0.6228878995447165,6.132350021527253,7.000397037587471,0.23334907289334425,0.1521046686754035,0.16201514949995613
41366363,1789028333712000000,2966,HEAD_POSE_ESTIMATE,estimated,-0.48470841454270563,6.071839811033076,6.87685422170986,0.22378628191223396,0.11825981850553846,0.18331804435516236
41374363,1789028333720000000,2967,HEAD_POSE_ESTIMATE,estimated,-0.3992617785686835,6.068524824135683,6.816033510343941,0.21493081764344701,0.10348179969436107,0.20196386073356873
41387363,1789028333733000000,2968,HEAD_POSE_ESTIMATE,estimated,-0.27323678627236275,6.019154523631092,6.72588458593953,0.20951680756172822,0.07606934193586576,0.22981040828076016
41403363,1789028333749000000,2969,HEAD_POSE_ESTIMATE,estimated,-0.09627985032835462,5.945195172835724,6.611908980123994,0.19714557269458416,0.03781717825945427,0.24454597969058312
41416363,1789028333762000000,2970,HEAD_POSE_ESTIMATE,estimated,0.027718445490976795,5.905062121753598,6.531492211321042,0.17916895822390572,0.004080375265235807,0.2509159602394931
41430363,1789028333776000000,2971,HEAD_POSE_ESTIMATE,estimated,0.24372664920415832,5.8004293875614215,6.498125791170521,0.15947722240730572,-0.034107230811609775,0.2311448015661697
41444363,1789028333790000000,2972,HEAD_POSE_ESTIMATE,estimated,0.25812653018478293,5.781345501399161,6.408429311866108,0.14196822426002326,-0.061128813839702374,0.21617551685750858
41460363,1789028333806000000,2973,HEAD_POSE_ESTIMATE,estimated,0.23267283878988854,5.7574971947845865,6.317613133507418,0.12015043223033904,-0.08432176462616545,0.20603321901521157
41472363,1789028333818000000,2974,HEAD_POSE_ESTIMATE,estimated,0.2682240492630503,5.6844731204356025,6.28252860750401,0.10832494395406153,-0.0971351001386833,0.19945113799489037
41485363,1789028333831000000,2975,HEAD_POSE_ESTIMATE,estimated,0.2700385345747507,5.611403147872008,6.267434070319719,0.08915450359599912,-0.10766245801034281,0.20997496730467896
41500363,1789028333846000000,2976,HEAD_POSE_ESTIMATE,estimated,0.24890520731954435,5.583165907928813,6.285737774886283,0.06165351853811824,-0.11521624297231592,0.22310140263222697
41512363,1789028333858000000,2977,HEAD_POSE_ESTIMATE,estimated,0.33023667966692694,5.511955843959059,6.334546348233097,0.023971362894724315,-0.1254167649414026,0.24028016770056243
41527363,1789028333873000000,2978,HEAD_POSE_ESTIMATE,estimated,0.37765036293519744,5.490006364636381,6.442787584582495,-0.023557568569703386,-0.13604859716654652,0.2556795806167617
41543363,1789028333889000000,2979,HEAD_POSE_ESTIMATE,estimated,0.4635813387362712,5.467592648294102,6.600878362289204,-0.0707624233509943,-0.14360311346182877,0.2577835433693789
41554363,1789028333900000000,2980,HEAD_POSE_ESTIMATE,estimated,0.5187826543904803,5.457529340954661,6.6791613072601566,-0.10248388593638227,-0.14526396262170266,0.25000573170220414
41568363,1789028333914000000,2981,HEAD_POSE_ESTIMATE,estimated,0.600180531260935,5.443318290748393,6.845076859852307,-0.1327805896460751,-0.15035553794436163,0.22116971816614295
41582363,1789028333928000000,2982,HEAD_POSE_ESTIMATE,estimated,0.6179419802313926,5.472827013837919,6.995538196779497,-0.16125290575941784,-0.1497717523586056,0.19116310862470487
41596363,1789028333942000000,2983,HEAD_POSE_ESTIMATE,estimated,0.6545255844175283,5.50811515368624,7.160437778673855,-0.1925008099152603,-0.14290145707729993,0.1618644300290735
41610363,1789028333956000000,2984,HEAD_POSE_ESTIMATE,estimated,0.6720090573569226,5.573213214531011,7.366917606846014,-0.22626003557905272,-0.1361830886361079,0.142778600073603
41624363,1789028333970000000,2985,HEAD_POSE_ESTIMATE,estimated,0.674063829969924,5.64861390127468,7.5619972788037755,-0.25174570179490885,-0.12179699970753731,0.13273422279906236
41639363,1789028333985000000,2986,HEAD_POSE_ESTIMATE,estimated,0.6858080582110359,5.691867904819304,7.767915098774096,-0.27126298845899005,-0.10245761804726718,0.11707149479363532
41653363,1789028333999000000,2987,HEAD_POSE_ESTIMATE,estimated,0.6992111053048985,5.702751973545103,7.944102190463674,-0.2928750545036013,-0.08208427756980426,0.10861269696683859
41665363,1789028334011000000,2988,HEAD_POSE_ESTIMATE,estimated,0.665363323745103,5.726656453991282,8.03752186232364,-0.3085506324270085,-0.06677074714277634,0.09443347684581549
41680363,1789028334026000000,2989,HEAD_POSE_ESTIMATE,estimated,0.6616953226353484,5.72218475645011,8.20811258710506,-0.34265681759472555,-0.051766672056999675,0.0769451803970917
41693363,1789028334039000000,2990,HEAD_POSE_ESTIMATE,estimated,0.6519055786121878,5.736892666104425,8.339306835811879,-0.386821834598216,-0.04533427050092385,0.06329343795411096
41707363,1789028334053000000,2991,HEAD_POSE_ESTIMATE,estimated,0.6388522706583063,5.792866927449576,8.489362850675395,-0.44240264020865744,-0.04589093886777069,0.05855824614819524
41721363,1789028334067000000,2992,HEAD_POSE_ESTIMATE,estimated,0.5943665225026911,5.861921489395376,8.605319586536632,-0.4712494039478596,-0.04593667190541014,0.05282262094065624
41736363,1789028334082000000,2993,HEAD_POSE_ESTIMATE,estimated,0.5668564978353298,5.915782081536093,8.71494951305086,-0.48305561592495594,-0.04590061525560621,0.049065175989987414
41749363,1789028334095000000,2994,HEAD_POSE_ESTIMATE,estimated,0.5522499823703553,5.958161675160876,8.848967095134364,-0.48275799985391166,-0.04348390895009971,0.04724462720632353
41764363,1789028334110000000,2995,HEAD_POSE_ESTIMATE,estimated,0.5216760408047786,5.984493015402752,8.931868817704608,-0.4739025295307588,-0.040089083010689544,0.04419380141578713
41777363,1789028334123000000,2996,HEAD_POSE_ESTIMATE,estimated,0.5099938817055868,5.959591547079139,9.003078472380366,-0.45142611495468027,-0.03570262604169197,0.04207616161501568
41791363,1789028334137000000,2997,HEAD_POSE_ESTIMATE,estimated,0.49840377717039097,5.878873519337579,9.095096383650672,-0.42415976322869964,-0.030754429755645418,0.03737535469034854
41805363,1789028334151000000,2998,HEAD_POSE_ESTIMATE,estimated,0.46352485312022723,5.779723701351251,9.167829709037305,-0.37671729990445046,-0.024016234742953616,0.03167654259841461
41822363,1789028334168000000,2999,HEAD_POSE_ESTIMATE,estimated,0.39293350371395436,5.672354217267993,9.25263829914493,-0.3068708517036568,-0.012072793865840151,0.021519644337311798
41831363,1789028334177000000,3000,HEAD_POSE_ESTIMATE,estimated,0.3522506683822208,5.599808441236362,9.322124210312383,-0.2594787175552836,-0.00033558842660328324,0.005136136665972641
41845363,1789028334191000000,3001,HEAD_POSE_ESTIMATE,estimated,0.2965043584578331,5.474550408782992,9.389358028541098,-0.20696639939166406,0.011122708912114344,-0.011755540680010154
41860363,1789028334206000000,3002,HEAD_POSE_ESTIMATE,estimated,0.22968305173413736,5.3476445412584015,9.419789961552308,-0.1694590692878785,0.018050707356943876,-0.0213101645404579
41873363,1789028334219000000,3003,HEAD_POSE_ESTIMATE,estimated,0.19109936476062833,5.253455587735593,9.456111352524598,-0.14255863355826304,0.02396554262319003,-0.019108766523851184
41887363,1789028334233000000,3004,HEAD_POSE_ESTIMATE,estimated,0.1514343048810441,5.19060675143734,9.471710432321753,-0.13528798623662322,0.023352916091421906,-0.007950984069982417
41901363,1789028334247000000,3005,HEAD_POSE_ESTIMATE,estimated,0.11014090274269521,5.1650650759767265,9.511277977736384,-0.12154958071724573,0.02609913682064172,0.009867041415019965
41914363,1789028334260000000,3006,HEAD_POSE_ESTIMATE,estimated,0.07794377768777926,5.152412256543223,9.537375970844156,-0.10914581559420895,0.038422254477944874,0.03814299405801321
41928363,1789028334274000000,3007,HEAD_POSE_ESTIMATE,estimated,0.05235979135501927,5.1360539855221194,9.588440088184672,-0.09267120495399012,0.05435856676124703,0.07151290213388084
41943363,1789028334289000000,3008,HEAD_POSE_ESTIMATE,estimated,0.03636927566760029,5.139393734953912,9.611774858942047,-0.07883500681863849,0.08187591256439854,0.10837962388605289
41957363,1789028334303000000,3009,HEAD_POSE_ESTIMATE,estimated,0.03868835957442052,5.141728255502169,9.65114978703088,-0.0608954050728155,0.11411884813040588,0.14098625799019116
41972363,1789028334318000000,3010,HEAD_POSE_ESTIMATE,estimated,0.03985936012461565,5.191026819409307,9.656276773334664,-0.03794496962406885,0.15183400720778967,0.16433418048780346
41985363,1789028334331000000,3011,HEAD_POSE_ESTIMATE,estimated,0.04041132936218511,5.1825200105914515,9.686769357662337,-0.014347741170736393,0.1836560818875779,0.18329249985565674
42002363,1789028334348000000,3012,HEAD_POSE_ESTIMATE,estimated,0.03245858750674205,5.1369148046761515,9.696753943139587,0.018687053979511183,0.22561244115966392,0.19385526849073997
42011363,1789028334357000000,3013,HEAD_POSE_ESTIMATE,estimated,0.02512226237198527,5.08465309456894,9.698241723841154,0.044581267965654155,0.2530613134399963,0.21015291428409474
42026363,1789028334372000000,3014,HEAD_POSE_ESTIMATE,estimated,0.039149666977688916,4.986641999781675,9.675889774558748,0.08019746403393532,0.29265374091130125,0.2216967319644463
42040363,1789028334386000000,3015,HEAD_POSE_ESTIMATE,estimated,0.025262978792487623,4.913461575965428,9.61917267865767,0.11557942159910575,0.3312877215567855,0.23514224013795956
42054363,1789028334400000000,3016,HEAD_POSE_ESTIMATE,estimated,0.026780800377846498,4.848054949090697,9.521051539711573,0.15208513312044275,0.37475274688960586,0.2587729588545167
42068363,1789028334414000000,3017,HEAD_POSE_ESTIMATE,estimated,0.027735199392831006,4.801313660014371,9.42202469184421,0.18088510724020881,0.41381400529591356,0.28686531315711655
42084363,1789028334430000000,3018,HEAD_POSE_ESTIMATE,estimated,0.03729348118777437,4.737548623029793,9.336339215578912,0.21002672989728835,0.45692273420361873,0.3301929997801946
42095363,1789028334441000000,3019,HEAD_POSE_ESTIMATE,estimated,0.022935410854624194,4.7311417413886545,9.259498970052853,0.2285122230989101,0.4906770405851045,0.3779623088034116
42108363,1789028334454000000,3020,HEAD_POSE_ESTIMATE,estimated,0.028826845141658147,4.705973565101987,9.159423098086686,0.25057256515809345,0.5297121758369827,0.4490849053500184
42122363,1789028334468000000,3021,HEAD_POSE_ESTIMATE,estimated,0.025097309793145284,4.690223359395585,9.056237320371618,0.2722679688642864,0.5738217710911226,0.4964675919696923
42136363,1789028334482000000,3022,HEAD_POSE_ESTIMATE,estimated,0.041169081839093125,4.621130693882256,8.982528122401884,0.2924214553016469,0.6180862945076381,0.551561437012026
42150363,1789028334496000000,3023,HEAD_POSE_ESTIMATE,estimated,0.04973996169823203,4.58374100681898,8.869999282713012,0.31912381937878204,0.6754307992216462,0.5839298858490305
42165363,1789028334511000000,3024,HEAD_POSE_ESTIMATE,estimated,0.050916082381169625,4.5432828456263845,8.769779041377946,0.34080427685443315,0.7212009885572102,0.5943437374496539
42180363,1789028334526000000,3025,HEAD_POSE_ESTIMATE,estimated,0.021522824448326316,4.586639577677231,8.61299941247047,0.36694213642920315,0.7669935887310969,0.6012260555432176
42192363,1789028334538000000,3026,HEAD_POSE_ESTIMATE,estimated,-0.016848075048313205,4.597675471153576,8.543661237889324,0.3880796432075116,0.7960357009716286,0.5997342449451928
42207363,1789028334553000000,3027,HEAD_POSE_ESTIMATE,estimated,-0.07007434982088329,4.499328428573774,8.544488897260553,0.40871202704184656,0.8243624515200677,0.6030698596123227
42221363,1789028334567000000,3028,HEAD_POSE_ESTIMATE,estimated,-0.15344524171354873,4.439240950688266,8.482216905486252,0.42086012849344506,0.8527143784315814,0.6060529238168838
42235363,1789028334581000000,3029,HEAD_POSE_ESTIMATE,estimated,-0.21995368346442784,4.409598784075002,8.357391586305608,0.4199428354691014,0.8875012738922586,0.6155958467668445
42248363,1789028334594000000,3030,HEAD_POSE_ESTIMATE,estimated,-0.2948893889616563,4.460956423036643,8.251826045422964,0.406488714036298,0.9113189182195118,0.6189959716700212
42263363,1789028334609000000,3031,HEAD_POSE_ESTIMATE,estimated,-0.38107681973362184,4.541657074750596,8.136115911340177,0.3702991394739253,0.9307002182029123,0.6217658272080125
42277363,1789028334623000000,3032,HEAD_POSE_ESTIMATE,estimated,-0.4810288199407878,4.6540090028704775,8.020062033082159,0.32140974848986953,0.9402948510935051,0.6252228259975191
42293363,1789028334639000000,3033,HEAD_POSE_ESTIMATE,estimated,-0.6165596159087954,4.8046511968259376,7.902608096918658,0.26890664627831334,0.9567071258993936,0.6365188355121835
42305363,1789028334651000000,3034,HEAD_POSE_ESTIMATE,estimated,-0.7564976103842848,4.88388002197411,7.879715803009282,0.22419292283440076,0.9595250520003195,0.6328509827758475
42317363,1789028334663000000,3035,HEAD_POSE_ESTIMATE,estimated,-0.8960619503042248,4.997035903428934,7.809583253519412,0.1747145458599688,0.955995734098821,0.6216775535534456
42331363,1789028334677000000,3036,HEAD_POSE_ESTIMATE,estimated,-1.0217795116985862,5.201781423499897,7.718778482972698,0.12660231203966812,0.9580203283540564,0.6018437842963344
42346363,1789028334692000000,3037,HEAD_POSE_ESTIMATE,estimated,-1.1567469627627407,5.441349945398232,7.651918452395032,0.08377650911200493,0.9474887635935739,0.5936363123520577
42360363,1789028334706000000,3038,HEAD_POSE_ESTIMATE,estimated,-1.267041644665121,5.672039845821502,7.602047187874242,0.056715662377486646,0.9335365296732024,0.603912334616122
42374363,1789028334720000000,3039,HEAD_POSE_ESTIMATE,estimated,-1.355767716000533,5.970214709371749,7.476492806480631,0.03613593372661453,0.9136694813970276,0.6304923912370834
42388363,1789028334734000000,3040,HEAD_POSE_ESTIMATE,estimated,-1.440870058498942,6.114444552520762,7.422045280396663,0.0336609026296365,0.899944483932193,0.6800821402010582
42403363,1789028334749000000,3041,HEAD_POSE_ESTIMATE,estimated,-1.5143862157361374,6.193442458881134,7.399721016468234,0.034660128225668475,0.8800100013400054,0.7269707991725037
42415363,1789028334761000000,3042,HEAD_POSE_ESTIMATE,estimated,-1.5889707303407006,6.158211396916414,7.44516454187642,0.03690865560082923,0.8815590008268307,0.771717792908151
42429363,1789028334775000000,3043,HEAD_POSE_ESTIMATE,estimated,-1.6124118290975464,6.24005023422224,7.407664207264757,0.032114347592380244,0.8905118031244047,0.8097648488671493
42444363,1789028334790000000,3044,HEAD_POSE_ESTIMATE,estimated,-1.5795366840863738,6.417311577304969,7.279036797279983,0.013278658517931247,0.9003144657203628,0.8336068435007431
42457363,1789028334803000000,3045,HEAD_POSE_ESTIMATE,estimated,-1.5602077138768466,6.571275624803995,7.164832510693416,-0.016212394883650515,0.9062085421432647,0.838470232847104
42471363,1789028334817000000,3046,HEAD_POSE_ESTIMATE,estimated,-1.60438975134397,6.6501871939401545,7.1814620167196,-0.06191949245268484,0.9066043096510096,0.8286682568679372
42486363,1789028334832000000,3047,HEAD_POSE_ESTIMATE,estimated,-1.7445857583184474,6.6122601914501375,7.28763062296337,-0.11594560284183734,0.9053627989063409,0.806258526694573
42500363,1789028334846000000,3048,HEAD_POSE_ESTIMATE,estimated,-1.8735454808094452,6.600565255483028,7.3755260275493075,-0.19094100535314665,0.9185726184974682,0.7893845335765804
42513363,1789028334859000000,3049,HEAD_POSE_ESTIMATE,estimated,-1.9496483591826907,6.570342532954681,7.43183506829575,-0.2704823478499817,0.9417493821084425,0.7820648379715053
42527363,1789028334873000000,3050,HEAD_POSE_ESTIMATE,estimated,-2.011524799730977,6.539338514825511,7.540027590079137,-0.32682629942707486,0.9784077808268794,0.8006902013304732
42543363,1789028334889000000,3051,HEAD_POSE_ESTIMATE,estimated,-1.9387819901653776,6.713156482211792,7.559339968569765,-0.37668710380978343,1.0197633231720706,0.8419447006924072
42559363,1789028334905000000,3052,HEAD_POSE_ESTIMATE,estimated,-1.8872169148054225,6.8991113494164304,7.6717420830413765,-0.40266114965266514,1.0442941137867257,0.8862741497250727
42574363,1789028334920000000,3053,HEAD_POSE_ESTIMATE,estimated,-1.8267343957436337,7.030055285484042,7.84511281134575,-0.43666960448539077,1.0611896023694318,0.9246140273710335
42585363,1789028334931000000,3054,HEAD_POSE_ESTIMATE,estimated,-1.7643197015025038,7.124551100105766,7.92994003282464,-0.4314656745726228,1.0764903930309426,0.9591483292250912
42595363,1789028334941000000,3055,HEAD_POSE_ESTIMATE,estimated,-1.707128712581475,7.19146554056699,7.989105422256671,-0.4121701027326855,1.0853393702076066,0.98968117995783
42610363,1789028334956000000,3056,HEAD_POSE_ESTIMATE,estimated,-1.5861820240029592,7.194213105961001,8.002788478954667,-0.36945334619025244,1.1085245628685447,1.0351192027572838
42624363,1789028334970000000,3057,HEAD_POSE_ESTIMATE,estimated,-1.4910277990336176,7.220836782492,8.004871615057933,-0.29111440148465034,1.1180439180768342,1.0596242739049055
42638363,1789028334984000000,3058,HEAD_POSE_ESTIMATE,estimated,-1.4020870279166708,7.24059081007891,7.973011263922531,-0.1847273064319462,1.1111434759271954,1.065628704602316
42655363,1789028335001000000,3059,HEAD_POSE_ESTIMATE,estimated,-1.2743000126269575,7.308338664239205,7.849453634624007,-0.043427011372751415,1.087562143198277,1.0480995071888468
42667363,1789028335013000000,3060,HEAD_POSE_ESTIMATE,estimated,-1.1963062226441368,7.359097884124196,7.7305072497668865,0.0776875148179762,1.0593553321022264,1.0121479926123125
42680363,1789028335026000000,3061,HEAD_POSE_ESTIMATE,estimated,-1.2269690171297565,7.384788412649913,7.598524628507488,0.18526882309989537,1.0322216559668125,0.9700298647562329
42694363,1789028335040000000,3062,HEAD_POSE_ESTIMATE,estimated,-1.3678780517441405,7.316326189210895,7.523595767357778,0.27572897180357075,1.0085838835760954,0.9512670274051402
42708363,1789028335054000000,3063,HEAD_POSE_ESTIMATE,estimated,-1.3806120244250288,7.2542205571640075,7.32645521517861,0.3424073496662287,0.9880916805305016,0.9533196742074093
42723363,1789028335069000000,3064,HEAD_POSE_ESTIMATE,estimated,-1.344794028786122,7.258052025206615,7.067742966467109,0.40899665561068654,0.9476870186535017,0.941604132001445
42736363,1789028335082000000,3065,HEAD_POSE_ESTIMATE,estimated,-1.3304402398805544,7.1884730980325084,6.893068906602007,0.4462270363424644,0.9110945768188774,0.9457586843978528
42749363,1789028335095000000,3066,HEAD_POSE_ESTIMATE,estimated,-1.3218081934612453,7.155949959554762,6.724842435215818,0.4621945198136765,0.8858772954346912,0.9689968306357579
42763363,1789028335109000000,3067,HEAD_POSE_ESTIMATE,estimated,-1.2805782785761142,7.189745254756756,6.565007987907729,0.474904673512381,0.8563006396693676,0.9766254134769641
42778363,1789028335124000000,3068,HEAD_POSE_ESTIMATE,estimated,-1.3229460932822006,7.148101790060463,6.50367367835949,0.5008541856243687,0.8343746537367105,0.9667044209662192
42791363,1789028335137000000,3069,HEAD_POSE_ESTIMATE,estimated,-1.320440006324642,7.195727309001201,6.384296792059153,0.5434607826822694,0.8180202983517277,0.9377098587171029
42805363,1789028335151000000,3070,HEAD_POSE_ESTIMATE,estimated,-1.3131514240948037,7.249312479853425,6.242641433849501,0.5675442364641872,0.7801734029742913,0.8709093244729438
42821363,1789028335167000000,3071,HEAD_POSE_ESTIMATE,estimated,-1.360046913869544,7.291415069531652,6.043994751888542,0.5818400413691559,0.7219163330924339,0.7662232175959321
42833363,1789028335179000000,3072,HEAD_POSE_ESTIMATE,estimated,-1.3536392966715496,7.308179441034273,5.867232973650126,0.5968642476044509,0.6530737967162357,0.66309367512044
42847363,1789028335193000000,3073,HEAD_POSE_ESTIMATE,estimated,-1.4011847321735167,7.297956916965223,5.702444619615203,0.5886343404148642,0.5835259585695404,0.586541047864338
42861363,1789028335207000000,3074,HEAD_POSE_ESTIMATE,estimated,-1.4853225430581998,7.286128630174521,5.535386147889227,0.5727995714416168,0.5128950533185798,0.5324524655165686
42875363,1789028335221000000,3075,HEAD_POSE_ESTIMATE,estimated,-1.5899023157999348,7.284077397404451,5.395519548035287,0.5490419164086099,0.4406699024158226,0.4938096895849551
42889363,1789028335235000000,3076,HEAD_POSE_ESTIMATE,estimated,-1.669736652195534,7.288577151331409,5.259245923471395,0.5399917178288051,0.37337141751640607,0.5100398584791334
42903363,1789028335249000000,3077,HEAD_POSE_ESTIMATE,estimated,-1.6932610970123032,7.241163277963634,5.157452397592352,0.5513609073866925,0.3254004458680488,0.5459812035270827
42917363,1789028335263000000,3078,HEAD_POSE_ESTIMATE,estimated,-1.7264718329187445,7.17263615995643,5.018869315571186,0.5535771154074584,0.29115404696428254,0.5721070050066419
42930363,1789028335276000000,3079,HEAD_POSE_ESTIMATE,estimated,-1.6486192054137234,7.10201127868642,4.862718103803926,0.573985115160694,0.26518494383343866,0.5876894147969326
42945363,1789028335291000000,3080,HEAD_POSE_ESTIMATE,estimated,-1.718924769307464,7.01822448088438,4.768338017234756,0.5762095840942976,0.2678444001608156,0.5827786597101163
42960363,1789028335306000000,3081,HEAD_POSE_ESTIMATE,estimated,-1.7514080621519277,6.926536573640232,4.6194444387287845,0.5609345044295431,0.287430196071265,0.5464774561101977
42974363,1789028335320000000,3082,HEAD_POSE_ESTIMATE,estimated,-1.7106952727337628,6.867696794979542,4.492249006543534,0.5420575094520707,0.3154761782039616,0.48621645098827476
42985363,1789028335331000000,3083,HEAD_POSE_ESTIMATE,estimated,-1.6869468980945872,6.824170195351788,4.392979008143488,0.5047747578036583,0.35272423900910665,0.43830459377206527
42999363,1789028335345000000,3084,HEAD_POSE_ESTIMATE,estimated,-1.6277586780932913,6.8010828856700565,4.310133910674772,0.4346643314682916,0.4058598213661679,0.3867082727245646
43014363,1789028335360000000,3085,HEAD_POSE_ESTIMATE,estimated,-1.5526217688586914,6.825059098284607,4.214077370900934,0.3362671577423261,0.44992781504589735,0.32933404993847704
43027363,1789028335373000000,3086,HEAD_POSE_ESTIMATE,estimated,-1.449137714335127,6.885805058907436,4.158508771844471,0.2535753399287755,0.5010138630594426,0.2901824958296367
43042363,1789028335388000000,3087,HEAD_POSE_ESTIMATE,estimated,-1.4178441334924174,6.891399733892427,4.127599597689692,0.16062852485204956,0.5287909901386795,0.23832975399521908
43055363,1789028335401000000,3088,HEAD_POSE_ESTIMATE,estimated,-1.3419510959101189,6.915182734586759,4.125501677642933,0.07168699146351627,0.5378413313250638,0.1739552652363794
43068363,1789028335414000000,3089,HEAD_POSE_ESTIMATE,estimated,-1.2930463974073962,7.083948150703815,4.161729732536344,0.004603117287132115,0.5241072627995988,0.10106278847290344
43083363,1789028335429000000,3090,HEAD_POSE_ESTIMATE,estimated,-1.3613169876501634,7.36487016511427,4.322423164576738,-0.08229764481636781,0.4868714829923578,0.016888488585265808
43096363,1789028335442000000,3091,HEAD_POSE_ESTIMATE,estimated,-1.4116498628397103,7.675976511731218,4.479765553041023,-0.16240743277022046,0.4364436785190214,-0.05844179121429176
43111363,1789028335457000000,3092,HEAD_POSE_ESTIMATE,estimated,-1.4515504487256863,7.92281791691522,4.638369942337051,-0.25519118538457647,0.3796765956045093,-0.14944981508574726
43125363,1789028335471000000,3093,HEAD_POSE_ESTIMATE,estimated,-1.424105456192129,8.107567638881775,4.804058750132943,-0.33624810661528903,0.310787166062038,-0.2232537961734135
43140363,1789028335486000000,3094,HEAD_POSE_ESTIMATE,estimated,-1.435427417175787,8.200336529879028,5.035206171765791,-0.4027809817736553,0.23434482680282684,-0.27680393297410955
43152363,1789028335498000000,3095,HEAD_POSE_ESTIMATE,estimated,-1.378486138944609,8.241986432656576,5.1958195155768845,-0.4519277862713026,0.1758874163411767,-0.3219055150941584
43166363,1789028335512000000,3096,HEAD_POSE_ESTIMATE,estimated,-1.3269471212814186,8.230685360662273,5.375081071052737,-0.47969030372424515,0.10405144971738872,-0.351900765854771
43180363,1789028335526000000,3097,HEAD_POSE_ESTIMATE,estimated,-1.2732513035890833,8.13279098798058,5.566316450464244,-0.487660456445295,0.036318914671651846,-0.3556103596842343
43194363,1789028335540000000,3098,HEAD_POSE_ESTIMATE,estimated,-1.119570737519131,8.014831374263236,5.700044695948186,-0.49003046716397464,-0.022303703533840494,-0.3466682985472606
43209363,1789028335555000000,3099,HEAD_POSE_ESTIMATE,estimated,-1.0186218959887745,7.829186100292747,5.774268821185741,-0.46288699971983593,-0.07438363358245065,-0.3043886197725801
43221363,1789028335567000000,3100,HEAD_POSE_ESTIMATE,estimated,-0.7955214898028227,7.745044977723588,5.879173337493756,-0.4197304357373179,-0.11470923047588782,-0.2419539200019843
43236363,1789028335582000000,3101,HEAD_POSE_ESTIMATE,estimated,-0.6165782274721068,7.605802586874166,5.9638829823676645,-0.3603679387190869,-0.155973502624412,-0.17251628736993113
43250363,1789028335596000000,3102,HEAD_POSE_ESTIMATE,estimated,-0.5698977357425647,7.501314150359388,6.008867365945885,-0.3092917582319207,-0.1959448892114436,-0.12009690822906566
43264363,1789028335610000000,3103,HEAD_POSE_ESTIMATE,estimated,-0.5556837804396209,7.490281967913916,6.046516732030129,-0.2681166933601525,-0.21902069334447558,-0.07375545507573339
43279363,1789028335625000000,3104,HEAD_POSE_ESTIMATE,estimated,-0.4687419168084046,7.625144305146038,6.14441714478339,-0.24633407070572136,-0.2533047609552772,-0.04164558592938642
43292363,1789028335638000000,3105,HEAD_POSE_ESTIMATE,estimated,-0.4143077640508184,7.818562349199878,6.230547842876561,-0.2608375409944145,-0.2812925787004795,-0.03489706684018841
43307363,1789028335653000000,3106,HEAD_POSE_ESTIMATE,estimated,-0.3406140000008224,7.995302719308561,6.300034984251141,-0.2664995982270468,-0.31724296488571874,-0.0382521332819612
43320363,1789028335666000000,3107,HEAD_POSE_ESTIMATE,estimated,-0.2815852234110645,8.081421990281312,6.363751432199187,-0.2711684367814337,-0.35244806013482866,-0.04521267557123999
43338363,1789028335684000000,3108,HEAD_POSE_ESTIMATE,estimated,-0.2329755907291473,8.084970936399623,6.434236821492638,-0.26657985556974334,-0.41875282603674363,-0.07706841028981239
43352363,1789028335698000000,3109,HEAD_POSE_ESTIMATE,estimated,-0.10627620749290512,8.077336178682117,6.551900685722438,-0.25318227760200607,-0.4608563212836959,-0.10428121705689888
43361363,1789028335707000000,3110,HEAD_POSE_ESTIMATE,estimated,-0.060779209244254506,8.074155896743356,6.619500106170882,-0.24293305286427172,-0.48822116272164634,-0.1293094720136395
43374363,1789028335720000000,3111,HEAD_POSE_ESTIMATE,estimated,0.019916740139279687,8.086117332664278,6.674714863321667,-0.22726909514541527,-0.5270972202075176,-0.16269214762007264
43389363,1789028335735000000,3112,HEAD_POSE_ESTIMATE,estimated,0.11838261992826316,8.079700448661715,6.724098172899193,-0.22345455545527734,-0.5668611925413877,-0.22411363821949498
43402363,1789028335748000000,3113,HEAD_POSE_ESTIMATE,estimated,0.19923926174539708,8.054389772133705,6.7022455644301075,-0.21605896223641544,-0.6021146246723308,-0.29033005456743183
43416363,1789028335762000000,3114,HEAD_POSE_ESTIMATE,estimated,0.3260319156633411,7.979063864244481,6.7025090666511264,-0.18976813481512192,-0.652171164086163,-0.37139138000254013
43430363,1789028335776000000,3115,HEAD_POSE_ESTIMATE,estimated,0.38505043396936633,7.892852108233937,6.694838544343476,-0.15787910071595962,-0.6966429076617835,-0.45478860282998673
43444363,1789028335790000000,3116,HEAD_POSE_ESTIMATE,estimated,0.5092574660624847,7.8237826373882235,6.709378429455866,-0.1233700243525866,-0.734918309153847,-0.5377261606888749
43460363,1789028335806000000,3117,HEAD_POSE_ESTIMATE,estimated,0.41205970358082533,7.722206973760543,6.672720517828932,-0.08848164464999453,-0.781445749603484,-0.602498923371996
43473363,1789028335819000000,3118,HEAD_POSE_ESTIMATE,estimated,0.33454482988353673,7.671135821340846,6.627325394509768,-0.05915049388428284,-0.826789121128975,-0.6355116570182767
43485363,1789028335831000000,3119,HEAD_POSE_ESTIMATE,estimated,0.35672403440517386,7.657943675450698,6.600548872442468,-0.02975247414236342,-0.8623144499599318,-0.6454676272300972
43499363,1789028335845000000,3120,HEAD_POSE_ESTIMATE,estimated,0.4076325653563515,7.652580873995465,6.516426027464716,0.008153569165135124,-0.8948053240724347,-0.6329325511802385
43512363,1789028335858000000,3121,HEAD_POSE_ESTIMATE,estimated,0.4258532154055459,7.620279879421544,6.425510335558043,0.045577691851598046,-0.9171828487952098,-0.6006747063446302
43527363,1789028335873000000,3122,HEAD_POSE_ESTIMATE,estimated,0.4597251082155944,7.581092293961656,6.34822242903752,0.0713535011029778,-0.9262590122375961,-0.5587343762228204
43542363,1789028335888000000,3123,HEAD_POSE_ESTIMATE,estimated,0.5029250989698699,7.557160176491591,6.260835827051861,0.08525045261677024,-0.9169395681556889,-0.5159885351119152
43555363,1789028335901000000,3124,HEAD_POSE_ESTIMATE,estimated,0.5363018299737998,7.529368951921825,6.211434704648783,0.07473273643356831,-0.894433696746516,-0.47533212881292763
43568363,1789028335914000000,3125,HEAD_POSE_ESTIMATE,estimated,0.5708719110979599,7.540956654368948,6.161553962937736,0.045645114138451424,-0.8730677261850451,-0.45357238971825076
43583363,1789028335929000000,3126,HEAD_POSE_ESTIMATE,estimated,0.5726594121157014,7.555466748800311,6.092893585957374,0.008050925107813594,-0.8403809737125815,-0.4235298072360886
43596363,1789028335942000000,3127,HEAD_POSE_ESTIMATE,estimated,0.5856164769875054,7.548269169861857,6.015175135274443,-0.02351510653234378,-0.8057042725487387,-0.39736313730021944
43610363,1789028335956000000,3128,HEAD_POSE_ESTIMATE,estimated,0.628258288765406,7.513618689513275,5.940106216605825,-0.04529609324286052,-0.7595873404672652,-0.3720852912702747
43624363,1789028335970000000,3129,HEAD_POSE_ESTIMATE,estimated,0.6277885112302019,7.433694066394817,5.934539428948921,-0.06566476936163342,-0.7221514334166241,-0.35987788797603537
43639363,1789028335985000000,3130,HEAD_POSE_ESTIMATE,estimated,0.6608868416118613,7.368037714008434,5.881730991780595,-0.0938686278563972,-0.6653469361380666,-0.34746811678163314
43652363,1789028335998000000,3131,HEAD_POSE_ESTIMATE,estimated,0.7110358125139947,7.318902467290255,5.773406374974498,-0.12235568476169871,-0.6170176092978845,-0.3443324797173359
43667363,1789028336013000000,3132,HEAD_POSE_ESTIMATE,estimated,0.7497371535440484,7.313427241411324,5.609246617074004,-0.16048364137568016,-0.5679353018910671,-0.34659551359656676
43680363,1789028336026000000,3133,HEAD_POSE_ESTIMATE,estimated,0.7390839941761767,7.282312023798725,5.515844511165428,-0.20693120906206083,-0.5221734843624353,-0.3481804958667541
43695363,1789028336041000000,3134,HEAD_POSE_ESTIMATE,estimated,0.718243253787885,7.258444757949206,5.3997025038362585,-0.25654051977729164,-0.4697104883439883,-0.3368180796159368
43708363,1789028336054000000,3135,HEAD_POSE_ESTIMATE,estimated,0.6523544162020963,7.207409431092412,5.346542517266066,-0.2974544118644174,-0.4323271003112724,-0.32668842791485697
43722363,1789028336068000000,3136,HEAD_POSE_ESTIMATE,estimated,0.5070747616628719,7.09414379403091,5.456343838932488,-0.36073138913338143,-0.38921233046243703,-0.3209466763674386
43740363,1789028336086000000,3137,HEAD_POSE_ESTIMATE,estimated,0.2754441383246793,6.9128338271418075,5.6721909861375925,-0.4424548825701917,-0.33385375761067027,-0.3099381711433087
43752363,1789028336098000000,3138,HEAD_POSE_ESTIMATE,estimated,0.3494601352873832,6.932538550712506,5.376112264687572,-0.46947190695089913,-0.2977102543572196,-0.2988284581218721
43763363,1789028336109000000,3139,HEAD_POSE_ESTIMATE,estimated,0.28466131342054324,6.877779194521379,5.354058366996216,-0.5173359123296447,-0.26819770335600757,-0.283670742239906
43776363,1789028336122000000,3140,HEAD_POSE_ESTIMATE,estimated,0.2635602310037206,6.845053198105435,5.207531055935443,-0.569790896427285,-0.22902466006064504,-0.25672298953773426
43791363,1789028336137000000,3141,HEAD_POSE_ESTIMATE,estimated,0.29292794902558794,6.8300264970957105,4.9630685197560815,-0.6290867490522003,-0.18639962691657505,-0.2195766189586723
43805363,1789028336151000000,3142,HEAD_POSE_ESTIMATE,estimated,0.2499802802973614,6.755724687726092,4.870202138657757,-0.6858917529120511,-0.1396135916699439,-0.17090746480963961
43820363,1789028336166000000,3143,HEAD_POSE_ESTIMATE,estimated,0.1496473306109518,6.690286608474393,4.854355897814311,-0.7485223875358729,-0.0844070206408289,-0.11064306284100145
43840363,1789028336186000000,3144,HEAD_POSE_ESTIMATE,estimated,-0.11715165071747291,6.54354669658787,5.156634076667547,-0.834817910269605,-0.012875923319943833,-0.010506763091684421
43859363,1789028336205000000,3145,HEAD_POSE_ESTIMATE,estimated,-0.32091843940148157,6.345360690570877,5.412338465825518,-0.8666239825834098,0.07607887863899102,0.08862805581625764
43871363,1789028336217000000,3146,HEAD_POSE_ESTIMATE,estimated,-0.4684197152894178,6.098970580497358,5.731480938456186,-0.8606435845965422,0.13395759325053158,0.14468400436614368
43886363,1789028336232000000,3147,HEAD_POSE_ESTIMATE,estimated,-0.6280606622657657,6.067729323762133,5.922176254979859,-0.8138047580525447,0.21102343046095906,0.21378509090817766
43899363,1789028336245000000,3148,HEAD_POSE_ESTIMATE,estimated,-0.8514803504462686,5.903663504613235,6.331878113332825,-0.7453097885449943,0.28413153875839947,0.2187513087033554
43913363,1789028336259000000,3149,HEAD_POSE_ESTIMATE,estimated,-1.099980884856499,5.726754365774786,6.796152733543922,-0.6823447114424699,0.357224431923288,0.21130236127094978
43927363,1789028336273000000,3150,HEAD_POSE_ESTIMATE,estimated,-1.3945621626699705,5.39774121714207,7.453101595490909,-0.6442975287631386,0.4135468352474645,0.17178616161570953
43941363,1789028336287000000,3151,HEAD_POSE_ESTIMATE,estimated,-1.7203375012707347,5.040592964400229,8.086480397546673,-0.571338400217221,0.4551830128682061,0.1505126367942509
43955363,1789028336301000000,3152,HEAD_POSE_ESTIMATE,estimated,-1.694727911004898,4.983387423799226,7.945620453146483,-0.5280777646633722,0.48879518059676513,0.15924206139617034
43969363,1789028336315000000,3153,HEAD_POSE_ESTIMATE,estimated,-1.739408533256837,4.813137728895404,8.06817660865853,-0.48809959568530586,0.5344367816587097,0.18032151527305743
43983363,1789028336329000000,3154,HEAD_POSE_ESTIMATE,estimated,-1.5788095224156131,4.846133897235932,7.83062358481457,-0.49653535037748153,0.5773524150670261,0.21984942007257388
43997363,1789028336343000000,3155,HEAD_POSE_ESTIMATE,estimated,-1.7196481880086538,4.609146717681692,8.060981254768059,-0.47669805408903604,0.5941314389114185,0.2525856489240103
44012363,1789028336358000000,3156,HEAD_POSE_ESTIMATE,estimated,-1.7672526418098915,4.480392217913146,8.19712301107524,-0.4529759978730542,0.6014351873958101,0.2881118254616688
44025363,1789028336371000000,3157,HEAD_POSE_ESTIMATE,estimated,-1.8675357032235325,4.288614245378263,8.331990469274432,-0.4242183021652729,0.5810687488347157,0.31031854753583465
44045363,1789028336391000000,3158,HEAD_POSE_ESTIMATE,estimated,-2.0545977230018666,4.029902718844562,8.541443940927417,-0.3241127182214731,0.5463228613923681,0.32453923100146725
44054363,1789028336400000000,3159,HEAD_POSE_ESTIMATE,estimated,-2.1768256031308577,3.8722530792313283,8.648013254144445,-0.27678515676559035,0.5317713591494575,0.3376022519783142
44065363,1789028336411000000,3160,HEAD_POSE_ESTIMATE,estimated,-2.288402929968031,3.7924792692177594,8.735815798164223,-0.1918043749040306,0.5204410995033062,0.3303177853696796
44080363,1789028336426000000,3161,HEAD_POSE_ESTIMATE,estimated,-2.4505291763461927,3.7683508710727653,8.927497386175066,-0.1243196568742478,0.4854799853147859,0.2932818840510687
44094363,1789028336440000000,3162,HEAD_POSE_ESTIMATE,estimated,-2.6074749751387984,3.8646475340437183,9.130864581731265,-0.07769564349326888,0.447969562744832,0.25012192374224484
44108363,1789028336454000000,3163,HEAD_POSE_ESTIMATE,estimated,-2.711531848032666,4.0497750818956115,9.283509758411581,-0.054270622475376104,0.41217718407873033,0.19583316225896857
44122363,1789028336468000000,3164,HEAD_POSE_ESTIMATE,estimated,-2.79810761948696,4.1072389529207936,9.48050841390794,-0.03566286060781405,0.3863574687492323,0.18413349888008212
44136363,1789028336482000000,3165,HEAD_POSE_ESTIMATE,estimated,-2.8424695821961636,4.1889154356187115,9.665785101099951,-0.029457798210243608,0.3837684572281351,0.19523180112953317
44150363,1789028336496000000,3166,HEAD_POSE_ESTIMATE,estimated,-2.896711950719948,4.185280834862363,9.953004106520412,-0.03726268261098651,0.4096583094631804,0.2533831164824986
44164363,1789028336510000000,3167,HEAD_POSE_ESTIMATE,estimated,-2.828134004593986,4.324838874655353,10.094965378147355,-0.02872128968629268,0.4144325889723929,0.29689065185628283
44178363,1789028336524000000,3168,HEAD_POSE_ESTIMATE,estimated,-2.7329802518345576,4.49149972717656,10.08656392546255,-0.03270320011062984,0.442452500692579,0.36327863287977574
44192363,1789028336538000000,3169,HEAD_POSE_ESTIMATE,estimated,-2.7554004676140487,4.64731360073233,10.312413032458927,-0.002759339836595271,0.43600496395949884,0.3905868004264455
44206363,1789028336552000000,3170,HEAD_POSE_ESTIMATE,estimated,-2.760610521930997,4.7562280323116966,10.483589879561904,0.03975242500587421,0.4311322612650846,0.40956573061588697
44220363,1789028336566000000,3171,HEAD_POSE_ESTIMATE,estimated,-2.7549798953275255,4.788397552680139,10.615347419039779,0.08767921742743981,0.42648411277242365,0.413505182505838
44234363,1789028336580000000,3172,HEAD_POSE_ESTIMATE,estimated,-2.734749761426743,4.7272503283742475,10.706907259072016,0.14733275182940805,0.42634681593752743,0.3970462310703673
44249363,1789028336595000000,3173,HEAD_POSE_ESTIMATE,estimated,-2.6976869565438824,4.71198236147662,10.78027225879025,0.23269354114054894,0.4310741909334353,0.36112299161955885
44264363,1789028336610000000,3174,HEAD_POSE_ESTIMATE,estimated,-2.6815185415737126,4.830784308110997,10.835034871309912,0.27167158333851565,0.434382442772765,0.3065502745401241
44278363,1789028336624000000,3175,HEAD_POSE_ESTIMATE,estimated,-2.69010110840956,4.95027359886731,10.875840063776378,0.2722501849961443,0.43790694387344414,0.2530106738681824
44293363,1789028336639000000,3176,HEAD_POSE_ESTIMATE,estimated,-2.702723250413676,5.029420331175752,10.83697331241586,0.24591427766398136,0.45270811509685666,0.21218245792399296
44306363,1789028336652000000,3177,HEAD_POSE_ESTIMATE,estimated,-2.6980302755089376,5.027368861630373,10.798470502356741,0.20576194115004484,0.45869352881289077,0.19120178450010566
44322363,1789028336668000000,3178,HEAD_POSE_ESTIMATE,estimated,-2.6560454293970865,4.9802795277013026,10.750063864709894,0.12781913303426737,0.4504742611779211,0.18592626877052815
44332363,1789028336678000000,3179,HEAD_POSE_ESTIMATE,estimated,-2.590000620953167,5.043666929219166,10.732313254853239,0.05245195872582341,0.4506510103089676,0.2150775190380078
44346363,1789028336692000000,3180,HEAD_POSE_ESTIMATE,estimated,-2.4989339725157147,5.116366131057266,10.809908273240985,-0.03985674936993104,0.4283096461336378,0.2344755724540744
44360363,1789028336706000000,3181,HEAD_POSE_ESTIMATE,estimated,-2.4324495510510444,5.141642177688955,10.901929796312816,-0.1350025791434803,0.39103386319844835,0.25380493672355203
44374363,1789028336720000000,3182,HEAD_POSE_ESTIMATE,estimated,-2.394426027034837,5.280743666923051,10.947551779574479,-0.18902857624308345,0.33325537716553344,0.2557531026868497
44388363,1789028336734000000,3183,HEAD_POSE_ESTIMATE,estimated,-2.400022807923208,5.33707231163391,10.884472480895493,-0.22521384733886507,0.2716464338429661,0.24075408989569053
44403363,1789028336749000000,3184,HEAD_POSE_ESTIMATE,estimated,-2.3673084052074578,5.358779806654169,10.806408006547969,-0.232605270703714,0.18619439482845562,0.206431068203715
44416363,1789028336762000000,3185,HEAD_POSE_ESTIMATE,estimated,-2.3658326760349886,5.3333575167838045,10.688528897713935,-0.2023684064453669,0.09576202059646717,0.17243629095749455
44430363,1789028336776000000,3186,HEAD_POSE_ESTIMATE,estimated,-2.3721126909169037,5.241185891247023,10.537796260599016,-0.143221605487949,-0.002448271211478436,0.1278410564416808
44445363,1789028336791000000,3187,HEAD_POSE_ESTIMATE,estimated,-2.400799793746568,5.102268096638918,10.36476829177778,-0.08279368386172321,-0.08907572612936387,0.09649990073064417
44456363,1789028336802000000,3188,HEAD_POSE_ESTIMATE,estimated,-2.4234725249629,4.9952415587571695,10.286063667209074,-0.02054771783582321,-0.15397331957197605,0.07368306980138278
44471363,1789028336817000000,3189,HEAD_POSE_ESTIMATE,estimated,-2.4355320621398344,4.9403604502102745,10.153331231509135,0.024633391339759975,-0.22457432688673049,0.05867708121698698
44484363,1789028336830000000,3190,HEAD_POSE_ESTIMATE,estimated,-2.417798706499342,4.90138237757749,10.00787120528593,0.05679950426744933,-0.27168300541693224,0.054923372472520306
44498363,1789028336844000000,3191,HEAD_POSE_ESTIMATE,estimated,-2.3653863484873128,4.828615990720573,9.825473235664962,0.05326404905597831,-0.3012767036731663,0.055844189262662415
44512363,1789028336858000000,3192,HEAD_POSE_ESTIMATE,estimated,-2.3253212023736483,4.736326981218362,9.634358766556197,0.030085777358631424,-0.32475134831643127,0.060689431405779974
44527363,1789028336873000000,3193,HEAD_POSE_ESTIMATE,estimated,-2.271658929346639,4.604976084331604,9.502961896043864,-0.0030803684052763134,-0.3222764081191319,0.07276257944489965
44542363,1789028336888000000,3194,HEAD_POSE_ESTIMATE,estimated,-2.173237613770633,4.518002506854256,9.424519412178206,-0.020429147904529255,-0.3201082001567351,0.08896837223014353
44555363,1789028336901000000,3195,HEAD_POSE_ESTIMATE,estimated,-2.071193891964848,4.499587568077437,9.404006714496582,-0.031112542057281763,-0.32953745275572405,0.09573263881506103
44568363,1789028336914000000,3196,HEAD_POSE_ESTIMATE,estimated,-1.9690787716639833,4.5793813335795175,9.392533553190823,-0.019005030321269885,-0.3540591083071294,0.10807162315019476
44582363,1789028336928000000,3197,HEAD_POSE_ESTIMATE,estimated,-1.8751337546346782,4.69513757271336,9.35467582244664,-0.02003704527892676,-0.3801096263582905,0.10362483382963265
44596363,1789028336942000000,3198,HEAD_POSE_ESTIMATE,estimated,-1.7700927070525272,4.8774659937756555,9.322931629809197,-0.02966852935022779,-0.4052059818204005,0.08008782313078
44610363,1789028336956000000,3199,HEAD_POSE_ESTIMATE,estimated,-1.7040084468891221,4.942934562849914,9.212557758349506,-0.053058942906165626,-0.42453750162124737,0.051905717753902854
44624363,1789028336970000000,3200,HEAD_POSE_ESTIMATE,estimated,-1.638153737692978,5.020483204469558,9.057294218175338,-0.03450396829952522,-0.45059580332099985,0.0072267221696713695
44638363,1789028336984000000,3201,HEAD_POSE_ESTIMATE,estimated,-1.581767074542955,5.0927662462461125,8.882978287947294,0.01760476477565473,-0.487707822434348,-0.045377366429818364
44652363,1789028336998000000,3202,HEAD_POSE_ESTIMATE,estimated,-1.5908570270874443,5.065516619058053,8.749811484567184,0.09848025144959233,-0.5321441424158743,-0.11357122517749509
44666363,1789028337012000000,3203,HEAD_POSE_ESTIMATE,estimated,-1.5811124315499734,5.079606967143717,8.665585234155234,0.18172668543509643,-0.5741510079309081,-0.20098740802955845
44681363,1789028337027000000,3204,HEAD_POSE_ESTIMATE,estimated,-1.618311001624273,5.064548740629525,8.577224080923033,0.2693535701935306,-0.5991726065610943,-0.2921769983180127
44694363,1789028337040000000,3205,HEAD_POSE_ESTIMATE,estimated,-1.5898543295948553,5.203330367573815,8.407077711752379,0.38111251586471034,-0.6153843725415521,-0.3630660783827461
44708363,1789028337054000000,3206,HEAD_POSE_ESTIMATE,estimated,-1.5835040082649214,5.2680023887681395,8.215689638870037,0.5131009962291045,-0.6217371906738745,-0.41545252245694
44721363,1789028337067000000,3207,HEAD_POSE_ESTIMATE,estimated,-1.5745275693650447,5.323587543106482,7.972437953454616,0.6626774440958428,-0.6351327224792286,-0.4368736652139702
44736363,1789028337082000000,3208,HEAD_POSE_ESTIMATE,estimated,-1.5949749434933078,5.232322994049615,7.7475914889716275,0.816110959531741,-0.6520770264722157,-0.43624767430322137
44750363,1789028337096000000,3209,HEAD_POSE_ESTIMATE,estimated,-1.6278889049445797,5.0910970390977885,7.569415071889038,0.9335524732933144,-0.6720072115805055,-0.411961700528012
44764363,1789028337110000000,3210,HEAD_POSE_ESTIMATE,estimated,-1.6250207082982882,5.070038877427861,7.434937227266005,0.990736710665455,-0.6749504036637684,-0.38009480647109445
44778363,1789028337124000000,3211,HEAD_POSE_ESTIMATE,estimated,-1.587678350948565,5.1993463606025525,7.294937078964717,1.0062844294501314,-0.6686518631871508,-0.3400661662303351
44791363,1789028337137000000,3212,HEAD_POSE_ESTIMATE,estimated,-1.497985072754993,5.472294851084855,7.175574793052401,0.9922445357170577,-0.6598872823915138,-0.3209385641838922
44806363,1789028337152000000,3213,HEAD_POSE_ESTIMATE,estimated,-1.4086200111169003,5.651474936788318,7.111813433349299,0.9916792627903779,-0.6542191036709478,-0.3119201157534445
44819363,1789028337165000000,3214,HEAD_POSE_ESTIMATE,estimated,-1.3140437910659188,5.815637618714899,7.0581766775256245,0.9872372781212566,-0.6591075062644876,-0.318149645428841
44833363,1789028337179000000,3215,HEAD_POSE_ESTIMATE,estimated,-1.2449162823388114,5.920039406245801,6.960527006580239,1.000344190112993,-0.6930217378934777,-0.36710129418828646
44848363,1789028337194000000,3216,HEAD_POSE_ESTIMATE,estimated,-1.1824818457286348,6.176991609166035,6.800102673747919,0.9829462098541086,-0.7186615959268549,-0.418336304257859
44862363,1789028337208000000,3217,HEAD_POSE_ESTIMATE,estimated,-1.13648830942436,6.436617283690865,6.671841937494251,0.9623344746291479,-0.7436143671849389,-0.48531922142611145
44876363,1789028337222000000,3218,HEAD_POSE_ESTIMATE,estimated,-1.0452543624462596,6.718589920882523,6.532187247580863,0.9356269373357384,-0.7727937381519808,-0.5516536944625836
44890363,1789028337236000000,3219,HEAD_POSE_ESTIMATE,estimated,-0.9113632701044994,7.020239421363766,6.276336535240369,0.9279769085204919,-0.8101691714657984,-0.6072758970402291
44904363,1789028337250000000,3220,HEAD_POSE_ESTIMATE,estimated,-0.8003754784868438,7.205918046625043,6.118993743727116,0.9129397800774728,-0.8422312877250154,-0.6484056267929873
44918363,1789028337264000000,3221,HEAD_POSE_ESTIMATE,estimated,-0.6784686824578333,7.321184801950043,5.928352013046604,0.8931461458200194,-0.8737864550053576,-0.6879283587515315
44930363,1789028337276000000,3222,HEAD_POSE_ESTIMATE,estimated,-0.5816316815132487,7.315010090213056,5.785018287644242,0.8880480234319392,-0.9094405091283857,-0.7189958863481815
44945363,1789028337291000000,3223,HEAD_POSE_ESTIMATE,estimated,-0.4436992280228652,7.3644072216096745,5.570392394136247,0.8725791810984668,-0.9420810510301695,-0.7631002208908871
44959363,1789028337305000000,3224,HEAD_POSE_ESTIMATE,estimated,-0.33025639367941056,7.393398418991779,5.388788478415226,0.8442037711536284,-0.9569419515406606,-0.8032009704395543
44973363,1789028337319000000,3225,HEAD_POSE_ESTIMATE,estimated,-0.1935791041787518,7.42530759117906,5.250063877375751,0.8076717696822638,-0.9612443066396833,-0.8354765062822593
44987363,1789028337333000000,3226,HEAD_POSE_ESTIMATE,estimated,-0.0414740022183791,7.430722366848203,5.148359342987822,0.777349034584404,-0.9589075070819875,-0.8506010679413432
45004363,1789028337350000000,3227,HEAD_POSE_ESTIMATE,estimated,0.11737175379685116,7.428429594504689,5.078881662314424,0.7455888132129466,-0.9476705716512585,-0.845285100120266
45015363,1789028337361000000,3228,HEAD_POSE_ESTIMATE,estimated,0.20579128800842872,7.450238598245491,5.025645258967231,0.72394112348301,-0.9341919781925989,-0.8196484257106665
45028363,1789028337374000000,3229,HEAD_POSE_ESTIMATE,estimated,0.29194143435538067,7.51159973347452,5.011226124784377,0.7013253879564503,-0.9260054264937521,-0.7834003237275744
45042363,1789028337388000000,3230,HEAD_POSE_ESTIMATE,estimated,0.3675031215631882,7.602956366214704,5.025970619056177,0.672842882929939,-0.9109955598437112,-0.743153915849373
45056363,1789028337402000000,3231,HEAD_POSE_ESTIMATE,estimated,0.42735485174885623,7.717649352584364,4.9903779946753595,0.6321105302614802,-0.8857720154509554,-0.6994181645064299
45070363,1789028337416000000,3232,HEAD_POSE_ESTIMATE,estimated,0.45837089635088746,7.844777250434102,4.975441073296012,0.5762607076821382,-0.8688235480195995,-0.6732513619623334
45084363,1789028337430000000,3233,HEAD_POSE_ESTIMATE,estimated,0.4888758009695219,7.9814556120118585,4.965381483905354,0.537590137830253,-0.851929299004556,-0.6421331013301681
45098363,1789028337444000000,3234,HEAD_POSE_ESTIMATE,estimated,0.49380580408271146,8.101898638170264,4.929068600647336,0.5218472606494432,-0.8392554005759087,-0.6155812401871289
45112363,1789028337458000000,3235,HEAD_POSE_ESTIMATE,estimated,0.48657677831878865,8.204367814688114,4.881775590903822,0.5201169631891207,-0.8267614838861224,-0.5955700529502884
45126363,1789028337472000000,3236,HEAD_POSE_ESTIMATE,estimated,0.46860385676429395,8.280066502854869,4.944826380391816,0.5590152380382267,-0.8316098886642813,-0.589914155310179
45140363,1789028337486000000,3237,HEAD_POSE_ESTIMATE,estimated,0.39610537871351137,8.353504195524712,4.903119738044479,0.618824824592452,-0.8366788178057669,-0.5889472017385092
45154363,1789028337500000000,3238,HEAD_POSE_ESTIMATE,estimated,0.37001813796757277,8.446576023484065,4.856439142297853,0.6725163748881826,-0.8294951827309017,-0.581968870734525
45168363,1789028337514000000,3239,HEAD_POSE_ESTIMATE,estimated,0.33445021922089757,8.508931609034383,4.78156755234717,0.72550933996453,-0.8204302708065178,-0.5750145937754072
45181363,1789028337527000000,3240,HEAD_POSE_ESTIMATE,estimated,0.36219782137391276,8.567784465567733,4.699098298959657,0.7730982389333187,-0.8078156467343198,-0.5634622949926789
45195363,1789028337541000000,3241,HEAD_POSE_ESTIMATE,estimated,0.3998642167184556,8.585807692432574,4.653731176749226,0.8165725299817538,-0.7910690320080918,-0.5524570365038017
45210363,1789028337556000000,3242,HEAD_POSE_ESTIMATE,estimated,0.42934864864329947,8.577960711393452,4.595865730834691,0.8456591531951761,-0.7807679928748005,-0.5491229453442245
45223363,1789028337569000000,3243,HEAD_POSE_ESTIMATE,estimated,0.406631004245931,8.579438906415012,4.495571340317184,0.8576635379523811,-0.7747692384331104,-0.5476891918356127
45237363,1789028337583000000,3244,HEAD_POSE_ESTIMATE,estimated,0.4487171962485915,8.60660878306812,4.430422835664263,0.8560547526131069,-0.7599520425260404,-0.5358759108836822
45253363,1789028337599000000,3245,HEAD_POSE_ESTIMATE,estimated,0.5136733879603215,8.613377433293058,4.361967498103034,0.8462804744146942,-0.7435511572483634,-0.5093856743484597
45265363,1789028337611000000,3246,HEAD_POSE_ESTIMATE,estimated,0.5127847191101379,8.61742268855556,4.256293472433592,0.8437149737392025,-0.7324120625128088,-0.4796056765391278
45280363,1789028337626000000,3247,HEAD_POSE_ESTIMATE,estimated,0.52694669597566,8.609534054813889,4.14995849370623,0.8519544108248165,-0.7165287332114385,-0.44221782436354823
45292363,1789028337638000000,3248,HEAD_POSE_ESTIMATE,estimated,0.49530628545059685,8.637108630083603,4.0598964833975,0.8813064538114674,-0.6992159326408306,-0.4098288757503734
45305363,1789028337651000000,3249,HEAD_POSE_ESTIMATE,estimated,0.4999663009079002,8.678963690037316,3.9524905746094245,0.8877600933595194,-0.6775380823093803,-0.3905326886398548
45320363,1789028337666000000,3250,HEAD_POSE_ESTIMATE,estimated,0.4955785467016153,8.716297032968338,3.824487884762667,0.8839464875352899,-0.6606731047369666,-0.38505774285829353
45335363,1789028337681000000,3251,HEAD_POSE_ESTIMATE,estimated,0.3851072181318589,8.722804179467847,3.7147538484809157,0.8719674991140328,-0.65882965723399,-0.408340731692517
45347363,1789028337693000000,3252,HEAD_POSE_ESTIMATE,estimated,0.3891988948122743,8.765768409743286,3.6012210358573,0.8396864868451767,-0.6502591700756843,-0.4226877190845287
45360363,1789028337706000000,3253,HEAD_POSE_ESTIMATE,estimated,0.3323988584944948,8.797667574825104,3.494712085257034,0.7911012963463664,-0.6486315681276693,-0.4417370865677261
45375363,1789028337721000000,3254,HEAD_POSE_ESTIMATE,estimated,0.2390530201914014,8.7967975474389,3.4675397094672933,0.7533599111490091,-0.6730651872287722,-0.461850815666094
45389363,1789028337735000000,3255,HEAD_POSE_ESTIMATE,estimated,0.16648573371292852,8.772252179295467,3.4391354253919904,0.7069399324556461,-0.6875478857110283,-0.46747536897741243
45404363,1789028337750000000,3256,HEAD_POSE_ESTIMATE,estimated,0.09623005981144939,8.751794185126537,3.4754383670670963,0.6688671738406987,-0.7081706703419386,-0.4685428369860801
45416363,1789028337762000000,3257,HEAD_POSE_ESTIMATE,estimated,0.011059840743978144,8.735594843436571,3.4630902526572247,0.6354543826409859,-0.7225029626823702,-0.4548509402865653
45430363,1789028337776000000,3258,HEAD_POSE_ESTIMATE,estimated,-0.17408979431131283,8.68265460818913,3.4525507388130916,0.6030953087929211,-0.7286772619825026,-0.42623952394537407
45447363,1789028337793000000,3259,HEAD_POSE_ESTIMATE,estimated,-0.21692647911010865,8.60410340052621,3.4574551123240593,0.5668469886753761,-0.7230487511926854,-0.38651519416064567
45457363,1789028337803000000,3260,HEAD_POSE_ESTIMATE,estimated,-0.2497105549676713,8.572997197117354,3.4278114071938326,0.5587577200000046,-0.7220657985371131,-0.3642064938046559
45471363,1789028337817000000,3261,HEAD_POSE_ESTIMATE,estimated,-0.3485667407290026,8.494169348121817,3.4183088253569767,0.5517388358334148,-0.7142237357517252,-0.3394983914999355
45487363,1789028337833000000,3262,HEAD_POSE_ESTIMATE,estimated,-0.4970479209791562,8.453991205849588,3.4470885410444936,0.5330679565154688,-0.7007731245056295,-0.30823561222506524
45499363,1789028337845000000,3263,HEAD_POSE_ESTIMATE,estimated,-0.6059920691576367,8.49000936370303,3.4539596696112804,0.5130025165728961,-0.6926152833877756,-0.28759634533433076
45513363,1789028337859000000,3264,HEAD_POSE_ESTIMATE,estimated,-0.7319049306262905,8.584411822013498,3.4680983075685456,0.47717151594732926,-0.6854296752493032,-0.265498654984912
45527363,1789028337873000000,3265,HEAD_POSE_ESTIMATE,estimated,-0.871773453013462,8.660446942333417,3.468667995568534,0.45237725291926784,-0.6855192202300875,-0.23653794325164812
45543363,1789028337889000000,3266,HEAD_POSE_ESTIMATE,estimated,-1.1035269011561342,8.721001951283915,3.478423268977538,0.42659354340695804,-0.679349586293781,-0.20712566202997848
45553363,1789028337899000000,3267,HEAD_POSE_ESTIMATE,estimated,-1.1565421524394124,8.767176437684473,3.4373695533687343,0.4062586955237359,-0.6649852025090466,-0.1821491266904886
45568363,1789028337914000000,3268,HEAD_POSE_ESTIMATE,estimated,-1.1636222163191132,8.911294906116165,3.421188829131979,0.39340243737911845,-0.6591687606137961,-0.17935256684667486
45582363,1789028337928000000,3269,HEAD_POSE_ESTIMATE,estimated,-1.2811730335479719,9.002289247102325,3.468869318392467,0.37729545461986697,-0.6488867613830093,-0.19334880678723088
45596363,1789028337942000000,3270,HEAD_POSE_ESTIMATE,estimated,-1.4437257097790834,9.080307607207729,3.5220830892187873,0.3508585146653441,-0.6342463194378368,-0.2176333458689601
45610363,1789028337956000000,3271,HEAD_POSE_ESTIMATE,estimated,-1.4996449326365209,9.162974120785572,3.557783346496214,0.33722829113630093,-0.6299041960333343,-0.25285268035580905
45624363,1789028337970000000,3272,HEAD_POSE_ESTIMATE,estimated,-1.6077241715084813,9.221774704654965,3.599303107338727,0.3168245680012315,-0.6205833250329582,-0.2842365888274693
45640363,1789028337986000000,3273,HEAD_POSE_ESTIMATE,estimated,-1.738081728468834,9.267689469896945,3.6336644048708058,0.29128413857803737,-0.6046452137419195,-0.312219154599493
45656363,1789028338002000000,3274,HEAD_POSE_ESTIMATE,estimated,-1.8357709999265786,9.271326692197986,3.688806444163741,0.2624733670395189,-0.5882725336863088,-0.3247895944629884
45665363,1789028338011000000,3275,HEAD_POSE_ESTIMATE,estimated,-1.8110090003135193,9.262851116454234,3.67191381578735,0.24356010974943273,-0.5826448642362977,-0.3234911381779346
45679363,1789028338025000000,3276,HEAD_POSE_ESTIMATE,estimated,-1.913306659491611,9.21403521810215,3.715880938288378,0.2012333860804016,-0.5554920603872098,-0.3098461343652732
45693363,1789028338039000000,3277,HEAD_POSE_ESTIMATE,estimated,-1.9568628154232162,9.187811957159697,3.736838181840181,0.1517090638941585,-0.5222671718254257,-0.2875700903730278
45707363,1789028338053000000,3278,HEAD_POSE_ESTIMATE,estimated,-2.0450200171339747,9.168943453758036,3.7458675872020923,0.10099909346795619,-0.48651984070145937,-0.27000753125695925
45721363,1789028338067000000,3279,HEAD_POSE_ESTIMATE,estimated,-2.115600423982707,9.133889955576496,3.761729383734749,0.06531283566789702,-0.444830389931887,-0.2538960902251807
45735363,1789028338081000000,3280,HEAD_POSE_ESTIMATE,estimated,-2.1657303044087524,9.105458663725871,3.7437662366987263,0.04635988493510807,-0.3996898918474795,-0.23807910839708282
45749363,1789028338095000000,3281,HEAD_POSE_ESTIMATE,estimated,-2.222221433651311,9.04344161208228,3.714930901802325,0.040924756949762914,-0.3538153286096567,-0.2407839021232757
45763363,1789028338109000000,3282,HEAD_POSE_ESTIMATE,estimated,-2.221867206126171,9.02421612944575,3.6517821573578075,0.06253617330744123,-0.3217203441862602,-0.24989207914657816
45777363,1789028338123000000,3283,HEAD_POSE_ESTIMATE,estimated,-2.1567799169314075,9.051267203674518,3.567466278799508,0.11190255628663505,-0.30691338681292324,-0.2523508645255304
45791363,1789028338137000000,3284,HEAD_POSE_ESTIMATE,estimated,-2.2237594625023887,9.023424422522009,3.5419254874811705,0.17254567202557627,-0.290383392914299,-0.24849691348255798
45805363,1789028338151000000,3285,HEAD_POSE_ESTIMATE,estimated,-2.2984613113295134,8.993913798125249,3.5185086867227704,0.23965491960045576,-0.2789651739359077,-0.2315848691732581
45822363,1789028338168000000,3286,HEAD_POSE_ESTIMATE,estimated,-2.3776085828617273,8.985768656945046,3.4535747207403436,0.3094973320899582,-0.2691730402794655,-0.202796347773995
45835363,1789028338181000000,3287,HEAD_POSE_ESTIMATE,estimated,-2.4081589151593983,8.96626851102816,3.429062368268659,0.35161424449212025,-0.2638369736975621,-0.17501342759514063
45845363,1789028338191000000,3288,HEAD_POSE_ESTIMATE,estimated,-2.4327534610342867,8.969559691228689,3.394156113619456,0.3757863870581399,-0.2591785192872282,-0.15001177182082776
45859363,1789028338205000000,3289,HEAD_POSE_ESTIMATE,estimated,-2.4316983535812433,8.972114184547124,3.343356289748793,0.3863049627378476,-0.24927596353748976,-0.1143806472820839
45873363,1789028338219000000,3290,HEAD_POSE_ESTIMATE,estimated,-2.420594363746343,8.955352794729762,3.307638380732015,0.3764592420951142,-0.2298825022620957,-0.07899319946295623
45887363,1789028338233000000,3291,HEAD_POSE_ESTIMATE,estimated,-2.4123633740699724,8.931353957334865,3.262732914844231,0.3528660164775661,-0.21000969147905563,-0.04553599971172497
45901363,1789028338247000000,3292,HEAD_POSE_ESTIMATE,estimated,-2.392212852489112,8.914525137119544,3.2259509713470886,0.3213212326053038,-0.18810929273723812,-0.016888271145524124
45915363,1789028338261000000,3293,HEAD_POSE_ESTIMATE,estimated,-2.37016716171856,8.906263306172061,3.185180834227628,0.2900834369096771,-0.16770416434102156,0.007047132641568771
45929363,1789028338275000000,3294,HEAD_POSE_ESTIMATE,estimated,-2.3539387446299553,8.921940890688813,3.1557407795790655,0.2753976090512937,-0.1446000295062449,0.024729697794965113
45944363,1789028338290000000,3295,HEAD_POSE_ESTIMATE,estimated,-2.2384914505143367,8.992020540559878,3.0916604442199556,0.26577723991518337,-0.135696828385296,0.033144464659180084
45958363,1789028338304000000,3296,HEAD_POSE_ESTIMATE,estimated,-2.123553495025439,9.098709674724306,3.0305895512982306,0.2569050872928581,-0.13623494461911373,0.03654810794343786
45973363,1789028338319000000,3297,HEAD_POSE_ESTIMATE,estimated,-1.998588984935894,9.182194540922872,2.972859091113232,0.24791384581931833,-0.13429498925533787,0.04305284393815906
45986363,1789028338332000000,3298,HEAD_POSE_ESTIMATE,estimated,-1.8840522624500635,9.25625916966213,2.908121494200847,0.23426953646380985,-0.1395424796356811,0.04299585180948453
45999363,1789028338345000000,3299,HEAD_POSE_ESTIMATE,estimated,-1.7708880702819607,9.350875657851324,2.83816844640055,0.2098951106110238,-0.15317142559542585,0.041426399802345575
46013363,1789028338359000000,3300,HEAD_POSE_ESTIMATE,estimated,-1.6376948745714484,9.444140610514616,2.7706980930913896,0.17889796026710006,-0.17811215823959226,0.03703619785740071
46027363,1789028338373000000,3301,HEAD_POSE_ESTIMATE,estimated,-1.4780740893878281,9.512084853135287,2.6901447497264717,0.1462998098481479,-0.2042801914897056,0.028849586413656043
46041363,1789028338387000000,3302,HEAD_POSE_ESTIMATE,estimated,-1.3001358436835584,9.558943303263845,2.6326766754095914,0.12828719579843695,-0.23505588826181534,0.02304694440530181
46055363,1789028338401000000,3303,HEAD_POSE_ESTIMATE,estimated,-1.1306565521566116,9.59059585621099,2.5684220464666168,0.11562842140673112,-0.2639354193525806,0.022438216116181662
46069363,1789028338415000000,3304,HEAD_POSE_ESTIMATE,estimated,-0.9705652911894271,9.624168424602251,2.4917524737671775,0.1252868691879309,-0.3030913839647271,0.017756050851416107
46084363,1789028338430000000,3305,HEAD_POSE_ESTIMATE,estimated,-0.7946371709120691,9.629451492014145,2.4322646923384426,0.14975863549931887,-0.352847349483698,0.004590083521098449
46097363,1789028338443000000,3306,HEAD_POSE_ESTIMATE,estimated,-0.6742331805378177,9.640244098392756,2.3878376844406213,0.1833688398167016,-0.399046706818706,-0.014166326257241435
46111363,1789028338457000000,3307,HEAD_POSE_ESTIMATE,estimated,-0.5650374039654708,9.660875413212105,2.3318174798776803,0.21702444685196207,-0.45164049975013787,-0.04086653168506551
46125363,1789028338471000000,3308,HEAD_POSE_ESTIMATE,estimated,-0.4625964422709739,9.691733173382074,2.278817442820463,0.24163660745764556,-0.5039342824946917,-0.07258377578610443
46140363,1789028338486000000,3309,HEAD_POSE_ESTIMATE,estimated,-0.37321011634280005,9.728203945219702,2.204466950466814,0.2584638880279318,-0.5550396780601301,-0.10167398963265384
46154363,1789028338500000000,3310,HEAD_POSE_ESTIMATE,estimated,-0.3194396977541916,9.740767702229814,2.1924346110138258,0.2701698211289196,-0.595325427195748,-0.11893014362213336
46163363,1789028338509000000,3311,HEAD_POSE_ESTIMATE,estimated,-0.301600625266461,9.70854099691702,2.1611326492724667,0.27509232348505014,-0.61191613190235,-0.11293476248103519
46178363,1789028338524000000,3312,HEAD_POSE_ESTIMATE,estimated,-0.29221763610265655,9.644574747565011,2.1448744857585176,0.30298232648982776,-0.6302733133979002,-0.10506475719342703
46191363,1789028338537000000,3313,HEAD_POSE_ESTIMATE,estimated,-0.28518017568907916,9.558445250195073,2.126553494003096,0.32688039729197504,-0.6407315681175939,-0.10362589344175663
46206363,1789028338552000000,3314,HEAD_POSE_ESTIMATE,estimated,-0.3295328434639691,9.465927579344845,2.1020403814814324,0.36598259807602856,-0.6428761701687178,-0.11103313215648732
46220363,1789028338566000000,3315,HEAD_POSE_ESTIMATE,estimated,-0.37080651259251757,9.398292487450059,2.0730994770834053,0.3921953023340592,-0.6367106124173684,-0.13586079336906415
46234363,1789028338580000000,3316,HEAD_POSE_ESTIMATE,estimated,-0.40187066007878497,9.296364910428123,2.0166677129895274,0.39528452822142623,-0.6228567058106989,-0.17029985738493988
46248363,1789028338594000000,3317,HEAD_POSE_ESTIMATE,estimated,-0.44459828037374044,9.188677271960099,1.9428199974912694,0.3819760890192727,-0.6159973407644845,-0.21625518032386684
46262363,1789028338608000000,3318,HEAD_POSE_ESTIMATE,estimated,-0.5228324053509127,9.132136044370457,1.8948512432345257,0.339589884696049,-0.60675092497706,-0.2647152867728612
46276363,1789028338622000000,3319,HEAD_POSE_ESTIMATE,estimated,-0.6392812098347362,9.114515233235345,1.8325803818862638,0.28142554439849304,-0.6007976678321072,-0.3101033604549167
46290363,1789028338636000000,3320,HEAD_POSE_ESTIMATE,estimated,-0.7448984485045846,9.070569459463606,1.8198174822045745,0.21461595461061037,-0.5925609060167298,-0.35679981963244894
46304363,1789028338650000000,3321,HEAD_POSE_ESTIMATE,estimated,-0.8194255012677231,9.063443334680452,1.8020215177714385,0.14242329580359495,-0.5848575531628445,-0.38717764090502976
46317363,1789028338663000000,3322,HEAD_POSE_ESTIMATE,estimated,-0.9057175563138145,9.077264408787405,1.850685164437738,0.0765076355326407,-0.5812100715316206,-0.408120535943508
46332363,1789028338678000000,3323,HEAD_POSE_ESTIMATE,estimated,-0.953402622816242,9.128164070222425,1.8590000639212543,0.012132500930738423,-0.5700256538978711,-0.40972370641328015
46346363,1789028338692000000,3324,HEAD_POSE_ESTIMATE,estimated,-0.9755858626427681,9.16849590787281,1.8706150692922836,-0.026837099292522235,-0.5586277291547695,-0.3956197302286851
46361363,1789028338707000000,3325,HEAD_POSE_ESTIMATE,estimated,-0.9901578502376566,9.199621727060075,1.9048215530488621,-0.06563885066611645,-0.5412070531628459,-0.3700961614154023
46374363,1789028338720000000,3326,HEAD_POSE_ESTIMATE,estimated,-0.9953734364828214,9.226657417665448,1.9434532065300307,-0.1006971679190692,-0.5245569309766526,-0.3448318403969851
46388363,1789028338734000000,3327,HEAD_POSE_ESTIMATE,estimated,-0.9914711817772803,9.217097529309559,1.9744365412865152,-0.14423324158105238,-0.5139173603224166,-0.3373013622218912
46402363,1789028338748000000,3328,HEAD_POSE_ESTIMATE,estimated,-0.9798080867298772,9.208285605480564,2.0489722785333173,-0.18761081211173605,-0.49515411207094684,-0.32234249553917704
46416363,1789028338762000000,3329,HEAD_POSE_ESTIMATE,estimated,-0.9694545745379506,9.19927355405212,2.103561908438044,-0.22292299483776176,-0.4736196457481009,-0.29793439164469704
46430363,1789028338776000000,3330,HEAD_POSE_ESTIMATE,estimated,-0.973635745805808,9.196865331928418,2.1677259963705042,-0.259157859442926,-0.45294440957792903,-0.27127336859692924
46444363,1789028338790000000,3331,HEAD_POSE_ESTIMATE,estimated,-0.9721066992502192,9.188578887708523,2.2169783868246045,-0.2637287250582097,-0.4283658999735506,-0.2403768149572706
46458363,1789028338804000000,3332,HEAD_POSE_ESTIMATE,estimated,-0.9766799810640064,9.178553282779843,2.2734573645029634,-0.2458408333032663,-0.4006207555030333,-0.2144800478579563
46471363,1789028338817000000,3333,HEAD_POSE_ESTIMATE,estimated,-1.002233065927812,9.19795415653701,2.2968150782361976,-0.2157771547889075,-0.36923773372442226,-0.1951428212819279
46485363,1789028338831000000,3334,HEAD_POSE_ESTIMATE,estimated,-1.0524997643416802,9.257162818280483,2.3306152141046863,-0.1742893862331238,-0.34487066414432116,-0.1904771840164327
46500363,1789028338846000000,3335,HEAD_POSE_ESTIMATE,estimated,-1.0843347636352378,9.362895232771978,2.3481598359824223,-0.1436927448101086,-0.31609467673441155,-0.19293424214164756
46513363,1789028338859000000,3336,HEAD_POSE_ESTIMATE,estimated,-1.1566941695211421,9.462417081248148,2.3820949388805404,-0.1290662128068263,-0.2855000435622498,-0.1933907845977908
46527363,1789028338873000000,3337,HEAD_POSE_ESTIMATE,estimated,-1.2412410487522398,9.585899885530928,2.426777395608064,-0.1309159631614234,-0.2560985606011093,-0.2002524047887442
46541363,1789028338887000000,3338,HEAD_POSE_ESTIMATE,estimated,-1.342856975935217,9.706401320683854,2.4645965334462563,-0.1423946902163075,-0.2257645621811126,-0.20387999570786625
46556363,1789028338902000000,3339,HEAD_POSE_ESTIMATE,estimated,-1.4180587218831657,9.829644687103196,2.5150810600064912,-0.15095888796273083,-0.18739892878457662,-0.19805413498736074
46569363,1789028338915000000,3340,HEAD_POSE_ESTIMATE,estimated,-1.4610451752545348,9.906758537840789,2.5732231724409846,-0.16555814716421724,-0.15800173679158036,-0.19426370435136553
46583363,1789028338929000000,3341,HEAD_POSE_ESTIMATE,estimated,-1.4891556935464945,9.96550127973882,2.6117777917812863,-0.15587814110290496,-0.12301823775283767,-0.17712827514675586
46597363,1789028338943000000,3342,HEAD_POSE_ESTIMATE,estimated,-1.485770261448393,9.972283024462484,2.654614327588896,-0.12863560101498275,-0.08221788643396911,-0.14085985734589054
46613363,1789028338959000000,3343,HEAD_POSE_ESTIMATE,estimated,-1.4444984616336702,9.874085047975665,2.6826730134662062,-0.0730528092001762,-0.034142720317899104,-0.07517117518114816
46624363,1789028338970000000,3344,HEAD_POSE_ESTIMATE,estimated,-1.4312568201769327,9.78236927223649,2.7062759566913805,-0.025046922926882705,-0.00025149384677786743,-0.023666083429265943
46638363,1789028338984000000,3345,HEAD_POSE_ESTIMATE,estimated,-1.3932139979714913,9.649967389427914,2.6908400617307877,0.028455433189271954,0.04864745847661152,0.03574220780454142
46651363,1789028338997000000,3346,HEAD_POSE_ESTIMATE,estimated,-1.3851601731726864,9.545020647413383,2.6885388002106594,0.0701634667066839,0.09601677792497758,0.08774517041272024
46666363,1789028339012000000,3347,HEAD_POSE_ESTIMATE,estimated,-1.364257295217058,9.41905007347135,2.6969875511657273,0.08755945100008158,0.1468390423979484,0.13061853051096137
46680363,1789028339026000000,3348,HEAD_POSE_ESTIMATE,estimated,-1.3094560568452114,9.352055561184375,2.6602000989663024,0.07590786292400396,0.1881609182273501,0.149630477796403
46694363,1789028339040000000,3349,HEAD_POSE_ESTIMATE,estimated,-1.2585043443808763,9.327626703229619,2.642746700077515,0.04829404109736017,0.2249585153736084,0.1510400912144767
46708363,1789028339054000000,3350,HEAD_POSE_ESTIMATE,estimated,-1.2322557375680463,9.371797379927619,2.633294502633269,0.0037292781358277015,0.259401758448632,0.14205251946185884
46722363,1789028339068000000,3351,HEAD_POSE_ESTIMATE,estimated,-1.2195629233301035,9.41482443962395,2.6295553043016997,-0.03165714282769858,0.281514177817557,0.11523899830689892
46735363,1789028339081000000,3352,HEAD_POSE_ESTIMATE,estimated,-1.2205687137197894,9.447683741091046,2.623371963845324,-0.04749982544321787,0.29491715278871705,0.0793052955818871
46749363,1789028339095000000,3353,HEAD_POSE_ESTIMATE,estimated,-1.2114784238792606,9.48194121283845,2.624343142992255,-0.04400151658040532,0.30159830765948553,0.04128426434089785
46763363,1789028339109000000,3354,HEAD_POSE_ESTIMATE,estimated,-1.230884159810261,9.543551851649045,2.616542756928375,-0.03131688847059304,0.2954129165771601,0.0024619224238396267
46777363,1789028339123000000,3355,HEAD_POSE_ESTIMATE,estimated,-1.2080142088725563,9.614912707081226,2.5980104901231873,-0.0022218524006522946,0.27621000222619096,-0.026962852133777138
46791363,1789028339137000000,3356,HEAD_POSE_ESTIMATE,estimated,-1.1838890224112821,9.63284158740902,2.5702966815848205,0.04062677027258092,0.2583194433935307,-0.03682220006456473
46806363,1789028339152000000,3357,HEAD_POSE_ESTIMATE,estimated,-1.150585662679186,9.624822642251555,2.539747731659594,0.08247004864068437,0.23098730833810519,-0.03075049780886916
46819363,1789028339165000000,3358,HEAD_POSE_ESTIMATE,estimated,-1.1267761112203152,9.612198423699803,2.4914645688892696,0.11565181031272176,0.20689719517691219,-0.010315553878245131
46833363,1789028339179000000,3359,HEAD_POSE_ESTIMATE,estimated,-1.1080357179308504,9.555732109579438,2.4777212593979425,0.13575854624120548,0.18978096615525947,0.026409053213003342
46848363,1789028339194000000,3360,HEAD_POSE_ESTIMATE,estimated,-1.1096437770489456,9.515629309510587,2.447742226150461,0.15107566752988721,0.17111283966733956,0.06472952364166609
46861363,1789028339207000000,3361,HEAD_POSE_ESTIMATE,estimated,-1.1136647681488354,9.48296089597804,2.4247081137383906,0.16011662974999993,0.16079530332774467,0.0995582957224625
46873363,1789028339219000000,3362,HEAD_POSE_ESTIMATE,estimated,-1.1329488161264163,9.47504083869031,2.3974482828805406,0.16148128418518903,0.15397892662643928,0.1157033960177374
46888363,1789028339234000000,3363,HEAD_POSE_ESTIMATE,estimated,-1.162776127974815,9.444710136936079,2.3581562974452477,0.16623831390776045,0.14843904690159765,0.12470706362453488
46902363,1789028339248000000,3364,HEAD_POSE_ESTIMATE,estimated,-1.1590450603734355,9.428706868985714,2.3102385427991248,0.1730241981901032,0.14778739169304056,0.11924929333737502
46916363,1789028339262000000,3365,HEAD_POSE_ESTIMATE,estimated,-1.1741777626806513,9.411178140624884,2.2669962128194534,0.17976679482119584,0.14992914219951786,0.10402383791502322
46930363,1789028339276000000,3366,HEAD_POSE_ESTIMATE,estimated,-1.1998341699481503,9.397270449760038,2.2234406164552603,0.19164427718586344,0.15287149253315135,0.07862301101529497
46945363,1789028339291000000,3367,HEAD_POSE_ESTIMATE,estimated,-1.2425215257556326,9.384759266126139,2.1721267347182787,0.19422996777415255,0.15461269152500862,0.05364480851630062
46959363,1789028339305000000,3368,HEAD_POSE_ESTIMATE,estimated,-1.2693469046298278,9.368352549645763,2.132901012080726,0.19399923155992388,0.1521772354221884,0.03193775398057364
46976363,1789028339322000000,3369,HEAD_POSE_ESTIMATE,estimated,-1.2988394465630362,9.367073919044968,2.105884782764143,0.19296844783872596,0.15230547775714148,0.022513953698787788
46987363,1789028339333000000,3370,HEAD_POSE_ESTIMATE,estimated,-1.3101226801745507,9.370157995550136,2.0829398893659836,0.19072558168229706,0.15231253320366964,0.027449063305727276
46999363,1789028339345000000,3371,HEAD_POSE_ESTIMATE,estimated,-1.292554034715072,9.367133333033808,2.065393885704014,0.18279322580018353,0.15375143020366036,0.04193651696626558
47013363,1789028339359000000,3372,HEAD_POSE_ESTIMATE,estimated,-1.2611964009448478,9.335474881925384,2.054196670993542,0.17895715333658938,0.15855178655878047,0.07736964099669827
47027363,1789028339373000000,3373,HEAD_POSE_ESTIMATE,estimated,-1.2297083369308304,9.332134426044126,2.0428284972763384,0.1678430242501885,0.16112592616101534,0.10351872076656066
47042363,1789028339388000000,3374,HEAD_POSE_ESTIMATE,estimated,-1.1923532025337185,9.331790056710586,2.0351699117772553,0.15017846467499016,0.16259280040927374,0.12420632081301654
47055363,1789028339401000000,3375,HEAD_POSE_ESTIMATE,estimated,-1.1614098916637443,9.334869261416085,2.0220445827469535,0.12955863076729388,0.1634326971066847,0.13104168098077493
47069363,1789028339415000000,3376,HEAD_POSE_ESTIMATE,estimated,-1.1241706410078631,9.343858197611835,2.0128482539720216,0.10093978188341413,0.1642925526810529,0.12947063149487692
47084363,1789028339430000000,3377,HEAD_POSE_ESTIMATE,estimated,-1.0906597829910556,9.347546666094978,2.015656041902802,0.06612614456269297,0.1619362536791169,0.11992785062927312
47097363,1789028339443000000,3378,HEAD_POSE_ESTIMATE,estimated,-1.0829592568575246,9.35171802021302,2.0109188705042795,0.03864370661123956,0.16282675586682047,0.11429793601610104
47111363,1789028339457000000,3379,HEAD_POSE_ESTIMATE,estimated,-1.0779861611301995,9.343221884177918,2.0009739921644276,0.01149153843483628,0.16419641943963814,0.11224994253857246
47128363,1789028339474000000,3380,HEAD_POSE_ESTIMATE,estimated,-1.0656191415635063,9.318777785924828,2.0173996654849655,-0.01588105833642101,0.16015090445025473,0.10829040736447765
47140363,1789028339486000000,3381,HEAD_POSE_ESTIMATE,estimated,-1.061279964230153,9.30552319236539,2.0178741741616575,-0.03092067749171704,0.1561393887941344,0.10572337336215387
47152363,1789028339498000000,3382,HEAD_POSE_ESTIMATE,estimated,-1.0547591931070528,9.29716968441254,2.0168679132234084,-0.04018468171794525,0.14764544482207115,0.10367910955867345
47167363,1789028339513000000,3383,HEAD_POSE_ESTIMATE,estimated,-1.0571058900321295,9.298528686645556,2.0196105762045495,-0.04204873246293941,0.13341076155836207,0.09441683326130748
47181363,1789028339527000000,3384,HEAD_POSE_ESTIMATE,estimated,-1.0520791861435144,9.301476833349293,2.034531077875075,-0.040057306854161055,0.1153582510011042,0.08276165819163443
47194363,1789028339540000000,3385,HEAD_POSE_ESTIMATE,estimated,-1.0478041250241208,9.311774836372361,2.0543072486142626,-0.039451680720304,0.09586878247378389,0.07392900267253902
47209363,1789028339555000000,3386,HEAD_POSE_ESTIMATE,estimated,-1.05183486703594,9.353094417691223,2.0755201299806534,-0.044257571110212945,0.0722468870954819,0.060841235407246695
47223363,1789028339569000000,3387,HEAD_POSE_ESTIMATE,estimated,-1.0552865272792582,9.404808183177186,2.099682663909621,-0.0508966711679698,0.05048451367034275,0.052936308043584075
47236363,1789028339582000000,3388,HEAD_POSE_ESTIMATE,estimated,-1.05472579168236,9.458431134435859,2.1210694269036443,-0.06304415214477657,0.031809373423254045,0.04881298064076712
47250363,1789028339596000000,3389,HEAD_POSE_ESTIMATE,estimated,-1.0779001794101486,9.498923761546825,2.143492357321278,-0.0702643978623576,0.02190605790934975,0.05745188513552515
47264363,1789028339610000000,3390,HEAD_POSE_ESTIMATE,estimated,-1.079786503386402,9.544296457200788,2.161228365248557,-0.06373730377657971,0.01997201070737002,0.07720501273841515
47279363,1789028339625000000,3391,HEAD_POSE_ESTIMATE,estimated,-1.0583243595458804,9.604650199441192,2.1941885920407382,-0.04617788552817538,0.025334442960969004,0.10714207395483323
47292363,1789028339638000000,3392,HEAD_POSE_ESTIMATE,estimated,-1.0257859370261815,9.659227335879327,2.2159395910735045,-0.02171731177989449,0.03851481860547421,0.14200194856220386
47306363,1789028339652000000,3393,HEAD_POSE_ESTIMATE,estimated,-0.9896299098191051,9.714602613850083,2.2318035396644684,0.010113365015316636,0.05775765527128753,0.1797021091737238
47320363,1789028339666000000,3394,HEAD_POSE_ESTIMATE,estimated,-0.9178760540945252,9.773249833373972,2.217584710736084,0.04473558033063051,0.07913911409158479,0.21332400093726736
47334363,1789028339680000000,3395,HEAD_POSE_ESTIMATE,estimated,-0.8544738423655012,9.816984005746562,2.186806058654007,0.07761053327019302,0.09791005271080681,0.2347694885331336
47348363,1789028339694000000,3396,HEAD_POSE_ESTIMATE,estimated,-0.7870563883482844,9.87052582249627,2.139058973505849,0.10147724291524275,0.11611619220041579,0.24743500148822758
47362363,1789028339708000000,3397,HEAD_POSE_ESTIMATE,estimated,-0.715987776768257,9.935524486221357,2.0649355280988697,0.12003619583071361,0.12870077618584655,0.2471553834369216
47376363,1789028339722000000,3398,HEAD_POSE_ESTIMATE,estimated,-0.6458935403894968,9.98582969203607,2.0098599120809273,0.13281894299918223,0.13815315879417037,0.23888287947969045
47390363,1789028339736000000,3399,HEAD_POSE_ESTIMATE,estimated,-0.5902475359479162,10.011858105326155,1.9535096589979162,0.1377631456042613,0.143672159306229,0.22885706394165775
47404363,1789028339750000000,3400,HEAD_POSE_ESTIMATE,estimated,-0.5350697387836822,10.02186822540033,1.9048791168482295,0.14904673203659088,0.144683681521031,0.21553474660116276
47418363,1789028339764000000,3401,HEAD_POSE_ESTIMATE,estimated,-0.4862493144263241,10.020240461460384,1.8576571630998027,0.16782672172514376,0.14046435961362547,0.1972119190194504
47432363,1789028339778000000,3402,HEAD_POSE_ESTIMATE,estimated,-0.44837597041863564,9.996921864725914,1.8133423865261702,0.1999547720855984,0.13548197125175118,0.18368385088269315
47446363,1789028339792000000,3403,HEAD_POSE_ESTIMATE,estimated,-0.41634319379286205,9.939150307989879,1.7783998987708973,0.23455853427980522,0.12217147839081963,0.16322575538762069
47461363,1789028339807000000,3404,HEAD_POSE_ESTIMATE,estimated,-0.4033195972528331,9.852763198099844,1.7275515023642791,0.27711474094711913,0.10128738455904118,0.13784206561992507
47474363,1789028339820000000,3405,HEAD_POSE_ESTIMATE,estimated,-0.387754832911965,9.753255678716254,1.6913627115579533,0.30715647286577336,0.07991628216455227,0.1172152982437242
47488363,1789028339834000000,3406,HEAD_POSE_ESTIMATE,estimated,-0.3705421699465487,9.687226333429518,1.6476376934924184,0.3232319036150798,0.053103419049883666,0.09402493290072189
47502363,1789028339848000000,3407,HEAD_POSE_ESTIMATE,estimated,-0.36805547720694903,9.634131685593362,1.5985689813909283,0.3242924289587338,0.025537559139966103,0.07558244988708662
47516363,1789028339862000000,3408,HEAD_POSE_ESTIMATE,estimated,-0.35837569642305106,9.58029183937275,1.5548013613964675,0.3108155255797817,-0.0044266359998808204,0.06251565199492715
47530363,1789028339876000000,3409,HEAD_POSE_ESTIMATE,estimated,-0.35466320826019376,9.536349265329758,1.513265168475462,0.28919127525288896,-0.030762298718080956,0.059703940376915836
47544363,1789028339890000000,3410,HEAD_POSE_ESTIMATE,estimated,-0.35459385006969424,9.499736465361186,1.4759709115399189,0.25954296952776734,-0.05482933751207462,0.05464965387547218
47557363,1789028339903000000,3411,HEAD_POSE_ESTIMATE,estimated,-0.35086684642249993,9.474569521697573,1.4337044186029655,0.2275950620230177,-0.07654808430406099,0.04666933622085246
47574363,1789028339920000000,3412,HEAD_POSE_ESTIMATE,estimated,-0.34480441878653423,9.438640611081652,1.4020148196364697,0.20451862202175022,-0.0979021153532818,0.015365278118647427
47585363,1789028339931000000,3413,HEAD_POSE_ESTIMATE,estimated,-0.3417317880341059,9.428900761886604,1.3626755595777909,0.18419196854230446,-0.10947453357252915,0.007900492277728002
47600363,1789028339946000000,3414,HEAD_POSE_ESTIMATE,estimated,-0.33455773380947,9.376193899267635,1.3304197368784727,0.16270476171522008,-0.12377191641081428,-0.012987022511348045
47612363,1789028339958000000,3415,HEAD_POSE_ESTIMATE,estimated,-0.36006962194589165,9.331688102825325,1.3052239745956702,0.15488869758267984,-0.1357892291845707,-0.029559464895632513
47626363,1789028339972000000,3416,HEAD_POSE_ESTIMATE,estimated,-0.3882772610137081,9.284721851541494,1.287776995647278,0.13320664396977294,-0.1450769699104451,-0.0397279045019036
47640363,1789028339986000000,3417,HEAD_POSE_ESTIMATE,estimated,-0.4457269491424769,9.234763281117736,1.2853324006540001,0.1003791532596696,-0.15437047427780204,-0.04720667799623139
47652363,1789028339998000000,3418,HEAD_POSE_ESTIMATE,estimated,-0.5010708363337243,9.220970895556363,1.279087193395677,0.06341109372676938,-0.16221167695834993,-0.047423691747834375
47667363,1789028340013000000,3419,HEAD_POSE_ESTIMATE,estimated,-0.5624280631184995,9.244068057337733,1.2729540433331328,0.008368598493948484,-0.16981926304097375,-0.05040623036520279
47681363,1789028340027000000,3420,HEAD_POSE_ESTIMATE,estimated,-0.6018005533647142,9.304126098694093,1.2841686832322454,-0.05330458136971891,-0.1769797340997321,-0.05813651175511406
47694363,1789028340040000000,3421,HEAD_POSE_ESTIMATE,estimated,-0.6348288378450838,9.39361171317057,1.2890945186700908,-0.09840329227754316,-0.18302186194471015,-0.06813549400931491
47708363,1789028340054000000,3422,HEAD_POSE_ESTIMATE,estimated,-0.679419776349689,9.489061425994223,1.294892117973792,-0.14242744424792145,-0.19350831558476078,-0.08772218491964225
47723363,1789028340069000000,3423,HEAD_POSE_ESTIMATE,estimated,-0.737580318012435,9.599417146702976,1.3361836530967084,-0.17010684805164028,-0.20163739768150038,-0.10420946037182159
47736363,1789028340082000000,3424,HEAD_POSE_ESTIMATE,estimated,-0.795110684839147,9.692354907629548,1.3649589199449008,-0.18287538478221685,-0.20490640319950265,-0.11406991308326424
47750363,1789028340096000000,3425,HEAD_POSE_ESTIMATE,estimated,-0.850733557557054,9.795715523456886,1.3990111501356548,-0.18910675822344636,-0.20652790337256816,-0.11725828119559421
47763363,1789028340109000000,3426,HEAD_POSE_ESTIMATE,estimated,-0.90725620041857,9.880584798133166,1.4345878301517196,-0.1802823843414398,-0.20153139042192084,-0.09969240673423399
47778363,1789028340124000000,3427,HEAD_POSE_ESTIMATE,estimated,-0.94677862078472,9.974886833317306,1.4544661535044898,-0.16034649753847685,-0.18908894617722996,-0.06672534276196176
47792363,1789028340138000000,3428,HEAD_POSE_ESTIMATE,estimated,-0.9660496993947912,10.044992292974484,1.4568340030878075,-0.1440986525937494,-0.17877783835849398,-0.02003080190151121
47806363,1789028340152000000,3429,HEAD_POSE_ESTIMATE,estimated,-0.9865439001474278,10.086884775397458,1.4568684841445625,-0.11762910609433358,-0.1640168597844808,0.022737837992374225
47820363,1789028340166000000,3430,HEAD_POSE_ESTIMATE,estimated,-0.9720793312895809,10.099686441825824,1.4546027138122477,-0.0857673388616831,-0.1468218472355781,0.055744932482687436
47834363,1789028340180000000,3431,HEAD_POSE_ESTIMATE,estimated,-0.9878657437876506,10.096924061004268,1.4533991423837314,-0.05161640091085386,-0.12189769878192384,0.07077558033678816
47848363,1789028340194000000,3432,HEAD_POSE_ESTIMATE,estimated,-0.9968140088896262,10.050409040377966,1.473195345805702,-0.006505738026397445,-0.09958071686951457,0.06128751914397338
47862363,1789028340208000000,3433,HEAD_POSE_ESTIMATE,estimated,-1.0114063067844477,9.995827783110645,1.4717612096461945,0.044310439371396795,-0.06939421622517784,0.03588276408078407
47876363,1789028340222000000,3434,HEAD_POSE_ESTIMATE,estimated,-1.042324167064785,9.952226204564168,1.4705308839497107,0.09132615674239117,-0.035212177231864324,-0.00360003197808939
47890363,1789028340236000000,3435,HEAD_POSE_ESTIMATE,estimated,-1.055070871375183,9.910320946407031,1.4619119020002516,0.1346885545818449,0.0025294857709258346,-0.044481075179344715
47904363,1789028340250000000,3436,HEAD_POSE_ESTIMATE,estimated,-1.0746452043199537,9.8713791932943,1.4187157521621983,0.16682549549365744,0.045244057933821795,-0.07012366826678276
47918363,1789028340264000000,3437,HEAD_POSE_ESTIMATE,estimated,-1.0861988712225876,9.822953239576327,1.3836535873076747,0.18371218697279423,0.08972559037536663,-0.07963288056579411
47932363,1789028340278000000,3438,HEAD_POSE_ESTIMATE,estimated,-1.092486709776363,9.749316399189293,1.3522414666303204,0.18833386782313072,0.13500934104052373,-0.06238533319663392
47945363,1789028340291000000,3439,HEAD_POSE_ESTIMATE,estimated,-1.0966160660774777,9.69370709088113,1.3289113329718145,0.18462212322182064,0.1710348016906221,-0.04251989580626818
47959363,1789028340305000000,3440,HEAD_POSE_ESTIMATE,estimated,-1.0885175938226883,9.64584572305972,1.3003604862612068,0.1757361600589655,0.20182467358472603,-0.01721084434105364
47973363,1789028340319000000,3441,HEAD_POSE_ESTIMATE,estimated,-1.0836600101128104,9.595217383542838,1.2790340560194178,0.17167422447295605,0.22519219290201278,0.005504674947781152
47987363,1789028340333000000,3442,HEAD_POSE_ESTIMATE,estimated,-1.0670581866908169,9.565705911501325,1.2456310160146749,0.16523320586722862,0.2378639995136735,0.024477770529266755
48001363,1789028340347000000,3443,HEAD_POSE_ESTIMATE,estimated,-1.0372351503393702,9.558782827453886,1.201011210089465,0.16080993140569239,0.24266807508542548,0.040082121813658875
48015363,1789028340361000000,3444,HEAD_POSE_ESTIMATE,estimated,-1.01388570408464,9.550726582708176,1.1530492744706553,0.16214982046812304,0.24640688527467014,0.048757904382002955
48029363,1789028340375000000,3445,HEAD_POSE_ESTIMATE,estimated,-0.9755322177720348,9.527391376136483,1.1133831011090247,0.16283464939360753,0.24799705292810434,0.05714496116624604
48044363,1789028340390000000,3446,HEAD_POSE_ESTIMATE,estimated,-0.9401843947678625,9.496128910352343,1.0788366092291324,0.15821395392787324,0.24909297678065628,0.061837401443668914
48056363,1789028340402000000,3447,HEAD_POSE_ESTIMATE,estimated,-0.9146039155863392,9.474578848732428,1.049582094053688,0.14533601566787452,0.24620118550070286,0.06191743443951599
48070363,1789028340416000000,3448,HEAD_POSE_ESTIMATE,estimated,-0.890100583500122,9.430979564965948,1.0109967285164818,0.12534344944819953,0.24491678345212248,0.05663204437895124
48084363,1789028340430000000,3449,HEAD_POSE_ESTIMATE,estimated,-0.8539694467169093,9.39878855837588,0.967851125614944,0.09555043007806283,0.2426158917343005,0.04872008437647413
48098363,1789028340444000000,3450,HEAD_POSE_ESTIMATE,estimated,-0.8184186249454868,9.38426341060325,0.9225082360182427,0.06890469114428618,0.23969836973926656,0.03448565896406669
48112363,1789028340458000000,3451,HEAD_POSE_ESTIMATE,estimated,-0.775106741815512,9.378000030489547,0.8847877941513185,0.053432328324042114,0.24172312673329177,0.019745091408311415
48126363,1789028340472000000,3452,HEAD_POSE_ESTIMATE,estimated,-0.7363528696559658,9.371565357645933,0.8411492046605676,0.04910068213002671,0.23798678488138533,-0.005976732808411084
48142363,1789028340488000000,3453,HEAD_POSE_ESTIMATE,estimated,-0.7053241124475426,9.363029462875453,0.8149259521465184,0.05559898029070522,0.2308582366971439,-0.044335399003503535
48157363,1789028340503000000,3454,HEAD_POSE_ESTIMATE,estimated,-0.6698277061921868,9.349517445130376,0.8006626316333285,0.06024953871944145,0.2156673761345306,-0.08683060935004025
48171363,1789028340517000000,3455,HEAD_POSE_ESTIMATE,estimated,-0.6336718886944248,9.340402971213193,0.784801124469326,0.05893207111164567,0.19467621175404864,-0.1285350765062126
48180363,1789028340526000000,3456,HEAD_POSE_ESTIMATE,estimated,-0.6051750635119596,9.337255665403394,0.7821556362027676,0.05288437012642346,0.17211481266465117,-0.15619987940060368
48195363,1789028340541000000,3457,HEAD_POSE_ESTIMATE,estimated,-0.5673955865136382,9.340463061920733,0.7731373147867898,0.029029071521296027,0.13620382061483752,-0.17475960134551133
48209363,1789028340555000000,3458,HEAD_POSE_ESTIMATE,estimated,-0.5225522660827695,9.397375051049995,0.779337347607169,0.003826264457010133,0.10186301649352056,-0.1783850292015538
48223363,1789028340569000000,3459,HEAD_POSE_ESTIMATE,estimated,-0.48265924897025275,9.472976803870797,0.7899981979391814,-0.0266182625441996,0.07079511231480669,-0.16879505638884773
48236363,1789028340582000000,3460,HEAD_POSE_ESTIMATE,estimated,-0.43933629049942297,9.5466312679092,0.8166184654920713,-0.05898882534083191,0.04378728878690026,-0.14893979031026555
48250363,1789028340596000000,3461,HEAD_POSE_ESTIMATE,estimated,-0.39448645525396886,9.660111646886733,0.879664558671289,-0.09338345634158886,0.017157455401221728,-0.12379673261354301
48264363,1789028340610000000,3462,HEAD_POSE_ESTIMATE,estimated,-0.3537649742689549,9.814619463198742,0.896770797404213,-0.1299556999710237,0.0013314873679604034,-0.09662483506358717
48278363,1789028340624000000,3463,HEAD_POSE_ESTIMATE,estimated,-0.2999913094652069,9.975588188908857,0.9134491965122864,-0.16420176377342896,-0.004171021089759165,-0.07085200667836573
48293363,1789028340639000000,3464,HEAD_POSE_ESTIMATE,estimated,-0.25689794135007704,10.120561865636338,0.9098944979173147,-0.19967856943306148,-0.0016055806198226707,-0.04772569458582598
48306363,1789028340652000000,3465,HEAD_POSE_ESTIMATE,estimated,-0.21650159617690923,10.226299721867056,0.9309548808111077,-0.22340973119350796,0.004538607578795369,-0.026691418931242702
48320363,1789028340666000000,3466,HEAD_POSE_ESTIMATE,estimated,-0.15284216727432043,10.35259881841622,0.9276125210286322,-0.23695580811722539,0.01490487613309836,-0.008311184739925485
48333363,1789028340679000000,3467,HEAD_POSE_ESTIMATE,estimated,-0.13005074498399627,10.395821626194637,0.9588227290150462,-0.24572472546969176,0.024701586571532413,0.0013299060711338068
48347363,1789028340693000000,3468,HEAD_POSE_ESTIMATE,estimated,-0.11505839375864824,10.386365251171814,0.998249167442838,-0.24520597269649225,0.03458191566328195,0.0045010925144023895
48362363,1789028340708000000,3469,HEAD_POSE_ESTIMATE,estimated,-0.06953477831597343,10.334745954921809,1.0387007516304299,-0.235546355026766,0.04056204758038095,0.001010308633041121
48375363,1789028340721000000,3470,HEAD_POSE_ESTIMATE,estimated,-0.06524612337342506,10.242027606149096,1.1061839232215414,-0.20788332778974397,0.04578532908578,-0.007352501761566409
48389363,1789028340735000000,3471,HEAD_POSE_ESTIMATE,estimated,-0.07290854461378948,10.236604452705844,1.1505462740416093,-0.17172420185370474,0.04703514888809307,-0.019066257294186168
48403363,1789028340749000000,3472,HEAD_POSE_ESTIMATE,estimated,-0.07946969637363788,10.220862771119885,1.1629563834294854,-0.13187372701989128,0.045669235971491334,-0.03132396552978059
48417363,1789028340763000000,3473,HEAD_POSE_ESTIMATE,estimated,-0.14613254165841905,10.170604606535475,1.2140765154483808,-0.09072901086163213,0.03668049225820801,-0.04083678869631379
48427363,1789028340773000000,3474,HEAD_POSE_ESTIMATE,estimated,-0.19112631672323643,10.202981049415303,1.2147275063062586,-0.04571988557642725,0.026757328278757906,-0.042683394057835965
48443363,1789028340789000000,3475,HEAD_POSE_ESTIMATE,estimated,-0.3077883851225989,10.28510370079394,1.2483388710911727,-0.017569475541625256,0.006329269951667376,-0.03646463254171421
48457363,1789028340803000000,3476,HEAD_POSE_ESTIMATE,estimated,-0.4143874419298048,10.34203773251478,1.3014659297345554,-0.010554682899312965,-0.01480228950890632,-0.02927178810327702
48468363,1789028340814000000,3477,HEAD_POSE_ESTIMATE,estimated,-0.49562132919825397,10.299782926491263,1.362386385298682,-0.010056575118898903,-0.031109467247628458,-0.028929353311150582
48483363,1789028340829000000,3478,HEAD_POSE_ESTIMATE,estimated,-0.5909032266663051,10.239141720489785,1.430117696847357,-0.016474126784330904,-0.05431607197100674,-0.01018572061972359
48498363,1789028340844000000,3479,HEAD_POSE_ESTIMATE,estimated,-0.6501208214349203,10.119562375936516,1.503501255762304,-0.03200228948410753,-0.0735597479203253,0.01651024147235594
48510363,1789028340856000000,3480,HEAD_POSE_ESTIMATE,estimated,-0.7040873999319657,9.993007268684291,1.5507973764494147,-0.047414366614215546,-0.08410505527389096,0.039156731572029396
48524363,1789028340870000000,3481,HEAD_POSE_ESTIMATE,estimated,-0.7897959439776947,9.86305509400217,1.635098294415853,-0.0707958232378011,-0.08793997358480991,0.06447400091736319
48538363,1789028340884000000,3482,HEAD_POSE_ESTIMATE,estimated,-0.8751735393947001,9.683138620248172,1.7783665808345073,-0.09189745525909818,-0.08646052745309091,0.07529478908372096
48553363,1789028340899000000,3483,HEAD_POSE_ESTIMATE,estimated,-0.9594604093067794,9.473084480138965,1.8735008374284416,-0.108406493563967,-0.08098353692215896,0.07344587462063709
48567363,1789028340913000000,3484,HEAD_POSE_ESTIMATE,estimated,-1.0032978830403758,9.300467611017686,1.9450053866820467,-0.11882422726470543,-0.07186886116031314,0.05968307042161045
48581363,1789028340927000000,3485,HEAD_POSE_ESTIMATE,estimated,-1.0014251203063913,9.188171221003381,2.042292707407662,-0.12549453624787188,-0.061012701008390874,0.03019042198272059
48595363,1789028340941000000,3486,HEAD_POSE_ESTIMATE,estimated,-1.0813949344881215,9.105029095225966,2.141128948396177,-0.12641392525446193,-0.04618378325404441,-0.0038812733314596637
48608363,1789028340954000000,3487,HEAD_POSE_ESTIMATE,estimated,-1.118071627278123,9.105644215755817,2.1787494421027187,-0.12299189264748414,-0.04062021840421244,-0.048803422796513125
48623363,1789028340969000000,3488,HEAD_POSE_ESTIMATE,estimated,-1.133068461402792,9.067760872050876,2.2078404170678385,-0.11039383054623891,-0.030070402313083788,-0.08230588138231361
48639363,1789028340985000000,3489,HEAD_POSE_ESTIMATE,estimated,-1.19005190315333,9.03400037075613,2.2306306329422503,-0.09697664608058171,-0.016004828869785916,-0.10216504400372367
48654363,1789028341000000000,3490,HEAD_POSE_ESTIMATE,estimated,-1.2134078083439275,9.046879902719162,2.2078015170093543,-0.09391700832789635,-0.0009316589096312047,-0.10471112409973034
48664363,1789028341010000000,3491,HEAD_POSE_ESTIMATE,estimated,-1.2502632606802333,9.038057906167593,2.230675520583957,-0.06588720233437914,0.014404364906053336,-0.0832174132329079
48678363,1789028341024000000,3492,HEAD_POSE_ESTIMATE,estimated,-1.2833229379063824,8.932084463680686,2.2379479146003147,-0.04819803913218652,0.03758700959209881,-0.038429967304348035
48692363,1789028341038000000,3493,HEAD_POSE_ESTIMATE,estimated,-1.2940600860458253,8.781760849870226,2.229025595228575,-0.05066314964752954,0.05948836296886048,0.014068166186891554
48706363,1789028341052000000,3494,HEAD_POSE_ESTIMATE,estimated,-1.319405693827792,8.742460705932169,2.227917046307009,-0.051122083437474354,0.08161193984849485,0.047897766040506974
48721363,1789028341067000000,3495,HEAD_POSE_ESTIMATE,estimated,-1.2962213695161744,8.746215516575402,2.1987617120151652,-0.06843944786012891,0.09925037601765796,0.06601563511979505
48734363,1789028341080000000,3496,HEAD_POSE_ESTIMATE,estimated,-1.30824134241893,8.753566239648647,2.192152007222928,-0.09728960440764392,0.1088583937458699,0.07041963012474514
48748363,1789028341094000000,3497,HEAD_POSE_ESTIMATE,estimated,-1.3332448618484651,8.80245745408723,2.1800840854109818,-0.13322658031011334,0.11327311467556996,0.0468082499864447
48762363,1789028341108000000,3498,HEAD_POSE_ESTIMATE,estimated,-1.3307767495350804,8.853404588508964,2.136438033759226,-0.18435402003654042,0.1085652184367672,0.018444103144955454
48776363,1789028341122000000,3499,HEAD_POSE_ESTIMATE,estimated,-1.3381673346538994,8.928414556035001,2.1070949889904673,-0.24315636448993366,0.09658853386816191,-0.0054671178803973345
48791363,1789028341137000000,3500,HEAD_POSE_ESTIMATE,estimated,-1.375972448304934,9.014367709828345,2.117863980183545,-0.3099674962548447,0.08033994833021338,-0.030979954638774693
48805363,1789028341151000000,3501,HEAD_POSE_ESTIMATE,estimated,-1.386658990086851,9.10247695073451,2.113944843453305,-0.3577686437860123,0.06363469546028874,-0.03988575031557781
48819363,1789028341165000000,3502,HEAD_POSE_ESTIMATE,estimated,-1.388480959961348,9.176259233025988,2.1387232998895147,-0.39443181611229866,0.04961632317244289,-0.027981214162703466
48833363,1789028341179000000,3503,HEAD_POSE_ESTIMATE,estimated,-1.3623176423034296,9.238607251437134,2.14712990818727,-0.4174085290691865,0.046125358683481534,0.014782156928085299
48847363,1789028341193000000,3504,HEAD_POSE_ESTIMATE,estimated,-1.3382720867591666,9.288462329974323,2.1437620584151955,-0.42749575322254546,0.04419113203001988,0.057037591221341
48861363,1789028341207000000,3505,HEAD_POSE_ESTIMATE,estimated,-1.307207642620206,9.309587997849926,2.173042069971684,-0.42435546622207093,0.045205512675606845,0.1040870596146661
48875363,1789028341221000000,3506,HEAD_POSE_ESTIMATE,estimated,-1.2894921136854016,9.312120375906606,2.176007242856914,-0.4050498602749831,0.04880124585369339,0.14036976374550084
48889363,1789028341235000000,3507,HEAD_POSE_ESTIMATE,estimated,-1.2593584393277992,9.27794344274801,2.1855335146186343,-0.36910589593525217,0.058014362888869284,0.16647432783757918
48905363,1789028341251000000,3508,HEAD_POSE_ESTIMATE,estimated,-1.213675476599116,9.252701989578062,2.1908673686153093,-0.32295306281355185,0.07562371987070798,0.1820589923603548
48916363,1789028341262000000,3509,HEAD_POSE_ESTIMATE,estimated,-1.1819147894466142,9.218401746238289,2.2063317024615374,-0.28842223457232496,0.09077025067121293,0.1808925773293884
48930363,1789028341276000000,3510,HEAD_POSE_ESTIMATE,estimated,-1.1396925638449655,9.167935342646112,2.2087928497954454,-0.2739137088795613,0.10623778205260825,0.16792824270466578
48945363,1789028341291000000,3511,HEAD_POSE_ESTIMATE,estimated,-1.090830087813536,9.080185206083286,2.19172261512592,-0.2726082140810219,0.1224893795811435,0.14437004927074312
48959363,1789028341305000000,3512,HEAD_POSE_ESTIMATE,estimated,-1.046815375167357,8.985065638324219,2.1771508039932628,-0.30310093599527005,0.12804071173243484,0.11556668046904243
48974363,1789028341320000000,3513,HEAD_POSE_ESTIMATE,estimated,-1.0250393053125069,8.91827907839981,2.179691717038425,-0.3608501207905568,0.12570081429759866,0.08792381605944631
48987363,1789028341333000000,3514,HEAD_POSE_ESTIMATE,estimated,-0.993960631014101,8.850239672193304,2.2004303371981213,-0.41959787219513545,0.1163112230516754,0.060710425092146296
49001363,1789028341347000000,3515,HEAD_POSE_ESTIMATE,estimated,-0.9971675092231173,8.787177220924853,2.2754114590640904,-0.4984329225746074,0.09624185928750231,0.037993902598606744
49017363,1789028341363000000,3516,HEAD_POSE_ESTIMATE,estimated,-0.9934798179183965,8.754459531013902,2.367169973604095,-0.6011979009688387,0.06366224321898535,0.02571439316963051
49029363,1789028341375000000,3517,HEAD_POSE_ESTIMATE,estimated,-0.9892336337377807,8.88258174518109,2.479754295236794,-0.7128947088120898,0.027965488869412462,0.01890250158208573
49041363,1789028341387000000,3518,HEAD_POSE_ESTIMATE,estimated,-0.9916391595435732,8.975173001411946,2.575191643634208,-0.793564554317423,-0.004810098794777104,0.021103901628162145
49055363,1789028341401000000,3519,HEAD_POSE_ESTIMATE,estimated,-0.9944707895020455,9.082478711038311,2.718065402503756,-0.846222201605161,-0.03554375011372709,0.037964329848266566
49069363,1789028341415000000,3520,HEAD_POSE_ESTIMATE,estimated,-1.0004642960504602,9.206965679378484,2.82318932563761,-0.8585644905276545,-0.05598886906251652,0.059256301178705104
49084363,1789028341430000000,3521,HEAD_POSE_ESTIMATE,estimated,-1.0111763672869407,9.300903480961043,3.0013806515705634,-0.8341245406046834,-0.0635608796600786,0.09004948144817498
49096363,1789028341442000000,3522,HEAD_POSE_ESTIMATE,estimated,-1.0218694246248592,9.365703812560675,3.1844579344170656,-0.7934971004027447,-0.05874774496966169,0.12417738170391039
49110363,1789028341456000000,3523,HEAD_POSE_ESTIMATE,estimated,-1.0236436399759945,9.45004010267972,3.3906476810259996,-0.7542280705780615,-0.0467798512884471,0.13992719396675188
49124363,1789028341470000000,3524,HEAD_POSE_ESTIMATE,estimated,-1.0276594839139797,9.550897374770061,3.5821631734901547,-0.7051566132553071,-0.024610646753058286,0.14910582515886645
49143363,1789028341489000000,3525,HEAD_POSE_ESTIMATE,estimated,-0.9931024996292739,9.636846542954018,3.718509732473356,-0.6518620528769131,0.009323684640765946,0.14598308290852674
49156363,1789028341502000000,3526,HEAD_POSE_ESTIMATE,estimated,-0.9592250308881658,9.63972537823472,3.81671339055409,-0.6142112302048304,0.038725022531489864,0.13680066170353533
49169363,1789028341515000000,3527,HEAD_POSE_ESTIMATE,estimated,-0.9403401236388718,9.633537341630532,3.9241370996872114,-0.5717839450048604,0.062228708846291086,0.12273203118937924
49179363,1789028341525000000,3528,HEAD_POSE_ESTIMATE,estimated,-0.9205187200895683,9.601116969206625,4.017355127867274,-0.5323005538332973,0.08183440067958392,0.10561457246799742
49193363,1789028341539000000,3529,HEAD_POSE_ESTIMATE,estimated,-0.9052278112084532,9.558778720642971,4.11704453745297,-0.49088849259100814,0.09271462142103518,0.08235919255643821
49209363,1789028341555000000,3530,HEAD_POSE_ESTIMATE,estimated,-0.9082884371616154,9.457596016721604,4.178534843280657,-0.4464077166984167,0.09859404254763685,0.0635924780207398
49221363,1789028341567000000,3531,HEAD_POSE_ESTIMATE,estimated,-0.8995934564948648,9.395318312801617,4.204823343239052,-0.41345714612139095,0.09594824475296443,0.04997302330579291
49236363,1789028341582000000,3532,HEAD_POSE_ESTIMATE,estimated,-0.8777829412114081,9.358581994313518,4.209241962695157,-0.3693454956859421,0.08579682429034279,0.0392240104490832
49250363,1789028341596000000,3533,HEAD_POSE_ESTIMATE,estimated,-0.8552970058619987,9.391892059116396,4.195303693592435,-0.31062101354400884,0.07245874911143509,0.03936137621786191
49265363,1789028341611000000,3534,HEAD_POSE_ESTIMATE,estimated,-0.8384376848741184,9.2955581876953,4.0752268074199955,-0.2783380604397958,0.053747400199568474,0.038316597992800856
49279363,1789028341625000000,3535,HEAD_POSE_ESTIMATE,estimated,-0.840706638314005,9.186960143267166,3.989141403459009,-0.2668481606225388,0.03351198539171901,0.0398907928188557
49293363,1789028341639000000,3536,HEAD_POSE_ESTIMATE,estimated,-0.8555291158859135,9.08590213930674,3.9156795622663303,-0.2745452808597346,0.013596376128924616,0.03972192277999675
49307363,1789028341653000000,3537,HEAD_POSE_ESTIMATE,estimated,-0.8894505059778903,9.005269286105106,3.8662789287659822,-0.28289817239654774,-0.0032183099705520536,0.037710405989888646
49321363,1789028341667000000,3538,HEAD_POSE_ESTIMATE,estimated,-0.9284837762209386,8.937749076591038,3.814023380806351,-0.30109018079684075,-0.016237496096399313,0.025492369674858916
49334363,1789028341680000000,3539,HEAD_POSE_ESTIMATE,estimated,-0.951107087586925,8.896768040414294,3.744607889617575,-0.321064934844882,-0.030470807329034514,0.014985463511376508
49348363,1789028341694000000,3540,HEAD_POSE_ESTIMATE,estimated,-0.9700517785561086,8.877995939357968,3.694064530473552,-0.34346297715489216,-0.0444695564505782,-0.001128386629763014
49363363,1789028341709000000,3541,HEAD_POSE_ESTIMATE,estimated,-0.9678393308695035,8.861435459829663,3.652112730292472,-0.36540324706311267,-0.060814537969393664,-0.020553350070934274
49376363,1789028341722000000,3542,HEAD_POSE_ESTIMATE,estimated,-0.980391842357323,8.856317142181446,3.674152693256097,-0.3773283901154139,-0.07587777461721538,-0.040328261842231775
49390363,1789028341736000000,3543,HEAD_POSE_ESTIMATE,estimated,-1.0103296424686499,8.859916892044982,3.722771725221682,-0.3956986875865117,-0.09076638781837792,-0.05964592056525441
49404363,1789028341750000000,3544,HEAD_POSE_ESTIMATE,estimated,-1.0294320600110383,8.889284427099618,3.8035749542839157,-0.4141632121001594,-0.10674696023603836,-0.07728867635369559
49417363,1789028341763000000,3545,HEAD_POSE_ESTIMATE,estimated,-1.0499425224723309,8.919163625123018,3.9270724566623887,-0.4387482962628711,-0.12205361253122995,-0.09515659119068844
49431363,1789028341777000000,3546,HEAD_POSE_ESTIMATE,estimated,-1.0452645399231555,9.020685589556539,4.0463419412690635,-0.47855987515809034,-0.13865187959749176,-0.11644322960425599
49441363,1789028341787000000,3547,HEAD_POSE_ESTIMATE,estimated,-1.038279244138554,9.080321251366444,4.128078273295497,-0.508702584479445,-0.14705560609007265,-0.13129383578731996
49456363,1789028341802000000,3548,HEAD_POSE_ESTIMATE,estimated,-1.003514307391528,9.181356913654417,4.261652855941831,-0.5342661214640331,-0.15845710592583218,-0.14641527881682173
49469363,1789028341815000000,3549,HEAD_POSE_ESTIMATE,estimated,-0.9826133436809024,9.216692781440747,4.3694263688011254,-0.5463306130073132,-0.1669057309259478,-0.1504741900035671
49484363,1789028341830000000,3550,HEAD_POSE_ESTIMATE,estimated,-0.9647008998222394,9.208778482784252,4.5104017936893275,-0.5443248318355324,-0.1739935312712203,-0.15264097479668118
49497363,1789028341843000000,3551,HEAD_POSE_ESTIMATE,estimated,-0.9599505533429952,9.170397330955856,4.650792673255713,-0.5302791032371575,-0.17885675182820512,-0.15347078381917134
49511363,1789028341857000000,3552,HEAD_POSE_ESTIMATE,estimated,-0.9557633093498147,9.087221442321232,4.803422127654466,-0.5042629734142241,-0.18341219624518046,-0.1542156999476997
49525363,1789028341871000000,3553,HEAD_POSE_ESTIMATE,estimated,-0.9450304740415316,8.991741792320202,4.90894574858128,-0.4790452451546534,-0.1891051005775915,-0.14684259900106594
49540363,1789028341886000000,3554,HEAD_POSE_ESTIMATE,estimated,-0.9325121551060247,8.886507924861784,4.9461734793280705,-0.439425155430302,-0.19108999626195028,-0.13855784081329747
49553363,1789028341899000000,3555,HEAD_POSE_ESTIMATE,estimated,-0.9157489215511387,8.80175674975592,4.952623507583041,-0.40101576484757445,-0.19098299767067142,-0.1356822321897246
49567363,1789028341913000000,3556,HEAD_POSE_ESTIMATE,estimated,-0.88158843873008,8.714243587307156,4.9685623278276045,-0.35727541218738496,-0.18797898289276074,-0.1345003385554707
49581363,1789028341927000000,3557,HEAD_POSE_ESTIMATE,estimated,-0.8394182644301066,8.599345276109988,4.933605720607005,-0.3180703831016776,-0.1834000406208183,-0.14839895719376608
49595363,1789028341941000000,3558,HEAD_POSE_ESTIMATE,estimated,-0.7986658462367563,8.472814899668696,4.903567455455649,-0.2858397295909069,-0.1821829473149018,-0.1748183652455161
49609363,1789028341955000000,3559,HEAD_POSE_ESTIMATE,estimated,-0.7540129891569426,8.36355491742214,4.80243584911424,-0.26594131039541635,-0.17971878258118795,-0.2090945045535038
49623363,1789028341969000000,3560,HEAD_POSE_ESTIMATE,estimated,-0.690174012750735,8.307512209752932,4.712673045650467,-0.2497775588752503,-0.18246728022077566,-0.24952282149220548
49639363,1789028341985000000,3561,HEAD_POSE_ESTIMATE,estimated,-0.6494448227169977,8.303923904108016,4.567880671401658,-0.22527066580969815,-0.1911015116829024,-0.2861130905760001
49651363,1789028341997000000,3562,HEAD_POSE_ESTIMATE,estimated,-0.6041757965536322,8.330497498150624,4.476288919050239,-0.19987295300442434,-0.20024260231928853,-0.31117911277339755
49665363,1789028342011000000,3563,HEAD_POSE_ESTIMATE,estimated,-0.5466519845251127,8.288574683754735,4.381679448931132,-0.17505605592187068,-0.2182117545314152,-0.32448095376890534
49679363,1789028342025000000,3564,HEAD_POSE_ESTIMATE,estimated,-0.4971193261936188,8.275288427265611,4.289953076562789,-0.14686298850892285,-0.2357814725449826,-0.3295278651403088
49693363,1789028342039000000,3565,HEAD_POSE_ESTIMATE,estimated,-0.44353583081247,8.249025453844977,4.247219754829898,-0.13145715565631605,-0.2575150988467412,-0.3215614651637009
49707363,1789028342053000000,3566,HEAD_POSE_ESTIMATE,estimated,-0.3870391333507445,8.320248081153764,4.235689105635711,-0.12616944155043214,-0.2755980873366682,-0.31347073122751856
49720363,1789028342066000000,3567,HEAD_POSE_ESTIMATE,estimated,-0.33685549246509217,8.419211636552816,4.236326036526471,-0.14156013086897118,-0.29153522953846234,-0.2957662177356738
49735363,1789028342081000000,3568,HEAD_POSE_ESTIMATE,estimated,-0.28868571443401125,8.564869778728221,4.261819880519729,-0.17950166528840852,-0.30525056577150345,-0.2613429566254645
49749363,1789028342095000000,3569,HEAD_POSE_ESTIMATE,estimated,-0.2519632563327494,8.695351139427164,4.279242621179468,-0.23448424803787626,-0.318963745783172,-0.2313651590708024
49763363,1789028342109000000,3570,HEAD_POSE_ESTIMATE,estimated,-0.223230103046824,8.799233018736192,4.2897090315701565,-0.29675447415508377,-0.32748068513631584,-0.18333670750973888
49778363,1789028342124000000,3571,HEAD_POSE_ESTIMATE,estimated,-0.18709555419038937,8.838460522953067,4.317789093078076,-0.3539261691936098,-0.32825200182607156,-0.11984945582288035
49791363,1789028342137000000,3572,HEAD_POSE_ESTIMATE,estimated,-0.14895341737473677,8.79441271445106,4.383960564975406,-0.38482799923749605,-0.3245104431726241,-0.051793976737331576
49806363,1789028342152000000,3573,HEAD_POSE_ESTIMATE,estimated,-0.13117950689356372,8.728294182766518,4.461437156070176,-0.4071288246048563,-0.31035211696006143,0.018191257759887232
49820363,1789028342166000000,3574,HEAD_POSE_ESTIMATE,estimated,-0.087312350483023,8.617507301180055,4.644074697882786,-0.42164531378100456,-0.2883433222146628,0.060749783873204746
49834363,1789028342180000000,3575,HEAD_POSE_ESTIMATE,estimated,-0.061209479343690476,8.529199908337532,4.696990634136791,-0.422007112982848,-0.2628800539946854,0.08585510516769018
49848363,1789028342194000000,3576,HEAD_POSE_ESTIMATE,estimated,-0.029753642415595638,8.453961313191119,4.688059160124191,-0.40842269817815247,-0.22818143782083813,0.09936365990569906
49862363,1789028342208000000,3577,HEAD_POSE_ESTIMATE,estimated,0.00697965455729177,8.330051897682308,4.648700065830152,-0.3882851884852841,-0.1926418245726824,0.0928538406267259
49876363,1789028342222000000,3578,HEAD_POSE_ESTIMATE,estimated,0.028031633693365476,8.165100142538588,4.635553514680017,-0.357396984247945,-0.15675471673975955,0.08087859835917974
49890363,1789028342236000000,3579,HEAD_POSE_ESTIMATE,estimated,0.032431916903457814,8.003754273754856,4.7189646781712735,-0.3228873112430222,-0.12694394852678584,0.06844590176716714
49904363,1789028342250000000,3580,HEAD_POSE_ESTIMATE,estimated,-0.007493409513878113,7.88055030630014,4.801840595390882,-0.29628081491675434,-0.09959258188476366,0.060109357370692396
49919363,1789028342265000000,3581,HEAD_POSE_ESTIMATE,estimated,-0.03288145377362528,7.761915801710407,4.93253626987465,-0.26634399228729067,-0.06683163141564287,0.05521900137621902
49936363,1789028342282000000,3582,HEAD_POSE_ESTIMATE,estimated,-0.0462808756903601,7.739577229738824,5.110443426352953,-0.2533374986350481,-0.03858443468903904,0.0756768240835731
49948363,1789028342294000000,3583,HEAD_POSE_ESTIMATE,estimated,-0.04870078995473848,7.705906079547563,5.201949210108821,-0.24054051950081182,-0.014026126152407977,0.09311206563664774
49959363,1789028342305000000,3584,HEAD_POSE_ESTIMATE,estimated,-0.05574629640525375,7.733385936502336,5.248748133608959,-0.22743874301724856,0.013199947167442555,0.1214054517034753
49973363,1789028342319000000,3585,HEAD_POSE_ESTIMATE,estimated,-0.07710198364563298,7.70528273220475,5.319696058363233,-0.2114886493018655,0.05505497777543551,0.16372841457290505
49987363,1789028342333000000,3586,HEAD_POSE_ESTIMATE,estimated,-0.1366672841590617,7.6351008382907635,5.473363656750851,-0.19686749608300036,0.09759113914260992,0.2026694770010508
50001363,1789028342347000000,3587,HEAD_POSE_ESTIMATE,estimated,-0.22017522054797833,7.592713241093318,5.531764941575247,-0.18359798317311496,0.13588029503509783,0.2261618492204097
50014363,1789028342360000000,3588,HEAD_POSE_ESTIMATE,estimated,-0.29633550167860684,7.547679677253278,5.605414808096102,-0.1756602734109329,0.1744270928737265,0.2329018442073166
50028363,1789028342374000000,3589,HEAD_POSE_ESTIMATE,estimated,-0.3794851963843344,7.442433328053637,5.741923801429331,-0.15659063846117863,0.20996880391400327,0.23987034883071415
50044363,1789028342390000000,3590,HEAD_POSE_ESTIMATE,estimated,-0.46772740586813116,7.292217078953579,5.781726212436273,-0.12900562987831637,0.2478409437620363,0.2501817648850855
50056363,1789028342402000000,3591,HEAD_POSE_ESTIMATE,estimated,-0.5063117239497231,7.0966436285358245,5.7636909683658715,-0.12241442562930188,0.27144025989340237,0.24936868054683525
50070363,1789028342416000000,3592,HEAD_POSE_ESTIMATE,estimated,-0.5549074166459153,7.044894016281999,5.697600911379784,-0.10742423163660246,0.2951375772600157,0.25644880652403884
50084363,1789028342430000000,3593,HEAD_POSE_ESTIMATE,estimated,-0.6104265285526019,6.923869779198018,5.780821020163515,-0.10804276722443386,0.3149063343667464,0.2494570319800129
50100363,1789028342446000000,3594,HEAD_POSE_ESTIMATE,estimated,-0.6857801503442738,6.861031618574238,5.970643862760825,-0.13723227450005998,0.3270925388447076,0.22367737534018547
50111363,1789028342457000000,3595,HEAD_POSE_ESTIMATE,estimated,-0.7400617374408938,6.795780877087976,6.120374703195549,-0.17131706410709444,0.3348927500055265,0.19067052169358015
50125363,1789028342471000000,3596,HEAD_POSE_ESTIMATE,estimated,-0.79217551983944,6.719412895623082,6.273008241785747,-0.2231221735140874,0.3290196206786581,0.1571151575684677
50140363,1789028342486000000,3597,HEAD_POSE_ESTIMATE,estimated,-0.8507423835523924,6.669369263581693,6.470710607965947,-0.2807720710268837,0.31418890756847306,0.127312143138033
50153363,1789028342499000000,3598,HEAD_POSE_ESTIMATE,estimated,-0.8868447947863525,6.659278935826285,6.675458570699808,-0.33904839378705537,0.2980640450370208,0.10785971229741412
50167363,1789028342513000000,3599,HEAD_POSE_ESTIMATE,estimated,-0.9023974204573628,6.766705357151666,6.7797641431110165,-0.38926689195584174,0.27812568709942764,0.091702321440652
50181363,1789028342527000000,3600,HEAD_POSE_ESTIMATE,estimated,-0.9452913580248784,6.822583623937959,6.968694261913042,-0.43249940694373307,0.25234760289525227,0.07979621485332493
50195363,1789028342541000000,3601,HEAD_POSE_ESTIMATE,estimated,-0.9894263616523225,6.852724420651055,7.160969477436746,-0.4609019612503208,0.2291874864358639,0.0739393749450904
50210363,1789028342556000000,3602,HEAD_POSE_ESTIMATE,estimated,-1.0550064447699403,6.958105828900795,7.3530710115960405,-0.4926987554748407,0.20346889762862838,0.06947044693367298
50224363,1789028342570000000,3603,HEAD_POSE_ESTIMATE,estimated,-1.0763050185590457,7.073933214756995,7.4590485067219845,-0.5267105402083759,0.18461489145587426,0.07126666978985631
50238363,1789028342584000000,3604,HEAD_POSE_ESTIMATE,estimated,-1.120944849885333,7.128861315097125,7.656362570472113,-0.5581690955253521,0.1686079985927188,0.07624706393293297
50251363,1789028342597000000,3605,HEAD_POSE_ESTIMATE,estimated,-1.1729451335815602,7.057713983301183,7.879775982824897,-0.5903147038187525,0.16252929782869874,0.08509898350561124
50266363,1789028342612000000,3606,HEAD_POSE_ESTIMATE,estimated,-1.2164797034142576,7.022882714909545,8.08425687749284,-0.612265139916974,0.1585845278323559,0.09133873478740301
50279363,1789028342625000000,3607,HEAD_POSE_ESTIMATE,estimated,-1.245315882502338,6.948640975857164,8.298631708435211,-0.6169832826312678,0.15685788382307347,0.09246699585592973
50293363,1789028342639000000,3608,HEAD_POSE_ESTIMATE,estimated,-1.2782122536041198,6.907734124669708,8.527215019922403,-0.612591067858165,0.15477807813879355,0.08559180874870677
50307363,1789028342653000000,3609,HEAD_POSE_ESTIMATE,estimated,-1.2882698273644464,6.8217189269738165,8.715927783542414,-0.5976753120862492,0.1562402313557818,0.07618881494801592
50321363,1789028342667000000,3610,HEAD_POSE_ESTIMATE,estimated,-1.2946883547905839,6.7180934610896355,8.866960866891413,-0.5745885685008384,0.15841565448386905,0.07528075739223332
50335363,1789028342681000000,3611,HEAD_POSE_ESTIMATE,estimated,-1.2814988817050659,6.584085416939586,8.929783346276352,-0.5412696284971392,0.1587276704323511,0.08805456840682262
50349363,1789028342695000000,3612,HEAD_POSE_ESTIMATE,estimated,-1.2467160961813604,6.432891505442305,8.952889610913713,-0.5069670912091788,0.16042493541973335,0.10988887528726067
50362363,1789028342708000000,3613,HEAD_POSE_ESTIMATE,estimated,-1.2030329393888444,6.354313196672166,8.913972903514935,-0.4652035128144045,0.15715997223619133,0.12915667579908915
50376363,1789028342722000000,3614,HEAD_POSE_ESTIMATE,estimated,-1.1377812861899441,6.247260822782928,8.874481324592999,-0.4078840979985728,0.1469681060567777,0.156405033932716
50390363,1789028342736000000,3615,HEAD_POSE_ESTIMATE,estimated,-1.0554638528004778,6.160039809164444,8.793267831512015,-0.3598433462375339,0.12943576926634096,0.18417918322166266
50404363,1789028342750000000,3616,HEAD_POSE_ESTIMATE,estimated,-0.984950934297105,6.06326557130118,8.720031172760546,-0.3134359936027491,0.10828470173251477,0.20463407690739258
50417363,1789028342763000000,3617,HEAD_POSE_ESTIMATE,estimated,-0.9045926023509246,6.0209823346591085,8.613186655277124,-0.27277153360795947,0.08783494349325295,0.2134572755820786
50432363,1789028342778000000,3618,HEAD_POSE_ESTIMATE,estimated,-0.8322936647707273,5.999230377490118,8.475527119453657,-0.22620500165763113,0.07060740829496705,0.2139319234414596
50446363,1789028342792000000,3619,HEAD_POSE_ESTIMATE,estimated,-0.7582922306150041,5.922543926797717,8.348783849835083,-0.17965374764974337,0.05975423972506375,0.2064249219249383
50462363,1789028342808000000,3620,HEAD_POSE_ESTIMATE,estimated,-0.6950810422647885,5.838803392198988,8.184398537381913,-0.13468584714993218,0.05095111835954946,0.1885105346247371
50472363,1789028342818000000,3621,HEAD_POSE_ESTIMATE,estimated,-0.6681135624318693,5.743000311982114,8.097378029597605,-0.10936630533214538,0.04692291966658065,0.16943096416210038
50487363,1789028342833000000,3622,HEAD_POSE_ESTIMATE,estimated,-0.6299634969917378,5.658512047579286,7.967588990277728,-0.0875399644967901,0.04466609001909865,0.14627105817543806
50501363,1789028342847000000,3623,HEAD_POSE_ESTIMATE,estimated,-0.6058405603333707,5.587772079760559,7.863884425305292,-0.08001343862695098,0.04550679145805891,0.13712387335531817
50516363,1789028342862000000,3624,HEAD_POSE_ESTIMATE,estimated,-0.5789207159402258,5.53354170839571,7.7674304278974375,-0.07538024310881583,0.04673751342539306,0.12937579600314067
50529363,1789028342875000000,3625,HEAD_POSE_ESTIMATE,estimated,-0.5496740664151538,5.4938189989871855,7.706291029798859,-0.06550318718406128,0.04775266425128208,0.13652094324735894
50543363,1789028342889000000,3626,HEAD_POSE_ESTIMATE,estimated,-0.524831932367213,5.451891897205549,7.656709138353034,-0.052803966261021774,0.048886764260470755,0.12976626359109622
50557363,1789028342903000000,3627,HEAD_POSE_ESTIMATE,estimated,-0.4976515188189973,5.409340228947892,7.620067062936855,-0.04755305047507073,0.04773712576819477,0.11292727968793628
50572363,1789028342918000000,3628,HEAD_POSE_ESTIMATE,estimated,-0.47362871576038645,5.4008398638221236,7.570348940286544,-0.04053487697302846,0.041644718711981825,0.07300282123820634
50584363,1789028342930000000,3629,HEAD_POSE_ESTIMATE,estimated,-0.4497462331615715,5.422149691817793,7.52279000283454,-0.049448706741735605,0.03660877703536564,0.04634262989104428
50598363,1789028342944000000,3630,HEAD_POSE_ESTIMATE,estimated,-0.41994612544269566,5.430481691261804,7.501927188713321,-0.06149086502131577,0.027670586610276354,0.021876786907766736
50612363,1789028342958000000,3631,HEAD_POSE_ESTIMATE,estimated,-0.41336992095437985,5.409633121128157,7.4860378388684845,-0.06766085948482946,0.019021149646258884,0.019906898916292413
50626363,1789028342972000000,3632,HEAD_POSE_ESTIMATE,estimated,-0.4080119581335466,5.372164241813437,7.466141998014978,-0.07249262781191854,0.010171655590737723,0.028789116078221925
50640363,1789028342986000000,3633,HEAD_POSE_ESTIMATE,estimated,-0.42100162491257254,5.324754040425267,7.434446364479016,-0.07775035132913521,0.0008922718292429655,0.04599027017902566
50654363,1789028343000000000,3634,HEAD_POSE_ESTIMATE,estimated,-0.44226597955981733,5.348900454968843,7.4288026350886405,-0.07837722041776582,-0.011257720290894752,0.060746831881670474
50668363,1789028343014000000,3635,HEAD_POSE_ESTIMATE,estimated,-0.47080301563178173,5.37347495484428,7.409752306668469,-0.096635882003173,-0.02511267951102164,0.060553827279071056
50683363,1789028343029000000,3636,HEAD_POSE_ESTIMATE,estimated,-0.468919098008367,5.407517242792069,7.4033108628196995,-0.13037804181920856,-0.038850319867578594,0.03980056372523906
50695363,1789028343041000000,3637,HEAD_POSE_ESTIMATE,estimated,-0.47527556546481897,5.431236709813851,7.397862060953376,-0.1644696116048841,-0.046499311621372046,0.0112287073311169
50709363,1789028343055000000,3638,HEAD_POSE_ESTIMATE,estimated,-0.5027244500747668,5.4332766508614005,7.417339147513211,-0.19403993590139046,-0.053423081072849994,-0.025440539520500408
50723363,1789028343069000000,3639,HEAD_POSE_ESTIMATE,estimated,-0.5613269588315872,5.453507545092398,7.464970697844303,-0.23061551334452715,-0.05419204614457273,-0.07114191100655361
50736363,1789028343082000000,3640,HEAD_POSE_ESTIMATE,estimated,-0.6150698602561682,5.486967896281267,7.520886428957251,-0.27454401832218817,-0.0510772664878223,-0.10651765789021762
50750363,1789028343096000000,3641,HEAD_POSE_ESTIMATE,estimated,-0.6674341845283907,5.510911479356464,7.595618873767125,-0.3353168854188237,-0.04413740252948194,-0.13806408622571675
50765363,1789028343111000000,3642,HEAD_POSE_ESTIMATE,estimated,-0.7226481791430177,5.530420519265109,7.692352113715611,-0.3884656782427134,-0.03316996940363839,-0.14950355672841129
50778363,1789028343124000000,3643,HEAD_POSE_ESTIMATE,estimated,-0.7518608070692191,5.487966129383574,7.754826718907701,-0.41527162223582514,-0.020138997837346906,-0.14532434475758543
50792363,1789028343138000000,3644,HEAD_POSE_ESTIMATE,estimated,-0.759409315561711,5.46716518408315,7.816736604586012,-0.4157778408397121,-0.008371504799567601,-0.11915856878397214
50806363,1789028343152000000,3645,HEAD_POSE_ESTIMATE,estimated,-0.7592999935563451,5.368980330313087,7.890463375565436,-0.39708882887574204,-0.002774008209213588,-0.09606769659857835
50819363,1789028343165000000,3646,HEAD_POSE_ESTIMATE,estimated,-0.7650114960129337,5.276127097705339,7.984768581645759,-0.37109205379009397,-0.004794443290389019,-0.07707963543076873
50834363,1789028343180000000,3647,HEAD_POSE_ESTIMATE,estimated,-0.772706318810127,5.168504336150319,8.07320931878637,-0.3593834474212758,-0.013251406478379659,-0.06781392293474238
50848363,1789028343194000000,3648,HEAD_POSE_ESTIMATE,estimated,-0.7785935673791038,5.13053549883656,8.109538690990854,-0.36795807477530923,-0.026146535799391416,-0.05787944177527505
50863363,1789028343209000000,3649,HEAD_POSE_ESTIMATE,estimated,-0.779061228013627,5.106078400121895,8.126224692428721,-0.38176480227367754,-0.038985113187287965,-0.05104616114555589
50879363,1789028343225000000,3650,HEAD_POSE_ESTIMATE,estimated,-0.7664574620457533,5.0995043719749535,8.127245706978659,-0.40921322070575616,-0.04873279705260569,-0.04258761545948458
50890363,1789028343236000000,3651,HEAD_POSE_ESTIMATE,estimated,-0.7279680988095155,5.000662900175346,8.10675646141163,-0.41920586737582605,-0.051404277384481556,-0.024090770034245125
50905363,1789028343251000000,3652,HEAD_POSE_ESTIMATE,estimated,-0.6782565039274208,4.922717256077974,8.09169160796538,-0.43446815218067636,-0.048478065320437004,-0.001215409625012973
50919363,1789028343265000000,3653,HEAD_POSE_ESTIMATE,estimated,-0.6530264714898499,4.852197543252969,8.082030559997968,-0.45329985378287146,-0.04172302832368679,0.008300403778074672
50933363,1789028343279000000,3654,HEAD_POSE_ESTIMATE,estimated,-0.6309835679443078,4.844037184369044,8.083139473492176,-0.46982820395113684,-0.02929374224508767,0.005892833608785662
50947363,1789028343293000000,3655,HEAD_POSE_ESTIMATE,estimated,-0.6092057833116992,4.840310712432485,8.070186384483451,-0.486518695099202,-0.016365795481267157,-0.004647306167940409
50962363,1789028343308000000,3656,HEAD_POSE_ESTIMATE,estimated,-0.5960081491064436,4.8810598902883875,8.042096482080224,-0.5155840892252074,-0.0026651760007847893,-0.026837805687407946
50974363,1789028343320000000,3657,HEAD_POSE_ESTIMATE,estimated,-0.5838723864508498,4.9169423512574735,8.02664829977925,-0.5403434875948488,0.0041004432364749365,-0.053444942404381655
50988363,1789028343334000000,3658,HEAD_POSE_ESTIMATE,estimated,-0.5927817298477139,4.971193926235485,8.021837622925874,-0.6003538907797012,0.005238095559068496,-0.07633872793158301
51000363,1789028343346000000,3659,HEAD_POSE_ESTIMATE,estimated,-0.6094815085928064,4.916739695422743,8.048697793906793,-0.6539982924657789,-0.0015936675813010897,-0.08896505933643527
51015363,1789028343361000000,3660,HEAD_POSE_ESTIMATE,estimated,-0.6328702119083764,4.997241255313805,8.124577994432736,-0.718958353817952,-0.010692905063936027,-0.10448788761534349
51029363,1789028343375000000,3661,HEAD_POSE_ESTIMATE,estimated,-0.6475785011516301,5.081018326905205,8.236615562003783,-0.7657247160546262,-0.017353459317252427,-0.12229678949022485
51044363,1789028343390000000,3662,HEAD_POSE_ESTIMATE,estimated,-0.6525555572194047,5.156260941638032,8.396941583417064,-0.8051840212080568,-0.02284758099770935,-0.1426922203971608
51056363,1789028343402000000,3663,HEAD_POSE_ESTIMATE,estimated,-0.6476584933090036,5.2119902985864055,8.517863134517864,-0.8216866808480919,-0.027411634007999907,-0.16439642783961742
51070363,1789028343416000000,3664,HEAD_POSE_ESTIMATE,estimated,-0.6420190725681891,5.3045430652611705,8.605463685864166,-0.8302311219451538,-0.033741343462447206,-0.1904232791284148
51084363,1789028343430000000,3665,HEAD_POSE_ESTIMATE,estimated,-0.640313015881609,5.302820714289058,8.697266105039942,-0.8182789781544769,-0.04163100970363638,-0.20170674921640608
51099363,1789028343445000000,3666,HEAD_POSE_ESTIMATE,estimated,-0.6423593207058734,5.334581091228964,8.776359113617307,-0.7809530572479354,-0.049610886101948276,-0.1975952003562073
51112363,1789028343458000000,3667,HEAD_POSE_ESTIMATE,estimated,-0.6472403650833535,5.291769131225917,8.875577055570801,-0.7344077202939162,-0.05597532162424342,-0.1895390382435808
51127363,1789028343473000000,3668,HEAD_POSE_ESTIMATE,estimated,-0.6741491964247986,5.4380786282776485,9.032984853342413,-0.6833024979496861,-0.05704893575083159,-0.17170530857054064
51140363,1789028343486000000,3669,HEAD_POSE_ESTIMATE,estimated,-0.6667515094006646,5.460506476317691,9.162448047888654,-0.6423441392365956,-0.062087111392245355,-0.16246957705462628
51154363,1789028343500000000,3670,HEAD_POSE_ESTIMATE,estimated,-0.6811975648958742,5.692597386933501,9.296748105454098,-0.6229244723014629,-0.07162224116744646,-0.15354066880473388
51168363,1789028343514000000,3671,HEAD_POSE_ESTIMATE,estimated,-0.6670211279384194,5.538709663503276,9.511206265125624,-0.5786491281624111,-0.07625953603201167,-0.14443548024925326
51183363,1789028343529000000,3672,HEAD_POSE_ESTIMATE,estimated,-0.6652169221415253,5.533880083900188,9.68747594550402,-0.5142804143260331,-0.09083013552400844,-0.1448285448482321
51196363,1789028343542000000,3673,HEAD_POSE_ESTIMATE,estimated,-0.6799888965789777,5.506747177824889,9.828443133181384,-0.44305744727443214,-0.10766189492342344,-0.15457534022283523
51210363,1789028343556000000,3674,HEAD_POSE_ESTIMATE,estimated,-0.7461749111267801,5.42442519884335,9.989485952583875,-0.35283792466072067,-0.12846718897472773,-0.1754465057549205
51224363,1789028343570000000,3675,HEAD_POSE_ESTIMATE,estimated,-0.8051269183078376,5.328593413212582,10.16614429804486,-0.27845503504515945,-0.15335090685159664,-0.19725958160903906
51242363,1789028343588000000,3676,HEAD_POSE_ESTIMATE,estimated,-0.8599215441142848,5.391797381340933,10.340265988112654,-0.21467008272201016,-0.1903526685077816,-0.21691659735257754
51264363,1789028343610000000,3677,HEAD_POSE_ESTIMATE,estimated,-0.8942653620431128,5.4814262937592515,10.513765763163692,-0.172488934261066,-0.22231638489170985,-0.21903180140639716
51276363,1789028343622000000,3678,HEAD_POSE_ESTIMATE,estimated,-0.8853132882216946,5.514316375902838,10.552534603292395,-0.1568359994825888,-0.23038120802043935,-0.1999942810153091
51291363,1789028343637000000,3679,HEAD_POSE_ESTIMATE,estimated,-0.9002577886966562,5.532123024020417,10.51209633556799,-0.12701761786391724,-0.22681117813315507,-0.16408818466778421
51305363,1789028343651000000,3680,HEAD_POSE_ESTIMATE,estimated,-0.8954365136669654,5.476828880348781,10.440477512983986,-0.09449553283215907,-0.20516011299116585,-0.1317245220797919
51319363,1789028343665000000,3681,HEAD_POSE_ESTIMATE,estimated,-0.8801498849019538,5.403969987851062,10.369278470443831,-0.05271578512819601,-0.17025906714305739,-0.1030756242707057
51333363,1789028343679000000,3682,HEAD_POSE_ESTIMATE,estimated,-0.8556401174449231,5.371425093804362,10.29247095950751,0.002337215733267357,-0.1255734112882755,-0.07212387294834535
51347363,1789028343693000000,3683,HEAD_POSE_ESTIMATE,estimated,-0.8429308554352487,5.482237626960165,10.23632321009969,0.0617848551310872,-0.07732622158788346,-0.04669809606555808
51360363,1789028343706000000,3684,HEAD_POSE_ESTIMATE,estimated,-0.7695191854929831,5.351874025229515,10.107563110327002,0.09167744659208021,-0.04143235574683631,-0.032791255739721734
51375363,1789028343721000000,3685,HEAD_POSE_ESTIMATE,estimated,-0.7040093292202121,5.312505604059254,9.957187819069562,0.14403306603008062,0.008929001791228654,-0.012045726196855903
51389363,1789028343735000000,3686,HEAD_POSE_ESTIMATE,estimated,-0.6325591493360716,5.058311420003414,9.8189929278706,0.1652660048056706,0.02664676756669377,-0.01773996037482288
51403363,1789028343749000000,3687,HEAD_POSE_ESTIMATE,estimated,-0.6156288162982732,5.075546164070413,9.602080281455976,0.18729344201463044,0.03615432227915804,-0.029183802230207435
51417363,1789028343763000000,3688,HEAD_POSE_ESTIMATE,estimated,-0.6057640961191875,5.073574814540449,9.419429732389995,0.19736162205742752,0.028029486826005204,-0.05124596932793919
51431363,1789028343777000000,3689,HEAD_POSE_ESTIMATE,estimated,-0.6189026498888693,5.0699870130577,9.251977051131625,0.19111329909490762,0.00863246989791641,-0.0787053410976153
51446363,1789028343792000000,3690,HEAD_POSE_ESTIMATE,estimated,-0.6347083640349276,5.11961536856432,9.086231222325706,0.1944945779698442,-0.012781731503710241,-0.09881989122673843
51459363,1789028343805000000,3691,HEAD_POSE_ESTIMATE,estimated,-0.6434735037371555,5.183912680016825,8.926627588193037,0.21514062743850704,-0.03524156327631733,-0.1063543943714475
51473363,1789028343819000000,3692,HEAD_POSE_ESTIMATE,estimated,-0.6458235475850874,5.289527500968536,8.7178456131652,0.2715630333178855,-0.05034588729425651,-0.09622243060693397
51487363,1789028343833000000,3693,HEAD_POSE_ESTIMATE,estimated,-0.6551454341444226,5.31787067386451,8.494847771461362,0.34389369825681415,-0.0640585397449372,-0.08398375865433692
51501363,1789028343847000000,3694,HEAD_POSE_ESTIMATE,estimated,-0.6607948133078897,5.303773963688435,8.283102104566435,0.4200776493129786,-0.0678295598666148,-0.06776945945394874
51515363,1789028343861000000,3695,HEAD_POSE_ESTIMATE,estimated,-0.6706341070452626,5.2364839979727025,8.079050913312408,0.4890076309882528,-0.06023045999079342,-0.05028380917368197
51529363,1789028343875000000,3696,HEAD_POSE_ESTIMATE,estimated,-0.6704135198070784,5.266379791647441,7.911420211750862,0.5240107013142501,-0.05217819093319067,-0.0361121729737921
51543363,1789028343889000000,3697,HEAD_POSE_ESTIMATE,estimated,-0.650561071961341,5.340577704774607,7.740449838933489,0.5204124756462324,-0.040323919658246346,-0.02260631780531785
51557363,1789028343903000000,3698,HEAD_POSE_ESTIMATE,estimated,-0.6113073931683977,5.418667268023317,7.591452339662597,0.48119290345914184,-0.02759430295289682,-0.012581383873710592
51570363,1789028343916000000,3699,HEAD_POSE_ESTIMATE,estimated,-0.572112291653737,5.477268363754467,7.469975022377784,0.4335815559056139,-0.018728977009553935,-0.0025819613601844632
51585363,1789028343931000000,3700,HEAD_POSE_ESTIMATE,estimated,-0.5253639089714501,5.517702946832469,7.306838330396211,0.3791802138281116,-0.01300009742931958,0.00611004785231063
51599363,1789028343945000000,3701,HEAD_POSE_ESTIMATE,estimated,-0.49304499894099457,5.5386529609289985,7.188467973348479,0.323985629478076,-0.007896621849080732,0.013520887418540926
51612363,1789028343958000000,3702,HEAD_POSE_ESTIMATE,estimated,-0.4813157859435548,5.592746851131678,7.078959389111155,0.2853339858608177,-0.0058330936661412335,0.018433869949102143
51627363,1789028343973000000,3703,HEAD_POSE_ESTIMATE,estimated,-0.4719861107035226,5.7138792101726565,6.988730308173865,0.24324836626077362,-0.0018629572917951015,0.020133624813137647
51640363,1789028343986000000,3704,HEAD_POSE_ESTIMATE,estimated,-0.47088895929734725,5.8182354144269866,6.922500160447694,0.2153870162481038,0.0004194033267425983,0.017480389529684632
51654363,1789028344000000000,3705,HEAD_POSE_ESTIMATE,estimated,-0.4787545867403222,5.91951196331169,6.8378080869822275,0.20577251190060053,0.00405472928785654,0.018393384203257136
51668363,1789028344014000000,3706,HEAD_POSE_ESTIMATE,estimated,-0.48342239742770565,5.940049184017424,6.77285480295626,0.20267690078600012,0.004926220736470693,0.019234323208755923
51681363,1789028344027000000,3707,HEAD_POSE_ESTIMATE,estimated,-0.4905062952808012,5.938489294659263,6.710055970950274,0.21027020410560007,0.011078366565739446,0.022268873346107963
51696363,1789028344042000000,3708,HEAD_POSE_ESTIMATE,estimated,-0.5131213804894915,5.956820260347744,6.615167959933314,0.21739241626839179,0.021909928851701028,0.027325605938779883
51710363,1789028344056000000,3709,HEAD_POSE_ESTIMATE,estimated,-0.5267710028297062,5.916839095117314,6.560913763138345,0.22525735066462615,0.037737369998643605,0.03413500248497066
51724363,1789028344070000000,3710,HEAD_POSE_ESTIMATE,estimated,-0.5453664969610456,5.863418801555775,6.535788440855072,0.23094561411965858,0.057954006900900655,0.0434900309680438
51737363,1789028344083000000,3711,HEAD_POSE_ESTIMATE,estimated,-0.5576259048939042,5.838712726732432,6.494143487544514,0.2252574485332617,0.08096869118634742,0.05745072051761199
51751363,1789028344097000000,3712,HEAD_POSE_ESTIMATE,estimated,-0.5472672432738647,5.857610094647134,6.467777316830517,0.21447604046179022,0.10445057827749524,0.07537048104502782
51765363,1789028344111000000,3713,HEAD_POSE_ESTIMATE,estimated,-0.5431061750110748,5.814309248989172,6.445004125866466,0.20807783404595928,0.12745419686389628,0.09590005089380423
51781363,1789028344127000000,3714,HEAD_POSE_ESTIMATE,estimated,-0.5394121822605515,5.714634826791745,6.470929299870852,0.2041321884989623,0.1522950743669262,0.12093937060458096
51795363,1789028344141000000,3715,HEAD_POSE_ESTIMATE,estimated,-0.5304528012778998,5.627089762455499,6.497530446313291,0.190520471544859,0.16896186496449953,0.13437652828423016
51806363,1789028344152000000,3716,HEAD_POSE_ESTIMATE,estimated,-0.5296323090024861,5.607145914552534,6.510102733669755,0.17303778204906792,0.18026621929307332,0.1411497445568949
51820363,1789028344166000000,3717,HEAD_POSE_ESTIMATE,estimated,-0.5333248817061994,5.609489949637541,6.582132551334481,0.12947393153917905,0.18853485524941088,0.1377203229213197
51834363,1789028344180000000,3718,HEAD_POSE_ESTIMATE,estimated,-0.5416235089128708,5.665019329707849,6.679109925325009,0.07191809136788774,0.19146233823830602,0.1288575373638893
51848363,1789028344194000000,3719,HEAD_POSE_ESTIMATE,estimated,-0.550321047548106,5.70852112943408,6.808706553426576,0.02068762557150425,0.1929651721183236,0.11996168841408295
51862363,1789028344208000000,3720,HEAD_POSE_ESTIMATE,estimated,-0.5670649689166697,5.7427085859929345,6.966950846647759,-0.02146090184004302,0.19271197489001426,0.1139247852215255
51876363,1789028344222000000,3721,HEAD_POSE_ESTIMATE,estimated,-0.5902377888120209,5.764092946326275,7.15033889123763,-0.059015879131488466,0.18678486869822317,0.10262958415368367
51891363,1789028344237000000,3722,HEAD_POSE_ESTIMATE,estimated,-0.6293980118176806,5.729250944478862,7.393746875927012,-0.09014609729613804,0.18261421014788784,0.0945342404503279
51904363,1789028344250000000,3723,HEAD_POSE_ESTIMATE,estimated,-0.6789726475715454,5.752980592140536,7.584598276970094,-0.11173701836264721,0.17169264519641125,0.08298805147963924
51917363,1789028344263000000,3724,HEAD_POSE_ESTIMATE,estimated,-0.736096127380664,5.751907568919091,7.778543270371562,-0.12755325236290693,0.15680427315362624,0.06953918555403908
51931363,1789028344277000000,3725,HEAD_POSE_ESTIMATE,estimated,-0.7856897049198545,5.661840002713013,7.995340392307363,-0.15521180600604975,0.1365514760071542,0.04776974235951276
51945363,1789028344291000000,3726,HEAD_POSE_ESTIMATE,estimated,-0.8479183760822022,5.616323619726788,8.154802235777947,-0.1701427203921774,0.11448854285861518,0.029631767926603984
51959363,1789028344305000000,3727,HEAD_POSE_ESTIMATE,estimated,-0.9004751131528013,5.551134723737943,8.29519282170558,-0.1654167265989629,0.0924091610224112,0.01731348464634062
51973363,1789028344319000000,3728,HEAD_POSE_ESTIMATE,estimated,-0.9441591681925303,5.430659685869078,8.407865017101507,-0.14426000025952235,0.07293682438183197,0.011514579167403874
51987363,1789028344333000000,3729,HEAD_POSE_ESTIMATE,estimated,-0.987060028664242,5.261693441405361,8.519649704558033,-0.11151913459983592,0.05666172533663077,0.015222100133324451
52001363,1789028344347000000,3730,HEAD_POSE_ESTIMATE,estimated,-1.0170248552458885,5.083087771162706,8.618414976165765,-0.0766827465439599,0.04573583102862629,0.02292499581296207
52015363,1789028344361000000,3731,HEAD_POSE_ESTIMATE,estimated,-1.0288360743166394,4.946443258731417,8.648116446300643,-0.04402609908798573,0.04137014172460565,0.040729375163418784
52029363,1789028344375000000,3732,HEAD_POSE_ESTIMATE,estimated,-1.0205371657253337,4.788348230776702,8.679121710002224,-0.02259936420353086,0.039927382034822094,0.05900166184773503
52044363,1789028344390000000,3733,HEAD_POSE_ESTIMATE,estimated,-0.9911158615790381,4.663621588340517,8.653470236223885,-0.0019908529496543608,0.042599819274541866,0.09025934761320285
52056363,1789028344402000000,3734,HEAD_POSE_ESTIMATE,estimated,-0.9571115038089947,4.545661187027814,8.638336099407145,0.007152123216012263,0.048677442109360536,0.12468692219523297
52070363,1789028344416000000,3735,HEAD_POSE_ESTIMATE,estimated,-0.9033269678936787,4.364940579223678,8.631665123022565,0.007514237007655428,0.05434448514677906,0.16526354535681217
52083363,1789028344429000000,3736,HEAD_POSE_ESTIMATE,estimated,-0.8607618501002876,4.214430232158632,8.61471841034989,-0.005441066185219603,0.06170739315805808,0.20224347538846074
52098363,1789028344444000000,3737,HEAD_POSE_ESTIMATE,estimated,-0.8123506077949016,4.040143335964813,8.60466786066857,-0.02826019088778799,0.07151495478237474,0.23995596639264785
52112363,1789028344458000000,3738,HEAD_POSE_ESTIMATE,estimated,-0.7651611216959214,3.881544351504993,8.587652064786955,-0.0676613462574511,0.07797738366580821,0.25871559588151455
52126363,1789028344472000000,3739,HEAD_POSE_ESTIMATE,estimated,-0.7158796441374389,3.7916786887473513,8.582105058042023,-0.11472749708645981,0.09198009013105066,0.2818310578967831
52141363,1789028344487000000,3740,HEAD_POSE_ESTIMATE,estimated,-0.6647412015611817,3.718331175477839,8.599096671741302,-0.16403838822685518,0.10561948232418145,0.29739015643954786
52153363,1789028344499000000,3741,HEAD_POSE_ESTIMATE,estimated,-0.6332088560326429,3.6939504896250908,8.548962437351472,-0.18786389183378918,0.11264313977773205,0.3046002857393653
52168363,1789028344514000000,3742,HEAD_POSE_ESTIMATE,estimated,-0.6213051866701185,3.735921393308729,8.52095996828327,-0.21475763620720792,0.1171006785567317,0.2971931912168594
52182363,1789028344528000000,3743,HEAD_POSE_ESTIMATE,estimated,-0.6241232584504316,3.7716942397224513,8.557905884231582,-0.24212026727934272,0.11130703855007852,0.26072709661484667
52196363,1789028344542000000,3744,HEAD_POSE_ESTIMATE,estimated,-0.6331295931323908,3.821041312947845,8.601601371945597,-0.27219558850528225,0.10190475999946899,0.21951992681951274
52210363,1789028344556000000,3745,HEAD_POSE_ESTIMATE,estimated,-0.6561922036762767,3.8942542459537695,8.683443173198844,-0.29719519117457643,0.09095135394476865,0.1814276861941131
52223363,1789028344569000000,3746,HEAD_POSE_ESTIMATE,estimated,-0.6729972290678904,3.9546556782043387,8.869334130506006,-0.3353577664444806,0.06613488193056627,0.12831391803451883
52238363,1789028344584000000,3747,HEAD_POSE_ESTIMATE,estimated,-0.6959475251917395,4.070314029392059,9.005261913847633,-0.34779111965855203,0.03751224430771947,0.08925021172230395
52254363,1789028344600000000,3748,HEAD_POSE_ESTIMATE,estimated,-0.7218902221239015,4.18712536854105,9.15174209302696,-0.34370902641708956,0.011255015779879255,0.08025813251619564
52264363,1789028344610000000,3749,HEAD_POSE_ESTIMATE,estimated,-0.7383422483602099,4.268242257328351,9.245200544225662,-0.333392379437468,-0.0018222565925615016,0.07547234331800523
52278363,1789028344624000000,3750,HEAD_POSE_ESTIMATE,estimated,-0.7554676226951341,4.303256124197539,9.40905162635524,-0.29573126315175935,-0.01360911606668571,0.09889991463038149
52293363,1789028344639000000,3751,HEAD_POSE_ESTIMATE,estimated,-0.7746974834427873,4.359432426408123,9.527791043337265,-0.25317816503094087,-0.01745109264129807,0.13240290746276628
52302363,1789028344648000000,3752,HEAD_POSE_ESTIMATE,estimated,-0.7873771601449822,4.390130584207807,9.579995514939725,-0.2238369183571352,-0.012670199204035379,0.1478066074688714
52316363,1789028344662000000,3753,HEAD_POSE_ESTIMATE,estimated,-0.7933532343354153,4.443899705327797,9.687201849532023,-0.17062049723952943,0.003810006121152688,0.18830565733897772
52336363,1789028344682000000,3754,HEAD_POSE_ESTIMATE,estimated,-0.7997788575905536,4.4998593924586485,9.776806839465984,-0.10029916385682315,0.027341747626927326,0.21235641885330314
52348363,1789028344694000000,3755,HEAD_POSE_ESTIMATE,estimated,-0.8005635885739302,4.507261919937733,9.846579305693744,-0.047079884242459555,0.044548941228147905,0.2165184859564617
52358363,1789028344704000000,3756,HEAD_POSE_ESTIMATE,estimated,-0.8064484708956459,4.485196910977736,9.863205355376039,-0.011609294025768076,0.0596138707170762,0.21459976702945902
52372363,1789028344718000000,3757,HEAD_POSE_ESTIMATE,estimated,-0.8377977160088077,4.495043607819439,9.867708075304117,0.041252693956148286,0.08586549362298065,0.20758533797400683
52387363,1789028344733000000,3758,HEAD_POSE_ESTIMATE,estimated,-0.8683944078905598,4.482976891081335,9.848038623991032,0.07853835185700649,0.11527139335372087,0.18362713317425244
52400363,1789028344746000000,3759,HEAD_POSE_ESTIMATE,estimated,-0.9068115334934044,4.492778323903138,9.821988593719194,0.09436023055145573,0.1387499365631034,0.16120505383974842
52414363,1789028344760000000,3760,HEAD_POSE_ESTIMATE,estimated,-0.9378940811246931,4.5166922616577905,9.761841470261535,0.10158373627335229,0.16215863771873465,0.14365380491756416
52429363,1789028344775000000,3761,HEAD_POSE_ESTIMATE,estimated,-0.966649735177767,4.501271443953015,9.756987844967643,0.10156805809034054,0.1838720575107151,0.127675080524388
52444363,1789028344790000000,3762,HEAD_POSE_ESTIMATE,estimated,-0.9955662175905042,4.461797291784336,9.732488109338437,0.10460840862808282,0.2060114318002908,0.1165414668923274
52458363,1789028344804000000,3763,HEAD_POSE_ESTIMATE,estimated,-1.0139115836516923,4.456801332917389,9.60612103275641,0.11130915527182379,0.2241076197733952,0.11735461787239929
52471363,1789028344817000000,3764,HEAD_POSE_ESTIMATE,estimated,-1.0202810494123336,4.439291915977686,9.486653471482567,0.12517614098321198,0.24035053154205743,0.12471279378609094
52485363,1789028344831000000,3765,HEAD_POSE_ESTIMATE,estimated,-1.0161161267043923,4.401930186156689,9.387688279651885,0.1482938981000889,0.2557111137837569,0.12852488114188054
52499363,1789028344845000000,3766,HEAD_POSE_ESTIMATE,estimated,-1.0161330376195497,4.369773851527316,9.27527197500723,0.16195727156889278,0.2619516850634727,0.12818140083847385
52513363,1789028344859000000,3767,HEAD_POSE_ESTIMATE,estimated,-0.9546195618994523,4.356602550817609,9.095430586372451,0.20667695973232134,0.2735506952286518,0.13711175299159833
52527363,1789028344873000000,3768,HEAD_POSE_ESTIMATE,estimated,-0.9775269529852266,4.374168262042238,9.013560314451452,0.22069851591971096,0.26384078783057746,0.1354548103005251
52541363,1789028344887000000,3769,HEAD_POSE_ESTIMATE,estimated,-0.9826780460578028,4.391639721270235,8.91487763047574,0.24619489807952405,0.24615117243976076,0.1292536086610469
52556363,1789028344902000000,3770,HEAD_POSE_ESTIMATE,estimated,-0.9672226865395444,4.366807090185398,8.821535604066785,0.28013021111172276,0.22156958007690472,0.1149720883290407
52570363,1789028344916000000,3771,HEAD_POSE_ESTIMATE,estimated,-0.9473038161977337,4.3745340472570176,8.720644455259531,0.3093087008693988,0.1911989627227855,0.08761033165621318
52584363,1789028344930000000,3772,HEAD_POSE_ESTIMATE,estimated,-0.9382804222479071,4.3849742858344545,8.639141949623113,0.3234452576986012,0.15849626438332473,0.06578837399901906
52598363,1789028344944000000,3773,HEAD_POSE_ESTIMATE,estimated,-0.9244516422775071,4.395750111251296,8.567280975648202,0.3260017935863106,0.12433569360942205,0.05332787940796758
52626363,1789028344972000000,3774,HEAD_POSE_ESTIMATE,estimated,-0.9154118568677877,4.49539669654154,8.508945739993672,0.30808558103223194,0.07159952828591302,0.07257046957025513
52637363,1789028344983000000,3775,HEAD_POSE_ESTIMATE,estimated,-0.9304812188724093,4.62398738460766,8.457372235179392,0.2919134408618118,0.06030358561440148,0.09982600936277444
52651363,1789028344997000000,3776,HEAD_POSE_ESTIMATE,estimated,-0.915374855481721,4.6931181614640005,8.44506677686899,0.277423909685788,0.055466498565175944,0.14032639849655973
52666363,1789028345012000000,3777,HEAD_POSE_ESTIMATE,estimated,-0.8982386903949205,4.76626120784768,8.435978223800051,0.24744193237749976,0.06294090233883029,0.1708981290311814
52682363,1789028345028000000,3778,HEAD_POSE_ESTIMATE,estimated,-0.8670953275507297,4.845360425739163,8.469051038103967,0.21237426371781018,0.07822146121400822,0.1800842167776887
52694363,1789028345040000000,3779,HEAD_POSE_ESTIMATE,estimated,-0.8483330840039042,4.913117708226948,8.48317114496658,0.1784450790187782,0.09682297010559464,0.1695670586062119
52708363,1789028345054000000,3780,HEAD_POSE_ESTIMATE,estimated,-0.831208701672345,5.008031383294585,8.511538939549261,0.1395551584513446,0.11715325297492073,0.14722209756478274
52722363,1789028345068000000,3781,HEAD_POSE_ESTIMATE,estimated,-0.8160716950687814,5.084438441188565,8.52344178979781,0.09610190195164467,0.1379924446332844,0.10698413515674465
52736363,1789028345082000000,3782,HEAD_POSE_ESTIMATE,estimated,-0.8577284381740604,5.158050953823038,8.57479477532736,0.07587620478644476,0.16038113645807126,0.09635824483736438
52750363,1789028345096000000,3783,HEAD_POSE_ESTIMATE,estimated,-0.927383272297176,5.2687733912780175,8.628092708942399,0.07609646859954608,0.1896962825082238,0.08841617721774121
52764363,1789028345110000000,3784,HEAD_POSE_ESTIMATE,estimated,-0.9528399609043844,5.321588526082743,8.628374620895059,0.06910419086834543,0.21403477333187343,0.07992908524631982
52779363,1789028345125000000,3785,HEAD_POSE_ESTIMATE,estimated,-0.9510142303035862,5.37538831675975,8.6161894290899,0.06440720329021259,0.23408135967995877,0.07692254935269197
52792363,1789028345138000000,3786,HEAD_POSE_ESTIMATE,estimated,-0.9502746393748437,5.40035827603394,8.586953187877121,0.05610396245624341,0.24784740503665548,0.08417586670241109
52807363,1789028345153000000,3787,HEAD_POSE_ESTIMATE,estimated,-0.9598089462004294,5.434922079163892,8.556422771752862,0.06580354475487217,0.2545203657658595,0.09221961295507222
52821363,1789028345167000000,3788,HEAD_POSE_ESTIMATE,estimated,-0.9703983003601755,5.466728169267547,8.512889619228696,0.08680859926626146,0.25258850580645564,0.10168918528565021
52834363,1789028345180000000,3789,HEAD_POSE_ESTIMATE,estimated,-0.9903871604654088,5.502741610903995,8.475093205249527,0.11478240845970632,0.24410174082566227,0.10870458545862566
52848363,1789028345194000000,3790,HEAD_POSE_ESTIMATE,estimated,-1.0181768438377057,5.539656666338006,8.407177312927598,0.15442641750212857,0.2285522172048892,0.11291564942802072
52862363,1789028345208000000,3791,HEAD_POSE_ESTIMATE,estimated,-1.0555036830088738,5.592228624234643,8.33154977821828,0.1923229313279547,0.2064472417001352,0.1109431620930793
52876363,1789028345222000000,3792,HEAD_POSE_ESTIMATE,estimated,-1.0803022334329828,5.647763572234888,8.25688204724103,0.22555821944658866,0.18092520366407258,0.10357117726280617
52890363,1789028345236000000,3793,HEAD_POSE_ESTIMATE,estimated,-1.1018507269247553,5.685799978719,8.150540133073683,0.25022098446121216,0.15176560724565868,0.10123300636755654
52905363,1789028345251000000,3794,HEAD_POSE_ESTIMATE,estimated,-1.1156988714051537,5.7392135203819885,8.039853409910787,0.272841655110142,0.1242100049951,0.10950736930652742
52918363,1789028345264000000,3795,HEAD_POSE_ESTIMATE,estimated,-1.127983781682407,5.771420356761045,7.942058022337365,0.29174386751068315,0.09939435831094638,0.12259245858534212
52932363,1789028345278000000,3796,HEAD_POSE_ESTIMATE,estimated,-1.1526400574946112,5.813217332637526,7.85816301400988,0.3133793455690476,0.0801998620064625,0.14401918315434376
52946363,1789028345292000000,3797,HEAD_POSE_ESTIMATE,estimated,-1.197959116897029,5.870522819792454,7.788606635855757,0.3255736415700478,0.06352706323241912,0.1557468842902974
52960363,1789028345306000000,3798,HEAD_POSE_ESTIMATE,estimated,-1.2309454741399122,5.936960196913059,7.723651969249426,0.3305131178046751,0.05139446509748711,0.15763849516754577
52973363,1789028345319000000,3799,HEAD_POSE_ESTIMATE,estimated,-1.2466917978732313,5.996970025972592,7.672055127829697,0.33248471712573135,0.03843887922488418,0.14180660340652493
52987363,1789028345333000000,3800,HEAD_POSE_ESTIMATE,estimated,-1.2493471278216102,6.04129354139397,7.6232518561883555,0.3232183373085636,0.034564735129861406,0.12733796039764217
53001363,1789028345347000000,3801,HEAD_POSE_ESTIMATE,estimated,-1.253761432098707,6.109030275400423,7.580296050416559,0.3095605422876756,0.03874907274239035,0.11852907816936976
53015363,1789028345361000000,3802,HEAD_POSE_ESTIMATE,estimated,-1.2591759694997586,6.140149465822997,7.546645912733956,0.2957936663513512,0.05488953578382632,0.12155799403384784
53029363,1789028345375000000,3803,HEAD_POSE_ESTIMATE,estimated,-1.2382823921616763,6.1145131531611785,7.53354604479857,0.2797032602359884,0.08161373205928844,0.13495358828161658
53044363,1789028345390000000,3804,HEAD_POSE_ESTIMATE,estimated,-1.2203798971072797,6.055192428459236,7.531262629289266,0.2654125237967899,0.12210910882962316,0.1637881122334691
53056363,1789028345402000000,3805,HEAD_POSE_ESTIMATE,estimated,-1.2079445844854175,6.014820254767111,7.532827799012801,0.25778458349015065,0.16404277822456362,0.19801566814211133
53070363,1789028345416000000,3806,HEAD_POSE_ESTIMATE,estimated,-1.1923532894884123,5.971449554885624,7.5364903169899,0.25698665386370195,0.21336687735862336,0.24562258556646743
53085363,1789028345431000000,3807,HEAD_POSE_ESTIMATE,estimated,-1.1720665860753432,5.913820750663063,7.542466319482554,0.24956848891793734,0.26650020274807457,0.2921479680739638
53100363,1789028345446000000,3808,HEAD_POSE_ESTIMATE,estimated,-1.133942379996734,5.850883466764384,7.516117769210151,0.23385345477496322,0.3201853537046942,0.3320239613938551
53111363,1789028345457000000,3809,HEAD_POSE_ESTIMATE,estimated,-1.1199593071937377,5.802359201129124,7.477223938997363,0.22185853875204609,0.3522753716561161,0.35486624242643094
53125363,1789028345471000000,3810,HEAD_POSE_ESTIMATE,estimated,-1.112387964307081,5.761028665943578,7.4486061509687636,0.20802729901772463,0.38144537665387984,0.36037724432289475
53140363,1789028345486000000,3811,HEAD_POSE_ESTIMATE,estimated,-1.1309164880155045,5.721019977820265,7.42093823475192,0.19981717011679856,0.4068837234610122,0.35040650824338365
53154363,1789028345500000000,3812,HEAD_POSE_ESTIMATE,estimated,-1.1653002903706349,5.704539774305864,7.403625537107223,0.19821428520558015,0.41437814969089454,0.3202822421981946
53168363,1789028345514000000,3813,HEAD_POSE_ESTIMATE,estimated,-1.2279776202492114,5.749357542972013,7.4023352779096205,0.21635721151595477,0.4133580477932118,0.2850813041000485
53183363,1789028345529000000,3814,HEAD_POSE_ESTIMATE,estimated,-1.3035094665106235,5.807665532387561,7.399442848062508,0.2305603387079561,0.39804515078630764,0.24171790621024256
53197363,1789028345543000000,3815,HEAD_POSE_ESTIMATE,estimated,-1.361750597621517,5.9088194353430055,7.3833831250251745,0.24369580738190588,0.3770825735128706,0.2050629381019498
53213363,1789028345559000000,3816,HEAD_POSE_ESTIMATE,estimated,-1.4295365391126424,6.06062934032163,7.359258780385421,0.2662839892516479,0.34401328209625015,0.16919248384694952
53224363,1789028345570000000,3817,HEAD_POSE_ESTIMATE,estimated,-1.4634418032729577,6.1841305366396275,7.344965616243585,0.28108012392838505,0.3162014195153888,0.15753994161381854
53237363,1789028345583000000,3818,HEAD_POSE_ESTIMATE,estimated,-1.4900940702594034,6.2986779562847435,7.346010527207883,0.284265974820312,0.281796726871583,0.1534359946259484
53252363,1789028345598000000,3819,HEAD_POSE_ESTIMATE,estimated,-1.4922474000310717,6.396863313145928,7.370121479933523,0.26749000543149837,0.252926519357753,0.16580086623643522
53266363,1789028345612000000,3820,HEAD_POSE_ESTIMATE,estimated,-1.5198575495624447,6.5259828398569955,7.413584829230594,0.23084062693035842,0.22504152226782853,0.18471691201645446
53280363,1789028345626000000,3821,HEAD_POSE_ESTIMATE,estimated,-1.5282495198753865,6.629921536151255,7.494011817166952,0.17601750593691723,0.2013823584066017,0.2083404785188004
53293363,1789028345639000000,3822,HEAD_POSE_ESTIMATE,estimated,-1.5177007465615497,6.729472461975084,7.533631257762117,0.11176406722773974,0.18704106062822282,0.2323927543125235
53307363,1789028345653000000,3823,HEAD_POSE_ESTIMATE,estimated,-1.516438597498813,6.837715344515651,7.5606927028411075,0.06107775611219086,0.17323146237733655,0.2538872790866897
53320363,1789028345666000000,3824,HEAD_POSE_ESTIMATE,estimated,-1.484877002640347,6.8912391931614705,7.576324134327672,0.026543419210232923,0.16132839966489274,0.2704324896247994
53335363,1789028345681000000,3825,HEAD_POSE_ESTIMATE,estimated,-1.4729030094583433,6.936066325401766,7.563935507709686,0.02017144514973845,0.15258883737743714,0.27925437537791975
53348363,1789028345694000000,3826,HEAD_POSE_ESTIMATE,estimated,-1.4066496969725655,6.859493382720451,7.508417355914754,0.032334440805763295,0.1471924546431456,0.2823763037239842
53363363,1789028345709000000,3827,HEAD_POSE_ESTIMATE,estimated,-1.377217379851037,6.795400535904692,7.443542002312225,0.05789324726161162,0.13206407834436626,0.27202521756245995
53376363,1789028345722000000,3828,HEAD_POSE_ESTIMATE,estimated,-1.3621718126016389,6.7443171528138945,7.35586333065248,0.10072813007238897,0.12218911538888691,0.2569911383274736
53390363,1789028345736000000,3829,HEAD_POSE_ESTIMATE,estimated,-1.3530751291414704,6.7214185949521505,7.243762319884377,0.15898672005406464,0.10949906880084098,0.23914776470181892
53405363,1789028345751000000,3830,HEAD_POSE_ESTIMATE,estimated,-1.3326915701572983,6.672564166885359,7.104727971899317,0.2229697151837996,0.09932618307840435,0.22079157331315732
53417363,1789028345763000000,3831,HEAD_POSE_ESTIMATE,estimated,-1.3066547457127804,6.650984760183309,6.982561467604353,0.26901603594225365,0.09169729350322561,0.20558612546736751
53431363,1789028345777000000,3832,HEAD_POSE_ESTIMATE,estimated,-1.2736416848906984,6.627706618703017,6.835087175966252,0.29473342894852844,0.08380225965501974,0.1963419844938913
53445363,1789028345791000000,3833,HEAD_POSE_ESTIMATE,estimated,-1.2293389437609261,6.609473925685352,6.695939075047034,0.30592028230971213,0.07601075666976767,0.18724646956443575
53463363,1789028345809000000,3834,HEAD_POSE_ESTIMATE,estimated,-1.195915159901258,6.62223417693314,6.527318506702354,0.2967194828547685,0.06613514397013483,0.18130213304118778
53472363,1789028345818000000,3835,HEAD_POSE_ESTIMATE,estimated,-1.1758167685500494,6.62466461489838,6.4340512199231,0.26899342266634485,0.05918393872278381,0.18416586495987305
53486363,1789028345832000000,3836,HEAD_POSE_ESTIMATE,estimated,-1.1559891800645137,6.670154243619973,6.324173487556524,0.23489972959481598,0.05173594796632909,0.18026547742402044
53500363,1789028345846000000,3837,HEAD_POSE_ESTIMATE,estimated,-1.1150021609218215,6.67718514084888,6.244618514690321,0.20035729945975841,0.04509185645369649,0.17441857213465334
53514363,1789028345860000000,3838,HEAD_POSE_ESTIMATE,estimated,-1.085063036805919,6.714217011639463,6.122614944667225,0.17567698707082466,0.03593621327995568,0.16085385140172745
53528363,1789028345874000000,3839,HEAD_POSE_ESTIMATE,estimated,-1.0531585552897338,6.740679492044679,5.9852886039718785,0.1731214695843346,0.0322033842909554,0.1484452917016525
53542363,1789028345888000000,3840,HEAD_POSE_ESTIMATE,estimated,-1.012420977096918,6.723414303804255,5.8310846313940035,0.18138943942714042,0.026383653309567497,0.12941419299577758
53556363,1789028345902000000,3841,HEAD_POSE_ESTIMATE,estimated,-0.9784386819082245,6.650286232875615,5.683444509594489,0.20242189188496398,0.021794498083748993,0.1068063469893583
53570363,1789028345916000000,3842,HEAD_POSE_ESTIMATE,estimated,-0.9522025914099059,6.528009586481864,5.551544120203198,0.23158437932134518,0.010036281425342294,0.07319479939021938
53584363,1789028345930000000,3843,HEAD_POSE_ESTIMATE,estimated,-0.9869909850026009,6.467537769200949,5.472227170100939,0.24880191951769218,-0.0037036008592824738,0.041023490693277015
53598363,1789028345944000000,3844,HEAD_POSE_ESTIMATE,estimated,-0.9883458234511804,6.3789741716533905,5.376186738706926,0.25722061858763723,-0.022102874975676572,0.00345895345520277
53614363,1789028345960000000,3845,HEAD_POSE_ESTIMATE,estimated,-0.9930355613325283,6.285596836315524,5.313905120135039,0.24150690107020353,-0.05257204031339529,-0.04122336710775578
53626363,1789028345972000000,3846,HEAD_POSE_ESTIMATE,estimated,-0.9646470095504132,6.2638980150298496,5.422039982070231,0.23148028826541556,-0.07982451288210578,-0.07095529504474395
53640363,1789028345986000000,3847,HEAD_POSE_ESTIMATE,estimated,-0.9632896761453669,6.2217918698263714,5.512972332066868,0.19874469890815047,-0.10947806094832568,-0.09693602911857616
53653363,1789028345999000000,3848,HEAD_POSE_ESTIMATE,estimated,-0.9786984957418311,6.186721953338587,5.594362252779474,0.15308534835761922,-0.13888414982956596,-0.11478159290277772
53667363,1789028346013000000,3849,HEAD_POSE_ESTIMATE,estimated,-1.0351244835782976,6.136039931994774,5.648361225703748,0.09507757912094493,-0.1666793097667077,-0.12897260082773399
53681363,1789028346027000000,3850,HEAD_POSE_ESTIMATE,estimated,-1.0910895309697364,6.113485833224571,5.735386886817857,0.022716069072394703,-0.1975453876113189,-0.1416812364050465
53696363,1789028346042000000,3851,HEAD_POSE_ESTIMATE,estimated,-1.1225540695317748,6.197343687708041,5.925195017043962,-0.05200237304080419,-0.2279149363774759,-0.16081729745074336
53708363,1789028346054000000,3852,HEAD_POSE_ESTIMATE,estimated,-1.1482514713779015,6.292649936672767,6.066148910998342,-0.1122289145572813,-0.24730824424506875,-0.17402644616997678
53722363,1789028346068000000,3853,HEAD_POSE_ESTIMATE,estimated,-1.1779051283211515,6.411326186361144,6.242885855493139,-0.18171651347177584,-0.26907992432796274,-0.19108334476232708
53741363,1789028346087000000,3854,HEAD_POSE_ESTIMATE,estimated,-1.1959623233932084,6.519777774305766,6.541591659775884,-0.2655212114873747,-0.3004714003711204,-0.2046211094301065
53754363,1789028346100000000,3855,HEAD_POSE_ESTIMATE,estimated,-1.1992790381820273,6.566952304982457,6.712206685891564,-0.31541193876103807,-0.31908598548144534,-0.20560434126226776
53767363,1789028346113000000,3856,HEAD_POSE_ESTIMATE,estimated,-1.212114761760034,6.628095802142686,6.908008218696878,-0.3592033472988698,-0.3330483110091374,-0.2025057314493377
53776363,1789028346122000000,3857,HEAD_POSE_ESTIMATE,estimated,-1.211659457682757,6.621052748886749,7.040652518473752,-0.385899068817992,-0.3462634222701729,-0.1954473226917491
53790363,1789028346136000000,3858,HEAD_POSE_ESTIMATE,estimated,-1.19567185095486,6.642565774561235,7.2693624650311985,-0.41559790881253705,-0.3559764905240386,-0.1762156936428274
53806363,1789028346152000000,3859,HEAD_POSE_ESTIMATE,estimated,-1.1403705599041025,6.645962609337382,7.538870963083112,-0.4490730551161626,-0.3634538945455026,-0.1558757261480335
53818363,1789028346164000000,3860,HEAD_POSE_ESTIMATE,estimated,-1.091473657383774,6.678953055099373,7.686014407359739,-0.47653238859190267,-0.3647777565023744,-0.14032279500586786
53832363,1789028346178000000,3861,HEAD_POSE_ESTIMATE,estimated,-0.9930929969357084,6.7128889013088475,7.909639613548461,-0.5009032457784316,-0.36149068628355296,-0.12220651047157759
53847363,1789028346193000000,3862,HEAD_POSE_ESTIMATE,estimated,-0.8223518968236012,6.687624093791241,8.22823560645733,-0.5479048314828009,-0.36280227700905504,-0.11454399583626339
53861363,1789028346207000000,3863,HEAD_POSE_ESTIMATE,estimated,-0.7420985148612624,6.625373354693422,8.294838402646302,-0.5431537237843689,-0.3549041918164176,-0.1033064091160233
53874363,1789028346220000000,3864,HEAD_POSE_ESTIMATE,estimated,-0.7236108767791976,6.545467771421873,8.287797215833242,-0.531907132372644,-0.34339893104591496,-0.0951694277861723
53888363,1789028346234000000,3865,HEAD_POSE_ESTIMATE,estimated,-0.6874593353613705,6.4664598236020465,8.248402081810616,-0.48750503969635267,-0.3321837129915586,-0.07701163834112645
53902363,1789028346248000000,3866,HEAD_POSE_ESTIMATE,estimated,-0.6158229318509374,6.379101984321792,8.30171098364179,-0.42249495922874986,-0.3151894537160487,-0.05214183299137809
53916363,1789028346262000000,3867,HEAD_POSE_ESTIMATE,estimated,-0.5288748232366249,6.3195784959956915,8.351541772166417,-0.349818133130767,-0.30080597680957477,-0.028930344005965388
53929363,1789028346275000000,3868,HEAD_POSE_ESTIMATE,estimated,-0.4901694467543002,6.2552446445076235,8.316427407339576,-0.28274409984019994,-0.2865664715042651,-0.0047161067538509065
53944363,1789028346290000000,3869,HEAD_POSE_ESTIMATE,estimated,-0.4342390206041875,6.13911436132791,8.320580498211386,-0.21373880846242432,-0.27124797641544895,0.008186629307138637
53964363,1789028346310000000,3870,HEAD_POSE_ESTIMATE,estimated,-0.395496688091252,6.029949985157683,8.250922390590398,-0.16495570206849816,-0.25402867893634096,-0.014659749800426896
53974363,1789028346320000000,3871,HEAD_POSE_ESTIMATE,estimated,-0.3758254778738348,5.915051851725086,8.215691813186488,-0.13824769847254492,-0.24672598534676532,-0.017819433635352332
53985363,1789028346331000000,3872,HEAD_POSE_ESTIMATE,estimated,-0.3760754813592994,5.816151198386399,8.163798002849768,-0.13377416479659118,-0.24477792478786384,-0.051311169689349505
53999363,1789028346345000000,3873,HEAD_POSE_ESTIMATE,estimated,-0.39744119726973465,5.713817558254448,8.111134186581538,-0.12837422960635209,-0.24750747224601985,-0.09895221340230007
54012363,1789028346358000000,3874,HEAD_POSE_ESTIMATE,estimated,-0.4172109442159933,5.637721363401628,8.069043541108455,-0.12609032472496223,-0.255378674811168,-0.14072910301962605
54027363,1789028346373000000,3875,HEAD_POSE_ESTIMATE,estimated,-0.4079260456959602,5.58397505313288,8.028598693562955,-0.11051913373981558,-0.2669666595197052,-0.1746495966773274
54040363,1789028346386000000,3876,HEAD_POSE_ESTIMATE,estimated,-0.39220658269882647,5.527491297773847,7.995457533462758,-0.08539388188891467,-0.27441232508207336,-0.18244682202553456
54055363,1789028346401000000,3877,HEAD_POSE_ESTIMATE,estimated,-0.3304751590018251,5.447955373153321,7.964509382797277,-0.05103154847191515,-0.27663682747431423,-0.1637464747750571
54069363,1789028346415000000,3878,HEAD_POSE_ESTIMATE,estimated,-0.24795486205303807,5.339137771278315,7.93448293363262,0.01000064910054362,-0.2728711776042806,-0.10976726558168481
54083363,1789028346429000000,3879,HEAD_POSE_ESTIMATE,estimated,-0.19753816074329467,5.3350696955649655,7.8156283733754455,0.030106312413778563,-0.2647418356460211,-0.06218688081970804
54097363,1789028346443000000,3880,HEAD_POSE_ESTIMATE,estimated,-0.1916390391397147,5.3548899265081875,7.690733039061307,0.05518821713225999,-0.2587575586951292,0.011433390671363867
54111363,1789028346457000000,3881,HEAD_POSE_ESTIMATE,estimated,-0.1140520661661445,5.366146963584431,7.674382424982682,0.05550154109797495,-0.24131023724990505,0.06540735364224375
54125363,1789028346471000000,3882,HEAD_POSE_ESTIMATE,estimated,-0.04435302095478594,5.394760967797987,7.678941488738591,0.03961757497813829,-0.22096520699993294,0.10825803263573841
54140363,1789028346486000000,3883,HEAD_POSE_ESTIMATE,estimated,0.0431768577118925,5.421079067650081,7.733017434931818,0.017529344773868288,-0.1997364073110407,0.1504121423693062
54154363,1789028346500000000,3884,HEAD_POSE_ESTIMATE,estimated,0.08009439402510204,5.444241881880453,7.77773254461487,-0.008001312381258379,-0.1818190230772416,0.1668248031094035
54168363,1789028346514000000,3885,HEAD_POSE_ESTIMATE,estimated,0.10750802546045474,5.512013190553842,7.862951066909428,-0.02713907035611601,-0.1659713240639805,0.18173594799850343
54182363,1789028346528000000,3886,HEAD_POSE_ESTIMATE,estimated,0.10192650332568254,5.582091288561681,7.975851149822319,-0.04190764749718537,-0.1510385713421949,0.18215633815417442
54196363,1789028346542000000,3887,HEAD_POSE_ESTIMATE,estimated,0.07649641761871045,5.655230076941205,8.099964939634987,-0.04819501686039978,-0.13594603682530668,0.17259241528809793
54210363,1789028346556000000,3888,HEAD_POSE_ESTIMATE,estimated,0.05537806642697238,5.71018714805715,8.271149761643896,-0.061134003333732354,-0.12115618359965502,0.14822946559764397
54224363,1789028346570000000,3889,HEAD_POSE_ESTIMATE,estimated,0.042125339426892006,5.758650592459224,8.447203354827046,-0.07405606213190986,-0.10618924494037355,0.12225945842757951
54238363,1789028346584000000,3890,HEAD_POSE_ESTIMATE,estimated,0.034603261522700074,5.761541917107538,8.640028972609263,-0.08696368470337182,-0.09291777243672253,0.09563012820550668
54254363,1789028346600000000,3891,HEAD_POSE_ESTIMATE,estimated,0.027138515477718228,5.694339168793556,8.905450910485909,-0.09804829420872094,-0.08342197778264648,0.07631155134928345
54266363,1789028346612000000,3892,HEAD_POSE_ESTIMATE,estimated,0.04208300582496802,5.650713036099315,9.092987528482793,-0.10905710402049583,-0.07777492411590223,0.06308978784721779
54280363,1789028346626000000,3893,HEAD_POSE_ESTIMATE,estimated,0.03745952152586607,5.64697209668266,9.333368422803293,-0.12913093958137684,-0.06744929755185612,0.05680567542825893
54294363,1789028346640000000,3894,HEAD_POSE_ESTIMATE,estimated,0.05503138991238063,5.697158036999239,9.561495486448006,-0.15471265585806057,-0.044193920256502955,0.06362937788807228
54307363,1789028346653000000,3895,HEAD_POSE_ESTIMATE,estimated,0.09251815457024651,5.734848646303574,9.747184594589328,-0.18882589339236577,-0.01812356580460239,0.08433926097789034
54321363,1789028346667000000,3896,HEAD_POSE_ESTIMATE,estimated,0.1254454913294061,5.7588265459866,9.974327070882373,-0.2051889719731629,0.017066327743072797,0.1152636174152855
54335363,1789028346681000000,3897,HEAD_POSE_ESTIMATE,estimated,0.15745778991417897,5.7711052312241256,10.16016785941457,-0.19756513218500024,0.0636513084170916,0.15286459324575566
54348363,1789028346694000000,3898,HEAD_POSE_ESTIMATE,estimated,0.17947383078311097,5.743322857497515,10.227250547240674,-0.18014805962565486,0.10941550497000328,0.1817766847838622
54362363,1789028346708000000,3899,HEAD_POSE_ESTIMATE,estimated,0.17367601509999547,5.714380789854099,10.269972391435548,-0.14781370861787313,0.1619442933606017,0.19132998906886112
54376363,1789028346722000000,3900,HEAD_POSE_ESTIMATE,estimated,0.1459101039878511,5.709264719079387,10.254326765330031,-0.10233984244141996,0.20854870443867554,0.1869733752612989
54390363,1789028346736000000,3901,HEAD_POSE_ESTIMATE,estimated,0.0945883376549749,5.757362562617388,10.276963269133843,-0.04723039249232034,0.25699414956032407,0.17195864213763376
54404363,1789028346750000000,3902,HEAD_POSE_ESTIMATE,estimated,0.061621921919086026,5.723651111535707,10.230057297080705,0.027471931106609594,0.29755162555589315,0.14958787325110662
54419363,1789028346765000000,3903,HEAD_POSE_ESTIMATE,estimated,0.0005101121104758577,5.7102364879581575,10.085871150209476,0.11870583693199964,0.338709664995307,0.14239248860647957
54431363,1789028346777000000,3904,HEAD_POSE_ESTIMATE,estimated,-0.030184889188983377,5.637961658858492,9.949879348276049,0.1955443690574645,0.3650074517407757,0.14429045058146478
54445363,1789028346791000000,3905,HEAD_POSE_ESTIMATE,estimated,-0.040275966370497074,5.530979626349072,9.750622003818348,0.2738331843021778,0.3960123958609502,0.1666210822045297
54461363,1789028346807000000,3906,HEAD_POSE_ESTIMATE,estimated,-0.0611190409017863,5.426060842298551,9.498689596818867,0.3419962086103623,0.4337845736938696,0.21159034703594837
54476363,1789028346822000000,3907,HEAD_POSE_ESTIMATE,estimated,-0.034607712056887424,5.2997398650089185,9.25787354692854,0.392376281045792,0.4713798217554677,0.2709404782326393
54489363,1789028346835000000,3908,HEAD_POSE_ESTIMATE,estimated,-0.02730668004492981,5.226844771230807,9.05747029023121,0.4227740744345378,0.5029691855711982,0.33049832182694866
54500363,1789028346846000000,3909,HEAD_POSE_ESTIMATE,estimated,-0.02935987993524053,5.236461486135162,8.87459780794258,0.4484600024552091,0.5304677486828319,0.3869428259601045
54514363,1789028346860000000,3910,HEAD_POSE_ESTIMATE,estimated,-0.04176510798629246,5.1663163414526725,8.701721974356136,0.4541351068817149,0.5600866139524256,0.4406093007840638
54528363,1789028346874000000,3911,HEAD_POSE_ESTIMATE,estimated,-0.08354098941826843,5.041125408754563,8.548086868598396,0.4552062202142186,0.5871513073371556,0.4766916983882272
54542363,1789028346888000000,3912,HEAD_POSE_ESTIMATE,estimated,-0.1917884800744581,4.880734478892318,8.48188184244489,0.42715478648159333,0.6134649372550391,0.4977259627529833
54556363,1789028346902000000,3913,HEAD_POSE_ESTIMATE,estimated,-0.3108935757510573,4.7407116705196515,8.35380734438586,0.3725272794957833,0.6533987199226944,0.5165028001553613
54570363,1789028346916000000,3914,HEAD_POSE_ESTIMATE,estimated,-0.4021683789246178,4.580782447412928,8.221937808469931,0.3301860656799687,0.6938799440389175,0.5244370486687412
54585363,1789028346931000000,3915,HEAD_POSE_ESTIMATE,estimated,-0.5429923060232345,4.433661970675176,8.140599252448746,0.26217239821212696,0.7612202354851934,0.5462220131044412
54599363,1789028346945000000,3916,HEAD_POSE_ESTIMATE,estimated,-0.6910218988917003,4.338572173635782,8.08393168276013,0.17589482508192913,0.8489079876068671,0.5771119783381005
54615363,1789028346961000000,3917,HEAD_POSE_ESTIMATE,estimated,-0.8433092463358223,4.31865167634964,7.96446090438934,0.06052750717733645,0.9525087991781305,0.6111518836383982
54627363,1789028346973000000,3918,HEAD_POSE_ESTIMATE,estimated,-0.9641755591493485,4.305006205868233,7.834680836700157,-0.041311521708254736,1.0378479553063835,0.6449620547055561
54641363,1789028346987000000,3919,HEAD_POSE_ESTIMATE,estimated,-1.119382533846538,4.267018648702727,7.696328531128669,-0.1676790852152148,1.140499159225256,0.69480101223166
54652363,1789028346998000000,3920,HEAD_POSE_ESTIMATE,estimated,-1.1187343166059656,4.3666531910331265,7.523101642437091,-0.26205357592160816,1.244317937895443,0.7647777547878345
54666363,1789028347012000000,3921,HEAD_POSE_ESTIMATE,estimated,-1.1852311046981225,4.376718283140437,7.4872482030480185,-0.3575234673186148,1.3312023701233406,0.8212582128276007
54680363,1789028347026000000,3922,HEAD_POSE_ESTIMATE,estimated,-1.2865741428946118,4.3926265653992465,7.513712646494769,-0.46887771031008957,1.4402933783373961,0.9067503334409095
54694363,1789028347040000000,3923,HEAD_POSE_ESTIMATE,estimated,-1.3348528188717443,4.611435922505564,7.5610516264400465,-0.6128828803774189,1.5636828154524114,0.9942034990541707
54708363,1789028347054000000,3924,HEAD_POSE_ESTIMATE,estimated,-1.3780873331153076,4.914325397034485,7.620325368802552,-0.7479092513066055,1.6919971312729474,1.0860365505085074
54723363,1789028347069000000,3925,HEAD_POSE_ESTIMATE,estimated,-1.4075204085060617,5.20142410575,7.682636346702968,-0.8660919434716569,1.824710311712865,1.1901051825685682
54736363,1789028347082000000,3926,HEAD_POSE_ESTIMATE,estimated,-1.4589725181975255,5.417445613641982,7.75795407580756,-0.9171048172178554,1.933043409744461,1.2770886671704813
54749363,1789028347095000000,3927,HEAD_POSE_ESTIMATE,estimated,-1.5401249104111399,5.598366541028109,7.810634296270893,-0.9398229830407789,2.0213702548774646,1.3549424279317428
54768363,1789028347114000000,3928,HEAD_POSE_ESTIMATE,estimated,-1.6324777699586075,5.782340174681141,7.895356926436095,-0.8894777667526741,2.077307333081774,1.3930534138265263
54776363,1789028347122000000,3929,HEAD_POSE_ESTIMATE,estimated,-1.7024144361864977,5.850344523316138,7.949506571702843,-0.8665935062781903,2.0916718347179097,1.4050570134197662
54790363,1789028347136000000,3930,HEAD_POSE_ESTIMATE,estimated,-1.687569393007997,6.008124978808687,7.98218716143353,-0.8191966480257444,2.105662125378603,1.3749297531662619
54804363,1789028347150000000,3931,HEAD_POSE_ESTIMATE,estimated,-1.6597704642368771,6.249811623564607,7.921734562001869,-0.7316110814299563,2.072089391752094,1.3070298445601027
54818363,1789028347164000000,3932,HEAD_POSE_ESTIMATE,estimated,-1.6525264829636768,6.440458700027367,7.835911769190734,-0.6299018528535987,2.003735801562898,1.2326173824555064
54832363,1789028347178000000,3933,HEAD_POSE_ESTIMATE,estimated,-1.6574505735578438,6.594540221966626,7.732845315901172,-0.52091234941466,1.9029914356170956,1.1642513378931514
54847363,1789028347193000000,3934,HEAD_POSE_ESTIMATE,estimated,-1.7180503941650782,6.576238227768596,7.621013352571443,-0.41537949476153974,1.7858978875399767,1.103744168108166
54860363,1789028347206000000,3935,HEAD_POSE_ESTIMATE,estimated,-1.7596753669512366,6.55783012759073,7.4775234786281475,-0.3313156789943074,1.669496238220866,1.0529866204449172
54874363,1789028347220000000,3936,HEAD_POSE_ESTIMATE,estimated,-1.7461714171164102,6.527004284815877,7.39578332178263,-0.26362194012970275,1.5311643677782631,0.9950901674558154
54888363,1789028347234000000,3937,HEAD_POSE_ESTIMATE,estimated,-1.8338680697469876,6.4925049141006514,7.2839701790929965,-0.1850777972825457,1.4255399620886746,0.9795625149376208
54902363,1789028347248000000,3938,HEAD_POSE_ESTIMATE,estimated,-1.8911571493452137,6.510483664669506,7.210832265654726,-0.14758115678852476,1.3285517745464193,0.9676443292090561
54916363,1789028347262000000,3939,HEAD_POSE_ESTIMATE,estimated,-1.5764940338425748,6.7841144290476105,6.953762083998275,-0.06363007329146415,1.2191904969449436,0.9906334982154892
54930363,1789028347276000000,3940,HEAD_POSE_ESTIMATE,estimated,-1.9288181238310456,6.5294225322354285,6.851604957001561,-0.0012284736169798551,1.076084900730724,0.946778836571792
54944363,1789028347290000000,3941,HEAD_POSE_ESTIMATE,estimated,-2.228556953715103,6.305327109649968,6.691220004043238,0.03525606625195002,0.9559371154405637,0.9033393563286447
54958363,1789028347304000000,3942,HEAD_POSE_ESTIMATE,estimated,-2.3186141391050827,6.2584674734670225,6.4920661613249875,0.02471647981430605,0.8639680438070487,0.8710018819579729
54973363,1789028347319000000,3943,HEAD_POSE_ESTIMATE,estimated,-2.548286798166303,6.194392849078504,6.28290648534411,-0.012402684233571782,0.7942990422716351,0.8285634651402973
54986363,1789028347332000000,3944,HEAD_POSE_ESTIMATE,estimated,-2.669504489392214,6.189737208816684,6.093877397537367,-0.07735966417862657,0.7470008256030756,0.8101659110048676
55002363,1789028347348000000,3945,HEAD_POSE_ESTIMATE,estimated,-2.667968661672543,6.200908406476374,5.923694875831635,-0.16570213945199183,0.6975226761586715,0.816279836633658
55027363,1789028347373000000,3946,HEAD_POSE_ESTIMATE,estimated,-2.5651208413577598,6.165343186335993,5.817306104360862,-0.2687754570882351,0.6293275028520425,0.874503535907474
55038363,1789028347384000000,3947,HEAD_POSE_ESTIMATE,estimated,-2.494393594585696,6.208932679874397,5.778726269597793,-0.3247370791865876,0.5989040971539656,0.8942351947335384
55052363,1789028347398000000,3948,HEAD_POSE_ESTIMATE,estimated,-2.3785727315646987,6.3305487384121335,5.745285623239548,-0.4025398000605397,0.5726253263591884,0.8940596301531983
55067363,1789028347413000000,3949,HEAD_POSE_ESTIMATE,estimated,-2.2201137174051238,6.49433616038129,5.659468494662529,-0.4847023360592136,0.5241556654437332,0.8652150908324425
55081363,1789028347427000000,3950,HEAD_POSE_ESTIMATE,estimated,-1.9826794626820492,6.654938933555022,5.62493801193051,-0.5641492018246049,0.47890751036722623,0.8244077714369825
55094363,1789028347440000000,3951,HEAD_POSE_ESTIMATE,estimated,-1.7554082406520235,6.7998374222035824,5.626831624732191,-0.6271417514964582,0.4300914675830468,0.7741073246309441
55108363,1789028347454000000,3952,HEAD_POSE_ESTIMATE,estimated,-1.5215375296583011,6.958974766115757,5.5254303980737225,-0.671265833227461,0.3627531182548676,0.7046089363350121
55123363,1789028347469000000,3953,HEAD_POSE_ESTIMATE,estimated,-1.2159238756006332,7.105306033326699,5.5494746381710165,-0.7060616584574184,0.27391561988936247,0.6081922690159721
55136363,1789028347482000000,3954,HEAD_POSE_ESTIMATE,estimated,-1.3200053466517345,7.003876366221538,5.606426979928745,-0.709110627810612,0.2161223749611912,0.5708476644468232
55150363,1789028347496000000,3955,HEAD_POSE_ESTIMATE,estimated,-1.7698645057809608,6.845323715830447,5.5577096589136055,-0.7157677820278695,0.18252226723821197,0.543182684034814
55164363,1789028347510000000,3956,HEAD_POSE_ESTIMATE,estimated,-1.6865080121247171,6.872055942376072,5.407619315233619,-0.6989331093475988,0.1252749839455884,0.49017330999634434
55178363,1789028347524000000,3957,HEAD_POSE_ESTIMATE,estimated,-1.5077514009054163,6.847691118648371,5.338277357764036,-0.6763492871180076,0.07689264610076753,0.4523507883500978
55192363,1789028347538000000,3958,HEAD_POSE_ESTIMATE,estimated,-1.5201761025862506,6.774409024397718,5.16738911420368,-0.6463411785036743,0.02973264511257391,0.42129631049123506
55206363,1789028347552000000,3959,HEAD_POSE_ESTIMATE,estimated,-1.4466751518078556,6.635577297343748,5.056741595218644,-0.6239133207532868,-0.004857345269113838,0.3859853254663769
55219363,1789028347565000000,3960,HEAD_POSE_ESTIMATE,estimated,-1.331020480882272,6.4597168140953105,5.037106460534655,-0.6019813581817546,-0.04068268306248657,0.3368025728374881
55234363,1789028347580000000,3961,HEAD_POSE_ESTIMATE,estimated,-1.240592895231719,6.237757049008637,5.059566017220506,-0.5948322033264541,-0.08804030435458261,0.25264857227037907
55252363,1789028347598000000,3962,HEAD_POSE_ESTIMATE,estimated,-1.1383583730762559,6.119954017765821,5.147396757526358,-0.5784073144651815,-0.14038614924729678,0.16885277503144058
55262363,1789028347608000000,3963,HEAD_POSE_ESTIMATE,estimated,-1.0525304289984798,6.094966451821811,5.280450723358598,-0.5675286730400187,-0.17351096253278608,0.12537753699594226
55275363,1789028347621000000,3964,HEAD_POSE_ESTIMATE,estimated,-0.946229913735629,6.112019412363608,5.549005527166196,-0.5309143340233815,-0.2241802206370834,0.04599402996593744
55292363,1789028347638000000,3965,HEAD_POSE_ESTIMATE,estimated,-0.6832219061558717,6.093934806717969,6.092325960156264,-0.5082699066330756,-0.2734769639338092,-0.033695968074303737
55304363,1789028347650000000,3966,HEAD_POSE_ESTIMATE,estimated,-0.4927396626604861,5.984689119396754,6.573934690199239,-0.4690462342134994,-0.2954173308784548,-0.1150564636667768
55318363,1789028347664000000,3967,HEAD_POSE_ESTIMATE,estimated,-0.3271359523378605,5.869765519418777,7.118708483824225,-0.3651102307751858,-0.31077133046867056,-0.24535318369279827
55332363,1789028347678000000,3968,HEAD_POSE_ESTIMATE,estimated,-0.3051977081042878,5.5907547476938735,7.582013725825289,-0.23646805030232163,-0.338489338753781,-0.4163380834209424
55346363,1789028347692000000,3969,HEAD_POSE_ESTIMATE,estimated,-0.20121155154413062,5.2362164595433,8.055451659720994,-0.04681209634935895,-0.3433953889559682,-0.5966494934417023
55360363,1789028347706000000,3970,HEAD_POSE_ESTIMATE,estimated,-0.13273695824161247,4.7927305022615,8.484071273470251,0.20423306917282366,-0.32328490845920516,-0.7830356995211512
55373363,1789028347719000000,3971,HEAD_POSE_ESTIMATE,estimated,-0.2041513454829511,4.317112126355924,8.650306059343126,0.4448822254836111,-0.2842078135415758,-0.9081579588035118
55388363,1789028347734000000,3972,HEAD_POSE_ESTIMATE,estimated,-0.17315988398002768,3.8033333567635292,8.913088065962063,0.7272631224425966,-0.21401418943115907,-1.0282785852280598
55402363,1789028347748000000,3973,HEAD_POSE_ESTIMATE,estimated,-0.19991393177904482,3.587164383463409,9.046022855051989,0.976530799204203,-0.15130649315145175,-1.0997331462637245
55416363,1789028347762000000,3974,HEAD_POSE_ESTIMATE,estimated,-0.26668835138135627,3.3989679770684447,9.02311078934212,1.1122712869449816,-0.11059559617693959,-1.0800756901636621
55430363,1789028347776000000,3975,HEAD_POSE_ESTIMATE,estimated,-0.3106994748281142,3.263733914802206,9.09742160263654,1.2004324805548592,-0.08248230018127566,-1.0007894519538898
55444363,1789028347790000000,3976,HEAD_POSE_ESTIMATE,estimated,-0.42787349398629626,3.2726578257541172,9.01599558207933,1.1840461829618918,-0.08036315490247782,-0.8716559616584337
55457363,1789028347803000000,3977,HEAD_POSE_ESTIMATE,estimated,-0.5571004589973141,3.3383312601237023,8.919781366390474,1.0653431142890473,-0.10210157872668764,-0.7167011650618617
55471363,1789028347817000000,3978,HEAD_POSE_ESTIMATE,estimated,-0.6644617229052419,3.5026233623554965,8.747227074264925,0.8845913026159384,-0.1467848941150919,-0.5710260801006171
55485363,1789028347831000000,3979,HEAD_POSE_ESTIMATE,estimated,-0.7490711121109725,3.780134017173057,8.626167342620834,0.6351670329165557,-0.22307111680829422,-0.4334918457831935
55499363,1789028347845000000,3980,HEAD_POSE_ESTIMATE,estimated,-0.7227483190160546,4.00046595217557,8.65988118861245,0.3803602854893049,-0.3283741081912263,-0.3266349625640816
55513363,1789028347859000000,3981,HEAD_POSE_ESTIMATE,estimated,-0.7193935213846523,4.271940173119621,8.72062127139198,0.22534753565608928,-0.4502980761463349,-0.3034557118001687
55528363,1789028347874000000,3982,HEAD_POSE_ESTIMATE,estimated,-0.8952259631359918,4.51597596780355,8.707664545250799,0.09108643420804094,-0.5767885703321055,-0.2853958548019737
55546363,1789028347892000000,3983,HEAD_POSE_ESTIMATE,estimated,-1.067610473556073,4.758743492206467,8.885160456206588,0.017589107640081404,-0.7082748143930587,-0.3146062487768036
55559363,1789028347905000000,3984,HEAD_POSE_ESTIMATE,estimated,-1.1725588903416784,4.872819534616766,8.943901251508528,0.00269150604915225,-0.7649833375713603,-0.3483107035025498
55573363,1789028347919000000,3985,HEAD_POSE_ESTIMATE,estimated,-1.2449142429230449,5.012036992569826,9.076794805333948,-0.0053985685407934745,-0.819725065529052,-0.37555772607245713
55582363,1789028347928000000,3986,HEAD_POSE_ESTIMATE,estimated,-1.2553390715932347,5.1090673860221285,9.195240910802749,0.023828216424332246,-0.8452295942553564,-0.41017714235582503
55596363,1789028347942000000,3987,HEAD_POSE_ESTIMATE,estimated,-1.3248785900062912,5.357655494193574,9.383537748519142,0.0699622831605264,-0.8816168197551464,-0.43466080727272915
55610363,1789028347956000000,3988,HEAD_POSE_ESTIMATE,estimated,-1.422141631454449,5.591547879447089,9.616322909315288,0.11017576994873306,-0.9204675446913194,-0.43288004497081417
55624363,1789028347970000000,3989,HEAD_POSE_ESTIMATE,estimated,-1.4941239315891854,5.732272028946261,9.831379295747208,0.1699899589711517,-0.9315720690079771,-0.42646654960972674
55637363,1789028347983000000,3990,HEAD_POSE_ESTIMATE,estimated,-1.500018998012916,5.814560755815529,10.05828221370264,0.2224520707974573,-0.9219694754992359,-0.41311053321927005
55652363,1789028347998000000,3991,HEAD_POSE_ESTIMATE,estimated,-1.5318182178570139,5.960990458515658,10.276668486692795,0.23471297167290742,-0.9129994484392789,-0.3836851200458145
55666363,1789028348012000000,3992,HEAD_POSE_ESTIMATE,estimated,-1.5263902772389113,6.051107555578442,10.266419436028167,0.26613294718695024,-0.8989050072155614,-0.36190185403022057
55679363,1789028348025000000,3993,HEAD_POSE_ESTIMATE,estimated,-1.5086006444508306,6.22933491278057,10.232920937490064,0.2757428154622962,-0.8772583011179997,-0.3376067923125518
55694363,1789028348040000000,3994,HEAD_POSE_ESTIMATE,estimated,-1.4257281092492822,6.282354148218834,10.145890193776776,0.33463579978612773,-0.8574587507289996,-0.3165314363556844
55708363,1789028348054000000,3995,HEAD_POSE_ESTIMATE,estimated,-1.338951244770335,6.28892350202557,10.16936150277483,0.4251052853025697,-0.8281933728576085,-0.280500719021807
55722363,1789028348068000000,3996,HEAD_POSE_ESTIMATE,estimated,-1.2681561388943519,6.329960122567602,10.149533666346771,0.49506710856007524,-0.7947391978420604,-0.24855299881150575
55736363,1789028348082000000,3997,HEAD_POSE_ESTIMATE,estimated,-1.1677372286161136,6.397456396941208,10.133675098225048,0.5482499972485338,-0.7630604949268981,-0.22956752147428994
55750363,1789028348096000000,3998,HEAD_POSE_ESTIMATE,estimated,-1.1365676685973556,6.552424000060872,10.106781245367326,0.5900346923172626,-0.7555796041624533,-0.2318567391069235
55764363,1789028348110000000,3999,HEAD_POSE_ESTIMATE,estimated,-1.085908540679701,6.760021571278155,10.070836199721052,0.6323097807346968,-0.7555574932933576,-0.24122244050259817
55778363,1789028348124000000,4000,HEAD_POSE_ESTIMATE,estimated,-1.0393109713217292,6.931319271809823,10.004343487901568,0.6663426914007686,-0.7681991566430107,-0.2574800885750741
55791363,1789028348137000000,4001,HEAD_POSE_ESTIMATE,estimated,-0.9865221296500262,7.116667600965113,9.923926724008123,0.6982992227684823,-0.7917622595763297,-0.2675555985563516
55806363,1789028348152000000,4002,HEAD_POSE_ESTIMATE,estimated,-0.9919124445453047,7.262217398369642,9.887871322075831,0.6988997211525945,-0.8045637584928794,-0.288455587920369
55822363,1789028348168000000,4003,HEAD_POSE_ESTIMATE,estimated,-1.0344918391527171,7.326527936548784,9.881658891732199,0.6764832332194104,-0.8106490311254699,-0.31785400517109264
55835363,1789028348181000000,4004,HEAD_POSE_ESTIMATE,estimated,-1.034020857103761,7.39738597381865,9.840515580941199,0.6443713947262754,-0.7984321453875421,-0.3375461434786487
55846363,1789028348192000000,4005,HEAD_POSE_ESTIMATE,estimated,-0.9942902701702986,7.452237564502093,9.803592846162648,0.6178461765851367,-0.7854852454361425,-0.3513508459094631
55860363,1789028348206000000,4006,HEAD_POSE_ESTIMATE,estimated,-0.9935747732587296,7.554175702486516,9.743746494000952,0.5902306378544268,-0.7549996825315652,-0.35480291720395807
55874363,1789028348220000000,4007,HEAD_POSE_ESTIMATE,estimated,-1.0310161293968578,7.6652048864388975,9.64616372911052,0.568384969471265,-0.708782552715797,-0.3514797286071037
55888363,1789028348234000000,4008,HEAD_POSE_ESTIMATE,estimated,-1.0488516717284107,7.746242558690197,9.574897135318345,0.5404084335885325,-0.6576819006413482,-0.3312134491113006
55902363,1789028348248000000,4009,HEAD_POSE_ESTIMATE,estimated,-1.0683879863903798,7.738229463510095,9.549287656484166,0.5131937861534802,-0.5948532294777692,-0.31015916147130934
55916363,1789028348262000000,4010,HEAD_POSE_ESTIMATE,estimated,-1.0743088423988083,7.711030275950866,9.466391390702778,0.46732267489796825,-0.5248034690600378,-0.2954065355366975
55930363,1789028348276000000,4011,HEAD_POSE_ESTIMATE,estimated,-1.0769245875448812,7.648326200947678,9.400497957728883,0.4171775621239018,-0.45879445720373185,-0.29254888379444755
55944363,1789028348290000000,4012,HEAD_POSE_ESTIMATE,estimated,-1.0740245327927693,7.67049550961248,9.382957538602467,0.3939686148407584,-0.4160250829973472,-0.3142210124616122
55957363,1789028348303000000,4013,HEAD_POSE_ESTIMATE,estimated,-1.0939524675917793,7.6475659916038055,9.45402852229748,0.3832613313656324,-0.3925578993914034,-0.3518111957252162
55971363,1789028348317000000,4014,HEAD_POSE_ESTIMATE,estimated,-1.189267926848992,7.689903389244968,9.540066010009197,0.361735158081012,-0.379616839619469,-0.40887919517845617
55986363,1789028348332000000,4015,HEAD_POSE_ESTIMATE,estimated,-1.2516748191184377,7.693421156372161,9.55552427179381,0.34648316600326484,-0.3865560059744799,-0.48034655094061696
56000363,1789028348346000000,4016,HEAD_POSE_ESTIMATE,estimated,-1.3554824191363002,7.674678515341396,9.521698939275955,0.3448038040332626,-0.4062793840549814,-0.5442909292682578
56013363,1789028348359000000,4017,HEAD_POSE_ESTIMATE,estimated,-1.4097751093028084,7.667906349597351,9.468396308390199,0.3626646571512872,-0.42631469849251785,-0.5895911121127001
56028363,1789028348374000000,4018,HEAD_POSE_ESTIMATE,estimated,-1.4654647873164,7.621470033642685,9.371774123021419,0.4077922471117876,-0.4435526809445699,-0.6078296286647424
56042363,1789028348388000000,4019,HEAD_POSE_ESTIMATE,estimated,-1.492328894757684,7.497371866790958,9.176207934759828,0.47733585797072375,-0.45169482658283283,-0.5966188064039204
56055363,1789028348401000000,4020,HEAD_POSE_ESTIMATE,estimated,-1.4853364616471252,7.351775001280091,8.945761202683407,0.5459275945645549,-0.4586778223823246,-0.5665727077354299
56068363,1789028348414000000,4021,HEAD_POSE_ESTIMATE,estimated,-1.4984037258657414,7.122161734832338,8.59240365950291,0.617907942500323,-0.45773926898762723,-0.5206215366135037
56081363,1789028348427000000,4022,HEAD_POSE_ESTIMATE,estimated,-1.5399778590266053,6.9430280768919355,8.19384506069414,0.6791170694905179,-0.4472555837045588,-0.4672660543206643
56096363,1789028348442000000,4023,HEAD_POSE_ESTIMATE,estimated,-1.5911961454350148,6.642387411605856,7.633252500971145,0.7420462332029699,-0.4232005361554393,-0.4104870601093757
56110363,1789028348456000000,4024,HEAD_POSE_ESTIMATE,estimated,-1.6318856754192645,6.397957897952468,7.069758346255951,0.8071930181335829,-0.3994407115817873,-0.38420319962451166
56124363,1789028348470000000,4025,HEAD_POSE_ESTIMATE,estimated,-1.689270595820958,6.112244010519223,6.473546407705063,0.8233518183965027,-0.37618135166270494,-0.3764105666366948
56137363,1789028348483000000,4026,HEAD_POSE_ESTIMATE,estimated,-1.7610339253111003,5.835441641752023,5.866720992139863,0.7656702624493207,-0.3421957578079521,-0.3755559392923552
56152363,1789028348498000000,4027,HEAD_POSE_ESTIMATE,estimated,-1.8301643405638808,5.537016484356629,5.222260125775169,0.6407411481396524,-0.3170819986697334,-0.4009186730566446
56166363,1789028348512000000,4028,HEAD_POSE_ESTIMATE,estimated,-1.8918257848482587,5.330709196004222,4.648252469874522,0.4576751286243437,-0.2657346069515667,-0.3965223009819601
56181363,1789028348527000000,4029,HEAD_POSE_ESTIMATE,estimated,-1.9333013978943314,5.185766837682429,4.04298088342164,0.21903186695235238,-0.17762406987714707,-0.36555915856387444
56193363,1789028348539000000,4030,HEAD_POSE_ESTIMATE,estimated,-1.9567984536582332,5.151151230040771,3.565009303120777,0.0021851342021751005,-0.07605363631506827,-0.30227580638649665
56208363,1789028348554000000,4031,HEAD_POSE_ESTIMATE,estimated,-1.9332992027252756,5.072384851483969,2.9548589365760076,-0.2705107810609257,0.055479528812486474,-0.20239683508070616
56222363,1789028348568000000,4032,HEAD_POSE_ESTIMATE,estimated,-1.8699528083243926,5.02746080210051,2.5336992412369974,-0.4875027959667159,0.18494313368348783,-0.08105731753306931
56236363,1789028348582000000,4033,HEAD_POSE_ESTIMATE,estimated,-1.7606586336851113,5.029950915680565,2.159466731355029,-0.6507293208175617,0.3008400145517342,0.04720596922350727
56250363,1789028348596000000,4034,HEAD_POSE_ESTIMATE,estimated,-1.6156795825907062,4.987732567389596,1.8356241902539285,-0.7356551387947545,0.3919592151040781,0.16949578317495811
56264363,1789028348610000000,4035,HEAD_POSE_ESTIMATE,estimated,-1.4371874407735807,4.9267023872456415,1.6044983170344598,-0.7592717538795593,0.47184552743535696,0.2817217478796794
56278363,1789028348624000000,4036,HEAD_POSE_ESTIMATE,estimated,-1.283358795473478,4.898762884991238,1.4873951899699087,-0.7248063344269045,0.5253984591792693,0.3654780645538273
56292363,1789028348638000000,4037,HEAD_POSE_ESTIMATE,estimated,-1.1272576157487995,4.894599410801334,1.4524058593311375,-0.663118199032303,0.5598996847382125,0.4164607155310974
56306363,1789028348652000000,4038,HEAD_POSE_ESTIMATE,estimated,-0.9673645280503893,5.019548441291745,1.6613406103698822,-0.5936942189590398,0.5743433751548083,0.42713547193998613
56320363,1789028348666000000,4039,HEAD_POSE_ESTIMATE,estimated,-0.8018060751144711,5.103270728286949,1.8139125453012386,-0.5276027682774519,0.576110296301246,0.41749762459441664
56334363,1789028348680000000,4040,HEAD_POSE_ESTIMATE,estimated,-0.6697203068596413,5.185792751423041,2.0897405498145574,-0.5148820086715906,0.5744473731189997,0.4013776419914104
56348363,1789028348694000000,4041,HEAD_POSE_ESTIMATE,estimated,-0.5685713943174561,5.266286231629997,2.4509767170359744,-0.5136001189634677,0.5700379993940404,0.38668944459364496
56362363,1789028348708000000,4042,HEAD_POSE_ESTIMATE,estimated,-0.48161101204547874,5.332471529397432,2.8521823395843544,-0.5494546488606921,0.5546408364788886,0.3712554373480253
56376363,1789028348722000000,4043,HEAD_POSE_ESTIMATE,estimated,-0.3805524144959478,5.398300674385216,3.27373330865741,-0.6275689872847261,0.5460511120060886,0.37940124789095026
56389363,1789028348735000000,4044,HEAD_POSE_ESTIMATE,estimated,-0.32807878396043877,5.446666223097661,3.6779866822207428,-0.6991785638082979,0.5176921484196938,0.38009464501384443
56403363,1789028348749000000,4045,HEAD_POSE_ESTIMATE,estimated,-0.2965538226119622,5.553567249718749,4.130781403995577,-0.7453091237000972,0.47266268593668725,0.3921375376032694
56418363,1789028348764000000,4046,HEAD_POSE_ESTIMATE,estimated,-0.290527302893556,5.615910243972436,4.572876305983044,-0.7554782924431217,0.4137380859260372,0.39489220456812824
56431363,1789028348777000000,4047,HEAD_POSE_ESTIMATE,estimated,-0.29206226792459666,5.657586488101712,5.013244014861366,-0.7255107003021622,0.3591720322105086,0.4037149686025606
56445363,1789028348791000000,4048,HEAD_POSE_ESTIMATE,estimated,-0.31495094804761625,5.651694718897807,5.435740379285338,-0.6911632150356996,0.3096134800182799,0.39200545752622284
56459363,1789028348805000000,4049,HEAD_POSE_ESTIMATE,estimated,-0.37327352033537464,5.609477369365254,5.918473980629823,-0.6570748516342563,0.2788747199131491,0.36925880913512865
56473363,1789028348819000000,4050,HEAD_POSE_ESTIMATE,estimated,-0.44700541215511236,5.528950578391026,6.276140126669855,-0.6217370168275745,0.257468390088056,0.3324201162970542
56487363,1789028348833000000,4051,HEAD_POSE_ESTIMATE,estimated,-0.5415731184534802,5.518918519731749,6.641994675932516,-0.5931926228076826,0.23184887055415943,0.2866417376914148
56501363,1789028348847000000,4052,HEAD_POSE_ESTIMATE,estimated,-0.612761722612533,5.620364726449813,7.0172900777714,-0.5770407556150867,0.22039312303471703,0.23869734037743706
56516363,1789028348862000000,4053,HEAD_POSE_ESTIMATE,estimated,-0.6858633900653641,5.774970785383336,7.471542767749088,-0.5619833730591399,0.22174182850254875,0.19058607067723465
56529363,1789028348875000000,4054,HEAD_POSE_ESTIMATE,estimated,-0.7582689806954575,5.910991193603582,7.852236953154919,-0.5708593660188178,0.2314462204548592,0.1543909003068818
56544363,1789028348890000000,4055,HEAD_POSE_ESTIMATE,estimated,-0.8738326351543747,5.977368928085149,8.180365667916266,-0.5856345318335445,0.24902248319971332,0.12383061004563438
56557363,1789028348903000000,4056,HEAD_POSE_ESTIMATE,estimated,-0.9543381568232574,6.027720491646607,8.443202573254265,-0.5932932102386719,0.2653674877321313,0.10676579366489716
56573363,1789028348919000000,4057,HEAD_POSE_ESTIMATE,estimated,-1.0198906180312806,6.064113284170528,8.708143327433275,-0.579576369275731,0.27723212160549265,0.10396489273384571
56585363,1789028348931000000,4058,HEAD_POSE_ESTIMATE,estimated,-1.0592661803000807,6.053747846438776,8.89121860892883,-0.5270550304710924,0.2890346596485607,0.11271767621465688
56598363,1789028348944000000,4059,HEAD_POSE_ESTIMATE,estimated,-1.1612229115391117,6.0979754613437525,9.077662411844441,-0.4561243532683215,0.29939213858100233,0.11869398435751821
56612363,1789028348958000000,4060,HEAD_POSE_ESTIMATE,estimated,-1.2736213374260972,6.147440255595011,9.25823333494364,-0.3652594932598211,0.29975044153757235,0.11705555002041912
56627363,1789028348973000000,4061,HEAD_POSE_ESTIMATE,estimated,-1.3763003289129527,6.125545084092998,9.466033747084483,-0.2794773268358697,0.29361619153363394,0.10369216062083877
56640363,1789028348986000000,4062,HEAD_POSE_ESTIMATE,estimated,-1.4214719546225107,6.13484031041998,9.592060021084432,-0.20443623030472355,0.2882445814405889,0.08645530409707435
56654363,1789028349000000000,4063,HEAD_POSE_ESTIMATE,estimated,-1.4560514856465225,6.145285101017303,9.786519070544898,-0.13154023883335386,0.2793764630944677,0.064127956146295
56668363,1789028349014000000,4064,HEAD_POSE_ESTIMATE,estimated,-1.527814020020622,6.2213399498218,9.913655131790154,-0.08005134169509201,0.27090274525267477,0.03994621081049893
56682363,1789028349028000000,4065,HEAD_POSE_ESTIMATE,estimated,-1.6360837666567203,6.324435449154308,10.058993133248887,-0.04148055914538416,0.2502331386900032,0.011689587227991528
56696363,1789028349042000000,4066,HEAD_POSE_ESTIMATE,estimated,-1.689663474632827,6.412174698967856,10.12841029339843,-0.018394904960552544,0.23648703409383423,0.001805871628204447
56710363,1789028349056000000,4067,HEAD_POSE_ESTIMATE,estimated,-1.692271137603746,6.527903305576655,10.260073110886614,0.005770418686702377,0.22539388157129506,-0.004159076579350558
56724363,1789028349070000000,4068,HEAD_POSE_ESTIMATE,estimated,-1.680240473031246,6.622696338482343,10.407003886933552,0.03110165142186557,0.2102912439782162,0.009163210265516206
56737363,1789028349083000000,4069,HEAD_POSE_ESTIMATE,estimated,-1.6735376320978705,6.717435869067103,10.502540612910337,0.05643201305733466,0.1960336560937631,0.036202534393684746
56752363,1789028349098000000,4070,HEAD_POSE_ESTIMATE,estimated,-1.6666694622619151,6.758563695171496,10.565861301295795,0.10010822905016153,0.18344048487029987,0.08883735659051667
56766363,1789028349112000000,4071,HEAD_POSE_ESTIMATE,estimated,-1.6457649497275666,6.786838008024803,10.617599990346308,0.12777176335239304,0.17497584344696926,0.14248385141730735
56780363,1789028349126000000,4072,HEAD_POSE_ESTIMATE,estimated,-1.562263534540894,6.875042858816504,10.633362921530871,0.14670744503679647,0.17153121615391737,0.19190434375601748
56794363,1789028349140000000,4073,HEAD_POSE_ESTIMATE,estimated,-1.493837983284549,6.963473056275067,10.627000060744583,0.15007707285026242,0.16650808854013918,0.21444257847718068
56808363,1789028349154000000,4074,HEAD_POSE_ESTIMATE,estimated,-1.4610608951509603,7.060535600853995,10.656977315538201,0.13546645727329817,0.16612298035083398,0.22898702954646102
56821363,1789028349167000000,4075,HEAD_POSE_ESTIMATE,estimated,-1.4661058394428252,7.139781285324921,10.689137158147798,0.11258820594445357,0.16521952737188386,0.22269247859036065
56836363,1789028349182000000,4076,HEAD_POSE_ESTIMATE,estimated,-1.481424136620777,7.149817447730413,10.716617068005535,0.07297457928320242,0.16353844982150875,0.18816804320219213
56849363,1789028349195000000,4077,HEAD_POSE_ESTIMATE,estimated,-1.5146479535364654,7.197358901140926,10.769819062118202,0.01912781955589783,0.157474729573288,0.14037593626336634
56864363,1789028349210000000,4078,HEAD_POSE_ESTIMATE,estimated,-1.571943211921726,7.336141821969085,10.869152824340999,-0.052555214676695876,0.14401579891183738,0.06588133863749264
56877363,1789028349223000000,4079,HEAD_POSE_ESTIMATE,estimated,-1.6474306737092996,7.503548109953096,10.920709387263916,-0.09882172704019852,0.12777900852025462,-0.010695171813466318
56891363,1789028349237000000,4080,HEAD_POSE_ESTIMATE,estimated,-1.7380019966107616,7.573181778619892,10.898883650255486,-0.1206970554527303,0.11339085412920215,-0.08529641079954829
56905363,1789028349251000000,4081,HEAD_POSE_ESTIMATE,estimated,-1.7898090632270087,7.58120475893451,10.903834440510844,-0.10837336154795298,0.1095590321328199,-0.14191261140607817
56918363,1789028349264000000,4082,HEAD_POSE_ESTIMATE,estimated,-1.8059920650449872,7.490521809887632,10.908423485148209,-0.06894211003491109,0.10993711638546896,-0.17769442485048975
56932363,1789028349278000000,4083,HEAD_POSE_ESTIMATE,estimated,-1.813179784997468,7.2869546003295484,10.860837709421403,-0.0040874392092037,0.12494761561916527,-0.18295542974934847
56946363,1789028349292000000,4084,HEAD_POSE_ESTIMATE,estimated,-1.8318581758124157,7.091457102271872,10.783176304219483,0.07464701786531214,0.12335653019260315,-0.17827939168355994
56960363,1789028349306000000,4085,HEAD_POSE_ESTIMATE,estimated,-1.8688989077806555,6.925206977626523,10.61988653003445,0.15211408727801343,0.10460479787170078,-0.16554162155022478
56973363,1789028349319000000,4086,HEAD_POSE_ESTIMATE,estimated,-1.8902153347577493,6.797564451714227,10.454655046889926,0.22604501673485275,0.06634235714965944,-0.1583570322047321
56987363,1789028349333000000,4087,HEAD_POSE_ESTIMATE,estimated,-1.887425305131331,6.589172812456764,10.273919657424141,0.29734733883545195,0.01606194304814985,-0.1548577881951541
57003363,1789028349349000000,4088,HEAD_POSE_ESTIMATE,estimated,-1.8540403365732487,6.388294716682691,10.038181871191568,0.36196366667819646,-0.0678014277109409,-0.16694875189674066
57015363,1789028349361000000,4089,HEAD_POSE_ESTIMATE,estimated,-1.8302700665856657,6.193662187924367,9.894577282261928,0.3967593715524752,-0.1566941694075711,-0.18533572714848093
57029363,1789028349375000000,4090,HEAD_POSE_ESTIMATE,estimated,-1.8673380032101412,6.007318671583651,9.792035349654803,0.403667822566705,-0.2618672397920466,-0.22659153271210694
57043363,1789028349389000000,4091,HEAD_POSE_ESTIMATE,estimated,-1.8780621365114893,5.871301432168872,9.695655239019061,0.394570654748579,-0.3791165902487819,-0.27893006136688375
57057363,1789028349403000000,4092,HEAD_POSE_ESTIMATE,estimated,-1.9177339527176178,5.788911538038345,9.596794752122912,0.38092232368641604,-0.49199415897112636,-0.33494036620427575
57071363,1789028349417000000,4093,HEAD_POSE_ESTIMATE,estimated,-1.9446495782336206,5.72263601509362,9.443148505212289,0.38318644885440445,-0.5894107335483537,-0.3893211284096114
57085363,1789028349431000000,4094,HEAD_POSE_ESTIMATE,estimated,-1.960171286445849,5.582880196261508,9.294927260848068,0.40327650881860355,-0.6720425626320986,-0.42118794545589855
57099363,1789028349445000000,4095,HEAD_POSE_ESTIMATE,estimated,-1.9322304759633813,5.421493881891378,9.137956758239504,0.43630680092678614,-0.7370922072099286,-0.4324175695644048
57113363,1789028349459000000,4096,HEAD_POSE_ESTIMATE,estimated,-1.8769650288453281,5.214332801768214,8.986778691141522,0.4866981893422774,-0.7930019308073936,-0.4290660414766405
57127363,1789028349473000000,4097,HEAD_POSE_ESTIMATE,estimated,-1.8253331417289285,5.127876538968127,8.929387362058055,0.520714213468718,-0.8253755749491567,-0.41305156444387486
57140363,1789028349486000000,4098,HEAD_POSE_ESTIMATE,estimated,-1.7305608724191512,5.076581057134424,8.805151719752201,0.5500230988881276,-0.8496415240577538,-0.39477513730834024
57154363,1789028349500000000,4099,HEAD_POSE_ESTIMATE,estimated,-1.660473918742866,5.038857087160655,8.682897384975144,0.5783251068345978,-0.8852087470643674,-0.386367589322309
57168363,1789028349514000000,4100,HEAD_POSE_ESTIMATE,estimated,-1.5811867915321942,5.080056643488296,8.503956865838685,0.593854986889451,-0.9080246763438785,-0.3803843225445787
57183363,1789028349529000000,4101,HEAD_POSE_ESTIMATE,estimated,-1.4799860714606177,5.176124544102703,8.289293392931459,0.6026005292124089,-0.9386872732151623,-0.3933092982773462
57197363,1789028349543000000,4102,HEAD_POSE_ESTIMATE,estimated,-1.387513234151278,5.294024625251868,8.090785097346508,0.6118841423277839,-0.9694548652139308,-0.42355320445022043
57211363,1789028349557000000,4103,HEAD_POSE_ESTIMATE,estimated,-1.2991936328863896,5.39563337461473,7.915342117906382,0.6056774339105977,-1.0105875357230796,-0.47351057696149873
57225363,1789028349571000000,4104,HEAD_POSE_ESTIMATE,estimated,-1.2143091028463942,5.5200464760316805,7.671293904547781,0.626622219395385,-1.0557392825475405,-0.5332718114267949
57238363,1789028349584000000,4105,HEAD_POSE_ESTIMATE,estimated,-1.1240862266480414,5.662943117870162,7.4739719399091715,0.6679685678919296,-1.0891994332562105,-0.5851364727758548
57252363,1789028349598000000,4106,HEAD_POSE_ESTIMATE,estimated,-1.073929300844303,5.781768484613751,7.136867304652748,0.7631625266847076,-1.1295439099356508,-0.6330210680155017
57265363,1789028349611000000,4107,HEAD_POSE_ESTIMATE,estimated,-0.995620375311696,5.83873666720156,6.850225423052012,0.8532782269338266,-1.1427803635662113,-0.6625184960903775
57279363,1789028349625000000,4108,HEAD_POSE_ESTIMATE,estimated,-0.9091877612839503,5.87203307569891,6.558515862157392,0.9526181569542759,-1.1432829589384075,-0.6734407684960734
57293363,1789028349639000000,4109,HEAD_POSE_ESTIMATE,estimated,-0.8165334125789411,5.8554904030822685,6.246581649795927,1.0423119285051576,-1.1411960221570852,-0.6767623454445589
57307363,1789028349653000000,4110,HEAD_POSE_ESTIMATE,estimated,-0.722670672505526,5.873716684942012,6.019171247389025,1.101721422794852,-1.1430343547182835,-0.680231148741502
57320363,1789028349666000000,4111,HEAD_POSE_ESTIMATE,estimated,-0.6454053811356119,5.964132371743401,5.769764278374681,1.1213768649274758,-1.1506138329967424,-0.6848243899361132
57335363,1789028349681000000,4112,HEAD_POSE_ESTIMATE,estimated,-0.552301669841886,6.024981216157615,5.582225967560659,1.1140135006236542,-1.1569262777826193,-0.6966252325507707
57348363,1789028349694000000,4113,HEAD_POSE_ESTIMATE,estimated,-0.4867020683120833,6.120327266093229,5.434064090065723,1.0864725723683557,-1.1762868713719261,-0.7169517254565538
57364363,1789028349710000000,4114,HEAD_POSE_ESTIMATE,estimated,-0.42567408692414027,6.190890004073102,5.27713820522267,1.0246656278037862,-1.1832332690386762,-0.7345260461133108
57377363,1789028349723000000,4115,HEAD_POSE_ESTIMATE,estimated,-0.3781928590697159,6.282957380119635,5.153991419706073,0.955823066388852,-1.1840050841563763,-0.7463152194177999
57389363,1789028349735000000,4116,HEAD_POSE_ESTIMATE,estimated,-0.3843097907759354,6.392238643559308,5.017964240058076,0.8920372720795722,-1.1806350330527131,-0.7566588366297771
57403363,1789028349749000000,4117,HEAD_POSE_ESTIMATE,estimated,-0.3844787694394647,6.557156522945396,4.888089379338029,0.8286218662852978,-1.1606908698770617,-0.7600557093631559
57417363,1789028349763000000,4118,HEAD_POSE_ESTIMATE,estimated,-0.4111086006192688,6.705405843783601,4.784879778263311,0.7784619691638617,-1.1276372635902576,-0.7607712294743286
57431363,1789028349777000000,4119,HEAD_POSE_ESTIMATE,estimated,-0.42065906221750826,6.801044101689729,4.708009435008254,0.7643873282474578,-1.0923963141078297,-0.764634041734632
57445363,1789028349791000000,4120,HEAD_POSE_ESTIMATE,estimated,-0.45166587279725434,6.873007256344156,4.580521361213706,0.7498643165992724,-1.0460472157399727,-0.7614834683976585
57459363,1789028349805000000,4121,HEAD_POSE_ESTIMATE,estimated,-0.4739663284537889,6.955425013289993,4.519266467138011,0.7510137707029172,-1.005165344724516,-0.7617687231777663
57473363,1789028349819000000,4122,HEAD_POSE_ESTIMATE,estimated,-0.5074932256081222,7.0200965260330745,4.41925345728483,0.7362497260798619,-0.9533259110131016,-0.7470657289971873
57487363,1789028349833000000,4123,HEAD_POSE_ESTIMATE,estimated,-0.4910168153285075,7.115813308587942,4.460370777022552,0.7298763635704006,-0.9214028249130332,-0.7416368774997998
57501363,1789028349847000000,4124,HEAD_POSE_ESTIMATE,estimated,-0.5018426986579478,7.1970879455105505,4.470540697922654,0.7153541073500337,-0.889404650024282,-0.7215874695812627
57515363,1789028349861000000,4125,HEAD_POSE_ESTIMATE,estimated,-0.5271175414712034,7.252164259851125,4.414396304603265,0.6924603545852124,-0.844752116106495,-0.6798567481429533
57529363,1789028349875000000,4126,HEAD_POSE_ESTIMATE,estimated,-0.5702005796408829,7.328186218567921,4.361812285939544,0.6711830465748212,-0.8028782721394659,-0.6268842338387722
57542363,1789028349888000000,4127,HEAD_POSE_ESTIMATE,estimated,-0.5814359381397278,7.3838939576290255,4.351589407726271,0.6424378821198439,-0.7536981256998453,-0.5649711076961854
57557363,1789028349903000000,4128,HEAD_POSE_ESTIMATE,estimated,-0.5938445537754302,7.437188266280812,4.33689451912134,0.5910596551470201,-0.68971818518723,-0.49117856206938276
57571363,1789028349917000000,4129,HEAD_POSE_ESTIMATE,estimated,-0.6039961134739126,7.509546705677725,4.336214907631551,0.5319502639554996,-0.6316435027124554,-0.4276069977373942
57584363,1789028349930000000,4130,HEAD_POSE_ESTIMATE,estimated,-0.6209115830346671,7.60639551675316,4.300790631273468,0.461325125762639,-0.5785963514565463,-0.38079088654690785
57598363,1789028349944000000,4131,HEAD_POSE_ESTIMATE,estimated,-0.6257185883018532,7.736053551975032,4.263647321467349,0.3783805152836466,-0.5242760988804929,-0.3458142023490539
57612363,1789028349958000000,4132,HEAD_POSE_ESTIMATE,estimated,-0.6615990457820324,7.871772594721629,4.209301385842699,0.28900453662732173,-0.4747578619558252,-0.33059153182137085
57626363,1789028349972000000,4133,HEAD_POSE_ESTIMATE,estimated,-0.6946627921853916,7.992888622093889,4.143293738951174,0.22095991732302753,-0.4251017053107375,-0.31734432785032907
57641363,1789028349987000000,4134,HEAD_POSE_ESTIMATE,estimated,-0.7225568992340949,8.09309045032059,4.114562985150485,0.1746801345738434,-0.36965517542859183,-0.30275293045398594
57653363,1789028349999000000,4135,HEAD_POSE_ESTIMATE,estimated,-0.729676459756873,8.163111449397759,4.093438171576343,0.1575808576210648,-0.3200401505789037,-0.28875015735751985
57667363,1789028350013000000,4136,HEAD_POSE_ESTIMATE,estimated,-0.7461110845408231,8.21975421212726,4.043840006505582,0.1733294938343865,-0.26825754652745115,-0.2780872995317428
57681363,1789028350027000000,4137,HEAD_POSE_ESTIMATE,estimated,-0.7198111672045137,8.27465899139729,4.060129077595954,0.2043784535386574,-0.2165945149121753,-0.25778769528716045
57695363,1789028350041000000,4138,HEAD_POSE_ESTIMATE,estimated,-0.7025079344927709,8.322828669887326,4.062740912587308,0.27579380446361645,-0.1766167271769459,-0.24505393010374593
57709363,1789028350055000000,4139,HEAD_POSE_ESTIMATE,estimated,-0.6675371020209898,8.349242905194547,4.066767944049628,0.33207101245745835,-0.13324986505984734,-0.2144809639506919
57724363,1789028350070000000,4140,HEAD_POSE_ESTIMATE,estimated,-0.5491191234705745,8.41898612588629,4.029092464475522,0.37887555605280787,-0.09704480615539741,-0.183300504751256
57738363,1789028350084000000,4141,HEAD_POSE_ESTIMATE,estimated,-0.4357009067426367,8.490784571540313,4.020371341968807,0.40737940470294287,-0.07002346055186917,-0.15275614182783148
57751363,1789028350097000000,4142,HEAD_POSE_ESTIMATE,estimated,-0.3620271939772976,8.54612231353214,4.018415280475433,0.3996172012862675,-0.04409596195585956,-0.11209807129451041
57765363,1789028350111000000,4143,HEAD_POSE_ESTIMATE,estimated,-0.29923794871824105,8.582832885634438,4.040320484795954,0.3717416635162882,-0.03145826792162713,-0.07439551523526439
57780363,1789028350126000000,4144,HEAD_POSE_ESTIMATE,estimated,-0.26159420922896764,8.586019202755956,4.079570041392156,0.3247553887769145,-0.02130535875527619,-0.04035971581186008
57793363,1789028350139000000,4145,HEAD_POSE_ESTIMATE,estimated,-0.2748098985999348,8.599824849938566,4.104333141158342,0.2713943561499842,-0.007301840768767009,-0.00977874706340019
57811363,1789028350157000000,4146,HEAD_POSE_ESTIMATE,estimated,-0.28967655021976474,8.581479610040862,4.178977022144493,0.21842769833312192,-0.008455881177973018,-0.00802391107523634
57825363,1789028350171000000,4147,HEAD_POSE_ESTIMATE,estimated,-0.32753582364952966,8.577572429918323,4.222369144419055,0.18587643992810993,-0.01610039147655527,-0.03532083465407464
57833363,1789028350179000000,4148,HEAD_POSE_ESTIMATE,estimated,-0.3350925559333643,8.589151990235022,4.229862290554228,0.18123207809560493,-0.022980642519416717,-0.07024804345426675
57847363,1789028350193000000,4149,HEAD_POSE_ESTIMATE,estimated,-0.39130826694471743,8.583804047866261,4.255056378653734,0.1589495335080035,-0.04933101312125708,-0.1477918521803702
57861363,1789028350207000000,4150,HEAD_POSE_ESTIMATE,estimated,-0.48120393461133054,8.564786884508566,4.276717860075797,0.14192942937729902,-0.07996970947649061,-0.2166686068106868
57876363,1789028350222000000,4151,HEAD_POSE_ESTIMATE,estimated,-0.543762084771025,8.55490176859485,4.287310602874035,0.12936225310438734,-0.11339415525209658,-0.2669901168857488
57890363,1789028350236000000,4152,HEAD_POSE_ESTIMATE,estimated,-0.5656139776873814,8.557053134929292,4.288417375192702,0.11943405768244032,-0.14502044504049258,-0.2906392547331208
57904363,1789028350250000000,4153,HEAD_POSE_ESTIMATE,estimated,-0.5987174621118312,8.577579067683104,4.307630944803583,0.12212270148046438,-0.17449907754818905,-0.28416348790970597
57918363,1789028350264000000,4154,HEAD_POSE_ESTIMATE,estimated,-0.6284015960689214,8.60538933371772,4.319291684441301,0.12489470569574812,-0.20243182212451952,-0.2440027558673309
57932363,1789028350278000000,4155,HEAD_POSE_ESTIMATE,estimated,-0.4935011918188617,8.696043619968847,4.309641522058925,0.1383896391744699,-0.22743590147846202,-0.20852919074200066
57946363,1789028350292000000,4156,HEAD_POSE_ESTIMATE,estimated,-0.7751457876524831,8.573780445216162,4.392779604678316,0.20118576721732923,-0.25469113642722485,-0.15234010494129993
57961363,1789028350307000000,4157,HEAD_POSE_ESTIMATE,estimated,-0.41495963109345835,8.715148303876084,4.275904273262126,0.22181202689988627,-0.2583686821390383,-0.10515952488960666
57976363,1789028350322000000,4158,HEAD_POSE_ESTIMATE,estimated,-0.3401426646950369,8.726038223470345,4.231406305159708,0.25338065637652873,-0.27963475405365484,-0.08092873757736403
57988363,1789028350334000000,4159,HEAD_POSE_ESTIMATE,estimated,-0.27378309994914796,8.731761952209322,4.198275433987321,0.28139436255052597,-0.2956531127059849,-0.0682879214602297
58000363,1789028350346000000,4160,HEAD_POSE_ESTIMATE,estimated,-0.1894079203443928,8.728998903869199,4.170804456905347,0.30420687391861706,-0.30918898771896847,-0.06632058836593675
58014363,1789028350360000000,4161,HEAD_POSE_ESTIMATE,estimated,-0.20359121015127246,8.694694026509094,4.177098663067296,0.3099730367647087,-0.33577797324619657,-0.08915161853517387
58028363,1789028350374000000,4162,HEAD_POSE_ESTIMATE,estimated,-0.18455936998780864,8.66365795632976,4.2027001439155285,0.30811769511610465,-0.3512423542360339,-0.09517720724706814
58056363,1789028350402000000,4163,HEAD_POSE_ESTIMATE,estimated,-0.31070375577849774,8.545461948808518,4.3372426312315255,0.2797236085299717,-0.3560855976588269,-0.09892233227474126
58067363,1789028350413000000,4164,HEAD_POSE_ESTIMATE,estimated,-0.3333928449925018,8.56940820492435,4.311078406423612,0.26681688481824095,-0.34950386589626686,-0.08346740183490459
58080363,1789028350426000000,4165,HEAD_POSE_ESTIMATE,estimated,-0.42106473762730556,8.587474688898155,4.321424976563277,0.2525874374613769,-0.33534304500209133,-0.09874968005657438
58096363,1789028350442000000,4166,HEAD_POSE_ESTIMATE,estimated,-0.5164240160852707,8.613961054439216,4.332200636756492,0.24277906013297,-0.3097090247858742,-0.11921204903152675
58108363,1789028350454000000,4167,HEAD_POSE_ESTIMATE,estimated,-0.5389843734675542,8.655333327753382,4.300145344539485,0.23342412057013603,-0.2866318356597814,-0.14421821301658103
58123363,1789028350469000000,4168,HEAD_POSE_ESTIMATE,estimated,-0.6478933458615138,8.657465415301042,4.299838722449688,0.23221815728592868,-0.25209664215590294,-0.1906977203780083
58136363,1789028350482000000,4169,HEAD_POSE_ESTIMATE,estimated,-0.8164356317316109,8.640629011311292,4.303423753355396,0.24225202258680423,-0.21987703970089648,-0.2286948685988142
58151363,1789028350497000000,4170,HEAD_POSE_ESTIMATE,estimated,-1.163188431146668,8.58842263724565,4.350696143403805,0.25511402229576097,-0.177366040086063,-0.2789855040152726
58165363,1789028350511000000,4171,HEAD_POSE_ESTIMATE,estimated,-1.071757452807066,8.685053899205714,4.241745784214928,0.2792440305828947,-0.15797458962738614,-0.2954327576082576
58179363,1789028350525000000,4172,HEAD_POSE_ESTIMATE,estimated,-0.8684089278048359,8.845005332459532,4.057091439735865,0.31778750685137247,-0.15478669594402922,-0.3137254375382491
58193363,1789028350539000000,4173,HEAD_POSE_ESTIMATE,estimated,-0.9243197455617911,8.876311879020797,3.985316949010339,0.344237502252405,-0.14316756297953342,-0.30903106126884156
58207363,1789028350553000000,4174,HEAD_POSE_ESTIMATE,estimated,-0.9986509100961108,8.82972054346469,3.958597505912431,0.3702954314832484,-0.13444962881122005,-0.2913386553453764
58220363,1789028350566000000,4175,HEAD_POSE_ESTIMATE,estimated,-1.0095154614301487,8.808922395796186,3.896033232041299,0.38174110145613405,-0.1306695166138788,-0.2577735796630738
58235363,1789028350581000000,4176,HEAD_POSE_ESTIMATE,estimated,-1.042842729863657,8.74342329479214,3.8865613473189686,0.3783848863195999,-0.12519801732900826,-0.20591154426121913
58249363,1789028350595000000,4177,HEAD_POSE_ESTIMATE,estimated,-1.0348477554183533,8.739024736991889,3.9021828620053935,0.3617313080625159,-0.1207032716589267,-0.14962895421830627
58264363,1789028350610000000,4178,HEAD_POSE_ESTIMATE,estimated,-1.0700126133007448,8.749929776544223,3.9424161192551517,0.32392586036998694,-0.11523467853274426,-0.09455727203004137
58278363,1789028350624000000,4179,HEAD_POSE_ESTIMATE,estimated,-1.096731555677248,8.805513593805985,3.965267602904519,0.2757347830843569,-0.10999823010327443,-0.057503683903565604
58291363,1789028350637000000,4180,HEAD_POSE_ESTIMATE,estimated,-1.0863092420001932,8.871654443826886,3.9582382832462977,0.22425894057811258,-0.10600450082299014,-0.04481447856164145
58306363,1789028350652000000,4181,HEAD_POSE_ESTIMATE,estimated,-1.1057682259947974,8.920025841913304,3.9634687507223374,0.1802153071860746,-0.1010193782606583,-0.04203317608912033
58321363,1789028350667000000,4182,HEAD_POSE_ESTIMATE,estimated,-1.100217822193631,8.936624263815755,3.9987416099433726,0.15428108097285737,-0.0951256366080458,-0.05629077581413561
58334363,1789028350680000000,4183,HEAD_POSE_ESTIMATE,estimated,-1.0986337358959037,8.928948443450196,4.011382029012074,0.15290804138675704,-0.08635617282041327,-0.08018161436080581
58347363,1789028350693000000,4184,HEAD_POSE_ESTIMATE,estimated,-1.1363108809782798,8.894931764257228,4.054120856813941,0.16206272743081762,-0.07732957563893424,-0.1057182069660276
58361363,1789028350707000000,4185,HEAD_POSE_ESTIMATE,estimated,-1.1980364965405697,8.853198373472509,4.105812157440982,0.17701628941291922,-0.06457015230536439,-0.1289705696298654
58375363,1789028350721000000,4186,HEAD_POSE_ESTIMATE,estimated,-1.2544194656566896,8.830166618701641,4.125946606061226,0.19146514468921122,-0.04825205351225968,-0.1475797877494955
58389363,1789028350735000000,4187,HEAD_POSE_ESTIMATE,estimated,-1.2739290078571495,8.832867457383676,4.121671328077866,0.20510228625032245,-0.03392648169825299,-0.15571978403200626
58403363,1789028350749000000,4188,HEAD_POSE_ESTIMATE,estimated,-1.2879083335276509,8.854206457526207,4.075253912111538,0.21148334630881366,-0.016119563063660358,-0.15327360287981967
58417363,1789028350763000000,4189,HEAD_POSE_ESTIMATE,estimated,-1.3229759358293283,8.852725923531484,4.068234141767428,0.20762600660220498,0.0052256968695798545,-0.14987534249229997
58431363,1789028350777000000,4190,HEAD_POSE_ESTIMATE,estimated,-1.3418240009574327,8.844323154994042,4.06891615323545,0.18708825198551865,0.02731569507786173,-0.13996982575683442
58445363,1789028350791000000,4191,HEAD_POSE_ESTIMATE,estimated,-1.3808100992867718,8.879131774023122,4.057529289151876,0.1608866340007243,0.04717525429640609,-0.1464230927421352
58459363,1789028350805000000,4192,HEAD_POSE_ESTIMATE,estimated,-1.4243550573647614,8.928894878490027,4.077204892879576,0.1305679032588771,0.06422278686303462,-0.1580514574354634
58473363,1789028350819000000,4193,HEAD_POSE_ESTIMATE,estimated,-1.4880398183353687,9.010815566720602,4.0870474590320915,0.09695209804152738,0.07992821016536893,-0.18147916947240908
58488363,1789028350834000000,4194,HEAD_POSE_ESTIMATE,estimated,-1.547672289240819,9.105150451597819,4.077271838290975,0.075319043425094,0.09376909348788175,-0.20176634626401307
58501363,1789028350847000000,4195,HEAD_POSE_ESTIMATE,estimated,-1.6315968345016052,9.162159011330415,4.057935293557765,0.07135493456224859,0.10947283670890154,-0.22076523279864435
58515363,1789028350861000000,4196,HEAD_POSE_ESTIMATE,estimated,-1.6969158780017115,9.205790003545422,4.024230250162969,0.08514684209909998,0.12928750195044197,-0.23484753551419574
58529363,1789028350875000000,4197,HEAD_POSE_ESTIMATE,estimated,-1.7672156048626193,9.249458528565608,3.9857195033489043,0.0965883353828851,0.1463600673831677,-0.24528159916613407
58543363,1789028350889000000,4198,HEAD_POSE_ESTIMATE,estimated,-1.8488620288806215,9.258922388524258,3.9439334048356893,0.1137641011714338,0.16315672476469062,-0.249824365088466
58559363,1789028350905000000,4199,HEAD_POSE_ESTIMATE,estimated,-1.9216382662288884,9.261686799722344,3.892002943023448,0.13882380766352487,0.1775134353147106,-0.24785781517326277
58571363,1789028350917000000,4200,HEAD_POSE_ESTIMATE,estimated,-1.9912772227249615,9.230205953241478,3.8465560699852177,0.155610349449812,0.18821611409185646,-0.24359311547424467
58584363,1789028350930000000,4201,HEAD_POSE_ESTIMATE,estimated,-2.060040497695476,9.198177533293377,3.7890672327062838,0.18392783858399278,0.19615055106810023,-0.2364040047248755
58597363,1789028350943000000,4202,HEAD_POSE_ESTIMATE,estimated,-2.1353793260792777,9.166886063012333,3.7112556188959274,0.21946682663491968,0.2014942844806014,-0.22556088173710132
58612363,1789028350958000000,4203,HEAD_POSE_ESTIMATE,estimated,-2.1899207386355615,9.150610328040047,3.6123496532348467,0.26058223743947434,0.20828229714406402,-0.21665669106097896
58625363,1789028350971000000,4204,HEAD_POSE_ESTIMATE,estimated,-2.241308563139779,9.118562679188019,3.5199515654547313,0.2946011689569993,0.2094736728620905,-0.2058828192556893
58639363,1789028350985000000,4205,HEAD_POSE_ESTIMATE,estimated,-2.2858332348709647,9.073279500944126,3.4068192093192944,0.3250685233403638,0.2079306451618337,-0.1954290807213492
58654363,1789028351000000000,4206,HEAD_POSE_ESTIMATE,estimated,-2.3311227421457215,9.022703274559072,3.2896548471515725,0.3481600968677568,0.20610457955103167,-0.18748397751466353
58667363,1789028351013000000,4207,HEAD_POSE_ESTIMATE,estimated,-2.377659490311152,8.964931562071339,3.197207160486695,0.3603494077220651,0.2030125606249056,-0.17855912516761813
58681363,1789028351027000000,4208,HEAD_POSE_ESTIMATE,estimated,-2.3674777449684496,8.939314428072693,3.1029056392621057,0.36691062835069477,0.20178535454719626,-0.17209206786705902
58695363,1789028351041000000,4209,HEAD_POSE_ESTIMATE,estimated,-2.372858519393202,8.92596952747441,3.0230377851657857,0.36865933284380636,0.20300411271625804,-0.16669351900592844
58709363,1789028351055000000,4210,HEAD_POSE_ESTIMATE,estimated,-2.3763821460013714,8.94712673879163,2.9463715341909036,0.36534952090479356,0.20331578357599747,-0.16196380509339478
58724363,1789028351070000000,4211,HEAD_POSE_ESTIMATE,estimated,-2.375312609150855,8.96446824020086,2.8690829159693525,0.356982982624298,0.20056072799049207,-0.1537626090068403
58737363,1789028351083000000,4212,HEAD_POSE_ESTIMATE,estimated,-2.354370158288856,8.97733112730181,2.8030043042956363,0.34790580484445005,0.19761331370874818,-0.1520524570916903
58751363,1789028351097000000,4213,HEAD_POSE_ESTIMATE,estimated,-2.327216900709307,8.994742099002494,2.7298790499482326,0.34207456212504694,0.19185794215866273,-0.13959517026228677
58765363,1789028351111000000,4214,HEAD_POSE_ESTIMATE,estimated,-2.268020370911371,8.992816944546698,2.669200326900779,0.33718399485776346,0.18327967357395508,-0.12116200864252902
58779363,1789028351125000000,4215,HEAD_POSE_ESTIMATE,estimated,-2.1875624201344035,8.978575263301998,2.6186047828069587,0.332050478292908,0.1737325037087968,-0.09748850261443197
58793363,1789028351139000000,4216,HEAD_POSE_ESTIMATE,estimated,-2.1248137669653873,8.950429728215035,2.5894038260006043,0.3409723718311702,0.16423413502450482,-0.06544635527912468
58808363,1789028351154000000,4217,HEAD_POSE_ESTIMATE,estimated,-2.0571708561865343,8.923385057886325,2.588172189918087,0.34377835326208395,0.15518432615483885,-0.029186965564350936
58820363,1789028351166000000,4218,HEAD_POSE_ESTIMATE,estimated,-2.0232816144397354,8.899459386881153,2.5890731383513246,0.34177028822806144,0.14877459680867272,0.003875405280208848
58835363,1789028351181000000,4219,HEAD_POSE_ESTIMATE,estimated,-1.9807432014571265,8.857543148285052,2.603119589610513,0.32242522303135507,0.14302619939838582,0.04029836281467115
58851363,1789028351197000000,4220,HEAD_POSE_ESTIMATE,estimated,-1.9556902082966374,8.907956573951928,2.595841779645562,0.2814582517729944,0.1437378999025366,0.07669803264176914
58863363,1789028351209000000,4221,HEAD_POSE_ESTIMATE,estimated,-1.9374761667260405,8.915195985624997,2.594594554268638,0.2538903967452067,0.1422335351742375,0.09382992637182522
58875363,1789028351221000000,4222,HEAD_POSE_ESTIMATE,estimated,-1.9465246676417844,8.966410019103062,2.5784476959868594,0.20254908778280115,0.14214311559953693,0.1008197090869447
58886363,1789028351232000000,4223,HEAD_POSE_ESTIMATE,estimated,-1.9827576921557766,9.004751869949143,2.5612513663280634,0.14437065681060263,0.1423611884069602,0.09135929312773178
58901363,1789028351247000000,4224,HEAD_POSE_ESTIMATE,estimated,-2.0487594073367563,9.06019953829561,2.5777781178664987,0.08128822070268504,0.138257056025852,0.06697027853862036
58915363,1789028351261000000,4225,HEAD_POSE_ESTIMATE,estimated,-2.1122138363250027,9.108354906695782,2.571445792318957,0.03205711441466969,0.128116918598972,0.035691557776728715
58929363,1789028351275000000,4226,HEAD_POSE_ESTIMATE,estimated,-2.194344555708716,9.147923176806458,2.563354000530537,0.006727918558533856,0.11969581422867051,-0.0023314418505347646
58943363,1789028351289000000,4227,HEAD_POSE_ESTIMATE,estimated,-2.262423498676484,9.167561384155507,2.5343845875977156,-0.005943380857805452,0.10625501626366794,-0.03483151251544418
58956363,1789028351302000000,4228,HEAD_POSE_ESTIMATE,estimated,-2.3177643259620204,9.145869540061728,2.5219658023179563,0.001964650727378218,0.0911320649466362,-0.04739496881817686
58971363,1789028351317000000,4229,HEAD_POSE_ESTIMATE,estimated,-2.3157661995799996,9.082933838343072,2.4674803947149346,0.009939874984078273,0.07526056057432905,-0.040646027755777775
58985363,1789028351331000000,4230,HEAD_POSE_ESTIMATE,estimated,-2.3067719450519526,9.050649711420244,2.4103237722462416,0.04612325698107595,0.059329578387127054,-0.024352163432111162
58999363,1789028351345000000,4231,HEAD_POSE_ESTIMATE,estimated,-2.2822503438577257,9.012136729782531,2.354160563775457,0.06044687618347779,0.04694630296953439,0.012974753501705098
59013363,1789028351359000000,4232,HEAD_POSE_ESTIMATE,estimated,-2.252073568736485,8.980230310829858,2.3266330100952746,0.05415590696870846,0.036238893620119554,0.06366403255129544
59027363,1789028351373000000,4233,HEAD_POSE_ESTIMATE,estimated,-2.2159184116863067,8.952593664537366,2.3140048374650095,0.04155571274379549,0.030255469625641535,0.11582267201622935
59041363,1789028351387000000,4234,HEAD_POSE_ESTIMATE,estimated,-2.1403707602912796,8.924273703535047,2.3133417462559986,0.013667742785761541,0.027497871855035116,0.15840025793458043
59055363,1789028351401000000,4235,HEAD_POSE_ESTIMATE,estimated,-2.065977832941978,8.921298651980997,2.307327966191737,-0.03259033023318512,0.03054819650344131,0.19226805845441736
59069363,1789028351415000000,4236,HEAD_POSE_ESTIMATE,estimated,-1.9858072543693381,8.968971631034533,2.312969289050683,-0.09179816519274435,0.03692940430234264,0.2072897275099826
59083363,1789028351429000000,4237,HEAD_POSE_ESTIMATE,estimated,-1.8945762216205764,9.01218573794179,2.3438347977563874,-0.15266150630158448,0.04831205853383499,0.21921993827000677
59097363,1789028351443000000,4238,HEAD_POSE_ESTIMATE,estimated,-1.826381178975097,9.044037899385154,2.376470885303877,-0.2161143377311986,0.06227823434351901,0.22525075023175511
59111363,1789028351457000000,4239,HEAD_POSE_ESTIMATE,estimated,-1.7905214740769007,9.067283294682058,2.421556126493376,-0.27423463062488357,0.0748363818383202,0.23024556437192067
59126363,1789028351472000000,4240,HEAD_POSE_ESTIMATE,estimated,-1.7561132532645736,9.105504298612377,2.457230401710602,-0.338137134964682,0.08770113758840652,0.23248132135011806
59141363,1789028351487000000,4241,HEAD_POSE_ESTIMATE,estimated,-1.7449066329304914,9.155129645565038,2.51708244437838,-0.39690215737030143,0.09736836233954832,0.23285272735565568
59152363,1789028351498000000,4242,HEAD_POSE_ESTIMATE,estimated,-1.7336408824894374,9.205051441382306,2.5635203002420006,-0.4311694060640784,0.09886930462887811,0.23617419221706262
59166363,1789028351512000000,4243,HEAD_POSE_ESTIMATE,estimated,-1.7054759824427927,9.252536199082252,2.595246421346084,-0.45783769681824926,0.10054079945653302,0.23435267176095376
59181363,1789028351527000000,4244,HEAD_POSE_ESTIMATE,estimated,-1.6653862776273711,9.29928573189322,2.652604349470934,-0.45923228847072756,0.09714119529140162,0.22494754279152573
59195363,1789028351541000000,4245,HEAD_POSE_ESTIMATE,estimated,-1.62902996438122,9.346936812879534,2.7012736971740763,-0.43804815010959475,0.08932001848852647,0.21122109812903866
59209363,1789028351555000000,4246,HEAD_POSE_ESTIMATE,estimated,-1.585060739472196,9.408042650175734,2.754642258865389,-0.39537336598064693,0.07719881699480455,0.18640605017968445
59222363,1789028351568000000,4247,HEAD_POSE_ESTIMATE,estimated,-1.5810353498230736,9.466510662591622,2.795718657842081,-0.34666629390341486,0.06405698848755356,0.15963477745102936
59237363,1789028351583000000,4248,HEAD_POSE_ESTIMATE,estimated,-1.5605443383580735,9.526581065503716,2.825287587063367,-0.2758212668697881,0.04589235346245444,0.12425732981837724
59250363,1789028351596000000,4249,HEAD_POSE_ESTIMATE,estimated,-1.569338847998975,9.590773069374128,2.837287862705535,-0.21546375789172162,0.03154613417765149,0.10054569686086494
59264363,1789028351610000000,4250,HEAD_POSE_ESTIMATE,estimated,-1.5607256355941892,9.63137379669593,2.873781934644378,-0.1566278408999512,0.015139552089819956,0.08183866355096096
59278363,1789028351624000000,4251,HEAD_POSE_ESTIMATE,estimated,-1.5532209124741077,9.67597998195003,2.876355612738048,-0.10326088715578674,-0.001989791050370882,0.06153754310140327
59292363,1789028351638000000,4252,HEAD_POSE_ESTIMATE,estimated,-1.534100168620539,9.720602970553287,2.8975981824982218,-0.07368504809608169,-0.018457128346922327,0.04359937215746223
59306363,1789028351652000000,4253,HEAD_POSE_ESTIMATE,estimated,-1.5303010468356053,9.743456208995566,2.902419796347228,-0.052533827156115126,-0.03253578467716143,0.023050050503682418
59325363,1789028351671000000,4254,HEAD_POSE_ESTIMATE,estimated,-1.527693976062498,9.722504835105394,2.852158357547816,-0.036996767142588156,-0.04603731588076631,-0.01111872086014225
59334363,1789028351680000000,4255,HEAD_POSE_ESTIMATE,estimated,-1.5380416181497787,9.725605955325449,2.8430775095590564,-0.031084723889386785,-0.05053456278992733,-0.025552931307662025
59346363,1789028351692000000,4256,HEAD_POSE_ESTIMATE,estimated,-1.5312345832954013,9.700618950591576,2.831700255085664,-0.016932195847189066,-0.054743739378644,-0.04473747683002294
59360363,1789028351706000000,4257,HEAD_POSE_ESTIMATE,estimated,-1.551402270855608,9.664214040190117,2.8044534799841734,0.01156245504994723,-0.05346118092323772,-0.059393636290437424
59375363,1789028351721000000,4258,HEAD_POSE_ESTIMATE,estimated,-1.5398349055763265,9.60396669379105,2.7808389235196542,0.04120818567005669,-0.0458927705367219,-0.06548007097266569
59389363,1789028351735000000,4259,HEAD_POSE_ESTIMATE,estimated,-1.5258570106081546,9.532743324920178,2.776600278140697,0.0810118191078846,-0.0386662794302906,-0.06460785831111195
59404363,1789028351750000000,4260,HEAD_POSE_ESTIMATE,estimated,-1.5011158575671466,9.471425749380934,2.7543854587563086,0.11125571802632775,-0.026529048030696414,-0.05723051175789241
59416363,1789028351762000000,4261,HEAD_POSE_ESTIMATE,estimated,-1.47004094014522,9.423188411947198,2.7440989841899315,0.12903929931568253,-0.011640843610933822,-0.04678618548680474
59430363,1789028351776000000,4262,HEAD_POSE_ESTIMATE,estimated,-1.4316130935027975,9.374886371601665,2.7416835990081436,0.1432966605756261,0.0007952407851080851,-0.037484000317978
59444363,1789028351790000000,4263,HEAD_POSE_ESTIMATE,estimated,-1.4202565364430275,9.340204711234579,2.7719751765094722,0.1348973576554774,0.015322936965180688,-0.03678224455155445
59459363,1789028351805000000,4264,HEAD_POSE_ESTIMATE,estimated,-1.4071755970738486,9.291014101608079,2.791930701896612,0.11804275453919642,0.033790704353938494,-0.0286768955936976
59472363,1789028351818000000,4265,HEAD_POSE_ESTIMATE,estimated,-1.4114734439049024,9.260177956792731,2.8434230060693615,0.09677668905553898,0.05053095529601271,-0.03222371270682028
59486363,1789028351832000000,4266,HEAD_POSE_ESTIMATE,estimated,-1.4185649333618433,9.226895895500755,2.9131509578406067,0.07284130560411593,0.07059181313817485,-0.03106028552385902
59500363,1789028351846000000,4267,HEAD_POSE_ESTIMATE,estimated,-1.4506631342241723,9.203152773114462,2.989245852954467,0.0518694589860135,0.09184103473018845,-0.03157864596005857
59513363,1789028351859000000,4268,HEAD_POSE_ESTIMATE,estimated,-1.4821928990415472,9.191694759706582,3.046891528022086,0.0411042190254998,0.11469323153436638,-0.03684953138588865
59528363,1789028351874000000,4269,HEAD_POSE_ESTIMATE,estimated,-1.525065738999445,9.168740098480315,3.091149963295408,0.03247488139323651,0.13720346112986767,-0.04635570750953528
59542363,1789028351888000000,4270,HEAD_POSE_ESTIMATE,estimated,-1.5594451895599721,9.143492516661658,3.1183824724520672,0.027031276641034614,0.15820843160979003,-0.06051742343631846
59556363,1789028351902000000,4271,HEAD_POSE_ESTIMATE,estimated,-1.599929040512111,9.130796551426604,3.133971762981807,0.02107255607617465,0.1749309698785937,-0.07536389221020216
59570363,1789028351916000000,4272,HEAD_POSE_ESTIMATE,estimated,-1.6439991414321218,9.112436428080485,3.1490127768487244,0.014420338879141592,0.1892925852178421,-0.09859206162140366
59584363,1789028351930000000,4273,HEAD_POSE_ESTIMATE,estimated,-1.6901129342987276,9.113561772744415,3.145410735286899,0.005158335797962385,0.19592698221942173,-0.11681669191409164
59598363,1789028351944000000,4274,HEAD_POSE_ESTIMATE,estimated,-1.745436899432561,9.116368077166424,3.1454120336994613,-0.005231977963344855,0.19823004670117386,-0.12654951998502506
59611363,1789028351957000000,4275,HEAD_POSE_ESTIMATE,estimated,-1.7939112520276763,9.119186016412947,3.1561443460809953,-0.019641127662401666,0.19836649218100605,-0.12779963795626897
59626363,1789028351972000000,4276,HEAD_POSE_ESTIMATE,estimated,-1.8329892858047736,9.128306482685067,3.1424225210803156,-0.02760236337855894,0.19367583994787385,-0.10857707126861715
59639363,1789028351985000000,4277,HEAD_POSE_ESTIMATE,estimated,-1.8602979109120172,9.135487603615562,3.1270407524264443,-0.028606652530975694,0.18534365609841813,-0.07596709538587484
59654363,1789028352000000000,4278,HEAD_POSE_ESTIMATE,estimated,-1.8742260502034505,9.15422973615206,3.1039571241936526,-0.020298596312190133,0.17969373796589933,-0.03141484475826446
59667363,1789028352013000000,4279,HEAD_POSE_ESTIMATE,estimated,-1.8933902111174064,9.150510645172501,3.0752330971754267,-0.006759264190585421,0.17127020313603195,0.012369946830945595
59681363,1789028352027000000,4280,HEAD_POSE_ESTIMATE,estimated,-1.8798228974793736,9.146456249750518,3.0494124651122725,0.012205500546170403,0.1636695338638741,0.049848720723089206
59695363,1789028352041000000,4281,HEAD_POSE_ESTIMATE,estimated,-1.8819908582012865,9.135905922606469,3.022795368383,0.029534857928195404,0.15684024478720313,0.07507778914115895
59709363,1789028352055000000,4282,HEAD_POSE_ESTIMATE,estimated,-1.8784050902291898,9.127116748313341,3.0131108306265237,0.041454677227067166,0.15340635590716667,0.08022204579642453
59723363,1789028352069000000,4283,HEAD_POSE_ESTIMATE,estimated,-1.8682845624998503,9.120936520940537,2.985248280738212,0.04708884499141085,0.15132569840681334,0.0764761406250035
59737363,1789028352083000000,4284,HEAD_POSE_ESTIMATE,estimated,-1.8724779629625496,9.096659395809906,2.966455334672041,0.04608921044813414,0.1515473373491243,0.06442676198749454
59751363,1789028352097000000,4285,HEAD_POSE_ESTIMATE,estimated,-1.8712296661884418,9.082559437831817,2.941421149795221,0.04113095105648215,0.15378904913694702,0.04850844481267437
59765363,1789028352111000000,4286,HEAD_POSE_ESTIMATE,estimated,-1.8675845885553217,9.052508318327689,2.9221393387752523,0.03449351194024166,0.1578991903944058,0.03426067501855184
59779363,1789028352125000000,4287,HEAD_POSE_ESTIMATE,estimated,-1.8606884010518734,9.029435040602966,2.901960389335097,0.029884040665847694,0.16099198815356103,0.02584775501538244
59793363,1789028352139000000,4288,HEAD_POSE_ESTIMATE,estimated,-1.843191442041391,9.008795418030072,2.8976087030931095,0.02768292370536404,0.15792482249490578,0.027642266972543194
59807363,1789028352153000000,4289,HEAD_POSE_ESTIMATE,estimated,-1.8250648282222766,9.010890343329173,2.8892787289262687,0.029294782508691466,0.15393348276332997,0.028236701378914198
59822363,1789028352168000000,4290,HEAD_POSE_ESTIMATE,estimated,-1.790495023649174,9.02437237147235,2.8845184494773846,0.03190821902605408,0.14030555286879415,0.031300271916242794
59835363,1789028352181000000,4291,HEAD_POSE_ESTIMATE,estimated,-1.758882881072141,9.044187014398215,2.875874823328769,0.03744175067932916,0.12084583516053035,0.03857899141038204
59848363,1789028352194000000,4292,HEAD_POSE_ESTIMATE,estimated,-1.7221985655801886,9.086341693946082,2.859575862782638,0.03752045255816243,0.09877528935009607,0.0362902454392965
59863363,1789028352209000000,4293,HEAD_POSE_ESTIMATE,estimated,-1.6747082220190197,9.138876188804662,2.8486209380889167,0.043081228844585574,0.06927896510598161,0.04226510950744001
59876363,1789028352222000000,4294,HEAD_POSE_ESTIMATE,estimated,-1.6330690716440701,9.175578622197625,2.8406115519057047,0.05120854709845585,0.04204088392259289,0.05409347306644829
59891363,1789028352237000000,4295,HEAD_POSE_ESTIMATE,estimated,-1.59207234389456,9.191970292834707,2.8557194478385313,0.06744869603048619,0.015822094626952225,0.07802245152831147
59904363,1789028352250000000,4296,HEAD_POSE_ESTIMATE,estimated,-1.556008421892987,9.213660933694444,2.8676120248975563,0.07854617237392768,-0.004790751682933511,0.10654144477845046
59918363,1789028352264000000,4297,HEAD_POSE_ESTIMATE,estimated,-1.5087654835307316,9.247911670543637,2.891785447542982,0.08596055220713374,-0.023879787546914853,0.1373371801491449
59932363,1789028352278000000,4298,HEAD_POSE_ESTIMATE,estimated,-1.4558296793180963,9.281388424188258,2.920288538082743,0.08646237593348696,-0.04051286280013634,0.16257890184706958
59946363,1789028352292000000,4299,HEAD_POSE_ESTIMATE,estimated,-1.399948847449671,9.338081838036931,2.8784548547077065,0.08262848950261639,-0.05223433650812691,0.19174642548707968
59959363,1789028352305000000,4300,HEAD_POSE_ESTIMATE,estimated,-1.3988769688929994,9.400015236704142,2.8551165009216093,0.07602780733554547,-0.057481966459371106,0.1998725248336498
59974363,1789028352320000000,4301,HEAD_POSE_ESTIMATE,estimated,-1.4370174134265952,9.454988262747305,2.8300217634465463,0.06193273634233483,-0.06512807891923607,0.1894934171270415
59988363,1789028352334000000,4302,HEAD_POSE_ESTIMATE,estimated,-1.4520030636690204,9.47638363858349,2.794494801716918,0.06157149646147025,-0.08197911250183479,0.17108448314823596
60002363,1789028352348000000,4303,HEAD_POSE_ESTIMATE,estimated,-1.4756488731627515,9.485530008244213,2.7793207097843675,0.06331971496879894,-0.09866010947078613,0.14474198390176776
60016363,1789028352362000000,4304,HEAD_POSE_ESTIMATE,estimated,-1.5056480322710457,9.493593311514697,2.748164628860931,0.06952908402240787,-0.11428007865985369,0.11898329491225672
60030363,1789028352376000000,4305,HEAD_POSE_ESTIMATE,estimated,-1.5264046056453529,9.499210657849064,2.708524924665082,0.07770315142750071,-0.13100379133222054,0.0945279904108273
60058363,1789028352404000000,4306,HEAD_POSE_ESTIMATE,estimated,-1.5571121809358806,9.48860276110398,2.6113904027954224,0.10742313197077819,-0.15274922371461122,0.06109036850221897
60071363,1789028352417000000,4307,HEAD_POSE_ESTIMATE,estimated,-1.5355762950210512,9.4799500263705,2.5499449312668148,0.13134270720847807,-0.15788586900443255,0.06602145575272532
60081363,1789028352427000000,4308,HEAD_POSE_ESTIMATE,estimated,-1.5301467237436652,9.46861726531491,2.5044569785357127,0.14843748712045035,-0.15689538006704865,0.07195822157330241
60093363,1789028352439000000,4309,HEAD_POSE_ESTIMATE,estimated,-1.502263920432002,9.44489192996527,2.4578459125912273,0.15824896983313064,-0.15652297852166563,0.07186118716126394
60107363,1789028352453000000,4310,HEAD_POSE_ESTIMATE,estimated,-1.472999664785498,9.405612126580454,2.4300071391563316,0.17498588086115785,-0.15143985333263674,0.07750995220469585
60122363,1789028352468000000,4311,HEAD_POSE_ESTIMATE,estimated,-1.4227933787978753,9.378145769853663,2.4059662103189896,0.18524656144706808,-0.1486759049415495,0.07456214891740508
60136363,1789028352482000000,4312,HEAD_POSE_ESTIMATE,estimated,-1.3464294177314509,9.36387813376474,2.3805493160074667,0.19005476414974556,-0.1422522032842126,0.06694168011365846
60150363,1789028352496000000,4313,HEAD_POSE_ESTIMATE,estimated,-1.289317073601566,9.375057315723696,2.377960399107156,0.19943636455787694,-0.14528948124618135,0.05524415744129033
60165363,1789028352511000000,4314,HEAD_POSE_ESTIMATE,estimated,-1.2031728991828397,9.381757110082141,2.350583045712624,0.20281961010831165,-0.14498775884552148,0.03917449871025485
60179363,1789028352525000000,4315,HEAD_POSE_ESTIMATE,estimated,-1.2068274974095154,9.399436225115721,2.352033207564522,0.21123179574978054,-0.15950605404028897,0.04510978432216628
60193363,1789028352539000000,4316,HEAD_POSE_ESTIMATE,estimated,-1.1569164957492382,9.396006065308868,2.347729042959404,0.21358651459011896,-0.1733718941238887,0.05421228819361176
60207363,1789028352553000000,4317,HEAD_POSE_ESTIMATE,estimated,-1.1071966376244247,9.382500932503213,2.3472889044888174,0.2150061968194427,-0.18915256397166508,0.07213255840151668
60221363,1789028352567000000,4318,HEAD_POSE_ESTIMATE,estimated,-1.0536104428908897,9.364255725335676,2.3527569579004806,0.20954095335515402,-0.20318689817594887,0.08554892917227204
60236363,1789028352582000000,4319,HEAD_POSE_ESTIMATE,estimated,-1.0081532044104098,9.343821818181114,2.3713153521097117,0.20019169640780585,-0.2211636357904901,0.0980737187132642
60250363,1789028352596000000,4320,HEAD_POSE_ESTIMATE,estimated,-0.9583661191972173,9.319219611811354,2.3859585903292997,0.19084910043373027,-0.23769698716330442,0.10597946918222556
60265363,1789028352611000000,4321,HEAD_POSE_ESTIMATE,estimated,-0.895725023321283,9.282708390412928,2.400876760409331,0.1795540670783522,-0.2525176975316767,0.11316371179213967
60279363,1789028352625000000,4322,HEAD_POSE_ESTIMATE,estimated,-0.8596390266139023,9.248899934993407,2.407907881800345,0.16993080089876578,-0.26265442554632634,0.11667399982514715
60293363,1789028352639000000,4323,HEAD_POSE_ESTIMATE,estimated,-0.8549907928017115,9.215990841086898,2.421372944208202,0.17011141892222378,-0.26967864429158483,0.1165866623003118
60306363,1789028352652000000,4324,HEAD_POSE_ESTIMATE,estimated,-0.8467899960979993,9.198070660036288,2.427972944153326,0.1621794259144346,-0.2712505976596493,0.11064399651009516
60322363,1789028352668000000,4325,HEAD_POSE_ESTIMATE,estimated,-0.8531153411665509,9.171896316684926,2.4624082379784498,0.14314026487261863,-0.26823804125995143,0.09832977396055839
60334363,1789028352680000000,4326,HEAD_POSE_ESTIMATE,estimated,-0.843092834962681,9.159396753256633,2.4822784378627705,0.11977652301855699,-0.2624823217578799,0.08355730714270375
60348363,1789028352694000000,4327,HEAD_POSE_ESTIMATE,estimated,-0.8314153030487712,9.17654505231808,2.502233360043284,0.08447392871173283,-0.2519987330981061,0.0691415769745122
60361363,1789028352707000000,4328,HEAD_POSE_ESTIMATE,estimated,-0.8110156390619161,9.199837743977268,2.5274342514528834,0.047576438025730985,-0.23876004137613022,0.06245922448100424
60375363,1789028352721000000,4329,HEAD_POSE_ESTIMATE,estimated,-0.7952007375000283,9.243138923558767,2.5334006897066765,0.00810287139191918,-0.22177832270711328,0.06460360637852619
60389363,1789028352735000000,4330,HEAD_POSE_ESTIMATE,estimated,-0.7889019997887414,9.28267904067975,2.5368068854478483,-0.02157461620444558,-0.20509767208785376,0.06470271817274177
60402363,1789028352748000000,4331,HEAD_POSE_ESTIMATE,estimated,-0.791674046743244,9.316275911457476,2.548698767620035,-0.044614425064236865,-0.19072538357572677,0.06551667834345073
60417363,1789028352763000000,4332,HEAD_POSE_ESTIMATE,estimated,-0.7979626294156283,9.376864789941303,2.5384583069089026,-0.06412208909391247,-0.17421702086110077,0.06822569287714839
60431363,1789028352777000000,4333,HEAD_POSE_ESTIMATE,estimated,-0.819621970350541,9.445804523124444,2.521110504852663,-0.07996702148779308,-0.1601994883557599,0.07294689444477213
60444363,1789028352790000000,4334,HEAD_POSE_ESTIMATE,estimated,-0.8283741767940851,9.507404473147412,2.5071274677793847,-0.08613374959091542,-0.14772683674330417,0.07770220501988356
60459363,1789028352805000000,4335,HEAD_POSE_ESTIMATE,estimated,-0.8258388006191183,9.576085892669465,2.480432054885658,-0.08538619223628527,-0.13482919573193144,0.08315005478506907
60472363,1789028352818000000,4336,HEAD_POSE_ESTIMATE,estimated,-0.8247312068854924,9.61730992047456,2.4466516414790105,-0.0838315583605245,-0.1272000406324216,0.08522439578582051
60487363,1789028352833000000,4337,HEAD_POSE_ESTIMATE,estimated,-0.8190742654155493,9.65488989779672,2.3934412111675583,-0.07465895230367497,-0.12151530579387204,0.08073094145943503
60500363,1789028352846000000,4338,HEAD_POSE_ESTIMATE,estimated,-0.8056487016153895,9.666263576660993,2.3524168944398776,-0.06446810440766451,-0.11839974360728801,0.07201132662208784
60515363,1789028352861000000,4339,HEAD_POSE_ESTIMATE,estimated,-0.7880211464201731,9.669773028852921,2.2980941864235556,-0.052833020204661754,-0.11594554568980407,0.06106840347806404
60529363,1789028352875000000,4340,HEAD_POSE_ESTIMATE,estimated,-0.7705878956129253,9.664881968986727,2.2395491671044874,-0.031490060387029374,-0.11533219743853398,0.0535142216284475
60547363,1789028352893000000,4341,HEAD_POSE_ESTIMATE,estimated,-0.7505857765102034,9.651832646586811,2.1649308322512746,-0.0021122089940478423,-0.1146088630292657,0.05169233130048868
60555363,1789028352901000000,4342,HEAD_POSE_ESTIMATE,estimated,-0.7355817677074068,9.646145599707907,2.1285894094637934,0.009806508956705423,-0.1164552527964719,0.04899770944773675
60569363,1789028352915000000,4343,HEAD_POSE_ESTIMATE,estimated,-0.7265897515410573,9.632006115022792,2.072541734533372,0.03186934956843336,-0.11805870339429442,0.05295941613772659
60584363,1789028352930000000,4344,HEAD_POSE_ESTIMATE,estimated,-0.7076469222287727,9.602972886818433,1.9963415005106406,0.05045829325016361,-0.1224798986012654,0.05655371760363951
60598363,1789028352944000000,4345,HEAD_POSE_ESTIMATE,estimated,-0.6878367691255558,9.58198475505273,1.9348632578379197,0.06017162973677101,-0.1280322244374918,0.059561726458635875
60612363,1789028352958000000,4346,HEAD_POSE_ESTIMATE,estimated,-0.6748881754811386,9.528236519849596,1.891060359633992,0.06464589298714678,-0.13212791999301757,0.06323510024546294
60625363,1789028352971000000,4347,HEAD_POSE_ESTIMATE,estimated,-0.6635287763381859,9.484181416136279,1.8563294889046593,0.061876672647005256,-0.136305541366312,0.06380984135541226
60641363,1789028352987000000,4348,HEAD_POSE_ESTIMATE,estimated,-0.6737671181104338,9.43402197790016,1.8376246460347818,0.049769116581922665,-0.14103700142121428,0.05915668149070447
60653363,1789028352999000000,4349,HEAD_POSE_ESTIMATE,estimated,-0.6910442688812419,9.417191291168502,1.8318892254264396,0.039694260701178624,-0.14545899166776316,0.05336251640351756
60666363,1789028353012000000,4350,HEAD_POSE_ESTIMATE,estimated,-0.6926977694828523,9.375736183942971,1.8378872569959777,0.021499924809663562,-0.14491879120998016,0.04665539954169177
60680363,1789028353026000000,4351,HEAD_POSE_ESTIMATE,estimated,-0.7025139572820867,9.34644863549889,1.8493858270067796,-0.0117958735848243,-0.14657341687529815,0.03280180486676191
60693363,1789028353039000000,4352,HEAD_POSE_ESTIMATE,estimated,-0.7182390219022645,9.320458500160107,1.8693855776456014,-0.04202035228910959,-0.1431225213815923,0.018447174038944365
60708363,1789028353054000000,4353,HEAD_POSE_ESTIMATE,estimated,-0.7221908050798667,9.304820504051959,1.8929487976320236,-0.08476481697673345,-0.13649231401539844,-0.001324419773210439
60721363,1789028353067000000,4354,HEAD_POSE_ESTIMATE,estimated,-0.7217722783580539,9.287761068651866,1.9401474711152331,-0.12842660561812871,-0.12905440838910634,-0.022237325660548223
60736363,1789028353082000000,4355,HEAD_POSE_ESTIMATE,estimated,-0.7089883459805142,9.291442915262191,1.9826657553869709,-0.1771034766081555,-0.11937243427973415,-0.04378365213357249
60751363,1789028353097000000,4356,HEAD_POSE_ESTIMATE,estimated,-0.6996441581280126,9.307751319785536,2.0362998687645724,-0.22430625540183746,-0.1112902263848634,-0.06513522382957157
60765363,1789028353111000000,4357,HEAD_POSE_ESTIMATE,estimated,-0.7006958671026562,9.33898133858341,2.111774915280171,-0.2592463700428846,-0.10528163162565606,-0.07612115747807419
60776363,1789028353122000000,4358,HEAD_POSE_ESTIMATE,estimated,-0.7018023089034842,9.37141240467727,2.168148720879694,-0.2814886017634153,-0.10004461663517714,-0.07897934793704484
60791363,1789028353137000000,4359,HEAD_POSE_ESTIMATE,estimated,-0.707490030732838,9.417600276754325,2.229253410768397,-0.29804388380038366,-0.09302176316169364,-0.07783323183914384
60805363,1789028353151000000,4360,HEAD_POSE_ESTIMATE,estimated,-0.7028784286189771,9.473917569796123,2.3041746179531377,-0.30659787872609295,-0.08500482363725888,-0.06837582146765574
60818363,1789028353164000000,4361,HEAD_POSE_ESTIMATE,estimated,-0.6927207214201074,9.546352786595401,2.361162991873294,-0.31151598014836923,-0.07647721129907742,-0.055714314197177886
60832363,1789028353178000000,4362,HEAD_POSE_ESTIMATE,estimated,-0.6813112663816902,9.587639079238823,2.4207316466261926,-0.32312672370266854,-0.06645437964842273,-0.043516379942040086
60845363,1789028353191000000,4363,HEAD_POSE_ESTIMATE,estimated,-0.6695525212385625,9.625948994824737,2.4702717802114713,-0.3189366933864072,-0.05485524846168765,-0.028444020468713138
60859363,1789028353205000000,4364,HEAD_POSE_ESTIMATE,estimated,-0.6617270030424776,9.672983382204734,2.5183237825634954,-0.3043213801675231,-0.04136095054998867,-0.01237285670432382
60873363,1789028353219000000,4365,HEAD_POSE_ESTIMATE,estimated,-0.6643726406467623,9.718004907060028,2.559720319409923,-0.2826081595147677,-0.02551827115548088,-0.00404136420283736
60888363,1789028353234000000,4366,HEAD_POSE_ESTIMATE,estimated,-0.6814085414906681,9.746406422158552,2.5884397083017534,-0.2503958200966362,-0.010431889625392272,0.0072561913770318575
60901363,1789028353247000000,4367,HEAD_POSE_ESTIMATE,estimated,-0.7010916199303335,9.768782548634315,2.6163544830143404,-0.21686149994106768,0.002263985349823413,0.01230474909436392
60916363,1789028353262000000,4368,HEAD_POSE_ESTIMATE,estimated,-0.7313546026760979,9.78182842256896,2.6202481716094144,-0.18248361916535555,0.013827856624172588,0.011179072351689346
60930363,1789028353276000000,4369,HEAD_POSE_ESTIMATE,estimated,-0.7535572448259207,9.762245095975834,2.587942291907225,-0.15398365108960776,0.01928957773805609,0.003498545558766678
60945363,1789028353291000000,4370,HEAD_POSE_ESTIMATE,estimated,-0.7617139375931458,9.733212375330558,2.4874735702691635,-0.12058708636041429,0.022384380693211796,-0.006322940084053693
60959363,1789028353305000000,4371,HEAD_POSE_ESTIMATE,estimated,-0.777935245876947,9.683862903191319,2.403586196694429,-0.09281570823762685,0.02239726242621461,-0.021394595172373236
60972363,1789028353318000000,4372,HEAD_POSE_ESTIMATE,estimated,-0.8163853903087327,9.594859382529856,2.353442397446395,-0.06665848937891679,0.021266617191644643,-0.039076500169439754
60987363,1789028353333000000,4373,HEAD_POSE_ESTIMATE,estimated,-0.8499395731877863,9.499313029072665,2.253931180135812,-0.04332239539537851,0.019339485934430415,-0.05272042971262687
61002363,1789028353348000000,4374,HEAD_POSE_ESTIMATE,estimated,-0.9142136597340317,9.397491926558384,2.1696120832142762,-0.028510448649029817,0.017747419324647004,-0.05891232590350337
61014363,1789028353360000000,4375,HEAD_POSE_ESTIMATE,estimated,-0.9641634388279063,9.317946872724276,2.1000236746622076,-0.02662735702763063,0.01760769421472861,-0.05686212072308753
61028363,1789028353374000000,4376,HEAD_POSE_ESTIMATE,estimated,-1.0411120697006628,9.25139423446894,2.1014162030967114,-0.01888155779218444,0.017164284091059027,-0.04574274386745054
61044363,1789028353390000000,4377,HEAD_POSE_ESTIMATE,estimated,-1.1258606103216917,9.197382360367174,2.0576228960896596,-0.020881361003416095,0.01800773550423518,-0.034826806101302676
61055363,1789028353401000000,4378,HEAD_POSE_ESTIMATE,estimated,-1.1782196764937871,9.168644685534069,2.0572975070004906,-0.027997179736968882,0.020122778019541623,-0.023613094787785435
61069363,1789028353415000000,4379,HEAD_POSE_ESTIMATE,estimated,-1.2475831914899382,9.211954001245525,2.0932083995553055,-0.06257579913045311,0.022235118867961274,-0.02322955936246525
61085363,1789028353431000000,4380,HEAD_POSE_ESTIMATE,estimated,-1.3149566432204862,9.310433392584663,2.1821847726882524,-0.118789867040279,0.02652892065632999,-0.03250854464969492
61096363,1789028353442000000,4381,HEAD_POSE_ESTIMATE,estimated,-1.3565235325243648,9.375368516617868,2.251464508138216,-0.17266509574700906,0.02935362416250149,-0.04410024489604921
61111363,1789028353457000000,4382,HEAD_POSE_ESTIMATE,estimated,-1.4169540530209228,9.480249232705818,2.3571114974156595,-0.24223642005782867,0.03459945141183277,-0.06232772431041639
61124363,1789028353470000000,4383,HEAD_POSE_ESTIMATE,estimated,-1.440926485894162,9.559589712868567,2.438876894739333,-0.28975498167923686,0.03921157743192583,-0.08058271136177272
61141363,1789028353487000000,4384,HEAD_POSE_ESTIMATE,estimated,-1.467367267406909,9.62173514776145,2.5994150320048623,-0.32364056393974727,0.04380157460562742,-0.10611876438416537
61152363,1789028353498000000,4385,HEAD_POSE_ESTIMATE,estimated,-1.4883685802253885,9.633865835251804,2.7089725316923676,-0.32986635059323294,0.048599916117390375,-0.1251865989041282
61166363,1789028353512000000,4386,HEAD_POSE_ESTIMATE,estimated,-1.4764695617760593,9.613243365569062,2.8016538805354343,-0.3182113451434332,0.04994120041951727,-0.14370380794752102
61180363,1789028353526000000,4387,HEAD_POSE_ESTIMATE,estimated,-1.461846760980394,9.528801258527592,2.9337619587607575,-0.2896594783289872,0.04873227968211609,-0.1561455779670667
61194363,1789028353540000000,4388,HEAD_POSE_ESTIMATE,estimated,-1.4524065256699532,9.411528035059257,3.0326104193538326,-0.24728791374805167,0.043691435961948966,-0.16137033925956176
61208363,1789028353554000000,4389,HEAD_POSE_ESTIMATE,estimated,-1.4385597477814362,9.320471742981526,3.140569987529208,-0.19129923639453586,0.03712890065143417,-0.1607674876139544
61222363,1789028353568000000,4390,HEAD_POSE_ESTIMATE,estimated,-1.4792583131993244,9.243657522886103,3.1942691889326396,-0.13607599944321908,0.026822277222093325,-0.15974715276780835
61236363,1789028353582000000,4391,HEAD_POSE_ESTIMATE,estimated,-1.5248788000403484,9.181597010127959,3.2582486272942033,-0.0915638800301241,0.010385377531119833,-0.1639301675668622
61251363,1789028353597000000,4392,HEAD_POSE_ESTIMATE,estimated,-1.5880724718241568,9.165467596339408,3.385514715450778,-0.060591714004251104,-0.007956957554200119,-0.1723431932575016
61265363,1789028353611000000,4393,HEAD_POSE_ESTIMATE,estimated,-1.6452809707682219,9.237806578578,3.4361634500794467,-0.05636498045921907,-0.0299986458822134,-0.18922351544169166
61279363,1789028353625000000,4394,HEAD_POSE_ESTIMATE,estimated,-1.6863909596941946,9.318703445070891,3.5321007864357186,-0.06823741483742565,-0.059614808713131656,-0.2114822300028607
61294363,1789028353640000000,4395,HEAD_POSE_ESTIMATE,estimated,-1.727118447108872,9.377017625894666,3.6132157366800173,-0.1035748258162541,-0.09519844995230564,-0.2515281767241303
61307363,1789028353653000000,4396,HEAD_POSE_ESTIMATE,estimated,-1.740258342988948,9.381524366459429,3.681183352241119,-0.1403539710158056,-0.13080167125934272,-0.28587883377160433
61324363,1789028353670000000,4397,HEAD_POSE_ESTIMATE,estimated,-1.7399750667715832,9.344904435105526,3.7923311900166325,-0.17789405672986025,-0.17431101078842184,-0.3130099028134307
61333363,1789028353679000000,4398,HEAD_POSE_ESTIMATE,estimated,-1.7297526974983368,9.273246808286661,3.8454272409544386,-0.19766260061848748,-0.2016094834305377,-0.3336290971949214
61346363,1789028353692000000,4399,HEAD_POSE_ESTIMATE,estimated,-1.6949764207660039,9.203140684770554,3.9029381585497043,-0.21014357994211114,-0.22609876708853172,-0.32502728617033283
61361363,1789028353707000000,4400,HEAD_POSE_ESTIMATE,estimated,-1.6593429446339902,9.070684457625312,3.983619925496191,-0.20822062726781373,-0.24353102788780445,-0.2908069427557502
61374363,1789028353720000000,4401,HEAD_POSE_ESTIMATE,estimated,-1.5995553969269307,8.951713972847575,4.026638343981225,-0.180258102211453,-0.2468737578881686,-0.2330604086023388
61388363,1789028353734000000,4402,HEAD_POSE_ESTIMATE,estimated,-1.5289420895480716,8.815051692159054,4.043955258551993,-0.14424571895490002,-0.24486000236326233,-0.16763989625137704
61402363,1789028353748000000,4403,HEAD_POSE_ESTIMATE,estimated,-1.4028925757403512,8.719587120387505,4.037028845377691,-0.09873879050714149,-0.23002244312372003,-0.09864185674649688
61416363,1789028353762000000,4404,HEAD_POSE_ESTIMATE,estimated,-1.321138923510405,8.688268437798586,4.005603148315797,-0.05972468272889488,-0.20619817678865562,-0.042203539730296925
61431363,1789028353777000000,4405,HEAD_POSE_ESTIMATE,estimated,-1.2398116420263507,8.69960587665523,3.979414400454671,-0.026439623729166126,-0.1769890702126976,0.0009557312211202341
61445363,1789028353791000000,4406,HEAD_POSE_ESTIMATE,estimated,-1.1988310091737393,8.766368868582985,3.8796819054835767,-0.00884334167490506,-0.1479746391277513,0.01784397084749933
61459363,1789028353805000000,4407,HEAD_POSE_ESTIMATE,estimated,-1.14649025651973,8.80503838137979,3.865434883338795,0.00264151836138413,-0.11364415921475997,0.018353214024239953
61471363,1789028353817000000,4408,HEAD_POSE_ESTIMATE,estimated,-1.1438334041580236,8.869029289352113,3.838252436761985,0.0022347667886127884,-0.0901790045803394,0.0011621254247006574
61487363,1789028353833000000,4409,HEAD_POSE_ESTIMATE,estimated,-1.1529709149612033,8.964630555756642,3.7965775017724055,0.004263087653909704,-0.06353582877151215,-0.0297731232037161
61500363,1789028353846000000,4410,HEAD_POSE_ESTIMATE,estimated,-1.176388199637403,9.01269630786423,3.7645003846816496,0.004401370901025883,-0.04369054101428474,-0.06239910068119895
61515363,1789028353861000000,4411,HEAD_POSE_ESTIMATE,estimated,-1.205724162501358,9.018033938386303,3.730014507190394,0.012625991048313558,-0.025459492550954674,-0.08622080470797178
61529363,1789028353875000000,4412,HEAD_POSE_ESTIMATE,estimated,-1.2292141379611783,9.023733643337858,3.73040436107262,0.022743187114302513,-0.011494528812898237,-0.11060288494679034
61544363,1789028353890000000,4413,HEAD_POSE_ESTIMATE,estimated,-1.2850533189403521,9.012335495610609,3.7273869116173874,0.031683335016746486,0.0012481206432952017,-0.12614573995656797
61557363,1789028353903000000,4414,HEAD_POSE_ESTIMATE,estimated,-1.3375296177814917,8.993188580643082,3.7300406858511526,0.03828453407834511,0.008584619407021956,-0.13226296974265953
61575363,1789028353921000000,4415,HEAD_POSE_ESTIMATE,estimated,-1.4190179768131794,9.038156674887917,3.762001482374965,0.031341402873830984,0.015746829803692356,-0.14834222177230874
61585363,1789028353931000000,4416,HEAD_POSE_ESTIMATE,estimated,-1.4719258096928804,9.04130098657951,3.7718567526300952,0.0324896911963154,0.014791423677174417,-0.15681943718287444
61599363,1789028353945000000,4417,HEAD_POSE_ESTIMATE,estimated,-1.5011046100663523,9.06511165189704,3.8100517349216942,0.025246012764133078,0.012942370503436272,-0.16278272890556397
61612363,1789028353958000000,4418,HEAD_POSE_ESTIMATE,estimated,-1.5267720186255713,9.08784771813993,3.834948270581619,0.019361766374428258,0.015053450995110169,-0.16565507770101615
61626363,1789028353972000000,4419,HEAD_POSE_ESTIMATE,estimated,-1.548811570823756,9.110400010040282,3.877184355256252,0.021497931437760128,0.009092733762159423,-0.1628080881127597
61642363,1789028353988000000,4420,HEAD_POSE_ESTIMATE,estimated,-1.5710654835695925,9.112134546664503,3.9433438858479084,0.03609286937088545,-0.0029837045186169044,-0.15497513287889217
61653363,1789028353999000000,4421,HEAD_POSE_ESTIMATE,estimated,-1.589149151920728,9.09600753959641,3.9862129782962232,0.052592665316095355,-0.01765851396657625,-0.14940457001839455
61667363,1789028354013000000,4422,HEAD_POSE_ESTIMATE,estimated,-1.598602720028405,9.112761529379966,4.025621950391121,0.07178509149089192,-0.04122279917146217,-0.1517070356932128
61681363,1789028354027000000,4423,HEAD_POSE_ESTIMATE,estimated,-1.6058535016568611,9.14765116999017,4.059841335637253,0.08968380121667602,-0.06837367210139444,-0.153139590682556
61695363,1789028354041000000,4424,HEAD_POSE_ESTIMATE,estimated,-1.62534637359913,9.192006795498681,4.057506293552579,0.11559217743505652,-0.09496075773921411,-0.1417600090209538
61709363,1789028354055000000,4425,HEAD_POSE_ESTIMATE,estimated,-1.6423076191206374,9.197852453154825,4.028525231841986,0.1419971849298128,-0.12652202998207118,-0.13179069830567794
61724363,1789028354070000000,4426,HEAD_POSE_ESTIMATE,estimated,-1.6191993305239671,9.180517534331303,3.978522161715954,0.1802752387408601,-0.15413898002175833,-0.10502755202646387
61737363,1789028354083000000,4427,HEAD_POSE_ESTIMATE,estimated,-1.5956782614596041,9.144491472375673,3.92813933243566,0.21713356038523737,-0.17416593314581344,-0.07380468280679697
61751363,1789028354097000000,4428,HEAD_POSE_ESTIMATE,estimated,-1.5673977957033134,9.087082677877627,3.8609230720124805,0.2583765872566228,-0.18942609092327053,-0.037820705062575205
61765363,1789028354111000000,4429,HEAD_POSE_ESTIMATE,estimated,-1.5505854507305896,9.045745647645516,3.762299319069533,0.3078739651845978,-0.20006280807877017,-0.007365188644158829
61780363,1789028354126000000,4430,HEAD_POSE_ESTIMATE,estimated,-1.4858825814247743,9.00802977038292,3.6379525406760065,0.3632819326322796,-0.20872666278823826,0.022406807735609217
61791363,1789028354137000000,4431,HEAD_POSE_ESTIMATE,estimated,-1.4475754089666597,8.99527682913991,3.5248384466854086,0.41595604153970683,-0.212633582085344,0.043427184326923475
61806363,1789028354152000000,4432,HEAD_POSE_ESTIMATE,estimated,-1.3933665343906991,8.92979630673084,3.385506355235479,0.4710234478377307,-0.21666130735961578,0.05846908376469053
61819363,1789028354165000000,4433,HEAD_POSE_ESTIMATE,estimated,-1.331370059884053,8.91628313611208,3.2135080687733675,0.5115907346598144,-0.22196914836545523,0.06412582258836438
61834363,1789028354180000000,4434,HEAD_POSE_ESTIMATE,estimated,-1.2946190570330809,8.882102279673267,3.0586993472103017,0.5340765297952711,-0.23141437086699707,0.058859304385363555
61848363,1789028354194000000,4435,HEAD_POSE_ESTIMATE,estimated,-1.2711186547692184,8.870069741028754,2.9233378413815694,0.5344851502063598,-0.2421274754874007,0.04029897004405411
61863363,1789028354209000000,4436,HEAD_POSE_ESTIMATE,estimated,-1.2521623761172693,8.873490712464143,2.794999138619242,0.5100980365491764,-0.2538334933023327,0.01349694808989344
61877363,1789028354223000000,4437,HEAD_POSE_ESTIMATE,estimated,-1.232052275476917,8.895345015060888,2.6881368985599154,0.4670622355157646,-0.2642960809718137,-0.013717205597876961
61891363,1789028354237000000,4438,HEAD_POSE_ESTIMATE,estimated,-1.202634145896099,8.948832738113072,2.6045586571791337,0.43087366101246805,-0.27794415831496216,-0.037792342802586504
61905363,1789028354251000000,4439,HEAD_POSE_ESTIMATE,estimated,-1.1805224586155039,8.970000424667617,2.5564712752343692,0.3810833491754955,-0.28195954163504744,-0.04642995250883773
61919363,1789028354265000000,4440,HEAD_POSE_ESTIMATE,estimated,-1.1260593291325736,8.970037019858315,2.5134476033605884,0.31259653629787304,-0.2773082620541789,-0.04225613110968826
61933363,1789028354279000000,4441,HEAD_POSE_ESTIMATE,estimated,-1.081393757403276,8.965919694614286,2.4847138142196683,0.25177865377715813,-0.26441570512496226,-0.009541959508986432
61947363,1789028354293000000,4442,HEAD_POSE_ESTIMATE,estimated,-1.0318064391472959,8.978022753797648,2.443259384264584,0.17026169892936377,-0.2471466324356808,0.024955391540408534
61961363,1789028354307000000,4443,HEAD_POSE_ESTIMATE,estimated,-0.9836464317065189,8.97573514650903,2.4320255554668773,0.08142609957258531,-0.23026294636680406,0.06090446013466069
61974363,1789028354320000000,4444,HEAD_POSE_ESTIMATE,estimated,-0.9473939004300886,8.98691370271154,2.4132570185667,-0.003929967580937882,-0.21286600420175172,0.10065318358550099
61988363,1789028354334000000,4445,HEAD_POSE_ESTIMATE,estimated,-0.9247782241628377,8.998729206981613,2.402601439208157,-0.08753602435957122,-0.20278708491412914,0.11754663528478468
62002363,1789028354348000000,4446,HEAD_POSE_ESTIMATE,estimated,-0.8949775032238428,8.971133931698969,2.4436534952501128,-0.16384850348597957,-0.20241331169097604,0.10659240566999367
62015363,1789028354361000000,4447,HEAD_POSE_ESTIMATE,estimated,-0.8864230247991977,8.936653564991845,2.4597030644098874,-0.23008891266390422,-0.21500156433489334,0.06837326317999862
62029363,1789028354375000000,4448,HEAD_POSE_ESTIMATE,estimated,-0.8989039816092004,8.908386312170192,2.496112540920348,-0.2729210031403561,-0.23539341848258033,0.003038764510547009
62044363,1789028354390000000,4449,HEAD_POSE_ESTIMATE,estimated,-0.9490800898857029,8.915204044010341,2.570968707416434,-0.3107215823407862,-0.2654330921348501,-0.08065733013462538
62056363,1789028354402000000,4450,HEAD_POSE_ESTIMATE,estimated,-0.9894720451365957,8.937808886944012,2.6329549712405886,-0.33092467961464145,-0.2955572914884604,-0.15570789197222198
62070363,1789028354416000000,4451,HEAD_POSE_ESTIMATE,estimated,-1.0379164800203478,8.954432547437921,2.7057286402311234,-0.3626242847579654,-0.32426799917063087,-0.2277286722786091
62085363,1789028354431000000,4452,HEAD_POSE_ESTIMATE,estimated,-1.1319577217610675,8.982132508999232,2.807156035108656,-0.38455339623692475,-0.3527428626430093,-0.28033834722685946
62098363,1789028354444000000,4453,HEAD_POSE_ESTIMATE,estimated,-1.1961896172637567,9.016834990522081,2.9087884482809216,-0.4015109523145797,-0.37175973723929756,-0.30225721943500716
62111363,1789028354457000000,4454,HEAD_POSE_ESTIMATE,estimated,-1.2517623743767767,9.057677274014138,3.0353443867558485,-0.4283513495386665,-0.38577887619072226,-0.2973536410391836
62125363,1789028354471000000,4455,HEAD_POSE_ESTIMATE,estimated,-1.3163065266175646,9.109176257173495,3.1656887865984875,-0.4365440015045229,-0.397495892264157,-0.2850850592135963
62139363,1789028354485000000,4456,HEAD_POSE_ESTIMATE,estimated,-1.3688308643700253,9.162566736199183,3.342649047118588,-0.4398220145185484,-0.4042017527555969,-0.26693804287436557
62153363,1789028354499000000,4457,HEAD_POSE_ESTIMATE,estimated,-1.4285545043467693,9.252756599980373,3.487586612208909,-0.43220372129308315,-0.40438725142188303,-0.24434799484981107
62167363,1789028354513000000,4458,HEAD_POSE_ESTIMATE,estimated,-1.4850438358176088,9.301834395552998,3.6234908356836497,-0.41032100503404595,-0.4043555127793444,-0.23252449819791585
62181363,1789028354527000000,4459,HEAD_POSE_ESTIMATE,estimated,-1.525625556264917,9.355677478033204,3.7369389397524415,-0.3739291686162439,-0.39463760726285674,-0.21375286800287588
62195363,1789028354541000000,4460,HEAD_POSE_ESTIMATE,estimated,-1.5733933599226277,9.400469236514175,3.8459918765308205,-0.325942901243008,-0.3744453056766882,-0.19216956131188073
62209363,1789028354555000000,4461,HEAD_POSE_ESTIMATE,estimated,-1.6036697438642826,9.380964905353684,3.9278837310137575,-0.2830753120498898,-0.35031263281298713,-0.1523421053740587
62224363,1789028354570000000,4462,HEAD_POSE_ESTIMATE,estimated,-1.625126194769018,9.346977615598256,3.9900812305484292,-0.23412025466592593,-0.3117722544543816,-0.09590236076638602
62238363,1789028354584000000,4463,HEAD_POSE_ESTIMATE,estimated,-1.6254701406859378,9.311321975768559,4.042816307186943,-0.18714874244890103,-0.2630260187390269,-0.02808730887884256
62252363,1789028354598000000,4464,HEAD_POSE_ESTIMATE,estimated,-1.598068447935844,9.26924316468613,4.070164583366489,-0.1516391821270245,-0.2121336396838695,0.05274131713673744
62266363,1789028354612000000,4465,HEAD_POSE_ESTIMATE,estimated,-1.5834996519637663,9.237445849238325,4.107273884138273,-0.1099987239773576,-0.1596226168469961,0.11760119787239273
62280363,1789028354626000000,4466,HEAD_POSE_ESTIMATE,estimated,-1.5517353630625101,9.213363227662798,4.113021264294618,-0.06219879419469742,-0.10401837316661387,0.1630584510872065
62293363,1789028354639000000,4467,HEAD_POSE_ESTIMATE,estimated,-1.5211578422519934,9.163184450609403,4.105920425142929,-0.019508778559413024,-0.06066825375474981,0.201218626977244
62307363,1789028354653000000,4468,HEAD_POSE_ESTIMATE,estimated,-1.5059408487349155,9.108086181370433,4.111489972991479,0.024248165910168998,-0.015214739793400205,0.20928197081612482
62322363,1789028354668000000,4469,HEAD_POSE_ESTIMATE,estimated,-1.4699435101628522,9.079751765647336,4.063643514844192,0.06779678590625322,0.031196945726113062,0.20476660733250945
62334363,1789028354680000000,4470,HEAD_POSE_ESTIMATE,estimated,-1.4276146346047285,9.056170279070631,4.036738040450943,0.09813297915529644,0.061134047378366176,0.18427444231450965
62348363,1789028354694000000,4471,HEAD_POSE_ESTIMATE,estimated,-1.3660345863879313,9.035305809793035,3.9892251782373718,0.12262789542193714,0.09276725641304531,0.17280875395996081
62366363,1789028354712000000,4472,HEAD_POSE_ESTIMATE,estimated,-1.33689980314576,9.026504403486607,3.9232548606679756,0.14039588727127914,0.12450481046687734,0.17413440232652583
62378363,1789028354724000000,4473,HEAD_POSE_ESTIMATE,estimated,-1.297739636545685,9.030122151599523,3.874915616728892,0.1441767910122014,0.14126141722197808,0.18308730220276584
62390363,1789028354736000000,4474,HEAD_POSE_ESTIMATE,estimated,-1.2406586401140265,9.018972537885286,3.8310167130640056,0.15300003980639218,0.16282682482559827,0.20362249169828112
62400363,1789028354746000000,4475,HEAD_POSE_ESTIMATE,estimated,-1.1804852467620235,9.008694730719878,3.77961573847167,0.1577790220267544,0.17711093553285318,0.22643127776467087
62414363,1789028354760000000,4476,HEAD_POSE_ESTIMATE,estimated,-1.080513036326129,9.007759584869653,3.712690028798626,0.15384373625012177,0.19241516805704253,0.27193385382147833
62428363,1789028354774000000,4477,HEAD_POSE_ESTIMATE,estimated,-0.9805276215069093,8.955052445369196,3.6679261147135125,0.16653184505926508,0.2091442467353009,0.3099643072111171
62443363,1789028354789000000,4478,HEAD_POSE_ESTIMATE,estimated,-0.8610008997730716,8.919927664494416,3.612589931600013,0.16561119806182265,0.22326819659631866,0.3458070467875682
62460363,1789028354806000000,4479,HEAD_POSE_ESTIMATE,estimated,-0.7504950416170879,8.895101202229098,3.5828380789377,0.15979581388462688,0.23751858909727208,0.3816040647011307
62470363,1789028354816000000,4480,HEAD_POSE_ESTIMATE,estimated,-0.6861996622670283,8.884888793315877,3.5606121545313507,0.15354548306535,0.24864610291617756,0.3978007890810662
62483363,1789028354829000000,4481,HEAD_POSE_ESTIMATE,estimated,-0.6609540819419032,8.888802970126582,3.577819493743849,0.12991621798972028,0.25434129973766595,0.40398892873194153
62497363,1789028354843000000,4482,HEAD_POSE_ESTIMATE,estimated,-0.6432696547056775,8.923774889468609,3.582378060840142,0.09671263947312018,0.26069865073128784,0.404339991598695
62511363,1789028354857000000,4483,HEAD_POSE_ESTIMATE,estimated,-0.6149760487178101,8.967760834481947,3.595777136727966,0.05413949497120207,0.26317455743963714,0.39230382295404
62526363,1789028354872000000,4484,HEAD_POSE_ESTIMATE,estimated,-0.5946395085825487,9.022788950481342,3.606510281288892,0.007315300154418798,0.2639200595696825,0.36510837193105156
62539363,1789028354885000000,4485,HEAD_POSE_ESTIMATE,estimated,-0.5480528880540806,9.072221749650081,3.6268547416345585,-0.029155891227382234,0.2598983762134048,0.33132910755578
62553363,1789028354899000000,4486,HEAD_POSE_ESTIMATE,estimated,-0.5119698342865526,9.137039445724138,3.6319590108047293,-0.05112575119594233,0.2547380246187657,0.3024474275008671
62569363,1789028354915000000,4487,HEAD_POSE_ESTIMATE,estimated,-0.5029475193726245,9.203604090779207,3.6518560251012575,-0.060975652598721924,0.2409750333969821,0.2653140376157931
62583363,1789028354929000000,4488,HEAD_POSE_ESTIMATE,estimated,-0.5072575523772085,9.265366526793827,3.635305239331413,-0.04192733080834508,0.2253532284075424,0.24948170971382072
62594363,1789028354940000000,4489,HEAD_POSE_ESTIMATE,estimated,-0.49373691083811777,9.320541051899442,3.618077994020943,-0.01474205836025097,0.20637791857701357,0.23871510301547896
62609363,1789028354955000000,4490,HEAD_POSE_ESTIMATE,estimated,-0.4737000334853735,9.371157835022164,3.561163787643001,0.022732962787115073,0.17866011879645616,0.2364047782091039
62623363,1789028354969000000,4491,HEAD_POSE_ESTIMATE,estimated,-0.4432906604054143,9.393892088399241,3.494953824116669,0.06580754029551103,0.14566898277773757,0.24591121667521026
62636363,1789028354982000000,4492,HEAD_POSE_ESTIMATE,estimated,-0.39042897097734375,9.400610002139363,3.3999175324591837,0.11081959478425092,0.11111861524764284,0.2612791207765593
62651363,1789028354997000000,4493,HEAD_POSE_ESTIMATE,estimated,-0.3580148015158563,9.364299547982297,3.320770900972218,0.15437158505039916,0.07961295101069543,0.28382465851919136
62665363,1789028355011000000,4494,HEAD_POSE_ESTIMATE,estimated,-0.32762994641422255,9.343677170194768,3.2322054784066747,0.19658240465526994,0.044425332773590315,0.28901082256047167
62678363,1789028355024000000,4495,HEAD_POSE_ESTIMATE,estimated,-0.29553603982573545,9.3297462662352,3.155007222639883,0.2165976472545154,0.012281358665767166,0.27712277378903355
62694363,1789028355040000000,4496,HEAD_POSE_ESTIMATE,estimated,-0.2979285081764814,9.283578663451749,3.06903977399448,0.23425722998126386,-0.01976594030736831,0.24676036790828443
62707363,1789028355053000000,4497,HEAD_POSE_ESTIMATE,estimated,-0.2953721681047483,9.241058807205444,3.014047557286219,0.23453102658998845,-0.03968654154790985,0.21506086632552604
62720363,1789028355066000000,4498,HEAD_POSE_ESTIMATE,estimated,-0.2853337623857818,9.215521781521991,2.9370553421206878,0.22274389243242804,-0.057605292807187986,0.17555226474131821
62734363,1789028355080000000,4499,HEAD_POSE_ESTIMATE,estimated,-0.2789554300848881,9.170680110470645,2.8761129215337746,0.18975900179588098,-0.06964408347949307,0.13609772419115465
62749363,1789028355095000000,4500,HEAD_POSE_ESTIMATE,estimated,-0.2820295381162027,9.116900399828474,2.8542746003421886,0.15320201357116897,-0.07971377759002524,0.10726689155228197
62763363,1789028355109000000,4501,HEAD_POSE_ESTIMATE,estimated,-0.2783265486876561,9.079109064349527,2.863431800524882,0.10190364928590107,-0.083516219975663,0.07799918721722922
62778363,1789028355124000000,4502,HEAD_POSE_ESTIMATE,estimated,-0.25875225849025946,9.055489551941765,2.90056207399588,0.03691882623928412,-0.08192045994477458,0.0505649877496431
62791363,1789028355137000000,4503,HEAD_POSE_ESTIMATE,estimated,-0.24169413360650008,9.083247816437048,2.929864361389643,-0.023310692036421717,-0.08030563575397237,0.03187884952159596
62805363,1789028355151000000,4504,HEAD_POSE_ESTIMATE,estimated,-0.2199189478454365,9.127392154749192,2.9841202982202697,-0.08930589745581036,-0.07260911833571483,0.012612657866770632
62818363,1789028355164000000,4505,HEAD_POSE_ESTIMATE,estimated,-0.2087132938519377,9.169449903025848,3.0358794386674837,-0.1396216542223042,-0.06233774091262274,0.0008087917560925902
62832363,1789028355178000000,4506,HEAD_POSE_ESTIMATE,estimated,-0.20948559682600318,9.217789536608585,3.0825301215124896,-0.1651968565707515,-0.05435364399833029,-0.011028435285730347
62847363,1789028355193000000,4507,HEAD_POSE_ESTIMATE,estimated,-0.20765444839955766,9.260423511064282,3.132131181561329,-0.17549263925973305,-0.04259343565486987,-0.01636514089171638
62860363,1789028355206000000,4508,HEAD_POSE_ESTIMATE,estimated,-0.22794911455362757,9.28235717390205,3.2066086042657473,-0.16811422858631606,-0.034580838202466005,-0.024466131386392732
62874363,1789028355220000000,4509,HEAD_POSE_ESTIMATE,estimated,-0.2344950373556867,9.311285489710746,3.283687945605944,-0.14784973716809507,-0.033186088241160545,-0.04082395317276444
62888363,1789028355234000000,4510,HEAD_POSE_ESTIMATE,estimated,-0.24234189254515767,9.377472472968384,3.3326755457709774,-0.12213419358936944,-0.032704858070401695,-0.05269279225919235
62901363,1789028355247000000,4511,HEAD_POSE_ESTIMATE,estimated,-0.24403405218226376,9.424345066561221,3.360537652834134,-0.09107019970690064,-0.03621949989132738,-0.06425068334177689
62916363,1789028355262000000,4512,HEAD_POSE_ESTIMATE,estimated,-0.24604868640003716,9.474501891546145,3.3746092109037953,-0.05372751605200782,-0.04326337597105911,-0.07576535329971573
62931363,1789028355277000000,4513,HEAD_POSE_ESTIMATE,estimated,-0.24667867862389195,9.495333293657389,3.352133359431616,-0.01392300400165461,-0.05182416437001987,-0.08662204155007416
62945363,1789028355291000000,4514,HEAD_POSE_ESTIMATE,estimated,-0.2528652637304253,9.496863556582724,3.330425947168254,0.03264062101764832,-0.06092159988096142,-0.09421256788565201
62960363,1789028355306000000,4515,HEAD_POSE_ESTIMATE,estimated,-0.2734381540653591,9.48738663532825,3.309211715153382,0.08069610902713616,-0.06911077961370034,-0.0973754234026955
62972363,1789028355318000000,4516,HEAD_POSE_ESTIMATE,estimated,-0.28731079266079773,9.461777901862014,3.3018573827815065,0.11499177563593216,-0.07449490623146655,-0.10164309856322296
62985363,1789028355331000000,4517,HEAD_POSE_ESTIMATE,estimated,-0.31667589452106953,9.432546414253508,3.284793413315012,0.15621898587304703,-0.0788607686813094,-0.09141314014324205
63000363,1789028355346000000,4518,HEAD_POSE_ESTIMATE,estimated,-0.3606895238577817,9.421659841939686,3.2139050258888053,0.19889958126967203,-0.0841445312400485,-0.08100333368561258
63014363,1789028355360000000,4519,HEAD_POSE_ESTIMATE,estimated,-0.4001173797679203,9.42858408025477,3.1361899737439525,0.22967611827240023,-0.08726188952114197,-0.07495811921181629
63028363,1789028355374000000,4520,HEAD_POSE_ESTIMATE,estimated,-0.453313225938494,9.416373996427192,3.0584773247625052,0.25244197425857284,-0.08950092082664031,-0.0717549721953089
63042363,1789028355388000000,4521,HEAD_POSE_ESTIMATE,estimated,-0.5051476216179199,9.399650628548866,2.953668676524365,0.26769554011980073,-0.09262360324097593,-0.07911379221236221
63058363,1789028355404000000,4522,HEAD_POSE_ESTIMATE,estimated,-0.5777746724692312,9.392118812226064,2.8620662575488094,0.2650699250578695,-0.09676721793317328,-0.09929541519015007
63068363,1789028355414000000,4523,HEAD_POSE_ESTIMATE,estimated,-0.632653105120071,9.379620067305286,2.801949720095251,0.25581158849909974,-0.10199363028192011,-0.13075260244016318
63083363,1789028355429000000,4524,HEAD_POSE_ESTIMATE,estimated,-0.6959085658100814,9.387398945657072,2.7208334655004456,0.23566227659387848,-0.10558546785835207,-0.15719581055321194
63096363,1789028355442000000,4525,HEAD_POSE_ESTIMATE,estimated,-0.7772682764867427,9.378596448442014,2.658075982287228,0.21365574386924766,-0.10681788482920944,-0.1751883333239354
63112363,1789028355458000000,4526,HEAD_POSE_ESTIMATE,estimated,-0.8637690310371833,9.356987175297338,2.5724837773115183,0.19956488068972839,-0.10867479058463173,-0.18054494277933822
63126363,1789028355472000000,4527,HEAD_POSE_ESTIMATE,estimated,-0.9190859196501696,9.308202994085866,2.500526636671235,0.18497216677062842,-0.10561342829291696,-0.16820755658460526
63139363,1789028355485000000,4528,HEAD_POSE_ESTIMATE,estimated,-0.9625838617679168,9.261163434823484,2.439121892037408,0.17205521766817886,-0.10061360360286593,-0.14624258698973908
63153363,1789028355499000000,4529,HEAD_POSE_ESTIMATE,estimated,-0.9906328097769951,9.19255061653996,2.376218313812002,0.15687802587763633,-0.0919867938856713,-0.11780706954234202
63168363,1789028355514000000,4530,HEAD_POSE_ESTIMATE,estimated,-1.009397341831486,9.126627350068487,2.313934755012897,0.12341935070483956,-0.07875614446532464,-0.08815484964132293
63182363,1789028355528000000,4531,HEAD_POSE_ESTIMATE,estimated,-0.9811647194877982,9.110070324547326,2.272724939902863,0.07957221924732882,-0.070326236721832,-0.07726754241692269
63196363,1789028355542000000,4532,HEAD_POSE_ESTIMATE,estimated,-0.9804029878644014,9.102543855181208,2.1817748471792857,0.026377296188056797,-0.05739886664874827,-0.06376962103180762
63210363,1789028355556000000,4533,HEAD_POSE_ESTIMATE,estimated,-0.9743673148375418,9.137127844196463,2.0783223039442977,-0.03601147884554825,-0.04114908748060044,-0.05753610781432777
63225363,1789028355571000000,4534,HEAD_POSE_ESTIMATE,estimated,-0.9638552432971997,9.157039923063536,1.9837991930155745,-0.1057586141976468,-0.01965343486215924,-0.045942618578614
63239363,1789028355585000000,4535,HEAD_POSE_ESTIMATE,estimated,-0.9467285472256282,9.189692212806307,1.871156226509549,-0.1546609511949682,0.003053963901855147,-0.03170692217449357
63253363,1789028355599000000,4536,HEAD_POSE_ESTIMATE,estimated,-0.9218080332838141,9.224727459115211,1.7795987857457756,-0.1882856618088992,0.02702274980534257,-0.015704851741004073
63267363,1789028355613000000,4537,HEAD_POSE_ESTIMATE,estimated,-0.8764473581550349,9.261951399055686,1.7205349855770316,-0.1969659744387612,0.05201999605006423,0.003260777935252185
63281363,1789028355627000000,4538,HEAD_POSE_ESTIMATE,estimated,-0.8237302827088095,9.284694740438006,1.6498984316834073,-0.19823665006245406,0.07470013862139038,0.02311155635021002
63297363,1789028355643000000,4539,HEAD_POSE_ESTIMATE,estimated,-0.7359286173116951,9.237496078206311,1.584961035894361,-0.1841991738946694,0.09313926356364795,0.05085238363526885
63308363,1789028355654000000,4540,HEAD_POSE_ESTIMATE,estimated,-0.6791734492137804,9.214422882895319,1.5321988144990473,-0.1890332877911142,0.10545950156769339,0.07119395777518343
63321363,1789028355667000000,4541,HEAD_POSE_ESTIMATE,estimated,-0.6287621356362976,9.116020842201507,1.5377237794815213,-0.19988157943352952,0.11501065358058883,0.09323583689353349
63336363,1789028355682000000,4542,HEAD_POSE_ESTIMATE,estimated,-0.5747558043174414,8.9875675592433,1.5598910107105561,-0.25007110724818665,0.12564915633666668,0.1122824550437172
63349363,1789028355695000000,4543,HEAD_POSE_ESTIMATE,estimated,-0.5487071584552057,9.0083669123462,1.6545418211431702,-0.3212509111626033,0.1243729701211863,0.11645426807678308
63363363,1789028355709000000,4544,HEAD_POSE_ESTIMATE,estimated,-0.5220624383563727,9.035052998664284,1.7933727007602693,-0.4283261140184307,0.12639275575350303,0.12117039587900831
63378363,1789028355724000000,4545,HEAD_POSE_ESTIMATE,estimated,-0.499086762540991,9.062475496624273,2.009499489527906,-0.5452857797173022,0.13814684418650727,0.1334558706126523
63391363,1789028355737000000,4546,HEAD_POSE_ESTIMATE,estimated,-0.4678661680527282,9.030160515058702,2.226886375397445,-0.6376314828960651,0.15112969526875303,0.1523660217072366
63404363,1789028355750000000,4547,HEAD_POSE_ESTIMATE,estimated,-0.4473125286877332,9.049563839828673,2.4525831497415522,-0.7193258221731715,0.18248538617812618,0.1891130424665712
63417363,1789028355763000000,4548,HEAD_POSE_ESTIMATE,estimated,-0.43866878748480764,9.055755864801663,2.7247189248786263,-0.7684933925184816,0.22250149947060335,0.22129108057943858
63432363,1789028355778000000,4549,HEAD_POSE_ESTIMATE,estimated,-0.4292707735669212,9.047071287910589,3.0253648068472585,-0.7934221799300073,0.2726895359294494,0.24387495248198915
63446363,1789028355792000000,4550,HEAD_POSE_ESTIMATE,estimated,-0.42311492742178364,8.986624157519195,3.3074865068709554,-0.7919333866435179,0.32776030564005315,0.2594258637359184
63460363,1789028355806000000,4551,HEAD_POSE_ESTIMATE,estimated,-0.40904333990161623,8.947256542268372,3.606090698255565,-0.7887544976472789,0.3808417622194411,0.26424829895851915
63474363,1789028355820000000,4552,HEAD_POSE_ESTIMATE,estimated,-0.3983753864872829,8.881361284367857,3.840349380590816,-0.7848649111525696,0.4273466191762644,0.2659963433491944
63488363,1789028355834000000,4553,HEAD_POSE_ESTIMATE,estimated,-0.391218898695298,8.785706340810076,4.065573879650976,-0.8074198523433763,0.4809987719639545,0.27586507462983995
63502363,1789028355848000000,4554,HEAD_POSE_ESTIMATE,estimated,-0.3940380308086398,8.60152846718418,4.272960428474254,-0.8595384374416197,0.5322098598830597,0.2978837592402572
63517363,1789028355863000000,4555,HEAD_POSE_ESTIMATE,estimated,-0.41244974908941423,8.39542475073339,4.448511750886181,-0.925779018591269,0.5907052826475081,0.3270942573291179
63531363,1789028355877000000,4556,HEAD_POSE_ESTIMATE,estimated,-0.4583992191367753,8.26925226184441,4.564916246756727,-1.0152935863329169,0.6414434569438878,0.3671667967430366
63545363,1789028355891000000,4557,HEAD_POSE_ESTIMATE,estimated,-0.5046521320255668,8.212110150348842,4.711946558005357,-1.0829556441061459,0.6907996425097127,0.400582913698631
63559363,1789028355905000000,4558,HEAD_POSE_ESTIMATE,estimated,-0.5680615447249292,8.2229788217963,4.841004489876385,-1.1197874988310688,0.7399919788469891,0.4242492456592865
63575363,1789028355921000000,4559,HEAD_POSE_ESTIMATE,estimated,-0.6407501196077259,8.239544532427095,5.009994980733462,-1.1078849672277868,0.7972514875382504,0.42895784322739666
63586363,1789028355932000000,4560,HEAD_POSE_ESTIMATE,estimated,-0.6840823979565716,8.175666348748203,5.117440487698434,-1.0660451366786496,0.8317045371869056,0.41921893815862227
63600363,1789028355946000000,4561,HEAD_POSE_ESTIMATE,estimated,-0.7393863072647064,8.084169246415868,5.200892215324991,-1.0162801015710972,0.8660436583374747,0.39535128095578354
63614363,1789028355960000000,4562,HEAD_POSE_ESTIMATE,estimated,-0.8051578397405399,7.991839708313276,5.253466846904709,-0.9530047214241141,0.8981161912257192,0.3645259152658048
63628363,1789028355974000000,4563,HEAD_POSE_ESTIMATE,estimated,-0.8840861504555128,7.975258964701564,5.311821267904443,-0.8901353229311506,0.9136086477591316,0.3355907073024726
63641363,1789028355987000000,4564,HEAD_POSE_ESTIMATE,estimated,-1.0079501081542634,8.011911659338583,5.2656090201477985,-0.8205751148627811,0.91305198449781,0.3188447086219063
63655363,1789028356001000000,4565,HEAD_POSE_ESTIMATE,estimated,-1.1155961050564027,8.042136972455351,5.280425699922427,-0.7432807885291776,0.9153497973737108,0.3259203987045763
63669363,1789028356015000000,4566,HEAD_POSE_ESTIMATE,estimated,-1.2292221342164824,8.03427239927366,5.343086929986715,-0.6613825815504818,0.9288902518408315,0.35537602865714213
63683363,1789028356029000000,4567,HEAD_POSE_ESTIMATE,estimated,-1.3120719949407735,8.001904699733496,5.471103460004597,-0.5700880460562182,0.9382987246438086,0.3870739610400691
63696363,1789028356042000000,4568,HEAD_POSE_ESTIMATE,estimated,-1.3739880979875005,7.95910792145655,5.538241670108838,-0.48886576242430213,0.9382123082400519,0.40556333195176
63710363,1789028356056000000,4569,HEAD_POSE_ESTIMATE,estimated,-1.4236693295866767,8.001807341835875,5.609709091346331,-0.3987603187667004,0.9234927714645599,0.3974274378656352
63724363,1789028356070000000,4570,HEAD_POSE_ESTIMATE,estimated,-1.4590590527659575,8.02483854279367,5.708502888033153,-0.31696486555077286,0.8978138645199581,0.3699069067657929
63739363,1789028356085000000,4571,HEAD_POSE_ESTIMATE,estimated,-1.4906874557603371,8.152721823426225,5.715121457577036,-0.25460391713565106,0.8584274961358777,0.31618393382072985
63750363,1789028356096000000,4572,HEAD_POSE_ESTIMATE,estimated,-1.552189980347611,8.25486884446031,5.712448478525786,-0.22237191385769225,0.8320889749398039,0.2635226925551183
63765363,1789028356111000000,4573,HEAD_POSE_ESTIMATE,estimated,-1.6112298624065147,8.33980181382579,5.750774746879924,-0.20305636119213513,0.7734617902094317,0.21311252959664864
63779363,1789028356125000000,4574,HEAD_POSE_ESTIMATE,estimated,-1.675156116810962,8.372288309745093,5.760644657301006,-0.21233626754312224,0.7084011671675511,0.17821695492210227
63793363,1789028356139000000,4575,HEAD_POSE_ESTIMATE,estimated,-1.7004004955391832,8.346312617535485,5.7786074590530285,-0.24748261091338233,0.6328477802959971,0.16757453856134297
63807363,1789028356153000000,4576,HEAD_POSE_ESTIMATE,estimated,-1.7153035070071274,8.327368994459032,5.743034870287775,-0.2812382065060387,0.5601244719368538,0.1676079063227983
63821363,1789028356167000000,4577,HEAD_POSE_ESTIMATE,estimated,-1.6923516668532728,8.286169552730959,5.677355947693774,-0.30069713433243056,0.4852596467385165,0.18440361882366776
63835363,1789028356181000000,4578,HEAD_POSE_ESTIMATE,estimated,-1.654648117580575,8.260139072155965,5.599615550046751,-0.315417608706807,0.4163537124528451,0.21096829741400472
63849363,1789028356195000000,4579,HEAD_POSE_ESTIMATE,estimated,-1.6156407585705068,8.236792414098867,5.474012485538377,-0.2971772717024599,0.36330093738324465,0.2438749359302429
63864363,1789028356210000000,4580,HEAD_POSE_ESTIMATE,estimated,-1.568884411927303,8.200362252920987,5.336691481011353,-0.2881865565699518,0.321110792519578,0.26174858625675834
63877363,1789028356223000000,4581,HEAD_POSE_ESTIMATE,estimated,-1.5362412123933553,8.135445390655187,5.281866826998787,-0.2782945821613182,0.2818372453052966,0.2677479450970985
63891363,1789028356237000000,4582,HEAD_POSE_ESTIMATE,estimated,-1.506193542238607,7.994771909818999,5.241020355993577,-0.26976655143973094,0.24481708820102108,0.2545643638219051
63905363,1789028356251000000,4583,HEAD_POSE_ESTIMATE,estimated,-1.4752988446386444,7.87451197487789,5.188375428086488,-0.2888099046712014,0.22428858599324203,0.23532119406598495
63919363,1789028356265000000,4584,HEAD_POSE_ESTIMATE,estimated,-1.4573738701480394,7.754626110490987,5.064485190527369,-0.31992156250769865,0.20879473847301397,0.20698713183654435
63932363,1789028356278000000,4585,HEAD_POSE_ESTIMATE,estimated,-1.4378140400314423,7.668432331635079,4.976861876383961,-0.3684312904240192,0.19796117053068019,0.180104753455662
63947363,1789028356293000000,4586,HEAD_POSE_ESTIMATE,estimated,-1.403217487554318,7.547736144882427,4.8885774756283205,-0.43491813804691526,0.18852031589527737,0.1420985424428333
63960363,1789028356306000000,4587,HEAD_POSE_ESTIMATE,estimated,-1.3582790319647278,7.430808406494845,4.876914804786096,-0.5088707079253674,0.17298752827024028,0.09859511987675419
63974363,1789028356320000000,4588,HEAD_POSE_ESTIMATE,estimated,-1.3587389353231858,7.399594680191537,4.866704958252454,-0.5653648018041205,0.153801211977855,0.05179239501785619
63988363,1789028356334000000,4589,HEAD_POSE_ESTIMATE,estimated,-1.3512197026378263,7.380986020154142,4.889303344695964,-0.6417616512952727,0.13481989365244643,-0.004365571263387321
64002363,1789028356348000000,4590,HEAD_POSE_ESTIMATE,estimated,-1.3311798684101341,7.340589912309956,5.018355978918326,-0.7221277177932789,0.10929964562499948,-0.06483173596885598
64016363,1789028356362000000,4591,HEAD_POSE_ESTIMATE,estimated,-1.2911667939780176,7.281035127289416,5.144738722248529,-0.8196800759974221,0.08021996168877908,-0.12617466296740662
64026363,1789028356372000000,4592,HEAD_POSE_ESTIMATE,estimated,-1.262614958017649,7.256565451427718,5.226675914492899,-0.8926046616039214,0.05929457154429425,-0.16857211692557966
64040363,1789028356386000000,4593,HEAD_POSE_ESTIMATE,estimated,-1.2315646737786226,7.252123148493445,5.375644978751227,-1.020424133833161,0.025162943711210015,-0.22951416294274887
64054363,1789028356400000000,4594,HEAD_POSE_ESTIMATE,estimated,-1.2055865142972686,7.263715659832123,5.554042904555336,-1.1583504605929076,-0.01840200291790606,-0.2873398844231907
64068363,1789028356414000000,4595,HEAD_POSE_ESTIMATE,estimated,-1.1909129806025935,7.288657395007734,5.729698375089436,-1.325418423993937,-0.07563560384878627,-0.3463316833769633
64082363,1789028356428000000,4596,HEAD_POSE_ESTIMATE,estimated,-1.1882325324820713,7.234170540410757,6.0350078289766955,-1.459917148619536,-0.13117146125355222,-0.3836464101495297
64096363,1789028356442000000,4597,HEAD_POSE_ESTIMATE,estimated,-1.1640203606748183,7.208119171502224,6.281242826909135,-1.5579311568373468,-0.1766840134671618,-0.40353943777158974
64111363,1789028356457000000,4598,HEAD_POSE_ESTIMATE,estimated,-1.1586390741580055,7.173316998874901,6.504562183901776,-1.6027421924718748,-0.2119458534566719,-0.4041658343872756
64125363,1789028356471000000,4599,HEAD_POSE_ESTIMATE,estimated,-1.1743385392317383,7.186883765451851,6.609710262593848,-1.6137933435658678,-0.2248423464847498,-0.37306952580065855
64139363,1789028356485000000,4600,HEAD_POSE_ESTIMATE,estimated,-1.1677163877796024,7.162334052401016,6.706475314668166,-1.55969268471057,-0.21853982902384259,-0.32542296530790965
64153363,1789028356499000000,4601,HEAD_POSE_ESTIMATE,estimated,-1.106206204913872,7.151205725693393,6.834816569806711,-1.4358209183925443,-0.20350761106868792,-0.27458416820354675
64167363,1789028356513000000,4602,HEAD_POSE_ESTIMATE,estimated,-1.0300128584696238,7.074303433523792,6.950339033493006,-1.2665071694944536,-0.17675623532796036,-0.2205573741664059
64182363,1789028356528000000,4603,HEAD_POSE_ESTIMATE,estimated,-0.9386395055080075,6.992025707084668,6.9952191360161295,-1.0516410208264133,-0.1485662040961771,-0.187210586566088
64197363,1789028356543000000,4604,HEAD_POSE_ESTIMATE,estimated,-0.8546194761184137,6.790262681032395,7.099327854106113,-0.8540400067037628,-0.13520579765898075,-0.1988938172140763
64211363,1789028356557000000,4605,HEAD_POSE_ESTIMATE,estimated,-0.7401376911100862,6.461345948876803,7.327995306275881,-0.6682019763278151,-0.13157718712710265,-0.23232098799807355
64224363,1789028356570000000,4606,HEAD_POSE_ESTIMATE,estimated,-0.6547742120608362,6.156179717200736,7.3750897637517205,-0.5327827137995521,-0.132531291186737,-0.2673084400331505
64237363,1789028356583000000,4607,HEAD_POSE_ESTIMATE,estimated,-0.589850400130263,5.923360187381501,7.296547896851691,-0.43796634020048014,-0.14979735721018397,-0.31712761360312974
64251363,1789028356597000000,4608,HEAD_POSE_ESTIMATE,estimated,-0.5349513619323679,5.642684763752181,7.277198670781575,-0.39017303247353585,-0.1851298046005086,-0.3738677192491749
64265363,1789028356611000000,4609,HEAD_POSE_ESTIMATE,estimated,-0.5145815313616519,5.317189805277507,7.3753033115783735,-0.38442451296953967,-0.21863684633387087,-0.42635553285978756
64279363,1789028356625000000,4610,HEAD_POSE_ESTIMATE,estimated,-0.5347104527100135,5.087937794629236,7.542386025039039,-0.41442114633016947,-0.24587197805724764,-0.46725947102979476
64293363,1789028356639000000,4611,HEAD_POSE_ESTIMATE,estimated,-0.5509141914757089,4.850429188073138,7.801027364709198,-0.45681441310592885,-0.2575816710297677,-0.4927037005607702
64308363,1789028356654000000,4612,HEAD_POSE_ESTIMATE,estimated,-0.6078737436319307,4.645996849416577,8.100090117047682,-0.5400559834356117,-0.26139543876366567,-0.5150349350821047
64326363,1789028356672000000,4613,HEAD_POSE_ESTIMATE,estimated,-0.7516310327986961,4.527408143543072,8.48758893200604,-0.6254641992839008,-0.25191645653810735,-0.5250189737644817
64335363,1789028356681000000,4614,HEAD_POSE_ESTIMATE,estimated,-0.8427224408487508,4.461905441379832,8.671391897961136,-0.6800653671195073,-0.24076951723229237,-0.5240661658208923
64348363,1789028356694000000,4615,HEAD_POSE_ESTIMATE,estimated,-0.9753416021478036,4.40644521979503,8.94946336393913,-0.6974947024048829,-0.22256951095624034,-0.5305631013782135
64361363,1789028356707000000,4616,HEAD_POSE_ESTIMATE,estimated,-1.0924692262894276,4.305050454990569,9.258123809959958,-0.7055473313663895,-0.2039447300198108,-0.5301364682554712
64376363,1789028356722000000,4617,HEAD_POSE_ESTIMATE,estimated,-1.2083572793152817,4.224250059322804,9.592573257065608,-0.6891381678000558,-0.18871961701665882,-0.5158512694689538
64390363,1789028356736000000,4618,HEAD_POSE_ESTIMATE,estimated,-1.2911472759148055,4.109169887785303,9.88106458512722,-0.6504722249840217,-0.18270238502521186,-0.5051619219945576
64404363,1789028356750000000,4619,HEAD_POSE_ESTIMATE,estimated,-1.3598053925587603,4.019036277314356,10.130030510227778,-0.5971355570210536,-0.18006936001317836,-0.46977515287133564
64418363,1789028356764000000,4620,HEAD_POSE_ESTIMATE,estimated,-1.383185641723774,3.943184333614819,10.363700674381993,-0.5274470741402086,-0.18093479321706182,-0.41284593009612724
64432363,1789028356778000000,4621,HEAD_POSE_ESTIMATE,estimated,-1.3854389714256699,3.8617815505069726,10.522614966511167,-0.46152296467547405,-0.1838814631178637,-0.3468930080087018
64446363,1789028356792000000,4622,HEAD_POSE_ESTIMATE,estimated,-1.3622517927178353,3.8719783253195112,10.463574987668558,-0.41050237679787044,-0.18833121733420008,-0.2954285750104266
64460363,1789028356806000000,4623,HEAD_POSE_ESTIMATE,estimated,-1.3455557728091703,3.925672198210869,10.31284274604316,-0.3611478666237144,-0.20007685580776946,-0.23732311514318347
64474363,1789028356820000000,4624,HEAD_POSE_ESTIMATE,estimated,-1.272302731777506,3.9442291548270263,10.267984994332087,-0.31386234380237615,-0.21048088964353656,-0.1845368932851114
64488363,1789028356834000000,4625,HEAD_POSE_ESTIMATE,estimated,-1.1855118832484222,3.9176447078806254,10.244542060509545,-0.26450458661676957,-0.2204003710848042,-0.13419163848090987
64503363,1789028356849000000,4626,HEAD_POSE_ESTIMATE,estimated,-1.1241718984505094,4.027737248435592,10.118311386159684,-0.20489232592377665,-0.2235007993581987,-0.08673650053650918
64516363,1789028356862000000,4627,HEAD_POSE_ESTIMATE,estimated,-1.059832447595034,4.040667477898815,10.002349751677201,-0.1426970900777256,-0.227259462522609,-0.047713126770233975
64531363,1789028356877000000,4628,HEAD_POSE_ESTIMATE,estimated,-0.9903265054716932,4.021040257635282,9.879996634419104,-0.07253665694666511,-0.227918203425124,-0.006389356658764598
64545363,1789028356891000000,4629,HEAD_POSE_ESTIMATE,estimated,-0.9087349607596729,4.037809163707883,9.729806719022461,-0.01711043529964079,-0.2310484492963292,0.019167684744019576
64559363,1789028356905000000,4630,HEAD_POSE_ESTIMATE,estimated,-0.8293347497306901,4.055853351312739,9.548115113732319,0.03243453367795589,-0.23688347925736788,0.03628011823508469
64572363,1789028356918000000,4631,HEAD_POSE_ESTIMATE,estimated,-0.7467206541440605,4.0169328817087955,9.338190379594389,0.07529655664427297,-0.24581524550895714,0.05044019581052833
64587363,1789028356933000000,4632,HEAD_POSE_ESTIMATE,estimated,-0.6624069372226509,3.9178229414236103,9.113255416719976,0.12913069329013105,-0.2607228646967566,0.05545944376369215
64603363,1789028356949000000,4633,HEAD_POSE_ESTIMATE,estimated,-0.5694706444889677,3.8313810123188325,8.88257290794242,0.18525274037478395,-0.27852339830293715,0.05075073479433323
64612363,1789028356958000000,4634,HEAD_POSE_ESTIMATE,estimated,-0.5039674098783726,3.8170890170319556,8.811657733504004,0.2256744331775445,-0.29131906767787114,0.0453595647588966
64627363,1789028356973000000,4635,HEAD_POSE_ESTIMATE,estimated,-0.436854699702394,3.788716942531472,8.644434133537548,0.2603117590761493,-0.3057327614835233,0.026612773344473265
64641363,1789028356987000000,4636,HEAD_POSE_ESTIMATE,estimated,-0.3610787055406779,3.779983101005995,8.47700363093483,0.2806019793306675,-0.31544070194050694,0.005015031629254557
64655363,1789028357001000000,4637,HEAD_POSE_ESTIMATE,estimated,-0.30725408966352685,3.80048025910848,8.29374194501225,0.2908179173629157,-0.32798318056138215,-0.01552549959855555
64669363,1789028357015000000,4638,HEAD_POSE_ESTIMATE,estimated,-0.2852492986022963,3.827238307541783,8.181008314930313,0.2913550941697286,-0.34335738776477487,-0.03459540027286258
64682363,1789028357028000000,4639,HEAD_POSE_ESTIMATE,estimated,-0.26776768172175164,3.8713088068700507,8.12630088720566,0.2853971645556712,-0.3549107248595031,-0.04661858741916875
64696363,1789028357042000000,4640,HEAD_POSE_ESTIMATE,estimated,-0.23408767890310167,3.8814389592939302,8.161266882468803,0.2674647245806961,-0.36504434239360456,-0.06559703928289792
64710363,1789028357056000000,4641,HEAD_POSE_ESTIMATE,estimated,-0.22384620806186734,3.882064639835068,8.199034847841302,0.2476271791420971,-0.3649572220032668,-0.07428813033782927
64725363,1789028357071000000,4642,HEAD_POSE_ESTIMATE,estimated,-0.2434196597620898,3.9483222638699647,8.301934636258869,0.21859426543411506,-0.3571227347711841,-0.07457181406229571
64738363,1789028357084000000,4643,HEAD_POSE_ESTIMATE,estimated,-0.17108718303267234,3.951006038397951,8.666346372793422,0.1797268823734256,-0.3418778597871263,-0.06795811898131214
64749363,1789028357095000000,4644,HEAD_POSE_ESTIMATE,estimated,-0.1300918205379316,3.970336923253692,8.896010262992448,0.14532603444028486,-0.32842476890272915,-0.06524961547684907
64762363,1789028357108000000,4645,HEAD_POSE_ESTIMATE,estimated,-0.13719113392462806,4.053512950164696,8.913210256398639,0.10976400477797378,-0.2885151282863842,-0.044306543765987104
64776363,1789028357122000000,4646,HEAD_POSE_ESTIMATE,estimated,-0.1811132656131741,4.073048143921899,8.85047702305384,0.08261851523720967,-0.24538040957194313,-0.024984033919523984
64791363,1789028357137000000,4647,HEAD_POSE_ESTIMATE,estimated,-0.21409332845911438,4.043803662505199,8.812287101360841,0.07026614219421241,-0.19828132038454171,0.0006040520311045594
64805363,1789028357151000000,4648,HEAD_POSE_ESTIMATE,estimated,-0.252815881397113,4.054866417764596,8.863169216353528,0.057282306342742596,-0.15736549539765554,0.023469933435793084
64818363,1789028357164000000,4649,HEAD_POSE_ESTIMATE,estimated,-0.26668328368514155,4.09654518495085,8.99250728801837,0.03684350404230123,-0.11654454438912681,0.05169663040416931
64846363,1789028357192000000,4650,HEAD_POSE_ESTIMATE,estimated,-0.29364131958656536,4.183151297570285,9.308147894857282,-0.024706734824576037,-0.04735044168052552,0.11645455450381177
64872363,1789028357218000000,4651,HEAD_POSE_ESTIMATE,estimated,-0.3001465007935137,4.220290589650196,9.617552721233439,-0.05358189384817165,0.014580576516372033,0.15732512613390856
64886363,1789028357232000000,4652,HEAD_POSE_ESTIMATE,estimated,-0.293558055455432,4.226907737309709,9.84576621348797,-0.04717408232326038,0.048479966054120624,0.16000411443714754
64899363,1789028357245000000,4653,HEAD_POSE_ESTIMATE,estimated,-0.2700748553760578,4.238432535924069,10.061379063037698,-0.03707565764011421,0.07550501600946286,0.14202808986985915
64913363,1789028357259000000,4654,HEAD_POSE_ESTIMATE,estimated,-0.23422898551690782,4.234978161843867,10.333837646127172,-0.03509017458378167,0.09937124348105693,0.1200367377196311
64927363,1789028357273000000,4655,HEAD_POSE_ESTIMATE,estimated,-0.1878576897802937,4.240312127918322,10.538444321892106,-0.04286374574039089,0.1126048972903474,0.07545941287242129
64941363,1789028357287000000,4656,HEAD_POSE_ESTIMATE,estimated,-0.10538697615181813,4.2603166392638085,11.018417852572203,-0.0585696422182955,0.12146040992847888,0.02468505984459719
64955363,1789028357301000000,4657,HEAD_POSE_ESTIMATE,estimated,-0.09067536839197454,4.365935501385129,10.873531718510288,-0.0659210826373831,0.11637813070350712,0.013760183534440727
64969363,1789028357315000000,4658,HEAD_POSE_ESTIMATE,estimated,-0.07617402382924998,4.462262149368295,10.784855638731266,-0.07566150176731147,0.09238344888755885,-0.014569573783532323
64983363,1789028357329000000,4659,HEAD_POSE_ESTIMATE,estimated,-0.03164430342676372,4.564185685100982,10.637793443981524,-0.08380663355594352,0.07732072652112769,0.005461241266121284
64997363,1789028357343000000,4660,HEAD_POSE_ESTIMATE,estimated,-0.014502133121179539,4.6040795190899315,10.406963456195562,-0.08214524973392297,0.050939328867735514,0.035721689545031146
65012363,1789028357358000000,4661,HEAD_POSE_ESTIMATE,estimated,0.035827733304163556,4.6699608656514044,10.25571010235667,-0.06864773556105726,0.03338712262748976,0.08161076286936844
65025363,1789028357371000000,4662,HEAD_POSE_ESTIMATE,estimated,0.0939780688956049,4.68898652772252,10.15858356649275,-0.05111513425352558,0.024967052495444585,0.13657762493270373
65040363,1789028357386000000,4663,HEAD_POSE_ESTIMATE,estimated,0.2073327234532184,4.712947520269167,10.027703968376013,-0.005058193913921429,0.0224070594168298,0.18216577578524237
65055363,1789028357401000000,4664,HEAD_POSE_ESTIMATE,estimated,0.2756718664381651,4.7192550977567755,9.835796416838976,0.06173406997259084,0.03330835031780942,0.20478018100534146
65067363,1789028357413000000,4665,HEAD_POSE_ESTIMATE,estimated,0.3156206779218567,4.693859268919061,9.700837511884378,0.12192216512234487,0.04819195539860621,0.2051427566982741
65080363,1789028357426000000,4666,HEAD_POSE_ESTIMATE,estimated,0.3463218101511543,4.690244621229076,9.511279545541685,0.1741714903807133,0.05979986968885101,0.17778212542610602
65094363,1789028357440000000,4667,HEAD_POSE_ESTIMATE,estimated,0.33833913645518443,4.684909218897258,9.284115630184608,0.21200245707206536,0.0645962530320063,0.12803316743031393
65108363,1789028357454000000,4668,HEAD_POSE_ESTIMATE,estimated,0.30877474561824153,4.632187539759101,9.06250059230157,0.23252142226224543,0.06496729164757342,0.06527094968108207
65123363,1789028357469000000,4669,HEAD_POSE_ESTIMATE,estimated,0.3008068897187088,4.5414915853501245,8.862752292291573,0.2445719795130992,0.055637916635651895,0.0028431678846441875
65136363,1789028357482000000,4670,HEAD_POSE_ESTIMATE,estimated,0.23783935837724135,4.462154475000419,8.68286420912769,0.2340994459348313,0.03450790142871653,-0.0532030666538423
65149363,1789028357495000000,4671,HEAD_POSE_ESTIMATE,estimated,0.18276011965190564,4.432361871883527,8.492714288178389,0.21145999092682888,0.0035455469841244947,-0.08978217674305612
65164363,1789028357510000000,4672,HEAD_POSE_ESTIMATE,estimated,0.11114978381831286,4.458981268175316,8.295229616070094,0.1621734108989917,-0.04003233286982807,-0.13479084040683137
65178363,1789028357524000000,4673,HEAD_POSE_ESTIMATE,estimated,0.03787805661539567,4.510081161892363,8.120755372467443,0.10982175984420076,-0.083291690805844,-0.1696930928595127
65192363,1789028357538000000,4674,HEAD_POSE_ESTIMATE,estimated,-0.04834022660036741,4.558588093223401,7.922519149283246,0.07274554513774713,-0.11873528043209387,-0.19116013942624216
65206363,1789028357552000000,4675,HEAD_POSE_ESTIMATE,estimated,-0.1056661997925521,4.57321800592659,7.755057698426869,0.04736731495963733,-0.14540463079112045,-0.2052764784481448
65221363,1789028357567000000,4676,HEAD_POSE_ESTIMATE,estimated,-0.1516232317149394,4.576491884591141,7.605328277191429,0.02743893139052957,-0.1542413214216745,-0.21149898876791676
65233363,1789028357579000000,4677,HEAD_POSE_ESTIMATE,estimated,-0.19829939054647872,4.584456589932583,7.5183159186076045,0.014366135529785627,-0.14555742113713893,-0.21156827005369716
65247363,1789028357593000000,4678,HEAD_POSE_ESTIMATE,estimated,-0.1870953486651356,4.591269789251848,7.4851850516154474,0.010600124221343491,-0.12457918481363614,-0.21528813003774255
65261363,1789028357607000000,4679,HEAD_POSE_ESTIMATE,estimated,-0.19003266720554884,4.618268005257822,7.478299598645377,0.010072205402906136,-0.0976355535381747,-0.2074613268640088
65275363,1789028357621000000,4680,HEAD_POSE_ESTIMATE,estimated,-0.18354407919002969,4.660976440438356,7.451630536024734,0.010341771024499706,-0.06540682454058704,-0.19182975249102077
65290363,1789028357636000000,4681,HEAD_POSE_ESTIMATE,estimated,-0.1470507497526271,4.728713644483376,7.509795266105815,0.009473735929248151,-0.03345290550895368,-0.16819665450514432
65303363,1789028357649000000,4682,HEAD_POSE_ESTIMATE,estimated,-0.1155187601073343,4.8075664132913625,7.566509292120697,-0.000581816079250059,0.0035021453780773038,-0.13362451170157816
65316363,1789028357662000000,4683,HEAD_POSE_ESTIMATE,estimated,-0.13897896769877038,4.875889271212119,7.646938822598538,-0.008225035373288319,0.03523012712738567,-0.11558390608317516
65330363,1789028357676000000,4684,HEAD_POSE_ESTIMATE,estimated,-0.1353490023955582,4.877166151921989,7.745175635222264,-0.027993043887421142,0.06141961883794602,-0.09249749160894366
65344363,1789028357690000000,4685,HEAD_POSE_ESTIMATE,estimated,-0.15784796918764993,4.930621807306763,7.851119728548679,-0.029563698310012057,0.072823459558733,-0.10623010405230512
65359363,1789028357705000000,4686,HEAD_POSE_ESTIMATE,estimated,-0.2023009684484059,5.02778069667784,7.939964817179974,-0.01649692793612134,0.07221360963563425,-0.14857532774178211
65374363,1789028357720000000,4687,HEAD_POSE_ESTIMATE,estimated,-0.2802676708764988,5.151651307869368,8.034713495018517,0.01885976490172965,0.050391064353270905,-0.24006648989467314
65386363,1789028357732000000,4688,HEAD_POSE_ESTIMATE,estimated,-0.3561133098206073,5.224123145193381,8.09928049622585,0.05637764973674985,0.03504824195775959,-0.3037248973716712
65400363,1789028357746000000,4689,HEAD_POSE_ESTIMATE,estimated,-0.6166138669790321,5.213481496131985,8.144929092450656,0.1497252881508212,-0.011182330368831145,-0.4645110792280132
65413363,1789028357759000000,4690,HEAD_POSE_ESTIMATE,estimated,-0.5919942191481392,5.176423671459796,8.147061322658425,0.20182943432282938,-0.043996913840269124,-0.5421689302553667
65428363,1789028357774000000,4691,HEAD_POSE_ESTIMATE,estimated,-0.5796707254734537,5.105604410609242,8.183875360159961,0.25593511360539606,-0.08698323467828512,-0.6302987462571369
65442363,1789028357788000000,4692,HEAD_POSE_ESTIMATE,estimated,-0.6366006194501198,5.119683248432817,8.207691277983114,0.2971117380043711,-0.1330106533565832,-0.7022171365116536
65457363,1789028357803000000,4693,HEAD_POSE_ESTIMATE,estimated,-0.7390172845559903,5.1199077987113375,8.268175599060383,0.31419446303020865,-0.16823349273630575,-0.7318635866191265
65469363,1789028357815000000,4694,HEAD_POSE_ESTIMATE,estimated,-0.7716968384216031,5.106125559127561,8.310746045849891,0.30302795552598205,-0.18136583024499003,-0.7156816186548423
65483363,1789028357829000000,4695,HEAD_POSE_ESTIMATE,estimated,-0.8159967737645776,5.077897270756502,8.36448220838612,0.2708057833149194,-0.18243024409183292,-0.6508067030571455
65511363,1789028357857000000,4696,HEAD_POSE_ESTIMATE,estimated,-0.9005386560399158,5.097163615393442,8.492295960514886,0.18766530988596655,-0.15358365801117024,-0.4484503611502523
65522363,1789028357868000000,4697,HEAD_POSE_ESTIMATE,estimated,-0.9716607299656296,5.133060727090677,8.52829634254384,0.15943107344277327,-0.13534807132033677,-0.35295537318621223
65536363,1789028357882000000,4698,HEAD_POSE_ESTIMATE,estimated,-1.060887113482927,5.147590135071355,8.596171752747697,0.1201170605523923,-0.10782129618512762,-0.24811985603034745
65551363,1789028357897000000,4699,HEAD_POSE_ESTIMATE,estimated,-1.11147215468231,5.159919462309909,8.646792183994496,0.09628235513846704,-0.08621404363180137,-0.19452802813335723
65566363,1789028357912000000,4700,HEAD_POSE_ESTIMATE,estimated,-1.1589034814758818,5.218218193159265,8.713007631335653,0.07635137059102633,-0.06384908620567147,-0.16523739147493066
65581363,1789028357927000000,4701,HEAD_POSE_ESTIMATE,estimated,-1.1644677657379003,5.248222174727799,8.761746887559003,0.0686926206697191,-0.047991568002068406,-0.16368437207645073
65595363,1789028357941000000,4702,HEAD_POSE_ESTIMATE,estimated,-1.2078106502422936,5.257764790682513,8.810423611954828,0.05816034820311327,-0.03401239968655411,-0.1598769307972035
65609363,1789028357955000000,4703,HEAD_POSE_ESTIMATE,estimated,-1.300841662619832,5.214149558669713,8.838975859199252,0.05315426355165987,-0.029906512429980867,-0.1840257304255253
65623363,1789028357969000000,4704,HEAD_POSE_ESTIMATE,estimated,-1.146224725886185,5.168364042491187,8.89669338930886,0.03880810262014228,-0.024181338395984752,-0.1730031441439736
65637363,1789028357983000000,4705,HEAD_POSE_ESTIMATE,estimated,-0.9695739990999002,5.108966060784292,8.935374587148884,0.029077563050733217,-0.0244744571678216,-0.1856199391281909
65651363,1789028357997000000,4706,HEAD_POSE_ESTIMATE,estimated,-0.9176794856417837,5.064093655049822,9.024309470653645,0.007605154159233626,-0.014627704767185683,-0.15636578790721406
65665363,1789028358011000000,4707,HEAD_POSE_ESTIMATE,estimated,-0.8651914937075759,5.020333628283513,9.12980444353924,-0.01079221376396241,-0.00494754576321695,-0.11123980969793659
65679363,1789028358025000000,4708,HEAD_POSE_ESTIMATE,estimated,-0.8070545081038787,4.986050589661526,9.237227125043333,-0.027466349391065476,0.0035248601977091536,-0.062082312315453976
65694363,1789028358040000000,4709,HEAD_POSE_ESTIMATE,estimated,-0.6884512504647923,4.940722047586044,9.348144587049557,-0.04195443685077169,0.0025056868168440646,-0.02070549434446846
65707363,1789028358053000000,4710,HEAD_POSE_ESTIMATE,estimated,-0.627976280210718,4.929259677365587,9.412580578316827,-0.0624611204335308,0.0007269069380182987,-0.011608379677247543
65721363,1789028358067000000,4711,HEAD_POSE_ESTIMATE,estimated,-0.5614388568582656,4.926583248555249,9.481834232989515,-0.06921807558227507,-0.011283591928433104,-0.02285327916305862
65735363,1789028358081000000,4712,HEAD_POSE_ESTIMATE,estimated,-0.5101502880983861,4.944680079911683,9.512659181416456,-0.06218046472535527,-0.03344811835884783,-0.052027893147308164
65750363,1789028358096000000,4713,HEAD_POSE_ESTIMATE,estimated,-0.4499203786833469,4.988264116254134,9.520566489449875,-0.04350735042218426,-0.06151995687114192,-0.09513898022235207
65764363,1789028358110000000,4714,HEAD_POSE_ESTIMATE,estimated,-0.3829923764338796,5.052692243380068,9.529463324557552,-0.0047673973820799125,-0.09588988168654397,-0.13151523077075206
65778363,1789028358124000000,4715,HEAD_POSE_ESTIMATE,estimated,-0.33478687078311675,5.084330496858333,9.513227135691237,0.05364661014928916,-0.13504318572225266,-0.15717359281271914
65792363,1789028358138000000,4716,HEAD_POSE_ESTIMATE,estimated,-0.24739742795717878,5.096282470251953,9.511525638319675,0.11944805390869126,-0.17810029771155775,-0.16822572955670287
65806363,1789028358152000000,4717,HEAD_POSE_ESTIMATE,estimated,-0.17434385014027665,5.113748693631872,9.497362532294588,0.18320806915483703,-0.2209394684968283,-0.15718461971674882
65820363,1789028358166000000,4718,HEAD_POSE_ESTIMATE,estimated,-0.08471656957425466,5.19276370981926,9.430522558290543,0.24854763218138723,-0.2621480842988787,-0.14387350339934865
65834363,1789028358180000000,4719,HEAD_POSE_ESTIMATE,estimated,0.0015112971348156812,5.243302259166053,9.398385094297211,0.31191292756826505,-0.2947223059859011,-0.1284704360794544
65849363,1789028358195000000,4720,HEAD_POSE_ESTIMATE,estimated,0.0537545663992649,5.276563219242672,9.361778253962417,0.3717418424177498,-0.3194357198200778,-0.1272061008855616
65864363,1789028358210000000,4721,HEAD_POSE_ESTIMATE,estimated,0.10842678656795002,5.309670017864141,9.322621543462152,0.4407982866440628,-0.34487970559973724,-0.14116296972221273
65877363,1789028358223000000,4722,HEAD_POSE_ESTIMATE,estimated,0.11545354329496105,5.3111319199731595,9.26694248997301,0.508383526579046,-0.37517617390116265,-0.18114736197037234
65892363,1789028358238000000,4723,HEAD_POSE_ESTIMATE,estimated,0.06930065133223473,5.298512830317561,9.158467929260151,0.585080317251381,-0.40887845028520775,-0.2349596807750239
65905363,1789028358251000000,4724,HEAD_POSE_ESTIMATE,estimated,0.04083215287429709,5.295681906970422,9.06274113113222,0.6359989850411691,-0.4388826737686158,-0.28235525037434095
65918363,1789028358264000000,4725,HEAD_POSE_ESTIMATE,estimated,-0.009144484765213234,5.299613894628641,8.927397264350025,0.6769489610931985,-0.4666528144468201,-0.31981474918485187
65933363,1789028358279000000,4726,HEAD_POSE_ESTIMATE,estimated,-0.07482698523267206,5.2790510634091055,8.729565613501935,0.7235214366540055,-0.5031292157357685,-0.34763121649455136
65946363,1789028358292000000,4727,HEAD_POSE_ESTIMATE,estimated,-0.11981895231853312,5.269081900577541,8.553019768025086,0.7361562053359733,-0.5293802359569726,-0.3597599950092253
65959363,1789028358305000000,4728,HEAD_POSE_ESTIMATE,estimated,-0.14567928430617327,5.297298989161945,8.354360671807582,0.734585119165651,-0.554275626198586,-0.35779888059881
65972363,1789028358318000000,4729,HEAD_POSE_ESTIMATE,estimated,-0.15145315674661414,5.297227713122662,8.205852286677377,0.7100037256195311,-0.571614806376488,-0.3412491654177006
65987363,1789028358333000000,4730,HEAD_POSE_ESTIMATE,estimated,-0.15707759994370474,5.335158101425042,8.056101172286827,0.6559515897873247,-0.5883111882776604,-0.32329983795610284
66002363,1789028358348000000,4731,HEAD_POSE_ESTIMATE,estimated,-0.13674868781480892,5.369043549741493,7.920178399119358,0.5699229199780782,-0.591325716454424,-0.2966846937161525
66015363,1789028358361000000,4732,HEAD_POSE_ESTIMATE,estimated,-0.09799767190290248,5.463247409985616,7.79322991884402,0.4768140390668453,-0.5769155671304866,-0.26738283508294675
66029363,1789028358375000000,4733,HEAD_POSE_ESTIMATE,estimated,-0.06543603276778265,5.559384273879766,7.628142845038556,0.3850287252815286,-0.5575415931734405,-0.2425868490334367
66043363,1789028358389000000,4734,HEAD_POSE_ESTIMATE,estimated,-0.03602357799065081,5.635466981939315,7.474328280821738,0.2962899181130688,-0.5237229313477947,-0.20874485924690264
66057363,1789028358403000000,4735,HEAD_POSE_ESTIMATE,estimated,0.007507610468630743,5.722021022548586,7.336169972683213,0.22453198369207975,-0.4848140280793438,-0.17656259471938054
66071363,1789028358417000000,4736,HEAD_POSE_ESTIMATE,estimated,0.016400964760024006,5.783435891524648,7.2042680238254775,0.17114846076982926,-0.4483531757660292,-0.14861400040525927
66084363,1789028358430000000,4737,HEAD_POSE_ESTIMATE,estimated,0.02303791227972357,5.861353252580049,7.061534088860216,0.12279506117979606,-0.4024011163097961,-0.12637552264074908
66099363,1789028358445000000,4738,HEAD_POSE_ESTIMATE,estimated,-0.00692093739623148,5.897355373808977,6.8888350130139315,0.07900392143598499,-0.3440169044920152,-0.10707979547959835
66112363,1789028358458000000,4739,HEAD_POSE_ESTIMATE,estimated,-0.031191034572420617,5.889798678788991,6.736790961473459,0.059250388408400974,-0.3013562955201969,-0.10299515099980842
66126363,1789028358472000000,4740,HEAD_POSE_ESTIMATE,estimated,-0.025660821509333853,5.891535298665217,6.592206614093268,0.05575564237193251,-0.2595531870192121,-0.10653881588344837
66140363,1789028358486000000,4741,HEAD_POSE_ESTIMATE,estimated,-0.04587938659788483,5.8730072349706655,6.463294241839791,0.05641339369669499,-0.22187765587205346,-0.11406248868449037
66154363,1789028358500000000,4742,HEAD_POSE_ESTIMATE,estimated,-0.10366799097742854,5.858911939062979,6.349075731726003,0.04459507781568304,-0.1833799147506386,-0.11316390498883769
66168363,1789028358514000000,4743,HEAD_POSE_ESTIMATE,estimated,-0.17094855279771026,5.84455727273479,6.258593414091568,0.025973766344958085,-0.1551410775497919,-0.10967192342631037
66182363,1789028358528000000,4744,HEAD_POSE_ESTIMATE,estimated,-0.22089492458522492,5.827708415020065,6.186684472660913,-0.0010432529753820455,-0.12219975729630891,-0.09003504561085085
66196363,1789028358542000000,4745,HEAD_POSE_ESTIMATE,estimated,-0.2598223773396866,5.757641091110193,6.118687474193589,-0.029505725414460983,-0.09177187004345573,-0.05767641220669704
66210363,1789028358556000000,4746,HEAD_POSE_ESTIMATE,estimated,-0.3119190191614776,5.673376114612707,6.049238203645315,-0.0601476082917997,-0.05484042182158391,-0.007308290787811149
66224363,1789028358570000000,4747,HEAD_POSE_ESTIMATE,estimated,-0.3402384142544284,5.568728069906285,6.024475474283124,-0.07848467197753489,-0.017313511648659536,0.047356102912794414
66238363,1789028358584000000,4748,HEAD_POSE_ESTIMATE,estimated,-0.3965446147308562,5.4955458221637805,6.008800500471296,-0.0938210029156338,0.0247780035669291,0.10201734109899684
66251363,1789028358597000000,4749,HEAD_POSE_ESTIMATE,estimated,-0.46167255811038904,5.468887688243647,6.058388608367657,-0.10756365240861514,0.07345416535755789,0.14853201789242473
66266363,1789028358612000000,4750,HEAD_POSE_ESTIMATE,estimated,-0.4701386120390629,5.445277221667568,6.107839434497848,-0.125573240356502,0.12327170338691922,0.1820791621183066
66281363,1789028358627000000,4751,HEAD_POSE_ESTIMATE,estimated,-0.48763060089713683,5.460175298515716,6.176203093234136,-0.1473095019977963,0.17632052874832022,0.19895081079254925
66294363,1789028358640000000,4752,HEAD_POSE_ESTIMATE,estimated,-0.5169132724430164,5.506470124804053,6.280984671728709,-0.16262513927289327,0.22091737898951172,0.19824277028834272
66308363,1789028358654000000,4753,HEAD_POSE_ESTIMATE,estimated,-0.5410346568700691,5.56881870726066,6.4144285727806905,-0.18831086220636126,0.2609673350674662,0.18781255735866303
66321363,1789028358667000000,4754,HEAD_POSE_ESTIMATE,estimated,-0.5894081827288811,5.6282000453032275,6.578991204893768,-0.2285026673530739,0.2973228025665181,0.17158222365735207
66335363,1789028358681000000,4755,HEAD_POSE_ESTIMATE,estimated,-0.6688511112212364,5.720542597407357,6.830234102858803,-0.28634243597004205,0.33633038366520396,0.16246429763834763
66349363,1789028358695000000,4756,HEAD_POSE_ESTIMATE,estimated,-0.7615055545471391,5.844098621553506,7.11590346315063,-0.3480495574058813,0.36635371127520056,0.1452974157740479
66365363,1789028358711000000,4757,HEAD_POSE_ESTIMATE,estimated,-0.8990960999973342,5.98241320082253,7.502632664295709,-0.4151453269556601,0.3904463734001042,0.12410264329441663
66376363,1789028358722000000,4758,HEAD_POSE_ESTIMATE,estimated,-1.0197026297471303,6.0809413079708445,7.765883864102312,-0.45716089161820134,0.3969725584600789,0.10131003347911345
66390363,1789028358736000000,4759,HEAD_POSE_ESTIMATE,estimated,-1.1394588315013527,6.210338741570483,8.094580159345126,-0.50497046986674,0.40295501485098423,0.07003780127703219
66404363,1789028358750000000,4760,HEAD_POSE_ESTIMATE,estimated,-1.240555952947989,6.297639599281201,8.405721186498104,-0.5348986585574399,0.3996891480756729,0.04220952322048131
66417363,1789028358763000000,4761,HEAD_POSE_ESTIMATE,estimated,-1.3445203924665543,6.349554979539248,8.651402096553225,-0.5374564927588436,0.39970809393875223,0.028905279322015972
66431363,1789028358777000000,4762,HEAD_POSE_ESTIMATE,estimated,-1.4641784214546192,6.358608015445522,8.845847100097298,-0.5216033113479319,0.4051108081849712,0.03133262224555853
66445363,1789028358791000000,4763,HEAD_POSE_ESTIMATE,estimated,-1.5742356861624607,6.363086379664707,9.026291127750095,-0.471605670837234,0.4016954515952131,0.03834233250917909
66459363,1789028358805000000,4764,HEAD_POSE_ESTIMATE,estimated,-1.6517964364641524,6.352497292467704,9.140985046228721,-0.3853670650830286,0.3980259219548439,0.05535049098543086
66473363,1789028358819000000,4765,HEAD_POSE_ESTIMATE,estimated,-1.7156274856380493,6.335907757924208,9.178309024642203,-0.2756230368703541,0.3989993463735266,0.07753116361777261
66487363,1789028358833000000,4766,HEAD_POSE_ESTIMATE,estimated,-1.6908283963223147,6.246713962905702,9.097005897407406,-0.16787818453742034,0.3975593348700456,0.09720731124367787
66501363,1789028358847000000,4767,HEAD_POSE_ESTIMATE,estimated,-1.6813901716718134,6.209222401119945,8.937997047909668,-0.06019569338301015,0.3920560246500589,0.11101991810379705
66515363,1789028358861000000,4768,HEAD_POSE_ESTIMATE,estimated,-1.6644357648645385,6.165701278483736,8.75199583549756,0.029879883568378656,0.3840119676270946,0.12763283329234765
66529363,1789028358875000000,4769,HEAD_POSE_ESTIMATE,estimated,-1.61773771184279,6.082181809892301,8.51604163465733,0.0995501616287415,0.37040784469781657,0.1393759967284881
66545363,1789028358891000000,4770,HEAD_POSE_ESTIMATE,estimated,-1.5514504478188345,6.016386981075515,8.219567845670076,0.15378863070340582,0.3454416493253724,0.1507667011332566
66556363,1789028358902000000,4771,HEAD_POSE_ESTIMATE,estimated,-1.517724908155016,5.957544487060208,8.04248515555615,0.16532217789709994,0.3202521141021609,0.1510306673167151
66570363,1789028358916000000,4772,HEAD_POSE_ESTIMATE,estimated,-1.4511760326386725,5.868113774411623,7.781695124447248,0.15972813475219075,0.28999822852419005,0.1606824788673806
66585363,1789028358931000000,4773,HEAD_POSE_ESTIMATE,estimated,-1.3543585453741132,5.796179409068386,7.499916633708311,0.14519367164670835,0.26067502926565417,0.18099409897982774
66599363,1789028358945000000,4774,HEAD_POSE_ESTIMATE,estimated,-1.2637484623257436,5.76509108679774,7.233434158229249,0.13138514253090053,0.23892411527076432,0.21289663620558125
66612363,1789028358958000000,4775,HEAD_POSE_ESTIMATE,estimated,-1.1545122520524216,5.749875034746253,6.966038514206018,0.1387489766216948,0.22691782135583324,0.2592626335228147
66627363,1789028358973000000,4776,HEAD_POSE_ESTIMATE,estimated,-1.0667334824342198,5.70271544034206,6.682357678562548,0.14991619570029263,0.21654196823624808,0.29674715065086366
66642363,1789028358988000000,4777,HEAD_POSE_ESTIMATE,estimated,-0.9824554121680011,5.633707621909943,6.427680523916306,0.16293660140049118,0.2084052000873136,0.31751090061920567
66654363,1789028359000000000,4778,HEAD_POSE_ESTIMATE,estimated,-0.940466267583279,5.534670731772652,6.2388219703880585,0.18062893378087888,0.20276682739861462,0.31525203226089854
66668363,1789028359014000000,4779,HEAD_POSE_ESTIMATE,estimated,-0.8790291129516087,5.465840330667513,6.074631626460138,0.181112978392539,0.2025256803200505,0.30014882779251884
66681363,1789028359027000000,4780,HEAD_POSE_ESTIMATE,estimated,-0.8541539811911555,5.421233198605705,5.946482125602433,0.17876522592792138,0.2022219195621574,0.269624629852063
66694363,1789028359040000000,4781,HEAD_POSE_ESTIMATE,estimated,-0.8528896459042303,5.383430522450754,5.868332182008539,0.17481569429306462,0.1995823700378314,0.22950784237524632
66709363,1789028359055000000,4782,HEAD_POSE_ESTIMATE,estimated,-0.8787543963588693,5.380508708491096,5.952785131043643,0.17141228042183881,0.19863616361851458,0.1840696265312993
66722363,1789028359068000000,4783,HEAD_POSE_ESTIMATE,estimated,-0.905680097415284,5.347391203420178,6.041392840671704,0.1560942820275338,0.19510230146149413,0.14197160038158538
66737363,1789028359083000000,4784,HEAD_POSE_ESTIMATE,estimated,-0.9390008434359645,5.330009981544367,6.160529868758824,0.12588349002162702,0.19005276792017856,0.0872210711709342
66751363,1789028359097000000,4785,HEAD_POSE_ESTIMATE,estimated,-0.9804953767054384,5.337589992146338,6.358297103726767,0.08719836248646501,0.18528463483695584,0.041440874452812436
66765363,1789028359111000000,4786,HEAD_POSE_ESTIMATE,estimated,-1.0298861051482242,5.41284394933915,6.616360077488501,0.049802565478116005,0.1838499728782045,0.003376955778402222
66778363,1789028359124000000,4787,HEAD_POSE_ESTIMATE,estimated,-1.1217512733846984,5.49354008606526,6.882307384023966,0.015547463542685262,0.18216327385471376,-0.024885980038335583
66792363,1789028359138000000,4788,HEAD_POSE_ESTIMATE,estimated,-1.2154328796238858,5.545172805312399,7.197157916381591,-0.009058275934733717,0.1749584669203434,-0.047477085776954954
66806363,1789028359152000000,4789,HEAD_POSE_ESTIMATE,estimated,-1.3013286854021346,5.574896346280093,7.510597969402537,-0.034677473941625785,0.17222087830660676,-0.060654046615711124
66823363,1789028359169000000,4790,HEAD_POSE_ESTIMATE,estimated,-1.4044616338007707,5.5315459114415235,7.938506083726836,-0.062051827848772875,0.17624254562851513,-0.06270477344498128
66835363,1789028359181000000,4791,HEAD_POSE_ESTIMATE,estimated,-1.464991679426543,5.472191678896342,8.218377118470725,-0.08096371055675936,0.1854753793838351,-0.055887950420123574
66846363,1789028359192000000,4792,HEAD_POSE_ESTIMATE,estimated,-1.5598481500158559,5.456028399723721,8.489257446094625,-0.07678566567687962,0.1950310267475592,-0.04061117804899149
66861363,1789028359207000000,4793,HEAD_POSE_ESTIMATE,estimated,-1.6380031061190299,5.39873209806842,8.824614082534532,-0.08168749887623959,0.20566594442046846,-0.0221138232237565
66875363,1789028359221000000,4794,HEAD_POSE_ESTIMATE,estimated,-1.7018034772908184,5.318346371969721,9.09548553622861,-0.09747555433601626,0.2199341876555356,0.00035483126485477765
66890363,1789028359236000000,4795,HEAD_POSE_ESTIMATE,estimated,-1.731905633576526,5.194628407491719,9.382090677471526,-0.11829499684453397,0.2426100711393942,0.020223821113483056
66904363,1789028359250000000,4796,HEAD_POSE_ESTIMATE,estimated,-1.783597212721544,5.120386556709072,9.636841488456366,-0.16292396867283582,0.26459843064858585,0.04172297391143851
66916363,1789028359262000000,4797,HEAD_POSE_ESTIMATE,estimated,-1.8320318651719805,5.094936288203649,9.841099915932798,-0.22928431525398674,0.2804731832177421,0.05693427879939648
66929363,1789028359275000000,4798,HEAD_POSE_ESTIMATE,estimated,-1.8901965194089063,5.213894160046923,10.097828794722123,-0.3619738204307038,0.28746290078804104,0.06675060412409178
66944363,1789028359290000000,4799,HEAD_POSE_ESTIMATE,estimated,-1.8961404449895287,5.338469368776617,10.263988012840759,-0.4706614518204642,0.29400058961018904,0.06958110739570066
66958363,1789028359304000000,4800,HEAD_POSE_ESTIMATE,estimated,-1.9149454147359,5.433719533677833,10.469918774838753,-0.5396424619020598,0.29814863249958057,0.06803365371153723
66972363,1789028359318000000,4801,HEAD_POSE_ESTIMATE,estimated,-1.9562804209501952,5.465012601834877,10.69841141807552,-0.5923372764570712,0.3022325123937713,0.0565419568480963
66985363,1789028359331000000,4802,HEAD_POSE_ESTIMATE,estimated,-1.9691497282828552,5.5080128311012935,10.81874515624317,-0.5889040951308637,0.30862166664934765,0.04701156821141581
66999363,1789028359345000000,4803,HEAD_POSE_ESTIMATE,estimated,-1.9601970530500359,5.498279746869539,10.96404616076528,-0.5375047893445659,0.3147351171948039,0.04829428023548782
67013363,1789028359359000000,4804,HEAD_POSE_ESTIMATE,estimated,-1.9370248772792014,5.502361412502848,11.045376859330139,-0.4388288089684698,0.3202268767169075,0.06523485241302943
67027363,1789028359373000000,4805,HEAD_POSE_ESTIMATE,estimated,-1.925291891238148,5.474377212599073,11.021931011632823,-0.3270400085779272,0.3210786075339584,0.09814237882902392
67043363,1789028359389000000,4806,HEAD_POSE_ESTIMATE,estimated,-1.9502694830301075,5.547421925062865,10.976860392422017,-0.16622117096617436,0.3054740788391964,0.13102597998833507
67055363,1789028359401000000,4807,HEAD_POSE_ESTIMATE,estimated,-1.957957326142861,5.596600265738852,10.901977564302683,-0.0004244821786343352,0.28114012339114636,0.15973459183805772
67068363,1789028359414000000,4808,HEAD_POSE_ESTIMATE,estimated,-1.9719070673667405,5.6601975164037786,10.847083412045738,0.14118944293963384,0.25598550902429035,0.18107969294241907
67081363,1789028359427000000,4809,HEAD_POSE_ESTIMATE,estimated,-1.9154197118539662,5.777788997231474,10.728999287111948,0.276310656313524,0.22228847857142406,0.18733440414814648
67096363,1789028359442000000,4810,HEAD_POSE_ESTIMATE,estimated,-1.84603384472267,5.867223305225756,10.556662372242409,0.4073001528068243,0.16824848105990284,0.18052560708240192
67110363,1789028359456000000,4811,HEAD_POSE_ESTIMATE,estimated,-1.7675073583048369,5.900001747546117,10.379243295517359,0.481090886531512,0.11007774482660536,0.15987190711437138
67124363,1789028359470000000,4812,HEAD_POSE_ESTIMATE,estimated,-1.7327495840126923,5.977552678067126,10.218222144272499,0.5522040854062599,0.0539765834797009,0.14765501827581387
67139363,1789028359485000000,4813,HEAD_POSE_ESTIMATE,estimated,-1.6700031252679493,6.158982630669425,9.928459373093322,0.6413798302356158,0.0044760457707818495,0.15053569119946028
67151363,1789028359497000000,4814,HEAD_POSE_ESTIMATE,estimated,-1.636211067788468,6.333123312801133,9.728653800957629,0.7252147636544419,-0.024711151689507077,0.16731114335448077
67166363,1789028359512000000,4815,HEAD_POSE_ESTIMATE,estimated,-1.6014456373955706,6.365306691048469,9.61171098089137,0.7942978048327792,-0.04818190760765428,0.18755164733767518
67179363,1789028359525000000,4816,HEAD_POSE_ESTIMATE,estimated,-1.5390023902741463,6.406569735769235,9.476307009661591,0.841363984917907,-0.059166000878505355,0.20808369079933253
67193363,1789028359539000000,4817,HEAD_POSE_ESTIMATE,estimated,-1.4762513230209093,6.373294040504544,9.309923094282006,0.9069812401208102,-0.06486557970431937,0.23647503195870268
67208363,1789028359554000000,4818,HEAD_POSE_ESTIMATE,estimated,-1.4020664026745595,6.395859259851203,9.019254887974665,0.9642528239542687,-0.06410659311901264,0.26106577112281487
67222363,1789028359568000000,4819,HEAD_POSE_ESTIMATE,estimated,-1.333355195802245,6.484183593566447,8.767181761137072,1.0131800084103937,-0.05939047173530291,0.2723019012618452
67235363,1789028359581000000,4820,HEAD_POSE_ESTIMATE,estimated,-1.3178209793452227,6.524076743043426,8.573714606757505,1.0614652990782214,-0.04846473070892639,0.2675341229160495
67251363,1789028359597000000,4821,HEAD_POSE_ESTIMATE,estimated,-1.3305179469155637,6.4624436319199425,8.39735989785252,1.1409069441770558,-0.041666699308822636,0.2418479627432977
67266363,1789028359612000000,4822,HEAD_POSE_ESTIMATE,estimated,-1.3349661908066712,6.44414508868717,8.189384218418004,1.1999758372495046,-0.02383970723862735,0.21627672372997334
67277363,1789028359623000000,4823,HEAD_POSE_ESTIMATE,estimated,-1.3033043159512034,6.446387517986931,7.9810064563280685,1.2339289432737943,-0.008109910683587143,0.19524220138325474
67291363,1789028359637000000,4824,HEAD_POSE_ESTIMATE,estimated,-1.269347833441275,6.463809043233288,7.803180432186095,1.274696060612491,0.004710363380545254,0.18676290081653601
67305363,1789028359651000000,4825,HEAD_POSE_ESTIMATE,estimated,-1.2216153294486387,6.436592118036017,7.574957130053107,1.2953326230000566,0.0236246433463498,0.19305078009429172
67321363,1789028359667000000,4826,HEAD_POSE_ESTIMATE,estimated,-1.1677632617128517,6.388770331333723,7.314929907258642,1.294762638539702,0.045902810633159506,0.20823813957972198
67334363,1789028359680000000,4827,HEAD_POSE_ESTIMATE,estimated,-1.1150655901482898,6.350926675881506,7.1424103054486965,1.2832325008300218,0.06033025316039041,0.23107496105755249
67347363,1789028359693000000,4828,HEAD_POSE_ESTIMATE,estimated,-1.0580796310835168,6.383019876445945,7.018276642162422,1.251460685913103,0.0736687578470117,0.23924098481277473
67360363,1789028359706000000,4829,HEAD_POSE_ESTIMATE,estimated,-0.9986426484823854,6.431236815374505,6.837987749566606,1.2094807314558276,0.08513314644995106,0.23889255800924977
67375363,1789028359721000000,4830,HEAD_POSE_ESTIMATE,estimated,-0.9366338757710273,6.536617506673649,6.678044635231062,1.1852193395753554,0.09738570503546785,0.2409841044537632
67389363,1789028359735000000,4831,HEAD_POSE_ESTIMATE,estimated,-0.894622587523694,6.655909328155683,6.638980566156446,1.173697297205951,0.10511789474745055,0.2437782134020526
67402363,1789028359748000000,4832,HEAD_POSE_ESTIMATE,estimated,-0.8537842717904132,6.725953007442244,6.470850275403977,1.1703762449386237,0.11008072434125656,0.2422884903770502
67417363,1789028359763000000,4833,HEAD_POSE_ESTIMATE,estimated,-0.817530421304806,6.8342743445337115,6.228317412396203,1.1811534835676138,0.10922417436583154,0.22161529222883897
67431363,1789028359777000000,4834,HEAD_POSE_ESTIMATE,estimated,-0.7968044219121667,6.945444449651361,5.824001273599735,1.2284591230199329,0.10424675212488436,0.18335620992995624
67445363,1789028359791000000,4835,HEAD_POSE_ESTIMATE,estimated,-0.8237015019822322,7.105065503956239,5.5988517651732135,1.2617682217081836,0.09645295040722511,0.14532914081799098
67458363,1789028359804000000,4836,HEAD_POSE_ESTIMATE,estimated,-0.8576559950941074,7.221647679507841,5.3763501812891885,1.2990995433549755,0.08534287826837483,0.09807897935218396
67472363,1789028359818000000,4837,HEAD_POSE_ESTIMATE,estimated,-0.8848238144893186,7.29650783727643,5.1077201131611325,1.329599595915217,0.07455524285715687,0.05034427569284449
67487363,1789028359833000000,4838,HEAD_POSE_ESTIMATE,estimated,-0.9342310476487703,7.378233334919496,4.759212385212769,1.3446503708811286,0.06279078914805987,0.004846386207981268
67499363,1789028359845000000,4839,HEAD_POSE_ESTIMATE,estimated,-0.9702566745072188,7.48037842852003,4.494271521975599,1.3380235520791264,0.05473641400528207,-0.01916233486658867
67513363,1789028359859000000,4840,HEAD_POSE_ESTIMATE,estimated,-1.0147597955054224,7.595880516888096,4.212789079632359,1.3095439273333116,0.04928028852866103,-0.027466412317412977
67527363,1789028359873000000,4841,HEAD_POSE_ESTIMATE,estimated,-1.063491590085882,7.694832967187144,3.953949029670657,1.2617443497245426,0.04628045138560308,-0.023053618493117246
67544363,1789028359890000000,4842,HEAD_POSE_ESTIMATE,estimated,-1.0902992784666456,7.821323058333789,3.731170330930313,1.2017975038113977,0.045038778549957345,0.0038027924751541406
67555363,1789028359901000000,4843,HEAD_POSE_ESTIMATE,estimated,-1.099381247364431,7.932440421294297,3.5486354206627473,1.1556631726890647,0.048572566211267904,0.03744251047089749
67568363,1789028359914000000,4844,HEAD_POSE_ESTIMATE,estimated,-1.0867477043823335,8.076518596814983,3.403380119154384,1.102974831544802,0.04692153671225873,0.06973375521672374
67582363,1789028359928000000,4845,HEAD_POSE_ESTIMATE,estimated,-1.068367470104857,8.202907539744741,3.214714817809417,1.0517366968221247,0.04305313512569816,0.09838658001938651
67596363,1789028359942000000,4846,HEAD_POSE_ESTIMATE,estimated,-1.0425031334603203,8.300376236345304,3.072029313967822,1.0156378533406993,0.03331762766752712,0.11633338173716604
67610363,1789028359956000000,4847,HEAD_POSE_ESTIMATE,estimated,-0.9972862835663615,8.344468622543841,2.9669083962543823,1.0110395406232813,0.022692847361209734,0.12521871267720355
67624363,1789028359970000000,4848,HEAD_POSE_ESTIMATE,estimated,-0.9444127134558289,8.339975192756363,2.797532616969387,1.0089659512923719,0.012081759393238748,0.13350231711127653
67637363,1789028359983000000,4849,HEAD_POSE_ESTIMATE,estimated,-0.8852012229809937,8.324427515988612,2.648738508924214,1.004242787796679,0.00827345292697293,0.14860041673091284
67652363,1789028359998000000,4850,HEAD_POSE_ESTIMATE,estimated,-0.8237016083722889,8.292601329834167,2.480551348592568,1.002394429348243,0.00967376928762685,0.1745046043671781
67666363,1789028360012000000,4851,HEAD_POSE_ESTIMATE,estimated,-0.7695927675340056,8.299160517462864,2.4629821304110138,1.0115748610798179,0.021254676055961975,0.21062454985297835
67680363,1789028360026000000,4852,HEAD_POSE_ESTIMATE,estimated,-0.6901464658237058,8.287180239972233,2.3409899076552327,0.9949311063374923,0.040493200403634695,0.25201380157831577
67694363,1789028360040000000,4853,HEAD_POSE_ESTIMATE,estimated,-0.5885229201014353,8.291405588147208,2.2258282918140297,0.9670333118634801,0.06084290172698666,0.28648253313336197
67707363,1789028360053000000,4854,HEAD_POSE_ESTIMATE,estimated,-0.5059946848450998,8.311914947737003,2.0913781839131045,0.9235687204435025,0.08552113760938874,0.3145135703068622
67722363,1789028360068000000,4855,HEAD_POSE_ESTIMATE,estimated,-0.39971108438529557,8.348095446253796,1.992759664295301,0.873578692627289,0.11065213179419543,0.33465337406976164
67736363,1789028360082000000,4856,HEAD_POSE_ESTIMATE,estimated,-0.32170017457994526,8.38143170673731,1.9089142552568914,0.8167842650650929,0.1362437161804041,0.34070726632360393
67749363,1789028360095000000,4857,HEAD_POSE_ESTIMATE,estimated,-0.2699409801226925,8.46132912451146,1.863270453954859,0.7706615666750077,0.15755995898781305,0.3403509635518254
67763363,1789028360109000000,4858,HEAD_POSE_ESTIMATE,estimated,-0.19953739658124003,8.56974115496621,1.8221788124246805,0.7061109451695072,0.17767901127348157,0.32598430755555813
67777363,1789028360123000000,4859,HEAD_POSE_ESTIMATE,estimated,-0.15883056011250657,8.72284216959438,1.7971409793876354,0.6403967673060947,0.1946989015903218,0.2999336584403795
67791363,1789028360137000000,4860,HEAD_POSE_ESTIMATE,estimated,-0.12384858798116777,8.903878610958845,1.7610277461711559,0.5717383075429778,0.2090919529638766,0.27400618071576244
67804363,1789028360150000000,4861,HEAD_POSE_ESTIMATE,estimated,-0.10592707056944461,9.04852621569724,1.7386414723105574,0.5155719376132294,0.21640934598762823,0.24804711550356554
67819363,1789028360165000000,4862,HEAD_POSE_ESTIMATE,estimated,-0.09648415589168502,9.185487638020815,1.7027485345922422,0.4686720748161244,0.21884082496896357,0.21573119132297358
67833363,1789028360179000000,4863,HEAD_POSE_ESTIMATE,estimated,-0.07687518404763971,9.246787479849626,1.660107549011165,0.43254266063568514,0.2169677695587011,0.19357548794796375
67847363,1789028360193000000,4864,HEAD_POSE_ESTIMATE,edge_fit,-0.06765779831480939,9.319250774695362,1.5997058934091193,0.42734838143038983,0.2112241964822109,0.17305759824162184
67861363,1789028360207000000,4865,HEAD_POSE_ESTIMATE,edge_fit,-0.08332408281382003,9.406426089625933,1.5955520966697487,0.42507142303757695,0.2054895144427686,0.1553358002527256
67874363,1789028360220000000,4866,HEAD_POSE_ESTIMATE,edge_fit,-0.08829955796759081,9.492877082480584,1.559018727264132,0.43366126789284865,0.19742122537820184,0.13989515232887123
67888363,1789028360234000000,4867,HEAD_POSE_ESTIMATE,edge_fit,-0.09059342781342639,9.586293594361415,1.5162503549622732,0.4543471057955072,0.18562380197322953,0.12474748741703022
67902363,1789028360248000000,4868,HEAD_POSE_ESTIMATE,edge_fit,-0.10059991212909697,9.68446925439022,1.4393646297135931,0.48679063250271926,0.171029622171238,0.11080896706318843
67916363,1789028360262000000,4869,HEAD_POSE_ESTIMATE,edge_fit,-0.11376742541738427,9.780667206202713,1.3705556470744362,0.530980522862865,0.1532176103695095,0.0988422244755238
67931363,1789028360277000000,4870,HEAD_POSE_ESTIMATE,edge_fit,-0.11757705598638113,9.883416957036212,1.2947067793712368,0.5914831947949206,0.1302727944485479,0.08800832374759805
67945363,1789028360291000000,4871,HEAD_POSE_ESTIMATE,edge_fit,-0.1303360168528127,9.978501315673073,1.2240959734282109,0.6600715398638544,0.10576910068788338,0.07991977130343006
67959363,1789028360305000000,4872,HEAD_POSE_ESTIMATE,edge_fit,-0.14166237753430344,10.072217687535055,1.1599605588753517,0.7404307080654371,0.07797945612593192,0.0738395809608994
