tracking_time_ns,capture_time_ns,pose_sample_index,source,phase,peak_relative_0_100,contact_strength,palm_relative_0_100,index_relative_0_100,middle_relative_0_100,ring_relative_0_100,little_relative_0_100,thumb_relative_0_100,endpoint_hold
0,1789028292345637000,,video_contact_only,Preparing to clap,0,0,0,0,0,0,0,0,False
20005000,1789028292365642000,,video_contact_only,Preparing to clap,7.8,0.10160820693327637,5.5,7.8,6.7,4.3,2.4,7.1,False
100005000,1789028292445642000,,video_contact_only,Hands clap,49,0.6222900860969843,33.3,49,41.6,26.7,14.5,44.3,False
140009000,1789028292485646000,10,video_contact_and_recorded_pose,Hands clap,30.2,0.4531597658785457,24.3,30.2,27.1,16.9,9,27.5,False
160009000,1789028292505646000,11,video_contact_and_recorded_pose,Hands clap,23.1,0.3467457734805864,18.4,23.1,20.8,12.9,7.1,20.8,False
180009000,1789028292525646000,13,video_contact_and_recorded_pose,Hands clap,16.1,0.2490860084878751,13.3,16.1,14.1,8.6,4.7,14.9,False
200014000,1789028292545651000,14,video_contact_and_recorded_pose,Hands clap,11.4,0.17766006902432369,9.4,11.4,9.8,6.3,3.1,10.6,False
240014000,1789028292585651000,17,video_contact_and_recorded_pose,Hands separate,9.4,0.14679025751975205,7.8,9.4,8.2,5.1,2.7,8.6,False
280014000,1789028292625651000,20,video_contact_and_recorded_pose,Hands separate,7.8,0.12469149916157009,6.7,7.8,7.1,4.3,2.4,7.5,False
320019000,1789028292665656000,23,video_contact_and_recorded_pose,Hands separate,5.9,0.08957242501262086,4.7,5.9,5.1,3.1,1.6,5.5,False
340019000,1789028292685656000,24,video_contact_and_recorded_pose,Hands separate,4.3,0.07009322607270137,3.9,4.3,3.9,2.4,1.2,4.3,False
360019000,1789028292705656000,26,video_contact_and_recorded_pose,Hands separate,3.1,0.0509110337901338,2.7,3.1,2.7,2,0.8,3.1,False
400023000,1789028292745660000,29,video_contact_and_recorded_pose,Hands separate,1.2,0.018169123937712667,0.8,1.2,1.2,0.8,0.4,1.2,False
460023000,1789028292805660000,33,video_contact_and_recorded_pose,No contact,0,0,0,0,0,0,0,0,False
500028000,1789028292845665000,36,video_contact_and_recorded_pose,No contact,0,0,0,0,0,0,0,0,False
520028000,1789028292865665000,37,video_contact_and_recorded_pose,No contact,0,0,0,0,0,0,0,0,False
560028000,1789028292905665000,39,video_contact_and_recorded_pose,No contact,0,0,0,0,0,0,0,0,False
600032000,1789028292945669000,42,video_contact_and_recorded_pose,No contact,0,0,0,0,0,0,0,0,False
640033000,1789028292985670000,45,video_contact_and_recorded_pose,No contact,0,0,0,0,0,0,0,0,False
700037000,1789028293045674000,49,video_contact_and_recorded_pose,No contact,0,0,0,0,0,0,0,0,False
720037000,1789028293065674000,51,video_contact_and_recorded_pose,No contact,0,0,0,0,0,0,0,0,False
780042000,1789028293125679000,55,video_contact_and_recorded_pose,No contact,0,0,0,0,0,0,0,0,False
820042000,1789028293165679000,58,video_contact_and_recorded_pose,No contact,0,0,0,0,0,0,0,0,False
860042000,1789028293205679000,61,video_contact_and_recorded_pose,No contact,0,0,0,0,0,0,0,0,False
880046000,1789028293225683000,62,video_contact_and_recorded_pose,No contact,0,0,0,0,0,0,0,0,False
920046000,1789028293265683000,65,video_contact_and_recorded_pose,No contact,0,0,0,0,0,0,0,0,False
960051000,1789028293305688000,68,video_contact_and_recorded_pose,No contact,0,0,0,0,0,0,0,0,False
980051000,1789028293325688000,69,video_contact_and_recorded_pose,No contact,0,0,0,0,0,0,0,0,False
1000051000,1789028293345688000,71,video_contact_and_recorded_pose,No contact,0,0,0,0,0,0,0,0,False
1020051000,1789028293365688000,,video_contact_only,No contact,0,0,0,0,0,0,0,0,False
1080056000,1789028293425693000,,video_contact_only,No contact,0,0,0,0,0,0,0,0,False
1120056000,1789028293465693000,80,video_contact_and_recorded_pose,No contact,0,0,0,0,0,0,0,0,False
1160060000,1789028293505697000,82,video_contact_and_recorded_pose,No contact,0,0,0,0,0,0,0,0,False
1180060000,1789028293525697000,,video_contact_only,No contact,0,0,0,0,0,0,0,0,False
1220060000,1789028293565697000,,video_contact_only,No contact,0,0,0,0,0,0,0,0,False
1280065000,1789028293625702000,,video_contact_only,No contact,0,0,0,0,0,0,0,0,False
1300065000,1789028293645702000,,video_contact_only,No contact,0,0,0,0,0,0,0,0,False
1320065000,1789028293665702000,,video_contact_only,No contact,0,0,0,0,0,0,0,0,False
1360069000,1789028293705706000,,video_contact_only,No contact,0,0,0,0,0,0,0,0,False
1400070000,1789028293745707000,,video_contact_only,No contact,0,0,0,0,0,0,0,0,False
1420070000,1789028293765707000,,video_contact_only,No contact,0,0,0,0,0,0,0,0,False
1460074000,1789028293805711000,,video_contact_only,No contact,0,0,0,0,0,0,0,0,False
1500074000,1789028293845711000,,video_contact_only,No contact,0,0,0,0,0,0,0,0,False
1560079000,1789028293905716000,,video_contact_only,No contact,0,0,0,0,0,0,0,0,False
1600079000,1789028293945716000,,video_contact_only,No contact,0,0,0,0,0,0,0,0,False
1640083000,1789028293985720000,,video_contact_only,No contact,0,0,0,0,0,0,0,0,False
1680083000,1789028294025720000,,video_contact_only,No contact,0,0,0,0,0,0,0,0,False
1700083000,1789028294045720000,,video_contact_only,No contact,0,0,0,0,0,0,0,0,False
1740088000,1789028294085725000,,video_contact_only,No contact,0,0,0,0,0,0,0,0,False
1800088000,1789028294145725000,,video_contact_only,No contact,0,0,0,0,0,0,0,0,False
1820093000,1789028294165730000,,video_contact_only,No contact,0,0,0,0,0,0,0,0,False
1860093000,1789028294205730000,,video_contact_only,No contact,0,0,0,0,0,0,0,0,False
1920097000,1789028294265734000,,video_contact_only,No contact,0,0,0,0,0,0,0,0,False
1940097000,1789028294285734000,,video_contact_only,No contact,0,0,0,0,0,0,0,0,False
1960097000,1789028294305734000,,video_contact_only,No contact,0,0,0,0,0,0,0,0,False
2000102000,1789028294345739000,143,video_contact_and_recorded_pose,No contact,0,0,0,0,0,0,0,0,False
2040102000,1789028294385739000,146,video_contact_and_recorded_pose,No contact,0,0,0,0,0,0,0,0,False
2080102000,1789028294425739000,149,video_contact_and_recorded_pose,No contact,0,0,0,0,0,0,0,0,False
2120106000,1789028294465743000,152,video_contact_and_recorded_pose,No contact,0,0,0,0,0,0,0,0,False
2180107000,1789028294525744000,156,video_contact_and_recorded_pose,No contact,0,0,0,0,0,0,0,0,False
2220111000,1789028294565748000,159,video_contact_and_recorded_pose,No contact,0,0,0,0,0,0,0,0,False
2240111000,1789028294585748000,160,video_contact_and_recorded_pose,No contact,0,0,0,0,0,0,0,0,False
2280111000,1789028294625748000,163,video_contact_and_recorded_pose,No contact,0,0,0,0,0,0,0,0,False
2320116000,1789028294665753000,166,video_contact_and_recorded_pose,No contact,0,0,0,0,0,0,0,0,False
2340116000,1789028294685753000,167,video_contact_and_recorded_pose,No contact,0,0,0,0,0,0,0,0,False
2380120000,1789028294725757000,170,video_contact_and_recorded_pose,No contact,0,0,0,0,0,0,0,0,False
2420120000,1789028294765757000,173,video_contact_and_recorded_pose,No contact,0,0,0,0,0,0,0,0,False
2460120000,1789028294805757000,176,video_contact_and_recorded_pose,No contact,0,0,0,0,0,0,0,0,False
2480125000,1789028294825762000,178,video_contact_and_recorded_pose,No contact,0,0,0,0,0,0,0,0,False
2540125000,1789028294885762000,182,video_contact_and_recorded_pose,No contact,0,0,0,0,0,0,0,0,False
2560125000,1789028294905762000,183,video_contact_and_recorded_pose,No contact,0,0,0,0,0,0,0,0,False
2640130000,1789028294985767000,189,video_contact_and_recorded_pose,No contact,0,0,0,0,0,0,0,0,False
2660130000,1789028295005767000,191,video_contact_and_recorded_pose,No contact,0,0,0,0,0,0,0,0,False
2680134000,1789028295025771000,192,video_contact_and_recorded_pose,No contact,0,0,0,0,0,0,0,0,False
2740134000,1789028295085771000,196,video_contact_and_recorded_pose,No contact,0,0,0,0,0,0,0,0,False
2760139000,1789028295105776000,198,video_contact_and_recorded_pose,No contact,0,0,0,0,0,0,0,0,False
2800139000,1789028295145776000,201,video_contact_and_recorded_pose,No contact,0,0,0,0,0,0,0,0,False
2820139000,1789028295165776000,202,video_contact_and_recorded_pose,No contact,0,0,0,0,0,0,0,0,False
2860143000,1789028295205780000,205,video_contact_and_recorded_pose,No contact,0,0,0,0,0,0,0,0,False
2900144000,1789028295245781000,208,video_contact_and_recorded_pose,No contact,0,0,0,0,0,0,0,0,False
2960148000,1789028295305785000,212,video_contact_and_recorded_pose,No contact,0,0,0,0,0,0,0,0,False
2980148000,1789028295325785000,214,video_contact_and_recorded_pose,No contact,0,0,0,0,0,0,0,0,False
3000148000,1789028295345785000,215,video_contact_and_recorded_pose,No contact,0,0,0,0,0,0,0,0,False
3040148000,1789028295385785000,218,video_contact_and_recorded_pose,No contact,0,0,0,0,0,0,0,0,False
3080153000,1789028295425790000,221,video_contact_and_recorded_pose,No contact,0,0,0,0,0,0,0,0,False
3140157000,1789028295485794000,225,video_contact_and_recorded_pose,No contact,0,0,0,0,0,0,0,0,False
3160157000,1789028295505794000,227,video_contact_and_recorded_pose,No contact,0,0,0,0,0,0,0,0,False
3200157000,1789028295545794000,229,video_contact_and_recorded_pose,No contact,0,0,0,0,0,0,0,0,False
3220157000,1789028295565794000,231,video_contact_and_recorded_pose,No contact,0,0,0,0,0,0,0,0,False
3280162000,1789028295625799000,235,video_contact_and_recorded_pose,No contact,0,0,0,0,0,0,0,0,False
3320162000,1789028295665799000,238,video_contact_and_recorded_pose,No contact,0,0,0,0,0,0,0,0,False
3340167000,1789028295685804000,239,video_contact_and_recorded_pose,No contact,0,0,0,0,0,0,0,0,False
3380167000,1789028295725804000,242,video_contact_and_recorded_pose,No contact,0,0,0,0,0,0,0,0,False
3400167000,1789028295745804000,244,video_contact_and_recorded_pose,No contact,0,0,0,0,0,0,0,0,False
3460171000,1789028295805808000,248,video_contact_and_recorded_pose,No contact,0,0,0,0,0,0,0,0,False
3500171000,1789028295845808000,251,video_contact_and_recorded_pose,No contact,0,0,0,0,0,0,0,0,False
3520176000,1789028295865813000,252,video_contact_and_recorded_pose,No contact,0,0,0,0,0,0,0,0,False
3560176000,1789028295905813000,255,video_contact_and_recorded_pose,No contact,0,0,0,0,0,0,0,0,False
3600176000,1789028295945813000,,video_contact_only,No contact,0,0,0,0,0,0,0,0,False
3640180000,1789028295985817000,,video_contact_only,No contact,0,0,0,0,0,0,0,0,False
3680181000,1789028296025818000,,video_contact_only,No contact,0,0,0,0,0,0,0,0,False
3720185000,1789028296065822000,,video_contact_only,No contact,0,0,0,0,0,0,0,0,False
3780185000,1789028296125822000,,video_contact_only,No contact,0,0,0,0,0,0,0,0,False
3800190000,1789028296145827000,,video_contact_only,No contact,0,0,0,0,0,0,0,0,False
3820190000,1789028296165827000,,video_contact_only,No contact,0,0,0,0,0,0,0,0,False
3860190000,1789028296205827000,,video_contact_only,No contact,0,0,0,0,0,0,0,0,False
3900194000,1789028296245831000,,video_contact_only,No contact,0,0,0,0,0,0,0,0,False
3960194000,1789028296305831000,,video_contact_only,No contact,0,0,0,0,0,0,0,0,False
4000199000,1789028296345836000,,video_contact_only,No contact,0,0,0,0,0,0,0,0,False
4020199000,1789028296365836000,,video_contact_only,No contact,0,0,0,0,0,0,0,0,False
4040199000,1789028296385836000,,video_contact_only,No contact,0,0,0,0,0,0,0,0,False
4060199000,1789028296405836000,,video_contact_only,No contact,0,0,0,0,0,0,0,0,False
4120204000,1789028296465841000,,video_contact_only,No contact,0,0,0,0,0,0,0,0,False
4140204000,1789028296485841000,,video_contact_only,No contact,0,0,0,0,0,0,0,0,False
4180208000,1789028296525845000,,video_contact_only,No contact,0,0,0,0,0,0,0,0,False
4220208000,1789028296565845000,301,video_contact_and_recorded_pose,No contact,0,0,0,0,0,0,0,0,False
4260208000,1789028296605845000,304,video_contact_and_recorded_pose,No contact,0,0,0,0,0,0,0,0,False
4300213000,1789028296645850000,307,video_contact_and_recorded_pose,No contact,0,0,0,0,0,0,0,0,False
4320213000,1789028296665850000,308,video_contact_and_recorded_pose,No contact,0,0,0,0,0,0,0,0,False
4360213000,1789028296705850000,311,video_contact_and_recorded_pose,No contact,0,0,0,0,0,0,0,0,False
4420218000,1789028296765855000,315,video_contact_and_recorded_pose,No contact,0,0,0,0,0,0,0,0,False
4460218000,1789028296805855000,318,video_contact_and_recorded_pose,No contact,0,0,0,0,0,0,0,0,False
4480222000,1789028296825859000,319,video_contact_and_recorded_pose,No contact,0,0,0,0,0,0,0,0,False
4500222000,1789028296845859000,321,video_contact_and_recorded_pose,No contact,0,0,0,0,0,0,0,0,False
4560227000,1789028296905864000,325,video_contact_and_recorded_pose,No contact,0,0,0,0,0,0,0,0,False
4600227000,1789028296945864000,328,video_contact_and_recorded_pose,No contact,0,0,0,0,0,0,0,0,False
4640227000,1789028296985864000,331,video_contact_and_recorded_pose,No contact,0,0,0,0,0,0,0,0,False
4660231000,1789028297005868000,332,video_contact_and_recorded_pose,No contact,0,0,0,0,0,0,0,0,False
4680231000,1789028297025868000,334,video_contact_and_recorded_pose,No contact,0,0,0,0,0,0,0,0,False
4720231000,1789028297065868000,337,video_contact_and_recorded_pose,No contact,0,0,0,0,0,0,0,0,False
4780236000,1789028297125873000,341,video_contact_and_recorded_pose,No contact,0,0,0,0,0,0,0,0,False
4800236000,1789028297145873000,342,video_contact_and_recorded_pose,No contact,0,0,0,0,0,0,0,0,False
4820236000,1789028297165873000,344,video_contact_and_recorded_pose,No contact,0,0,0,0,0,0,0,0,False
4880241000,1789028297225878000,348,video_contact_and_recorded_pose,No contact,0,0,0,0,0,0,0,0,False
4920241000,1789028297265878000,350,video_contact_and_recorded_pose,No contact,0,0,0,0,0,0,0,0,False
4940245000,1789028297285882000,352,video_contact_and_recorded_pose,No contact,0,0,0,0,0,0,0,0,False
4980245000,1789028297325882000,355,video_contact_and_recorded_pose,No contact,0,0,0,0,0,0,0,0,False
5020245000,1789028297365882000,358,video_contact_and_recorded_pose,No contact,0,0,0,0,0,0,0,0,False
5080250000,1789028297425887000,362,video_contact_and_recorded_pose,No contact,0,0,0,0,0,0,0,0,False
5140254000,1789028297485891000,366,video_contact_and_recorded_pose,No contact,0,0,0,0,0,0,0,0,False
5180255000,1789028297525892000,369,video_contact_and_recorded_pose,No contact,0,0,0,0,0,0,0,0,False
5200255000,1789028297545892000,370,video_contact_and_recorded_pose,No contact,0,0,0,0,0,0,0,0,False
5220259000,1789028297565896000,372,video_contact_and_recorded_pose,No contact,0,0,0,0,0,0,0,0,False
5280259000,1789028297625896000,376,video_contact_and_recorded_pose,No contact,0,0,0,0,0,0,0,0,False
5320264000,1789028297665901000,379,video_contact_and_recorded_pose,No contact,0,0,0,0,0,0,0,0,False
5340264000,1789028297685901000,380,video_contact_and_recorded_pose,No contact,0,0,0,0,0,0,0,0,False
5380264000,1789028297725901000,382,video_contact_and_recorded_pose,No contact,0,0,0,0,0,0,0,0,False
5440268000,1789028297785905000,387,video_contact_and_recorded_pose,No contact,0,0,0,0,0,0,0,0,False
5460268000,1789028297805905000,388,video_contact_and_recorded_pose,No contact,0,0,0,0,0,0,0,0,False
5480268000,1789028297825905000,390,video_contact_and_recorded_pose,No contact,0,0,0,0,0,0,0,0,False
5540273000,1789028297885910000,394,video_contact_and_recorded_pose,No contact,0,0,0,0,0,0,0,0,False
5580273000,1789028297925910000,397,video_contact_and_recorded_pose,No contact,0,0,0,0,0,0,0,0,False
5620278000,1789028297965915000,400,video_contact_and_recorded_pose,No contact,0,0,0,0,0,0,0,0,False
5680278000,1789028298025915000,,video_contact_only,No contact,0,0,0,0,0,0,0,0,False
5700282000,1789028298045919000,,video_contact_only,No contact,0,0,0,0,0,0,0,0,False
5720282000,1789028298065919000,,video_contact_only,No contact,0,0,0,0,0,0,0,0,False
5780282000,1789028298125919000,,video_contact_only,No contact,0,0,0,0,0,0,0,0,False
5820287000,1789028298165924000,,video_contact_only,No contact,0,0,0,0,0,0,0,0,False
5840287000,1789028298185924000,,video_contact_only,No contact,0,0,0,0,0,0,0,0,False
5880287000,1789028298225924000,,video_contact_only,No contact,0,0,0,0,0,0,0,0,False
5920291000,1789028298265928000,,video_contact_only,Reaching for gray garment,0,0.0004505958961710264,0,0,0,0,0,0,False
5960292000,1789028298305929000,,video_contact_only,Reaching for gray garment,0.4,0.0038586420855825933,0.4,0.4,0.4,0,0,0.4,False
6000296000,1789028298345933000,,video_contact_only,Reaching for gray garment,0.8,0.010346610675609467,0.4,0.8,0.8,0.4,0.4,0.8,False
6040296000,1789028298385933000,,video_contact_only,Reaching for gray garment,1.6,0.01959717255715676,1.2,1.6,1.2,0.8,0.4,1.6,False
6060296000,1789028298405933000,,video_contact_only,Reaching for gray garment,2,0.025159848065831786,1.2,2,1.6,1.2,0.8,2,False
6140301000,1789028298485938000,437,video_contact_and_recorded_pose,Reaching for gray garment,3.5,0.052739993622517696,2.7,3.5,3.5,2.4,1.2,3.1,False
6180305000,1789028298525942000,440,video_contact_and_recorded_pose,Reaching for gray garment,4.7,0.06917439622582479,3.5,4.7,4.7,3.1,1.6,4.3,False
6200305000,1789028298545942000,441,video_contact_and_recorded_pose,Reaching for gray garment,5.5,0.07791336776368507,4.3,5.1,5.5,3.5,2,4.7,False
6240305000,1789028298585942000,444,video_contact_and_recorded_pose,Reaching for gray garment,7.1,0.09623888614804725,5.1,6.3,7.1,4.3,2.4,5.9,False
6280310000,1789028298625947000,447,video_contact_and_recorded_pose,Reaching for gray garment,8.2,0.1154335704948222,6.3,7.8,8.2,5.5,2.7,7.1,False
6300310000,1789028298645947000,449,video_contact_and_recorded_pose,Reaching for gray garment,9,0.12525597891786724,6.7,8.2,9,5.9,3.1,7.8,False
6340310000,1789028298685947000,452,video_contact_and_recorded_pose,Reaching for gray garment,10.6,0.14515574885037755,7.8,9.8,10.6,6.7,3.5,9,False
6360314000,1789028298705951000,453,video_contact_and_recorded_pose,Reaching for gray garment,11.4,0.15515609696391827,8.2,11,11.4,7.1,3.9,9.4,False
6400315000,1789028298745952000,456,video_contact_and_recorded_pose,Reaching for gray garment,12.9,0.17505266262139427,9.4,12.9,12.9,7.8,4.3,10.6,False
6440315000,1789028298785952000,459,video_contact_and_recorded_pose,Reaching for gray garment,14.5,0.19455117792427498,10.2,14.5,14.1,8.6,4.7,11.8,False
6500319000,1789028298845956000,463,video_contact_and_recorded_pose,Reaching for gray garment,17.3,0.2223639622840233,11.8,17.3,14.9,9,4.7,13.3,False
6540319000,1789028298885956000,466,video_contact_and_recorded_pose,Reaching for gray garment,18.8,0.23948575042285458,12.9,18.8,15.3,9.4,5.1,14.5,False
6580324000,1789028298925961000,469,video_contact_and_recorded_pose,Reaching for gray garment,20,0.25510562858645913,13.7,20,16.5,9.8,5.5,15.7,False
6620324000,1789028298965961000,472,video_contact_and_recorded_pose,Reaching for gray garment,21.2,0.26890360998800644,14.5,21.2,17.3,10.6,5.9,16.9,False
6660328000,1789028299005965000,475,video_contact_and_recorded_pose,Reaching for gray garment,22.4,0.28056674692312134,14.9,22.4,18,11.4,6.3,17.6,False
6680328000,1789028299025965000,476,video_contact_and_recorded_pose,Reaching for gray garment,22.7,0.28549793897658643,15.3,22.7,18.4,11.8,6.3,18,False
6760333000,1789028299105970000,482,video_contact_and_recorded_pose,Reaching for gray garment,23.9,0.29830306927539424,16.1,23.9,19.6,12.2,6.7,19.2,False
6780333000,1789028299125970000,483,video_contact_and_recorded_pose,Reaching for gray garment,23.9,0.29957649326441477,16.1,23.9,19.6,12.2,6.7,19.2,False
6800333000,1789028299145970000,485,video_contact_and_recorded_pose,Grasping gray fabric,23.5,0.3000000646732832,16.1,23.5,19.6,12.2,6.7,18.8,False
6860338000,1789028299205975000,489,video_contact_and_recorded_pose,Grasping gray fabric,23.5,0.30205253696558604,16.1,23.5,19.6,12.2,6.3,18.4,False
6880338000,1789028299225975000,490,video_contact_and_recorded_pose,Grasping gray fabric,23.5,0.3035969087071379,16.1,23.5,19.6,12.2,6.3,18.4,False
6920338000,1789028299265975000,493,video_contact_and_recorded_pose,Grasping gray fabric,23.5,0.30788264130135273,16.5,23.5,19.6,12.2,6.3,18.4,False
6940342000,1789028299285979000,495,video_contact_and_recorded_pose,Grasping gray fabric,23.5,0.3105934693700106,16.5,23.5,19.6,12.2,6.3,18.4,False
7000342000,1789028299345979000,499,video_contact_and_recorded_pose,Grasping gray fabric,23.1,0.32080728621377724,17.3,23.1,19.2,12.2,6.3,20.4,False
7040347000,1789028299385984000,502,video_contact_and_recorded_pose,Grasping gray fabric,23.9,0.3291977701296095,17.6,21.6,23.9,15.3,8.6,20.8,False
7080347000,1789028299425984000,505,video_contact_and_recorded_pose,Grasping gray fabric,24.7,0.3387062009285188,18,22.4,24.7,16.1,9,21.2,False
7100347000,1789028299445984000,506,video_contact_and_recorded_pose,Grasping gray fabric,25.5,0.3438411226057513,18.4,22.7,25.5,16.5,9,21.2,False
7120351000,1789028299465988000,508,video_contact_and_recorded_pose,Grasping gray fabric,25.9,0.34921020359811006,18.4,22.7,25.9,16.9,9.4,20.8,False
7220356000,1789028299565993000,515,video_contact_and_recorded_pose,Grasping gray fabric,24.3,0.3790034081641784,20.4,24.3,23.9,15.3,8.2,22.7,False
7240356000,1789028299585993000,516,video_contact_and_recorded_pose,Grasping gray fabric,24.7,0.3854431666628304,20.4,24.7,24.3,15.3,8.2,23.1,False
7260356000,1789028299605993000,517,video_contact_and_recorded_pose,Grasping gray fabric,25.5,0.3920070927170376,20.8,25.5,24.3,15.3,8.2,23.5,False
7300361000,1789028299645998000,521,video_contact_and_recorded_pose,Grasping gray fabric,26.3,0.40544692700670265,21.6,26.3,23.9,14.5,7.8,24.7,False
7360361000,1789028299705998000,525,video_contact_and_recorded_pose,Grasping gray fabric,27.5,0.42614653423797777,22.7,27.5,24.3,14.5,7.8,25.9,False
7380361000,1789028299725998000,526,video_contact_and_recorded_pose,Grasping gray fabric,28.2,0.4331288047224767,23.1,28.2,24.7,14.9,8.2,26.3,False
7400365000,1789028299746002000,528,video_contact_and_recorded_pose,Grasping gray fabric,28.6,0.4401277499842412,23.5,28.6,25.1,15.3,8.2,27.1,False
7440365000,1789028299786002000,531,video_contact_and_recorded_pose,Grasping gray fabric,29.8,0.45410643628475045,24.3,29.8,25.5,15.7,8.6,27.1,False
7500370000,1789028299846007000,535,video_contact_and_recorded_pose,Grasping gray fabric,32.5,0.47480181537756627,25.5,32.5,26.7,16.5,9,29,False
7540370000,1789028299886007000,538,video_contact_and_recorded_pose,Grasping gray fabric,34.9,0.4882331715351589,25.9,34.9,27.5,16.9,9.4,31.4,False
7560370000,1789028299906007000,539,video_contact_and_recorded_pose,Grasping gray fabric,36.1,0.4947928623917327,26.3,36.1,27.8,17.3,9.4,32.2,False
7580370000,1789028299926007000,541,video_contact_and_recorded_pose,Grasping gray fabric,36.9,0.5012278210260848,26.7,36.9,28.2,17.6,9.4,32.5,False
7620375000,1789028299966012000,544,video_contact_and_recorded_pose,Grasping gray fabric,38.4,0.5136628333307112,27.5,38.4,29,18,9.8,33.3,False
7680379000,1789028300026016000,548,video_contact_and_recorded_pose,Grasping gray fabric,40.4,0.5309896485837889,28.2,40.4,30.2,18.8,9.8,34.1,False
7700379000,1789028300046016000,550,video_contact_and_recorded_pose,Grasping gray fabric,40.8,0.5363494455870658,28.6,40.8,30.6,18.8,10.2,34.5,False
7720379000,1789028300066016000,551,video_contact_and_recorded_pose,Grasping gray fabric,41.6,0.5414756144792315,29,41.6,30.6,18.8,10.2,34.5,False
7760379000,1789028300106016000,554,video_contact_and_recorded_pose,Grasping gray fabric,42.4,0.5509648457080074,29.4,42.4,31.4,19.6,10.6,34.9,False
7820384000,1789028300166021000,558,video_contact_and_recorded_pose,Grasping gray fabric,43.1,0.5630584837704498,30.2,43.1,32.5,20.4,11,34.9,False
7840384000,1789028300186021000,560,video_contact_and_recorded_pose,Grasping gray fabric,43.1,0.5664561336439906,30.2,43.1,32.9,20.4,11,35.3,False
7880388000,1789028300226025000,562,video_contact_and_recorded_pose,Grasping gray fabric,43.5,0.5722088177272038,30.6,43.5,33.3,20.8,11,35.3,False
7900389000,1789028300246026000,564,video_contact_and_recorded_pose,Grasping gray fabric,43.9,0.5745322685517339,30.6,43.9,33.7,20.8,11,35.3,False
7960389000,1789028300306026000,568,video_contact_and_recorded_pose,Grasping gray fabric,44.3,0.5791048732246755,31,44.3,34.1,21.2,11.4,35.7,False
8000393000,1789028300346030000,571,video_contact_and_recorded_pose,Spreading gray garment,44.3,0.5799999861014109,31,44.3,34.1,21.2,11.4,35.7,False
8040393000,1789028300386030000,,video_contact_only,Spreading gray garment,45.5,0.5798551336494273,31,45.5,38.8,24.7,13.7,41.2,False
8060398000,1789028300406035000,,video_contact_only,Spreading gray garment,45.5,0.5796782971529129,31,45.5,38.8,24.7,13.7,41.2,False
8080398000,1789028300426035000,,video_contact_only,Spreading gray garment,45.5,0.57943384493404,31,45.5,38.8,24.7,13.7,41.2,False
8140398000,1789028300486035000,,video_contact_only,Spreading gray garment,45.5,0.5783089802134217,31,45.5,38.4,24.7,13.7,41.2,False
8180402000,1789028300526039000,,video_contact_only,Spreading gray garment,45.5,0.5772470955075737,30.6,45.5,38.4,24.7,13.7,41.2,False
8200402000,1789028300546039000,,video_contact_only,Spreading gray garment,45.1,0.5766269635664609,30.6,45.1,38.4,24.7,13.7,41.2,False
8220403000,1789028300566040000,,video_contact_only,Spreading gray garment,45.1,0.5759492252688517,30.6,45.1,38.4,24.7,13.7,41.2,False
8280407000,1789028300626044000,,video_contact_only,Spreading gray garment,45.1,0.5735849082599673,30.6,45.1,38.4,24.7,13.3,40.8,False
8320407000,1789028300666044000,,video_contact_only,Spreading gray garment,45.1,0.5717473375763038,30.6,45.1,38,24.3,13.3,40.8,False
8360412000,1789028300706049000,,video_contact_only,Spreading gray garment,44.7,0.5697137781928436,30.2,44.7,38,24.3,13.3,40.4,False
8400412000,1789028300746049000,,video_contact_only,Spreading gray garment,44.7,0.5674962596359221,30.2,44.7,38,24.3,13.3,40.4,False
8420412000,1789028300766049000,,video_contact_only,Spreading gray garment,44.3,0.5663220248534612,30.2,44.3,37.6,24.3,13.3,40.4,False
8460416000,1789028300806053000,,video_contact_only,Spreading gray garment,44.3,0.5638495490956381,30.2,44.3,37.6,24.3,13.3,40,False
8500416000,1789028300846053000,,video_contact_only,Spreading gray garment,43.9,0.5612219122146398,29.8,43.9,37.6,23.9,13.3,40,False
8520416000,1789028300866053000,,video_contact_only,Spreading gray garment,43.9,0.5598534187021404,29.8,43.9,37.3,23.9,13.3,40,False
8560421000,1789028300906058000,,video_contact_only,Spreading gray garment,43.9,0.5570139184874949,29.8,43.9,37.3,23.9,12.9,39.6,False
8640426000,1789028300986063000,,video_contact_only,Spreading gray garment,43.1,0.5509669429864968,29.4,43.1,36.9,23.5,12.9,39.2,False
8680426000,1789028301026063000,620,video_contact_and_recorded_pose,Spreading gray garment,35.7,0.5477825407918104,29,35.7,32.9,20.4,11,35.7,False
8700426000,1789028301046063000,621,video_contact_and_recorded_pose,Spreading gray garment,35.3,0.5461551057024672,29,35.3,33.7,21.2,11.4,35.3,False
8720430000,1789028301066067000,623,video_contact_and_recorded_pose,Spreading gray garment,35.7,0.5445057694229052,29,35.3,35.7,22.4,11.8,34.9,False
8740430000,1789028301086067000,624,video_contact_and_recorded_pose,Spreading gray garment,35.3,0.5428366317957252,29,35.3,35.3,22,11.4,34.5,False
8760430000,1789028301106067000,626,video_contact_and_recorded_pose,Spreading gray garment,35.3,0.5411488051285452,29,35.3,35.3,21.6,11.4,33.7,False
8820435000,1789028301166072000,630,video_contact_and_recorded_pose,Spreading gray garment,34.9,0.5359871553970244,28.6,34.9,33.3,20.4,11,32.2,False
8840435000,1789028301186072000,632,video_contact_and_recorded_pose,Spreading gray garment,34.5,0.5342389695176294,28.6,34.5,32.2,19.6,10.6,32.2,False
8880435000,1789028301226072000,634,video_contact_and_recorded_pose,Spreading gray garment,34.1,0.5307095717188394,28.2,34.1,30.2,18.4,9.8,32.2,False
8920439000,1789028301266076000,637,video_contact_and_recorded_pose,Spreading gray garment,33.7,0.527145381478947,28.2,33.7,29.8,18,9.8,32.2,False
8960439000,1789028301306076000,640,video_contact_and_recorded_pose,Spreading gray garment,33.3,0.5235586325247426,27.8,33.3,29.8,18,9.8,31.8,False
9000440000,1789028301346077000,643,video_contact_and_recorded_pose,Spreading gray garment,33.3,0.5199604000025556,27.8,33.3,29.4,17.6,9.4,31.4,False
9020444000,1789028301366081000,645,video_contact_and_recorded_pose,Spreading gray garment,33.3,0.5181602963414706,27.5,33.3,29.4,17.6,9.4,31,False
9040444000,1789028301386081000,646,video_contact_and_recorded_pose,Spreading gray garment,33.3,0.5163620246483154,27.5,33.3,29.4,17.6,9.4,31,False
9080444000,1789028301426081000,649,video_contact_and_recorded_pose,Spreading gray garment,33.3,0.512775657166005,27.5,33.3,29.4,17.6,9.4,31,False
9140449000,1789028301486086000,653,video_contact_and_recorded_pose,Spreading gray garment,33.3,0.5074427045788882,27.1,33.3,29,17.6,9.4,30.6,False
9180449000,1789028301526086000,656,video_contact_and_recorded_pose,Spreading gray garment,33.3,0.5039358625526518,27.1,33.3,29,17.6,9.4,30.2,False
9220453000,1789028301566090000,659,video_contact_and_recorded_pose,Spreading gray garment,33.7,0.500480647333927,26.7,33.7,33.3,20.8,11.8,33.7,False
9280453000,1789028301626090000,663,video_contact_and_recorded_pose,Spreading gray garment,34.5,0.49542099154205566,26.3,34.5,34.1,21.6,11.4,33.3,False
9320458000,1789028301666095000,666,video_contact_and_recorded_pose,Spreading gray garment,36.1,0.4921460469720853,26.3,36.1,34.1,23.1,12.5,32.9,False
9340458000,1789028301686095000,667,video_contact_and_recorded_pose,Spreading gray garment,35.7,0.4905426714536606,26.3,35.7,34.1,23.1,12.5,32.5,False
9360458000,1789028301706095000,669,video_contact_and_recorded_pose,Spreading gray garment,35.3,0.4889638089112358,25.9,35.3,34.1,23.1,12.5,32.2,False
9400462000,1789028301746099000,672,video_contact_and_recorded_pose,Spreading gray garment,34.9,0.4858850804869424,25.9,34.9,34.1,22.7,12.5,31.8,False
9420463000,1789028301766100000,673,video_contact_and_recorded_pose,Spreading gray garment,34.5,0.4843883286941258,25.9,34.5,29.8,20,12.5,31,False
9500467000,1789028301846104000,679,video_contact_and_recorded_pose,Spreading gray garment,34.1,0.4787184873170604,25.5,34.1,27.5,17.3,9.4,31.4,False
9520467000,1789028301866104000,680,video_contact_and_recorded_pose,Spreading gray garment,34.5,0.47738758512162066,25.5,34.5,27.8,17.6,9.4,32.5,False
9540467000,1789028301886104000,682,video_contact_and_recorded_pose,Spreading gray garment,34.5,0.47609415655018084,25.5,34.5,31.4,20,11,31.4,False
9580472000,1789028301926109000,685,video_contact_and_recorded_pose,Spreading gray garment,34.5,0.47362518190447944,25.1,34.5,34.1,22,12.2,31,False
9640472000,1789028301986109000,689,video_contact_and_recorded_pose,Spreading gray garment,34.5,0.47023925264351296,25.1,34.1,34.5,22,12.2,30.6,False
9660472000,1789028302006109000,691,video_contact_and_recorded_pose,Spreading gray garment,37.6,0.4692009175245242,25.1,37.6,34.1,21.2,11.8,32.2,False
9680476000,1789028302026113000,692,video_contact_and_recorded_pose,Spreading gray garment,39.2,0.4682099430856867,25.1,39.2,33.7,20.4,11.4,32.9,False
9700476000,1789028302046113000,693,video_contact_and_recorded_pose,Spreading gray garment,39.2,0.4672681658775235,25.1,39.2,33.3,20.4,11.4,32.9,False
9760477000,1789028302106114000,,video_contact_only,Spreading gray garment,36.5,0.46475116193423954,24.7,36.5,31,20,11,32.9,False
9780481000,1789028302126118000,,video_contact_only,Spreading gray garment,36.5,0.46401962388088075,24.7,36.5,31,20,11,32.9,False
9840481000,1789028302186118000,,video_contact_only,Spreading gray garment,36.5,0.46216839291823014,24.7,36.5,31,19.6,11,32.9,False
9860486000,1789028302206123000,,video_contact_only,Spreading gray garment,36.1,0.46167030838901413,24.7,36.1,31,19.6,11,32.9,False
9920486000,1789028302266123000,,video_contact_only,Spreading gray garment,36.1,0.4605539410964726,24.7,36.1,30.6,19.6,11,32.9,False
9960490000,1789028302306127000,,video_contact_only,Spreading gray garment,36.1,0.4601386433081695,24.7,36.1,30.6,19.6,11,32.9,False
9980490000,1789028302326127000,,video_contact_only,Spreading gray garment,36.1,0.4600340348203495,24.7,36.1,30.6,19.6,11,32.5,False
10020490000,1789028302366127000,,video_contact_only,Aligning gray edges,36.1,0.46001250917776354,24.7,36.1,30.6,19.6,11,32.5,False
10040490000,1789028302386127000,,video_contact_only,Aligning gray edges,36.1,0.4600485193937035,24.7,36.1,30.6,19.6,11,32.5,False
10100495000,1789028302446132000,,video_contact_only,Aligning gray edges,36.1,0.46029282811446215,24.7,36.1,30.6,19.6,11,32.9,False
10120495000,1789028302466132000,,video_contact_only,Aligning gray edges,36.1,0.46041807662744716,24.7,36.1,30.6,19.6,11,32.9,False
10140499000,1789028302486136000,,video_contact_only,Aligning gray edges,36.1,0.4605644646109833,24.7,36.1,30.6,19.6,11,32.9,False
10180500000,1789028302526137000,,video_contact_only,Aligning gray edges,36.1,0.46091860014875,24.7,36.1,30.6,19.6,11,32.9,False
10240504000,1789028302586141000,,video_contact_only,Aligning gray edges,36.1,0.46159615247828456,24.7,36.1,31,19.6,11,32.9,False
10280504000,1789028302626141000,,video_contact_only,Aligning gray edges,36.5,0.46213976727746536,24.7,36.5,31,19.6,11,32.9,False
10320504000,1789028302666141000,,video_contact_only,Aligning gray edges,36.5,0.46275245369264617,24.7,36.5,31,20,11,32.9,False
10360509000,1789028302706146000,,video_contact_only,Aligning gray edges,36.5,0.4634304603810365,24.7,36.5,31,20,11,32.9,False
10380509000,1789028302726146000,,video_contact_only,Aligning gray edges,36.5,0.46379268502958787,24.7,36.5,31,20,11,32.9,False
10420509000,1789028302766146000,,video_contact_only,Aligning gray edges,36.5,0.46456125767869066,24.7,36.5,31,20,11,32.9,False
10460513000,1789028302806150000,,video_contact_only,Aligning gray edges,36.5,0.46538554653798775,24.7,36.5,31,20,11,32.9,False
10480513000,1789028302826150000,,video_contact_only,Aligning gray edges,36.5,0.46581731264808635,24.7,36.5,31,20,11,33.3,False
10520518000,1789028302866155000,,video_contact_only,Aligning gray edges,36.5,0.4667178834464757,24.7,36.5,31,20,11,33.3,False
10560518000,1789028302906155000,,video_contact_only,Aligning gray edges,36.9,0.4676643749964869,25.1,36.9,31.4,20,11,33.3,False
10600518000,1789028302946155000,,video_contact_only,Aligning gray edges,36.9,0.46865305681849806,25.1,36.9,31.4,20,11,33.3,False
10640523000,1789028302986160000,,video_contact_only,Aligning gray edges,36.9,0.46968021952868266,25.1,36.9,31.4,20,11,33.3,False
10680523000,1789028303026160000,,video_contact_only,Aligning gray edges,36.9,0.47074176596844786,25.1,36.9,31.4,20,11,33.3,False
10720527000,1789028303066164000,,video_contact_only,Aligning gray edges,37.3,0.47183409282745997,25.1,37.3,31.4,20.4,11,33.7,False
10740527000,1789028303086164000,,video_contact_only,Aligning gray edges,37.3,0.4723905034088226,25.1,37.3,31.4,20.4,11,33.7,False
10780527000,1789028303126164000,,video_contact_only,Aligning gray edges,37.3,0.47352152662754776,25.1,37.3,31.8,20.4,11,33.7,False
10820532000,1789028303166169000,,video_contact_only,Aligning gray edges,37.3,0.47467376442282394,25.5,37.3,31.8,20.4,11.4,33.7,False
10840532000,1789028303186169000,,video_contact_only,Aligning gray edges,37.3,0.4752565127810095,25.5,37.3,31.8,20.4,11.4,33.7,False
10880532000,1789028303226169000,,video_contact_only,Aligning gray edges,37.3,0.4764330111933807,25.5,37.3,31.8,20.4,11.4,33.7,False
10920536000,1789028303266173000,,video_contact_only,Aligning gray edges,37.6,0.4776210977759705,25.5,37.6,31.8,20.4,11.4,34.1,False
10960537000,1789028303306174000,,video_contact_only,Aligning gray edges,37.6,0.4788167245684943,25.5,37.6,32.2,20.4,11.4,34.1,False
11000541000,1789028303346178000,,video_contact_only,Aligning gray edges,37.6,0.4800162299984166,25.5,37.6,32.2,20.4,11.4,34.1,False
11040541000,1789028303386178000,,video_contact_only,Aligning gray edges,37.6,0.4812155636791994,25.5,37.6,32.2,20.8,11.4,34.1,False
11060541000,1789028303406178000,,video_contact_only,Aligning gray edges,38,0.48181401104359084,25.9,38,32.2,20.8,11.4,34.1,False
11100546000,1789028303446183000,794,video_contact_and_recorded_pose,Aligning gray edges,31.8,0.48300621530402427,25.9,31.8,28.6,19.2,9.4,29.4,False
11180550000,1789028303526187000,800,video_contact_and_recorded_pose,Aligning gray edges,31.8,0.48535764376483626,25.9,31.8,28.2,19.2,9.4,29.4,False
11200550000,1789028303546187000,801,video_contact_and_recorded_pose,Aligning gray edges,31.8,0.48593583818333624,25.9,31.8,28.2,19.2,9.4,29.4,False
11220550000,1789028303566187000,803,video_contact_and_recorded_pose,Aligning gray edges,31.8,0.4865092194018362,25.9,31.8,28.2,19.2,9.4,29.4,False
11240550000,1789028303586187000,804,video_contact_and_recorded_pose,Aligning gray edges,31.8,0.4870773074203363,25.9,31.8,28.2,19.2,9.4,29,False
11280555000,1789028303626192000,807,video_contact_and_recorded_pose,Aligning gray edges,31.4,0.48819582205088047,25.9,31.4,27.8,19.2,9.4,29,False
11320555000,1789028303666192000,810,video_contact_and_recorded_pose,Aligning gray edges,31.8,0.4892872620812505,26.3,31.8,27.8,19.2,9.4,29.4,False
11360555000,1789028303706192000,813,video_contact_and_recorded_pose,Aligning gray edges,31.8,0.4903479288316205,26.3,31.8,27.8,19.2,9.4,29.4,False
11380560000,1789028303726197000,,video_contact_only,Aligning gray edges,38.4,0.4908656505032038,26.3,38.4,32.9,21.2,11.4,34.9,False
11400560000,1789028303746197000,,video_contact_only,Aligning gray edges,38.4,0.49137410823504385,26.3,38.4,32.9,21.2,11.8,34.9,False
11460560000,1789028303806197000,,video_contact_only,Aligning gray edges,38.8,0.49283988079056384,26.3,38.8,32.9,21.2,11.8,34.9,False
11500564000,1789028303846201000,,video_contact_only,Aligning gray edges,38.8,0.493762685226766,26.3,38.8,32.9,21.2,11.8,35.3,False
11520564000,1789028303866201000,,video_contact_only,Aligning gray edges,38.8,0.49420625986790834,26.3,38.8,32.9,21.2,11.8,35.3,False
11560569000,1789028303906206000,,video_contact_only,Aligning gray edges,38.8,0.495055551406973,26.3,38.8,32.9,21.2,11.8,35.3,False
11580569000,1789028303926206000,,video_contact_only,Aligning gray edges,38.8,0.4954602020167164,26.3,38.8,32.9,21.2,11.8,35.3,False
11620569000,1789028303966206000,,video_contact_only,Aligning gray edges,38.8,0.4962272222682032,26.3,38.8,32.9,21.2,11.8,35.3,False
11680573000,1789028304026210000,,video_contact_only,Aligning gray edges,39.2,0.4972649146442071,26.7,39.2,33.3,21.2,11.8,35.3,False
11720574000,1789028304066211000,,video_contact_only,Aligning gray edges,39.2,0.4978758060334272,26.7,39.2,33.3,21.2,11.8,35.3,False
11740574000,1789028304086211000,,video_contact_only,Aligning gray edges,39.2,0.49815554301174164,26.7,39.2,33.3,21.2,11.8,35.3,False
11760578000,1789028304106215000,,video_contact_only,Aligning gray edges,39.2,0.4984175567969538,26.7,39.2,33.3,21.2,11.8,35.3,False
11820578000,1789028304166215000,,video_contact_only,Aligning gray edges,39.2,0.4990919923636026,26.7,39.2,33.3,21.6,11.8,35.7,False
11840578000,1789028304186215000,,video_contact_only,Aligning gray edges,39.2,0.4992780564751522,26.7,39.2,33.3,21.6,11.8,35.7,False
11880583000,1789028304226220000,,video_contact_only,Aligning gray edges,39.2,0.49958921676894885,26.7,39.2,33.3,21.6,11.8,35.7,False
11920583000,1789028304266220000,,video_contact_only,Aligning gray edges,39.2,0.49981579708108204,26.7,39.2,33.3,21.6,11.8,35.7,False
11960587000,1789028304306224000,,video_contact_only,Aligning gray edges,39.2,0.4999540106983902,26.7,39.2,33.3,21.6,11.8,35.7,False
12000587000,1789028304346224000,,video_contact_only,Holding gray hem,39.2,0.4999999138858419,26.7,39.2,33.3,21.6,11.8,35.7,False
12020588000,1789028304366225000,,video_contact_only,Holding gray hem,39.2,0.49989524558454684,26.7,39.2,33.3,21.6,11.8,35.7,False
12040592000,1789028304386229000,,video_contact_only,Holding gray hem,39.2,0.49959736180943815,26.7,39.2,33.3,21.6,11.8,35.7,False
12100592000,1789028304446229000,,video_contact_only,Holding gray hem,39.2,0.4976116825710381,26.7,39.2,33.3,21.2,11.8,35.3,False
12140597000,1789028304486234000,,video_contact_only,Holding gray hem,38.8,0.49544412832893836,26.3,38.8,32.9,21.2,11.8,35.3,False
12160597000,1789028304506234000,,video_contact_only,Holding gray hem,38.8,0.4941274315767912,26.3,38.8,32.9,21.2,11.8,35.3,False
12200597000,1789028304546234000,873,video_contact_and_recorded_pose,Holding gray hem,35.7,0.49106130173916335,26.3,35.7,33.3,20.8,10.6,31.8,False
12240601000,1789028304586238000,876,video_contact_and_recorded_pose,Holding gray hem,35.7,0.48746224985000025,25.9,35.7,33.3,20.8,10.6,31.4,False
12280601000,1789028304626238000,879,video_contact_and_recorded_pose,Holding gray hem,35.3,0.48338433342557235,25.9,35.3,32.9,20.4,10.6,31.4,False
12300601000,1789028304646238000,,video_contact_only,Holding gray hem,37.6,0.4811823423800252,25.5,37.6,32.2,20.8,11.4,34.1,False
12360606000,1789028304706243000,,video_contact_only,Holding gray hem,37.3,0.4740036073073089,25.1,37.3,31.8,20.4,11,33.7,False
12400606000,1789028304746243000,,video_contact_only,Holding gray hem,36.9,0.4688080583167979,25.1,36.9,31.4,20,11,33.3,False
12420610000,1789028304766247000,,video_contact_only,Holding gray hem,36.5,0.46610670712402513,24.7,36.5,31,20,11,33.3,False
12440611000,1789028304786248000,,video_contact_only,Holding gray hem,36.5,0.4633459535880581,24.7,36.5,31,20,11,32.9,False
12500611000,1789028304846248000,,video_contact_only,Holding gray hem,35.7,0.45477199142108327,24.3,35.7,30.2,19.6,10.6,32.5,False
12540615000,1789028304886252000,,video_contact_only,Holding gray hem,35.3,0.44887866307668156,23.9,35.3,29.8,19.2,10.6,31.8,False
12560615000,1789028304906252000,,video_contact_only,Holding gray hem,34.9,0.44589926483966774,23.9,34.9,29.8,19.2,10.6,31.8,False
12600620000,1789028304946257000,902,video_contact_and_recorded_pose,Holding gray hem,31.8,0.4399070000331012,23.5,31.8,30.2,18.4,9.4,27.5,False
12640620000,1789028304986257000,905,video_contact_and_recorded_pose,Holding gray hem,31.4,0.43391630866198994,23.1,31.4,29.8,18.4,9.4,27.1,False
12680620000,1789028305026257000,,video_contact_only,Holding gray hem,33.7,0.42797977729087894,22.7,33.7,28.6,18.4,10.2,30.6,False
12740624000,1789028305086261000,,video_contact_only,Holding gray hem,32.9,0.41929262985845694,22.4,32.9,27.8,18,9.8,29.8,False
12780624000,1789028305126261000,,video_contact_only,Holding gray hem,32.5,0.4137248532369459,22,32.5,27.5,17.6,9.8,29.4,False
12800629000,1789028305146266000,,video_contact_only,Holding gray hem,32.2,0.4110272774490913,22,32.2,27.5,17.6,9.8,29.4,False
12820629000,1789028305166266000,,video_contact_only,Holding gray hem,32.2,0.40839726002387744,22,32.2,27.5,17.6,9.8,29,False
12860629000,1789028305206266000,,video_contact_only,Holding gray hem,31.8,0.4033645208401164,21.6,31.8,27.1,17.3,9.4,28.6,False
12900634000,1789028305246271000,,video_contact_only,Holding gray hem,31.4,0.3986787252798944,21.2,31.4,26.7,17.3,9.4,28.2,False
12960634000,1789028305306271000,,video_contact_only,Holding gray hem,31,0.39241919632879435,20.8,31,26.3,16.9,9.4,27.8,False
13000638000,1789028305346275000,931,video_contact_and_recorded_pose,Holding gray hem,26.3,0.3888357900989574,20.8,25.9,24.7,15.3,8.2,26.3,False
13020638000,1789028305366275000,932,video_contact_and_recorded_pose,Holding gray hem,26.3,0.3872412642687686,20.8,25.9,24.7,15.7,8.2,26.3,False
13040638000,1789028305386275000,934,video_contact_and_recorded_pose,Holding gray hem,25.9,0.3857869511052464,20.4,25.5,24.7,15.7,8.6,25.9,False
13080643000,1789028305426280000,937,video_contact_and_recorded_pose,Holding gray hem,25.5,0.38332536072672324,20.4,25.1,24.7,15.3,7.5,25.5,False
13140643000,1789028305486280000,941,video_contact_and_recorded_pose,Holding gray hem,25.1,0.38085176756294825,20.4,25.1,24.7,16.1,7.8,25.1,False
13180647000,1789028305526284000,944,video_contact_and_recorded_pose,Holding gray hem,25.1,0.38009262792368054,20.4,25.1,24.7,16.5,8.2,25.1,False
13200647000,1789028305546284000,945,video_contact_and_recorded_pose,Laying gray garment flat,25.1,0.3800000542511263,20.4,25.1,24.7,16.5,8.6,25.1,False
13220648000,1789028305566285000,947,video_contact_and_recorded_pose,Laying gray garment flat,25.1,0.38005484364006337,20.4,25.1,25.1,16.5,8.6,25.1,False
13280652000,1789028305626289000,951,video_contact_and_recorded_pose,Laying gray garment flat,25.5,0.3808180201478101,20.4,25.5,25.1,16.9,9,24.7,False
13360657000,1789028305706294000,957,video_contact_and_recorded_pose,Laying gray garment flat,25.9,0.38314674237750557,20.4,25.9,25.5,16.9,9,24.7,False
13380657000,1789028305726294000,958,video_contact_and_recorded_pose,Laying gray garment flat,25.9,0.3839476387499844,20.4,25.9,25.9,17.3,9,24.7,False
13400657000,1789028305746294000,960,video_contact_and_recorded_pose,Laying gray garment flat,25.9,0.38483142238172263,20.4,25.9,25.9,17.3,9.4,25.1,False
13460661000,1789028305806298000,964,video_contact_and_recorded_pose,Laying gray garment flat,26.3,0.3879572827338588,20.8,25.9,26.3,17.3,9.4,25.5,False
13500661000,1789028305846298000,967,video_contact_and_recorded_pose,Laying gray garment flat,32.5,0.3904132507077021,20.8,32.5,28.2,18,9.8,27.1,False
13520661000,1789028305866298000,968,video_contact_and_recorded_pose,Laying gray garment flat,35.3,0.3917459764147885,20.8,35.3,29,18.4,9.8,27.8,False
13540661000,1789028305886298000,970,video_contact_and_recorded_pose,Laying gray garment flat,31,0.39314545723298583,20.8,31,29.4,18.4,10.2,27.1,False
13560666000,1789028305906303000,971,video_contact_and_recorded_pose,Laying gray garment flat,29.4,0.39460976248461715,21.2,28.2,29.4,18.4,10.2,25.9,False
13640671000,1789028305986308000,977,video_contact_and_recorded_pose,Laying gray garment flat,29,0.4010643923293092,21.6,28.2,29,17.6,9.4,25.5,False
13660671000,1789028306006308000,979,video_contact_and_recorded_pose,Laying gray garment flat,29.8,0.4028160346400005,21.6,28.6,29.8,18.4,9.8,25.1,False
13680671000,1789028306026308000,980,video_contact_and_recorded_pose,Laying gray garment flat,29.8,0.40461829922229664,21.6,28.6,29.8,18.8,10.2,25.1,False
13720671000,1789028306066308000,983,video_contact_and_recorded_pose,Laying gray garment flat,30.6,0.4083654770947078,22,28.6,30.6,18.8,10.2,25.1,False
13780675000,1789028306126312000,987,video_contact_and_recorded_pose,Laying gray garment flat,31.4,0.4143087056903099,22,29,31.4,19.6,10.6,25.1,False
13820675000,1789028306166312000,990,video_contact_and_recorded_pose,Laying gray garment flat,31.8,0.41845841637120834,22.4,29.4,31.8,19.6,11,25.1,False
13860680000,1789028306206317000,993,video_contact_and_recorded_pose,Laying gray garment flat,32.2,0.422737411524657,22.4,29.8,32.2,20,11,25.5,False
13880680000,1789028306226317000,994,video_contact_and_recorded_pose,Laying gray garment flat,32.2,0.42491916174270905,22.7,29.8,32.2,20,11,25.5,False
13900680000,1789028306246317000,996,video_contact_and_recorded_pose,Laying gray garment flat,32.5,0.4271261834010904,22.7,30.2,32.5,20,11,25.9,False
13960684000,1789028306306321000,1000,video_contact_and_recorded_pose,Laying gray garment flat,32.9,0.43387628723495586,23.1,31,32.9,20.4,11.4,25.9,False
14000685000,1789028306346322000,1003,video_contact_and_recorded_pose,Laying gray garment flat,33.7,0.43846028109137575,23.5,31.4,33.7,20.8,11.8,26.3,False
14040689000,1789028306386326000,1006,video_contact_and_recorded_pose,Laying gray garment flat,34.1,0.44309040053126814,23.5,31.8,34.1,21.2,11.8,26.7,False
14060689000,1789028306406326000,1007,video_contact_and_recorded_pose,Laying gray garment flat,34.1,0.44541663330642023,23.9,31.8,34.1,21.2,11.8,27.1,False
14080689000,1789028306426326000,1009,video_contact_and_recorded_pose,Laying gray garment flat,34.5,0.4477473957441237,23.9,31.8,34.5,21.2,11.8,27.1,False
14120694000,1789028306466331000,1011,video_contact_and_recorded_pose,Laying gray garment flat,34.9,0.45241387452519277,24.3,32.2,34.9,21.6,11.8,27.5,False
14160694000,1789028306506331000,1014,video_contact_and_recorded_pose,Laying gray garment flat,35.3,0.4570702322661101,24.3,32.5,35.3,21.6,11.8,27.8,False
14200694000,1789028306546331000,1017,video_contact_and_recorded_pose,Laying gray garment flat,35.7,0.4616986158177272,24.7,32.9,35.7,22,12.2,28.2,False
14240698000,1789028306586335000,1020,video_contact_and_recorded_pose,Laying gray garment flat,36.1,0.46628104422798194,24.7,33.3,36.1,22.4,12.2,28.2,False
14260698000,1789028306606335000,,video_contact_only,Laying gray garment flat,36.9,0.4685488621112077,25.1,36.9,31.4,20,11,33.3,False
14320703000,1789028306666340000,,video_contact_only,Laying gray garment flat,37.3,0.4752325460570811,25.5,37.3,31.8,20.4,11.4,33.7,False
14340703000,1789028306686340000,,video_contact_only,Laying gray garment flat,37.6,0.47741246356621836,25.5,37.6,31.8,20.4,11.4,34.1,False
14400708000,1789028306746345000,1031,video_contact_and_recorded_pose,Laying gray garment flat,36.1,0.48377710424933157,25.9,35.3,36.1,23.1,12.9,29.8,False
14440708000,1789028306786345000,1034,video_contact_and_recorded_pose,Laying gray garment flat,36.5,0.48785043043683674,25.9,35.7,36.5,23.1,12.9,30.2,False
14460708000,1789028306806345000,1035,video_contact_and_recorded_pose,Laying gray garment flat,36.5,0.4898293579914946,26.3,35.7,36.5,23.1,13.3,30.6,False
14540712000,1789028306886349000,1041,video_contact_and_recorded_pose,Laying gray garment flat,36.9,0.49730674709266687,26.7,36.1,36.9,23.5,13.3,31,False
14580712000,1789028306926349000,1044,video_contact_and_recorded_pose,Laying gray garment flat,37.3,0.5007497741198756,26.7,36.5,37.3,23.9,13.3,31.4,False
14600717000,1789028306946354000,1045,video_contact_and_recorded_pose,Laying gray garment flat,37.3,0.502389756649419,26.7,36.5,37.3,23.9,13.7,31.4,False
14620717000,1789028306966354000,,video_contact_only,Laying gray garment flat,39.6,0.5039716264798897,27.1,39.6,33.7,21.6,11.8,35.7,False
14640717000,1789028306986354000,,video_contact_only,Laying gray garment flat,39.6,0.5054934959976032,27.1,39.6,33.7,21.6,11.8,36.1,False
14680721000,1789028307026358000,,video_contact_only,Laying gray garment flat,40,0.5083482883629149,27.1,40,34.1,22,12.2,36.1,False
14740722000,1789028307086359000,,video_contact_only,Laying gray garment flat,40.4,0.5121224681488922,27.5,40.4,34.1,22,12.2,36.5,False
14760722000,1789028307106359000,,video_contact_only,Laying gray garment flat,40.4,0.5132359219833278,27.5,40.4,34.1,22,12.2,36.5,False
14800726000,1789028307146363000,,video_contact_only,Laying gray garment flat,40.4,0.515232311174926,27.5,40.4,34.5,22,12.2,36.9,False
14820726000,1789028307166363000,,video_contact_only,Laying gray garment flat,40.4,0.516110437321895,27.5,40.4,34.5,22,12.2,36.9,False
14860726000,1789028307206363000,,video_contact_only,Laying gray garment flat,40.8,0.5176152452372321,27.5,40.8,34.5,22.4,12.2,36.9,False
14900731000,1789028307246368000,,video_contact_only,Laying gray garment flat,40.8,0.5187695520576192,27.8,40.8,34.5,22.4,12.2,36.9,False
14920731000,1789028307266368000,,video_contact_only,Laying gray garment flat,40.8,0.5192093764963598,27.8,40.8,34.5,22.4,12.2,36.9,False
15000735000,1789028307346372000,,video_contact_only,Folding gray garment,40.8,0.5200000177819575,27.8,40.8,34.9,22.4,12.2,36.9,False
15040735000,1789028307386372000,,video_contact_only,Folding gray garment,40.8,0.520054079030125,27.8,40.8,34.9,22.4,12.2,36.9,False
15060740000,1789028307406377000,,video_contact_only,Folding gray garment,40.8,0.520119638403144,27.8,40.8,34.9,22.4,12.2,36.9,False
15080740000,1789028307426377000,,video_contact_only,Folding gray garment,40.8,0.5202103370254597,27.8,40.8,34.9,22.4,12.2,36.9,False
15140740000,1789028307486377000,,video_contact_only,Folding gray garment,40.8,0.520629445798976,27.8,40.8,34.9,22.4,12.2,36.9,False
15180745000,1789028307526382000,,video_contact_only,Folding gray garment,40.8,0.5210275160796566,27.8,40.8,34.9,22.4,12.2,37.3,False
15200745000,1789028307546382000,,video_contact_only,Folding gray garment,40.8,0.52126094123394,27.8,40.8,34.9,22.4,12.2,37.3,False
15220745000,1789028307566382000,,video_contact_only,Folding gray garment,40.8,0.5215167874581823,27.8,40.8,34.9,22.4,12.2,37.3,False
15280749000,1789028307626386000,1094,video_contact_and_recorded_pose,Folding gray garment,38.4,0.5224150169595531,27.8,38.4,35.3,21.2,10.2,33.3,False
15320749000,1789028307666386000,1097,video_contact_and_recorded_pose,Folding gray garment,38.4,0.5231187526151331,27.8,38.4,34.9,20.8,10.2,33.3,False
15360754000,1789028307706391000,1100,video_contact_and_recorded_pose,Folding gray garment,38.4,0.523902910709659,27.8,38.4,34.9,21.2,10.6,33.3,False
15400754000,1789028307746391000,1103,video_contact_and_recorded_pose,Folding gray garment,38.4,0.5247641734275623,27.8,38.4,34.9,21.6,10.6,33.3,False
15440758000,1789028307786395000,1106,video_contact_and_recorded_pose,Folding gray garment,38.8,0.5256996094800525,27.8,38.8,34.9,21.6,10.6,33.7,False
15480758000,1789028307826395000,1109,video_contact_and_recorded_pose,Folding gray garment,40.4,0.5267059100631125,28.2,40.4,31.8,20,10.6,36.1,False
15500759000,1789028307846396000,1110,video_contact_and_recorded_pose,Folding gray garment,40.4,0.5272347196550876,28.2,40.4,32.2,20,10.6,35.7,False
15540763000,1789028307886400000,1113,video_contact_and_recorded_pose,Folding gray garment,40.4,0.5283417146071349,28.2,40.4,32.2,20,10.6,35.7,False
15600763000,1789028307946400000,,video_contact_only,Folding gray garment,41.6,0.5301194773108657,28.2,41.6,35.3,22.7,12.5,37.6,False
15640768000,1789028307986405000,,video_contact_only,Folding gray garment,41.6,0.5313785487941646,28.2,41.6,35.3,22.7,12.5,37.6,False
15680768000,1789028308026405000,,video_contact_only,Folding gray garment,42,0.5326928127581629,28.2,42,35.7,22.7,12.5,38,False
15700768000,1789028308046405000,,video_contact_only,Folding gray garment,42,0.5333697241250119,28.6,42,35.7,22.7,12.5,38,False
15720772000,1789028308066409000,,video_contact_only,Folding gray garment,42,0.5340594406588399,28.6,42,35.7,22.7,12.5,38,False
15780772000,1789028308126409000,,video_contact_only,Folding gray garment,42,0.5362002740254843,28.6,42,35.7,23.1,12.5,38,False
15820777000,1789028308166414000,,video_contact_only,Folding gray garment,42.4,0.5376838606233604,28.6,42.4,36.1,23.1,12.5,38.4,False
15840777000,1789028308186414000,,video_contact_only,Folding gray garment,42.4,0.5384412447503838,28.6,42.4,36.1,23.1,12.5,38.4,False
15880777000,1789028308226414000,,video_contact_only,Folding gray garment,42.4,0.5399854264523806,28.6,42.4,36.1,23.1,12.5,38.4,False
15920781000,1789028308266418000,,video_contact_only,Folding gray garment,42.4,0.5415663846622837,29,42.4,36.1,23.1,12.9,38.4,False
15960782000,1789028308306419000,,video_contact_only,Folding gray garment,42.7,0.5431807222346583,29,42.7,36.1,23.1,12.9,38.8,False
16000782000,1789028308346419000,,video_contact_only,Folding gray garment,42.7,0.5448253932154407,29,42.7,36.5,23.5,12.9,38.8,False
16020786000,1789028308366423000,,video_contact_only,Folding gray garment,42.7,0.5456583104602547,29,42.7,36.5,23.5,12.9,38.8,False
16040786000,1789028308386423000,,video_contact_only,Folding gray garment,42.7,0.546497484531949,29,42.7,36.5,23.5,12.9,38.8,False
16080786000,1789028308426423000,,video_contact_only,Folding gray garment,43.1,0.5481935400638454,29.4,43.1,36.5,23.5,12.9,38.8,False
16140791000,1789028308486428000,,video_contact_only,Folding gray garment,43.1,0.5507762559519107,29.4,43.1,36.9,23.5,12.9,39.2,False
16180791000,1789028308526428000,,video_contact_only,Folding gray garment,43.5,0.552518982117786,29.4,43.5,36.9,23.5,12.9,39.2,False
16200795000,1789028308546432000,,video_contact_only,Folding gray garment,43.5,0.5533956676027743,29.4,43.5,36.9,23.5,12.9,39.2,False
16220795000,1789028308566432000,,video_contact_only,Folding gray garment,43.5,0.5542750889761706,29.4,43.5,36.9,23.9,12.9,39.6,False
16280796000,1789028308626433000,,video_contact_only,Folding gray garment,43.9,0.5569269608198344,29.8,43.9,37.3,23.9,12.9,39.6,False
16320800000,1789028308666437000,,video_contact_only,Folding gray garment,43.9,0.5587024246067205,29.8,43.9,37.3,23.9,13.3,39.6,False
16360800000,1789028308706437000,,video_contact_only,Folding gray garment,43.9,0.56047998976,29.8,43.9,37.3,23.9,13.3,40,False
16400805000,1789028308746442000,,video_contact_only,Folding gray garment,44.3,0.5622569340224526,29.8,44.3,37.6,23.9,13.3,40,False
16420805000,1789028308766442000,,video_contact_only,Folding gray garment,44.3,0.5631440033929226,30.2,44.3,37.6,24.3,13.3,40,False
16460805000,1789028308806442000,,video_contact_only,Folding gray garment,44.3,0.5649136078982276,30.2,44.3,37.6,24.3,13.3,40.4,False
16500809000,1789028308846446000,,video_contact_only,Folding gray garment,44.7,0.5666747410858433,30.2,44.7,37.6,24.3,13.3,40.4,False
16520809000,1789028308866446000,,video_contact_only,Folding gray garment,44.7,0.5675510012326187,30.2,44.7,38,24.3,13.3,40.4,False
16580814000,1789028308926451000,,video_contact_only,Folding gray garment,44.7,0.5701584425583044,30.6,44.7,38,24.3,13.3,40.4,False
16600814000,1789028308946451000,,video_contact_only,Folding gray garment,44.7,0.5710190310218047,30.6,44.7,38,24.3,13.3,40.8,False
16640814000,1789028308986451000,,video_contact_only,Folding gray garment,45.1,0.5727251382069979,30.6,45.1,38.4,24.7,13.3,40.8,False
16680819000,1789028309026456000,,video_contact_only,Folding gray garment,45.1,0.5744087600515958,30.6,45.1,38.4,24.7,13.7,40.8,False
16720819000,1789028309066456000,,video_contact_only,Folding gray garment,45.1,0.5760663539021973,30.6,45.1,38.4,24.7,13.7,41.2,False
16760823000,1789028309106460000,,video_contact_only,Folding gray garment,45.5,0.577695171507822,31,45.5,38.4,24.7,13.7,41.2,False
16800823000,1789028309146460000,,video_contact_only,Folding gray garment,45.5,0.5792917654020092,31,45.5,38.8,24.7,13.7,41.2,False
16820823000,1789028309166460000,,video_contact_only,Folding gray garment,45.5,0.5800770646329009,31,45.5,38.8,24.7,13.7,41.2,False
16900828000,1789028309246465000,,video_contact_only,Folding gray garment,45.9,0.5831226910387135,31,45.9,38.8,25.1,13.7,41.6,False
16920828000,1789028309266465000,,video_contact_only,Folding gray garment,45.9,0.583858158739897,31,45.9,38.8,25.1,13.7,41.6,False
16960832000,1789028309306469000,,video_contact_only,Folding gray garment,45.9,0.5852954361107892,31.4,45.9,39.2,25.1,13.7,41.6,False
17000832000,1789028309346469000,,video_contact_only,Folding gray garment,46.3,0.5866849000626918,31.4,46.3,39.2,25.1,13.7,41.6,False
17020833000,1789028309366470000,,video_contact_only,Folding gray garment,46.3,0.5873608147628316,31.4,46.3,39.2,25.1,13.7,42,False
17040833000,1789028309386470000,,video_contact_only,Folding gray garment,46.3,0.5880236079188884,31.4,46.3,39.2,25.1,13.7,42,False
17080837000,1789028309426474000,,video_contact_only,Folding gray garment,46.3,0.5893084968817153,31.4,46.3,39.2,25.1,13.7,42,False
17100837000,1789028309446474000,,video_contact_only,Folding gray garment,46.3,0.5899296837525447,31.4,46.3,39.2,25.1,13.7,42,False
17140842000,1789028309486479000,,video_contact_only,Folding gray garment,46.3,0.5911278685367749,31.4,46.3,39.6,25.5,14.1,42,False
17180842000,1789028309526479000,1231,video_contact_and_recorded_pose,Folding gray garment,50.6,0.5922641849936102,31.8,50.6,43.5,27.5,14.9,41.6,False
17200842000,1789028309546479000,1232,video_contact_and_recorded_pose,Folding gray garment,50.6,0.5928082246937548,31.8,50.6,43.5,27.5,14.9,41.6,False
17240846000,1789028309586483000,1235,video_contact_and_recorded_pose,Folding gray garment,50.6,0.5938462164802747,31.8,50.6,43.5,27.5,15.3,41.6,False
17280846000,1789028309626483000,1238,video_contact_and_recorded_pose,Folding gray garment,51,0.5948145822595894,31.8,51,43.9,27.8,15.3,41.6,False
17320846000,1789028309666483000,1241,video_contact_and_recorded_pose,Folding gray garment,51.4,0.5957103077170021,31.8,51.4,44.3,28.2,15.7,42,False
17360851000,1789028309706488000,1244,video_contact_and_recorded_pose,Folding gray garment,51.4,0.5965303690067951,31.8,51.4,44.3,28.2,15.7,42,False
17400851000,1789028309746488000,1247,video_contact_and_recorded_pose,Folding gray garment,51.8,0.5972714393387232,31.8,51.8,44.3,28.2,15.7,42.4,False
17460856000,1789028309806493000,,video_contact_only,Folding gray garment,47.1,0.5982283814992584,31.8,47.1,40,25.5,14.1,42.7,False
17500856000,1789028309846493000,,video_contact_only,Folding gray garment,47.1,0.5987585751882016,31.8,47.1,40,25.5,14.1,42.7,False
17540860000,1789028309886497000,,video_contact_only,Folding gray garment,47.1,0.5991989991037296,31.8,47.1,40,25.5,14.1,42.7,False
17560860000,1789028309906497000,,video_contact_only,Folding gray garment,47.1,0.5993845327368059,32.2,47.1,40,25.5,14.1,42.7,False
17600860000,1789028309946497000,,video_contact_only,Folding gray garment,47.1,0.599684341011951,32.2,47.1,40,25.9,14.1,42.7,False
17640865000,1789028309986502000,,video_contact_only,Folding gray garment,47.1,0.5998865551123063,32.2,47.1,40,25.9,14.1,42.7,False
17660865000,1789028310006502000,,video_contact_only,Folding gray garment,47.1,0.5999500658788074,32.2,47.1,40,25.9,14.1,42.7,False
17680865000,1789028310026502000,,video_contact_only,Folding gray garment,47.1,0.5999880026901186,32.2,47.1,40,25.9,14.1,42.7,False
17720869000,1789028310066506000,,video_contact_only,Pressing gray fold,47.1,0.5996592145380972,32.2,47.1,40,25.9,14.1,42.7,False
17780870000,1789028310126507000,,video_contact_only,Pressing gray fold,46.7,0.5950551461573044,31.8,46.7,39.6,25.5,14.1,42.4,False
17820874000,1789028310166511000,,video_contact_only,Pressing gray fold,46.3,0.589210062505499,31.4,46.3,39.2,25.1,13.7,42,False
17840874000,1789028310186511000,,video_contact_only,Pressing gray fold,45.9,0.5855185877929676,31.4,45.9,39.2,25.1,13.7,41.6,False
17860874000,1789028310206511000,,video_contact_only,Pressing gray fold,45.5,0.5813424800804362,31,45.5,38.8,25.1,13.7,41.6,False
17900879000,1789028310246516000,,video_contact_only,Pressing gray fold,44.7,0.5716194860344692,30.6,44.7,38,24.3,13.3,40.8,False
17960879000,1789028310306516000,,video_contact_only,Pressing gray fold,43.5,0.5539297191185487,29.4,43.5,36.9,23.9,12.9,39.6,False
18000883000,1789028310346520000,,video_contact_only,Pressing gray fold,42.4,0.5403101229259005,28.6,42.4,36.1,23.1,12.5,38.4,False
18040883000,1789028310386520000,1293,video_contact_and_recorded_pose,Pressing gray fold,36.9,0.5254288813354128,27.8,36.9,32.9,20.8,11,31,False
18100888000,1789028310446525000,1297,video_contact_and_recorded_pose,Pressing gray fold,35.3,0.5011063403681175,26.7,35.3,31.4,19.6,10.6,29.4,False
18140888000,1789028310486525000,,video_contact_only,Pressing gray fold,38,0.48380654702275483,25.9,38,32.2,20.8,11.4,34.5,False
18180892000,1789028310526529000,,video_contact_only,Pressing gray fold,36.5,0.4658331223320169,24.7,36.5,31,20,11,33.3,False
18200893000,1789028310546530000,,video_contact_only,Pressing gray fold,35.7,0.4566476879183098,24.3,35.7,30.6,19.6,10.6,32.5,False
18220893000,1789028310566530000,,video_contact_only,Pressing gray fold,35.3,0.44735809684173267,23.9,35.3,29.8,19.2,10.6,31.8,False
18240893000,1789028310586530000,,video_contact_only,Pressing gray fold,34.5,0.43798500393182227,23.5,34.5,29.4,18.8,10.2,31,False
18260893000,1789028310606530000,,video_contact_only,Pressing gray fold,33.7,0.4285495202996895,22.7,33.7,28.6,18.4,10.2,30.6,False
18320897000,1789028310666534000,,video_contact_only,Pressing gray fold,31.4,0.4000779384853522,21.2,31.4,26.7,17.3,9.4,28.6,False
18360897000,1789028310706534000,,video_contact_only,Pressing gray fold,29.8,0.3811732497656407,20.4,29.8,25.5,16.5,9,27.1,False
18400902000,1789028310746539000,,video_contact_only,Pressing gray fold,28.6,0.36252337387699884,19.2,28.6,24.3,15.7,8.6,25.9,False
18420902000,1789028310766539000,,video_contact_only,Pressing gray fold,27.8,0.3533488171433993,18.8,27.8,23.5,15.3,8.2,25.1,False
18440902000,1789028310786539000,,video_contact_only,Pressing gray fold,27.1,0.3443018791875791,18.4,27.1,23.1,14.9,8.2,24.3,False
18480906000,1789028310826543000,,video_contact_only,Pressing gray fold,25.5,0.3266735767756294,17.3,25.5,22,14.1,7.8,23.1,False
18540907000,1789028310886544000,,video_contact_only,Pressing gray fold,23.5,0.30171836783368045,16.1,23.5,20,12.9,7.1,21.6,False
18560911000,1789028310906548000,,video_contact_only,Pressing gray fold,23.1,0.29387900136560857,15.7,23.1,19.6,12.5,7.1,20.8,False
18640911000,1789028310986548000,1335,video_contact_and_recorded_pose,Pressing gray fold,17.3,0.26549308193134435,14.1,17.3,14.5,9.4,5.1,16.5,False
18680916000,1789028311026553000,1338,video_contact_and_recorded_pose,Pressing gray fold,16.5,0.253373362994349,13.3,16.5,13.7,8.6,4.7,15.7,False
18700916000,1789028311046553000,1339,video_contact_and_recorded_pose,Pressing gray fold,16.1,0.24790686909906762,13.3,16.1,13.3,8.6,4.7,15.3,False
18720916000,1789028311066553000,1341,video_contact_and_recorded_pose,Pressing gray fold,15.7,0.2428635643148973,12.9,15.7,13.3,8.2,4.7,15.3,False
18780920000,1789028311126557000,1345,video_contact_and_recorded_pose,Pressing gray fold,15.3,0.23048321639581187,12.2,15.3,12.9,8.2,4.3,14.1,False
18820920000,1789028311166557000,1348,video_contact_and_recorded_pose,Pressing gray fold,14.9,0.22473329810395976,12.2,14.9,12.5,7.8,4.3,14.1,False
18860925000,1789028311206562000,1351,video_contact_and_recorded_pose,Pressing gray fold,14.5,0.22118252052286114,11.8,14.5,12.2,7.8,4.3,13.7,False
18880925000,1789028311226562000,1352,video_contact_and_recorded_pose,Pressing gray fold,14.5,0.22028499981481725,11.8,14.5,12.2,7.8,4.3,13.7,False
18900925000,1789028311246562000,1354,video_contact_and_recorded_pose,Finishing gray fold,14.5,0.21999774393591498,11.8,14.5,12.2,7.8,4.3,13.7,False
18960930000,1789028311306567000,1358,video_contact_and_recorded_pose,Finishing gray fold,13.7,0.2109953183759759,11.4,13.7,11.8,7.5,4.3,13.3,False
19000930000,1789028311346567000,1361,video_contact_and_recorded_pose,Finishing gray fold,12.9,0.1967258008297359,10.6,12.9,11,7.1,3.9,12.5,False
19060934000,1789028311406571000,1365,video_contact_and_recorded_pose,Finishing gray fold,11,0.1662965444048844,9,11,9,5.9,3.5,10.6,False
19080934000,1789028311426571000,1367,video_contact_and_recorded_pose,Finishing gray fold,10.2,0.1544238869184718,8.2,10.2,8.6,5.5,3.1,9.8,False
19100934000,1789028311446571000,1368,video_contact_and_recorded_pose,Finishing gray fold,9.4,0.14196775986405927,7.5,9.4,7.8,5.1,3.1,9,False
19140939000,1789028311486576000,1371,video_contact_and_recorded_pose,Finishing gray fold,7.5,0.11597764138859659,6.3,7.5,6.3,4.3,2.4,7.1,False
19180939000,1789028311526576000,1374,video_contact_and_recorded_pose,Finishing gray fold,5.9,0.08968450649954757,4.7,5.9,5.1,3.1,2,5.5,False
19220943000,1789028311566580000,1377,video_contact_and_recorded_pose,Finishing gray fold,4.3,0.0644344348765985,3.5,4.3,3.5,2.4,1.2,3.9,False
19240943000,1789028311586580000,1378,video_contact_and_recorded_pose,Finishing gray fold,3.5,0.05262520854198552,2.7,3.5,2.7,2,1.2,3.1,False
19300944000,1789028311646581000,1383,video_contact_and_recorded_pose,Finishing gray fold,1.6,0.02248266892056086,1.2,1.6,1.2,0.8,0.4,1.6,False
19360948000,1789028311706585000,1387,video_contact_and_recorded_pose,Finishing gray fold,0.4,0.003816515772929352,0.4,0.4,0.4,0,0,0.4,False
19400948000,1789028311746585000,1390,video_contact_and_recorded_pose,Releasing gray garment,0,1.346636047683001e-06,0,0,0,0,0,0,False
19460953000,1789028311806590000,1394,video_contact_and_recorded_pose,Releasing gray garment,0.4,0.005195474408261573,0.4,0.4,0.4,0.4,0,0.4,False
19480953000,1789028311826590000,1396,video_contact_and_recorded_pose,Releasing gray garment,0.8,0.008945888254028193,0.4,0.8,0.4,0.4,0.4,0.8,False
19520957000,1789028311866594000,1399,video_contact_and_recorded_pose,Releasing gray garment,1.6,0.01899643880332095,1.2,1.6,1.2,0.8,0.4,1.2,False
19540957000,1789028311886594000,1400,video_contact_and_recorded_pose,Releasing gray garment,2,0.025135551885087475,1.2,2,1.6,1.2,0.4,2,False
19580957000,1789028311926594000,1403,video_contact_and_recorded_pose,Releasing gray garment,3.1,0.03924229404862179,2,3.1,2.7,1.6,0.8,2.7,False
19620962000,1789028311966599000,1406,video_contact_and_recorded_pose,Releasing gray garment,4.3,0.05525581802713794,3.1,4.3,3.5,2.4,1.2,3.9,False
19680962000,1789028312026599000,1410,video_contact_and_recorded_pose,Releasing gray garment,6.3,0.08144440039393888,4.3,6.3,5.5,3.5,2,5.9,False
19720966000,1789028312066603000,1413,video_contact_and_recorded_pose,Releasing gray garment,7.8,0.0994193398486861,5.5,7.8,7.1,4.3,2.4,7.1,False
19740967000,1789028312086604000,1414,video_contact_and_recorded_pose,Releasing gray garment,8.6,0.10832055880848238,5.9,8.6,7.5,4.7,2.7,7.5,False
19780967000,1789028312126604000,1418,video_contact_and_recorded_pose,Releasing gray garment,10.2,0.12555049712401528,6.7,10.2,9,5.5,3.1,8.6,False
19800971000,1789028312146608000,1419,video_contact_and_recorded_pose,Releasing gray garment,11,0.13372126038700272,7.1,11,9.4,5.9,3.1,9,False
19840971000,1789028312186608000,1422,video_contact_and_recorded_pose,Releasing gray garment,12.2,0.14876779715213567,7.8,12.2,10.6,6.7,3.5,10.2,False
19880976000,1789028312226613000,1425,video_contact_and_recorded_pose,Releasing gray garment,13.3,0.16156022913207657,8.6,13.3,11.4,7.1,3.9,11.4,False
19920976000,1789028312266613000,1428,video_contact_and_recorded_pose,Releasing gray garment,13.3,0.17145529195020964,9,13.3,11.8,7.5,3.9,11.8,False
19960976000,1789028312306613000,1430,video_contact_and_recorded_pose,Releasing gray garment,12.5,0.1778147387683429,9.4,12.2,11.8,7.5,4.3,12.5,False
19980980000,1789028312326617000,1431,video_contact_and_recorded_pose,Releasing gray garment,12.5,0.17946882720467994,9.4,12.5,12.2,7.8,4.3,12.5,False
20020980000,1789028312366617000,1434,video_contact_and_recorded_pose,Picking up green top,12.5,0.18041664386227718,9.8,12.5,12.2,7.8,4.3,12.5,False
20060981000,1789028312406618000,1437,video_contact_and_recorded_pose,Picking up green top,12.9,0.18342480292636426,9.8,12.5,12.2,7.8,4.3,12.9,False
20120985000,1789028312466622000,,video_contact_only,Picking up green top,15.3,0.19291849798453037,10.2,15.3,12.9,8.2,4.7,13.7,False
20160985000,1789028312506622000,,video_contact_only,Picking up green top,16.1,0.2022093700312502,10.6,16.1,13.3,8.6,4.7,14.5,False
20180990000,1789028312526627000,,video_contact_only,Picking up green top,16.5,0.20765267963244902,11,16.5,13.7,9,4.7,14.9,False
20220990000,1789028312566627000,,video_contact_only,Picking up green top,17.3,0.2199759835607688,11.8,17.3,14.5,9.4,5.1,15.7,False
20260994000,1789028312606631000,,video_contact_only,Picking up green top,18.4,0.23401500621043989,12.5,18.4,15.7,10.2,5.5,16.5,False
20280994000,1789028312626631000,,video_contact_only,Picking up green top,18.8,0.24159988628585732,12.9,18.8,16.1,10.2,5.9,17.3,False
20360999000,1789028312706636000,,video_contact_only,Picking up green top,21.6,0.2749983532565867,14.5,21.6,18.4,11.8,6.7,19.6,False
20400999000,1789028312746636000,,video_contact_only,Picking up green top,23.1,0.2931005301781095,15.7,23.1,19.6,12.5,7.1,20.8,False
20440999000,1789028312786636000,1464,video_contact_and_recorded_pose,Picking up green top,23.5,0.31181096924363394,16.5,22,23.5,14.9,8.2,19.6,False
20461003000,1789028312806640000,1465,video_contact_and_recorded_pose,Picking up green top,24.3,0.32131939539971466,17.3,22.4,24.3,15.3,8.2,20,False
20481004000,1789028312826641000,1467,video_contact_and_recorded_pose,Picking up green top,25.1,0.330886306988103,17.6,22.7,25.1,16.1,8.6,20.4,False
20541004000,1789028312886641000,1471,video_contact_and_recorded_pose,Picking up green top,27.1,0.3596377976486609,19.2,24.7,27.1,17.3,9.8,22,False
20581008000,1789028312926645000,1474,video_contact_and_recorded_pose,Picking up green top,28.2,0.3785436169730867,20,28.2,25.9,16.9,9,26.3,False
20601008000,1789028312946645000,1475,video_contact_and_recorded_pose,Picking up green top,30.2,0.3878242906602289,20.8,30.2,25.5,16.5,9,28.2,False
20621008000,1789028312966645000,1477,video_contact_and_recorded_pose,Picking up green top,31.4,0.3969498160593711,21.2,31.4,25.5,16.5,9,29.4,False
20681013000,1789028313026650000,1481,video_contact_and_recorded_pose,Picking up green top,31.8,0.4230903879867077,22.7,31.8,27.5,17.3,9,29.4,False
20721013000,1789028313066650000,1484,video_contact_and_recorded_pose,Picking up green top,30.2,0.43917694981692823,23.5,30.2,28.6,18,9.4,28.6,False
20741017000,1789028313086654000,1485,video_contact_and_recorded_pose,Picking up green top,31,0.44672785066243054,23.9,31,29,18,9.8,29,False
20781017000,1789028313126654000,1488,video_contact_and_recorded_pose,Picking up green top,31.8,0.46068523631703506,24.7,31.8,29.8,18.8,9.8,29.8,False
20821018000,1789028313166655000,1491,video_contact_and_recorded_pose,Picking up green top,33.3,0.4729163356633482,25.1,33.3,31,19.2,10.2,30.2,False
20841022000,1789028313186659000,1493,video_contact_and_recorded_pose,Picking up green top,34.1,0.4783084825336684,25.5,34.1,31.4,19.6,10.2,30.6,False
20881022000,1789028313226659000,1496,video_contact_and_recorded_pose,Picking up green top,35.3,0.48748836980529786,25.9,35.3,31.8,20,10.2,31,False
20901022000,1789028313246659000,1497,video_contact_and_recorded_pose,Picking up green top,35.7,0.4912157987531121,26.3,35.7,32.2,20,10.6,31,False
20941027000,1789028313286664000,1500,video_contact_and_recorded_pose,Picking up green top,36.5,0.49679256004768835,26.7,36.5,32.5,20.4,10.6,31,False
20981027000,1789028313326664000,1503,video_contact_and_recorded_pose,Picking up green top,36.9,0.49965879533250135,26.7,36.9,32.5,20.4,11,31.4,False
21021031000,1789028313366668000,1506,video_contact_and_recorded_pose,Holding green top,36.1,0.5000203174883595,26.7,36.1,31.8,20,10.6,33.7,False
21061031000,1789028313406668000,1509,video_contact_and_recorded_pose,Holding green top,38,0.500168545726437,26.7,38,33.7,21.2,11.4,34.5,False
21081031000,1789028313426668000,1510,video_contact_and_recorded_pose,Holding green top,39.6,0.500294859577986,26.7,39.6,34.5,22,11.8,36.1,False
21141036000,1789028313486673000,1514,video_contact_and_recorded_pose,Holding green top,39.2,0.5008727836968955,26.7,39.2,34.1,21.6,11.4,35.7,False
21161036000,1789028313506673000,1516,video_contact_and_recorded_pose,Holding green top,38.8,0.5011289766941904,26.7,38.8,34.1,20.8,11,35.3,False
21201036000,1789028313546673000,1519,video_contact_and_recorded_pose,Holding green top,38.8,0.5017317697669695,26.7,38.8,36.1,23.1,12.5,34.5,False
21261041000,1789028313606678000,1523,video_contact_and_recorded_pose,Holding green top,38.8,0.5028497347177538,26.7,38.8,35.3,22,12.2,33.3,False
21281041000,1789028313626678000,1525,video_contact_and_recorded_pose,Holding green top,38.8,0.5032760487537473,26.7,38.8,33.7,20.8,11,32.2,False
21301045000,1789028313646682000,1526,video_contact_and_recorded_pose,Holding green top,38.4,0.5037279272034265,26.7,38.4,34.9,22,12.2,32.5,False
21341045000,1789028313686682000,1529,video_contact_and_recorded_pose,Holding green top,38.4,0.50470463044343,27.1,38.4,35.3,22.7,12.5,32.5,False
21401050000,1789028313746687000,1533,video_contact_and_recorded_pose,Holding green top,42.7,0.5063402889676334,27.1,42.7,36.5,22.7,12.5,32.9,False
21441050000,1789028313786687000,1536,video_contact_and_recorded_pose,Holding green top,39.2,0.5075346790173589,27.1,39.2,36.5,22.7,12.5,33.3,False
21481050000,1789028313826687000,1539,video_contact_and_recorded_pose,Holding green top,38.8,0.5088046163921875,27.1,38.8,35.7,22.4,12.2,33.3,False
21501054000,1789028313846691000,1540,video_contact_and_recorded_pose,Holding green top,38.8,0.5094659916311436,27.1,38.8,36.1,22.7,12.5,33.3,False
21521054000,1789028313866691000,1542,video_contact_and_recorded_pose,Holding green top,38.4,0.5101436538489941,27.1,38.4,36.5,23.1,12.9,33.3,False
21581055000,1789028313926692000,1546,video_contact_and_recorded_pose,Holding green top,38.4,0.5122669516688916,27.5,38.4,36.5,23.1,12.5,32.9,False
21621059000,1789028313966696000,1549,video_contact_and_recorded_pose,Holding green top,38.4,0.5137496096374552,27.5,38.4,36.9,23.5,12.9,32.9,False
21661059000,1789028314006696000,1552,video_contact_and_recorded_pose,Holding green top,38.8,0.5152780380843395,27.5,38.8,37.3,23.5,12.9,33.3,False
21721064000,1789028314066701000,1556,video_contact_and_recorded_pose,Holding green top,38.8,0.5176425704617161,27.5,38.8,37.3,23.5,12.9,33.3,False
21761064000,1789028314106701000,,video_contact_only,Holding green top,40.8,0.5192569861295572,27.8,40.8,34.5,22.4,12.2,36.9,False
21801068000,1789028314146705000,,video_contact_only,Holding green top,40.8,0.5208944365735428,27.8,40.8,34.9,22.4,12.2,37.3,False
21841068000,1789028314186705000,,video_contact_only,Holding green top,41.2,0.5225480094254824,27.8,41.2,34.9,22.4,12.2,37.3,False
21881073000,1789028314226710000,,video_contact_only,Holding green top,41.2,0.5242114912593341,27.8,41.2,34.9,22.4,12.2,37.3,False
21901073000,1789028314246710000,1569,video_contact_and_recorded_pose,Holding green top,38,0.5250447083121507,27.8,38,35.3,22.4,11.8,31.4,False
21941073000,1789028314286710000,1572,video_contact_and_recorded_pose,Holding green top,38,0.5267101869033803,28.2,38,34.9,22.4,11.8,31.8,False
22001078000,1789028314346715000,1576,video_contact_and_recorded_pose,Holding green top,38.4,0.5291938760308997,28.2,38.4,34.5,22,11.8,32.5,False
22021078000,1789028314366715000,1578,video_contact_and_recorded_pose,Holding green top,38.4,0.5300144813236802,28.2,38.4,34.5,22,11.8,32.5,False
22041078000,1789028314386715000,1579,video_contact_and_recorded_pose,Holding green top,38.4,0.5308301039827159,28.2,38.4,34.5,22,11.8,32.9,False
22101082000,1789028314446719000,1583,video_contact_and_recorded_pose,Holding green top,38,0.533239004051764,28.6,37.6,32.5,20.4,11,38,False
22141082000,1789028314486719000,1586,video_contact_and_recorded_pose,Holding green top,36.9,0.5348048258952675,28.6,36.9,32.9,21.6,11.4,36.1,False
22161087000,1789028314506724000,1588,video_contact_and_recorded_pose,Holding green top,37.3,0.5355734575358678,28.6,37.3,33.3,22,11.4,34.9,False
22201087000,1789028314546724000,1591,video_contact_and_recorded_pose,Holding green top,37.3,0.5370772780401841,28.6,37.3,33.7,21.6,11,34.9,False
22261091000,1789028314606728000,1595,video_contact_and_recorded_pose,Holding green top,38,0.5392381629354925,28.6,38,33.7,21.6,11,34.9,False
22281091000,1789028314626728000,1596,video_contact_and_recorded_pose,Holding green top,38,0.5399297865325972,28.6,38,33.7,21.6,11,34.9,False
22321091000,1789028314666728000,1599,video_contact_and_recorded_pose,Holding green top,38,0.5412651624099338,29,38,32.5,20.4,11,36.5,False
22341096000,1789028314686733000,1601,video_contact_and_recorded_pose,Holding green top,39.6,0.5419074268909182,29,39.6,34.9,22,11.8,36.1,False
22401096000,1789028314746733000,1605,video_contact_and_recorded_pose,Holding green top,41.6,0.5437215273809922,29,41.6,36.1,22.7,12.2,35.7,False
22441101000,1789028314786738000,1608,video_contact_and_recorded_pose,Holding green top,42,0.5448293263048654,29,42,36.1,22.7,12.2,35.7,False
22481101000,1789028314826738000,,video_contact_only,Holding green top,42.7,0.5458479113552062,29,42.7,36.5,23.5,12.9,38.8,False
22521101000,1789028314866738000,,video_contact_only,Holding green top,43.1,0.5467708419199504,29,43.1,36.5,23.5,12.9,38.8,False
22541105000,1789028314886742000,,video_contact_only,Holding green top,43.1,0.547194461253134,29,43.1,36.5,23.5,12.9,38.8,False
22581105000,1789028314926742000,,video_contact_only,Holding green top,43.1,0.5479615535281168,29.4,43.1,36.5,23.5,12.9,38.8,False
22601105000,1789028314946742000,,video_contact_only,Holding green top,43.1,0.5483034676697234,29.4,43.1,36.5,23.5,12.9,39.2,False
22621105000,1789028314966742000,,video_contact_only,Holding green top,43.1,0.5486165297537169,29.4,43.1,36.5,23.5,12.9,39.2,False
22681110000,1789028315026747000,,video_contact_only,Holding green top,43.1,0.5493744246145126,29.4,43.1,36.9,23.5,12.9,39.2,False
22721114000,1789028315066751000,,video_contact_only,Holding green top,43.1,0.5497203155858603,29.4,43.1,36.9,23.5,12.9,39.2,False
22761115000,1789028315106752000,,video_contact_only,Holding green top,43.1,0.5499310061572926,29.4,43.1,36.9,23.5,12.9,39.2,False
22801115000,1789028315146752000,,video_contact_only,Aligning green top,43.1,0.5499997907926433,29.4,43.1,36.9,23.5,12.9,39.2,False
22821119000,1789028315166756000,,video_contact_only,Aligning green top,43.1,0.5499256613099126,29.4,43.1,36.9,23.5,12.9,39.2,False
22861119000,1789028315206756000,,video_contact_only,Aligning green top,43.1,0.5493893632578174,29.4,43.1,36.9,23.5,12.9,39.2,False
22901119000,1789028315246756000,,video_contact_only,Aligning green top,43.1,0.5483613317246724,29.4,43.1,36.5,23.5,12.9,39.2,False
22941124000,1789028315286761000,,video_contact_only,Aligning green top,43.1,0.5468721402305533,29,43.1,36.5,23.5,12.9,38.8,False
22961124000,1789028315306761000,,video_contact_only,Aligning green top,42.7,0.54596439103105,29,42.7,36.5,23.5,12.9,38.8,False
23041128000,1789028315386765000,,video_contact_only,Aligning green top,42.4,0.5413347050976576,29,42.4,36.1,23.1,12.9,38.4,False
23081128000,1789028315426765000,,video_contact_only,Aligning green top,42.4,0.5384747881497487,28.6,42.4,36.1,23.1,12.5,38.4,False
23101133000,1789028315446770000,,video_contact_only,Aligning green top,42.4,0.5369216086100861,28.6,42.4,35.7,23.1,12.5,38,False
23141133000,1789028315486770000,1658,video_contact_and_recorded_pose,Aligning green top,39.6,0.5335896047388725,28.6,39.6,36.5,22.7,11.4,32.5,False
23181133000,1789028315526770000,1661,video_contact_and_recorded_pose,Aligning green top,39.6,0.5299813883662011,28.2,39.6,36.1,22.4,11.4,32.5,False
23221138000,1789028315566775000,,video_contact_only,Aligning green top,41.2,0.5261272509009097,28.2,41.2,35.3,22.4,12.5,37.3,False
23241138000,1789028315586775000,,video_contact_only,Aligning green top,41.2,0.5241180036088473,27.8,41.2,34.9,22.4,12.2,37.3,False
23281138000,1789028315626775000,,video_contact_only,Aligning green top,40.8,0.51995392687895,27.8,40.8,34.9,22.4,12.2,36.9,False
23321142000,1789028315666779000,,video_contact_only,Aligning green top,40.4,0.5156209559478774,27.5,40.4,34.5,22,12.2,36.9,False
23361142000,1789028315706779000,,video_contact_only,Aligning green top,40,0.5111507470608252,27.5,40,34.1,22,12.2,36.5,False
23381147000,1789028315726784000,,video_contact_only,Aligning green top,40,0.5088730675742524,27.1,40,34.1,22,12.2,36.1,False
23441147000,1789028315786784000,,video_contact_only,Aligning green top,39.6,0.5019199029540321,26.7,39.6,33.3,21.6,11.8,35.7,False
23501151000,1789028315846788000,,video_contact_only,Aligning green top,38.8,0.49486434655082584,26.3,38.8,32.9,21.2,11.8,35.3,False
23541152000,1789028315886789000,1687,video_contact_and_recorded_pose,Aligning green top,34.1,0.49015553027838443,26.3,34.1,33.3,20.8,10.6,31.4,False
23561152000,1789028315906789000,1688,video_contact_and_recorded_pose,Aligning green top,33.7,0.48781113456328706,25.9,33.7,32.9,20.4,10.6,31.4,False
23581156000,1789028315926793000,1690,video_contact_and_recorded_pose,Aligning green top,34.1,0.4854780406131187,25.9,34.1,32.9,20.4,10.6,31,False
23601156000,1789028315946793000,1691,video_contact_and_recorded_pose,Aligning green top,34.1,0.48316103051677595,25.9,34.1,32.9,20.4,10.2,31,False
23681161000,1789028316026798000,1697,video_contact_and_recorded_pose,Aligning green top,32.5,0.4741255684771505,25.1,32.5,27.8,17.6,9.4,30.2,False
23721161000,1789028316066798000,1700,video_contact_and_recorded_pose,Aligning green top,31.8,0.4698018861685188,25.1,31.8,27.5,17.3,9,30.6,False
23741161000,1789028316086798000,1701,video_contact_and_recorded_pose,Aligning green top,31.4,0.46770195445735124,25.1,31.4,27.5,17.6,9.4,30.2,False
23761165000,1789028316106802000,1703,video_contact_and_recorded_pose,Aligning green top,31.4,0.4656480210960886,24.7,31.4,27.5,18.4,9.8,30.2,False
23821165000,1789028316166802000,1707,video_contact_and_recorded_pose,Aligning green top,31,0.4598043809598311,24.7,31,28.2,18.4,9.4,29,False
23861170000,1789028316206807000,1710,video_contact_and_recorded_pose,Aligning green top,31,0.4562107670273304,24.3,31,27.5,18.4,9.4,28.6,False
23881170000,1789028316226807000,1711,video_contact_and_recorded_pose,Aligning green top,30.6,0.4545165128835549,24.3,30.6,27.5,18.4,9.4,28.6,False
23901170000,1789028316246807000,1713,video_contact_and_recorded_pose,Aligning green top,30.6,0.4528956034045024,24.3,30.6,27.1,18.4,9.4,28.6,False
23961175000,1789028316306812000,1717,video_contact_and_recorded_pose,Aligning green top,30.2,0.44851109340912587,23.9,30.2,27.1,18,9.4,28.2,False
23981175000,1789028316326812000,1719,video_contact_and_recorded_pose,Aligning green top,30.2,0.44722206921971264,23.9,30.2,26.7,18,9.4,28.2,False
24041179000,1789028316386816000,1723,video_contact_and_recorded_pose,Aligning green top,29.8,0.44392572623730364,23.5,29.8,26.3,18,9.4,28.2,False
24081179000,1789028316426816000,1726,video_contact_and_recorded_pose,Aligning green top,29.8,0.44224258387909754,23.5,29.8,26.3,18,9.4,27.8,False
24121179000,1789028316466816000,1729,video_contact_and_recorded_pose,Aligning green top,29.4,0.4410067629669555,23.5,29.4,26.3,18,9.4,27.8,False
24181184000,1789028316526821000,1733,video_contact_and_recorded_pose,Aligning green top,29,0.4400590749905715,23.5,29,25.9,17.3,9,27.8,False
24201184000,1789028316546821000,1735,video_contact_and_recorded_pose,Folding green top,29,0.4400001427190172,23.5,29,25.5,16.9,9,27.5,False
24221184000,1789028316566821000,1736,video_contact_and_recorded_pose,Folding green top,29,0.44004534861056405,23.5,29,25.9,17.3,9,27.5,False
24281189000,1789028316626826000,1740,video_contact_and_recorded_pose,Folding green top,29,0.44065118397805286,23.5,29,26.7,16.9,9,27.1,False
24321189000,1789028316666826000,1743,video_contact_and_recorded_pose,Folding green top,29,0.44142873302430896,23.5,29,27.1,17.3,9,26.7,False
24361193000,1789028316706830000,1746,video_contact_and_recorded_pose,Folding green top,29.4,0.4424884402011773,23.5,29.4,27.5,17.6,9.4,27.1,False
24401193000,1789028316746830000,1749,video_contact_and_recorded_pose,Folding green top,30.2,0.4438156067845494,23.5,30.2,28.6,18,9.8,27.1,False
24441198000,1789028316786835000,1752,video_contact_and_recorded_pose,Folding green top,30.2,0.4453960520213649,23.9,30.2,28.6,18,9.8,27.5,False
24481198000,1789028316826835000,1755,video_contact_and_recorded_pose,Folding green top,31.4,0.4472148937440354,23.9,31.4,29,18.4,9.8,27.5,False
24521202000,1789028316866839000,1758,video_contact_and_recorded_pose,Folding green top,32.9,0.44925804338835856,23.9,32.9,29,18,9.4,27.8,False
24561202000,1789028316906839000,1760,video_contact_and_recorded_pose,Folding green top,33.3,0.4515106055613996,23.9,33.3,29,18,9.4,28.2,False
24581202000,1789028316926839000,1762,video_contact_and_recorded_pose,Folding green top,33.3,0.45271096209647965,24.3,33.3,28.6,17.6,9.4,28.2,False
24641207000,1789028316986844000,1766,video_contact_and_recorded_pose,Folding green top,33.7,0.45658694432793306,24.3,33.7,28.2,17.6,9.4,27.5,False
24681207000,1789028317026844000,1769,video_contact_and_recorded_pose,Folding green top,32.9,0.45938143036414464,24.3,32.9,28.6,18,9.8,27.1,False
24701212000,1789028317046849000,1771,video_contact_and_recorded_pose,Folding green top,32.9,0.460836820200538,24.7,32.9,29.4,18.8,10.2,27.1,False
24761212000,1789028317106849000,1775,video_contact_and_recorded_pose,Folding green top,31,0.46541129521388114,24.7,31,30.2,19.6,10.6,27.1,False
24801216000,1789028317146853000,1778,video_contact_and_recorded_pose,Folding green top,31,0.4686176501334565,25.1,31,30.6,19.6,10.6,27.8,False
24861216000,1789028317206853000,1782,video_contact_and_recorded_pose,Folding green top,31.4,0.47362506172282925,25.1,31,31.4,20,11,29.4,False
24901221000,1789028317246858000,1785,video_contact_and_recorded_pose,Folding green top,32.2,0.47707488144556626,25.5,31.4,32.2,20.4,11,30.2,False
24921221000,1789028317266858000,1786,video_contact_and_recorded_pose,Folding green top,32.2,0.4788274783003157,25.5,31.4,32.2,20.8,11,30.2,False
24961221000,1789028317306858000,1789,video_contact_and_recorded_pose,Folding green top,32.5,0.4823794185694853,25.9,31.8,32.5,20.8,11.4,30.6,False
25001225000,1789028317346862000,1792,video_contact_and_recorded_pose,Folding green top,31.4,0.485981978504258,25.9,31.4,28.2,18,9.8,28.2,False
25041226000,1789028317386863000,1795,video_contact_and_recorded_pose,Folding green top,35.7,0.48962004213655713,26.3,35.7,35.7,22.7,12.2,29.4,False
25081230000,1789028317426867000,1798,video_contact_and_recorded_pose,Folding green top,35.7,0.4932796661249812,26.3,35.7,35.7,22.7,12.2,29.4,False
25121230000,1789028317466867000,1801,video_contact_and_recorded_pose,Folding green top,34.9,0.4969457223765998,26.7,34.9,34.1,21.6,11.8,30.6,False
25181235000,1789028317526872000,1805,video_contact_and_recorded_pose,Folding green top,40.4,0.5024263191724481,26.7,40.4,37.3,23.9,13.7,30.6,False
25221235000,1789028317566872000,1808,video_contact_and_recorded_pose,Folding green top,39.6,0.5060459897715667,27.1,39.6,37.6,24.3,13.7,30.2,False
25241235000,1789028317586872000,1809,video_contact_and_recorded_pose,Folding green top,39.6,0.5078402664085745,27.1,39.6,38,24.3,13.7,30.2,False
25261235000,1789028317606872000,1811,video_contact_and_recorded_pose,Folding green top,39.2,0.5096217563377634,27.1,39.2,38.4,24.3,14.1,30.2,False
25301239000,1789028317646876000,1814,video_contact_and_recorded_pose,Folding green top,38.8,0.5131394816093252,27.5,38.8,38.8,24.7,14.1,30.6,False
25361244000,1789028317706881000,1818,video_contact_and_recorded_pose,Folding green top,40,0.5182747863709349,27.5,40,39.2,24.7,13.3,31.4,False
25401244000,1789028317746881000,1821,video_contact_and_recorded_pose,Folding green top,40,0.5215827918320202,27.8,40,39.6,24.7,13.7,31.4,False
25441244000,1789028317786881000,,video_contact_only,Folding green top,41.2,0.5247817048157395,27.8,41.2,34.9,22.4,12.5,37.3,False
25461248000,1789028317806885000,,video_contact_only,Folding green top,41.2,0.526336032472809,28.2,41.2,35.3,22.4,12.5,37.6,False
25481249000,1789028317826886000,,video_contact_only,Folding green top,41.6,0.5278574158139732,28.2,41.6,35.3,22.7,12.5,37.6,False
25541249000,1789028317886886000,,video_contact_only,Folding green top,42,0.5322069941226085,28.2,42,35.7,22.7,12.5,38,False
25601253000,1789028317946890000,,video_contact_only,Folding green top,42,0.5361972891399591,28.6,42,35.7,23.1,12.5,38,False
25621253000,1789028317966890000,,video_contact_only,Folding green top,42.4,0.5374389470418591,28.6,42.4,36.1,23.1,12.5,38.4,False
25641253000,1789028317986890000,,video_contact_only,Folding green top,42.4,0.5386334133141296,28.6,42.4,36.1,23.1,12.5,38.4,False
25681258000,1789028318026895000,,video_contact_only,Folding green top,42.4,0.5408737953299916,29,42.4,36.1,23.1,12.5,38.4,False
25721258000,1789028318066895000,,video_contact_only,Folding green top,42.7,0.5429033880563822,29,42.7,36.1,23.1,12.9,38.8,False
25741262000,1789028318086899000,,video_contact_only,Folding green top,42.7,0.5438349019192374,29,42.7,36.5,23.1,12.9,38.8,False
25801263000,1789028318146900000,1850,video_contact_and_recorded_pose,Folding green top,37.3,0.5462733210200083,29,34.5,34.5,24.3,12.5,37.3,False
25861267000,1789028318206904000,1854,video_contact_and_recorded_pose,Folding green top,38,0.54814039984012,29.4,34.5,34.5,24.7,12.5,38,False
25901267000,1789028318246904000,1857,video_contact_and_recorded_pose,Folding green top,38,0.5490434343895663,29.4,34.5,34.5,24.7,12.9,38,False
25941272000,1789028318286909000,,video_contact_only,Folding green top,43.1,0.5496563560399339,29.4,43.1,36.9,23.5,12.9,39.2,False
25961272000,1789028318306909000,,video_contact_only,Folding green top,43.1,0.549849427878516,29.4,43.1,36.9,23.5,12.9,39.2,False
26001272000,1789028318346909000,,video_contact_only,Pressing green fold,43.1,0.5499987536853519,29.4,43.1,36.9,23.5,12.9,39.2,False
26041276000,1789028318386913000,,video_contact_only,Pressing green fold,43.1,0.5487168398038113,29.4,43.1,36.5,23.5,12.9,39.2,False
26061276000,1789028318406913000,,video_contact_only,Pressing green fold,43.1,0.5472042428425927,29,43.1,36.5,23.5,12.9,38.8,False
26081276000,1789028318426913000,,video_contact_only,Pressing green fold,42.7,0.5451379573258187,29,42.7,36.5,23.5,12.9,38.8,False
26121281000,1789028318466918000,,video_contact_only,Pressing green fold,42.4,0.5394257024742425,28.6,42.4,36.1,23.1,12.5,38.4,False
26141281000,1789028318486918000,,video_contact_only,Pressing green fold,42,0.5358215641887498,28.6,42,35.7,23.1,12.5,38,False
26201281000,1789028318546918000,,video_contact_only,Pressing green fold,41.2,0.5222626043878263,27.8,41.2,34.9,22.4,12.2,37.3,False
26221286000,1789028318566923000,,video_contact_only,Pressing green fold,40.8,0.5168945634719405,27.5,40.8,34.5,22,12.2,36.9,False
26261286000,1789028318606923000,,video_contact_only,Pressing green fold,39.6,0.5050139183105316,27.1,39.6,33.7,21.6,11.8,36.1,False
26281286000,1789028318626923000,,video_contact_only,Pressing green fold,39.2,0.4985411338687148,26.7,39.2,33.3,21.2,11.8,35.3,False
26361290000,1789028318706927000,,video_contact_only,Pressing green fold,36.9,0.46957832282179945,25.1,36.9,31.4,20,11,33.3,False
26401295000,1789028318746932000,,video_contact_only,Pressing green fold,35.7,0.4535412552129584,24.3,35.7,30.2,19.6,10.6,32.2,False
26421295000,1789028318766932000,,video_contact_only,Pressing green fold,34.9,0.44520707999299913,23.9,34.9,29.8,19.2,10.6,31.8,False
26441295000,1789028318786932000,,video_contact_only,Pressing green fold,34.1,0.436689235745262,23.1,34.1,29,18.8,10.2,31,False
26461295000,1789028318806932000,,video_contact_only,Pressing green fold,33.7,0.42800827802530267,22.7,33.7,28.6,18.4,10.2,30.6,False
26501299000,1789028318846936000,,video_contact_only,Pressing green fold,32.2,0.4102374444554452,22,32.2,27.5,17.6,9.8,29,False
26541299000,1789028318886936000,,video_contact_only,Pressing green fold,31,0.39206259124318216,20.8,31,26.3,16.9,9.4,27.8,False
26561300000,1789028318906937000,,video_contact_only,Pressing green fold,30.2,0.38287392890843774,20.4,30.2,25.5,16.5,9,27.1,False
26641304000,1789028318986941000,,video_contact_only,Pressing green fold,27.1,0.3459270761838962,18.4,27.1,23.1,14.9,8.2,24.7,False
26681304000,1789028319026941000,,video_contact_only,Pressing green fold,25.9,0.32762705675157067,17.6,25.9,22,14.1,7.8,23.1,False
26701309000,1789028319046946000,,video_contact_only,Pressing green fold,25.1,0.31858986634986314,16.9,25.1,21.2,13.7,7.5,22.7,False
26721309000,1789028319066946000,,video_contact_only,Pressing green fold,24.3,0.30965906912217445,16.5,24.3,20.8,13.3,7.5,22,False
26761309000,1789028319106946000,,video_contact_only,Pressing green fold,23.1,0.29219206630568917,15.7,23.1,19.6,12.5,7.1,20.8,False
26821313000,1789028319166950000,,video_contact_only,Pressing green fold,21.2,0.26728477620688773,14.1,21.2,18,11.4,6.3,19.2,False
26861313000,1789028319206950000,,video_contact_only,Pressing green fold,19.6,0.2517841039849247,13.3,19.6,16.9,11,5.9,18,False
26901318000,1789028319246955000,,video_contact_only,Pressing green fold,18.8,0.2373559892470113,12.5,18.8,15.7,10.2,5.5,16.9,False
26921318000,1789028319266955000,,video_contact_only,Pressing green fold,18,0.23059712294626244,12.2,18,15.3,9.8,5.5,16.5,False
26961318000,1789028319306955000,,video_contact_only,Pressing green fold,17.3,0.2180906764003201,11.8,17.3,14.5,9.4,5.1,15.7,False
27001323000,1789028319346960000,,video_contact_only,Pressing green fold,16.1,0.20706837037370318,11,16.1,13.7,9,4.7,14.9,False
27041323000,1789028319386960000,,video_contact_only,Pressing green fold,15.7,0.19769742167301768,10.6,15.7,13.3,8.6,4.7,14.1,False
27081327000,1789028319426964000,,video_contact_only,Pressing green fold,14.9,0.190140141406909,10.2,14.9,12.5,8.2,4.3,13.7,False
27121327000,1789028319466964000,,video_contact_only,Pressing green fold,14.5,0.18456249902872363,9.8,14.5,12.2,7.8,4.3,12.9,False
27161332000,1789028319506969000,,video_contact_only,Pressing green fold,14.1,0.1811278013935727,9.8,14.1,12.2,7.8,4.3,12.9,False
27181332000,1789028319526969000,,video_contact_only,Pressing green fold,14.1,0.18026584496275427,9.8,14.1,12.2,7.8,4.3,12.9,False
27221332000,1789028319566969000,,video_contact_only,Finishing green fold,14.1,0.17904503966027424,9.4,14.1,11.8,7.8,4.3,12.5,False
27281336000,1789028319626973000,,video_contact_only,Finishing green fold,13.3,0.16726009906846376,9,13.3,11,7.1,3.9,11.8,False
27321337000,1789028319666974000,,video_contact_only,Finishing green fold,12.2,0.1533438824776407,8.2,12.2,10.2,6.7,3.5,11,False
27361341000,1789028319706978000,,video_contact_only,Finishing green fold,10.6,0.13586879714579939,7.1,10.6,9,5.9,3.1,9.8,False
27401341000,1789028319746978000,,video_contact_only,Finishing green fold,9,0.11594405568771343,6.3,9,7.8,5.1,2.7,8.2,False
27461346000,1789028319806983000,,video_contact_only,Finishing green fold,6.7,0.08387736649934345,4.3,6.7,5.5,3.5,2,5.9,False
27501346000,1789028319846983000,,video_contact_only,Finishing green fold,5.1,0.06266302328439163,3.5,5.1,4.3,2.7,1.6,4.3,False
27541350000,1789028319886987000,1975,video_contact_and_recorded_pose,Finishing green fold,2.7,0.04286642266187904,2.4,2.7,2.7,1.6,0.8,2.7,False
27561350000,1789028319906987000,1976,video_contact_and_recorded_pose,Finishing green fold,2.4,0.0338471535898793,2,2.4,2,1.2,0.8,2.4,False
27581350000,1789028319926987000,1978,video_contact_and_recorded_pose,Finishing green fold,2,0.02559753571787951,1.2,2,1.6,1.2,0.4,2,False
27601350000,1789028319946987000,1979,video_contact_and_recorded_pose,Finishing green fold,1.2,0.01825580904587973,0.8,1.2,1.2,0.8,0.4,1.2,False
27641355000,1789028319986992000,1982,video_contact_and_recorded_pose,Finishing green fold,0.4,0.0068478711035436235,0.4,0.4,0.4,0.4,0,0.4,False
27721355000,1789028320066992000,1988,video_contact_and_recorded_pose,Releasing green top,0,6.355944203238877e-05,0,0,0,0,0,0,False
27741359000,1789028320086996000,,video_contact_only,Releasing green top,0,0.00023640311594347844,0,0,0,0,0,0,False
27761360000,1789028320106997000,,video_contact_only,Releasing green top,0,0.0005159235701100078,0,0,0,0,0,0,False
27801360000,1789028320146997000,,video_contact_only,Releasing green top,0,0.0013837430651099888,0,0,0,0,0,0,False
27861364000,1789028320207001000,,video_contact_only,Releasing green top,0.4,0.0034154511571056227,0,0.4,0.4,0,0,0.4,False
27881364000,1789028320227001000,,video_contact_only,Releasing green top,0.4,0.004276017960049508,0.4,0.4,0.4,0,0,0.4,False
27901364000,1789028320247001000,,video_contact_only,Releasing green top,0.4,0.005223580450493244,0.4,0.4,0.4,0.4,0,0.4,False
27961369000,1789028320307006000,,video_contact_only,Releasing green top,0.8,0.008560424553228248,0.4,0.8,0.4,0.4,0.4,0.8,False
28001369000,1789028320347006000,,video_contact_only,Releasing green top,0.8,0.011168234688033667,0.8,0.8,0.8,0.4,0.4,0.8,False
28041373000,1789028320387010000,,video_contact_only,Releasing green top,1.2,0.014056826864633117,0.8,1.2,0.8,0.8,0.4,1.2,False
28061373000,1789028320407010000,,video_contact_only,Releasing green top,1.2,0.015599133245038942,0.8,1.2,1.2,0.8,0.4,1.2,False
28081374000,1789028320427011000,,video_contact_only,Releasing green top,1.2,0.017203203241981598,0.8,1.2,1.2,0.8,0.4,1.2,False
28141378000,1789028320487015000,,video_contact_only,Releasing green top,1.6,0.02235750244793307,1.2,1.6,1.6,0.8,0.4,1.6,False
28181378000,1789028320527015000,2021,video_contact_and_recorded_pose,Releasing green top,2,0.026050327658904852,1.6,2,1.6,1.2,0.8,1.6,False
28201383000,1789028320547020000,2022,video_contact_and_recorded_pose,Releasing green top,2,0.02796583996727644,1.6,2,2,1.2,0.8,1.6,False
28241383000,1789028320587020000,2025,video_contact_and_recorded_pose,Releasing green top,2.4,0.031919084581181825,1.6,2.4,2,1.2,0.8,2,False
28261383000,1789028320607020000,2027,video_contact_and_recorded_pose,Releasing green top,2.4,0.03395166516157201,2,2.4,2.4,1.6,0.8,2.4,False
28321387000,1789028320667024000,2031,video_contact_and_recorded_pose,Releasing green top,3.1,0.040239917564472386,2,3.1,2.7,1.6,0.8,2.7,False
28361387000,1789028320707024000,2034,video_contact_and_recorded_pose,Releasing green top,3.5,0.044562087287971494,2.4,3.5,3.1,2,1.2,2.7,False
28401392000,1789028320747029000,2037,video_contact_and_recorded_pose,Releasing green top,3.5,0.048962780777459435,2.7,3.5,3.1,2,1.2,3.1,False
28441392000,1789028320787029000,2040,video_contact_and_recorded_pose,Releasing green top,3.9,0.053418395653259336,2.7,3.9,3.5,2.4,1.2,3.5,False
28461392000,1789028320807029000,2041,video_contact_and_recorded_pose,Releasing green top,4.3,0.05565997196615928,3.1,4.3,3.9,2.4,1.2,3.5,False
28481396000,1789028320827033000,2043,video_contact_and_recorded_pose,Releasing green top,4.3,0.05790742728564921,3.1,4.3,3.9,2.4,1.2,3.5,False
28521397000,1789028320867034000,2046,video_contact_and_recorded_pose,Releasing green top,4.7,0.06240658850256227,3.1,4.7,4.3,2.7,1.6,3.9,False
28561397000,1789028320907034000,2049,video_contact_and_recorded_pose,Releasing green top,5.1,0.0668936014678114,3.5,5.1,4.7,2.7,1.6,4.3,False
28581401000,1789028320927038000,2050,video_contact_and_recorded_pose,Releasing green top,5.1,0.06912600861198487,3.5,5.1,4.7,3.1,1.6,4.3,False
28621401000,1789028320967038000,2053,video_contact_and_recorded_pose,Releasing green top,5.1,0.07355277465479024,3.9,5.1,5.1,3.1,2,4.7,False
28661401000,1789028321007038000,2056,video_contact_and_recorded_pose,Releasing green top,5.5,0.07791125263509598,4.3,5.5,5.5,3.5,2,5.1,False
28701406000,1789028321047043000,2058,video_contact_and_recorded_pose,Releasing green top,6.3,0.0821794694015019,4.3,6.3,5.5,3.5,2,5.5,False
28741406000,1789028321087043000,2061,video_contact_and_recorded_pose,Releasing green top,6.7,0.08633385568937406,4.7,6.7,5.9,3.9,2,5.9,False
28761410000,1789028321107047000,2063,video_contact_and_recorded_pose,Releasing green top,6.7,0.0883619354577411,4.7,6.7,6.3,3.9,2.4,5.9,False
28801410000,1789028321147047000,2066,video_contact_and_recorded_pose,Releasing green top,7.5,0.09230418210391285,5.1,7.5,6.7,4.3,2.4,6.3,False
28841411000,1789028321187048000,2069,video_contact_and_recorded_pose,Releasing green top,7.8,0.09607697763582371,5.1,7.8,6.7,4.3,2.4,6.7,False
28881415000,1789028321227052000,2071,video_contact_and_recorded_pose,Releasing green top,8.2,0.09965798066193468,5.5,8.2,7.1,4.3,2.4,6.7,False
28961420000,1789028321307057000,2077,video_contact_and_recorded_pose,Releasing green top,8.6,0.10615348819363546,5.5,8.6,7.5,4.7,2.4,7.5,False
28981420000,1789028321327057000,2078,video_contact_and_recorded_pose,Releasing green top,8.6,0.1076220696984792,5.9,8.6,7.5,4.7,2.4,7.5,False
29041420000,1789028321387057000,2082,video_contact_and_recorded_pose,Releasing green top,9,0.11161036608801035,5.9,9,7.8,5.1,2.7,7.5,False
29061424000,1789028321407061000,2084,video_contact_and_recorded_pose,Releasing green top,9,0.11279150222160733,5.9,9,7.8,5.1,2.7,7.5,False
29101424000,1789028321447061000,2087,video_contact_and_recorded_pose,Releasing green top,9,0.11491362346380747,6.3,9,7.8,5.1,2.7,7.5,False
29141429000,1789028321487066000,2089,video_contact_and_recorded_pose,Releasing green top,9,0.11669764459940636,6.3,9,8.2,5.1,2.7,7.5,False
29181429000,1789028321527066000,2092,video_contact_and_recorded_pose,Releasing green top,9,0.11812061733505569,6.3,9,8.6,5.5,3.1,7.5,False
29221429000,1789028321567066000,2095,video_contact_and_recorded_pose,Releasing green top,9,0.11916028625820488,6.3,9,8.6,5.5,3.1,7.5,False
29261433000,1789028321607070000,2098,video_contact_and_recorded_pose,Releasing green top,9,0.11979419371303301,6.3,9,8.6,5.5,3.1,7.5,False
29281434000,1789028321627071000,2099,video_contact_and_recorded_pose,Releasing green top,9,0.11995190205340696,6.3,9,8.6,5.5,3.1,7.5,False
29321434000,1789028321667071000,2102,video_contact_and_recorded_pose,Taking tan garment,9,0.12038514112098177,6.3,9,8.6,5.5,3.1,7.5,False
29361438000,1789028321707075000,2105,video_contact_and_recorded_pose,Taking tan garment,9,0.12306909097641054,6.7,9,9,5.9,3.1,7.8,False
29401438000,1789028321747075000,2108,video_contact_and_recorded_pose,Taking tan garment,9.4,0.12810665651689213,6.7,9.4,9.4,5.9,3.1,7.8,False
29441443000,1789028321787080000,2111,video_contact_and_recorded_pose,Taking tan garment,10.2,0.13525669133054433,7.1,10.2,9.8,6.3,3.1,8.2,False
29461443000,1789028321807080000,2112,video_contact_and_recorded_pose,Taking tan garment,11.4,0.13954738901220073,7.5,11.4,10.2,6.3,3.5,9.4,False
29481443000,1789028321827080000,2114,video_contact_and_recorded_pose,Taking tan garment,12.2,0.14427507836463901,7.8,12.2,10.6,6.7,3.5,10.2,False
29541447000,1789028321887084000,2118,video_contact_and_recorded_pose,Taking tan garment,12.5,0.1607784197752638,8.6,12.5,11.4,7.1,3.9,10.6,False
29581448000,1789028321927085000,2121,video_contact_and_recorded_pose,Taking tan garment,13.3,0.1734099656436024,9.4,13.3,12.5,7.8,4.3,11.4,False
29601448000,1789028321947085000,2122,video_contact_and_recorded_pose,Taking tan garment,14.1,0.1801236156668802,9.4,14.1,12.9,8.2,4.3,11.8,False
29681452000,1789028322027089000,2128,video_contact_and_recorded_pose,Taking tan garment,16.1,0.20892650923180794,11,16.1,14.9,9.4,5.1,13.7,False
29701452000,1789028322047089000,2129,video_contact_and_recorded_pose,Taking tan garment,16.5,0.21646213451961244,11.4,16.5,15.3,9.8,5.1,14.1,False
29721457000,1789028322067094000,2131,video_contact_and_recorded_pose,Taking tan garment,17.3,0.22407319001258297,11.8,17.3,15.7,9.8,5.1,14.9,False
29781457000,1789028322127094000,2135,video_contact_and_recorded_pose,Taking tan garment,18.4,0.2470388748247948,13.3,18.4,15.7,10.2,5.5,16.9,False
29821461000,1789028322167098000,2138,video_contact_and_recorded_pose,Taking tan garment,19.2,0.26216311322187247,14.1,19.2,17.3,10.6,5.9,18,False
29841461000,1789028322187098000,2139,video_contact_and_recorded_pose,Taking tan garment,20,0.26957728237306633,14.5,20,17.6,11,5.9,18.8,False
29861461000,1789028322207098000,2141,video_contact_and_recorded_pose,Taking tan garment,20.4,0.276852942684754,14.9,20.4,18,11.4,5.9,19.2,False
29901466000,1789028322247103000,2144,video_contact_and_recorded_pose,Taking tan garment,21.6,0.29086928405405077,15.7,21.6,19.2,12.2,6.7,20,False
29961466000,1789028322307103000,2148,video_contact_and_recorded_pose,Taking tan garment,23.1,0.31009502276719714,16.5,23.1,20.8,12.9,7.1,21.2,False
30001470000,1789028322347107000,2151,video_contact_and_recorded_pose,Taking tan garment,23.9,0.3213624924942383,17.3,23.9,21.6,12.9,7.1,22,False
30041471000,1789028322387108000,2154,video_contact_and_recorded_pose,Taking tan garment,24.7,0.3311056820283229,17.6,24.7,21.2,12.9,7.1,22.4,False
30061471000,1789028322407108000,2155,video_contact_and_recorded_pose,Taking tan garment,25.1,0.33533018205299825,18,25.1,20.4,12.5,6.7,22.4,False
30081471000,1789028322427108000,2157,video_contact_and_recorded_pose,Taking tan garment,25.1,0.3390829893698547,18,25.1,19.6,12.2,6.7,22,False
30141475000,1789028322487112000,2161,video_contact_and_recorded_pose,Taking tan garment,24.7,0.34720874732848206,18.4,24.7,19.2,12.2,6.3,21.2,False
30181480000,1789028322527117000,2164,video_contact_and_recorded_pose,Taking tan garment,22.7,0.3497118312282794,18.8,22.7,19.2,12.2,6.3,21.6,False
30201480000,1789028322547117000,2165,video_contact_and_recorded_pose,Holding tan fabric,22,0.3499993586769765,18.8,22,19.2,12.2,6.3,21.6,False
30221480000,1789028322567117000,2167,video_contact_and_recorded_pose,Holding tan fabric,22.4,0.34986603682932027,18.8,22.4,18.8,11.8,6.3,21.2,False
30281484000,1789028322627121000,2171,video_contact_and_recorded_pose,Holding tan fabric,22.4,0.3481208353509751,18.4,22.4,18.8,11.8,6.3,21.2,False
30321484000,1789028322667121000,2174,video_contact_and_recorded_pose,Holding tan fabric,22.4,0.34589512151683427,18.4,22.4,21.6,13.7,7.1,20.8,False
30361485000,1789028322707122000,2177,video_contact_and_recorded_pose,Holding tan fabric,22.7,0.3428741866751416,18.4,22.7,20.8,13.3,6.7,21.2,False
30401489000,1789028322747126000,2180,video_contact_and_recorded_pose,Holding tan fabric,22.7,0.3391046450785512,18,22.7,20.4,12.5,6.7,21.2,False
30421489000,1789028322767126000,2181,video_contact_and_recorded_pose,Holding tan fabric,22.7,0.3369540972059023,18,22.7,20.4,12.5,6.7,21.2,False
30441489000,1789028322787126000,2183,video_contact_and_recorded_pose,Holding tan fabric,22.4,0.33463406368872217,18,22.4,20,12.5,6.3,21.2,False
30481494000,1789028322827131000,2186,video_contact_and_recorded_pose,Holding tan fabric,24.3,0.32950829762677,17.6,22.4,20,12.5,6.7,24.3,False
30521494000,1789028322867131000,2189,video_contact_and_recorded_pose,Holding tan fabric,25.1,0.3237755080569849,17.3,25.1,23.5,14.9,8.2,21.6,False
30561498000,1789028322907135000,2191,video_contact_and_recorded_pose,Holding tan fabric,27.1,0.31748131343704067,16.9,27.1,24.3,15.3,8.6,21.2,False
30581498000,1789028322927135000,2193,video_contact_and_recorded_pose,Holding tan fabric,27.1,0.3141388864155856,16.9,27.1,24.3,15.3,8.6,20.8,False
30641498000,1789028322987135000,2197,video_contact_and_recorded_pose,Holding tan fabric,25.5,0.30339939480434563,16.1,25.5,21.2,13.3,7.5,20.8,False
30681503000,1789028323027140000,2200,video_contact_and_recorded_pose,Holding tan fabric,22,0.29570383256184707,15.7,22,20,12.5,6.3,19.2,False
30721503000,1789028323067140000,2203,video_contact_and_recorded_pose,Holding tan fabric,21.6,0.2876359681918619,15.3,21.6,19.6,12.2,6.3,18.4,False
30761507000,1789028323107144000,2206,video_contact_and_recorded_pose,Holding tan fabric,21.2,0.27924088597011565,14.9,21.2,19.2,11.8,5.9,18,False
30801508000,1789028323147145000,2209,video_contact_and_recorded_pose,Holding tan fabric,20.4,0.27056692370494273,14.5,20.4,18.4,11.4,5.9,17.3,False
30861512000,1789028323207149000,,video_contact_only,Holding tan fabric,20.4,0.25713390000929776,13.7,20.4,17.3,11,5.9,18.4,False
30901512000,1789028323247149000,,video_contact_only,Holding tan fabric,19.6,0.24796650849773544,13.3,19.6,16.5,10.6,5.9,17.6,False
30921512000,1789028323267149000,,video_contact_only,Holding tan fabric,19.2,0.2433366021950793,12.9,19.2,16.1,10.6,5.9,17.3,False
30961517000,1789028323307154000,,video_contact_only,Holding tan fabric,18.4,0.23401249620805348,12.5,18.4,15.7,10.2,5.5,16.5,False
31001517000,1789028323347154000,2223,video_contact_and_recorded_pose,Holding tan fabric,16.5,0.22464445355115428,12.2,16.5,15.3,9.4,5.1,14.5,False
31041521000,1789028323387158000,2226,video_contact_and_recorded_pose,Holding tan fabric,15.7,0.21527725365376768,11.4,15.7,14.5,9,4.7,13.7,False
31061521000,1789028323407158000,2227,video_contact_and_recorded_pose,Holding tan fabric,15.3,0.2106094392990876,11.4,15.3,14.1,9,4.7,13.3,False
31081521000,1789028323427158000,2229,video_contact_and_recorded_pose,Holding tan fabric,15.3,0.20595964867487626,11,15.3,13.7,8.6,4.7,13.3,False
31101521000,1789028323447158000,,video_contact_only,Holding tan fabric,15.7,0.2013337411561329,10.6,15.7,13.3,8.6,4.7,14.5,False
31181526000,1789028323527163000,,video_contact_only,Holding tan fabric,14.5,0.18318501809553187,9.8,14.5,12.2,7.8,4.3,12.9,False
31221531000,1789028323567168000,,video_contact_only,Holding tan fabric,13.7,0.17440580222202962,9.4,13.7,11.8,7.5,3.9,12.5,False
31241531000,1789028323587168000,,video_contact_only,Holding tan fabric,13.3,0.1701111728565097,9,13.3,11.4,7.5,3.9,12.2,False
31261531000,1789028323607168000,,video_contact_only,Holding tan fabric,12.9,0.16588730452614528,9,12.9,11,7.1,3.9,11.8,False
31281531000,1789028323627168000,,video_contact_only,Holding tan fabric,12.5,0.16174005660593785,8.6,12.5,11,7.1,3.9,11.4,False
31321535000,1789028323667172000,,video_contact_only,Holding tan fabric,12.2,0.15369807343662167,8.2,12.2,10.2,6.7,3.5,11,False
31361535000,1789028323707172000,,video_contact_only,Holding tan fabric,11.4,0.14603371049069896,7.8,11.4,9.8,6.3,3.5,10.6,False
31401535000,1789028323747172000,,video_contact_only,Holding tan fabric,11,0.13879302137290128,7.5,11,9.4,5.9,3.1,9.8,False
31441540000,1789028323787177000,,video_contact_only,Holding tan fabric,10.2,0.13202206618216122,7.1,10.2,8.6,5.5,3.1,9.4,False
31461540000,1789028323807177000,,video_contact_only,Holding tan fabric,10.2,0.128828133356966,7.1,10.2,8.6,5.5,3.1,9,False
31501544000,1789028323847181000,,video_contact_only,Holding tan fabric,9.8,0.12285120844541,6.7,9.8,8.2,5.1,2.7,8.6,False
31541544000,1789028323887181000,2261,video_contact_and_recorded_pose,Holding tan fabric,8.6,0.11746265586634763,6.3,8.6,7.5,4.7,2.4,7.1,False
31561545000,1789028323907182000,2262,video_contact_and_recorded_pose,Holding tan fabric,8.6,0.11500331419555118,6.3,8.6,7.5,4.7,2.4,7.1,False
31621549000,1789028323967186000,,video_contact_only,Holding tan fabric,8.6,0.10863582683136369,5.9,8.6,7.1,4.7,2.7,7.8,False
31641549000,1789028323987186000,,video_contact_only,Holding tan fabric,8.2,0.10686986593830466,5.9,8.2,7.1,4.7,2.4,7.5,False
31721554000,1789028324067191000,,video_contact_only,Holding tan fabric,7.8,0.10174393564103265,5.5,7.8,6.7,4.3,2.4,7.1,False
31741554000,1789028324087191000,,video_contact_only,Holding tan fabric,7.8,0.10097639112137444,5.5,7.8,6.7,4.3,2.4,7.1,False
31761554000,1789028324107191000,,video_contact_only,Holding tan fabric,7.8,0.10042609875015374,5.5,7.8,6.7,4.3,2.4,7.1,False
31821558000,1789028324167195000,2281,video_contact_and_recorded_pose,Adjusting tan grip,6.7,0.10021121365322015,5.5,6.7,5.5,3.5,2,6.3,False
31861558000,1789028324207195000,2284,video_contact_and_recorded_pose,Adjusting tan grip,6.7,0.1016890188827361,5.5,6.7,5.9,3.5,2,6.3,False
31901563000,1789028324247200000,2287,video_contact_and_recorded_pose,Adjusting tan grip,7.1,0.10450742642693271,5.5,7.1,5.9,3.5,2,6.3,False
31921563000,1789028324267200000,2288,video_contact_and_recorded_pose,Adjusting tan grip,7.1,0.10639281574658133,5.5,7.1,5.9,3.5,2,6.7,False
31941563000,1789028324287200000,2290,video_contact_and_recorded_pose,Adjusting tan grip,7.1,0.10858175801083635,5.9,7.1,5.9,3.9,2,6.7,False
31961563000,1789028324307200000,2291,video_contact_and_recorded_pose,Adjusting tan grip,7.1,0.11106375759287608,5.9,7.1,6.3,3.9,2,6.7,False
32001568000,1789028324347205000,2294,video_contact_and_recorded_pose,Adjusting tan grip,7.5,0.11686573850164929,6.3,7.5,6.3,3.9,2,7.1,False
32041568000,1789028324387205000,2297,video_contact_and_recorded_pose,Adjusting tan grip,7.8,0.12371333439781233,6.7,7.8,6.7,4.3,2.4,7.5,False
32081572000,1789028324427209000,2300,video_contact_and_recorded_pose,Adjusting tan grip,8.2,0.1315240628441266,7.1,8.2,7.1,4.7,2.4,8.2,False
32121572000,1789028324467209000,2303,video_contact_and_recorded_pose,Adjusting tan grip,8.6,0.1402123898392984,7.5,8.6,7.5,4.7,2.7,8.6,False
32181577000,1789028324527214000,2307,video_contact_and_recorded_pose,Adjusting tan grip,9.8,0.15470935549488665,8.2,9.8,8.6,5.5,2.7,9.4,False
32221577000,1789028324567214000,2310,video_contact_and_recorded_pose,Adjusting tan grip,10.6,0.16522624592532265,8.6,10.6,9,5.9,3.1,9.8,False
32241577000,1789028324587214000,2311,video_contact_and_recorded_pose,Adjusting tan grip,11,0.17070910574695275,9,11,9.4,5.9,3.1,10.2,False
32261581000,1789028324607218000,2313,video_contact_and_recorded_pose,Adjusting tan grip,11.4,0.17632871769652592,9.4,11.4,9.8,6.3,3.1,10.6,False
32301582000,1789028324647219000,2316,video_contact_and_recorded_pose,Adjusting tan grip,12.2,0.187930874127207,10.2,12.2,10.2,6.3,3.5,11.8,False
32401586000,1789028324747223000,2323,video_contact_and_recorded_pose,Adjusting tan grip,14.1,0.2185753478052585,11.8,13.7,13.7,8.6,4.7,14.1,False
32421586000,1789028324767223000,2324,video_contact_and_recorded_pose,Adjusting tan grip,14.9,0.22490092605807938,12.2,14.9,14.5,9,5.1,14.1,False
32441586000,1789028324787223000,2326,video_contact_and_recorded_pose,Adjusting tan grip,16.1,0.23126765451498418,12.2,16.1,15.3,9.4,5.1,14.5,False
32481591000,1789028324827228000,2329,video_contact_and_recorded_pose,Adjusting tan grip,16.5,0.2440841855647796,12.9,16.5,16.1,10.2,5.1,15.3,False
32541595000,1789028324887232000,2333,video_contact_and_recorded_pose,Adjusting tan grip,20.4,0.26335408556689766,14.1,20.4,19.2,12.2,6.7,15.7,False
32561595000,1789028324907232000,2334,video_contact_and_recorded_pose,Adjusting tan grip,22.4,0.2697472949018454,14.5,22.4,20.4,12.9,7.1,16.1,False
32581595000,1789028324927232000,2336,video_contact_and_recorded_pose,Adjusting tan grip,22,0.2761081803300898,14.9,22,20,12.9,7.1,16.5,False
32641600000,1789028324987237000,2340,video_contact_and_recorded_pose,Adjusting tan grip,22.4,0.2948934782880451,15.7,22.4,20.8,13.3,7.1,18.4,False
32681600000,1789028325027237000,2343,video_contact_and_recorded_pose,Adjusting tan grip,23.1,0.30706190091195373,16.5,23.1,21.6,13.7,7.1,19.6,False
32721600000,1789028325067237000,2346,video_contact_and_recorded_pose,Adjusting tan grip,23.9,0.3188491223696793,16.9,23.9,22.4,14.1,7.5,20.4,False
32741605000,1789028325087242000,2347,video_contact_and_recorded_pose,Adjusting tan grip,25.9,0.3245749592844338,17.3,25.9,22.4,14.5,7.5,20.8,False
32761605000,1789028325107242000,2349,video_contact_and_recorded_pose,Adjusting tan grip,27.1,0.33017256032783837,17.6,27.1,20.4,13.3,6.7,23.1,False
32821609000,1789028325167246000,2353,video_contact_and_recorded_pose,Adjusting tan grip,25.9,0.3461006827351452,18.4,25.9,25.1,16.5,9,23.1,False
32861609000,1789028325207246000,2356,video_contact_and_recorded_pose,Adjusting tan grip,27.1,0.35589231428054147,18.8,27.1,25.9,16.9,9.4,24.3,False
32901609000,1789028325247246000,2359,video_contact_and_recorded_pose,Adjusting tan grip,27.8,0.3649248832020311,19.6,27.8,26.7,17.3,9.8,25.1,False
32921614000,1789028325267251000,2360,video_contact_and_recorded_pose,Adjusting tan grip,28.2,0.3691313042348191,19.6,28.2,27.1,17.6,9.8,25.5,False
33001614000,1789028325347251000,2366,video_contact_and_recorded_pose,Adjusting tan grip,29,0.38363516799596187,20.4,29,28.2,18.4,10.2,25.9,False
33041618000,1789028325387255000,2369,video_contact_and_recorded_pose,Adjusting tan grip,29.4,0.38935017237477787,20.8,29.4,25.5,15.7,8.6,27.1,False
33061618000,1789028325407255000,2370,video_contact_and_recorded_pose,Adjusting tan grip,29.8,0.3917862631017228,20.8,29.8,25.5,15.7,8.6,27.5,False
33081619000,1789028325427256000,2372,video_contact_and_recorded_pose,Adjusting tan grip,29.8,0.3939277267061664,21.2,29.8,25.5,15.7,8.6,27.5,False
33121623000,1789028325467260000,,video_contact_only,Adjusting tan grip,31.4,0.39728453264829466,21.2,31.4,26.7,16.9,9.4,28.2,False
33141623000,1789028325487260000,,video_contact_only,Adjusting tan grip,31.4,0.3984786601597221,21.2,31.4,26.7,17.3,9.4,28.2,False
33221628000,1789028325567265000,,video_contact_only,Aligning tan edges,31.4,0.4000342697156738,21.2,31.4,26.7,17.3,9.4,28.6,False
33241628000,1789028325587265000,,video_contact_only,Aligning tan edges,31.4,0.4001262141133075,21.2,31.4,26.7,17.3,9.4,28.6,False
33261628000,1789028325607265000,,video_contact_only,Aligning tan edges,31.4,0.400275002772304,21.2,31.4,26.7,17.3,9.4,28.6,False
33321632000,1789028325667269000,,video_contact_only,Aligning tan edges,31.4,0.40105224500704345,21.6,31.4,26.7,17.3,9.4,28.6,False
33361632000,1789028325707269000,,video_contact_only,Aligning tan edges,31.4,0.4018357982304486,21.6,31.4,26.7,17.3,9.4,28.6,False
33381632000,1789028325727269000,,video_contact_only,Aligning tan edges,31.8,0.4023041222612357,21.6,31.8,26.7,17.3,9.4,28.6,False
33421637000,1789028325767274000,,video_contact_only,Aligning tan edges,31.8,0.40338888418672375,21.6,31.8,27.1,17.3,9.4,28.6,False
33461637000,1789028325807274000,,video_contact_only,Aligning tan edges,31.8,0.40466397186644837,21.6,31.8,27.1,17.3,9.4,28.6,False
33481637000,1789028325827274000,,video_contact_only,Aligning tan edges,31.8,0.40537036980082836,21.6,31.8,27.1,17.3,9.4,29,False
33541642000,1789028325887279000,,video_contact_only,Aligning tan edges,32.2,0.4077528857359554,21.6,32.2,27.1,17.6,9.4,29,False
33561642000,1789028325907279000,,video_contact_only,Aligning tan edges,32.2,0.40863127993829285,22,32.2,27.5,17.6,9.8,29,False
33621646000,1789028325967283000,,video_contact_only,Aligning tan edges,32.2,0.4115051543661584,22,32.2,27.5,17.6,9.8,29.4,False
33641646000,1789028325987283000,,video_contact_only,Aligning tan edges,32.5,0.4125391293376939,22,32.5,27.5,17.6,9.8,29.4,False
33681651000,1789028326027288000,,video_contact_only,Aligning tan edges,32.5,0.41471532078092593,22,32.5,27.8,17.6,9.8,29.4,False
33721651000,1789028326067288000,,video_contact_only,Aligning tan edges,32.9,0.4170283576441632,22.4,32.9,27.8,18,9.8,29.8,False
33761651000,1789028326107288000,,video_contact_only,Aligning tan edges,32.9,0.41947029720354584,22.4,32.9,27.8,18,9.8,29.8,False
33821656000,1789028326167293000,,video_contact_only,Aligning tan edges,33.3,0.42335728333927497,22.7,33.3,28.2,18,9.8,30.2,False
33861660000,1789028326207297000,,video_contact_only,Aligning tan edges,33.3,0.42608587026555456,22.7,33.3,28.6,18.4,10.2,30.2,False
33881660000,1789028326227297000,,video_contact_only,Aligning tan edges,33.7,0.4274881105197369,22.7,33.7,28.6,18.4,10.2,30.6,False
33921660000,1789028326267297000,,video_contact_only,Aligning tan edges,33.7,0.4303636235324175,23.1,33.7,28.6,18.4,10.2,30.6,False
33961665000,1789028326307302000,,video_contact_only,Aligning tan edges,34.1,0.43332738395584375,23.1,34.1,29,18.4,10.2,31,False
34001665000,1789028326347302000,,video_contact_only,Aligning tan edges,34.1,0.4363704442851426,23.1,34.1,29,18.8,10.2,31,False
34041665000,1789028326387302000,,video_contact_only,Aligning tan edges,34.5,0.4394849638204906,23.5,34.5,29.4,18.8,10.2,31.4,False
34061669000,1789028326407306000,,video_contact_only,Aligning tan edges,34.5,0.44106677428890706,23.5,34.5,29.4,18.8,10.2,31.4,False
34081669000,1789028326427306000,,video_contact_only,Aligning tan edges,34.9,0.4426630574260193,23.5,34.9,29.4,18.8,10.6,31.4,False
34141669000,1789028326487306000,,video_contact_only,Aligning tan edges,35.3,0.44753037410652785,23.9,35.3,29.8,19.2,10.6,31.8,False
34161674000,1789028326507311000,,video_contact_only,Aligning tan edges,35.3,0.449175962216293,23.9,35.3,29.8,19.2,10.6,32.2,False
34221674000,1789028326567311000,,video_contact_only,Aligning tan edges,35.7,0.454165344864233,24.3,35.7,30.2,19.6,10.6,32.2,False
34281679000,1789028326627316000,,video_contact_only,Aligning tan edges,36.1,0.4592143821813931,24.3,36.1,30.6,19.6,11,32.5,False
34321679000,1789028326667316000,,video_contact_only,Aligning tan edges,36.5,0.4625993571568125,24.7,36.5,31,20,11,32.9,False
34361683000,1789028326707320000,,video_contact_only,Aligning tan edges,36.5,0.465990481141049,24.7,36.5,31,20,11,33.3,False
34381683000,1789028326727320000,,video_contact_only,Aligning tan edges,36.9,0.46768548776726543,25.1,36.9,31.4,20,11,33.3,False
34401683000,1789028326747320000,,video_contact_only,Aligning tan edges,36.9,0.4693788694907114,25.1,36.9,31.4,20,11,33.3,False
34441688000,1789028326787325000,,video_contact_only,Aligning tan edges,37.3,0.47275707654652166,25.1,37.3,31.4,20.4,11,33.7,False
34501688000,1789028326847325000,2474,video_contact_and_recorded_pose,Aligning tan edges,33.3,0.47778592071802684,25.5,33.3,32.9,20.4,9.8,30.6,False
34541692000,1789028326887329000,2477,video_contact_and_recorded_pose,Aligning tan edges,34.5,0.4811016251934019,25.5,34.5,32.9,20.4,10.2,31,False
34581693000,1789028326927330000,2480,video_contact_and_recorded_pose,Aligning tan edges,35.3,0.48437775311229264,25.9,35.3,33.3,20.4,10.2,31,False
34601693000,1789028326947330000,2481,video_contact_and_recorded_pose,Aligning tan edges,35.3,0.48599846471766056,25.9,35.3,33.3,20.4,10.2,31,False
34641697000,1789028326987334000,2484,video_contact_and_recorded_pose,Aligning tan edges,35.7,0.48920045433225734,26.3,35.7,33.3,20.4,10.6,31,False
34681697000,1789028327027334000,2487,video_contact_and_recorded_pose,Aligning tan edges,35.7,0.49234228086155446,26.3,35.7,33.7,20.8,10.6,31.4,False
34721702000,1789028327067339000,,video_contact_only,Aligning tan edges,38.8,0.4954164410155726,26.3,38.8,32.9,21.2,11.8,35.3,False
34741702000,1789028327087339000,,video_contact_only,Aligning tan edges,39.2,0.4969252448207714,26.7,39.2,33.3,21.2,11.8,35.3,False
34761702000,1789028327107339000,,video_contact_only,Aligning tan edges,39.2,0.4984139596929552,26.7,39.2,33.3,21.2,11.8,35.3,False
34821706000,1789028327167343000,,video_contact_only,Aligning tan edges,39.6,0.5027495955314546,26.7,39.6,33.7,21.6,11.8,35.7,False
34861706000,1789028327207343000,,video_contact_only,Aligning tan edges,39.6,0.5055205716585521,27.1,39.6,33.7,21.6,11.8,36.1,False
34881706000,1789028327227343000,,video_contact_only,Aligning tan edges,40,0.5068672073496182,27.1,40,33.7,21.6,11.8,36.1,False
34901711000,1789028327247348000,,video_contact_only,Aligning tan edges,40,0.5081869001718708,27.1,40,34.1,22,12.2,36.1,False
34961711000,1789028327307348000,,video_contact_only,Aligning tan edges,40.4,0.5119711046778311,27.5,40.4,34.1,22,12.2,36.5,False
34981711000,1789028327327348000,,video_contact_only,Aligning tan edges,40.4,0.5131711290673002,27.5,40.4,34.1,22,12.2,36.5,False
35041716000,1789028327387353000,,video_contact_only,Aligning tan edges,40.4,0.5165729812890897,27.5,40.4,34.5,22,12.2,36.9,False
35081716000,1789028327427353000,,video_contact_only,Aligning tan edges,40.8,0.5186650173261351,27.8,40.8,34.5,22.4,12.2,36.9,False
35101720000,1789028327447357000,,video_contact_only,Aligning tan edges,40.8,0.519655451961289,27.8,40.8,34.5,22.4,12.2,36.9,False
35141720000,1789028327487357000,,video_contact_only,Aligning tan edges,40.8,0.5215192331019087,27.8,40.8,34.9,22.4,12.2,37.3,False
35161720000,1789028327507357000,,video_contact_only,Aligning tan edges,41.2,0.5223907299909497,27.8,41.2,34.9,22.4,12.2,37.3,False
35201725000,1789028327547362000,,video_contact_only,Aligning tan edges,41.2,0.5240079991638086,27.8,41.2,34.9,22.4,12.2,37.3,False
35221725000,1789028327567362000,,video_contact_only,Aligning tan edges,41.2,0.5247515175644207,27.8,41.2,34.9,22.4,12.5,37.3,False
35261725000,1789028327607362000,,video_contact_only,Aligning tan edges,41.2,0.5261034060792971,28.2,41.2,35.3,22.4,12.5,37.3,False
35321729000,1789028327667366000,,video_contact_only,Aligning tan edges,41.6,0.5277780792501903,28.2,41.6,35.3,22.7,12.5,37.6,False
35361730000,1789028327707367000,,video_contact_only,Aligning tan edges,41.6,0.5286469909926172,28.2,41.6,35.3,22.7,12.5,37.6,False
35401734000,1789028327747371000,,video_contact_only,Aligning tan edges,41.6,0.5293083825520892,28.2,41.6,35.3,22.7,12.5,37.6,False
35421734000,1789028327767371000,,video_contact_only,Aligning tan edges,41.6,0.529558643606302,28.2,41.6,35.3,22.7,12.5,37.6,False
35461734000,1789028327807371000,,video_contact_only,Aligning tan edges,41.6,0.5298932442839722,28.2,41.6,35.3,22.7,12.5,37.6,False
35541739000,1789028327887376000,2549,video_contact_and_recorded_pose,Spreading tan garment,34.1,0.5298582727822378,28.2,34.1,31.4,19.6,10.2,33.7,False
35561743000,1789028327907380000,2550,video_contact_and_recorded_pose,Spreading tan garment,34.1,0.5296919665159213,28.2,34.1,31.4,19.6,10.2,33.7,False
35581743000,1789028327927380000,2552,video_contact_and_recorded_pose,Spreading tan garment,34.1,0.5294637622617022,28.2,34.1,31.4,19.6,10.2,33.7,False
35601743000,1789028327947380000,2553,video_contact_and_recorded_pose,Spreading tan garment,34.1,0.5291749530454831,28.2,34.1,31.4,19.6,10.2,33.7,False
35641743000,1789028327987380000,,video_contact_only,Spreading tan garment,41.6,0.5284207997270448,28.2,41.6,35.3,22.7,12.5,37.6,False
35681748000,1789028328027385000,,video_contact_only,Spreading tan garment,41.6,0.5274399302460325,28.2,41.6,35.3,22.7,12.5,37.6,False
35721748000,1789028328067385000,2562,video_contact_and_recorded_pose,Spreading tan garment,38.8,0.5262431508891958,28.2,38.8,35.7,22.7,11.8,34.5,False
35741748000,1789028328087385000,2563,video_contact_and_recorded_pose,Spreading tan garment,38.8,0.5255670542627773,27.8,38.8,36.5,23.1,12.2,35.7,False
35801753000,1789028328147390000,2568,video_contact_and_recorded_pose,Spreading tan garment,38.8,0.5232435652068724,27.8,38.8,37.6,23.9,12.9,37.3,False
35841757000,1789028328187394000,,video_contact_only,Spreading tan garment,40.8,0.5214618808683404,27.8,40.8,34.9,22.4,12.2,37.3,False
35881757000,1789028328227394000,,video_contact_only,Spreading tan garment,40.8,0.5195065894876022,27.8,40.8,34.5,22.4,12.2,36.9,False
35901757000,1789028328247394000,,video_contact_only,Spreading tan garment,40.8,0.5184670777402328,27.8,40.8,34.5,22.4,12.2,36.9,False
35941762000,1789028328287399000,,video_contact_only,Spreading tan garment,40.4,0.516270638179883,27.5,40.4,34.5,22,12.2,36.9,False
36001762000,1789028328347399000,,video_contact_only,Spreading tan garment,40.4,0.5127033483338705,27.5,40.4,34.1,22,12.2,36.5,False
36041766000,1789028328387403000,,video_contact_only,Spreading tan garment,40,0.5101582758566721,27.1,40,34.1,22,12.2,36.5,False
36081766000,1789028328427403000,,video_contact_only,Spreading tan garment,40,0.5074924776845668,27.1,40,33.7,21.6,11.8,36.1,False
36121767000,1789028328467404000,,video_contact_only,Spreading tan garment,39.6,0.5047161950389598,27.1,39.6,33.7,21.6,11.8,36.1,False
36181771000,1789028328527408000,,video_contact_only,Spreading tan garment,39.2,0.5003676512587103,26.7,39.2,33.3,21.6,11.8,35.7,False
36221776000,1789028328567413000,,video_contact_only,Spreading tan garment,39.2,0.4973612144605845,26.7,39.2,33.3,21.2,11.8,35.3,False
36241776000,1789028328587413000,,video_contact_only,Spreading tan garment,38.8,0.49582997724897465,26.3,38.8,32.9,21.2,11.8,35.3,False
36281776000,1789028328627413000,,video_contact_only,Spreading tan garment,38.8,0.4927176944737555,26.3,38.8,32.9,21.2,11.8,34.9,False
36321780000,1789028328667417000,,video_contact_only,Spreading tan garment,38.4,0.4895474810443534,26.3,38.4,32.5,20.8,11.4,34.9,False
36361780000,1789028328707417000,,video_contact_only,Spreading tan garment,38,0.4863305318200729,25.9,38,32.5,20.8,11.4,34.5,False
36401780000,1789028328747417000,,video_contact_only,Spreading tan garment,38,0.483077092515793,25.9,38,32.2,20.8,11.4,34.5,False
36421785000,1789028328767422000,,video_contact_only,Spreading tan garment,37.6,0.4814395791073188,25.5,37.6,32.2,20.8,11.4,34.1,False
36441785000,1789028328787422000,,video_contact_only,Spreading tan garment,37.6,0.47979731202958986,25.5,37.6,32.2,20.4,11.4,34.1,False
36501785000,1789028328847422000,2618,video_contact_and_recorded_pose,Spreading tan garment,36.1,0.47485273765640396,25.5,34.9,36.1,22.7,12.5,31.8,False
36541790000,1789028328887427000,,video_contact_only,Spreading tan garment,36.9,0.4715543320112519,25.1,36.9,31.4,20.4,11,33.7,False
36561790000,1789028328907427000,,video_contact_only,Spreading tan garment,36.9,0.46990881264801665,25.1,36.9,31.4,20,11,33.3,False
36581790000,1789028328927427000,,video_contact_only,Spreading tan garment,36.9,0.468267371424782,25.1,36.9,31.4,20,11,33.3,False
36641794000,1789028328987431000,,video_contact_only,Spreading tan garment,36.5,0.4633803932297176,24.7,36.5,31,20,11,32.9,False
36681794000,1789028329027431000,,video_contact_only,Spreading tan garment,36.1,0.4601672183145564,24.7,36.1,30.6,19.6,11,32.9,False
36721799000,1789028329067436000,2634,video_contact_and_recorded_pose,Spreading tan garment,32.5,0.4570016448077912,24.3,31.8,27.5,17.6,9.8,32.5,False
36741799000,1789028329087436000,2635,video_contact_and_recorded_pose,Spreading tan garment,32.2,0.4554403555888526,24.3,32.2,27.5,17.6,9.8,32.2,False
36761799000,1789028329107436000,2637,video_contact_and_recorded_pose,Spreading tan garment,32.5,0.45389502510391405,24.3,32.5,27.5,17.6,9.8,32.2,False
36821803000,1789028329167440000,2641,video_contact_and_recorded_pose,Spreading tan garment,32.9,0.44936769022654066,23.9,32.9,29,18.4,10.2,31,False
36861803000,1789028329207440000,2644,video_contact_and_recorded_pose,Spreading tan garment,33.3,0.4464536668862104,23.9,33.3,30.2,19.2,10.6,30.6,False
36881808000,1789028329227445000,2646,video_contact_and_recorded_pose,Spreading tan garment,33.7,0.4450314613454144,23.9,33.7,30.2,19.2,10.6,30.2,False
36941808000,1789028329287445000,2650,video_contact_and_recorded_pose,Spreading tan garment,33.3,0.440922396198291,23.5,33.3,30.6,19.2,10.6,29.8,False
36981813000,1789028329327450000,2653,video_contact_and_recorded_pose,Spreading tan garment,33.3,0.4383262993318523,23.5,33.3,30.2,18.8,10.2,29.4,False
37021813000,1789028329367450000,2656,video_contact_and_recorded_pose,Spreading tan garment,33.7,0.43585773307885,23.1,33.7,30.2,18.8,10.2,29,False
37061813000,1789028329407450000,2659,video_contact_and_recorded_pose,Spreading tan garment,33.7,0.4335269254578478,23.1,33.7,29.8,18.4,10.2,28.6,False
37081817000,1789028329427454000,2660,video_contact_and_recorded_pose,Spreading tan garment,33.7,0.43241626284221574,23.1,33.7,29.4,18.4,10.2,28.6,False
37121817000,1789028329467454000,2663,video_contact_and_recorded_pose,Spreading tan garment,33.3,0.43031190905712946,23.1,33.3,29.4,18.4,10.2,28.2,False
37181822000,1789028329527459000,2667,video_contact_and_recorded_pose,Spreading tan garment,33.3,0.4274662570566053,22.7,33.3,29,18.4,9.8,27.8,False
37221822000,1789028329567459000,,video_contact_only,Spreading tan garment,33.3,0.4257921256515622,22.7,33.3,28.2,18.4,10.2,30.2,False
37241822000,1789028329587459000,,video_contact_only,Spreading tan garment,33.3,0.425025860327041,22.7,33.3,28.2,18,10.2,30.2,False
37261826000,1789028329607463000,,video_contact_only,Spreading tan garment,33.3,0.42430841677853587,22.7,33.3,28.2,18,9.8,30.2,False
37321827000,1789028329667464000,,video_contact_only,Spreading tan garment,33.3,0.42246346764960274,22.4,33.3,28.2,18,9.8,30.2,False
37361831000,1789028329707468000,,video_contact_only,Spreading tan garment,32.9,0.4215024426600127,22.4,32.9,28.2,18,9.8,29.8,False
37401831000,1789028329747468000,,video_contact_only,Spreading tan garment,32.9,0.42076904817146404,22.4,32.9,28.2,18,9.8,29.8,False
37421831000,1789028329767468000,,video_contact_only,Spreading tan garment,32.9,0.42049097219618975,22.4,32.9,28.2,18,9.8,29.8,False
37461836000,1789028329807473000,,video_contact_only,Spreading tan garment,32.9,0.42011863189715976,22.4,32.9,28.2,18,9.8,29.8,False
37481836000,1789028329827473000,,video_contact_only,Spreading tan garment,32.9,0.4200270544951381,22.4,32.9,28.2,18,9.8,29.8,False
37541840000,1789028329887477000,,video_contact_only,Laying tan garment flat,32.9,0.4200705034031551,22.4,32.9,28.2,18,9.8,29.8,False
37581840000,1789028329927477000,,video_contact_only,Laying tan garment flat,32.9,0.4202662763571946,22.4,32.9,28.2,18,9.8,29.8,False
37601840000,1789028329947477000,,video_contact_only,Laying tan garment flat,32.9,0.4204096357982572,22.4,32.9,28.2,18,9.8,29.8,False
37681845000,1789028330027482000,,video_contact_only,Laying tan garment flat,32.9,0.4212717819789417,22.4,32.9,28.2,18,9.8,29.8,False
37721845000,1789028330067482000,,video_contact_only,Laying tan garment flat,32.9,0.42186731125029897,22.4,32.9,28.2,18,9.8,30.2,False
37741850000,1789028330087487000,,video_contact_only,Laying tan garment flat,33.3,0.4222041053494444,22.4,33.3,28.2,18,9.8,30.2,False
37761850000,1789028330107487000,,video_contact_only,Laying tan garment flat,33.3,0.422565950437232,22.4,33.3,28.2,18,9.8,30.2,False
37801850000,1789028330147487000,,video_contact_only,Laying tan garment flat,33.3,0.4233625486788905,22.7,33.3,28.2,18,9.8,30.2,False
37821850000,1789028330167487000,,video_contact_only,Laying tan garment flat,33.3,0.4237960579066196,22.7,33.3,28.2,18,9.8,30.2,False
37861854000,1789028330207491000,,video_contact_only,Laying tan garment flat,33.3,0.42473048455680384,22.7,33.3,28.2,18,10.2,30.2,False
37901854000,1789028330247491000,,video_contact_only,Laying tan garment flat,33.3,0.42575042249942874,22.7,33.3,28.2,18.4,10.2,30.2,False
37941859000,1789028330287496000,,video_contact_only,Laying tan garment flat,33.3,0.42685112741999026,22.7,33.3,28.6,18.4,10.2,30.2,False
37961859000,1789028330307496000,,video_contact_only,Laying tan garment flat,33.7,0.4274300926373162,22.7,33.7,28.6,18.4,10.2,30.6,False
38041863000,1789028330387500000,2729,video_contact_and_recorded_pose,Laying tan garment flat,32.5,0.4299227661472047,22.7,32.5,32.5,20.4,11.4,28.6,False
38081864000,1789028330427501000,2732,video_contact_and_recorded_pose,Laying tan garment flat,32.5,0.43126637900567416,23.1,32.5,32.5,20.4,11.4,29,False
38121868000,1789028330467505000,2735,video_contact_and_recorded_pose,Laying tan garment flat,32.9,0.43266833463218285,23.1,32.9,32.9,20.4,11.4,29,False
38141868000,1789028330487505000,,video_contact_only,Laying tan garment flat,34.1,0.43338952592255625,23.1,34.1,29,18.4,10.2,31,False
38181868000,1789028330527505000,,video_contact_only,Laying tan garment flat,34.1,0.4348693629950424,23.1,34.1,29,18.8,10.2,31,False
38221873000,1789028330567510000,,video_contact_only,Laying tan garment flat,34.1,0.4363951863281761,23.1,34.1,29,18.8,10.2,31,False
38241873000,1789028330587510000,,video_contact_only,Laying tan garment flat,34.5,0.4371736212191673,23.1,34.5,29,18.8,10.2,31,False
38261873000,1789028330607510000,,video_contact_only,Laying tan garment flat,34.5,0.43796163829091683,23.5,34.5,29.4,18.8,10.2,31,False
38321877000,1789028330667514000,,video_contact_only,Laying tan garment flat,34.5,0.44037712629667763,23.5,34.5,29.4,18.8,10.2,31.4,False
38361877000,1789028330707514000,,video_contact_only,Laying tan garment flat,34.9,0.44202385357914625,23.5,34.9,29.4,18.8,10.6,31.4,False
38401882000,1789028330747519000,,video_contact_only,Laying tan garment flat,34.9,0.44369419199481563,23.5,34.9,29.8,18.8,10.6,31.8,False
38441882000,1789028330787519000,,video_contact_only,Laying tan garment flat,34.9,0.4453827477883902,23.9,34.9,29.8,19.2,10.6,31.8,False
38461882000,1789028330807519000,,video_contact_only,Laying tan garment flat,34.9,0.4462323800719609,23.9,34.9,29.8,19.2,10.6,31.8,False
38481882000,1789028330827519000,,video_contact_only,Laying tan garment flat,35.3,0.4470847526626256,23.9,35.3,29.8,19.2,10.6,31.8,False
38541887000,1789028330887524000,,video_contact_only,Laying tan garment flat,35.3,0.44965230691938973,23.9,35.3,30.2,19.2,10.6,32.2,False
38581891000,1789028330927528000,2768,video_contact_and_recorded_pose,Laying tan garment flat,30.2,0.4513663368734527,23.9,30.2,29.4,18.4,9.8,27.5,False
38641891000,1789028330987528000,2772,video_contact_and_recorded_pose,Laying tan garment flat,31,0.45392813163524637,24.3,31,29.4,18.4,9.8,27.5,False
38681896000,1789028331027533000,2775,video_contact_and_recorded_pose,Laying tan garment flat,31.4,0.4556229541173436,24.3,31.4,30.2,19.2,10.2,27.5,False
38721896000,1789028331067533000,2778,video_contact_and_recorded_pose,Laying tan garment flat,32.5,0.4573011570667712,24.3,32.5,30.6,19.2,10.6,27.8,False
38741896000,1789028331087533000,2779,video_contact_and_recorded_pose,Laying tan garment flat,33.7,0.45813255105071715,24.3,33.7,30.6,19.2,10.6,28.2,False
38761896000,1789028331107533000,2781,video_contact_and_recorded_pose,Laying tan garment flat,34.5,0.4589579774233903,24.3,34.5,30.6,19.2,10.6,29,False
38781900000,1789028331127537000,2782,video_contact_and_recorded_pose,Laying tan garment flat,34.9,0.4597769772885131,24.7,34.9,31,19.6,10.6,29,False
38861905000,1789028331207542000,2788,video_contact_and_recorded_pose,Laying tan garment flat,35.7,0.46297417808997027,24.7,35.7,31,19.2,10.2,30.2,False
38901905000,1789028331247542000,2791,video_contact_and_recorded_pose,Laying tan garment flat,35.7,0.4645169664089466,24.7,35.7,31,19.2,10.2,30.2,False
38941905000,1789028331287542000,,video_contact_only,Laying tan garment flat,36.5,0.4660159803450269,24.7,36.5,31,20,11,33.3,False
38961910000,1789028331307547000,,video_contact_only,Laying tan garment flat,36.5,0.4667476983202998,24.7,36.5,31,20,11,33.3,False
39001910000,1789028331347547000,,video_contact_only,Laying tan garment flat,36.9,0.468171714520209,25.1,36.9,31.4,20,11,33.3,False
39041910000,1789028331387547000,,video_contact_only,Laying tan garment flat,36.9,0.46953951645384034,25.1,36.9,31.4,20,11,33.3,False
39081914000,1789028331427551000,,video_contact_only,Laying tan garment flat,36.9,0.4708462558521362,25.1,36.9,31.4,20,11,33.3,False
39101914000,1789028331447551000,2805,video_contact_and_recorded_pose,Laying tan garment flat,36.5,0.4714750573162923,25.1,36.5,32.5,20.4,10.6,31.8,False
39141914000,1789028331487551000,2808,video_contact_and_recorded_pose,Laying tan garment flat,37.3,0.4726805477625829,25.1,37.3,32.2,20,10.2,32.2,False
39181919000,1789028331527556000,2811,video_contact_and_recorded_pose,Laying tan garment flat,37.6,0.4738125451518351,25.1,37.6,31.8,19.2,9.8,32.5,False
39221919000,1789028331567556000,2814,video_contact_and_recorded_pose,Laying tan garment flat,37.6,0.4748657902971889,25.5,37.6,31,18.8,9.8,32.9,False
39241923000,1789028331587560000,2815,video_contact_and_recorded_pose,Laying tan garment flat,37.6,0.4753614776776916,25.5,37.6,31,18.8,9.8,33.3,False
39261924000,1789028331607561000,2817,video_contact_and_recorded_pose,Laying tan garment flat,37.6,0.47583556945765987,25.5,37.6,30.6,18.8,9.8,32.9,False
39301924000,1789028331647561000,2819,video_contact_and_recorded_pose,Laying tan garment flat,37.6,0.47671666399587664,25.5,37.6,30.6,18.8,10.2,32.9,False
39341928000,1789028331687565000,2822,video_contact_and_recorded_pose,Laying tan garment flat,38,0.477504298655098,25.5,38,31,19.6,10.6,33.3,False
39401928000,1789028331747565000,2826,video_contact_and_recorded_pose,Laying tan garment flat,38,0.4784993642243481,25.5,38,31.8,20,11,33.3,False
39421928000,1789028331767565000,2828,video_contact_and_recorded_pose,Laying tan garment flat,36.5,0.4787788952560159,25.5,36.5,31,19.6,10.6,33.3,False
39441933000,1789028331787570000,2829,video_contact_and_recorded_pose,Laying tan garment flat,35.7,0.4790313705986619,25.5,35.7,31,19.2,10.6,33.3,False
39481933000,1789028331827570000,2832,video_contact_and_recorded_pose,Laying tan garment flat,34.9,0.4794523538759061,25.5,34.9,30.2,18.8,10.2,32.9,False
39521937000,1789028331867574000,2835,video_contact_and_recorded_pose,Laying tan garment flat,34.5,0.47975743611406085,25.5,34.5,29.8,18.8,10.2,32.9,False
39561937000,1789028331907574000,2838,video_contact_and_recorded_pose,Laying tan garment flat,34.1,0.4799415801835616,25.5,34.1,29.8,18.8,10.2,32.9,False
39601938000,1789028331947575000,2840,video_contact_and_recorded_pose,Folding tan sides,34.1,0.48000032572894297,25.5,34.1,29.8,18.8,10.2,33.3,False
39621942000,1789028331967579000,2842,video_contact_and_recorded_pose,Folding tan sides,34.9,0.4800415010460841,25.5,34.9,30.6,19.2,10.6,34.1,False
39661942000,1789028332007579000,2845,video_contact_and_recorded_pose,Folding tan sides,35.7,0.48032669693509333,25.5,35.7,31,19.6,10.6,34.9,False
39721947000,1789028332067584000,2849,video_contact_and_recorded_pose,Folding tan sides,36.9,0.4812427774544864,25.5,36.9,31.4,19.6,11,35.7,False
39761947000,1789028332107584000,2852,video_contact_and_recorded_pose,Folding tan sides,37.6,0.48216419344742567,25.9,37.6,31.8,20,11,35.7,False
39781947000,1789028332127584000,2853,video_contact_and_recorded_pose,Folding tan sides,38,0.4827143339592973,25.9,38,32.9,20.8,11.4,35.7,False
39821951000,1789028332167588000,2856,video_contact_and_recorded_pose,Folding tan sides,38.8,0.48398730750528335,25.9,38.8,34.9,22,12.2,35.7,False
39861951000,1789028332207588000,2859,video_contact_and_recorded_pose,Folding tan sides,39.6,0.4854818214324928,25.9,39.6,36.1,22.7,12.5,34.9,False
39901956000,1789028332247593000,2862,video_contact_and_recorded_pose,Folding tan sides,39.6,0.4871881199975209,25.9,39.6,36.1,23.1,12.5,34.9,False
39921956000,1789028332267593000,2863,video_contact_and_recorded_pose,Folding tan sides,40,0.48811734762602166,25.9,40,36.5,23.1,12.5,34.9,False
39941956000,1789028332287593000,2865,video_contact_and_recorded_pose,Folding tan sides,40,0.4890956779562502,26.3,40,36.5,23.1,12.5,34.9,False
40001961000,1789028332347598000,,video_contact_only,Folding tan sides,38.8,0.492312948145647,26.3,38.8,32.9,21.2,11.8,34.9,False
40041961000,1789028332387598000,,video_contact_only,Folding tan sides,38.8,0.49467999929576856,26.3,38.8,32.9,21.2,11.8,35.3,False
40061961000,1789028332407598000,,video_contact_only,Folding tan sides,38.8,0.4959264496747359,26.3,38.8,32.9,21.2,11.8,35.3,False
40081961000,1789028332427598000,,video_contact_only,Folding tan sides,39.2,0.4972131669778209,26.7,39.2,33.3,21.2,11.8,35.3,False
40121965000,1789028332467602000,,video_contact_only,Folding tan sides,39.2,0.4999026299046183,26.7,39.2,33.3,21.6,11.8,35.7,False
40161965000,1789028332507602000,,video_contact_only,Folding tan sides,39.6,0.5027377517249451,26.7,39.6,33.7,21.6,11.8,35.7,False
40221970000,1789028332567607000,,video_contact_only,Folding tan sides,40,0.5072423332755611,27.1,40,33.7,21.6,11.8,36.1,False
40241970000,1789028332587607000,,video_contact_only,Folding tan sides,40,0.5088057597444644,27.1,40,34.1,22,12.2,36.1,False
40261970000,1789028332607607000,,video_contact_only,Folding tan sides,40,0.5103980926897007,27.1,40,34.1,22,12.2,36.5,False
40321974000,1789028332667611000,,video_contact_only,Folding tan sides,40.4,0.5153362450188961,27.5,40.4,34.5,22,12.2,36.9,False
40361975000,1789028332707612000,,video_contact_only,Folding tan sides,40.8,0.5187496094535552,27.8,40.8,34.5,22.4,12.2,36.9,False
40381979000,1789028332727616000,,video_contact_only,Folding tan sides,40.8,0.5204892299497712,27.8,40.8,34.9,22.4,12.2,36.9,False
40401979000,1789028332747616000,,video_contact_only,Folding tan sides,41.2,0.5222485751289399,27.8,41.2,34.9,22.4,12.2,37.3,False
40441979000,1789028332787616000,,video_contact_only,Folding tan sides,41.2,0.5258224279906593,28.2,41.2,35.3,22.4,12.5,37.3,False
40501984000,1789028332847621000,,video_contact_only,Folding tan sides,41.6,0.5313026422149079,28.2,41.6,35.3,22.7,12.5,37.6,False
40541984000,1789028332887621000,,video_contact_only,Folding tan sides,42,0.5350204057579017,28.6,42,35.7,22.7,12.5,38,False
40561988000,1789028332907625000,,video_contact_only,Folding tan sides,42.4,0.5368952531311244,28.6,42.4,35.7,23.1,12.5,38,False
40601988000,1789028332947625000,,video_contact_only,Folding tan sides,42.4,0.5406690677855159,29,42.4,36.1,23.1,12.5,38.4,False
40641988000,1789028332987625000,2915,video_contact_and_recorded_pose,Folding tan sides,41.6,0.5444676247629728,29,41.6,36.9,23.5,12.9,38,False
40681993000,1789028333027630000,2918,video_contact_and_recorded_pose,Folding tan sides,42,0.5482813035373648,29.4,42,37.3,23.5,12.9,38.4,False
40721993000,1789028333067630000,,video_contact_only,Folding tan sides,43.5,0.5520990520853694,29.4,43.5,36.9,23.5,12.9,39.2,False
40761998000,1789028333107635000,,video_contact_only,Folding tan sides,43.5,0.5559117244381772,29.8,43.5,37.3,23.9,12.9,39.6,False
40821998000,1789028333167635000,,video_contact_only,Folding tan sides,43.9,0.5615975164129143,29.8,43.9,37.6,23.9,13.3,40,False
40842002000,1789028333187639000,,video_contact_only,Folding tan sides,44.3,0.5634794401093167,30.2,44.3,37.6,24.3,13.3,40,False
40862002000,1789028333207639000,,video_contact_only,Folding tan sides,44.3,0.5653520248750501,30.2,44.3,37.6,24.3,13.3,40.4,False
40902002000,1789028333247639000,,video_contact_only,Folding tan sides,44.7,0.569065260143558,30.2,44.7,38,24.3,13.3,40.4,False
40942007000,1789028333287644000,,video_contact_only,Folding tan sides,45.1,0.5727279558408825,30.6,45.1,38.4,24.7,13.3,40.8,False
41002007000,1789028333347644000,,video_contact_only,Folding tan sides,45.5,0.5781036033309589,31,45.5,38.4,24.7,13.7,41.2,False
41042011000,1789028333387648000,,video_contact_only,Folding tan sides,45.5,0.5815945179355637,31,45.5,38.8,25.1,13.7,41.6,False
41082011000,1789028333427648000,,video_contact_only,Folding tan sides,45.9,0.5849987416400654,31.4,45.9,39.2,25.1,13.7,41.6,False
41102012000,1789028333447649000,,video_contact_only,Folding tan sides,46.3,0.5866654039766206,31.4,46.3,39.2,25.1,13.7,41.6,False
41122012000,1789028333467649000,,video_contact_only,Folding tan sides,46.3,0.5883066112154615,31.4,46.3,39.2,25.1,13.7,42,False
41162016000,1789028333507653000,,video_contact_only,Folding tan sides,46.3,0.591508177852488,31.4,46.3,39.6,25.5,14.1,42,False
41222021000,1789028333567658000,,video_contact_only,Folding tan sides,46.7,0.5960885683836277,31.8,46.7,39.6,25.5,14.1,42.4,False
41262021000,1789028333607658000,,video_contact_only,Folding tan sides,47.1,0.5989792788189002,31.8,47.1,40,25.5,14.1,42.7,False
41282021000,1789028333627658000,,video_contact_only,Folding tan sides,47.1,0.6003720610493091,32.2,47.1,40,25.9,14.1,42.7,False
41302021000,1789028333647658000,,video_contact_only,Folding tan sides,47.5,0.6017281116764122,32.2,47.5,40,25.9,14.1,42.7,False
41322025000,1789028333667662000,,video_contact_only,Folding tan sides,47.5,0.6030464282183926,32.2,47.5,40.4,25.9,14.1,42.7,False
41402025000,1789028333747662000,2969,video_contact_and_recorded_pose,Folding tan sides,45.9,0.6079134397546438,32.5,45.9,42.4,27.5,14.9,38.4,False
41422030000,1789028333767667000,2970,video_contact_and_recorded_pose,Folding tan sides,48.2,0.6090228570301804,32.5,48.2,46.3,29.4,16.1,35.3,False
41442030000,1789028333787667000,2972,video_contact_and_recorded_pose,Folding tan sides,42.7,0.6100864237966044,32.5,42.7,38.4,24.3,13.3,39.2,False
41482030000,1789028333827667000,2975,video_contact_and_recorded_pose,Folding tan sides,48.2,0.6120718055939146,32.5,48.2,41.6,26.3,14.5,45.5,False
41542035000,1789028333887672000,2979,video_contact_and_recorded_pose,Folding tan sides,47.8,0.6146767634252414,32.9,47.8,42.4,27.5,14.9,43.1,False
41562035000,1789028333907672000,2981,video_contact_and_recorded_pose,Folding tan sides,47.8,0.615440404562302,32.9,47.8,42.7,28.6,15.7,42.4,False
41602039000,1789028333947676000,2983,video_contact_and_recorded_pose,Folding tan sides,48.2,0.6168033394572232,32.9,48.2,42.7,27.8,15.3,42.7,False
41622039000,1789028333967676000,2985,video_contact_and_recorded_pose,Folding tan sides,43.9,0.6173999722229677,32.9,43.9,40.4,25.9,14.1,39.6,False
41682039000,1789028334027676000,2989,video_contact_and_recorded_pose,Folding tan sides,45.9,0.618835679944694,32.9,45.9,38,24.3,12.9,41.2,False
41702044000,1789028334047681000,2991,video_contact_and_recorded_pose,Folding tan sides,42.7,0.6191920595175286,32.9,42.7,39.2,25.1,13.7,39.2,False
41762044000,1789028334107681000,2995,video_contact_and_recorded_pose,Folding tan sides,41.2,0.6198764221373656,32.9,41.2,39.6,25.5,14.1,38,False
41782044000,1789028334127681000,2996,video_contact_and_recorded_pose,Folding tan sides,41.2,0.619972173820562,32.9,41.2,39.6,25.5,13.7,38.4,False
41822048000,1789028334167685000,2999,video_contact_and_recorded_pose,Pressing tan fold,41.2,0.6196246060813515,32.9,41.2,39.2,25.1,13.7,38,False
41842048000,1789028334187685000,3001,video_contact_and_recorded_pose,Pressing tan fold,40.8,0.6186488276577062,32.9,40.8,39.2,25.1,13.7,38,False
41882053000,1789028334227690000,3004,video_contact_and_recorded_pose,Pressing tan fold,40.8,0.6149626039954751,32.9,40.8,38.8,25.1,13.7,38,False
41922053000,1789028334267690000,3007,video_contact_and_recorded_pose,Pressing tan fold,41.2,0.6090928036330858,32.5,41.2,38.8,25.1,14.1,38,False
41962053000,1789028334307690000,3009,video_contact_and_recorded_pose,Pressing tan fold,42.4,0.6011929184932727,32.2,42.4,38.4,24.7,13.3,37.6,False
42002058000,1789028334347695000,3012,video_contact_and_recorded_pose,Pressing tan fold,43.1,0.5914154254246615,31.4,43.1,38,24.3,13.3,39.2,False
42082062000,1789028334427699000,3018,video_contact_and_recorded_pose,Pressing tan fold,42.7,0.5668477467027788,30.2,42.7,37.3,23.5,12.5,39.2,False
42102062000,1789028334447699000,3020,video_contact_and_recorded_pose,Pressing tan fold,42.7,0.5597737710566096,29.8,42.7,36.9,23.1,12.2,38.8,False
42122062000,1789028334467699000,3021,video_contact_and_recorded_pose,Pressing tan fold,42.4,0.5523653188260046,29.4,42.4,36.5,23.1,12.2,38.4,False
42182067000,1789028334527704000,3025,video_contact_and_recorded_pose,Pressing tan fold,40.4,0.5283232576665101,28.2,40.4,34.9,22,11.8,36.5,False
42222067000,1789028334567704000,3028,video_contact_and_recorded_pose,Pressing tan fold,38.4,0.5109766002130913,27.1,38.4,33.3,20.8,11,34.5,False
42242067000,1789028334587704000,3030,video_contact_and_recorded_pose,Pressing tan fold,37.3,0.5019649866689053,26.7,37.3,32.5,20.4,11,33.3,False
42262071000,1789028334607708000,3031,video_contact_and_recorded_pose,Pressing tan fold,35.7,0.49275162385877364,26.3,35.7,31.8,20,10.6,32.5,False
42302072000,1789028334647709000,3034,video_contact_and_recorded_pose,Pressing tan fold,33.7,0.4738053143956086,25.1,33.7,30.6,19.2,10.6,31,False
42362076000,1789028334707713000,3038,video_contact_and_recorded_pose,Pressing tan fold,31.4,0.4443660840485494,23.5,31.4,28.2,17.6,9.4,28.6,False
42402076000,1789028334747713000,3041,video_contact_and_recorded_pose,Pressing tan fold,29.4,0.42428655902731427,22.7,29.4,26.7,16.9,9,26.7,False
42442076000,1789028334787713000,3044,video_contact_and_recorded_pose,Pressing tan fold,28.2,0.40402275455591996,21.6,28.2,25.5,16.1,8.6,25.5,False
42462081000,1789028334807718000,3045,video_contact_and_recorded_pose,Pressing tan fold,27.8,0.3938672754853354,21.2,27.8,25.1,16.1,8.6,25.1,False
42482081000,1789028334827718000,3047,video_contact_and_recorded_pose,Pressing tan fold,27.5,0.3837259480959942,20.4,27.5,25.1,16.5,8.6,24.7,False
42522081000,1789028334867718000,3050,video_contact_and_recorded_pose,Pressing tan fold,26.3,0.3635550389777615,19.2,26.3,24.3,15.7,8.2,23.1,False
42562085000,1789028334907722000,3052,video_contact_and_recorded_pose,Pressing tan fold,25.1,0.343659328470835,18.4,25.1,24.3,15.3,8.2,22.4,False
42622086000,1789028334967723000,3057,video_contact_and_recorded_pose,Pressing tan fold,23.1,0.3146744788121493,16.9,23.1,22.4,14.1,7.5,20,False
42642090000,1789028334987727000,3058,video_contact_and_recorded_pose,Pressing tan fold,22.4,0.30531639437085395,16.5,22.4,21.6,13.7,7.5,19.2,False
42722090000,1789028335067727000,3064,video_contact_and_recorded_pose,Pressing tan fold,20.8,0.2699304545541595,14.5,20.8,20,12.5,7.1,16.9,False
42742095000,1789028335087732000,3065,video_contact_and_recorded_pose,Pressing tan fold,20,0.2616877858940134,14.1,20,19.2,12.2,6.7,16.5,False
42762095000,1789028335107732000,3067,video_contact_and_recorded_pose,Pressing tan fold,19.6,0.2537280049839167,13.7,19.6,18.8,11.8,6.7,16.1,False
42822099000,1789028335167736000,3071,video_contact_and_recorded_pose,Pressing tan fold,18.4,0.23172432376352264,12.5,18.4,17.3,11,5.9,15.3,False
42862099000,1789028335207736000,3074,video_contact_and_recorded_pose,Pressing tan fold,17.3,0.21881271506283367,11.8,17.3,16.1,10.2,5.5,14.5,False
42902099000,1789028335247736000,3077,video_contact_and_recorded_pose,Pressing tan fold,16.5,0.20748572736897208,11,16.5,15.3,9.8,5.5,14.1,False
42922104000,1789028335267741000,3078,video_contact_and_recorded_pose,Pressing tan fold,16.1,0.20246333258699722,11,16.1,14.9,9.4,5.1,13.7,False
42942104000,1789028335287741000,3080,video_contact_and_recorded_pose,Pressing tan fold,15.7,0.19789608692831867,10.6,15.7,14.9,9.4,5.1,13.3,False
42982104000,1789028335327741000,3083,video_contact_and_recorded_pose,Pressing tan fold,14.9,0.19020001661414931,10.2,14.9,14.1,9,4.7,12.5,False
43042108000,1789028335387745000,3087,video_contact_and_recorded_pose,Pressing tan fold,12.9,0.18254001127274522,9.8,12.9,12.2,7.5,3.9,11.8,False
43082109000,1789028335427746000,3090,video_contact_and_recorded_pose,Pressing tan fold,12.9,0.1802477156643561,9.8,12.9,12.5,7.8,4.3,11.4,False
43102109000,1789028335447746000,3091,video_contact_and_recorded_pose,Finishing tan fold,12.5,0.17999041959311338,9.4,12.5,11.4,7.1,3.9,11.4,False
43142113000,1789028335487750000,3094,video_contact_and_recorded_pose,Finishing tan fold,11.8,0.17638433000521017,9.4,11.8,10.2,6.3,3.5,11,False
43162113000,1789028335507750000,3096,video_contact_and_recorded_pose,Finishing tan fold,11.4,0.17235681095729427,9,11.4,9.8,5.9,3.1,11,False
43222118000,1789028335567755000,3100,video_contact_and_recorded_pose,Finishing tan fold,10.2,0.15303317066158167,8.2,10.2,8.6,5.5,3.1,9.8,False
43262118000,1789028335607755000,3103,video_contact_and_recorded_pose,Finishing tan fold,9,0.13550152522091646,7.1,9,7.8,4.7,2.7,8.6,False
43282118000,1789028335627755000,3104,video_contact_and_recorded_pose,Finishing tan fold,8.2,0.12575542192458566,6.7,8.2,7.1,4.7,2.4,8.2,False
43322122000,1789028335667759000,3107,video_contact_and_recorded_pose,Finishing tan fold,7.1,0.10499172104321298,5.5,7.1,5.9,3.9,2,6.7,False
43362122000,1789028335707759000,3110,video_contact_and_recorded_pose,Finishing tan fold,5.5,0.08345924997592385,4.3,5.5,4.7,3.1,1.6,5.5,False
43422127000,1789028335767764000,3114,video_contact_and_recorded_pose,Finishing tan fold,3.5,0.05213207257894675,2.7,3.5,3.1,2,1.2,3.5,False
43442127000,1789028335787764000,3116,video_contact_and_recorded_pose,Finishing tan fold,2.7,0.04250334164443986,2.4,2.7,2.4,1.6,0.8,2.7,False
43482132000,1789028335827769000,3119,video_contact_and_recorded_pose,Finishing tan fold,1.6,0.025292519441867972,1.2,1.6,1.6,0.8,0.4,1.6,False
43542132000,1789028335887769000,3123,video_contact_and_recorded_pose,Finishing tan fold,0.4,0.006675109005668839,0.4,0.4,0.4,0.4,0,0.4,False
43582136000,1789028335927773000,3126,video_contact_and_recorded_pose,Finishing tan fold,0,0.0006728862750668141,0,0,0,0,0,0,False
43602136000,1789028335947773000,3127,video_contact_and_recorded_pose,Releasing tan garment,0,9.756888384785049e-06,0,0,0,0,0,0,False
43642136000,1789028335987773000,3130,video_contact_and_recorded_pose,Releasing tan garment,0.4,0.0036518460730377675,0,0.4,0.4,0,0,0.4,False
43682141000,1789028336027778000,3133,video_contact_and_recorded_pose,Releasing tan garment,0.8,0.013327110060246648,0.8,0.8,0.8,0.4,0.4,0.8,False
43722141000,1789028336067778000,3136,video_contact_and_recorded_pose,Releasing tan garment,2,0.02824937523224645,1.6,2,1.6,1.2,0.4,2,False
43762141000,1789028336107778000,3139,video_contact_and_recorded_pose,Releasing tan garment,3.1,0.04763581673077673,2.4,3.1,2.7,2,1.2,3.1,False
43802146000,1789028336147783000,3142,video_contact_and_recorded_pose,Releasing tan garment,5.1,0.07070584185549376,3.9,5.1,4.3,2.7,1.6,4.7,False
43822146000,1789028336167783000,3143,video_contact_and_recorded_pose,Releasing tan garment,5.9,0.08337477344945046,4.3,5.9,5.1,3.1,2,5.5,False
43882150000,1789028336227787000,3147,video_contact_and_recorded_pose,Releasing tan garment,8.6,0.1247499607890329,6.7,8.6,7.8,5.1,2.7,8.6,False
43922150000,1789028336267787000,3150,video_contact_and_recorded_pose,Releasing tan garment,11,0.15415658385025702,8.2,11,9.8,6.3,3.5,10.6,False
43962155000,1789028336307792000,3152,video_contact_and_recorded_pose,Releasing tan garment,13.3,0.18411258504362737,9.8,13.3,12.2,7.8,3.9,12.5,False
43982155000,1789028336327792000,3154,video_contact_and_recorded_pose,Releasing tan garment,14.5,0.19904840006097146,10.6,14.5,12.9,8.2,4.3,13.7,False
44042155000,1789028336387792000,3158,video_contact_and_recorded_pose,Releasing tan garment,18,0.24251904511301414,12.9,18,16.1,10.2,5.5,16.9,False
44082159000,1789028336427796000,3161,video_contact_and_recorded_pose,Releasing tan garment,20.4,0.26940845558511,14.5,20.4,18,11.4,5.9,18.8,False
44122159000,1789028336467796000,3164,video_contact_and_recorded_pose,Releasing tan garment,22.4,0.29370583649588927,15.7,22.4,19.6,12.5,6.7,20.4,False
44162164000,1789028336507801000,3167,video_contact_and_recorded_pose,Releasing tan garment,23.9,0.31463267845251597,16.9,23.9,20.8,13.3,7.1,22,False
44182164000,1789028336527801000,,video_contact_only,Releasing tan garment,25.5,0.3235849017713745,17.3,25.5,21.6,13.7,7.5,23.1,False
44222164000,1789028336567801000,,video_contact_only,Releasing tan garment,26.7,0.33797999983765975,18,26.7,22.7,14.5,7.8,23.9,False
44262169000,1789028336607806000,,video_contact_only,Releasing tan garment,27.5,0.3470436721511783,18.4,27.5,23.1,14.9,8.2,24.7,False
44282169000,1789028336627806000,,video_contact_only,Releasing tan garment,27.5,0.34933026016411717,18.8,27.5,23.1,14.9,8.2,24.7,False
44362173000,1789028336707810000,,video_contact_only,Picking up green trousers,27.5,0.3508612509946734,18.8,27.5,23.5,14.9,8.2,25.1,False
44402173000,1789028336747810000,,video_contact_only,Picking up green trousers,27.8,0.35228854219315675,18.8,27.8,23.5,14.9,8.2,25.1,False
44442178000,1789028336787815000,,video_contact_only,Picking up green trousers,27.8,0.3543590825358595,18.8,27.8,23.5,15.3,8.2,25.1,False
44462178000,1789028336807815000,,video_contact_only,Picking up green trousers,27.8,0.3556246012915573,18.8,27.8,23.9,15.3,8.2,25.5,False
44482178000,1789028336827815000,,video_contact_only,Picking up green trousers,28.2,0.3570379604771346,19.2,28.2,23.9,15.3,8.2,25.5,False
44522182000,1789028336867819000,,video_contact_only,Picking up green trousers,28.2,0.36029135781063704,19.2,28.2,23.9,15.3,8.6,25.5,False
44562183000,1789028336907820000,,video_contact_only,Picking up green trousers,28.6,0.3640843319457532,19.6,28.6,24.3,15.7,8.6,25.9,False
44602183000,1789028336947820000,,video_contact_only,Picking up green trousers,29,0.3683825993013771,19.6,29,24.7,15.7,8.6,26.3,False
44622187000,1789028336967824000,,video_contact_only,Picking up green trousers,29,0.3707109810923176,19.6,29,24.7,15.7,8.6,26.3,False
44682187000,1789028337027824000,,video_contact_only,Picking up green trousers,29.8,0.3783582580287834,20,29.8,25.1,16.1,9,27.1,False
44722192000,1789028337067829000,,video_contact_only,Picking up green trousers,30.2,0.38396709056597034,20.4,30.2,25.5,16.5,9,27.5,False
44762192000,1789028337107829000,,video_contact_only,Picking up green trousers,30.6,0.38994305863745016,20.8,30.6,25.9,16.9,9,27.8,False
44822196000,1789028337167833000,3214,video_contact_and_recorded_pose,Picking up green trousers,27.8,0.39952209048988363,21.2,27.8,27.5,17.3,9,26.7,False
44862196000,1789028337207833000,3217,video_contact_and_recorded_pose,Picking up green trousers,28.2,0.40626715738026314,21.6,28.2,28.2,17.6,9.4,27.1,False
44882196000,1789028337227833000,3218,video_contact_and_recorded_pose,Picking up green trousers,28.2,0.40973463109331426,22,28.2,28.2,17.6,9.4,27.5,False
44902201000,1789028337247838000,3220,video_contact_and_recorded_pose,Picking up green trousers,28.6,0.4132605546836593,22,28.6,28.6,18,9.4,27.5,False
44922201000,1789028337267838000,3221,video_contact_and_recorded_pose,Picking up green trousers,29,0.41683886593540287,22.4,29,28.6,18,9.4,27.8,False
44942201000,1789028337287838000,,video_contact_only,Picking up green trousers,32.9,0.42046614029400453,22.4,32.9,28.2,18,9.8,29.8,False
45002206000,1789028337347843000,,video_contact_only,Picking up green trousers,33.7,0.4315996952637437,23.1,33.7,28.6,18.4,10.2,30.6,False
45022206000,1789028337367843000,,video_contact_only,Picking up green trousers,34.1,0.435379841463232,23.1,34.1,29,18.8,10.2,31,False
45062206000,1789028337407843000,,video_contact_only,Picking up green trousers,34.9,0.4430182391730193,23.5,34.9,29.4,18.8,10.6,31.4,False
45082206000,1789028337427843000,,video_contact_only,Picking up green trousers,35.3,0.44686789308510677,23.9,35.3,29.8,19.2,10.6,31.8,False
45142210000,1789028337487847000,,video_contact_only,Picking up green trousers,36.1,0.4584878658662367,24.3,36.1,30.6,19.6,11,32.5,False
45182215000,1789028337527852000,,video_contact_only,Picking up green trousers,36.5,0.46625050580335514,24.7,36.5,31,20,11,33.3,False
45222215000,1789028337567852000,,video_contact_only,Picking up green trousers,37.3,0.4739844780710773,25.1,37.3,31.8,20.4,11,33.7,False
45242215000,1789028337587852000,,video_contact_only,Picking up green trousers,37.6,0.47783033077119186,25.5,37.6,31.8,20.4,11.4,34.1,False
45282219000,1789028337627856000,3247,video_contact_and_recorded_pose,Picking up green trousers,33.3,0.48545903299180393,25.9,33.3,29,18.8,9.8,31.4,False
45302219000,1789028337647856000,3249,video_contact_and_recorded_pose,Picking up green trousers,31.8,0.48923252111707005,26.3,31.8,27.5,17.6,9.4,31,False
45362220000,1789028337707857000,3253,video_contact_and_recorded_pose,Picking up green trousers,31.4,0.5003396646434888,26.7,31.4,27.1,17.3,9.4,31.4,False
45402224000,1789028337747861000,3256,video_contact_and_recorded_pose,Picking up green trousers,32.2,0.5075241017141844,27.1,32.2,27.1,17.6,9.8,31.4,False
45442224000,1789028337787861000,3259,video_contact_and_recorded_pose,Picking up green trousers,32.5,0.5144909586557501,27.5,32.5,27.5,18,9.8,31.8,False
45482229000,1789028337827866000,3262,video_contact_and_recorded_pose,Picking up green trousers,32.5,0.5212073954574089,27.8,32.5,27.8,18,9.4,31.8,False
45542229000,1789028337887866000,3266,video_contact_and_recorded_pose,Picking up green trousers,36.1,0.5307344502108131,28.2,32.9,28.6,18.4,9.8,36.1,False
45582233000,1789028337927870000,3269,video_contact_and_recorded_pose,Picking up green trousers,36.5,0.5366720319843755,28.6,33.3,29.8,18.4,10.2,36.5,False
45602233000,1789028337947870000,3270,video_contact_and_recorded_pose,Picking up green trousers,34.5,0.5395033104915946,28.6,33.3,29.8,18.8,10.2,34.5,False
45622233000,1789028337967870000,3272,video_contact_and_recorded_pose,Picking up green trousers,34.1,0.5422373860580454,29,33.7,29.8,18.8,10.2,34.1,False
45662238000,1789028338007875000,3275,video_contact_and_recorded_pose,Picking up green trousers,36.5,0.5473973512788008,29,36.1,31.4,19.2,10.2,36.5,False
45722238000,1789028338067875000,3279,video_contact_and_recorded_pose,Picking up green trousers,40.4,0.5542997925056261,29.4,40.4,36.5,23.5,12.2,35.7,False
45762243000,1789028338107880000,3282,video_contact_and_recorded_pose,Picking up green trousers,40.4,0.558294067644637,29.8,40.4,36.5,23.5,12.2,36.1,False
45782243000,1789028338127880000,3283,video_contact_and_recorded_pose,Picking up green trousers,43.1,0.5600956960452695,29.8,43.1,39.2,24.7,13.3,36.9,False
45802243000,1789028338147880000,3285,video_contact_and_recorded_pose,Picking up green trousers,47.8,0.5617614301637928,29.8,47.8,42.4,26.3,14.5,39.2,False
45842247000,1789028338187884000,3288,video_contact_and_recorded_pose,Picking up green trousers,42,0.5646682818291774,30.2,42,40.8,25.5,13.7,38,False
45902247000,1789028338247884000,3292,video_contact_and_recorded_pose,Picking up green trousers,41.6,0.5679013968836222,30.2,41.6,34.5,22.4,12.2,37.3,False
45942252000,1789028338287889000,3295,video_contact_and_recorded_pose,Picking up green trousers,41.6,0.5692556593092565,30.2,41.6,34.9,22.4,12.2,36.9,False
45962252000,1789028338307889000,3296,video_contact_and_recorded_pose,Picking up green trousers,41.6,0.5696794048073827,30.2,41.6,34.9,22.4,12.2,36.9,False
46002252000,1789028338347889000,3299,video_contact_and_recorded_pose,Holding green trousers,41.2,0.5699998479690902,30.6,40.8,34.9,21.6,11.8,41.2,False
46042256000,1789028338387893000,3302,video_contact_and_recorded_pose,Holding green trousers,41.6,0.569947187424183,30.6,40.4,34.9,21.6,11.8,41.6,False
46082257000,1789028338427894000,3305,video_contact_and_recorded_pose,Holding green trousers,41.6,0.5698025792632202,30.2,40.4,34.9,21.6,11.8,41.6,False
46122261000,1789028338467898000,,video_contact_only,Holding green trousers,44.7,0.5695698427075906,30.2,44.7,38,24.3,13.3,40.4,False
46142261000,1789028338487898000,,video_contact_only,Holding green trousers,44.7,0.5694216452908633,30.2,44.7,38,24.3,13.3,40.4,False
46202261000,1789028338547898000,,video_contact_only,Holding green trousers,44.7,0.568855458624681,30.2,44.7,38,24.3,13.3,40.4,False
46242266000,1789028338587903000,,video_contact_only,Holding green trousers,44.7,0.5683814082919167,30.2,44.7,38,24.3,13.3,40.4,False
46262266000,1789028338607903000,,video_contact_only,Holding green trousers,44.7,0.5681168919727704,30.2,44.7,38,24.3,13.3,40.4,False
46302266000,1789028338647903000,,video_contact_only,Holding green trousers,44.7,0.5675352224864775,30.2,44.7,38,24.3,13.3,40.4,False
46362270000,1789028338707907000,,video_contact_only,Holding green trousers,44.3,0.5665382549412907,30.2,44.3,37.6,24.3,13.3,40.4,False
46402270000,1789028338747907000,,video_contact_only,Holding green trousers,44.3,0.5657963233647708,30.2,44.3,37.6,24.3,13.3,40.4,False
46442275000,1789028338787912000,,video_contact_only,Holding green trousers,44.3,0.5649969063672454,30.2,44.3,37.6,24.3,13.3,40.4,False
46462275000,1789028338807912000,3332,video_contact_and_recorded_pose,Holding green trousers,38.8,0.5645769279726205,30.2,35.7,38.8,24.3,12.2,35.7,False
46502279000,1789028338847916000,3335,video_contact_and_recorded_pose,Holding green trousers,38.8,0.5636986447107526,30.2,35.7,38.8,24.3,12.2,35.7,False
46522280000,1789028338867917000,3337,video_contact_and_recorded_pose,Holding green trousers,38.8,0.5632413646215635,30.2,35.7,38.8,24.3,12.5,35.3,False
46562280000,1789028338907917000,3339,video_contact_and_recorded_pose,Holding green trousers,38.4,0.5622929337396435,29.8,36.5,38.4,23.5,11.8,35.3,False
46602284000,1789028338947921000,3342,video_contact_and_recorded_pose,Holding green trousers,38.4,0.5613023807192764,29.8,36.5,38.4,23.5,11.8,35.3,False
46642284000,1789028338987921000,3345,video_contact_and_recorded_pose,Holding green trousers,44.3,0.5602737439712637,29.8,44.3,37.6,23.5,12.5,39.2,False
46682284000,1789028339027921000,3348,video_contact_and_recorded_pose,Holding green trousers,44.7,0.5592107664872508,29.8,44.7,37.3,23.5,12.5,39.6,False
46722289000,1789028339067926000,3351,video_contact_and_recorded_pose,Holding green trousers,42,0.5581171498359561,29.8,42,32.5,20.8,12.2,36.1,False
46762289000,1789028339107926000,3354,video_contact_and_recorded_pose,Holding green trousers,40,0.5569970077873814,29.8,40,36.5,23.1,12.2,35.7,False
46802293000,1789028339147930000,3357,video_contact_and_recorded_pose,Holding green trousers,40,0.5558539301734685,29.8,40,38.8,25.1,13.7,35.7,False
46842293000,1789028339187930000,3360,video_contact_and_recorded_pose,Holding green trousers,40.4,0.5546919859068873,29.4,40.4,38.4,24.7,12.9,35.7,False
46902298000,1789028339247935000,3364,video_contact_and_recorded_pose,Holding green trousers,43.9,0.5529217336789408,29.4,43.9,38.4,24.7,13.3,37.6,False
46942298000,1789028339287935000,3367,video_contact_and_recorded_pose,Holding green trousers,47.8,0.5517291387999056,29.4,47.8,38.8,25.1,13.3,39.2,False
46962298000,1789028339307935000,3368,video_contact_and_recorded_pose,Holding green trousers,47.8,0.5511305240883881,29.4,47.8,38.8,25.1,13.3,39.2,False
46982303000,1789028339327940000,3370,video_contact_and_recorded_pose,Holding green trousers,47.8,0.5505308545758613,29.4,47.8,38.8,25.1,13.3,39.2,False
47042303000,1789028339387940000,,video_contact_only,Holding green trousers,43.1,0.5487316670307176,29.4,43.1,36.5,23.5,12.9,39.2,False
47082307000,1789028339427944000,,video_contact_only,Holding green trousers,43.1,0.5475363658401818,29,43.1,36.5,23.5,12.9,38.8,False
47122307000,1789028339467944000,,video_contact_only,Holding green trousers,42.7,0.5463490859068807,29,42.7,36.5,23.5,12.9,38.8,False
47182312000,1789028339527949000,,video_contact_only,Holding green trousers,42.7,0.5445912362524419,29,42.7,36.5,23.1,12.9,38.8,False
47222312000,1789028339567949000,,video_contact_only,Holding green trousers,42.7,0.5434405124268546,29,42.7,36.5,23.1,12.9,38.8,False
47242312000,1789028339587949000,,video_contact_only,Holding green trousers,42.7,0.5428729137460612,29,42.7,36.1,23.1,12.9,38.8,False
47262316000,1789028339607953000,,video_contact_only,Holding green trousers,42.7,0.5423110188103037,29,42.7,36.1,23.1,12.9,38.4,False
47322317000,1789028339667954000,,video_contact_only,Holding green trousers,42.4,0.5406653394858824,29,42.4,36.1,23.1,12.5,38.4,False
47362321000,1789028339707958000,,video_contact_only,Holding green trousers,42.4,0.539606012353076,28.6,42.4,36.1,23.1,12.5,38.4,False
47382321000,1789028339727958000,,video_contact_only,Holding green trousers,42.4,0.5390892061093007,28.6,42.4,36.1,23.1,12.5,38.4,False
47422321000,1789028339767958000,,video_contact_only,Holding green trousers,42.4,0.53808360073375,28.6,42.4,36.1,23.1,12.5,38.4,False
47462326000,1789028339807963000,,video_contact_only,Holding green trousers,42.4,0.5371184202356519,28.6,42.4,35.7,23.1,12.5,38,False
47502326000,1789028339847963000,,video_contact_only,Holding green trousers,42,0.5361977462799831,28.6,42,35.7,23.1,12.5,38,False
47542330000,1789028339887967000,,video_contact_only,Holding green trousers,42,0.5353252109146733,28.6,42,35.7,22.7,12.5,38,False
47562330000,1789028339907967000,,video_contact_only,Holding green trousers,42,0.5349082719720133,28.6,42,35.7,22.7,12.5,38,False
47602331000,1789028339947968000,,video_contact_only,Holding green trousers,42,0.5341153427307543,28.6,42,35.7,22.7,12.5,38,False
47642335000,1789028339987972000,,video_contact_only,Holding green trousers,42,0.5333801872900295,28.6,42,35.7,22.7,12.5,38,False
47682335000,1789028340027972000,3420,video_contact_and_recorded_pose,Holding green trousers,37.6,0.5327067724726995,28.2,37.6,32.2,20,10.6,32.5,False
47722335000,1789028340067972000,3423,video_contact_and_recorded_pose,Holding green trousers,34.9,0.5320988618153695,28.2,34.9,30.2,18.4,9.8,32.2,False
47762340000,1789028340107977000,3426,video_contact_and_recorded_pose,Holding green trousers,38.4,0.5315602324918091,28.2,38.4,31.8,20,10.6,32.5,False
47802340000,1789028340147977000,3429,video_contact_and_recorded_pose,Holding green trousers,38,0.5310948595425291,28.2,38,31.4,19.6,10.6,32.5,False
47822344000,1789028340167981000,3430,video_contact_and_recorded_pose,Holding green trousers,38.8,0.5308907784574528,28.2,38.8,33.3,21.2,11,34.9,False
47862344000,1789028340207981000,3433,video_contact_and_recorded_pose,Holding green trousers,40,0.530542390554656,28.2,33.7,40,23.5,10.6,31,False
47902344000,1789028340247981000,3436,video_contact_and_recorded_pose,Holding green trousers,34.9,0.5302767876758593,28.2,34.9,30.2,18.8,10.2,33.7,False
47922349000,1789028340267986000,3437,video_contact_and_recorded_pose,Holding green trousers,34.1,0.5301762082289208,28.2,34.1,29.4,18.4,9.8,33.7,False
48002349000,1789028340347986000,3443,video_contact_and_recorded_pose,Aligning trouser legs,33.3,0.5299996691911664,28.2,33.3,29,18.4,9.8,32.9,False
48042354000,1789028340387991000,3446,video_contact_and_recorded_pose,Aligning trouser legs,33.3,0.5298938878650836,28.2,33.3,28.6,18.4,9.8,32.5,False
48082354000,1789028340427991000,3449,video_contact_and_recorded_pose,Aligning trouser legs,32.9,0.529604239916242,28.2,32.9,28.6,18,9.8,32.2,False
48102358000,1789028340447995000,3450,video_contact_and_recorded_pose,Aligning trouser legs,33.3,0.5293928188133613,28.2,33.3,29.4,18.8,9.8,32.5,False
48122358000,1789028340467995000,3452,video_contact_and_recorded_pose,Aligning trouser legs,34.1,0.5291383487975582,28.2,34.1,31,20,10.2,33.3,False
48142358000,1789028340487995000,3453,video_contact_and_recorded_pose,Aligning trouser legs,35.3,0.5288417519657549,28.2,35.3,31,20.4,10.6,33.3,False
48182358000,1789028340527995000,3456,video_contact_and_recorded_pose,Aligning trouser legs,36.1,0.5281260178541486,28.2,36.1,31.4,20.8,10.6,33.3,False
48222363000,1789028340568000000,3459,video_contact_and_recorded_pose,Aligning trouser legs,36.9,0.5272531778954997,28.2,36.9,32.2,21.2,11,33.3,False
48242363000,1789028340588000000,3460,video_contact_and_recorded_pose,Aligning trouser legs,36.9,0.5267603377720226,28.2,36.9,32.2,21.2,11,33.3,False
48282363000,1789028340628000000,3463,video_contact_and_recorded_pose,Aligning trouser legs,36.9,0.5256665177970683,27.8,36.9,32.2,21.2,11,32.9,False
48322367000,1789028340668004000,3466,video_contact_and_recorded_pose,Aligning trouser legs,39.6,0.5244347817235201,27.8,39.6,34.5,21.6,11.8,35.7,False
48362368000,1789028340708005000,3469,video_contact_and_recorded_pose,Aligning trouser legs,38.4,0.5230730209084862,27.8,38.4,34.9,22.7,12.2,33.3,False
48402372000,1789028340748009000,3472,video_contact_and_recorded_pose,Aligning trouser legs,38.8,0.5215887129170917,27.8,38.8,36.5,23.9,12.9,32.9,False
48422372000,1789028340768009000,3474,video_contact_and_recorded_pose,Aligning trouser legs,38.8,0.5208031209167524,27.8,38.8,36.5,23.5,12.9,32.9,False
48482377000,1789028340828014000,3478,video_contact_and_recorded_pose,Aligning trouser legs,41.2,0.5182836084325824,27.5,41.2,34.5,21.6,11.4,36.5,False
48502377000,1789028340848014000,3479,video_contact_and_recorded_pose,Aligning trouser legs,40.4,0.5173928657647371,27.5,40.4,34.9,22,11.8,34.9,False
48522377000,1789028340868014000,3481,video_contact_and_recorded_pose,Aligning trouser legs,37.6,0.516478237192892,27.5,37.6,34.5,22.4,12.2,32.9,False
48562377000,1789028340908014000,3484,video_contact_and_recorded_pose,Aligning trouser legs,38,0.5145811623372016,27.5,38,34.5,22,11.4,33.3,False
48622381000,1789028340968018000,3488,video_contact_and_recorded_pose,Aligning trouser legs,37.6,0.5115801999970948,27.5,37.6,34.5,21.6,11,32.9,False
48642381000,1789028340988018000,3489,video_contact_and_recorded_pose,Aligning trouser legs,37.3,0.5105424124720879,27.1,37.3,34.5,21.6,11,32.9,False
48682386000,1789028341028023000,3492,video_contact_and_recorded_pose,Aligning trouser legs,37.3,0.5084160305501465,27.1,37.3,34.5,21.2,11,32.9,False
48722386000,1789028341068023000,,video_contact_only,Aligning trouser legs,39.6,0.506228928373337,27.1,39.6,33.7,21.6,11.8,36.1,False
48762390000,1789028341108027000,,video_contact_only,Aligning trouser legs,39.6,0.5039882978587982,27.1,39.6,33.7,21.6,11.8,35.7,False
48802391000,1789028341148028000,,video_contact_only,Aligning trouser legs,39.2,0.5017022100708093,26.7,39.2,33.3,21.6,11.8,35.7,False
48862395000,1789028341208032000,,video_contact_only,Aligning trouser legs,39.2,0.49820418861214566,26.7,39.2,33.3,21.2,11.8,35.3,False
48902395000,1789028341248032000,3508,video_contact_and_recorded_pose,Aligning trouser legs,36.9,0.49583770285860573,26.3,36.9,34.5,22,11.4,32.2,False
48942395000,1789028341288032000,3511,video_contact_and_recorded_pose,Aligning trouser legs,36.9,0.4934524769450658,26.3,36.9,34.5,22,11.4,32.2,False
48962400000,1789028341308037000,3512,video_contact_and_recorded_pose,Aligning trouser legs,36.5,0.4922549368524799,26.3,36.5,34.5,22,11.4,32.2,False
48982400000,1789028341328037000,3514,video_contact_and_recorded_pose,Aligning trouser legs,34.5,0.4910558909644801,26.3,34.5,34.5,22,11.8,31.8,False
49042400000,1789028341388037000,3518,video_contact_and_recorded_pose,Aligning trouser legs,35.3,0.48745752450047997,25.9,35.3,34.1,21.2,10.6,31.4,False
49082404000,1789028341428041000,3521,video_contact_and_recorded_pose,Aligning trouser legs,36.5,0.4850669511541017,25.9,36.5,33.7,21.2,11,31.8,False
49102404000,1789028341448041000,3522,video_contact_and_recorded_pose,Aligning trouser legs,36.5,0.48387723735316074,25.9,36.5,33.3,21.2,11,31.4,False
49142409000,1789028341488046000,3525,video_contact_and_recorded_pose,Aligning trouser legs,36.5,0.4815132220111624,25.5,36.5,32.9,20.8,10.6,31,False
49202409000,1789028341548046000,3530,video_contact_and_recorded_pose,Aligning trouser legs,36.1,0.4780213115189739,25.5,36.1,32.5,20.4,10.6,30.6,False
49222409000,1789028341568046000,3531,video_contact_and_recorded_pose,Aligning trouser legs,36.1,0.4768754926189114,25.5,36.1,32.5,20,10.6,30.6,False
49262414000,1789028341608051000,,video_contact_only,Aligning trouser legs,37.3,0.4746165623727243,25.5,37.3,31.8,20.4,11.4,33.7,False
49282414000,1789028341628051000,,video_contact_only,Aligning trouser legs,37.3,0.47350565363759933,25.1,37.3,31.8,20.4,11,33.7,False
49322414000,1789028341668051000,,video_contact_only,Aligning trouser legs,36.9,0.4713254637833498,25.1,36.9,31.4,20,11,33.7,False
49362418000,1789028341708055000,,video_contact_only,Aligning trouser legs,36.9,0.4692069689399861,25.1,36.9,31.4,20,11,33.3,False
49402418000,1789028341748055000,,video_contact_only,Aligning trouser legs,36.9,0.46715827340412375,25.1,36.9,31.4,20,11,33.3,False
49422423000,1789028341768060000,,video_contact_only,Aligning trouser legs,36.5,0.46616217326391596,24.7,36.5,31,20,11,33.3,False
49482423000,1789028341828060000,,video_contact_only,Aligning trouser legs,36.5,0.46330012491926054,24.7,36.5,31,20,11,32.9,False
49522427000,1789028341868064000,3553,video_contact_and_recorded_pose,Aligning trouser legs,34.5,0.4615060997121814,24.7,34.5,31.8,20.4,10.6,28.6,False
49582428000,1789028341928065000,3557,video_contact_and_recorded_pose,Aligning trouser legs,34.1,0.45900577219067334,24.3,34.1,31.8,20.4,10.6,28.6,False
49602428000,1789028341948065000,,video_contact_only,Aligning trouser legs,36.1,0.458226977312894,24.3,36.1,30.6,19.6,11,32.5,False
49642432000,1789028341988069000,,video_contact_only,Aligning trouser legs,35.7,0.45675695624124896,24.3,35.7,30.6,19.6,10.6,32.5,False
49662432000,1789028342008069000,,video_contact_only,Aligning trouser legs,35.7,0.45606779725879765,24.3,35.7,30.6,19.6,10.6,32.5,False
49722437000,1789028342068074000,,video_contact_only,Aligning trouser legs,35.7,0.45419479730092616,24.3,35.7,30.2,19.6,10.6,32.2,False
49762437000,1789028342108074000,,video_contact_only,Aligning trouser legs,35.7,0.4531180277784518,24.3,35.7,30.2,19.2,10.6,32.2,False
49782437000,1789028342128074000,,video_contact_only,Aligning trouser legs,35.7,0.4526340584812145,24.3,35.7,30.2,19.2,10.6,32.2,False
49802441000,1789028342148078000,,video_contact_only,Aligning trouser legs,35.7,0.45218756069798105,23.9,35.7,30.2,19.2,10.6,32.2,False
49862441000,1789028342208078000,,video_contact_only,Aligning trouser legs,35.3,0.4510832895645127,23.9,35.3,30.2,19.2,10.6,32.2,False
49902446000,1789028342248083000,,video_contact_only,Aligning trouser legs,35.3,0.4505524389701483,23.9,35.3,30.2,19.2,10.6,32.2,False
49922446000,1789028342268083000,,video_contact_only,Aligning trouser legs,35.3,0.4503515482136474,23.9,35.3,30.2,19.2,10.6,32.2,False
49962446000,1789028342308083000,,video_contact_only,Aligning trouser legs,35.3,0.45008355892464585,23.9,35.3,30.2,19.2,10.6,32.2,False
50002451000,1789028342348088000,,video_contact_only,Folding green trousers,35.3,0.4500004425750325,23.9,35.3,30.2,19.2,10.6,32.2,False
50042451000,1789028342388088000,,video_contact_only,Folding green trousers,35.3,0.4501312223466351,23.9,35.3,30.2,19.2,10.6,32.2,False
50082455000,1789028342428092000,,video_contact_only,Folding green trousers,35.3,0.4504892572160775,23.9,35.3,30.2,19.2,10.6,32.2,False
50122455000,1789028342468092000,,video_contact_only,Folding green trousers,35.3,0.4510662690971345,23.9,35.3,30.2,19.2,10.6,32.2,False
50182460000,1789028342528097000,,video_contact_only,Folding green trousers,35.7,0.45232458854688556,24.3,35.7,30.2,19.2,10.6,32.2,False
50222460000,1789028342568097000,,video_contact_only,Folding green trousers,35.7,0.45341322830936437,24.3,35.7,30.2,19.6,10.6,32.2,False
50242460000,1789028342588097000,,video_contact_only,Folding green trousers,35.7,0.4540294161481941,24.3,35.7,30.2,19.6,10.6,32.2,False
50282464000,1789028342628101000,,video_contact_only,Folding green trousers,35.7,0.45540054524894796,24.3,35.7,30.6,19.6,10.6,32.5,False
50322465000,1789028342668102000,,video_contact_only,Folding green trousers,36.1,0.4569495580318742,24.3,36.1,30.6,19.6,10.6,32.5,False
50362465000,1789028342708102000,,video_contact_only,Folding green trousers,36.1,0.4586682990018569,24.3,36.1,30.6,19.6,11,32.5,False
50402469000,1789028342748106000,,video_contact_only,Folding green trousers,36.1,0.4605487947254004,24.7,36.1,30.6,19.6,11,32.9,False
50422469000,1789028342768106000,,video_contact_only,Folding green trousers,36.1,0.4615469725157354,24.7,36.1,31,19.6,11,32.9,False
50462474000,1789028342808111000,,video_contact_only,Folding green trousers,36.5,0.4636545118121772,24.7,36.5,31,20,11,32.9,False
50482474000,1789028342828111000,,video_contact_only,Folding green trousers,36.5,0.46476155815897235,24.7,36.5,31,20,11,32.9,False
50542474000,1789028342888111000,,video_contact_only,Folding green trousers,36.9,0.4682840037945736,25.1,36.9,31.4,20,11,33.3,False
50562478000,1789028342908115000,,video_contact_only,Folding green trousers,36.9,0.46952208606809775,25.1,36.9,31.4,20,11,33.3,False
50602478000,1789028342948115000,,video_contact_only,Folding green trousers,37.3,0.47208713134802693,25.1,37.3,31.4,20.4,11,33.7,False
50642478000,1789028342988115000,,video_contact_only,Folding green trousers,37.3,0.4747644980639716,25.5,37.3,31.8,20.4,11.4,33.7,False
50682483000,1789028343028120000,,video_contact_only,Folding green trousers,37.6,0.47754633426471266,25.5,37.6,31.8,20.4,11.4,34.1,False
50722483000,1789028343068120000,,video_contact_only,Folding green trousers,37.6,0.48042373792074805,25.5,37.6,32.2,20.4,11.4,34.1,False
50762488000,1789028343108125000,,video_contact_only,Folding green trousers,38,0.483389220357814,25.9,38,32.2,20.8,11.4,34.5,False
50822488000,1789028343168125000,,video_contact_only,Folding green trousers,38.4,0.4879833870340089,25.9,38.4,32.5,20.8,11.4,34.9,False
50862492000,1789028343208129000,,video_contact_only,Folding green trousers,38.4,0.49113217663161474,26.3,38.4,32.9,21.2,11.8,34.9,False
50902492000,1789028343248129000,,video_contact_only,Folding green trousers,38.8,0.49433963545153764,26.3,38.8,32.9,21.2,11.8,35.3,False
50922492000,1789028343268129000,,video_contact_only,Folding green trousers,38.8,0.49596291836589596,26.3,38.8,32.9,21.2,11.8,35.3,False
50962497000,1789028343308134000,,video_contact_only,Folding green trousers,39.2,0.499243875220222,26.7,39.2,33.3,21.6,11.8,35.7,False
51002497000,1789028343348134000,,video_contact_only,Folding green trousers,39.6,0.5025628900672442,26.7,39.6,33.7,21.6,11.8,35.7,False
51042501000,1789028343388138000,,video_contact_only,Folding green trousers,39.6,0.5059125005937135,27.1,39.6,33.7,21.6,11.8,36.1,False
51062501000,1789028343408138000,,video_contact_only,Folding green trousers,40,0.5075959217774054,27.1,40,33.7,21.6,11.8,36.1,False
51082502000,1789028343428139000,,video_contact_only,Folding green trousers,40,0.5092839149486282,27.1,40,34.1,22,12.2,36.1,False
51102502000,1789028343448139000,,video_contact_only,Folding green trousers,40,0.5109752855484425,27.1,40,34.1,22,12.2,36.5,False
51182506000,1789028343528143000,,video_contact_only,Folding green trousers,40.8,0.5177552095046712,27.5,40.8,34.5,22.4,12.2,36.9,False
51202506000,1789028343548143000,,video_contact_only,Folding green trousers,40.8,0.5194485023906285,27.8,40.8,34.5,22.4,12.2,36.9,False
51222511000,1789028343568148000,,video_contact_only,Folding green trousers,40.8,0.5211395246677103,27.8,40.8,34.9,22.4,12.2,37.3,False
51242511000,1789028343588148000,,video_contact_only,Folding green trousers,41.2,0.5228264050970779,27.8,41.2,34.9,22.4,12.2,37.3,False
51282511000,1789028343628148000,,video_contact_only,Folding green trousers,41.2,0.5261849065991921,28.2,41.2,35.3,22.4,12.5,37.3,False
51302511000,1789028343648148000,,video_contact_only,Folding green trousers,41.6,0.5278544762212941,28.2,41.6,35.3,22.7,12.5,37.6,False
51362515000,1789028343708152000,,video_contact_only,Folding green trousers,42,0.5328124794174475,28.2,42,35.7,22.7,12.5,38,False
51402520000,1789028343748157000,,video_contact_only,Folding green trousers,42,0.5360652102828324,28.6,42,35.7,23.1,12.5,38,False
51442520000,1789028343788157000,,video_contact_only,Folding green trousers,42.4,0.5392657284802121,28.6,42.4,36.1,23.1,12.5,38.4,False
51462520000,1789028343808157000,,video_contact_only,Folding green trousers,42.4,0.5408439970537107,29,42.4,36.1,23.1,12.5,38.4,False
51502524000,1789028343848161000,,video_contact_only,Folding green trousers,42.7,0.5439517317869752,29,42.7,36.5,23.1,12.9,38.8,False
51542525000,1789028343888162000,,video_contact_only,Folding green trousers,43.1,0.5469869087818917,29,43.1,36.5,23.5,12.9,38.8,False
51562525000,1789028343908162000,,video_contact_only,Folding green trousers,43.1,0.5484747750217416,29.4,43.1,36.5,23.5,12.9,39.2,False
51642529000,1789028343988166000,,video_contact_only,Folding green trousers,43.5,0.5542046909831555,29.4,43.5,36.9,23.9,12.9,39.6,False
51682534000,1789028344028171000,,video_contact_only,Folding green trousers,43.9,0.5569223772906711,29.8,43.9,37.3,23.9,12.9,39.6,False
51722534000,1789028344068171000,,video_contact_only,Folding green trousers,43.9,0.5595304707220787,29.8,43.9,37.3,23.9,13.3,40,False
51742534000,1789028344088171000,,video_contact_only,Folding green trousers,43.9,0.560790985603805,29.8,43.9,37.3,23.9,13.3,40,False
51762534000,1789028344108171000,,video_contact_only,Folding green trousers,44.3,0.5620211116291167,29.8,44.3,37.6,23.9,13.3,40,False
51802538000,1789028344148175000,,video_contact_only,Folding green trousers,44.3,0.5643863241503503,30.2,44.3,37.6,24.3,13.3,40,False
51862539000,1789028344208176000,,video_contact_only,Folding green trousers,44.7,0.5676802696958217,30.2,44.7,38,24.3,13.3,40.4,False
51882543000,1789028344228180000,,video_contact_only,Folding green trousers,44.7,0.5687067146120184,30.2,44.7,38,24.3,13.3,40.4,False
51902543000,1789028344248180000,,video_contact_only,Folding green trousers,44.7,0.5696953811964811,30.2,44.7,38,24.3,13.3,40.4,False
51942543000,1789028344288180000,,video_contact_only,Folding green trousers,44.7,0.5715559032783674,30.6,44.7,38,24.3,13.3,40.8,False
52002548000,1789028344348185000,,video_contact_only,Folding green trousers,45.1,0.574039463738097,30.6,45.1,38.4,24.7,13.3,40.8,False
52042548000,1789028344388185000,,video_contact_only,Folding green trousers,45.1,0.5754781118531718,30.6,45.1,38.4,24.7,13.7,40.8,False
52082552000,1789028344428189000,,video_contact_only,Folding green trousers,45.5,0.5767337742762562,30.6,45.5,38.4,24.7,13.7,41.2,False
52102552000,1789028344448189000,,video_contact_only,Folding green trousers,45.5,0.5772903102625978,30.6,45.5,38.4,24.7,13.7,41.2,False
52142552000,1789028344488189000,3740,video_contact_and_recorded_pose,Folding green trousers,44.3,0.5782557980038352,31,44.3,43.1,27.1,14.5,36.1,False
52182557000,1789028344528194000,3743,video_contact_and_recorded_pose,Folding green trousers,43.9,0.5790177507651841,31,43.9,43.1,26.7,14.5,36.5,False
52222557000,1789028344568194000,3746,video_contact_and_recorded_pose,Folding green trousers,43.9,0.5795677714248891,31,43.9,42.7,26.7,14.5,36.9,False
52242557000,1789028344588194000,3747,video_contact_and_recorded_pose,Folding green trousers,43.9,0.579760783451791,31,43.9,42.7,26.7,14.5,36.9,False
52282562000,1789028344628199000,3750,video_contact_and_recorded_pose,Folding green trousers,43.9,0.5799776950334175,31,43.9,42.7,26.7,14.5,36.9,False
52322562000,1789028344668199000,,video_contact_only,Pressing trouser fold,45.5,0.579994762561551,31,45.5,38.8,24.7,13.7,41.2,False
52362566000,1789028344708203000,,video_contact_only,Pressing trouser fold,45.5,0.5799603620141328,31,45.5,38.8,24.7,13.7,41.2,False
52402566000,1789028344748203000,,video_contact_only,Pressing trouser fold,45.5,0.5798951904013615,31,45.5,38.8,24.7,13.7,41.2,False
52422566000,1789028344768203000,,video_contact_only,Pressing trouser fold,45.5,0.5798515532520082,31,45.5,38.8,24.7,13.7,41.2,False
52482571000,1789028344828208000,,video_contact_only,Pressing trouser fold,45.5,0.5796787643151312,31,45.5,38.8,24.7,13.7,41.2,False
52502571000,1789028344848208000,,video_contact_only,Pressing trouser fold,45.5,0.5796078698449602,31,45.5,38.8,24.7,13.7,41.2,False
52542575000,1789028344888212000,,video_contact_only,Pressing trouser fold,45.5,0.5794472828944844,31,45.5,38.8,24.7,13.7,41.2,False
52582575000,1789028344928212000,,video_contact_only,Pressing trouser fold,45.5,0.5792629725980261,31,45.5,38.8,24.7,13.7,41.2,False
52602576000,1789028344948213000,,video_contact_only,Pressing trouser fold,45.5,0.5791623989744081,31,45.5,38.8,24.7,13.7,41.2,False
52682580000,1789028345028217000,,video_contact_only,Pressing trouser fold,45.5,0.578708570110521,31,45.5,38.8,24.7,13.7,41.2,False
52722585000,1789028345068222000,,video_contact_only,Pressing trouser fold,45.5,0.578453451289246,31,45.5,38.4,24.7,13.7,41.2,False
52762585000,1789028345108222000,,video_contact_only,Pressing trouser fold,45.5,0.5781816598700195,31,45.5,38.4,24.7,13.7,41.2,False
52782585000,1789028345128222000,,video_contact_only,Pressing trouser fold,45.5,0.5780399888947845,31,45.5,38.4,24.7,13.7,41.2,False
52822589000,1789028345168226000,,video_contact_only,Pressing trouser fold,45.5,0.5777460433554328,31,45.5,38.4,24.7,13.7,41.2,False
52862589000,1789028345208226000,,video_contact_only,Pressing trouser fold,45.5,0.5774393312966114,31,45.5,38.4,24.7,13.7,41.2,False
52902589000,1789028345248226000,,video_contact_only,Pressing trouser fold,45.5,0.5771213872182499,30.6,45.5,38.4,24.7,13.7,41.2,False
52922594000,1789028345268231000,,video_contact_only,Pressing trouser fold,45.5,0.5769586507118166,30.6,45.5,38.4,24.7,13.7,41.2,False
52962594000,1789028345308231000,,video_contact_only,Pressing trouser fold,45.1,0.5766267885903442,30.6,45.1,38.4,24.7,13.7,41.2,False
53002598000,1789028345348235000,,video_contact_only,Pressing trouser fold,45.1,0.5762875684112096,30.6,45.1,38.4,24.7,13.7,41.2,False
53042599000,1789028345388236000,,video_contact_only,Pressing trouser fold,45.1,0.5759426126589513,30.6,45.1,38.4,24.7,13.7,41.2,False
53082599000,1789028345428236000,,video_contact_only,Pressing trouser fold,45.1,0.5755934682346733,30.6,45.1,38.4,24.7,13.7,40.8,False
53102603000,1789028345448240000,,video_contact_only,Pressing trouser fold,45.1,0.5754177753767374,30.6,45.1,38.4,24.7,13.7,40.8,False
53142603000,1789028345488240000,,video_contact_only,Pressing trouser fold,45.1,0.5750652659994652,30.6,45.1,38.4,24.7,13.7,40.8,False
53182603000,1789028345528240000,,video_contact_only,Pressing trouser fold,45.1,0.5747124675474932,30.6,45.1,38.4,24.7,13.7,40.8,False
53202608000,1789028345548245000,,video_contact_only,Pressing trouser fold,45.1,0.5745364044697265,30.6,45.1,38.4,24.7,13.7,40.8,False
53242608000,1789028345588245000,,video_contact_only,Pressing trouser fold,45.1,0.5741861037597721,30.6,45.1,38.4,24.7,13.3,40.8,False
53282608000,1789028345628245000,,video_contact_only,Pressing trouser fold,45.1,0.5738394221697035,30.6,45.1,38.4,24.7,13.3,40.8,False
53322612000,1789028345668249000,,video_contact_only,Pressing trouser fold,45.1,0.5734978890605248,30.6,45.1,38.4,24.7,13.3,40.8,False
53362613000,1789028345708250000,3827,video_contact_and_recorded_pose,Pressing trouser fold,40,0.5731631277904963,30.6,40,38.8,24.7,12.5,36.9,False
53402617000,1789028345748254000,,video_contact_only,Pressing trouser fold,45.1,0.5728366517176461,30.6,45.1,38.4,24.7,13.3,40.8,False
53422617000,1789028345768254000,3831,video_contact_and_recorded_pose,Pressing trouser fold,42.4,0.5726770346255285,30.6,42.4,35.3,23.1,12.9,40,False
53502622000,1789028345848259000,3837,video_contact_and_recorded_pose,Pressing trouser fold,43.5,0.5720671184068965,30.6,43.5,36.9,24.3,12.9,40,False
53542622000,1789028345888259000,3840,video_contact_and_recorded_pose,Pressing trouser fold,44.7,0.5717820691847759,30.6,44.7,38.8,25.1,13.3,40,False
53582626000,1789028345928263000,3843,video_contact_and_recorded_pose,Pressing trouser fold,43.5,0.5715123374760375,30.6,43.5,37.3,23.5,12.9,39.6,False
53602626000,1789028345948263000,3844,video_contact_and_recorded_pose,Pressing trouser fold,42.7,0.5713837279362555,30.6,42.7,36.5,23.1,12.9,39.6,False
53622626000,1789028345968263000,3846,video_contact_and_recorded_pose,Pressing trouser fold,42.7,0.5712595405515722,30.6,42.7,36.5,23.1,12.5,38.8,False
53662631000,1789028346008268000,3849,video_contact_and_recorded_pose,Pressing trouser fold,42.7,0.5710251857761797,30.6,42.7,36.9,23.5,12.5,38.4,False
53702631000,1789028346048268000,3852,video_contact_and_recorded_pose,Pressing trouser fold,40,0.5708108950937425,30.6,40,36.1,23.1,12.2,38.8,False
53722631000,1789028346068268000,3853,video_contact_and_recorded_pose,Pressing trouser fold,39.6,0.5707117508581621,30.6,38.8,35.7,22.7,12.2,39.6,False
53762635000,1789028346108272000,3856,video_contact_and_recorded_pose,Pressing trouser fold,39.6,0.5705304246382948,30.6,38.4,35.7,22.7,12.2,39.6,False
53802636000,1789028346148273000,3859,video_contact_and_recorded_pose,Pressing trouser fold,45.1,0.5703730558432055,30.6,45.1,38.4,24.3,13.3,40.8,False
53862640000,1789028346208277000,3863,video_contact_and_recorded_pose,Pressing trouser fold,44.3,0.57018530891776,30.6,44.3,38.4,24.3,13.3,40.8,False
53882640000,1789028346228277000,,video_contact_only,Pressing trouser fold,44.7,0.5701363958877417,30.6,44.7,38,24.3,13.3,40.4,False
53922640000,1789028346268277000,,video_contact_only,Pressing trouser fold,44.7,0.5700602389015906,30.6,44.7,38,24.3,13.3,40.4,False
53962645000,1789028346308282000,,video_contact_only,Pressing trouser fold,44.7,0.5700142728876256,30.6,44.7,38,24.3,13.3,40.4,False
53982645000,1789028346328282000,,video_contact_only,Pressing trouser fold,44.7,0.5700031053230479,30.6,44.7,38,24.3,13.3,40.4,False
54042649000,1789028346388286000,,video_contact_only,Stacking green trousers,44.7,0.5679323526399248,30.2,44.7,38,24.3,13.3,40.4,False
54082649000,1789028346428286000,,video_contact_only,Stacking green trousers,44.3,0.5624482566179376,29.8,44.3,37.6,23.9,13.3,40,False
54102649000,1789028346448286000,,video_contact_only,Stacking green trousers,43.9,0.5585155669989451,29.8,43.9,37.3,23.9,13.3,39.6,False
54122650000,1789028346468287000,,video_contact_only,Stacking green trousers,43.5,0.5538387845085074,29.4,43.5,36.9,23.9,12.9,39.6,False
54182654000,1789028346528291000,,video_contact_only,Stacking green trousers,42,0.5357190511107968,28.6,42,35.7,23.1,12.5,38,False
54222654000,1789028346568291000,,video_contact_only,Stacking green trousers,40.8,0.5206071417626147,27.8,40.8,34.9,22.4,12.2,36.9,False
54262659000,1789028346608296000,,video_contact_only,Stacking green trousers,39.6,0.5034161996500949,26.7,39.6,33.7,21.6,11.8,35.7,False
54282659000,1789028346628296000,,video_contact_only,Stacking green trousers,38.8,0.4941365675872442,26.3,38.8,32.9,21.2,11.8,35.3,False
54362663000,1789028346708300000,,video_contact_only,Stacking green trousers,35.7,0.45332165236417843,24.3,35.7,30.2,19.6,10.6,32.2,False
54382663000,1789028346728300000,,video_contact_only,Stacking green trousers,34.9,0.44238206086560594,23.5,34.9,29.4,18.8,10.6,31.4,False
54402663000,1789028346748300000,,video_contact_only,Stacking green trousers,33.7,0.43122281450303734,23.1,33.7,28.6,18.4,10.2,30.6,False
54422668000,1789028346768305000,,video_contact_only,Stacking green trousers,32.9,0.4198784982497751,22.4,32.9,27.8,18,9.8,29.8,False
54482668000,1789028346828305000,,video_contact_only,Stacking green trousers,30.2,0.38513515892842753,20.4,30.2,25.9,16.5,9,27.5,False
54542672000,1789028346888309000,3912,video_contact_and_recorded_pose,Stacking green trousers,21.6,0.3500974871130959,18.8,21.6,18.4,11.8,6.3,21.6,False
54582673000,1789028346928310000,3915,video_contact_and_recorded_pose,Stacking green trousers,20,0.3270770382754572,17.3,20,17.3,11,5.9,20,False
54602677000,1789028346948314000,3916,video_contact_and_recorded_pose,Stacking green trousers,19.6,0.315778288684711,16.9,19.6,16.5,10.6,5.9,19.6,False
54642677000,1789028346988314000,3919,video_contact_and_recorded_pose,Stacking green trousers,18,0.29379941558110584,15.7,18,15.7,9.8,5.5,18,False
54682677000,1789028347028314000,3922,video_contact_and_recorded_pose,Stacking green trousers,16.9,0.2728889078535006,14.5,16.9,14.5,9.4,5.1,16.9,False
54722682000,1789028347068319000,3925,video_contact_and_recorded_pose,Stacking green trousers,15.7,0.25334394065996335,13.3,15.7,13.3,8.6,4.7,15.3,False
54762682000,1789028347108319000,3928,video_contact_and_recorded_pose,Stacking green trousers,14.9,0.23546895083237007,12.5,14.9,12.5,8.2,4.3,14.1,False
54802686000,1789028347148323000,3931,video_contact_and_recorded_pose,Stacking green trousers,13.7,0.21955944136154726,11.8,13.7,11.8,7.5,3.9,13.3,False
54822686000,1789028347168323000,3932,video_contact_and_recorded_pose,Stacking green trousers,13.3,0.2124367559806415,11.4,13.3,11.4,7.5,3.9,12.9,False
54842686000,1789028347188323000,3934,video_contact_and_recorded_pose,Stacking green trousers,12.9,0.20591813879173326,11,12.9,11,7.1,3.9,12.5,False
54902691000,1789028347248328000,3938,video_contact_and_recorded_pose,Stacking green trousers,12.2,0.1903600686259403,10.2,12.2,10.2,6.7,3.5,11.8,False
54942691000,1789028347288328000,3941,video_contact_and_recorded_pose,Stacking green trousers,11.8,0.18369584361256097,9.8,11.8,9.8,6.3,3.5,11.8,False
54962691000,1789028347308328000,3942,video_contact_and_recorded_pose,Stacking green trousers,11.8,0.18158808743387223,9.8,11.4,9.8,6.3,3.5,11.8,False
54982696000,1789028347328333000,3944,video_contact_and_recorded_pose,Stacking green trousers,11.8,0.18034628982545797,9.8,11.4,9.8,6.3,3.5,11.8,False
55042696000,1789028347388333000,3947,video_contact_and_recorded_pose,Finishing trouser fold,11.8,0.17628658932548036,9.4,11,9.4,6.3,3.1,11.8,False
55082700000,1789028347428337000,3950,video_contact_and_recorded_pose,Finishing trouser fold,11.4,0.1668560883350392,9,10.6,9,5.9,3.1,11.4,False
55102700000,1789028347448337000,3952,video_contact_and_recorded_pose,Finishing trouser fold,11,0.16033748884704047,8.6,10.2,8.6,5.5,3.1,11,False
55162700000,1789028347508337000,3956,video_contact_and_recorded_pose,Finishing trouser fold,9.4,0.13522582478303954,7.1,8.6,7.1,4.7,2.4,9.4,False
55202705000,1789028347548342000,3959,video_contact_and_recorded_pose,Finishing trouser fold,8.2,0.11523462404775067,6.3,7.1,6.3,3.9,2,8.2,False
55242705000,1789028347588342000,3961,video_contact_and_recorded_pose,Finishing trouser fold,6.7,0.09393818193159109,5.1,5.9,5.1,3.1,1.6,6.7,False
55282709000,1789028347628346000,3964,video_contact_and_recorded_pose,Finishing trouser fold,5.1,0.07243792462591886,3.9,4.7,3.9,2.4,1.2,5.1,False
55342710000,1789028347688347000,3969,video_contact_and_recorded_pose,Finishing trouser fold,2.7,0.042231544731393206,2.4,2.7,2.4,1.6,0.8,2.7,False
55362714000,1789028347708351000,3970,video_contact_and_recorded_pose,Finishing trouser fold,2.4,0.03325851044193834,2,2,2,1.2,0.8,2.4,False
55402714000,1789028347748351000,3973,video_contact_and_recorded_pose,Finishing trouser fold,1.2,0.017791645245033516,0.8,1.2,0.8,0.8,0.4,1.2,False
55442714000,1789028347788351000,3976,video_contact_and_recorded_pose,Finishing trouser fold,0.4,0.006547016720131693,0.4,0.4,0.4,0.4,0,0.4,False
55482719000,1789028347828356000,3979,video_contact_and_recorded_pose,Finishing trouser fold,0,0.0006301844483065644,0,0,0,0,0,0,False
55502719000,1789028347848356000,3980,video_contact_and_recorded_pose,Releasing green trousers,0,6.198830421858531e-06,0,0,0,0,0,0,False
55542719000,1789028347888356000,3983,video_contact_and_recorded_pose,Releasing green trousers,0,0.0014892701514425376,0,0,0,0,0,0,False
55582723000,1789028347928360000,3986,video_contact_and_recorded_pose,Releasing green trousers,0.4,0.005431194030210625,0.4,0.4,0.4,0,0,0.4,False
55622723000,1789028347968360000,3989,video_contact_and_recorded_pose,Releasing green trousers,0.8,0.011616124240421749,0.8,0.8,0.8,0.4,0.4,0.8,False
55642728000,1789028347988365000,3990,video_contact_and_recorded_pose,Releasing green trousers,1.2,0.015483647558952714,0.8,1.2,0.8,0.4,0.4,0.8,False
55682728000,1789028348028365000,3993,video_contact_and_recorded_pose,Releasing green trousers,1.6,0.024630526145627617,1.2,1.6,1.6,0.8,0.4,1.6,False
55722728000,1789028348068365000,3996,video_contact_and_recorded_pose,Releasing green trousers,2.4,0.035483059004302465,2,2.4,2,1.2,0.8,2,False
55762733000,1789028348108370000,3999,video_contact_and_recorded_pose,Releasing green trousers,3.1,0.04782783324172647,2.7,3.1,2.7,1.6,0.8,2.7,False
55782733000,1789028348128370000,4000,video_contact_and_recorded_pose,Releasing green trousers,3.5,0.054491263521617095,2.7,3.5,3.1,2,1.2,3.1,False
55802733000,1789028348148370000,4002,video_contact_and_recorded_pose,Releasing green trousers,3.9,0.06144670064950781,3.1,3.9,3.5,2.4,1.2,3.5,False
55842737000,1789028348188374000,4005,video_contact_and_recorded_pose,Releasing green trousers,4.7,0.0761275892483625,3.9,4.7,4.3,3.1,1.6,4.7,False
55902737000,1789028348248374000,4009,video_contact_and_recorded_pose,Releasing green trousers,6.3,0.09966480543452823,5.5,6.3,5.9,3.9,2,5.9,False
55922742000,1789028348268379000,4010,video_contact_and_recorded_pose,Releasing green trousers,7.1,0.10780987696609601,5.9,7.1,6.3,4.3,2.4,6.7,False
55962742000,1789028348308379000,4013,video_contact_and_recorded_pose,Releasing green trousers,7.8,0.12438060320659484,6.7,7.8,7.5,4.7,2.4,7.5,False
56002742000,1789028348348379000,4016,video_contact_and_recorded_pose,Releasing green trousers,9,0.1411516284550937,7.5,9,8.2,5.1,2.7,8.6,False
56042746000,1789028348388383000,4019,video_contact_and_recorded_pose,Releasing green trousers,10.2,0.15790958043382136,8.2,10.2,9.4,5.9,3.1,9.4,False
56082747000,1789028348428384000,4022,video_contact_and_recorded_pose,Releasing green trousers,11.4,0.17443645846421288,9.4,11.4,10.2,6.7,3.5,10.2,False
56122751000,1789028348468388000,4025,video_contact_and_recorded_pose,Releasing green trousers,12.2,0.19051965044003916,10.2,12.2,11.4,7.5,3.9,11.4,False
56182751000,1789028348528388000,4029,video_contact_and_recorded_pose,Releasing green trousers,13.7,0.21333745734553916,11.4,13.7,12.5,8.2,4.3,12.5,False
56202751000,1789028348548388000,4031,video_contact_and_recorded_pose,Releasing green trousers,14.1,0.22048799829270413,11.8,14.1,12.9,8.2,4.3,12.9,False
56222756000,1789028348568393000,4032,video_contact_and_recorded_pose,Releasing green trousers,14.5,0.22736772509524691,12.2,14.5,13.3,8.6,4.7,13.3,False
56262756000,1789028348608393000,4035,video_contact_and_recorded_pose,Releasing green trousers,15.3,0.24019863713922973,12.9,15.3,13.7,9,4.7,14.1,False
56322760000,1789028348668397000,4039,video_contact_and_recorded_pose,Releasing green trousers,16.5,0.25673020468447805,13.7,16.5,14.5,9.4,5.1,15.3,False
56362760000,1789028348708397000,4042,video_contact_and_recorded_pose,Releasing green trousers,17.3,0.2656262918217578,14.1,17.3,14.9,9.4,5.1,15.7,False
56382760000,1789028348728397000,4043,video_contact_and_recorded_pose,Releasing green trousers,17.3,0.26935645123039703,14.5,17.3,14.9,9.8,5.1,16.1,False
56402765000,1789028348748402000,4045,video_contact_and_recorded_pose,Releasing green trousers,17.6,0.272572918570934,14.5,17.6,14.9,9.8,5.1,16.5,False
56442765000,1789028348788402000,4048,video_contact_and_recorded_pose,Releasing green trousers,17.6,0.27735328609181376,14.9,17.6,15.3,9.8,5.5,16.9,False
56502770000,1789028348848407000,4052,video_contact_and_recorded_pose,Taking patterned shorts,18,0.28000204358768205,14.9,18,15.3,9.8,5.5,16.9,False
56542770000,1789028348888407000,4055,video_contact_and_recorded_pose,Taking patterned shorts,18,0.2804785334545857,14.9,18,15.3,9.8,5.5,17.3,False
56562770000,1789028348908407000,4056,video_contact_and_recorded_pose,Taking patterned shorts,18,0.2810213742991487,14.9,18,15.3,9.8,5.5,17.3,False
56582774000,1789028348928411000,4058,video_contact_and_recorded_pose,Taking patterned shorts,18,0.28175986073559933,14.9,18,15.3,9.8,5.5,17.3,False
56642774000,1789028348988411000,4062,video_contact_and_recorded_pose,Taking patterned shorts,18.4,0.2850909119339782,15.3,18.4,15.3,10.2,5.5,17.3,False
56682779000,1789028349028416000,4065,video_contact_and_recorded_pose,Taking patterned shorts,18.4,0.2881851325388246,15.3,18.4,15.7,10.2,5.5,17.6,False
56722779000,1789028349068416000,4068,video_contact_and_recorded_pose,Taking patterned shorts,18.8,0.29192438009545685,15.7,18.8,15.7,10.2,5.5,17.6,False
56742779000,1789028349088416000,4069,video_contact_and_recorded_pose,Taking patterned shorts,18.8,0.2940217959448834,15.7,18.8,15.7,10.6,5.5,18,False
56782783000,1789028349128420000,4072,video_contact_and_recorded_pose,Taking patterned shorts,19.2,0.29864425687951524,16.1,19.2,16.1,10.6,5.9,18,False
56822783000,1789028349168420000,4075,video_contact_and_recorded_pose,Taking patterned shorts,19.6,0.3037978728308419,16.1,19.6,16.5,10.6,5.9,18.4,False
56862788000,1789028349208425000,4078,video_contact_and_recorded_pose,Taking patterned shorts,20,0.30943830023982394,16.5,20,16.9,11,5.9,18.8,False
56882788000,1789028349228425000,4079,video_contact_and_recorded_pose,Taking patterned shorts,20,0.3124262310751845,16.5,20,16.9,11,5.9,18.8,False
56902788000,1789028349248425000,4081,video_contact_and_recorded_pose,Taking patterned shorts,20.4,0.31551861332387954,16.9,20.4,16.9,11.4,5.9,18.8,False
56942788000,1789028349288425000,4084,video_contact_and_recorded_pose,Taking patterned shorts,20.8,0.3219939765057129,17.3,20.8,17.3,11.4,6.3,19.2,False
57002793000,1789028349348430000,4088,video_contact_and_recorded_pose,Taking patterned shorts,21.2,0.3323490760117303,17.6,21.2,18,11.8,6.3,20,False
57042793000,1789028349388430000,4091,video_contact_and_recorded_pose,Taking patterned shorts,22,0.33961298564113823,18,22,18.4,12.2,6.7,20.4,False
57082797000,1789028349428434000,4094,video_contact_and_recorded_pose,Taking patterned shorts,23.1,0.34711341102874943,18.4,23.1,18.8,12.2,6.7,20.8,False
57142798000,1789028349488435000,4098,video_contact_and_recorded_pose,Taking patterned shorts,24.3,0.35870561412744595,19.2,24.3,19.2,12.5,7.1,21.2,False
57182802000,1789028349528439000,4101,video_contact_and_recorded_pose,Taking patterned shorts,24.7,0.366596362945632,19.6,24.7,20,12.9,7.1,21.6,False
57202802000,1789028349548439000,4102,video_contact_and_recorded_pose,Taking patterned shorts,25.1,0.37057286111781024,19.6,25.1,20,12.9,7.1,22,False
57222802000,1789028349568439000,4104,video_contact_and_recorded_pose,Taking patterned shorts,25.5,0.3745627844988787,20,25.5,20.4,13.3,7.1,22.4,False
57262807000,1789028349608444000,4107,video_contact_and_recorded_pose,Taking patterned shorts,25.9,0.3825611510406497,20.4,25.9,20.8,13.3,7.5,22.7,False
57322807000,1789028349668444000,4111,video_contact_and_recorded_pose,Taking patterned shorts,26.3,0.39451565900333674,21.2,26.3,21.2,13.7,7.5,23.1,False
57362811000,1789028349708448000,4114,video_contact_and_recorded_pose,Taking patterned shorts,26.3,0.40239204662759503,21.6,26.3,21.6,14.1,7.5,23.5,False
57382811000,1789028349728448000,4115,video_contact_and_recorded_pose,Taking patterned shorts,26.7,0.40628455596054125,21.6,26.7,22,14.1,7.5,23.5,False
57402811000,1789028349748448000,4117,video_contact_and_recorded_pose,Taking patterned shorts,26.3,0.41013928794237775,22,26.3,22,14.1,7.5,23.9,False
57442816000,1789028349788453000,4120,video_contact_and_recorded_pose,Taking patterned shorts,26.7,0.41771359820463483,22.4,26.7,22.4,14.5,7.8,24.3,False
57502816000,1789028349848453000,4124,video_contact_and_recorded_pose,Taking patterned shorts,27.1,0.42864806284770723,22.7,27.1,22.7,14.9,7.8,25.5,False
57542820000,1789028349888457000,4127,video_contact_and_recorded_pose,Taking patterned shorts,27.1,0.43558830494651624,23.1,27.1,23.1,14.9,8.2,25.9,False
57562820000,1789028349908457000,4128,video_contact_and_recorded_pose,Taking patterned shorts,27.1,0.4389359793590797,23.5,27.1,23.1,14.9,8.2,26.3,False
57602821000,1789028349948458000,4131,video_contact_and_recorded_pose,Taking patterned shorts,27.5,0.4453588553016077,23.9,27.5,23.5,15.3,8.2,26.7,False
57642825000,1789028349988462000,4134,video_contact_and_recorded_pose,Taking patterned shorts,27.8,0.45138071468130214,23.9,27.8,23.9,15.3,8.6,27.1,False
57682825000,1789028350028462000,4137,video_contact_and_recorded_pose,Taking patterned shorts,27.8,0.4569550035494502,24.3,27.8,24.3,15.7,8.6,27.5,False
57722830000,1789028350068467000,,video_contact_only,Taking patterned shorts,36.5,0.46203743630054106,24.7,36.5,31,19.6,11,32.9,False
57762830000,1789028350108467000,4143,video_contact_and_recorded_pose,Taking patterned shorts,31.8,0.4665812266332224,24.7,31.8,31,19.2,10.2,29,False
57802830000,1789028350148467000,4146,video_contact_and_recorded_pose,Taking patterned shorts,32.2,0.47054153038812596,25.1,32.2,31.4,19.6,10.2,29,False
57862834000,1789028350208471000,4150,video_contact_and_recorded_pose,Taking patterned shorts,32.2,0.4752886589974625,25.5,32.2,27.8,17.3,9,28.6,False
57902839000,1789028350248476000,4153,video_contact_and_recorded_pose,Taking patterned shorts,34.9,0.4775913055137107,25.5,34.9,28.2,17.6,9.4,30.6,False
57922839000,1789028350268476000,4154,video_contact_and_recorded_pose,Taking patterned shorts,36.1,0.47846676241501335,25.5,36.1,28.6,18,9.4,31.4,False
57942839000,1789028350288476000,4156,video_contact_and_recorded_pose,Taking patterned shorts,36.5,0.4791508340007602,25.5,36.5,28.6,18,9.4,31.4,False
57982839000,1789028350328476000,4159,video_contact_and_recorded_pose,Taking patterned shorts,32.9,0.47992206567003187,25.5,32.9,27.5,17.3,9,31.4,False
58022844000,1789028350368481000,4162,video_contact_and_recorded_pose,Holding patterned shorts,34.9,0.4800271884183307,25.5,33.7,34.9,22.7,12.2,29.4,False
58062844000,1789028350408481000,4164,video_contact_and_recorded_pose,Holding patterned shorts,34.5,0.4802029984408251,25.5,34.5,34.5,22.4,12.2,31,False
58082844000,1789028350428481000,4165,video_contact_and_recorded_pose,Holding patterned shorts,34.5,0.48035036428007233,25.5,34.5,34.5,22.4,12.2,31,False
58122848000,1789028350468485000,4168,video_contact_and_recorded_pose,Holding patterned shorts,36.9,0.48075986604074733,25.5,36.9,34.5,21.6,11.4,28.2,False
58162848000,1789028350508485000,4171,video_contact_and_recorded_pose,Holding patterned shorts,36.5,0.4813166959834289,25.5,36.5,32.9,20.8,11,29.8,False
58222853000,1789028350568490000,4175,video_contact_and_recorded_pose,Holding patterned shorts,37.3,0.4824136477375982,25.9,37.3,35.3,22,11.8,28.2,False
58262853000,1789028350608490000,4178,video_contact_and_recorded_pose,Holding patterned shorts,37.3,0.4833094974204193,25.9,37.3,32.5,20.4,11,29.4,False
58282857000,1789028350628494000,4179,video_contact_and_recorded_pose,Holding patterned shorts,37.3,0.48380438452047014,25.9,37.3,31.8,19.6,10.6,29.4,False
58322857000,1789028350668494000,4182,video_contact_and_recorded_pose,Holding patterned shorts,37.3,0.4848834869593272,25.9,37.3,31.8,19.6,10.2,29.8,False
58362858000,1789028350708495000,4185,video_contact_and_recorded_pose,Holding patterned shorts,39.6,0.48607638060977976,25.9,39.6,34.1,21.2,11.4,28.2,False
58402862000,1789028350748499000,4188,video_contact_and_recorded_pose,Holding patterned shorts,36.9,0.4873764208076375,25.9,36.9,32.9,20.8,11,29.4,False
58442862000,1789028350788499000,4191,video_contact_and_recorded_pose,Holding patterned shorts,36.9,0.48877665543844506,25.9,36.9,29.8,18.8,9.8,29.8,False
58462862000,1789028350808499000,4192,video_contact_and_recorded_pose,Holding patterned shorts,36.5,0.489512292447849,26.3,36.5,30.2,18.8,10.2,29.8,False
58502867000,1789028350848504000,4195,video_contact_and_recorded_pose,Holding patterned shorts,34.1,0.49105060347943397,26.3,34.1,28.6,18,9.8,29.8,False
58522867000,1789028350868504000,4197,video_contact_and_recorded_pose,Holding patterned shorts,32.2,0.4918514049917604,26.3,32.2,27.5,17.3,9.4,29.8,False
58582871000,1789028350928508000,4201,video_contact_and_recorded_pose,Holding patterned shorts,32.2,0.49437086050510304,26.3,32.2,27.1,17.3,9.4,30.2,False
58622871000,1789028350968508000,4204,video_contact_and_recorded_pose,Holding patterned shorts,31.8,0.4961393864755572,26.3,31.8,27.1,17.3,9.4,30.2,False
58642871000,1789028350988508000,4205,video_contact_and_recorded_pose,Holding patterned shorts,31.8,0.49704782858778396,26.7,31.8,27.1,17.3,9.4,30.2,False
58722876000,1789028351068513000,4211,video_contact_and_recorded_pose,Holding patterned shorts,33.7,0.5008234335569288,26.7,33.7,30.2,19.2,10.6,30.2,False
58762880000,1789028351108517000,4214,video_contact_and_recorded_pose,Holding patterned shorts,31.8,0.5027845149714024,26.7,31.8,27.5,17.3,9.4,30.2,False
58802881000,1789028351148518000,4217,video_contact_and_recorded_pose,Holding patterned shorts,32.2,0.5047852891332171,27.1,32.2,27.8,17.6,9.4,30.6,False
58842885000,1789028351188522000,4219,video_contact_and_recorded_pose,Holding patterned shorts,32.5,0.5068193345548713,27.1,32.5,27.8,17.6,9.8,31,False
58862885000,1789028351208522000,4221,video_contact_and_recorded_pose,Holding patterned shorts,34.1,0.5078465745904849,27.1,34.1,30.2,18.8,10.2,31.8,False
58882885000,1789028351228522000,4223,video_contact_and_recorded_pose,Holding patterned shorts,35.7,0.5088795734560988,27.1,35.7,31.8,19.6,10.2,32.5,False
58902885000,1789028351248522000,4224,video_contact_and_recorded_pose,Holding patterned shorts,35.7,0.5099174911517124,27.1,35.7,32.2,20,10.6,32.5,False
58942890000,1789028351288527000,4227,video_contact_and_recorded_pose,Holding patterned shorts,36.1,0.5120049846767075,27.5,36.1,33.3,21.2,11,32.5,False
58982890000,1789028351328527000,4230,video_contact_and_recorded_pose,Holding patterned shorts,35.3,0.5141018126572974,27.5,35.3,32.2,21.2,11.4,32.9,False
59002890000,1789028351348527000,4231,video_contact_and_recorded_pose,Holding patterned shorts,34.9,0.5151517245775926,27.5,34.9,31.4,21.2,11.4,33.3,False
59082894000,1789028351428531000,4237,video_contact_and_recorded_pose,Holding patterned shorts,34.5,0.5193419670158451,27.8,32.9,34.5,20.8,11,33.3,False
59102894000,1789028351448531000,4238,video_contact_and_recorded_pose,Holding patterned shorts,33.7,0.5203828712558471,27.8,33.3,33.7,20.8,11.4,32.5,False
59142899000,1789028351488536000,4241,video_contact_and_recorded_pose,Holding patterned shorts,33.7,0.5224511322317565,27.8,33.7,32.5,20.4,11,31.8,False
59162899000,1789028351508536000,4243,video_contact_and_recorded_pose,Holding patterned shorts,34.1,0.5234765502223456,27.8,34.1,32.5,20.4,11,31.8,False
59182899000,1789028351528536000,4244,video_contact_and_recorded_pose,Holding patterned shorts,34.1,0.5244951264549343,27.8,34.1,32.5,20.4,10.6,31.8,False
59242904000,1789028351588541000,4248,video_contact_and_recorded_pose,Holding patterned shorts,34.5,0.5275016516169025,28.2,34.5,32.9,20.8,11,31.8,False
59262904000,1789028351608541000,4250,video_contact_and_recorded_pose,Holding patterned shorts,34.9,0.5284844581620255,28.2,34.9,33.3,20.8,11,31.8,False
59322908000,1789028351668545000,4254,video_contact_and_recorded_pose,Holding patterned shorts,35.7,0.5313634540930553,28.2,35.7,33.7,21.2,11.4,32.5,False
59342908000,1789028351688545000,4256,video_contact_and_recorded_pose,Holding patterned shorts,35.7,0.5322970499697682,28.2,35.7,33.3,21.2,11.4,32.2,False
59402908000,1789028351748545000,4260,video_contact_and_recorded_pose,Holding patterned shorts,35.3,0.5350080647839064,28.6,35.3,31.8,20,10.6,32.5,False
59422913000,1789028351768550000,4261,video_contact_and_recorded_pose,Holding patterned shorts,35.3,0.5358792276676305,28.6,35.3,31,19.2,10.2,32.5,False
59442913000,1789028351788550000,4263,video_contact_and_recorded_pose,Holding patterned shorts,34.5,0.5367324083187829,28.6,34.5,29.4,18.4,9.8,32.9,False
59482913000,1789028351828550000,4266,video_contact_and_recorded_pose,Holding patterned shorts,34.1,0.5383821225830883,28.6,34.1,29,18.4,9.8,32.9,False
59542918000,1789028351888555000,4270,video_contact_and_recorded_pose,Holding patterned shorts,34.1,0.5407026615107703,29,34.1,29,18.4,9.8,33.3,False
59562918000,1789028351908555000,4271,video_contact_and_recorded_pose,Holding patterned shorts,34.1,0.5414316222803102,29,34.1,29,18.4,9.8,33.3,False
59602922000,1789028351948559000,4274,video_contact_and_recorded_pose,Holding patterned shorts,33.7,0.5428179098137591,29,33.7,28.6,18.4,9.8,33.3,False
59622922000,1789028351968559000,4276,video_contact_and_recorded_pose,Holding patterned shorts,33.3,0.543473417766771,29,33.3,28.6,18.4,9.8,33.3,False
59682922000,1789028352028559000,4280,video_contact_and_recorded_pose,Holding patterned shorts,33.7,0.5452796052818063,29,33.3,28.6,18.4,9.8,33.7,False
59722927000,1789028352068564000,4283,video_contact_and_recorded_pose,Holding patterned shorts,33.7,0.5463418419841238,29,33.3,28.6,18.4,9.8,33.7,False
59742927000,1789028352088564000,4284,video_contact_and_recorded_pose,Holding patterned shorts,33.7,0.5468277658974284,29,33.3,28.6,18.4,9.8,33.7,False
59762927000,1789028352108564000,4286,video_contact_and_recorded_pose,Holding patterned shorts,33.7,0.5472824868767329,29,33.3,28.6,18.4,9.8,33.7,False
59822931000,1789028352168568000,,video_contact_only,Holding patterned shorts,43.1,0.5484510999960973,29.4,43.1,36.5,23.5,12.9,39.2,False
59862932000,1789028352208569000,,video_contact_only,Holding patterned shorts,43.1,0.5490587147933337,29.4,43.1,36.5,23.5,12.9,39.2,False
59902936000,1789028352248573000,,video_contact_only,Holding patterned shorts,43.1,0.5495213788575635,29.4,43.1,36.9,23.5,12.9,39.2,False
59922936000,1789028352268573000,,video_contact_only,Holding patterned shorts,43.1,0.5496962191104627,29.4,43.1,36.9,23.5,12.9,39.2,False
59962936000,1789028352308573000,,video_contact_only,Holding patterned shorts,43.1,0.549928769680261,29.4,43.1,36.9,23.5,12.9,39.2,False
60002941000,1789028352348578000,,video_contact_only,Aligning waistband,43.1,0.5499996111549269,29.4,43.1,36.9,23.5,12.9,39.2,False
60042941000,1789028352388578000,,video_contact_only,Aligning waistband,43.1,0.5499182108759927,29.4,43.1,36.9,23.5,12.9,39.2,False
60062941000,1789028352408578000,,video_contact_only,Aligning waistband,43.1,0.5498254695505256,29.4,43.1,36.9,23.5,12.9,39.2,False
60102945000,1789028352448582000,,video_contact_only,Aligning waistband,43.1,0.5495394693756185,29.4,43.1,36.9,23.5,12.9,39.2,False
60162950000,1789028352508587000,,video_contact_only,Aligning waistband,43.1,0.5488700298305856,29.4,43.1,36.5,23.5,12.9,39.2,False
60222950000,1789028352568587000,,video_contact_only,Aligning waistband,43.1,0.5479294300273357,29.4,43.1,36.5,23.5,12.9,38.8,False
60262954000,1789028352608591000,,video_contact_only,Aligning waistband,43.1,0.5471612122749915,29,43.1,36.5,23.5,12.9,38.8,False
60282954000,1789028352628591000,,video_contact_only,Aligning waistband,43.1,0.5467369785724959,29,43.1,36.5,23.5,12.9,38.8,False
60302955000,1789028352648592000,,video_contact_only,Aligning waistband,42.7,0.5462869080782596,29,42.7,36.5,23.5,12.9,38.8,False
60362959000,1789028352708596000,,video_contact_only,Aligning waistband,42.7,0.5447889735130083,29,42.7,36.5,23.5,12.9,38.8,False
60402959000,1789028352748596000,,video_contact_only,Aligning waistband,42.7,0.5436745447852338,29,42.7,36.5,23.1,12.9,38.8,False
60422959000,1789028352768596000,,video_contact_only,Aligning waistband,42.7,0.5430847302073468,29,42.7,36.1,23.1,12.9,38.8,False
60442964000,1789028352788601000,,video_contact_only,Aligning waistband,42.7,0.542473986969135,29,42.7,36.1,23.1,12.9,38.4,False
60502964000,1789028352848601000,,video_contact_only,Aligning waistband,42.4,0.5405247677214343,28.6,42.4,36.1,23.1,12.5,38.4,False
60542968000,1789028352888605000,,video_contact_only,Aligning waistband,42.4,0.5391344793413809,28.6,42.4,36.1,23.1,12.5,38.4,False
60582968000,1789028352928605000,4344,video_contact_and_recorded_pose,Aligning waistband,35.3,0.5376785138856242,28.6,35.3,31,19.2,10.2,34.9,False
60602968000,1789028352948605000,4345,video_contact_and_recorded_pose,Aligning waistband,35.3,0.5369276514297459,28.6,35.3,31,19.2,10.2,34.9,False
60642973000,1789028352988610000,4348,video_contact_and_recorded_pose,Aligning waistband,35.3,0.5353835707427534,28.6,35.3,31,19.2,10.2,34.9,False
60662973000,1789028353008610000,4350,video_contact_and_recorded_pose,Aligning waistband,35.3,0.5345919857076095,28.6,35.3,31,19.2,10.2,34.5,False
60722978000,1789028353068615000,,video_contact_only,Aligning waistband,42,0.5321471050372569,28.2,42,35.7,22.7,12.5,38,False
60762978000,1789028353108615000,,video_contact_only,Aligning waistband,41.6,0.5304662535925282,28.2,41.6,35.3,22.7,12.5,37.6,False
60802978000,1789028353148615000,,video_contact_only,Aligning waistband,41.6,0.528751270979799,28.2,41.6,35.3,22.7,12.5,37.6,False
60822982000,1789028353168619000,,video_contact_only,Aligning waistband,41.6,0.5278826061259292,28.2,41.6,35.3,22.7,12.5,37.6,False
60862982000,1789028353208619000,,video_contact_only,Aligning waistband,41.2,0.5261272245001124,28.2,41.2,35.3,22.4,12.5,37.3,False
60902982000,1789028353248619000,,video_contact_only,Aligning waistband,41.2,0.5243521122822956,27.8,41.2,34.9,22.4,12.2,37.3,False
60942987000,1789028353288624000,,video_contact_only,Aligning waistband,41.2,0.5225628052039014,27.8,41.2,34.9,22.4,12.2,37.3,False
60962987000,1789028353308624000,,video_contact_only,Aligning waistband,40.8,0.5216648244038536,27.8,40.8,34.9,22.4,12.2,37.3,False
61002987000,1789028353348624000,,video_contact_only,Aligning waistband,40.8,0.5198655853997579,27.8,40.8,34.9,22.4,12.2,36.9,False
61042991000,1789028353388628000,,video_contact_only,Aligning waistband,40.8,0.5180665968563117,27.5,40.8,34.5,22.4,12.2,36.9,False
61082992000,1789028353428629000,,video_contact_only,Aligning waistband,40.4,0.5162739343251992,27.5,40.4,34.5,22,12.2,36.9,False
61122996000,1789028353468633000,,video_contact_only,Aligning waistband,40.4,0.5144930902818685,27.5,40.4,34.5,22,12.2,36.5,False
61142996000,1789028353488633000,,video_contact_only,Aligning waistband,40.4,0.5136090394242832,27.5,40.4,34.1,22,12.2,36.5,False
61162996000,1789028353508633000,,video_contact_only,Aligning waistband,40.4,0.5127301364226974,27.5,40.4,34.1,22,12.2,36.5,False
61263001000,1789028353608638000,4393,video_contact_and_recorded_pose,Aligning waistband,33.7,0.5084378298176168,27.1,33.7,32.2,21.2,10.6,31.4,False
61283001000,1789028353628638000,4394,video_contact_and_recorded_pose,Aligning waistband,34.1,0.5076049364090178,27.1,34.1,32.2,21.2,10.6,31.8,False
61323005000,1789028353668642000,4397,video_contact_and_recorded_pose,Aligning waistband,33.7,0.5059702724793883,27.1,33.7,32.2,20.8,10.6,31.4,False
61343005000,1789028353688642000,4399,video_contact_and_recorded_pose,Aligning waistband,33.7,0.505170105576411,27.1,33.7,31.8,20.8,10.6,31.4,False
61363005000,1789028353708642000,4400,video_contact_and_recorded_pose,Aligning waistband,33.7,0.5043822868534333,27.1,33.7,31.8,20.8,10.6,31.4,False
61403010000,1789028353748647000,,video_contact_only,Aligning waistband,39.6,0.5028463854908635,26.7,39.6,33.7,21.6,11.8,35.7,False
61443010000,1789028353788647000,,video_contact_only,Aligning waistband,39.2,0.5013687129190435,26.7,39.2,33.3,21.6,11.8,35.7,False
61463010000,1789028353808647000,,video_contact_only,Aligning waistband,39.2,0.5006534391731337,26.7,39.2,33.3,21.6,11.8,35.7,False
61503015000,1789028353848652000,,video_contact_only,Aligning waistband,39.2,0.499273448691168,26.7,39.2,33.3,21.6,11.8,35.7,False
61543015000,1789028353888652000,,video_contact_only,Aligning waistband,39.2,0.497966069133573,26.7,39.2,33.3,21.2,11.8,35.3,False
61563015000,1789028353908652000,,video_contact_only,Aligning waistband,39.2,0.49734134216477544,26.7,39.2,33.3,21.2,11.8,35.3,False
61603019000,1789028353948656000,,video_contact_only,Aligning waistband,38.8,0.49615329930049074,26.3,38.8,32.9,21.2,11.8,35.3,False
61643019000,1789028353988656000,,video_contact_only,Aligning waistband,38.8,0.4950522141143406,26.3,38.8,32.9,21.2,11.8,35.3,False
61683024000,1789028354028661000,,video_contact_only,Aligning waistband,38.8,0.4940436036308235,26.3,38.8,32.9,21.2,11.8,35.3,False
61723024000,1789028354068661000,,video_contact_only,Aligning waistband,38.8,0.4931334805710603,26.3,38.8,32.9,21.2,11.8,34.9,False
61743024000,1789028354088661000,,video_contact_only,Aligning waistband,38.8,0.4927171023371788,26.3,38.8,32.9,21.2,11.8,34.9,False
61763028000,1789028354108665000,,video_contact_only,Aligning waistband,38.8,0.492327397764859,26.3,38.8,32.9,21.2,11.8,34.9,False
61823029000,1789028354168666000,,video_contact_only,Aligning waistband,38.4,0.4913262054504918,26.3,38.4,32.9,21.2,11.8,34.9,False
61863033000,1789028354208670000,,video_contact_only,Aligning waistband,38.4,0.49080565572925683,26.3,38.4,32.9,21.2,11.4,34.9,False
61903033000,1789028354248670000,,video_contact_only,Aligning waistband,38.4,0.490409440831617,26.3,38.4,32.5,21.2,11.4,34.9,False
61923033000,1789028354268670000,,video_contact_only,Aligning waistband,38.4,0.49025973716479715,26.3,38.4,32.5,21.2,11.4,34.9,False
61963038000,1789028354308675000,,video_contact_only,Aligning waistband,38.4,0.4900607210685666,26.3,38.4,32.5,21.2,11.4,34.9,False
62003038000,1789028354348675000,,video_contact_only,Folding patterned shorts,38.4,0.4899997233970705,26.3,38.4,32.5,21.2,11.4,34.9,False
62043042000,1789028354388679000,,video_contact_only,Folding patterned shorts,38.4,0.48994521898909627,26.3,38.4,32.5,21.2,11.4,34.9,False
62063042000,1789028354408679000,,video_contact_only,Folding patterned shorts,38.4,0.48988327666135467,26.3,38.4,32.5,21.2,11.4,34.9,False
62123042000,1789028354468679000,,video_contact_only,Folding patterned shorts,38.4,0.4895644477261299,26.3,38.4,32.5,20.8,11.4,34.9,False
62183047000,1789028354528684000,,video_contact_only,Folding patterned shorts,38.4,0.4890561459753484,26.3,38.4,32.5,20.8,11.4,34.9,False
62223047000,1789028354568684000,,video_contact_only,Folding patterned shorts,38.4,0.4886184668763992,25.9,38.4,32.5,20.8,11.4,34.9,False
62243052000,1789028354588689000,,video_contact_only,Folding patterned shorts,38.4,0.4883713529650336,25.9,38.4,32.5,20.8,11.4,34.9,False
62263052000,1789028354608689000,,video_contact_only,Folding patterned shorts,38.4,0.4881061317538559,25.9,38.4,32.5,20.8,11.4,34.9,False
62323056000,1789028354668693000,4469,video_contact_and_recorded_pose,Folding patterned shorts,35.7,0.4872062025990296,25.9,32.5,35.7,23.1,12.9,30.6,False
62343056000,1789028354688693000,4471,video_contact_and_recorded_pose,Folding patterned shorts,35.7,0.48687311117851123,25.9,32.5,35.7,23.1,12.9,30.6,False
62363056000,1789028354708693000,4472,video_contact_and_recorded_pose,Folding patterned shorts,35.7,0.48652425310199277,25.9,32.5,35.7,23.1,12.9,30.6,False
62403056000,1789028354748693000,4475,video_contact_and_recorded_pose,Folding patterned shorts,34.9,0.485781156980956,25.9,34.1,34.9,21.6,11.8,30.6,False
62423061000,1789028354768698000,4477,video_contact_and_recorded_pose,Folding patterned shorts,34.5,0.4853877788656618,25.9,33.3,34.5,22,11.8,29.8,False
62483061000,1789028354828698000,4481,video_contact_and_recorded_pose,Folding patterned shorts,33.3,0.4841267749511596,25.9,33.3,32.9,21.2,11.4,30.2,False
62523065000,1789028354868702000,4484,video_contact_and_recorded_pose,Folding patterned shorts,33.7,0.48322318029109296,25.9,32.5,33.7,21.2,11.4,29,False
62563066000,1789028354908703000,4487,video_contact_and_recorded_pose,Folding patterned shorts,33.3,0.48227386353151575,25.9,32.9,33.3,21.2,11,29,False
62623070000,1789028354968707000,4491,video_contact_and_recorded_pose,Folding patterned shorts,32.9,0.48077237208548446,25.5,32.5,32.9,21.2,11.4,29,False
62643070000,1789028354988707000,4492,video_contact_and_recorded_pose,Folding patterned shorts,32.9,0.4802531746604244,25.5,32.5,32.9,21.2,11.4,29,False
62683070000,1789028355028707000,4495,video_contact_and_recorded_pose,Folding patterned shorts,33.3,0.4791895608503044,25.5,32.9,33.3,21.6,11.8,29,False
62743075000,1789028355088712000,4500,video_contact_and_recorded_pose,Folding patterned shorts,34.9,0.47753815263688554,25.5,34.9,33.3,22,12.2,30.6,False
62763075000,1789028355108712000,4501,video_contact_and_recorded_pose,Folding patterned shorts,34.9,0.47697475581026044,25.5,34.9,33.3,22,12.2,30.6,False
62783075000,1789028355128712000,4502,video_contact_and_recorded_pose,Folding patterned shorts,34.9,0.47640567278363555,25.5,34.9,33.7,22,12.2,30.6,False
62823079000,1789028355168716000,4505,video_contact_and_recorded_pose,Folding patterned shorts,35.3,0.4752522518865952,25.5,35.3,33.7,22,12.2,31,False
62903084000,1789028355248721000,,video_contact_only,Folding patterned shorts,37.3,0.47289837696015297,25.1,37.3,31.8,20.4,11,33.7,False
62923084000,1789028355268721000,,video_contact_only,Folding patterned shorts,37.3,0.4723029295947865,25.1,37.3,31.4,20.4,11,33.7,False
62943084000,1789028355288721000,,video_contact_only,Folding patterned shorts,36.9,0.4717056362454202,25.1,36.9,31.4,20.4,11,33.7,False
62983088000,1789028355328725000,,video_contact_only,Folding patterned shorts,36.9,0.4705073116290173,25.1,36.9,31.4,20,11,33.3,False
63023089000,1789028355368726000,,video_contact_only,Folding patterned shorts,36.9,0.46930745308790256,25.1,36.9,31.4,20,11,33.3,False
63083093000,1789028355428730000,,video_contact_only,Folding patterned shorts,36.9,0.4675129471118541,25.1,36.9,31.4,20,11,33.3,False
63123093000,1789028355468730000,,video_contact_only,Folding patterned shorts,36.5,0.4663258609118329,24.7,36.5,31,20,11,33.3,False
63183098000,1789028355528735000,,video_contact_only,Folding patterned shorts,36.5,0.4645684433803953,24.7,36.5,31,20,11,32.9,False
63223098000,1789028355568735000,,video_contact_only,Folding patterned shorts,36.5,0.46341810193752014,24.7,36.5,31,20,11,32.9,False
63243098000,1789028355588735000,,video_contact_only,Folding patterned shorts,36.5,0.46285072274408245,24.7,36.5,31,20,11,32.9,False
63283102000,1789028355628739000,,video_contact_only,Folding patterned shorts,36.1,0.4617338370306806,24.7,36.1,31,19.6,11,32.9,False
63303102000,1789028355648739000,,video_contact_only,Folding patterned shorts,36.1,0.4611854023001229,24.7,36.1,31,19.6,11,32.9,False
63323102000,1789028355668739000,,video_contact_only,Folding patterned shorts,36.1,0.46064424201756543,24.7,36.1,30.6,19.6,11,32.9,False
63363107000,1789028355708744000,,video_contact_only,Folding patterned shorts,36.1,0.4595855345731819,24.3,36.1,30.6,19.6,11,32.5,False
63403107000,1789028355748744000,,video_contact_only,Folding patterned shorts,36.1,0.4585618197413207,24.3,36.1,30.6,19.6,11,32.5,False
63443107000,1789028355788744000,,video_contact_only,Folding patterned shorts,36.1,0.45757680318145955,24.3,36.1,30.6,19.6,10.6,32.5,False
63503112000,1789028355848749000,,video_contact_only,Folding patterned shorts,35.7,0.45618012556954296,24.3,35.7,30.6,19.6,10.6,32.5,False
63543112000,1789028355888749000,,video_contact_only,Folding patterned shorts,35.7,0.4553086609669958,24.3,35.7,30.6,19.6,10.6,32.5,False
63563116000,1789028355908753000,,video_contact_only,Folding patterned shorts,35.7,0.4548921587494074,24.3,35.7,30.2,19.6,10.6,32.5,False
63603116000,1789028355948753000,,video_contact_only,Folding patterned shorts,35.7,0.45410034787275466,24.3,35.7,30.2,19.6,10.6,32.2,False
63643121000,1789028355988758000,4564,video_contact_and_recorded_pose,Folding patterned shorts,31.8,0.4533663481723126,24.3,30.2,31.8,20.4,11,29,False
63683121000,1789028356028758000,4567,video_contact_and_recorded_pose,Folding patterned shorts,33.3,0.45269418352508184,24.3,29.8,33.3,20.4,11,28.6,False
63703121000,1789028356048758000,4568,video_contact_and_recorded_pose,Folding patterned shorts,33.3,0.45238245355746637,24.3,29.8,33.3,20.4,11,28.6,False
63723121000,1789028356068758000,4570,video_contact_and_recorded_pose,Folding patterned shorts,33.3,0.45208759849385105,23.9,29.8,33.3,20.4,11,28.6,False
63763126000,1789028356108763000,,video_contact_only,Folding patterned shorts,35.3,0.45155037043224167,23.9,35.3,30.2,19.2,10.6,32.2,False
63823126000,1789028356168763000,,video_contact_only,Folding patterned shorts,35.3,0.4508831983656184,23.9,35.3,30.2,19.2,10.6,32.2,False
63863130000,1789028356208767000,,video_contact_only,Folding patterned shorts,35.3,0.450536361506663,23.9,35.3,30.2,19.2,10.6,32.2,False
63883130000,1789028356228767000,,video_contact_only,Folding patterned shorts,35.3,0.450393795104803,23.9,35.3,30.2,19.2,10.6,32.2,False
63903130000,1789028356248767000,,video_contact_only,Folding patterned shorts,35.3,0.45027242382294297,23.9,35.3,30.2,19.2,10.6,32.2,False
63963135000,1789028356308772000,,video_contact_only,Folding patterned shorts,35.3,0.4500402698409949,23.9,35.3,30.2,19.2,10.6,32.2,False
64003135000,1789028356348772000,,video_contact_only,Lowering folded shorts,35.3,0.4500016103369102,23.9,35.3,30.2,19.2,10.6,32.2,False
64023139000,1789028356368776000,,video_contact_only,Lowering folded shorts,35.3,0.45008699434854454,23.9,35.3,30.2,19.2,10.6,32.2,False
64083139000,1789028356428776000,,video_contact_only,Lowering folded shorts,35.3,0.4510947316026026,23.9,35.3,30.2,19.2,10.6,32.2,False
64123144000,1789028356468781000,,video_contact_only,Lowering folded shorts,35.7,0.4523602617078789,24.3,35.7,30.2,19.2,10.6,32.2,False
64143144000,1789028356488781000,,video_contact_only,Lowering folded shorts,35.7,0.45316117275876683,24.3,35.7,30.2,19.6,10.6,32.2,False
64183144000,1789028356528781000,,video_contact_only,Lowering folded shorts,35.7,0.45508300992304146,24.3,35.7,30.2,19.6,10.6,32.5,False
64203144000,1789028356548781000,,video_contact_only,Lowering folded shorts,35.7,0.45619737353642875,24.3,35.7,30.6,19.6,10.6,32.5,False
64243149000,1789028356588786000,,video_contact_only,Lowering folded shorts,36.1,0.458716922866611,24.3,36.1,30.6,19.6,11,32.5,False
64263149000,1789028356608786000,4609,video_contact_and_recorded_pose,Lowering folded shorts,34.5,0.4601152302220363,24.7,33.7,34.5,22,12.2,29,False
64323153000,1789028356668790000,4613,video_contact_and_recorded_pose,Lowering folded shorts,34.5,0.4648258284647064,24.7,34.1,34.5,22.4,12.2,29.4,False
64363153000,1789028356708790000,4616,video_contact_and_recorded_pose,Lowering folded shorts,34.9,0.46836266721096004,25.1,34.1,34.9,22.4,12.2,29.4,False
64403158000,1789028356748795000,,video_contact_only,Lowering folded shorts,37.3,0.4721866815667512,25.1,37.3,31.4,20.4,11,33.7,False
64443158000,1789028356788795000,,video_contact_only,Lowering folded shorts,37.3,0.4762706629135301,25.5,37.3,31.8,20.4,11.4,33.7,False
64463158000,1789028356808795000,,video_contact_only,Lowering folded shorts,37.6,0.47840211079785855,25.5,37.6,31.8,20.4,11.4,34.1,False
64503162000,1789028356848799000,,video_contact_only,Lowering folded shorts,38,0.48282796745738404,25.9,38,32.2,20.8,11.4,34.5,False
64543163000,1789028356888800000,,video_contact_only,Lowering folded shorts,38.4,0.48744830984995785,25.9,38.4,32.5,20.8,11.4,34.5,False
64563163000,1789028356908800000,,video_contact_only,Lowering folded shorts,38.4,0.4898232710616861,26.3,38.4,32.5,21.2,11.4,34.9,False
64643167000,1789028356988804000,,video_contact_only,Lowering folded shorts,39.2,0.4996793689343216,26.7,39.2,33.3,21.6,11.8,35.7,False
64683172000,1789028357028809000,4639,video_contact_and_recorded_pose,Lowering folded shorts,36.9,0.504775328115081,27.1,36.9,35.3,22.4,12.2,34.1,False
64723172000,1789028357068809000,4642,video_contact_and_recorded_pose,Lowering folded shorts,38,0.5099473246411506,27.1,38,38,23.5,12.9,32.2,False
64743172000,1789028357088809000,4643,video_contact_and_recorded_pose,Lowering folded shorts,36.5,0.5125538704198094,27.5,36.5,34.5,21.6,11.8,32.2,False
64763172000,1789028357108809000,4645,video_contact_and_recorded_pose,Lowering folded shorts,34.5,0.5151697395422182,27.5,34.5,31,19.6,10.6,32.2,False
64803176000,1789028357148813000,4648,video_contact_and_recorded_pose,Lowering folded shorts,34.9,0.5204168478100224,27.8,34.9,31,19.6,10.2,32.2,False
64823176000,1789028357168813000,4649,video_contact_and_recorded_pose,Lowering folded shorts,34.5,0.5230409990314113,27.8,34.5,30.2,18.8,10.2,32.2,False
64883181000,1789028357228818000,4652,video_contact_and_recorded_pose,Lowering folded shorts,34.1,0.5308781629762405,28.2,34.1,29,18.4,9.8,32.5,False
64923181000,1789028357268818000,4655,video_contact_and_recorded_pose,Lowering folded shorts,33.7,0.5360397361426549,28.6,33.7,29,18.4,9.8,32.9,False
64943181000,1789028357288818000,4656,video_contact_and_recorded_pose,Lowering folded shorts,34.1,0.5385918492766425,28.6,34.1,29,18.4,9.8,33.3,False
64983186000,1789028357328823000,4659,video_contact_and_recorded_pose,Lowering folded shorts,33.7,0.5436229442379747,29,33.7,29,18.4,9.8,33.7,False
65003186000,1789028357348823000,4660,video_contact_and_recorded_pose,Lowering folded shorts,34.1,0.5460947337999829,29,33.7,29,18.4,10.2,34.1,False
65023186000,1789028357368823000,4662,video_contact_and_recorded_pose,Lowering folded shorts,34.5,0.548533188158866,29.4,33.7,29,18.4,10.2,34.5,False
65083190000,1789028357428827000,4666,video_contact_and_recorded_pose,Lowering folded shorts,34.5,0.5556161867314429,29.8,34.1,28.6,18.8,10.2,34.5,False
65123190000,1789028357468827000,4669,video_contact_and_recorded_pose,Lowering folded shorts,34.9,0.5601110274743717,29.8,34.1,29,18.8,10.2,34.9,False
65163195000,1789028357508832000,4672,video_contact_and_recorded_pose,Lowering folded shorts,34.9,0.5643942957717635,30.2,34.5,29,18.8,10.2,34.9,False
65203195000,1789028357548832000,4675,video_contact_and_recorded_pose,Lowering folded shorts,34.9,0.5684386682059326,30.2,34.5,29.4,19.2,10.2,34.9,False
65243199000,1789028357588836000,4678,video_contact_and_recorded_pose,Lowering folded shorts,34.9,0.5722188077926349,30.6,34.9,29.8,19.2,10.6,34.9,False
65283199000,1789028357628836000,4681,video_contact_and_recorded_pose,Lowering folded shorts,35.3,0.575707706392001,30.6,35.3,29.8,19.2,10.6,35.3,False
65323200000,1789028357668837000,4683,video_contact_and_recorded_pose,Lowering folded shorts,35.3,0.5788795807600003,31,35.3,30.2,19.6,10.6,35.3,False
65343204000,1789028357688841000,4685,video_contact_and_recorded_pose,Lowering folded shorts,35.7,0.580338643586693,31,35.7,30.6,20,11,35.3,False
65383204000,1789028357728841000,4688,video_contact_and_recorded_pose,Lowering folded shorts,36.1,0.582985528876562,31,36.1,31,20,11,34.9,False
65423204000,1789028357768841000,4691,video_contact_and_recorded_pose,Lowering folded shorts,36.1,0.5852496865414303,31.4,36.1,31,20.4,11,34.9,False
65483209000,1789028357828846000,4695,video_contact_and_recorded_pose,Lowering folded shorts,36.5,0.5878710644941263,31.4,36.5,31.4,20.4,11,35.3,False
65503209000,1789028357848846000,,video_contact_only,Lowering folded shorts,46.3,0.5885249681911378,31.4,46.3,39.2,25.1,13.7,42,False
65563213000,1789028357908850000,,video_contact_only,Lowering folded shorts,46.3,0.5897813800981238,31.4,46.3,39.2,25.1,13.7,42,False
65603213000,1789028357948850000,,video_contact_only,Pressing final stack,46.3,0.5899817268404958,31.4,46.3,39.2,25.1,13.7,42,False
65623218000,1789028357968855000,,video_contact_only,Pressing final stack,46.3,0.5890640304200683,31.4,46.3,39.2,25.1,13.7,42,False
65663218000,1789028358008855000,,video_contact_only,Pressing final stack,45.9,0.583331370386453,31,45.9,38.8,25.1,13.7,41.6,False
65723223000,1789028358068860000,,video_contact_only,Pressing final stack,44.3,0.5662046182421293,30.2,44.3,37.6,24.3,13.3,40.4,False
65763223000,1789028358108860000,,video_contact_only,Pressing final stack,43.1,0.5500505315072586,29.4,43.1,36.9,23.5,12.9,39.2,False
65823227000,1789028358168864000,,video_contact_only,Pressing final stack,40.8,0.520335166362462,27.8,40.8,34.9,22.4,12.2,36.9,False
65863227000,1789028358208864000,,video_contact_only,Pressing final stack,39.2,0.4978184111368641,26.7,39.2,33.3,21.2,11.8,35.3,False
65883227000,1789028358228864000,,video_contact_only,Pressing final stack,38,0.4859912229584592,25.9,38,32.5,20.8,11.4,34.5,False
65903232000,1789028358248869000,,video_contact_only,Pressing final stack,37.3,0.47388999765199513,25.1,37.3,31.8,20.4,11,33.7,False
65943232000,1789028358288869000,,video_contact_only,Pressing final stack,35.3,0.44920530434981465,23.9,35.3,29.8,19.2,10.6,32.2,False
65963232000,1789028358308869000,,video_contact_only,Pressing final stack,34.1,0.4367811746549839,23.1,34.1,29,18.8,10.2,31,False
66043237000,1789028358388874000,,video_contact_only,Pressing final stack,30.6,0.3884304264769879,20.8,30.6,25.9,16.5,9,27.5,False
66063237000,1789028358408874000,,video_contact_only,Pressing final stack,29.8,0.37708656105506955,20,29.8,25.1,16.1,9,26.7,False
66083237000,1789028358428874000,,video_contact_only,Pressing final stack,28.6,0.36620224637367593,19.6,28.6,24.3,15.7,8.6,25.9,False
66123241000,1789028358468878000,,video_contact_only,Pressing final stack,27.1,0.34613505722601084,18.4,27.1,23.1,14.9,8.2,24.7,False
66183246000,1789028358528883000,,video_contact_only,Pressing final stack,25.1,0.3215116413020149,17.3,25.1,21.6,13.7,7.5,22.7,False
66223246000,1789028358568883000,,video_contact_only,Pressing final stack,24.3,0.30969523938222804,16.5,24.3,20.8,13.3,7.5,22,False
66243246000,1789028358588883000,,video_contact_only,Pressing final stack,23.9,0.3054098303990128,16.5,23.9,20.4,12.9,7.1,21.6,False
66263246000,1789028358608883000,,video_contact_only,Pressing final stack,23.9,0.3023145043079254,16.1,23.9,20,12.9,7.1,21.6,False
66303250000,1789028358648887000,,video_contact_only,Finishing stack,23.5,0.299992427955,16.1,23.5,20,12.9,7.1,21.2,False
66363250000,1789028358708887000,,video_contact_only,Finishing stack,23.5,0.2973625091550003,15.7,23.5,20,12.5,7.1,21.2,False
66403255000,1789028358748892000,,video_contact_only,Finishing stack,23.1,0.2933804800565336,15.7,23.1,19.6,12.5,7.1,20.8,False
66443255000,1789028358788892000,,video_contact_only,Finishing stack,22.7,0.2880464468434146,15.3,22.7,19.2,12.2,6.7,20.4,False
66463260000,1789028358808897000,,video_contact_only,Finishing stack,22.4,0.28498668786621567,15.3,22.4,19.2,12.2,6.7,20.4,False
66483260000,1789028358828897000,,video_contact_only,Finishing stack,22,0.2817278158559762,14.9,22,18.8,12.2,6.7,20,False
66543260000,1789028358888897000,,video_contact_only,Finishing stack,21.2,0.2712129060652558,14.5,21.2,18,11.8,6.3,19.2,False
66583264000,1789028358928901000,,video_contact_only,Finishing stack,20.8,0.26404781415005113,14.1,20.8,17.6,11.4,6.3,18.8,False
66603264000,1789028358948901000,,video_contact_only,Finishing stack,20.4,0.26055754831494143,13.7,20.4,17.3,11,6.3,18.4,False
66663269000,1789028359008906000,4779,video_contact_and_recorded_pose,Finishing stack,17.3,0.25100667708753,13.3,17.3,15.7,10.2,5.9,16.9,False
66683269000,1789028359028906000,4780,video_contact_and_recorded_pose,Finishing stack,16.9,0.24828384327792413,13.3,16.9,15.3,9.8,5.5,16.5,False
66723269000,1789028359068906000,4783,video_contact_and_recorded_pose,Finishing stack,16.5,0.24380541098671069,12.9,16.5,14.9,9.8,5.1,16.1,False
66763273000,1789028359108910000,4786,video_contact_and_recorded_pose,Finishing stack,15.7,0.24092362978116227,12.9,15.7,13.3,8.6,4.7,15.7,False
66783273000,1789028359128910000,4787,video_contact_and_recorded_pose,Finishing stack,15.7,0.2401969577348328,12.9,15.7,13.3,8.2,4.7,15.3,False
66803273000,1789028359148910000,4789,video_contact_and_recorded_pose,Finishing stack,15.3,0.23998104784864496,12.9,15.3,12.9,8.2,4.3,15.3,False
66863278000,1789028359208915000,4793,video_contact_and_recorded_pose,Finishing stack,14.9,0.23354890721306656,12.5,14.5,12.5,8.2,4.3,14.9,False
66903278000,1789028359248915000,4796,video_contact_and_recorded_pose,Finishing stack,14.1,0.22393893857854338,11.8,14.1,11.8,7.8,3.9,14.1,False
66923278000,1789028359268915000,4798,video_contact_and_recorded_pose,Finishing stack,13.7,0.21791663949585158,11.8,13.7,11.4,7.5,3.9,13.7,False
66963283000,1789028359308920000,4800,video_contact_and_recorded_pose,Finishing stack,12.9,0.2040676610557639,11,12.5,10.6,7.1,3.5,12.9,False
66983283000,1789028359328920000,4802,video_contact_and_recorded_pose,Finishing stack,12.5,0.19649558898423286,10.6,12.2,10.2,6.7,3.5,12.5,False
67043287000,1789028359388924000,4806,video_contact_and_recorded_pose,Finishing stack,11,0.17270130649696058,9,10.6,9,5.9,3.1,11,False
67063287000,1789028359408924000,4808,video_contact_and_recorded_pose,Finishing stack,10.6,0.1648330181338742,8.6,10.2,8.6,5.5,3.1,10.6,False
67123292000,1789028359468929000,4812,video_contact_and_recorded_pose,Finishing stack,9,0.14318428364513502,7.5,8.6,7.5,4.7,2.7,9,False
67163292000,1789028359508929000,4815,video_contact_and_recorded_pose,Finishing stack,8.2,0.13164890171046761,7.1,8.2,6.7,4.3,2.4,8.2,False
67223296000,1789028359568933000,4819,video_contact_and_recorded_pose,Finishing stack,7.8,0.12121758609866841,6.3,7.5,6.3,3.9,2.4,7.8,False
67263297000,1789028359608934000,4822,video_contact_and_recorded_pose,Releasing final garment,7.5,0.11733822210304758,6.3,7.1,6.3,3.9,2,7.5,False
67283297000,1789028359628934000,4823,video_contact_and_recorded_pose,Releasing final garment,6.7,0.10488609855033133,5.5,6.3,5.5,3.5,2,6.7,False
67303297000,1789028359648934000,4825,video_contact_and_recorded_pose,Releasing final garment,5.5,0.08531666299762453,4.7,5.1,4.3,2.7,1.6,5.5,False
67363301000,1789028359708938000,4829,video_contact_and_recorded_pose,Releasing final garment,1.2,0.018034269353590593,0.8,1.2,0.8,0.8,0.4,1.2,False
67403301000,1789028359748938000,4832,video_contact_and_recorded_pose,Hands off clothes,0,0,0,0,0,0,0,0,False
67443306000,1789028359788943000,4835,video_contact_and_recorded_pose,Hands off clothes,0,0,0,0,0,0,0,0,False
67483306000,1789028359828943000,4838,video_contact_and_recorded_pose,Hands off clothes,0,0,0,0,0,0,0,0,False
67523310000,1789028359868947000,4841,video_contact_and_recorded_pose,Hands off clothes,0,0,0,0,0,0,0,0,False
67563311000,1789028359908948000,4844,video_contact_and_recorded_pose,Hands off clothes,0,0,0,0,0,0,0,0,False
67583311000,1789028359928948000,4845,video_contact_and_recorded_pose,Hands off clothes,0,0,0,0,0,0,0,0,False
67623315000,1789028359968952000,4848,video_contact_and_recorded_pose,Hands off clothes,0,0,0,0,0,0,0,0,False
67663315000,1789028360008952000,4851,video_contact_and_recorded_pose,Hands off clothes,0,0,0,0,0,0,0,0,False
67703320000,1789028360048957000,4854,video_contact_and_recorded_pose,Hands off clothes,0,0,0,0,0,0,0,0,False
67743320000,1789028360088957000,4857,video_contact_and_recorded_pose,Hands off clothes,0,0,0,0,0,0,0,0,False
67803324000,1789028360148961000,4861,video_contact_and_recorded_pose,Hands off clothes,0,0,0,0,0,0,0,0,False
67823324000,1789028360168961000,4862,video_contact_and_recorded_pose,Hands off clothes,0,0,0,0,0,0,0,0,False
67843324000,1789028360188961000,4864,video_contact_and_recorded_pose,Hands off clothes,0,0,0,0,0,0,0,0,False
67903329000,1789028360248966000,4868,video_contact_and_recorded_pose,Hands off clothes,0,0,0,0,0,0,0,0,False
67943329000,1789028360288966000,4871,video_contact_and_recorded_pose,Hands off clothes,0,0,0,0,0,0,0,0,False
67963329000,1789028360308966000,4871,video_contact_and_recorded_pose,No contact,0,0,0,0,0,0,0,0,True
