t_sync_us,capture_time_ns,source_pose_index,source,quality,accel_x_m_s2,accel_y_m_s2,accel_z_m_s2,gyro_x_rad_s,gyro_y_rad_s,gyro_z_rad_s
3352,1789113520062000000,0,HEAD_POSE_ESTIMATE,edge_fit,-0.1796548909109226,7.05142780179916,6.023891358132575,-0.5433379338865416,0.33376661000836283,0.3178228869990375
17352,1789113520076000000,1,HEAD_POSE_ESTIMATE,edge_fit,-0.19562028305803505,7.008391942395256,6.1288886137345004,-0.49814000933711744,0.3189932522909025,0.2921703541858834
31352,1789113520090000000,2,HEAD_POSE_ESTIMATE,edge_fit,-0.20726631762714634,6.962213339820766,6.235992988023744,-0.45960268076654337,0.30542272464715997,0.26833704099156463
46352,1789113520105000000,3,HEAD_POSE_ESTIMATE,edge_fit,-0.19105093192128716,6.894428276480377,6.3697561199179695,-0.42523489360118233,0.2924636187943815,0.24530534405153456
58352,1789113520117000000,4,HEAD_POSE_ESTIMATE,edge_fit,-0.19188635050374242,6.844821053854769,6.469401228150258,-0.4036513375475008,0.28291859092300037,0.2278460020615919
73352,1789113520132000000,5,HEAD_POSE_ESTIMATE,edge_fit,-0.18937475826778213,6.79938652167662,6.574865669266901,-0.3836559451424898,0.2722996976684042,0.2075691288163799
89352,1789113520148000000,6,HEAD_POSE_ESTIMATE,edge_fit,-0.1898278053824835,6.799865476863894,6.635972453901168,-0.3710372269300834,0.262893057537387,0.18706495838270387
100352,1789113520159000000,7,HEAD_POSE_ESTIMATE,edge_fit,-0.1962234012290444,6.776237810552291,6.702186250664733,-0.36758894029701394,0.2569931314943596,0.17438060751262194
114352,1789113520173000000,8,HEAD_POSE_ESTIMATE,edge_fit,-0.20861087710895077,6.749948960032616,6.781962009422104,-0.3694233029036129,0.25013454199611934,0.1598298772227035
128352,1789113520187000000,9,HEAD_POSE_ESTIMATE,estimated,-0.21265660233873143,6.702788184300767,6.882814652074901,-0.3836337806392168,0.24314474497713362,0.13259755727101533
142352,1789113520201000000,10,HEAD_POSE_ESTIMATE,estimated,-0.2265766561448194,6.629039376686496,6.993025886277135,-0.42427242477266747,0.23469016938993006,0.10647779532230922
157352,1789113520216000000,11,HEAD_POSE_ESTIMATE,estimated,-0.23145349883533936,6.580589634083243,7.052989844348226,-0.47805345731729154,0.22818493661196204,0.09371215116058859
170352,1789113520229000000,12,HEAD_POSE_ESTIMATE,estimated,-0.24049520753521955,6.531513564034184,7.0541495175767075,-0.5151306327722277,0.22838786996096236,0.09277278849557341
184352,1789113520243000000,13,HEAD_POSE_ESTIMATE,estimated,-0.2557353710725492,6.47031601403238,7.059472331554552,-0.5374783664644833,0.22864263998570836,0.10435006415461916
199352,1789113520258000000,14,HEAD_POSE_ESTIMATE,estimated,-0.2612691619017213,6.390448915489401,7.077593706279573,-0.525613786926811,0.2324905655442856,0.12830101104546554
212352,1789113520271000000,15,HEAD_POSE_ESTIMATE,estimated,-0.2639395540659064,6.2754532772307465,7.053804840338277,-0.513393079900877,0.23839543384782574,0.1519123256024625
226352,1789113520285000000,16,HEAD_POSE_ESTIMATE,estimated,-0.25619433349688564,6.162248062372182,7.083124911021393,-0.4905187295089594,0.2436093193057023,0.17586705814544273
241352,1789113520300000000,17,HEAD_POSE_ESTIMATE,estimated,-0.2514551540281983,6.0623581243193,7.1150058810915455,-0.48350257308058964,0.24762718772333753,0.2002162044528493
254352,1789113520313000000,18,HEAD_POSE_ESTIMATE,estimated,-0.2664835917407937,6.043843401349177,7.197933743281076,-0.5022592152763234,0.25253374782256555,0.21569456741645324
267352,1789113520326000000,19,HEAD_POSE_ESTIMATE,estimated,-0.2619035154435479,5.989749768543214,7.219034166115183,-0.5192050467402671,0.2502756445294457,0.22682199569684844
281352,1789113520340000000,20,HEAD_POSE_ESTIMATE,estimated,-0.2729949426045929,5.915329093675787,7.212640780912975,-0.5483462577266467,0.24472803710513963,0.2327308940442389
295352,1789113520354000000,21,HEAD_POSE_ESTIMATE,estimated,-0.290033785125296,5.803688111544569,7.151251903950209,-0.5730831511196997,0.23298226102823866,0.22966240071068716
311352,1789113520370000000,22,HEAD_POSE_ESTIMATE,estimated,-0.3082058798998123,5.702722457940236,7.118128244190116,-0.6065234553573751,0.21936497909921554,0.23101691552322623
323352,1789113520382000000,23,HEAD_POSE_ESTIMATE,estimated,-0.3195688017975343,5.640684803307085,7.133043260928959,-0.6479647717303041,0.2071446495646176,0.23326358759720747
337352,1789113520396000000,24,HEAD_POSE_ESTIMATE,estimated,-0.3208639148822987,5.606803388157896,7.260993072105768,-0.7011358519888833,0.19569052439290208,0.2324272419503199
351352,1789113520410000000,25,HEAD_POSE_ESTIMATE,estimated,-0.31826526762369933,5.611283153551363,7.375581941164771,-0.7575689348660749,0.18191185621174027,0.23983208845388354
369352,1789113520428000000,26,HEAD_POSE_ESTIMATE,estimated,-0.2976412353919743,5.635459912633457,7.529810219577882,-0.8505308779157567,0.17243712373792947,0.2652265898252201
381352,1789113520440000000,27,HEAD_POSE_ESTIMATE,estimated,-0.2843918657431066,5.630299618226417,7.633810321958086,-0.8880485551797065,0.15988852927935365,0.28288559484947556
395352,1789113520454000000,28,HEAD_POSE_ESTIMATE,estimated,-0.27622859307983116,5.608343903158756,7.7699343490076656,-0.9261020536120343,0.1455134932721336,0.3090531258888049
405352,1789113520464000000,29,HEAD_POSE_ESTIMATE,estimated,-0.27122083214968656,5.528017568171211,7.889415884812627,-0.9401187969718794,0.1303448930503761,0.3310589792900521
419352,1789113520478000000,30,HEAD_POSE_ESTIMATE,estimated,-0.25969911867381673,5.461229337803917,8.105812757719754,-0.9311494240007445,0.108439505195981,0.3640316332678063
433352,1789113520492000000,31,HEAD_POSE_ESTIMATE,estimated,-0.26234712281940764,5.393573575670079,8.26652013832456,-0.9045156066210657,0.08601829982863135,0.3810702326662876
448352,1789113520507000000,32,HEAD_POSE_ESTIMATE,estimated,-0.25348834283611865,5.349583681026283,8.486040944610355,-0.8630879937524158,0.061903226740755136,0.38341146768856454
461352,1789113520520000000,33,HEAD_POSE_ESTIMATE,estimated,-0.26456690590718224,5.326046054512913,8.656362830377743,-0.811735684565282,0.03975192004103643,0.36687737723402425
475352,1789113520534000000,34,HEAD_POSE_ESTIMATE,estimated,-0.27556632296058337,5.361648417128537,8.828761877006382,-0.7636900082751006,0.013915674661517675,0.33346579231576673
489352,1789113520548000000,35,HEAD_POSE_ESTIMATE,estimated,-0.2666909432977656,5.358977972474891,8.811803534111688,-0.7298873305911268,0.0038188400480260055,0.2948617506667888
503352,1789113520562000000,36,HEAD_POSE_ESTIMATE,estimated,-0.2775789423205974,5.271180048193836,8.782860800460483,-0.669450190135682,-0.005883867197709187,0.23499986980408316
518352,1789113520577000000,37,HEAD_POSE_ESTIMATE,estimated,-0.3056721716944494,5.215323104977498,8.76156178166833,-0.6473778294067439,-0.0058678416273337496,0.1767208220125177
531352,1789113520590000000,38,HEAD_POSE_ESTIMATE,estimated,-0.34676825272006323,5.175010058382864,8.813131158666678,-0.6254746312471697,-0.00376264090186375,0.12247865741002398
545352,1789113520604000000,39,HEAD_POSE_ESTIMATE,estimated,-0.3678180069370059,5.1155936595051035,8.875345934296519,-0.5990730656840078,0.005265943731269125,0.08040378694523215
559352,1789113520618000000,40,HEAD_POSE_ESTIMATE,estimated,-0.38187910291956395,5.046051115345747,8.93431011694804,-0.578899282706865,0.01478590820707727,0.06128301260982819
573352,1789113520632000000,41,HEAD_POSE_ESTIMATE,estimated,-0.38092750737624,4.975474473959487,8.938224093638857,-0.5564440828882677,0.028894692207995988,0.05599996552667406
590352,1789113520649000000,42,HEAD_POSE_ESTIMATE,estimated,-0.3851441509816095,4.886287658303199,8.885396647866974,-0.5307950839131798,0.03979969596525128,0.06914176987256326
600352,1789113520659000000,43,HEAD_POSE_ESTIMATE,estimated,-0.38363078448514515,4.780950759245685,8.857925195050248,-0.5056976149362724,0.04142105185716543,0.09347843427597793
614352,1789113520673000000,44,HEAD_POSE_ESTIMATE,estimated,-0.36560165589587423,4.664673678651867,8.85311019506341,-0.49243595964431863,0.04686603599156689,0.1301543042382459
629352,1789113520688000000,45,HEAD_POSE_ESTIMATE,estimated,-0.34784852641343317,4.56095143773663,8.860639932747569,-0.47701381746229293,0.0515972172043406,0.16158713076770728
642352,1789113520701000000,46,HEAD_POSE_ESTIMATE,estimated,-0.33255326544580716,4.479891245359791,8.903938113507555,-0.4759453329522808,0.05458106270963929,0.17595192110901658
657352,1789113520716000000,47,HEAD_POSE_ESTIMATE,estimated,-0.3240314274073717,4.4017194490157125,8.981687296653996,-0.46878216678913953,0.05608741316729812,0.1918223839525113
670352,1789113520729000000,48,HEAD_POSE_ESTIMATE,estimated,-0.3238197569283169,4.358896456919872,9.06748260608298,-0.46640892828142444,0.05544334601801207,0.1963884438286257
685352,1789113520744000000,49,HEAD_POSE_ESTIMATE,estimated,-0.3096737502477471,4.352494614952431,9.156825803253673,-0.4639976400733532,0.05328392933748717,0.19742615459667212
698352,1789113520757000000,50,HEAD_POSE_ESTIMATE,estimated,-0.3064719309024194,4.392600982569997,9.230681008959987,-0.46831845101119157,0.0495177439134915,0.19051426414917919
712352,1789113520771000000,51,HEAD_POSE_ESTIMATE,estimated,-0.30626262978883145,4.374147006929302,9.259980431149206,-0.47193699327630073,0.04989525834873487,0.18125293654201635
727352,1789113520786000000,52,HEAD_POSE_ESTIMATE,estimated,-0.3064018591505069,4.354742240404521,9.315095681896482,-0.45870597260596746,0.052731454842208696,0.15865105155873968
740352,1789113520799000000,53,HEAD_POSE_ESTIMATE,estimated,-0.32364487073309656,4.333906564244041,9.403562036314472,-0.43483840687850445,0.059397504753941434,0.14316169370422582
754352,1789113520813000000,54,HEAD_POSE_ESTIMATE,estimated,-0.31394981104192154,4.321150150516279,9.4789708609102,-0.41574593084195427,0.07099803780537207,0.1251644384447308
768352,1789113520827000000,55,HEAD_POSE_ESTIMATE,estimated,-0.3094775664909407,4.27486012160627,9.573519383295979,-0.39097880602383345,0.0857413403355946,0.11041367054291193
781352,1789113520840000000,56,HEAD_POSE_ESTIMATE,estimated,-0.30684522675488396,4.227999085550898,9.633748932927926,-0.3596283390495158,0.10112585762113623,0.10206204485041463
795352,1789113520854000000,57,HEAD_POSE_ESTIMATE,estimated,-0.3238709912353358,4.142435149037559,9.659363036166525,-0.3178743847037702,0.1142928356522058,0.09875548085381856
810352,1789113520869000000,58,HEAD_POSE_ESTIMATE,estimated,-0.3504674967813217,4.082547505571667,9.640601999645147,-0.257758348403608,0.12858029848249966,0.09801731421542591
823352,1789113520882000000,59,HEAD_POSE_ESTIMATE,estimated,-0.37010200773356294,4.012805570756013,9.654223670132632,-0.19789806082123232,0.1404533706255722,0.09883240537125221
836352,1789113520895000000,60,HEAD_POSE_ESTIMATE,estimated,-0.41106193271952396,3.99835303974023,9.686808932290933,-0.1396001981723769,0.1517713286327562,0.09741451538683218
847352,1789113520906000000,61,HEAD_POSE_ESTIMATE,estimated,-0.4513384399461678,3.9766901780740693,9.709242484882202,-0.11487434486225166,0.1566482239909275,0.09561968823329307
862352,1789113520921000000,62,HEAD_POSE_ESTIMATE,estimated,-0.49105284740784216,3.9559775201907983,9.719620194333235,-0.07358845167176511,0.16364536121324705,0.09878688157042657
876352,1789113520935000000,63,HEAD_POSE_ESTIMATE,estimated,-0.5417529570928399,3.9226583367678787,9.73526724767392,-0.06125565610615813,0.16607182943272497,0.10193201690162594
890352,1789113520949000000,64,HEAD_POSE_ESTIMATE,estimated,-0.5801329233704462,3.9055333231532927,9.743423275743538,-0.044915092763252076,0.1673525874959695,0.10647155009441771
904352,1789113520963000000,65,HEAD_POSE_ESTIMATE,estimated,-0.6243167962351761,3.934106094302306,9.751900051837808,-0.021758062770089938,0.1684366974176001,0.10851053999543611
918352,1789113520977000000,66,HEAD_POSE_ESTIMATE,estimated,-0.656894807623602,3.9376767698054933,9.75934998077999,0.015041786766573596,0.16869239300417907,0.10715642092789328
932352,1789113520991000000,67,HEAD_POSE_ESTIMATE,estimated,-0.6669055605701372,3.9198226554933466,9.745329418022475,0.03627723681117121,0.17326277699629497,0.10786842612804194
947352,1789113521006000000,68,HEAD_POSE_ESTIMATE,estimated,-0.6687254729592961,3.920561379765905,9.720468279643335,0.054933462948292024,0.17423350018054726,0.10720559490520705
961352,1789113521020000000,69,HEAD_POSE_ESTIMATE,estimated,-0.6704295203706312,3.9499412848246203,9.690379238049879,0.06790441727929958,0.17017691862376877,0.10427479683973974
975352,1789113521034000000,70,HEAD_POSE_ESTIMATE,estimated,-0.687114727741405,3.9799711090573093,9.676308996030357,0.08142204492680956,0.16383889407952595,0.10096415011525829
989352,1789113521048000000,71,HEAD_POSE_ESTIMATE,estimated,-0.7088197991512668,4.0268147757606245,9.63110626940522,0.08961067285462278,0.15268613182187407,0.0980205881419659
1003352,1789113521062000000,72,HEAD_POSE_ESTIMATE,estimated,-0.7325909928168488,4.0564361357184815,9.582290590307618,0.09988929152620034,0.13896923828973998,0.0920807881286797
1017352,1789113521076000000,73,HEAD_POSE_ESTIMATE,estimated,-0.7609256623496963,4.05777194555517,9.505476434585509,0.10969609222031067,0.12643189596113596,0.08487746899077733
1031352,1789113521090000000,74,HEAD_POSE_ESTIMATE,estimated,-0.782144617074279,4.068898713686362,9.445619686876709,0.12235847294349918,0.11365262500942032,0.07295336318363951
1048352,1789113521107000000,75,HEAD_POSE_ESTIMATE,estimated,-0.7880090262640301,4.093336226882531,9.366701487325098,0.1451589605787969,0.09890881558005767,0.05899779674642074
1061352,1789113521120000000,76,HEAD_POSE_ESTIMATE,estimated,-0.8019453875451733,4.10800670024999,9.299017948799404,0.17648221491256122,0.09132781446077894,0.04792608410048814
1072352,1789113521131000000,77,HEAD_POSE_ESTIMATE,estimated,-0.8172495103131149,4.1089970463685175,9.234273243965252,0.2026691086974962,0.08477643150281278,0.04166778422203186
1085352,1789113521144000000,78,HEAD_POSE_ESTIMATE,estimated,-0.8303555717666168,4.1031196357496125,9.146580625282702,0.22186012013035425,0.07678076352776277,0.03520125821667718
1100352,1789113521159000000,79,HEAD_POSE_ESTIMATE,estimated,-0.8345772619732088,4.059932406089339,9.04753337458639,0.23439971237208884,0.06592474623729286,0.033257102083815396
1114352,1789113521173000000,80,HEAD_POSE_ESTIMATE,estimated,-0.8317361453374754,4.031125336763732,8.953665111293892,0.23260972195353938,0.055732653053881885,0.035673830923458556
1127352,1789113521186000000,81,HEAD_POSE_ESTIMATE,estimated,-0.8201765053612808,4.02628997078214,8.861032059959967,0.222973768722246,0.045035993508328244,0.043950789409117834
1142352,1789113521201000000,82,HEAD_POSE_ESTIMATE,estimated,-0.79374397187708,3.9913066580909264,8.762255048590314,0.2033688230615396,0.030442899631496295,0.055612475759782135
1156352,1789113521215000000,83,HEAD_POSE_ESTIMATE,estimated,-0.7688427453511295,3.975153142380541,8.676540935487983,0.17999346915670025,0.012333389537037574,0.0712208081799534
1171352,1789113521230000000,84,HEAD_POSE_ESTIMATE,estimated,-0.7306100460781603,3.973267743824321,8.605045056192866,0.15024211540816965,-0.0029229084208723245,0.0853610199748513
1183352,1789113521242000000,85,HEAD_POSE_ESTIMATE,estimated,-0.7098692419819275,4.008800740939611,8.555432054346149,0.12455065240686947,-0.012272662878491193,0.09460025931981891
1197352,1789113521256000000,86,HEAD_POSE_ESTIMATE,estimated,-0.6908384077996994,4.0268741270046275,8.507563560734042,0.10060545608823179,-0.023759323392323718,0.09634931157462066
1212352,1789113521271000000,87,HEAD_POSE_ESTIMATE,estimated,-0.6687517593856297,4.033985522920065,8.486975193744886,0.08186097065499923,-0.03291717082668548,0.0956147053928053
1226352,1789113521285000000,88,HEAD_POSE_ESTIMATE,estimated,-0.6470807127234861,4.042746049042291,8.486410961152012,0.07320805740578866,-0.04015516710486292,0.0941460770144172
1241352,1789113521300000000,89,HEAD_POSE_ESTIMATE,estimated,-0.6255464381078156,4.034287940169332,8.506727619994345,0.06873577168911782,-0.044146942549582,0.09221360688953825
1254352,1789113521313000000,90,HEAD_POSE_ESTIMATE,estimated,-0.6020745839892208,4.051921614911415,8.546216547923299,0.05789248162721221,-0.044098127247794806,0.09365464496148027
1268352,1789113521327000000,91,HEAD_POSE_ESTIMATE,estimated,-0.5860764808126443,4.067254985452434,8.593045228531638,0.04324540190634674,-0.04104326901495071,0.09618171061334162
1281352,1789113521340000000,92,HEAD_POSE_ESTIMATE,estimated,-0.5802652432375933,4.103957208342361,8.632528537911927,0.026061668079961808,-0.038134450769930196,0.10134790607857154
1295352,1789113521354000000,93,HEAD_POSE_ESTIMATE,estimated,-0.5799651770418544,4.147765954418359,8.690891414555601,0.017714340536665103,-0.027867372655118492,0.10976388644780673
1309352,1789113521368000000,94,HEAD_POSE_ESTIMATE,estimated,-0.5839220534542883,4.190055699226376,8.740740278995663,0.010483432451472862,-0.02016663618797482,0.11395944796299409
1324352,1789113521383000000,95,HEAD_POSE_ESTIMATE,estimated,-0.5813822399199158,4.231812845054964,8.802730670372327,0.004335561062856769,-0.012936615724953995,0.11262579309657818
1337352,1789113521396000000,96,HEAD_POSE_ESTIMATE,estimated,-0.5751558869538728,4.250025309262563,8.851484739031177,-0.0075475223922320395,-0.009811832319858027,0.10719221542194532
1352352,1789113521411000000,97,HEAD_POSE_ESTIMATE,estimated,-0.5686003398722391,4.300334967132421,8.89581548337885,-0.014792950556522395,-0.009213186077482066,0.09294618913736447
1367352,1789113521426000000,98,HEAD_POSE_ESTIMATE,estimated,-0.5641998963023722,4.345368325243924,8.929294696252066,-0.010870674808121619,-0.011619691750878135,0.07322700830221686
1379352,1789113521438000000,99,HEAD_POSE_ESTIMATE,estimated,-0.5505112147530837,4.38014243500899,8.958179343761737,-6.070444210966513e-05,-0.018840338076596498,0.05143602547741362
1392352,1789113521451000000,100,HEAD_POSE_ESTIMATE,estimated,-0.5449574140853892,4.395324948492606,8.98014061859928,0.021632813284035546,-0.025978547399401804,0.03171090331108268
1408352,1789113521467000000,101,HEAD_POSE_ESTIMATE,estimated,-0.5308362053110637,4.374572277019827,9.012714001574416,0.05362149914116193,-0.03884813213544782,0.013473144139176801
1420352,1789113521479000000,102,HEAD_POSE_ESTIMATE,estimated,-0.5235398193204173,4.344059425497005,9.037248784557397,0.08084855688892544,-0.05040444645142887,0.005499182706503993
1434352,1789113521493000000,103,HEAD_POSE_ESTIMATE,estimated,-0.5041264657707938,4.308522081944504,9.097175250314125,0.10723324493909178,-0.06065041830645699,-0.0011171085842079577
1449352,1789113521508000000,104,HEAD_POSE_ESTIMATE,estimated,-0.5032247651828246,4.3350565244432255,9.156719081264853,0.12903671240194028,-0.07126718294424927,-0.0048843730328422645
1461352,1789113521520000000,105,HEAD_POSE_ESTIMATE,estimated,-0.5130679162005413,4.362463942258211,9.220060992510442,0.1492719950333423,-0.08367986070234909,-0.004384151916055935
1475352,1789113521534000000,106,HEAD_POSE_ESTIMATE,estimated,-0.5579069627354442,4.421072474206636,9.291126910446021,0.16687956710848678,-0.10330950298694123,-0.0060094154437864925
1489352,1789113521548000000,107,HEAD_POSE_ESTIMATE,estimated,-0.6184343427660053,4.488366005414604,9.341336583511044,0.17662293707336763,-0.12865252692030488,-0.0098516046777061
1503352,1789113521562000000,108,HEAD_POSE_ESTIMATE,estimated,-0.65433542923436,4.56941634451206,9.373452592198898,0.18544133032747817,-0.15677062120849208,-0.00983810717690108
1518352,1789113521577000000,109,HEAD_POSE_ESTIMATE,estimated,-0.6693970912608792,4.6162461065555105,9.352026388819773,0.1845925191828051,-0.18700464711643,-0.01565105889761646
1532352,1789113521591000000,110,HEAD_POSE_ESTIMATE,estimated,-0.6623649913553527,4.62594963948798,9.266672540076037,0.1936646313297002,-0.20777885723645464,-0.009897978390557357
1547352,1789113521606000000,111,HEAD_POSE_ESTIMATE,estimated,-0.6076245811503429,4.594393052460865,9.13682492068478,0.21714884034541224,-0.22220407525251712,0.0056008991636858655
1558352,1789113521617000000,112,HEAD_POSE_ESTIMATE,estimated,-0.5432974515185803,4.520903503133764,9.031635549880997,0.26514797980919447,-0.2296021081722319,0.027723991587419762
1572352,1789113521631000000,113,HEAD_POSE_ESTIMATE,estimated,-0.4610648598823774,4.401958078532663,8.848952370089627,0.30962782485477286,-0.22707812909477335,0.057033839795300044
1586352,1789113521645000000,114,HEAD_POSE_ESTIMATE,estimated,-0.35983249597037054,4.291264131540628,8.671050551452145,0.3518376182220392,-0.21695995175658794,0.08902946987922582
1599352,1789113521658000000,115,HEAD_POSE_ESTIMATE,estimated,-0.254940954374974,4.206595290858563,8.499294740872243,0.36562587811204933,-0.19827739860391097,0.11342975694761673
1614352,1789113521673000000,116,HEAD_POSE_ESTIMATE,estimated,-0.1313338210842362,4.120596451855789,8.329969798765442,0.3590774249904034,-0.17326137281939394,0.12664000431050162
1628352,1789113521687000000,117,HEAD_POSE_ESTIMATE,estimated,7.421210845515169e-06,4.08890176620486,8.18324403732133,0.320981094666187,-0.14403551303038772,0.13077938224492588
1642352,1789113521701000000,118,HEAD_POSE_ESTIMATE,estimated,0.11605111727641135,4.0658593838100865,8.087149593024467,0.2524267214491164,-0.11775232603270651,0.12630455189723921
1656352,1789113521715000000,119,HEAD_POSE_ESTIMATE,estimated,0.20353093761140295,4.083150381173158,8.070466771298861,0.16122835899344992,-0.10100384046462808,0.11748677219530139
1671352,1789113521730000000,120,HEAD_POSE_ESTIMATE,estimated,0.22280856170714855,4.155564603413834,8.101025512237241,0.06684558203084648,-0.09032603290443383,0.10267219507028011
1684352,1789113521743000000,121,HEAD_POSE_ESTIMATE,estimated,0.2350780803519558,4.232459657367204,8.142151315815449,-0.03015398613538485,-0.08552347939531102,0.082479724807278
1698352,1789113521757000000,122,HEAD_POSE_ESTIMATE,estimated,0.22827937891019498,4.323062929542957,8.235590842486236,-0.12236917130013532,-0.08661366683558976,0.06395607301311373
1712352,1789113521771000000,123,HEAD_POSE_ESTIMATE,estimated,0.24972091478133196,4.436791518951476,8.320737715682142,-0.18926494791674878,-0.08932893468558147,0.04945967296530228
1726352,1789113521785000000,124,HEAD_POSE_ESTIMATE,estimated,0.27366530516263676,4.496631373976303,8.424387768630067,-0.232098933252387,-0.09578582095660956,0.03447508497504909
1740352,1789113521799000000,125,HEAD_POSE_ESTIMATE,estimated,0.2972983884024128,4.520608002666149,8.491364341366275,-0.23389426377649408,-0.10303886804381118,0.029117755766072544
1754352,1789113521813000000,126,HEAD_POSE_ESTIMATE,estimated,0.29243338371917843,4.537501106003197,8.562141527219937,-0.21881675526614325,-0.111676306428748,0.019561962781728028
1770352,1789113521829000000,127,HEAD_POSE_ESTIMATE,estimated,0.2797579547397183,4.5254009816528935,8.645074775571253,-0.19383418305910305,-0.11936441600850735,0.0069019918417836095
1781352,1789113521840000000,128,HEAD_POSE_ESTIMATE,estimated,0.2722568891871334,4.506358254252689,8.694076648951643,-0.174532767582923,-0.12027202060585165,-0.0050536722761758334
1795352,1789113521854000000,129,HEAD_POSE_ESTIMATE,estimated,0.2547818515359081,4.513820305146801,8.746234252883664,-0.15197863840634399,-0.1218633144391219,-0.015261741077513317
1809352,1789113521868000000,130,HEAD_POSE_ESTIMATE,estimated,0.23871484839894808,4.534188107441044,8.783746697865215,-0.12909679547502667,-0.11884290190945568,-0.022785309805390886
1823352,1789113521882000000,131,HEAD_POSE_ESTIMATE,estimated,0.23009758898266114,4.529422620795064,8.800999935711955,-0.09517698990825468,-0.11394721640026634,-0.02238734008041753
1837352,1789113521896000000,132,HEAD_POSE_ESTIMATE,estimated,0.22507490402602226,4.537772115731794,8.811878027247195,-0.06524167853473478,-0.10767389695927036,-0.013996915649230566
1851352,1789113521910000000,133,HEAD_POSE_ESTIMATE,estimated,0.2219487339147855,4.516478740605888,8.801508241640374,-0.028323139611199644,-0.09962958313437499,-0.007406841953902294
1865352,1789113521924000000,134,HEAD_POSE_ESTIMATE,estimated,0.22034430334326355,4.498510305136812,8.780587434227904,0.009078547677833492,-0.0880410788439176,-0.004024528883914417
1880352,1789113521939000000,135,HEAD_POSE_ESTIMATE,estimated,0.21919988948115193,4.49017005820282,8.75252467653772,0.04007353617486734,-0.07320648230284116,-0.007943031691494363
1893352,1789113521952000000,136,HEAD_POSE_ESTIMATE,estimated,0.2204519188808709,4.454914859353383,8.735013838358556,0.0642226125189765,-0.060121159035758334,-0.012691499524001656
1907352,1789113521966000000,137,HEAD_POSE_ESTIMATE,estimated,0.22114770623259394,4.435360917358101,8.700182412463814,0.08053557249370487,-0.04627610724827812,-0.018302259939916854
1921352,1789113521980000000,138,HEAD_POSE_ESTIMATE,estimated,0.20931809020183922,4.429095381242311,8.681334694700464,0.08927012057436429,-0.03361206335288284,-0.025508135224801193
1935352,1789113521994000000,139,HEAD_POSE_ESTIMATE,estimated,0.19050920337524108,4.418560968650537,8.662744464325549,0.07970229388052044,-0.02316763734441333,-0.03435738679977402
1949352,1789113522008000000,140,HEAD_POSE_ESTIMATE,estimated,0.16653652919435524,4.403574786018951,8.672520179128533,0.056629784136082495,-0.015061245776144138,-0.04452436156641553
1963352,1789113522022000000,141,HEAD_POSE_ESTIMATE,estimated,0.14602972106745135,4.392179484969138,8.672585233956601,0.03104931697227215,-0.008195859579678754,-0.05381087765872191
1977352,1789113522036000000,142,HEAD_POSE_ESTIMATE,estimated,0.12527411239705893,4.387577296557321,8.672868924773462,0.0051536687940144845,-0.0010043108794946815,-0.06105809322906031
1991352,1789113522050000000,143,HEAD_POSE_ESTIMATE,estimated,0.1257440306434151,4.376923988241496,8.693712138581132,-0.01731550359918941,0.0060482217080533585,-0.06905205659831344
2008352,1789113522067000000,144,HEAD_POSE_ESTIMATE,estimated,0.1246962240829998,4.368695031862224,8.734796561521238,-0.036724453687213575,0.013793280635104517,-0.07584303459756933
2019352,1789113522078000000,145,HEAD_POSE_ESTIMATE,estimated,0.1348926919400052,4.368212998389368,8.766661201892006,-0.04223422306761435,0.01971824338860753,-0.0783596520111869
2031352,1789113522090000000,146,HEAD_POSE_ESTIMATE,estimated,0.1281612500256495,4.376142161241153,8.792445406009033,-0.050588083236867525,0.02425821092793533,-0.08151927892884588
2046352,1789113522105000000,147,HEAD_POSE_ESTIMATE,estimated,0.135079906678971,4.3851858595417745,8.825562023024803,-0.05983204014235928,0.027018000063718264,-0.07769642496181403
2063352,1789113522122000000,148,HEAD_POSE_ESTIMATE,estimated,0.15320827818794938,4.392564342129693,8.855904655571688,-0.06516259729048135,0.028494990995101936,-0.06789981507542445
2075352,1789113522134000000,149,HEAD_POSE_ESTIMATE,estimated,0.15842668015366823,4.377237620281075,8.876544905552382,-0.06676865428658184,0.025754192870905464,-0.052486678452687306
2086352,1789113522145000000,150,HEAD_POSE_ESTIMATE,estimated,0.17642882773364632,4.3619976018003666,8.903942514452808,-0.06612164066297053,0.02142147979941625,-0.03393955652416827
2101352,1789113522160000000,151,HEAD_POSE_ESTIMATE,estimated,0.20526346457621392,4.325407403582254,8.940540839198762,-0.06501270760491924,0.01892807447107764,-0.014912630948127946
2114352,1789113522173000000,152,HEAD_POSE_ESTIMATE,estimated,0.2325208687453409,4.303952667505282,8.982368189034933,-0.06849452941498003,0.020216389155211897,-0.0002508440808326044
2128352,1789113522187000000,153,HEAD_POSE_ESTIMATE,estimated,0.24843963702740707,4.310525027794896,9.009380908010696,-0.06982872216005806,0.026843429361843994,0.001196304546367136
2142352,1789113522201000000,154,HEAD_POSE_ESTIMATE,estimated,0.2601046650326754,4.3462494527127635,9.015831641918187,-0.06917599003553229,0.029853438993535358,0.0020606855871226643
2157352,1789113522216000000,155,HEAD_POSE_ESTIMATE,estimated,0.28112683996267707,4.3638064189623265,9.022259357675035,-0.06302305731993894,0.03345837821367806,-0.003692920564718031
2170352,1789113522229000000,156,HEAD_POSE_ESTIMATE,estimated,0.2797483142649049,4.33784935147166,9.019079588351232,-0.05357476282057621,0.037292984819678944,-0.016729133042359266
2184352,1789113522243000000,157,HEAD_POSE_ESTIMATE,estimated,0.26710040454215056,4.3169703055188275,8.982733692882139,-0.04112451397322629,0.03756922417482113,-0.03253183418349478
2199352,1789113522258000000,158,HEAD_POSE_ESTIMATE,estimated,0.2471562758391681,4.283336086986219,8.95303396507978,-0.02353518980209723,0.035265982180481735,-0.050104396069312315
2212352,1789113522271000000,159,HEAD_POSE_ESTIMATE,estimated,0.23357079196374966,4.256481930461259,8.942238269234169,-0.009893593794360661,0.031009091952126287,-0.06597851631937403
2225352,1789113522284000000,160,HEAD_POSE_ESTIMATE,estimated,0.21409480222228255,4.248832882567846,8.919064605857761,0.00087515942272599,0.02557939341196175,-0.0780747809256469
2243352,1789113522302000000,161,HEAD_POSE_ESTIMATE,estimated,0.17095979389054305,4.251025224643247,8.87601510142899,0.012353785455936966,0.01910468948747632,-0.08841913789492968
2254352,1789113522313000000,162,HEAD_POSE_ESTIMATE,estimated,0.13461463740034926,4.261370631473394,8.846119672489838,0.018346590806638387,0.013740376489468522,-0.0862796117666801
2266352,1789113522325000000,163,HEAD_POSE_ESTIMATE,estimated,0.09913110051921929,4.259051821719026,8.813697069901039,0.02188612655700228,0.008659830463415225,-0.08153914702041959
2282352,1789113522341000000,164,HEAD_POSE_ESTIMATE,estimated,0.04782706628586207,4.250286844017469,8.785662368976267,0.01968275551019021,0.0033588571704169807,-0.07261197371816909
2295352,1789113522354000000,165,HEAD_POSE_ESTIMATE,estimated,0.010827728385201147,4.243073277101473,8.769617332588298,0.014212340522121702,0.001020018555140123,-0.06395594811234573
2308352,1789113522367000000,166,HEAD_POSE_ESTIMATE,estimated,-0.0019668415586145236,4.243964102465558,8.777194676441747,0.00401865880464018,-0.0027477212837426863,-0.05247166427259332
2322352,1789113522381000000,167,HEAD_POSE_ESTIMATE,estimated,-0.0011247180520414352,4.26204179677905,8.781578471016868,-0.003872297437280254,-0.010613466059025757,-0.03855433814115539
2336352,1789113522395000000,168,HEAD_POSE_ESTIMATE,estimated,-0.0038025391893322237,4.293356969262905,8.787264696486075,-0.008710223729403858,-0.020520937606037338,-0.026077370582334405
2350352,1789113522409000000,169,HEAD_POSE_ESTIMATE,estimated,-0.002597914288265747,4.314131519898332,8.787420934388281,-0.007138447262497135,-0.03400651730880455,-0.01424926027621938
2364352,1789113522423000000,170,HEAD_POSE_ESTIMATE,estimated,-0.0004685209358887103,4.3381399715111,8.774555155700856,-0.0016718708742422773,-0.0454837258388982,-0.007710748904750772
2378352,1789113522437000000,171,HEAD_POSE_ESTIMATE,estimated,-0.004895902425417233,4.33773060512035,8.771922299340448,0.009099897772757427,-0.05702445042800976,-0.0058951624475782165
2394352,1789113522453000000,172,HEAD_POSE_ESTIMATE,estimated,0.001771870813582519,4.323293514690869,8.779547429257274,0.01997532490302935,-0.06545015821173127,-0.002287477927553253
2405352,1789113522464000000,173,HEAD_POSE_ESTIMATE,estimated,0.016015126262077857,4.33509412530864,8.785432779413581,0.022636018676461263,-0.06879700232225824,0.00026096600776399253
2419352,1789113522478000000,174,HEAD_POSE_ESTIMATE,estimated,0.040184158804918185,4.350429969167851,8.800958337660415,0.021663680573668954,-0.07064984279537558,0.007978616209519824
2433352,1789113522492000000,175,HEAD_POSE_ESTIMATE,estimated,0.0539789184917107,4.352544705852223,8.818731027597403,0.021334693216225973,-0.07320668122908407,0.019648429209600755
2447352,1789113522506000000,176,HEAD_POSE_ESTIMATE,estimated,0.07632081554955937,4.36923761190632,8.828990895308863,0.022593153542750117,-0.07376059215479479,0.028152543299022826
2461352,1789113522520000000,177,HEAD_POSE_ESTIMATE,estimated,0.08560628896205398,4.355776390988403,8.849179362439626,0.026576726349164758,-0.0743553843191547,0.043362230700644065
2475352,1789113522534000000,178,HEAD_POSE_ESTIMATE,estimated,0.12086708252406564,4.36395289767461,8.82669572498271,0.029107209023206102,-0.07180503860251819,0.05370928487681644
2490352,1789113522549000000,179,HEAD_POSE_ESTIMATE,estimated,0.14661576582503524,4.350400767715269,8.830383943320312,0.03201322448720391,-0.06440061245895427,0.06223609455946362
2503352,1789113522562000000,180,HEAD_POSE_ESTIMATE,estimated,0.17391298510323933,4.337469333729273,8.833017655170524,0.03417575085450532,-0.05721896241315367,0.06841231447181935
2516352,1789113522575000000,181,HEAD_POSE_ESTIMATE,estimated,0.2085320616415515,4.340363363162588,8.822144097998288,0.03595528257513618,-0.0482273175115589,0.07317415074378858
2531352,1789113522590000000,182,HEAD_POSE_ESTIMATE,estimated,0.23313058923094934,4.325454350432478,8.8274837538029,0.044996763476934085,-0.03268153356792369,0.06528885099845107
2549352,1789113522608000000,183,HEAD_POSE_ESTIMATE,estimated,0.2459701528117475,4.305828992493604,8.826792936044718,0.05756916608436908,-0.016207840965502155,0.048997994908967696
2569352,1789113522628000000,184,HEAD_POSE_ESTIMATE,estimated,0.2447001654108815,4.271136400797808,8.836291376364418,0.06908837780924035,0.004019827817267541,0.01883622290283882
2582352,1789113522641000000,185,HEAD_POSE_ESTIMATE,estimated,0.24511733449836398,4.267520846558307,8.856516061671108,0.06742024768133195,0.01855251742598084,-0.005235679090084529
2595352,1789113522654000000,186,HEAD_POSE_ESTIMATE,estimated,0.23376606480881423,4.266646816875919,8.89685448659935,0.05108368455734116,0.02770617769302026,-0.0251862976133744
2609352,1789113522668000000,187,HEAD_POSE_ESTIMATE,estimated,0.23256114247098558,4.282977072556929,8.933048300493308,0.026238898256212978,0.041098641505570556,-0.046659599360990296
2623352,1789113522682000000,188,HEAD_POSE_ESTIMATE,estimated,0.21513166541757134,4.307645106293245,8.959043710525181,-0.004557338731707236,0.04721964501155336,-0.0645982658406145
2637352,1789113522696000000,189,HEAD_POSE_ESTIMATE,estimated,0.2108658214173713,4.309594201510866,8.992377355851003,-0.03862519683510698,0.04764339236826267,-0.08115133273597197
2651352,1789113522710000000,190,HEAD_POSE_ESTIMATE,estimated,0.20308462790561668,4.322443051584229,9.020398037832491,-0.06233239830594299,0.04239056735622757,-0.08593239120694993
2665352,1789113522724000000,191,HEAD_POSE_ESTIMATE,estimated,0.18084165667754665,4.301694528119139,9.06802835294588,-0.08937206186434318,0.03228887289408207,-0.08978720476414533
2679352,1789113522738000000,192,HEAD_POSE_ESTIMATE,estimated,0.17291488059375865,4.292483965673282,9.103905219176625,-0.11373135922656862,0.015610104961765285,-0.08688735332825295
2694352,1789113522753000000,193,HEAD_POSE_ESTIMATE,estimated,0.17542893144084926,4.320157937932767,9.115925163637552,-0.12369050902476009,-0.004151959740072444,-0.08157998367168294
2708352,1789113522767000000,194,HEAD_POSE_ESTIMATE,estimated,0.16247886930066874,4.342445963824231,9.141597920296741,-0.12502588637086748,-0.022916166768017675,-0.0773566662394917
2723352,1789113522782000000,195,HEAD_POSE_ESTIMATE,estimated,0.1597901170276394,4.364731112770242,9.157392058553157,-0.11471648746451671,-0.041503899908041,-0.07198508531661797
2738352,1789113522797000000,196,HEAD_POSE_ESTIMATE,estimated,0.15252664446668063,4.361837950109771,9.151531325357194,-0.09537376094933343,-0.056726266392269326,-0.07099512009429543
2750352,1789113522809000000,197,HEAD_POSE_ESTIMATE,estimated,0.1450961350899385,4.337642576465924,9.144893053529483,-0.07311045894681038,-0.06666219987743863,-0.06694867167167536
2765352,1789113522824000000,198,HEAD_POSE_ESTIMATE,estimated,0.1385594277053909,4.303602920927168,9.127141543163365,-0.04405748755783264,-0.07408893740085477,-0.06249680192094152
2778352,1789113522837000000,199,HEAD_POSE_ESTIMATE,estimated,0.13418613480649227,4.262970566302001,9.103984226833225,-0.023495403050174102,-0.07532928795520091,-0.06268525239419778
2792352,1789113522851000000,200,HEAD_POSE_ESTIMATE,estimated,0.1156347977426595,4.239351160175343,9.091055091424698,4.3619642432114176e-05,-0.07449589320559492,-0.06044883508419685
2807352,1789113522866000000,201,HEAD_POSE_ESTIMATE,estimated,0.10392240553343944,4.230623558959994,9.067668067687297,0.021344346053339527,-0.06908662331232852,-0.06173639308046188
2821352,1789113522880000000,202,HEAD_POSE_ESTIMATE,estimated,0.10269965608964542,4.228727666058083,9.03651459448005,0.036289573539567584,-0.061262138099320296,-0.06717830946536027
2834352,1789113522893000000,203,HEAD_POSE_ESTIMATE,estimated,0.1150501896639603,4.2338167600197725,9.021273521826137,0.04782120416181977,-0.055391303889402284,-0.07716415168209718
2849352,1789113522908000000,204,HEAD_POSE_ESTIMATE,estimated,0.12914583512548236,4.248685512141408,8.991643191035283,0.04957895887590651,-0.04734195365741658,-0.09042899712167166
2863352,1789113522922000000,205,HEAD_POSE_ESTIMATE,estimated,0.14649558904663484,4.262782457215625,8.980952075253544,0.03934259699144766,-0.0414713438927798,-0.10192469721756313
2877352,1789113522936000000,206,HEAD_POSE_ESTIMATE,estimated,0.132306953776756,4.278416609197364,8.998960792117114,0.02006915910917966,-0.036891684897190344,-0.11088293805941192
2891352,1789113522950000000,207,HEAD_POSE_ESTIMATE,estimated,0.12687667196063687,4.303895793854188,9.01491083680488,-0.003395007442900663,-0.03238002105368185,-0.11524289886326036
2905352,1789113522964000000,208,HEAD_POSE_ESTIMATE,estimated,0.107361188462467,4.3197721919839305,9.034698665209717,-0.023668346143767276,-0.029047539722211545,-0.11496545553725712
2919352,1789113522978000000,209,HEAD_POSE_ESTIMATE,estimated,0.09541335457947042,4.361301161069161,9.046701976656673,-0.040062389459071215,-0.029467845454576085,-0.10993419587660964
2933352,1789113522992000000,210,HEAD_POSE_ESTIMATE,estimated,0.08960969009728605,4.3952479024929385,9.052857217966315,-0.043926921660041196,-0.028093624262044425,-0.10317666206935856
2946352,1789113523005000000,211,HEAD_POSE_ESTIMATE,estimated,0.09154811346134942,4.401607689502956,9.050574365794656,-0.03616965008039877,-0.027212854106502746,-0.09785261396257533
2961352,1789113523020000000,212,HEAD_POSE_ESTIMATE,estimated,0.08704225685137473,4.391723397561569,9.026116570055564,-0.010677996276982824,-0.020865262163469803,-0.09212167744741616
2975352,1789113523034000000,213,HEAD_POSE_ESTIMATE,estimated,0.08368883728974214,4.371385340955953,8.999277307281806,0.019765386681870153,-0.014567833402258583,-0.09035288148461389
2988352,1789113523047000000,214,HEAD_POSE_ESTIMATE,estimated,0.0880656999249315,4.360745805032701,8.981741417076654,0.04846295208779185,-0.006670042195065143,-0.0880897374500015
3003352,1789113523062000000,215,HEAD_POSE_ESTIMATE,estimated,0.0933842375250555,4.346648060693642,8.967579316276371,0.08119755868179337,0.006891325600996793,-0.08600431522782169
3017352,1789113523076000000,216,HEAD_POSE_ESTIMATE,estimated,0.08033222387611548,4.3538506945499575,8.963751345038792,0.10644054598029087,0.02516359493646185,-0.08500762448688284
3032352,1789113523091000000,217,HEAD_POSE_ESTIMATE,estimated,0.0881041856570069,4.365467675300637,8.96070857546747,0.12533920157725453,0.04061763444214745,-0.08259935350050548
3045352,1789113523104000000,218,HEAD_POSE_ESTIMATE,estimated,0.10419316956118685,4.375290926315224,8.954424319697468,0.13384847784104956,0.05277229756033996,-0.08019079719103722
3059352,1789113523118000000,219,HEAD_POSE_ESTIMATE,estimated,0.10378863268249654,4.39244494885985,8.94583379712108,0.1307576621083384,0.06353533643679897,-0.07748159765015487
3074352,1789113523133000000,220,HEAD_POSE_ESTIMATE,estimated,0.10446175599811494,4.409950060751777,8.932119744196154,0.12586681645770068,0.06853245103636059,-0.0772832279383844
3089352,1789113523148000000,221,HEAD_POSE_ESTIMATE,estimated,0.087026126316524,4.425096051285239,8.924905297785939,0.1202835920778222,0.06808114254753149,-0.08072057617780762
3100352,1789113523159000000,222,HEAD_POSE_ESTIMATE,estimated,0.06744182168642326,4.4371469229672105,8.921975581518915,0.11755067718357619,0.06144016914711514,-0.0868542175540507
3114352,1789113523173000000,223,HEAD_POSE_ESTIMATE,estimated,0.05742700589450478,4.458621904887678,8.918976927810997,0.11455199711026813,0.052192471322160754,-0.09723283752241614
3130352,1789113523189000000,224,HEAD_POSE_ESTIMATE,estimated,0.03962777437590279,4.496747110991037,8.9019319727828,0.11633938396471256,0.03751365384799398,-0.11024639211153964
3141352,1789113523200000000,225,HEAD_POSE_ESTIMATE,estimated,0.03475911147562713,4.542129335551128,8.89580962585331,0.12286467393314497,0.02547353022304405,-0.1182807210972168
3155352,1789113523214000000,226,HEAD_POSE_ESTIMATE,estimated,0.0183735943913901,4.575683748058884,8.878562359842713,0.12954558189692417,0.009701539397205496,-0.12152541459533969
3170352,1789113523229000000,227,HEAD_POSE_ESTIMATE,estimated,0.0037404968275584066,4.601620641655167,8.845394968946177,0.13870183390415464,-0.006621913765574754,-0.11638924490219896
3183352,1789113523242000000,228,HEAD_POSE_ESTIMATE,estimated,-0.0035699899123816797,4.613142603474873,8.830241126439336,0.14612282613106248,-0.02231589177660278,-0.10772915897006681
3197352,1789113523256000000,229,HEAD_POSE_ESTIMATE,estimated,-0.006132619299271114,4.601599483631278,8.821853126842404,0.15691589959578797,-0.034036347406494076,-0.09251185646879873
3211352,1789113523270000000,230,HEAD_POSE_ESTIMATE,estimated,-0.014511406749016714,4.590581885295141,8.811423708161895,0.16993915063730533,-0.04553353046849921,-0.08308715810282624
3225352,1789113523284000000,231,HEAD_POSE_ESTIMATE,estimated,-0.022708512718779487,4.583773511697756,8.777267073109272,0.1805687750631529,-0.056362946951308904,-0.07691939461183203
3241352,1789113523300000000,232,HEAD_POSE_ESTIMATE,estimated,-0.04059175491697136,4.589272267519284,8.754699154416421,0.1879834656332774,-0.06845957801249508,-0.07787738017767092
3253352,1789113523312000000,233,HEAD_POSE_ESTIMATE,estimated,-0.0503342614845686,4.59769886175606,8.724745241999264,0.19330666478536726,-0.07502099153602242,-0.08479987416794486
3269352,1789113523328000000,234,HEAD_POSE_ESTIMATE,estimated,-0.056721502273160716,4.609498737940221,8.660535122732275,0.19734050069467282,-0.0816915639382765,-0.09417716307656722
3283352,1789113523342000000,235,HEAD_POSE_ESTIMATE,estimated,-0.07281400903278581,4.614193267608473,8.597772472531378,0.20265739014080547,-0.08672933310141295,-0.10890553502328532
3294352,1789113523353000000,236,HEAD_POSE_ESTIMATE,estimated,-0.07239551148857576,4.614115789859528,8.559627551182807,0.20410923373709364,-0.08691702953635663,-0.12186823821331123
3308352,1789113523367000000,237,HEAD_POSE_ESTIMATE,estimated,-0.07239092611307987,4.605831423127529,8.516972680671973,0.20398087652900257,-0.08616365402375789,-0.13203208155417684
3322352,1789113523381000000,238,HEAD_POSE_ESTIMATE,estimated,-0.06576709811327396,4.6031896670753,8.483591714683023,0.19701855308478927,-0.083411598206825,-0.13389509140586267
3336352,1789113523395000000,239,HEAD_POSE_ESTIMATE,estimated,-0.05141120564191522,4.636803944854212,8.470442551751745,0.18516298664482847,-0.08307169165056266,-0.12377676782957191
3349352,1789113523408000000,240,HEAD_POSE_ESTIMATE,estimated,-0.03310535447708509,4.680576606705285,8.45546597830072,0.1701393449385727,-0.08134217236799808,-0.10727085347840987
3364352,1789113523423000000,241,HEAD_POSE_ESTIMATE,estimated,0.005308437133228393,4.72983119423597,8.451126390638612,0.15471269385326464,-0.07796311816403637,-0.09225771906232201
3377352,1789113523436000000,242,HEAD_POSE_ESTIMATE,estimated,0.025064404684783284,4.753162164263618,8.440124237618017,0.14262247855861387,-0.0768619938272958,-0.07617282780047677
3392352,1789113523451000000,243,HEAD_POSE_ESTIMATE,estimated,0.06291322487239298,4.766973896535974,8.441672532036213,0.1332290194387439,-0.07283247434067176,-0.07008932570506059
3405352,1789113523464000000,244,HEAD_POSE_ESTIMATE,estimated,0.09869812057006751,4.772521097625509,8.456086344755837,0.12893876325573125,-0.06789833338734996,-0.0718023987179597
3419352,1789113523478000000,245,HEAD_POSE_ESTIMATE,estimated,0.10849068123733821,4.761404681783657,8.44328316879328,0.1218162343348173,-0.0636957127573464,-0.0843952962974508
3433352,1789113523492000000,246,HEAD_POSE_ESTIMATE,estimated,0.09486275160933386,4.788243794629079,8.41721785037642,0.11463790648152758,-0.05897340284499928,-0.10383858606885278
3447352,1789113523506000000,247,HEAD_POSE_ESTIMATE,estimated,0.07325092536497577,4.816873647394614,8.407540107516267,0.1075236358001181,-0.055026036699957766,-0.12513991652887899
3461352,1789113523520000000,248,HEAD_POSE_ESTIMATE,estimated,0.06717515862592305,4.844784227512041,8.428921686939423,0.10368930417370176,-0.05097312640968282,-0.142570662037996
3475352,1789113523534000000,249,HEAD_POSE_ESTIMATE,estimated,0.06197152458604574,4.854968990518007,8.44034802654473,0.10275062847503716,-0.04796218044230444,-0.1630811669289726
3489352,1789113523548000000,250,HEAD_POSE_ESTIMATE,estimated,0.05559537747698071,4.855717229783492,8.470632317499971,0.10515355573762677,-0.0463735980676507,-0.17504496223343763
3503352,1789113523562000000,251,HEAD_POSE_ESTIMATE,estimated,0.052105339961029645,4.851162869134729,8.487876796052886,0.10830563795081673,-0.047469421505971825,-0.17676245716520655
3516352,1789113523575000000,252,HEAD_POSE_ESTIMATE,estimated,0.05212790852991422,4.856451739160526,8.513695199218187,0.111691975871442,-0.05152352680211441,-0.16838382494536394
3531352,1789113523590000000,253,HEAD_POSE_ESTIMATE,estimated,0.057364115741305316,4.879821305411148,8.529960576373737,0.11611535501600341,-0.05770646227421486,-0.15562911251292316
3548352,1789113523607000000,254,HEAD_POSE_ESTIMATE,estimated,0.07367939159167122,4.92674980336635,8.540414105885075,0.1260069987707672,-0.06434933377039193,-0.14375983297869768
3562352,1789113523621000000,255,HEAD_POSE_ESTIMATE,estimated,0.07848802463320734,4.987202076444645,8.523449021654555,0.1364227773494847,-0.06749737396846539,-0.13543558460490518
3571352,1789113523630000000,256,HEAD_POSE_ESTIMATE,estimated,0.08279699989323792,5.022624884320376,8.514420710194537,0.1456457993645151,-0.0679736063613093,-0.13119004939975973
3586352,1789113523645000000,257,HEAD_POSE_ESTIMATE,estimated,0.10310229775990659,5.062589631195077,8.50802646627976,0.1580844190891849,-0.0698487500803053,-0.1319163071716982
3599352,1789113523658000000,258,HEAD_POSE_ESTIMATE,estimated,0.10886258510067104,5.0877855950316535,8.491189282312908,0.17146636986791272,-0.07477546634199786,-0.1456016419190869
3613352,1789113523672000000,259,HEAD_POSE_ESTIMATE,estimated,0.09070644113341694,5.1204225235852965,8.46119149207007,0.18452604806568312,-0.08149484093159336,-0.16513901029616937
3627352,1789113523686000000,260,HEAD_POSE_ESTIMATE,estimated,0.0836547467664582,5.15674573309908,8.443603024433498,0.19161117655646903,-0.0902171986439498,-0.1850574504961435
3641352,1789113523700000000,261,HEAD_POSE_ESTIMATE,estimated,0.06481299660771725,5.191982597365523,8.4060559333479,0.19808537942420995,-0.10234296421628387,-0.2075004663934081
3655352,1789113523714000000,262,HEAD_POSE_ESTIMATE,estimated,0.03033982897057866,5.236739040015527,8.373578125448983,0.20518197355137707,-0.11698766959594208,-0.23177176025670182
3670352,1789113523729000000,263,HEAD_POSE_ESTIMATE,estimated,0.01736254373439479,5.254013450666711,8.367751702449237,0.2113456233480279,-0.13529805672708592,-0.24897647730154202
3684352,1789113523743000000,264,HEAD_POSE_ESTIMATE,estimated,0.022571246178025084,5.264022787524697,8.38105581012976,0.21298332584577848,-0.15274343184431283,-0.25665909755099087
3696352,1789113523755000000,265,HEAD_POSE_ESTIMATE,estimated,0.026972367074920567,5.277063801942911,8.383756529123477,0.21201496244325585,-0.1690852791193322,-0.25432208259702904
3712352,1789113523771000000,266,HEAD_POSE_ESTIMATE,estimated,0.021206532636096245,5.291005657473242,8.399272795807214,0.2081834655812925,-0.18890439957597288,-0.24975131586500945
3727352,1789113523786000000,267,HEAD_POSE_ESTIMATE,estimated,0.014212115163492134,5.311916996645072,8.393000941831552,0.2040668738584741,-0.20641206845567917,-0.2441389686278843
3738352,1789113523797000000,268,HEAD_POSE_ESTIMATE,estimated,0.005905187989724767,5.346394376364559,8.38110888054769,0.20013492782699965,-0.2168491144888934,-0.24030315062578245
3752352,1789113523811000000,269,HEAD_POSE_ESTIMATE,estimated,-0.0012856608229809413,5.387338439802155,8.360401696026559,0.1937140147316099,-0.22832912976296116,-0.23351415775485554
3767352,1789113523826000000,270,HEAD_POSE_ESTIMATE,estimated,0.001383542917757885,5.4300456208596115,8.329729280157704,0.18841686182207273,-0.23559225704818493,-0.22599418334451327
3782352,1789113523841000000,271,HEAD_POSE_ESTIMATE,estimated,0.00477348222166827,5.4793786586639195,8.285369223370912,0.19096170096841733,-0.23579046730797346,-0.22288605519736357
3795352,1789113523854000000,272,HEAD_POSE_ESTIMATE,estimated,0.04142366800748963,5.514893719500044,8.23931389928041,0.1947656644532515,-0.2302419966594941,-0.2180132599056066
3807352,1789113523866000000,273,HEAD_POSE_ESTIMATE,estimated,0.07014979952697226,5.535741171341433,8.184965939458941,0.20562278027425476,-0.2153353842203275,-0.2172336016157806
3821352,1789113523880000000,274,HEAD_POSE_ESTIMATE,estimated,0.1098128705684727,5.558229501015581,8.09626829532119,0.22134924864805555,-0.19380635476833266,-0.21967432467989337
3836352,1789113523895000000,275,HEAD_POSE_ESTIMATE,estimated,0.16171660950888386,5.5390715805871285,8.015075640392043,0.24688447564978275,-0.16854991511514084,-0.22631935936524425
3850352,1789113523909000000,276,HEAD_POSE_ESTIMATE,estimated,0.23071872002659222,5.49680172075388,7.925406695427327,0.2780704376182198,-0.15075390841502123,-0.24274238565043393
3864352,1789113523923000000,277,HEAD_POSE_ESTIMATE,estimated,0.2542996708573506,5.456379865601916,7.804233643982533,0.3084603519466793,-0.13866896162707562,-0.2638718620807574
3878352,1789113523937000000,278,HEAD_POSE_ESTIMATE,estimated,0.24667764366224862,5.435155827516495,7.6886221870819025,0.34227499622775437,-0.13648911767440455,-0.2908145307782356
3892352,1789113523951000000,279,HEAD_POSE_ESTIMATE,estimated,0.24595827547168855,5.412122061369683,7.586747056026195,0.36517379529808996,-0.14879627252106015,-0.32511813056840455
3906352,1789113523965000000,280,HEAD_POSE_ESTIMATE,estimated,0.22495477279009352,5.423986625025924,7.509682902904645,0.371295542668844,-0.17638644601537,-0.36110830173160263
3921352,1789113523980000000,281,HEAD_POSE_ESTIMATE,estimated,0.2000964712371257,5.44316188982323,7.452349156538474,0.35278363615164515,-0.22041177633183634,-0.39647894835516156
3934352,1789113523993000000,282,HEAD_POSE_ESTIMATE,estimated,0.1432455829412439,5.496086784511875,7.431285928876169,0.32116365627865395,-0.270600923757781,-0.42907429603567254
3948352,1789113524007000000,283,HEAD_POSE_ESTIMATE,estimated,0.12163917054297532,5.558679085198519,7.422466099396633,0.2712864248720163,-0.3184903864223066,-0.44710731462598313
3962352,1789113524021000000,284,HEAD_POSE_ESTIMATE,estimated,0.09332262339754531,5.640465523113866,7.448699424216923,0.2041818638314403,-0.37207380494269016,-0.456650896273541
3976352,1789113524035000000,285,HEAD_POSE_ESTIMATE,estimated,0.0648540825008736,5.734551589188607,7.51101627192959,0.13398677246146865,-0.41889811229093804,-0.4639609230496987
3991352,1789113524050000000,286,HEAD_POSE_ESTIMATE,estimated,0.061030755472080374,5.8100844952140624,7.610980563828894,0.06640780443401369,-0.45877999881072085,-0.4567908994107898
4005352,1789113524064000000,287,HEAD_POSE_ESTIMATE,estimated,0.06434467348648573,5.890840623347142,7.71109169684928,0.011444420154052786,-0.4907865393347236,-0.43970891267221934
4019352,1789113524078000000,288,HEAD_POSE_ESTIMATE,estimated,0.0783977768197878,5.960862594097838,7.812546945480663,-0.021586718697447705,-0.5094422629516815,-0.41456558239443225
4033352,1789113524092000000,289,HEAD_POSE_ESTIMATE,estimated,0.08449434605127516,6.015717525038033,7.9190277797858855,-0.04114501606140321,-0.5231163406016658,-0.3798064129783188
4049352,1789113524108000000,290,HEAD_POSE_ESTIMATE,estimated,0.12571814514849175,6.037801921918389,8.060218123413273,-0.0429599985318501,-0.5214446130662408,-0.3345248206763088
4059352,1789113524118000000,291,HEAD_POSE_ESTIMATE,estimated,0.15133117326873155,6.045666509590937,8.128639388269605,-0.02967075738978249,-0.514519527443512,-0.302216171994901
4074352,1789113524133000000,292,HEAD_POSE_ESTIMATE,estimated,0.18699484697762842,6.068069502395566,8.211374242018492,-0.01069295747828907,-0.4932808826460821,-0.2546602305209672
4088352,1789113524147000000,293,HEAD_POSE_ESTIMATE,estimated,0.2441761516871217,6.087708917137937,8.269653048594913,0.01302850461664533,-0.46494862161988704,-0.21453578090441905
4101352,1789113524160000000,294,HEAD_POSE_ESTIMATE,estimated,0.2755107077857041,6.1028905685197605,8.303655780507935,0.03898606258013747,-0.4347888991491739,-0.1887065682708008
4115352,1789113524174000000,295,HEAD_POSE_ESTIMATE,estimated,0.30876081834993085,6.098703544705332,8.310824752715492,0.07164578089951029,-0.40146109054034673,-0.17331665708605945
4129352,1789113524188000000,296,HEAD_POSE_ESTIMATE,estimated,0.33747675699702817,6.077767043020991,8.297042555789957,0.1088375925801022,-0.36962852026487175,-0.17684002119069714
4143352,1789113524202000000,297,HEAD_POSE_ESTIMATE,estimated,0.3566305275131968,6.0527722747260775,8.256332903558437,0.14823391481784554,-0.34142382313661745,-0.1954052822765799
4157352,1789113524216000000,298,HEAD_POSE_ESTIMATE,estimated,0.3742113700346737,6.0287835623166055,8.216684285210492,0.18319723006693964,-0.3221556479330275,-0.22106454111372068
4171352,1789113524230000000,299,HEAD_POSE_ESTIMATE,estimated,0.3996238825338062,5.9740283079698715,8.150459073090488,0.21384933851959073,-0.32056974527969245,-0.26326784246831847
4185352,1789113524244000000,300,HEAD_POSE_ESTIMATE,estimated,0.37975980719807356,5.95397078459193,8.075760932101865,0.23553071226050099,-0.3193743911840573,-0.30359174315899073
4198352,1789113524257000000,301,HEAD_POSE_ESTIMATE,estimated,0.3589543438709819,5.942610498477755,8.002737866634815,0.24436842402457912,-0.32739235124097293,-0.3362499951092624
4212352,1789113524271000000,302,HEAD_POSE_ESTIMATE,estimated,0.33793400185140665,5.944572638093397,7.938753340140027,0.23804581203668013,-0.3379599909806191,-0.3673150897273096
4226352,1789113524285000000,303,HEAD_POSE_ESTIMATE,estimated,0.31539426107369223,5.969846819530684,7.889162393779111,0.225349965012198,-0.34392299564838746,-0.3860632240603155
4240352,1789113524299000000,304,HEAD_POSE_ESTIMATE,estimated,0.29064894061840946,5.984285200540928,7.835961778081485,0.20741507996652803,-0.3533323970355299,-0.39870900475990906
4254352,1789113524313000000,305,HEAD_POSE_ESTIMATE,estimated,0.2635231061746413,5.9816376546008945,7.800178298999427,0.1941336597255697,-0.3561331705863259,-0.40104739243998355
4267352,1789113524326000000,306,HEAD_POSE_ESTIMATE,estimated,0.24600075948622277,5.9775583732722275,7.775078743988571,0.18259402441309006,-0.3587643765467929,-0.3981836757350639
4282352,1789113524341000000,307,HEAD_POSE_ESTIMATE,estimated,0.23543438783219994,5.977567276479913,7.7428582290711105,0.17315891694610314,-0.36144397704582426,-0.3927334532637968
4295352,1789113524354000000,308,HEAD_POSE_ESTIMATE,estimated,0.24053233097354693,5.993232953708481,7.726784639599303,0.17571808370824626,-0.3625988603682631,-0.3903842615478531
4310352,1789113524369000000,309,HEAD_POSE_ESTIMATE,estimated,0.2511033238657834,6.004820438253276,7.720379417181435,0.1756737227166245,-0.3631842907468257,-0.3868778925633678
4324352,1789113524383000000,310,HEAD_POSE_ESTIMATE,estimated,0.25346348035141986,6.028853726675622,7.702817480801162,0.17335041359634606,-0.36392715311657503,-0.38220272042589754
4336352,1789113524395000000,311,HEAD_POSE_ESTIMATE,estimated,0.24669547971278669,6.053971359456889,7.683075386577723,0.16992633760997672,-0.36458925861813624,-0.3838342140405707
4351352,1789113524410000000,312,HEAD_POSE_ESTIMATE,estimated,0.2516878079597461,6.063970408546306,7.656323107399439,0.16158126383030116,-0.3654818089336123,-0.382519481817187
4365352,1789113524424000000,313,HEAD_POSE_ESTIMATE,estimated,0.2616928360900782,6.058634214229681,7.622531294005723,0.15097148745323652,-0.3672171908992972,-0.3831326061992844
4378352,1789113524437000000,314,HEAD_POSE_ESTIMATE,estimated,0.247787218651442,6.045774324496697,7.576819699483477,0.1396140694676902,-0.371415977832607,-0.38766909966079993
4392352,1789113524451000000,315,HEAD_POSE_ESTIMATE,estimated,0.24780995558844082,6.039369693212802,7.529726172417749,0.12975441801690096,-0.3717289994210729,-0.386527042552544
4406352,1789113524465000000,316,HEAD_POSE_ESTIMATE,estimated,0.2741749132995963,6.04395223153973,7.5121611255806675,0.12566926573020468,-0.37197647691819463,-0.3858213471631984
4419352,1789113524478000000,317,HEAD_POSE_ESTIMATE,estimated,0.312438882523151,6.047271715476862,7.484868553208813,0.1256077999562968,-0.37153879114563804,-0.38305558171111137
4433352,1789113524492000000,318,HEAD_POSE_ESTIMATE,estimated,0.35024949248763443,6.061419859246439,7.466927780594295,0.1361405572660841,-0.3781132696280866,-0.38907180693214777
4448352,1789113524507000000,319,HEAD_POSE_ESTIMATE,estimated,0.3959334524333159,6.065445599905938,7.428204381303057,0.14449787578680492,-0.3916686525897143,-0.3968330294543778
4461352,1789113524520000000,320,HEAD_POSE_ESTIMATE,estimated,0.411925983098075,6.058037682005264,7.375383129996588,0.1472716842627648,-0.4005373924714769,-0.3990351894049566
4475352,1789113524534000000,321,HEAD_POSE_ESTIMATE,estimated,0.44117331120532954,6.045811385059914,7.337065483330549,0.1427918362167002,-0.41135124939525847,-0.39759892733103236
4491352,1789113524550000000,322,HEAD_POSE_ESTIMATE,estimated,0.48184701234545435,6.051732643781725,7.298173441530181,0.13243025788938184,-0.4170008995996728,-0.3916694460105191
4504352,1789113524563000000,323,HEAD_POSE_ESTIMATE,estimated,0.4937617893320203,6.068150663992224,7.26151423687168,0.11901534995635867,-0.41728135915880904,-0.38443990490914426
4516352,1789113524575000000,324,HEAD_POSE_ESTIMATE,estimated,0.5093775612303445,6.118863435202812,7.270016054841522,0.10234549577925223,-0.41270598128406805,-0.37285574748384953
4528352,1789113524587000000,325,HEAD_POSE_ESTIMATE,estimated,0.5244139160713396,6.166737150182436,7.276617955626064,0.08982942787168685,-0.4030347767223575,-0.3630431832784618
4542352,1789113524601000000,326,HEAD_POSE_ESTIMATE,estimated,0.5283131620482368,6.205180951371654,7.276410010832074,0.07867383274003119,-0.38693184542291853,-0.3557142292513518
4556352,1789113524615000000,327,HEAD_POSE_ESTIMATE,estimated,0.5135064758595331,6.238276210062114,7.277680450286842,0.07478067978772979,-0.36934272636799914,-0.3515459932966209
4570352,1789113524629000000,328,HEAD_POSE_ESTIMATE,estimated,0.5153641438596852,6.267203209554113,7.267875707434138,0.06941568090519212,-0.34893647484526713,-0.3538942468690343
4584352,1789113524643000000,329,HEAD_POSE_ESTIMATE,estimated,0.5038523331672382,6.29069199603535,7.254204590504273,0.06044793689860526,-0.32421261631741444,-0.35993257606300827
4598352,1789113524657000000,330,HEAD_POSE_ESTIMATE,estimated,0.4839385190872826,6.312276363283287,7.236307688599441,0.04811494217933573,-0.2979081815463174,-0.3723108923073738
4612352,1789113524671000000,331,HEAD_POSE_ESTIMATE,estimated,0.4766027145204738,6.33055247116224,7.223182175074698,0.031833683681392284,-0.28180871955410797,-0.3988057452619792
4626352,1789113524685000000,332,HEAD_POSE_ESTIMATE,estimated,0.46801952901901017,6.335768845746371,7.225407374471771,0.019009006006634063,-0.2670171674866623,-0.4166921991779119
4640352,1789113524699000000,333,HEAD_POSE_ESTIMATE,estimated,0.4765644496343855,6.32346978651132,7.212089854176814,0.008226500865841585,-0.24974496322005832,-0.42467683011858487
4654352,1789113524713000000,334,HEAD_POSE_ESTIMATE,estimated,0.4212115917443743,6.325183645506062,7.211744757167302,0.0030842969786897905,-0.23634277114762106,-0.42469844947209007
4669352,1789113524728000000,335,HEAD_POSE_ESTIMATE,estimated,0.3731321486659663,6.300652815851818,7.200355325515521,-0.007988477493380369,-0.21622408960157394,-0.42078689656664015
4683352,1789113524742000000,336,HEAD_POSE_ESTIMATE,estimated,0.23988327853653,6.314212956611485,7.191988945087711,-0.012440785684540736,-0.20088020997346537,-0.41231710288974693
4696352,1789113524755000000,337,HEAD_POSE_ESTIMATE,estimated,0.3324266562586148,6.315862464523204,7.195171534739324,-0.017105719075158482,-0.1812705773892269,-0.38841409093986146
4710352,1789113524769000000,338,HEAD_POSE_ESTIMATE,estimated,0.37096741379050424,6.332393962138057,7.1879968216748535,-0.02699308329045381,-0.15944547814978313,-0.3696488882382575
4727352,1789113524786000000,339,HEAD_POSE_ESTIMATE,estimated,0.4120778242784846,6.3641378432480105,7.189078527523586,-0.039981624929867836,-0.13092428462330258,-0.3500523281846903
4740352,1789113524799000000,340,HEAD_POSE_ESTIMATE,estimated,0.4165779893817759,6.39009912890947,7.197302604568042,-0.05027423594912444,-0.10589490047763793,-0.33888691876631255
4752352,1789113524811000000,341,HEAD_POSE_ESTIMATE,estimated,0.4247415405894689,6.4226153445662675,7.21583147783985,-0.05876736912680979,-0.08452272310777645,-0.3256983875246601
4770352,1789113524829000000,342,HEAD_POSE_ESTIMATE,estimated,0.4155017862523548,6.46502780216049,7.2588349008900215,-0.0686772892100151,-0.05269250081877209,-0.3110304029631623
4792352,1789113524851000000,343,HEAD_POSE_ESTIMATE,estimated,0.4560987941391503,6.545442925942746,7.293169677709879,-0.08424502624146933,-0.019535009718535872,-0.3030000051271285
4805352,1789113524864000000,344,HEAD_POSE_ESTIMATE,estimated,0.45175824569752454,6.592944852600937,7.3051220786569235,-0.08561727417794655,-0.005821816849075594,-0.2982387787944848
4820352,1789113524879000000,345,HEAD_POSE_ESTIMATE,estimated,0.4270714798565681,6.644153564371452,7.300410014840746,-0.07414230455827003,0.0033606196860681485,-0.29109751460261807
4834352,1789113524893000000,346,HEAD_POSE_ESTIMATE,estimated,0.4046371343912477,6.671743981113114,7.3057296628180834,-0.056534437259510815,0.013982975350226027,-0.2771074581542281
4848352,1789113524907000000,347,HEAD_POSE_ESTIMATE,estimated,0.40251701988068356,6.684671935912688,7.320300073313607,-0.033055728301092546,0.013346302486604603,-0.26960718937662836
4862352,1789113524921000000,348,HEAD_POSE_ESTIMATE,estimated,0.3800507866701111,6.683096782884007,7.315419265924661,-0.005584266799466343,0.0020786974990291583,-0.26537702154330023
4875352,1789113524934000000,349,HEAD_POSE_ESTIMATE,estimated,0.309531851581581,6.705209469565846,7.310117685288399,0.01925210860141308,-0.005967688881751305,-0.25664625370550825
4890352,1789113524949000000,350,HEAD_POSE_ESTIMATE,estimated,0.32533709051072135,6.683251538870671,7.2644342829450395,0.045897882578101734,-0.025753251068497837,-0.258427032855157
4904352,1789113524963000000,351,HEAD_POSE_ESTIMATE,estimated,0.3727356667709262,6.699771223783812,7.209299299242566,0.07079780436702751,-0.04713488685305166,-0.25320135878964967
4917352,1789113524976000000,352,HEAD_POSE_ESTIMATE,estimated,0.485680102281887,6.714423505651712,7.158771879777664,0.08490356356265574,-0.0747341232270843,-0.27003218707930987
4932352,1789113524991000000,353,HEAD_POSE_ESTIMATE,estimated,0.4273327482836232,6.6979360694676835,7.090254056292502,0.0994859525607892,-0.10761375040144658,-0.2778051488192151
4946352,1789113525005000000,354,HEAD_POSE_ESTIMATE,estimated,0.415018063680066,6.688704397162917,6.99768411084952,0.1086916842372443,-0.13616241359754244,-0.28167055934870605
4960352,1789113525019000000,355,HEAD_POSE_ESTIMATE,estimated,0.39644598811672865,6.670955340141622,6.910409607374105,0.11375510816110704,-0.16382499755947552,-0.2853964906665366
4974352,1789113525033000000,356,HEAD_POSE_ESTIMATE,estimated,0.36812461784894207,6.634210207645771,6.815605925901386,0.11576587556510283,-0.1865817919548584,-0.2889505550202106
4987352,1789113525046000000,357,HEAD_POSE_ESTIMATE,estimated,0.3167630043338544,6.581792906005519,6.723447335434511,0.11941460760467379,-0.2063441666292841,-0.2889998735333501
5003352,1789113525062000000,358,HEAD_POSE_ESTIMATE,estimated,0.2311246917977123,6.510225389786099,6.612990134078628,0.1233285844645762,-0.22519051737488754,-0.2850351378736096
5012352,1789113525071000000,359,HEAD_POSE_ESTIMATE,estimated,0.2024153911194506,6.5091510290437355,6.567395568280653,0.13497924765681504,-0.23280143336948206,-0.2776081164155469
5028352,1789113525087000000,360,HEAD_POSE_ESTIMATE,estimated,0.14115760208270042,6.454441415344561,6.496040768497521,0.14442357451526427,-0.2409206422852623,-0.26949823306842247
5044352,1789113525103000000,361,HEAD_POSE_ESTIMATE,estimated,0.10076408977599316,6.401197008663223,6.42018625078477,0.14550911950978368,-0.243291472305392,-0.25992070092276826
5056352,1789113525115000000,362,HEAD_POSE_ESTIMATE,estimated,0.0959097284885662,6.367588620571443,6.393181389337809,0.1484540084602589,-0.24325126971754926,-0.2513138470604197
5068352,1789113525127000000,363,HEAD_POSE_ESTIMATE,estimated,0.0785272308274441,6.339468993314259,6.369566706471676,0.13692383877021333,-0.24242696074480977,-0.2486653378794647
5083352,1789113525142000000,364,HEAD_POSE_ESTIMATE,estimated,0.07433070996091015,6.3232971931960895,6.3452357270545345,0.11164551010148405,-0.24276996351951338,-0.2553538689978245
5098352,1789113525157000000,365,HEAD_POSE_ESTIMATE,estimated,0.06755427956535963,6.331397391183799,6.319804138371458,0.07981249653957068,-0.24877609450764016,-0.27198595421841704
5111352,1789113525170000000,366,HEAD_POSE_ESTIMATE,estimated,0.012396358367498899,6.327008099727396,6.3286333702890865,0.05177315879075753,-0.2568858121605126,-0.29500365377371895
5127352,1789113525186000000,367,HEAD_POSE_ESTIMATE,estimated,-0.018241126339509035,6.326879794304993,6.3439770577969075,0.03265756800251415,-0.26565699182895514,-0.32138647168182205
5141352,1789113525200000000,368,HEAD_POSE_ESTIMATE,estimated,-0.0493445563510189,6.310853191087214,6.295707122392001,0.013933608148457078,-0.26775835027153877,-0.3363153486477645
5153352,1789113525212000000,369,HEAD_POSE_ESTIMATE,estimated,-0.04797315368777273,6.319261204179749,6.274572202517301,0.004730913509026659,-0.26926775269790054,-0.3506381496600639
5167352,1789113525226000000,370,HEAD_POSE_ESTIMATE,estimated,-0.02110613986061339,6.330241284148824,6.2468007878374605,-0.012933471837340027,-0.26829057201460693,-0.36322795299622407
5181352,1789113525240000000,371,HEAD_POSE_ESTIMATE,estimated,-0.03172850351058044,6.352996036267203,6.248687290135497,-0.031008361631424838,-0.2677350815598807,-0.3676820121579647
5195352,1789113525254000000,372,HEAD_POSE_ESTIMATE,estimated,-0.07528182441488412,6.31958248468792,6.259678086353052,-0.049882262860725037,-0.26480117795671604,-0.3680567862423536
5209352,1789113525268000000,373,HEAD_POSE_ESTIMATE,estimated,-0.12778476723271082,6.294197134956015,6.302769431505278,-0.061369311085564676,-0.2620584581274451,-0.35778542109303924
5226352,1789113525285000000,374,HEAD_POSE_ESTIMATE,estimated,-0.16626191035488022,6.286284431717647,6.40764812190104,-0.06595925096779588,-0.2621174731286528,-0.33661822367264876
5241352,1789113525300000000,375,HEAD_POSE_ESTIMATE,estimated,-0.18609659264961576,6.274608061399192,6.533711395152242,-0.0740184818186747,-0.26128366572324735,-0.3105433709046468
5251352,1789113525310000000,376,HEAD_POSE_ESTIMATE,estimated,-0.19125422111587248,6.262604394832222,6.641809418599222,-0.06969194903413058,-0.2647235921722775,-0.29352393383057407
5265352,1789113525324000000,377,HEAD_POSE_ESTIMATE,estimated,-0.19038413458372183,6.247544156188006,6.781786217654954,-0.07782510750231722,-0.26699015804440157,-0.27240775043404575
5279352,1789113525338000000,378,HEAD_POSE_ESTIMATE,estimated,-0.21264820401848925,6.247415547648682,6.926720893199207,-0.09870569817148296,-0.26939644349047615,-0.25293407526524697
5293352,1789113525352000000,379,HEAD_POSE_ESTIMATE,estimated,-0.25596633690997994,6.253751957847364,7.0801551387726125,-0.11893396648258549,-0.27051039679947186,-0.23277329675933073
5308352,1789113525367000000,380,HEAD_POSE_ESTIMATE,estimated,-0.27624032796045445,6.262070976506026,7.185842363295965,-0.14681501544872308,-0.26496229491066764,-0.20655950357455752
5322352,1789113525381000000,381,HEAD_POSE_ESTIMATE,estimated,-0.3363013483991424,6.261641427426466,7.32900767497115,-0.18795061348535547,-0.2536814814615041,-0.1786723861013864
5336352,1789113525395000000,382,HEAD_POSE_ESTIMATE,estimated,-0.4107214189141824,6.2597417219793705,7.505477472183795,-0.23706188523817567,-0.23689395947170708,-0.14869179477571776
5350352,1789113525409000000,383,HEAD_POSE_ESTIMATE,estimated,-0.41031570279951235,6.29558272911973,7.588543745072047,-0.2963491416004174,-0.21704104292913046,-0.12587903172756618
5364352,1789113525423000000,384,HEAD_POSE_ESTIMATE,estimated,-0.3713125244817599,6.329181745626133,7.673451463626515,-0.3571741717303385,-0.1982544575112131,-0.11467828084645086
5378352,1789113525437000000,385,HEAD_POSE_ESTIMATE,estimated,-0.3837844814111173,6.380666308380397,7.825942501568999,-0.4170400464228506,-0.17728686079727007,-0.10216206830420407
5392352,1789113525451000000,386,HEAD_POSE_ESTIMATE,estimated,-0.4076673351382881,6.391895843463284,7.9358673021125075,-0.4606054083261958,-0.16244449933912875,-0.09533747242495229
5407352,1789113525466000000,387,HEAD_POSE_ESTIMATE,estimated,-0.4522002137546278,6.364982546934938,8.074130340522737,-0.49185112527021596,-0.14860604549436648,-0.08937173657137001
5419352,1789113525478000000,388,HEAD_POSE_ESTIMATE,estimated,-0.4807120387305728,6.321424254075369,8.153160953107072,-0.49911879808746334,-0.14029510537288642,-0.08284412806908331
5435352,1789113525494000000,389,HEAD_POSE_ESTIMATE,estimated,-0.49626566158419766,6.305492527682426,8.263830257513954,-0.5055124049497183,-0.12845246536598476,-0.07506580817808071
5449352,1789113525508000000,390,HEAD_POSE_ESTIMATE,estimated,-0.516482292019854,6.261927719793577,8.379226658183036,-0.49808416151936125,-0.11447398056811932,-0.07051600183037844
5461352,1789113525520000000,391,HEAD_POSE_ESTIMATE,estimated,-0.5144241678890784,6.21591711859803,8.453789794724372,-0.47211068863861133,-0.10388946015205182,-0.06962057365559504
5475352,1789113525534000000,392,HEAD_POSE_ESTIMATE,estimated,-0.5382614297904089,6.16227005480151,8.541406796693895,-0.43419962390635986,-0.09006381968995208,-0.07147968208789433
5490352,1789113525549000000,393,HEAD_POSE_ESTIMATE,estimated,-0.5714023401924294,6.090187121308151,8.603892300749012,-0.3780247618673019,-0.0772606987096614,-0.07951289657691736
5503352,1789113525562000000,394,HEAD_POSE_ESTIMATE,estimated,-0.5950601909956054,6.028943185144691,8.645333528745947,-0.32246952684245006,-0.0668416487118248,-0.08753811021289937
5518352,1789113525577000000,395,HEAD_POSE_ESTIMATE,estimated,-0.6208873568176824,5.962734731146203,8.69526921433971,-0.2689174241916811,-0.051222423485885904,-0.0907151306382592
5531352,1789113525590000000,396,HEAD_POSE_ESTIMATE,estimated,-0.6269525468853676,5.895240673671295,8.722357219904094,-0.2310632388649279,-0.04248126736289019,-0.09568926562915933
5545352,1789113525604000000,397,HEAD_POSE_ESTIMATE,estimated,-0.6740680239075956,5.867419967734089,8.77392675202899,-0.19358615437856036,-0.031870399293367935,-0.09899752403680398
5560352,1789113525619000000,398,HEAD_POSE_ESTIMATE,estimated,-0.6730363081972812,5.84716248595147,8.791265150521511,-0.17420952714579746,-0.02280001894595321,-0.09853799545452589
5573352,1789113525632000000,399,HEAD_POSE_ESTIMATE,estimated,-0.6571629549470828,5.817041847596725,8.803582412522656,-0.16730819334338026,-0.01961623089894112,-0.09449859741902783
5588352,1789113525647000000,400,HEAD_POSE_ESTIMATE,estimated,-0.6359347088842595,5.790340625386461,8.825749304624022,-0.16351587266110684,-0.017583142799816202,-0.08324052324697612
5602352,1789113525661000000,401,HEAD_POSE_ESTIMATE,estimated,-0.6111907462353741,5.766646672565326,8.827526518173,-0.1672515863249937,-0.017289764971884152,-0.06770316513948751
5615352,1789113525674000000,402,HEAD_POSE_ESTIMATE,estimated,-0.5846101332477082,5.758415936838668,8.802161293962616,-0.16835421731131595,-0.015463908182847092,-0.04908697254285041
5629352,1789113525688000000,403,HEAD_POSE_ESTIMATE,estimated,-0.5554846282247646,5.757199746766879,8.800539702851086,-0.1724126022164948,-0.013075725335343751,-0.028829256521475492
5645352,1789113525704000000,404,HEAD_POSE_ESTIMATE,estimated,-0.5118379499296425,5.760251712338615,8.778333259641023,-0.17214771121314806,-0.012618814351895645,-0.008179109414910483
5657352,1789113525716000000,405,HEAD_POSE_ESTIMATE,estimated,-0.4814976477319287,5.737356613505017,8.793495131965168,-0.1631406202302042,-0.009022404493732844,0.0034895067687273026
5671352,1789113525730000000,406,HEAD_POSE_ESTIMATE,estimated,-0.45927459050078195,5.713428041875566,8.794538744288552,-0.15592035233744442,-0.011920087174870713,0.017540693299371565
5688352,1789113525747000000,407,HEAD_POSE_ESTIMATE,estimated,-0.44857910610674756,5.709689393982895,8.78164683116802,-0.15398909454435566,-0.01790768781698475,0.034281541734974955
5702352,1789113525761000000,408,HEAD_POSE_ESTIMATE,estimated,-0.4584979395394752,5.712919730447698,8.772264703892755,-0.1476679210556548,-0.027462659958449875,0.04991925556486483
5716352,1789113525775000000,409,HEAD_POSE_ESTIMATE,estimated,-0.4667725115165631,5.694251243283287,8.741354242371076,-0.14397558176641406,-0.03840803042330205,0.060177296928853846
5725352,1789113525784000000,410,HEAD_POSE_ESTIMATE,estimated,-0.46893800699827987,5.655412924517346,8.720490006946587,-0.13775753590404205,-0.048910627015718196,0.06153161621942558
5740352,1789113525799000000,411,HEAD_POSE_ESTIMATE,estimated,-0.4833717106054703,5.609655751432673,8.684698671767174,-0.11079285754080939,-0.05964792906086576,0.06399731216576732
5754352,1789113525813000000,412,HEAD_POSE_ESTIMATE,estimated,-0.5204806301860762,5.557247500922144,8.674518972567192,-0.07486822599317527,-0.07099191773297894,0.05936395782449883
5767352,1789113525826000000,413,HEAD_POSE_ESTIMATE,estimated,-0.5501631987161141,5.520450545881337,8.668212994919527,-0.03915336963554683,-0.07754341651534419,0.05637415677598727
5782352,1789113525841000000,414,HEAD_POSE_ESTIMATE,estimated,-0.5909866076470037,5.486261194662243,8.651528665163198,0.0036403539279372533,-0.07266773568761044,0.06661511172920331
5795352,1789113525854000000,415,HEAD_POSE_ESTIMATE,estimated,-0.6215743627039623,5.4691245052058015,8.641331219608276,0.04301058771503311,-0.06815610151984017,0.0768391092239244
5810352,1789113525869000000,416,HEAD_POSE_ESTIMATE,estimated,-0.6804644264944462,5.438757672750828,8.617973224688635,0.08217073625446734,-0.04467204036391941,0.11051115346631125
5823352,1789113525882000000,417,HEAD_POSE_ESTIMATE,estimated,-0.7300930412829223,5.435475749579514,8.58656978248451,0.11218681993425589,-0.019640579516392392,0.1428527310285966
5837352,1789113525896000000,418,HEAD_POSE_ESTIMATE,estimated,-0.7996746741862285,5.418247245969843,8.588005413916834,0.13136979138173105,0.02225344155564491,0.19762676368646423
5851352,1789113525910000000,419,HEAD_POSE_ESTIMATE,estimated,-0.7790394303462185,5.39939502875726,8.56758301272233,0.14296085754586885,0.08141568465227322,0.2721480733474707
5865352,1789113525924000000,420,HEAD_POSE_ESTIMATE,estimated,-0.8281279811983919,5.405128412813273,8.570734369346123,0.14265301419097473,0.13434926780799494,0.3308267972251207
5879352,1789113525938000000,421,HEAD_POSE_ESTIMATE,estimated,-0.8494567683039626,5.434822844173277,8.586646951354442,0.13287949873306315,0.18387528451458116,0.38785119389364764
5893352,1789113525952000000,422,HEAD_POSE_ESTIMATE,estimated,-0.8416125107093448,5.470012641809514,8.591211884300185,0.12114834457716686,0.2333717141985479,0.43650436211102633
5907352,1789113525966000000,423,HEAD_POSE_ESTIMATE,estimated,-0.8165011476760706,5.5218949266486606,8.58355297129778,0.1164802039868049,0.2773648178289575,0.4692915250602566
5921352,1789113525980000000,424,HEAD_POSE_ESTIMATE,estimated,-0.7388239772229322,5.547013847096006,8.557636236273849,0.11306861412782115,0.3189258781895028,0.4853239185695524
5930352,1789113525989000000,425,HEAD_POSE_ESTIMATE,estimated,-0.6805668644271978,5.581096814507337,8.556479364691443,0.11424034824857109,0.3419882276228322,0.4774648265533544
5944352,1789113526003000000,426,HEAD_POSE_ESTIMATE,estimated,-0.6591579092857147,5.5983613165582735,8.558568135242059,0.11697763600712291,0.3702790309834419,0.45727019009742126
5962352,1789113526021000000,427,HEAD_POSE_ESTIMATE,estimated,-0.5301074755077838,5.652178573136981,8.547810890246463,0.11680759360081987,0.3887610079610713,0.43665440542153444
5972352,1789113526031000000,428,HEAD_POSE_ESTIMATE,estimated,-0.47986527204074086,5.669985164594328,8.53837644181198,0.10996108202976553,0.39001500454443905,0.417380924397905
5986352,1789113526045000000,429,HEAD_POSE_ESTIMATE,estimated,-0.4585036173130386,5.697165636481746,8.534845950678493,0.10877771401747734,0.38231455985582663,0.4050615828123914
6000352,1789113526059000000,430,HEAD_POSE_ESTIMATE,estimated,-0.42906252563399017,5.7045604973663115,8.505298227179466,0.11714771976194406,0.3688864206164491,0.4056100495188688
6014352,1789113526073000000,431,HEAD_POSE_ESTIMATE,estimated,-0.46156147503112,5.677359002248583,8.495016982222685,0.13366511758821578,0.35318169512342046,0.4285277232679011
6028352,1789113526087000000,432,HEAD_POSE_ESTIMATE,estimated,-0.49131115998764396,5.6489030118502885,8.448208208308408,0.15612530191340063,0.34163744111013683,0.456378790106867
6043352,1789113526102000000,433,HEAD_POSE_ESTIMATE,estimated,-0.5213882401076422,5.620620683079597,8.385477947757607,0.1830801511760302,0.3375382169771566,0.4837099987256409
6055352,1789113526114000000,434,HEAD_POSE_ESTIMATE,estimated,-0.47290768579637904,5.611393059609894,8.294309867999138,0.20201650858300377,0.3382453597939845,0.5026868689565839
6070352,1789113526129000000,435,HEAD_POSE_ESTIMATE,estimated,-0.327290591983024,5.593018346461446,8.144380830770626,0.2289833605855166,0.3500014239809883,0.5174077698307391
6086352,1789113526145000000,436,HEAD_POSE_ESTIMATE,estimated,-0.2612362031220468,5.592141956171095,7.996571617494027,0.23738693818376452,0.3736406198035546,0.529193157907386
6098352,1789113526157000000,437,HEAD_POSE_ESTIMATE,estimated,-0.023673490128372582,5.591302692000307,7.83538755350262,0.2424038805607754,0.4159786180913864,0.522913289088182
6112352,1789113526171000000,438,HEAD_POSE_ESTIMATE,estimated,-0.2574212957923263,5.513100839195602,7.844509751058319,0.2341532731794602,0.42823839676929065,0.48639148506814744
6125352,1789113526184000000,439,HEAD_POSE_ESTIMATE,estimated,-0.39377996796594195,5.488707955456008,7.815305595524292,0.2015606326268591,0.46664270172548217,0.4583569055400493
6140352,1789113526199000000,440,HEAD_POSE_ESTIMATE,estimated,-0.4487990519992041,5.493562624328768,7.769756128943083,0.14931578197885584,0.5284114351808612,0.44622222670788864
6154352,1789113526213000000,441,HEAD_POSE_ESTIMATE,estimated,-0.5185811344350374,5.544431870217961,7.759213418268481,0.08294519720668568,0.5940765994710661,0.45421835033124774
6168352,1789113526227000000,442,HEAD_POSE_ESTIMATE,estimated,-0.4687157456717309,5.592615817088673,7.712251396929838,0.031235780023210938,0.6710806888114366,0.47781395844913277
6188352,1789113526247000000,443,HEAD_POSE_ESTIMATE,estimated,-0.4072967980992148,5.606374981678843,7.673889392959014,-0.009928491662266496,0.7488125719169804,0.5032336537801355
6209352,1789113526268000000,444,HEAD_POSE_ESTIMATE,estimated,-0.43288571500044287,5.6242844868927735,7.67836046745851,-0.023824315957498544,0.8195059043104941,0.5493441346780031
6220352,1789113526279000000,445,HEAD_POSE_ESTIMATE,estimated,-0.38159603026927047,5.632586639033795,7.648848103237228,-0.017334230440416418,0.8451304101797854,0.5718232176513278
6236352,1789113526295000000,446,HEAD_POSE_ESTIMATE,estimated,-0.2703954257959911,5.642687048549388,7.6035455058727335,-0.010900278793926872,0.8568735050945328,0.5815346953566708
6249352,1789113526308000000,447,HEAD_POSE_ESTIMATE,estimated,-0.12356830643079356,5.65119506962234,7.542934555765473,-0.006618317957150624,0.8489152628977341,0.578973913797289
6264352,1789113526323000000,448,HEAD_POSE_ESTIMATE,estimated,0.04983344212551177,5.654907156813086,7.459679024498234,-0.0066853660921164645,0.8317164769343915,0.5632414696846931
6280352,1789113526339000000,449,HEAD_POSE_ESTIMATE,estimated,0.2595979347342601,5.623455155328409,7.384915445886105,-0.008944972184562396,0.7953305783913501,0.5394225266406738
6292352,1789113526351000000,450,HEAD_POSE_ESTIMATE,estimated,0.5724688492334638,5.623291285068598,7.312774929795614,-0.016773359640864037,0.7666332085650011,0.5127369783916298
6305352,1789113526364000000,451,HEAD_POSE_ESTIMATE,estimated,0.48309831905663464,5.622114304465003,7.35414462760574,-0.025079812522438537,0.7405361466950328,0.5039979826637877
6319352,1789113526378000000,452,HEAD_POSE_ESTIMATE,estimated,0.42696904099673505,5.5983395056487595,7.382185691605731,-0.04536497969355037,0.6936567775875677,0.48270056395022565
6334352,1789113526393000000,453,HEAD_POSE_ESTIMATE,estimated,0.060343627784655185,5.660185533496532,7.480192991855912,-0.07400331715774403,0.6946395535527807,0.5077373913310662
6348352,1789113526407000000,454,HEAD_POSE_ESTIMATE,estimated,0.020890345277655153,5.739252641963398,7.498356566980546,-0.09930882908637566,0.6589672878641066,0.5052975156322356
6363352,1789113526422000000,455,HEAD_POSE_ESTIMATE,estimated,0.011817898317062758,5.853132387367385,7.5280941477729,-0.11411213710963149,0.6168235343031621,0.5049517354043989
6376352,1789113526435000000,456,HEAD_POSE_ESTIMATE,estimated,-0.04039948218985778,5.90663160667504,7.545758201974532,-0.12191294321574886,0.5783906683031159,0.49940640385367074
6390352,1789113526449000000,457,HEAD_POSE_ESTIMATE,estimated,-0.10817308962508793,5.931008850989884,7.561641682983335,-0.1235701219313889,0.5259984821620644,0.4879837039257318
6408352,1789113526467000000,458,HEAD_POSE_ESTIMATE,estimated,-0.1858087273569083,5.919863482545984,7.588413033119114,-0.11375746833648417,0.4764036663171593,0.48310579115996916
6420352,1789113526479000000,459,HEAD_POSE_ESTIMATE,estimated,-0.20921006006185178,5.901357775668852,7.594951775241278,-0.10380789121380878,0.4423597071532005,0.47804622921535284
6431352,1789113526490000000,460,HEAD_POSE_ESTIMATE,estimated,-0.22440485247127867,5.8944934041098795,7.60024349093376,-0.0877697077369509,0.41234798599713096,0.46872225411178253
6447352,1789113526506000000,461,HEAD_POSE_ESTIMATE,estimated,-0.1798167904740448,5.882219432752218,7.5883728257422245,-0.05749364736305556,0.37791475280823983,0.458011539198599
6459352,1789113526518000000,462,HEAD_POSE_ESTIMATE,estimated,-0.24504781272746057,5.871533535522493,7.575362507824692,-0.0318833729929367,0.36376311382156645,0.4524144065190188
6474352,1789113526533000000,463,HEAD_POSE_ESTIMATE,estimated,-0.2676816207736451,5.830619089777244,7.553398356560531,-0.0006133833499669621,0.3441468404800076,0.4481261681195663
6489352,1789113526548000000,464,HEAD_POSE_ESTIMATE,estimated,-0.2698612214956051,5.812590689768752,7.521591070580434,0.016528803246584192,0.3374126418470236,0.4559422493817118
6501352,1789113526560000000,465,HEAD_POSE_ESTIMATE,estimated,-0.2290366292898633,5.792499164442111,7.508769375481922,0.016790596424890017,0.33779871138973466,0.4681404758781311
6516352,1789113526575000000,466,HEAD_POSE_ESTIMATE,estimated,-0.17992698851200906,5.799588435014522,7.501964657561649,0.0026883325218250024,0.3323534474567686,0.4814970043299196
6531352,1789113526590000000,467,HEAD_POSE_ESTIMATE,estimated,-0.21682879389262688,5.81100609811102,7.51596004177692,-0.023037353507341665,0.3468339642153208,0.4978785499497567
6544352,1789113526603000000,468,HEAD_POSE_ESTIMATE,estimated,-0.23949431551695483,5.82480623168133,7.522768290316004,-0.05056521617978418,0.3600197045805542,0.5047789901052563
6560352,1789113526619000000,469,HEAD_POSE_ESTIMATE,estimated,-0.18618998511415874,5.848174698337054,7.535039440044524,-0.08161364347031509,0.3684252555237278,0.49746129389004273
6572352,1789113526631000000,470,HEAD_POSE_ESTIMATE,estimated,-0.18967277943213467,5.849168142139574,7.541117102480406,-0.10323861747512707,0.37698349221921196,0.49263303217516297
6585352,1789113526644000000,471,HEAD_POSE_ESTIMATE,estimated,-0.13305556337854402,5.832125189742358,7.55444510389175,-0.12490716654089494,0.3815301318669778,0.4862512005460236
6599352,1789113526658000000,472,HEAD_POSE_ESTIMATE,estimated,-0.13756487849094873,5.790611508922034,7.552472969905491,-0.14023514384417354,0.3817061548453286,0.4883728898265035
6614352,1789113526673000000,473,HEAD_POSE_ESTIMATE,estimated,-0.10008780664902178,5.788823585516358,7.575366658766385,-0.15930225354237626,0.38288792580258857,0.49523223752953943
6627352,1789113526686000000,474,HEAD_POSE_ESTIMATE,estimated,-0.07759160111569796,5.779083784494788,7.602988401758829,-0.17465813214340095,0.37671759917474373,0.4918843392846604
6642352,1789113526701000000,475,HEAD_POSE_ESTIMATE,estimated,-0.09165801399835916,5.782853613608276,7.631814980062324,-0.19470951290388921,0.37019575398623117,0.4842731699793799
6655352,1789113526714000000,476,HEAD_POSE_ESTIMATE,estimated,-0.1277412212334899,5.794025761576004,7.663424070694471,-0.21179662467959653,0.3664372705564293,0.4810868790037725
6670352,1789113526729000000,477,HEAD_POSE_ESTIMATE,estimated,-0.1497578258354817,5.789313680707683,7.705707017086442,-0.2317586826536524,0.3629833750765226,0.4744008165852473
6683352,1789113526742000000,478,HEAD_POSE_ESTIMATE,estimated,-0.19943614619934158,5.770435724142596,7.741274182567032,-0.24895388798824739,0.36726413510327977,0.471369080693427
6697352,1789113526756000000,479,HEAD_POSE_ESTIMATE,estimated,-0.23537088508968257,5.729033457151129,7.779518693866964,-0.26529694977988366,0.37103016043193243,0.46338140118800675
6711352,1789113526770000000,480,HEAD_POSE_ESTIMATE,estimated,-0.2594290840762848,5.687718705439533,7.823084064449225,-0.2752131464524861,0.37313318297539655,0.4501487376774712
6727352,1789113526786000000,481,HEAD_POSE_ESTIMATE,estimated,-0.304795333566043,5.640799839478117,7.873445762676486,-0.2843631669470679,0.37326419513687875,0.43402526250114115
6739352,1789113526798000000,482,HEAD_POSE_ESTIMATE,estimated,-0.35008437219289656,5.61721564340649,7.905856383848455,-0.2880584669000331,0.37624453057089435,0.42214034096057595
6752352,1789113526811000000,483,HEAD_POSE_ESTIMATE,estimated,-0.38170654520113334,5.579214559877696,7.932405738355879,-0.2890778679501855,0.37818317231173404,0.4150854369817387
6766352,1789113526825000000,484,HEAD_POSE_ESTIMATE,estimated,-0.43532237828288706,5.522775596733155,7.947257410194024,-0.28097925599255574,0.38227869350694105,0.41495619275593276
6780352,1789113526839000000,485,HEAD_POSE_ESTIMATE,estimated,-0.4589812370925036,5.462206112013271,7.961954415036674,-0.2662794390096737,0.3828070367223464,0.4170233325353878
6795352,1789113526854000000,486,HEAD_POSE_ESTIMATE,estimated,-0.4926082662890905,5.405203384100846,7.947946150700742,-0.24137906166663037,0.3848959195567492,0.42052438290336797
6809352,1789113526868000000,487,HEAD_POSE_ESTIMATE,estimated,-0.4907452687750577,5.362747896851216,7.940607996146838,-0.2141715429747779,0.3857018513098125,0.42175953028265944
6823352,1789113526882000000,488,HEAD_POSE_ESTIMATE,estimated,-0.46564421329591593,5.328140425826883,7.949468416762883,-0.19026686699621315,0.38250759629949715,0.4205147324619757
6837352,1789113526896000000,489,HEAD_POSE_ESTIMATE,estimated,-0.44663125957819105,5.340318975411012,7.9848507221612035,-0.17233545989410345,0.37965990091801605,0.4127487867459821
6851352,1789113526910000000,490,HEAD_POSE_ESTIMATE,estimated,-0.4786614915009367,5.337667893605324,8.007769657700662,-0.1651503501535072,0.372343645765468,0.4072109958700355
6865352,1789113526924000000,491,HEAD_POSE_ESTIMATE,estimated,-0.4960268205588305,5.354523758706545,8.033131234076764,-0.16604781184470552,0.3595143627653526,0.40006253765072514
6879352,1789113526938000000,492,HEAD_POSE_ESTIMATE,estimated,-0.4949825705988874,5.366737811880022,8.073726927845732,-0.1731747241343207,0.33928853828534833,0.3885217136287341
6893352,1789113526952000000,493,HEAD_POSE_ESTIMATE,estimated,-0.4745420783390751,5.37177198023218,8.12776613319496,-0.1891830241677918,0.31683148895390933,0.3822028695014295
6906352,1789113526965000000,494,HEAD_POSE_ESTIMATE,estimated,-0.47292935716698836,5.3597961366820215,8.177297541242316,-0.20335888902533614,0.29100638390346556,0.37256627970482387
6920352,1789113526979000000,495,HEAD_POSE_ESTIMATE,estimated,-0.4924030340359403,5.347367292001049,8.218773708368685,-0.21792683486697736,0.2625351071568369,0.36342982840449417
6935352,1789113526994000000,496,HEAD_POSE_ESTIMATE,estimated,-0.4979476459129435,5.354736578712815,8.273162859345593,-0.23060077943999444,0.23678092196499828,0.3552229219195572
6949352,1789113527008000000,497,HEAD_POSE_ESTIMATE,estimated,-0.5218125609006983,5.35974155436134,8.321147619543678,-0.23147929716909957,0.21278660713770975,0.3454160560327745
6962352,1789113527021000000,498,HEAD_POSE_ESTIMATE,estimated,-0.5503752416558907,5.360117476379461,8.351332829914057,-0.2240338475151279,0.1897508087841207,0.33508532791498297
6976352,1789113527035000000,499,HEAD_POSE_ESTIMATE,estimated,-0.5838136143184799,5.337684917575689,8.381133667125809,-0.20544273821663414,0.16731452636953273,0.3259534396060076
6990352,1789113527049000000,500,HEAD_POSE_ESTIMATE,estimated,-0.6091011073038509,5.303067349918061,8.407352331378759,-0.18563163556638607,0.1460922461250087,0.3207296329074458
7006352,1789113527065000000,501,HEAD_POSE_ESTIMATE,estimated,-0.6140283874203795,5.27715348809283,8.426419219339971,-0.1630703135172462,0.12551544007435617,0.316945152554744
7018352,1789113527077000000,502,HEAD_POSE_ESTIMATE,estimated,-0.6018434570357505,5.254394116042167,8.434044599629493,-0.14847941780336776,0.11125244929436635,0.31440468662537274
7031352,1789113527090000000,503,HEAD_POSE_ESTIMATE,estimated,-0.5154788440166852,5.234567852859137,8.461025283338017,-0.13529800271167403,0.1016021792308885,0.3151964369825905
7047352,1789113527106000000,504,HEAD_POSE_ESTIMATE,estimated,-0.39054804476562444,5.218368425053004,8.497351276611639,-0.11951700372177637,0.09466820368907482,0.30854629501348996
7059352,1789113527118000000,505,HEAD_POSE_ESTIMATE,estimated,-0.4117771196916762,5.208488308262619,8.4826327400313,-0.10776310173197151,0.08678857432987747,0.29233527432237194
7072352,1789113527131000000,506,HEAD_POSE_ESTIMATE,estimated,-0.36807265668945727,5.186100428395931,8.462131198529656,-0.09769799013538867,0.08243442532813916,0.2857131921139489
7086352,1789113527145000000,507,HEAD_POSE_ESTIMATE,estimated,-0.423432380830051,5.156412731826859,8.426682445103694,-0.087013452740092,0.08089327913832767,0.2682226290779794
7100352,1789113527159000000,508,HEAD_POSE_ESTIMATE,estimated,-0.45792579012810514,5.123979856428331,8.379380355834732,-0.07886801446012943,0.08184147560444947,0.2544092746243803
7114352,1789113527173000000,509,HEAD_POSE_ESTIMATE,estimated,-0.4896355031425272,5.09788834089053,8.35348378310725,-0.06961442294655974,0.07965175927871143,0.24076474926809235
7128352,1789113527187000000,510,HEAD_POSE_ESTIMATE,estimated,-0.5236849944031368,5.069986141082452,8.297547860628223,-0.06595530235299894,0.07888767718619936,0.23909907609079362
7147352,1789113527206000000,511,HEAD_POSE_ESTIMATE,estimated,-0.45163729904930183,5.031307646627739,8.231732641392222,-0.06170732120818158,0.07563070291326857,0.24532772584329005
7165352,1789113527224000000,512,HEAD_POSE_ESTIMATE,estimated,-0.39825289282001264,4.996238052879021,8.176607063928685,-0.059335709543191825,0.06991074275128333,0.2507311758494564
7179352,1789113527238000000,513,HEAD_POSE_ESTIMATE,estimated,-0.34574273885925705,4.964959936084719,8.136806863785356,-0.06422604909029041,0.06863891788417371,0.26180231302364043
7195352,1789113527254000000,514,HEAD_POSE_ESTIMATE,estimated,-0.31504989862177224,4.962044774429952,8.11612314676345,-0.07108522299795422,0.06700221447436752,0.2772647594336222
7207352,1789113527266000000,515,HEAD_POSE_ESTIMATE,estimated,-0.26252533762085906,4.967006435212177,8.117224477001091,-0.0817779715852126,0.07017262269553501,0.28063723614238706
7222352,1789113527281000000,516,HEAD_POSE_ESTIMATE,estimated,-0.15208350461719455,4.979757107413992,8.149629539443602,-0.10085857624058127,0.07559095599239693,0.2790219951727084
7236352,1789113527295000000,517,HEAD_POSE_ESTIMATE,estimated,-0.05212892062497576,4.991209490202484,8.193779540543517,-0.11905285317356254,0.07924183690962157,0.2717715148039768
7250352,1789113527309000000,518,HEAD_POSE_ESTIMATE,estimated,0.09403395608502152,5.0020805152237555,8.246114845178074,-0.13655623327628139,0.07954222314615468,0.2553298999698062
7265352,1789113527324000000,519,HEAD_POSE_ESTIMATE,estimated,0.03097437955464244,5.012230466394188,8.307456489281863,-0.15127238002230384,0.07898014003831894,0.24529627304850016
7279352,1789113527338000000,520,HEAD_POSE_ESTIMATE,estimated,0.028799281092575346,5.014220938237015,8.359284647139656,-0.16583644032009529,0.07862741409460104,0.23119043659229344
7293352,1789113527352000000,521,HEAD_POSE_ESTIMATE,estimated,-0.07482674931065636,5.013844085195552,8.396217731958323,-0.177537428928595,0.08044273065271756,0.2266406237382547
7307352,1789113527366000000,522,HEAD_POSE_ESTIMATE,estimated,-0.10646201894855378,4.998256738260826,8.496159429315426,-0.17990727908675092,0.08018344410653681,0.2163719601641528
7320352,1789113527379000000,523,HEAD_POSE_ESTIMATE,estimated,-0.10562292844184634,4.986044830338049,8.56429431310386,-0.17626765775247288,0.0806470779855733,0.2065615110710097
7335352,1789113527394000000,524,HEAD_POSE_ESTIMATE,estimated,-0.10952785571759582,4.979254242491559,8.63658501131422,-0.16941328659452246,0.08271863612232226,0.19801287666634648
7350352,1789113527409000000,525,HEAD_POSE_ESTIMATE,estimated,-0.09257457782751655,4.955900459757484,8.680898340843143,-0.15829367584561774,0.0835859954248836,0.1886210530183376
7363352,1789113527422000000,526,HEAD_POSE_ESTIMATE,estimated,-0.06787576495376774,4.937084418246068,8.713375352880064,-0.14625090209645716,0.08337688586061005,0.1794206132337729
7377352,1789113527436000000,527,HEAD_POSE_ESTIMATE,estimated,-0.0619924415424557,4.912162570210107,8.725758473337478,-0.13468094864442556,0.08369045970397827,0.17030042250431843
7391352,1789113527450000000,528,HEAD_POSE_ESTIMATE,estimated,-0.034077609801640096,4.890899217743832,8.755075708562241,-0.12392162152324171,0.08142302724899031,0.1576728725403868
7405352,1789113527464000000,529,HEAD_POSE_ESTIMATE,estimated,-0.014896369584963154,4.884564637855279,8.781984009431364,-0.11096439923583735,0.07971956436612843,0.1441706770290021
7419352,1789113527478000000,530,HEAD_POSE_ESTIMATE,estimated,-0.006592027906648479,4.8945013811454094,8.809683240115152,-0.09844292348023795,0.07938964190878318,0.13098900806162136
7433352,1789113527492000000,531,HEAD_POSE_ESTIMATE,estimated,0.0056272973743273225,4.884833657577863,8.821730356149367,-0.08743421901699072,0.07901272327170138,0.12033026440810458
7447352,1789113527506000000,532,HEAD_POSE_ESTIMATE,estimated,0.02823563143313046,4.87980475244261,8.828859872191881,-0.0734101040956665,0.0823943985412638,0.11422186060511111
7461352,1789113527520000000,533,HEAD_POSE_ESTIMATE,estimated,0.02245884011670657,4.8801655919710605,8.812945403820615,-0.05755132425496174,0.08863513265679758,0.11080419698008472
7476352,1789113527535000000,534,HEAD_POSE_ESTIMATE,estimated,0.01711787036964446,4.872563144034065,8.788615238228434,-0.03585416733853933,0.10111026228941879,0.11470596781596594
7490352,1789113527549000000,535,HEAD_POSE_ESTIMATE,estimated,0.01741551855489737,4.863907183808025,8.771492100891114,-0.012872568697496822,0.11464873757193579,0.11864248742269669
7504352,1789113527563000000,536,HEAD_POSE_ESTIMATE,estimated,0.012380283163023809,4.858382039146109,8.746422131774027,0.008787082671578338,0.12635896439914812,0.12035952728284884
7518352,1789113527577000000,537,HEAD_POSE_ESTIMATE,estimated,0.00792843949692068,4.846230886842758,8.721142005154409,0.02583249221552019,0.13359879319425624,0.11699928046834689
7532352,1789113527591000000,538,HEAD_POSE_ESTIMATE,estimated,0.014135682021187979,4.845238883178061,8.704722962551983,0.03474731428775825,0.13697589883187442,0.10606360273936177
7546352,1789113527605000000,539,HEAD_POSE_ESTIMATE,estimated,0.01712369908571093,4.857401087966984,8.676072619714333,0.036406314308182273,0.13418511696658134,0.09306494293637767
7561352,1789113527620000000,540,HEAD_POSE_ESTIMATE,estimated,0.02222537522833118,4.870034027701815,8.643390051199841,0.03368958085014839,0.1249083961020849,0.07615559113050874
7574352,1789113527633000000,541,HEAD_POSE_ESTIMATE,estimated,0.03484308107242473,4.880631068520568,8.621249252079453,0.023606024953356848,0.11057363390707249,0.060960891560723394
7588352,1789113527647000000,542,HEAD_POSE_ESTIMATE,estimated,0.039020411083256934,4.896448466953124,8.608226764827613,0.010257400507129732,0.09565652952866469,0.049474751208101596
7602352,1789113527661000000,543,HEAD_POSE_ESTIMATE,estimated,0.04182301650293113,4.9101626150261595,8.598494885920058,-0.003910438267724372,0.0750903320041764,0.04025051650538667
7616352,1789113527675000000,544,HEAD_POSE_ESTIMATE,estimated,0.033774112095940556,4.915298984464866,8.592419216246393,-0.015008753181434855,0.05713548221720857,0.034670270486802095
7629352,1789113527688000000,545,HEAD_POSE_ESTIMATE,estimated,0.01562212968532356,4.930875650883386,8.571210716813745,-0.02417932319240132,0.03541811754382236,0.02976316506517517
7645352,1789113527704000000,546,HEAD_POSE_ESTIMATE,estimated,-0.0035093200720530127,4.950825443577073,8.54069570585911,-0.02928070169742215,0.005530470872696537,0.022511572311265177
7659352,1789113527718000000,547,HEAD_POSE_ESTIMATE,estimated,-0.03947774723942876,4.964046209451367,8.523344355592993,-0.02631825191665166,-0.019935152158637833,0.015212499878943924
7669352,1789113527728000000,548,HEAD_POSE_ESTIMATE,estimated,-0.05218764949119031,4.9707820774401705,8.508291828978297,-0.021033185314463593,-0.04003249055101741,0.007491961298016523
7684352,1789113527743000000,549,HEAD_POSE_ESTIMATE,estimated,-0.10677257884694724,4.964328421620265,8.48686786748634,-0.014007263442544602,-0.07079310450777714,-0.007726048230241255
7698352,1789113527757000000,550,HEAD_POSE_ESTIMATE,estimated,-0.14024317792196966,4.948267010642965,8.46792089647798,-0.007573477985008469,-0.10348589358028691,-0.02619481460418759
7713352,1789113527772000000,551,HEAD_POSE_ESTIMATE,estimated,-0.1910664165453536,4.939479064529596,8.451488194506117,-0.0027162292711227698,-0.13750467649372292,-0.04450146278484072
7727352,1789113527786000000,552,HEAD_POSE_ESTIMATE,estimated,-0.22090947428828467,4.939140643326757,8.441012516344298,-0.0022437280556346743,-0.16802497973411137,-0.054238201931870615
7740352,1789113527799000000,553,HEAD_POSE_ESTIMATE,estimated,-0.24375111864253549,4.943736531124111,8.429766022830043,-0.0029247661988128972,-0.1915169015803604,-0.052979846480733936
7755352,1789113527814000000,554,HEAD_POSE_ESTIMATE,estimated,-0.25474455253691664,4.957679857091929,8.427433367405882,-0.0073110150982847785,-0.21563296411849506,-0.0405808766934095
7770352,1789113527829000000,555,HEAD_POSE_ESTIMATE,estimated,-0.25189552959223294,4.979389530021836,8.411418885234207,-0.00987563963894301,-0.22817916678227082,-0.02050789789248765
7781352,1789113527840000000,556,HEAD_POSE_ESTIMATE,estimated,-0.2421506521913368,4.9984707612646595,8.394374484650118,-0.008382977567883093,-0.22780718070950703,-0.0027109278758125055
7796352,1789113527855000000,557,HEAD_POSE_ESTIMATE,estimated,-0.2370042837548614,5.012881689111736,8.420642940862802,-0.003273807608986432,-0.22120484105264424,0.019249204541375235
7809352,1789113527868000000,558,HEAD_POSE_ESTIMATE,estimated,-0.2409131616828246,5.018670584346367,8.444522705238489,0.0050817555115670885,-0.21080092972478043,0.03417039792114112
7823352,1789113527882000000,559,HEAD_POSE_ESTIMATE,estimated,-0.22780876756811036,5.014876259341172,8.452631666167632,0.019141753585788623,-0.18945523282837648,0.046826766141378866
7837352,1789113527896000000,560,HEAD_POSE_ESTIMATE,estimated,-0.22614486909006307,5.001422025079533,8.451226096200873,0.036975379142507814,-0.16906591233959953,0.054821579335915874
7851352,1789113527910000000,561,HEAD_POSE_ESTIMATE,estimated,-0.21443654012888175,4.97529819317019,8.438822693648904,0.05868646616610559,-0.14254117655504506,0.05708543668914259
7865352,1789113527924000000,562,HEAD_POSE_ESTIMATE,estimated,-0.2160321826098863,4.9595509623903435,8.420098431092294,0.0842023258564129,-0.11413668010794942,0.05228624006155285
7880352,1789113527939000000,563,HEAD_POSE_ESTIMATE,estimated,-0.2193593200713179,4.931338127541377,8.394621601241564,0.1061094185969713,-0.08809821778986518,0.037494849484989705
7893352,1789113527952000000,564,HEAD_POSE_ESTIMATE,estimated,-0.2136806086683489,4.9187877900254655,8.386923121286323,0.11956663617821171,-0.06950435265941922,0.01682159511922859
7907352,1789113527966000000,565,HEAD_POSE_ESTIMATE,estimated,-0.234687680570266,4.904592725517406,8.385013824586554,0.12252988616468319,-0.05192350682572745,-0.005732716025899854
7921352,1789113527980000000,566,HEAD_POSE_ESTIMATE,estimated,-0.24268868536131993,4.9066370155649635,8.366068790947654,0.11342360777508374,-0.03671252849214113,-0.026250720022616057
7935352,1789113527994000000,567,HEAD_POSE_ESTIMATE,estimated,-0.26517807319847186,4.914833336800262,8.37651441935053,0.09325852211357671,-0.025327954764690717,-0.04274439109161631
7949352,1789113528008000000,568,HEAD_POSE_ESTIMATE,estimated,-0.2894475489399434,4.937982396011215,8.386049094536892,0.0702705294839287,-0.014251559369754271,-0.05540808899543199
7963352,1789113528022000000,569,HEAD_POSE_ESTIMATE,estimated,-0.3014822917761175,4.962551143272465,8.396629428596091,0.047756346606296796,-0.004303365222220419,-0.06225601199194095
7977352,1789113528036000000,570,HEAD_POSE_ESTIMATE,estimated,-0.31399991955468876,4.97648967904128,8.422482376403163,0.0310634468848092,0.0051220368266206,-0.06323298420570594
7991352,1789113528050000000,571,HEAD_POSE_ESTIMATE,estimated,-0.3244951567232659,4.994919197470114,8.44585176381004,0.01753106338880667,0.012193614543730398,-0.058800046459152516
8007352,1789113528066000000,572,HEAD_POSE_ESTIMATE,estimated,-0.33397159144855104,4.997162605873734,8.485139374878027,0.007044773601496042,0.019057884743878158,-0.04790337985839165
8019352,1789113528078000000,573,HEAD_POSE_ESTIMATE,estimated,-0.3378545909676218,4.998870012355942,8.533373102657192,0.00662272502932647,0.025503652545678296,-0.03511265200852018
8032352,1789113528091000000,574,HEAD_POSE_ESTIMATE,estimated,-0.3349900136342153,5.001473111834531,8.556898494110275,0.00800105153841671,0.031816590997866934,-0.020889236463207544
8046352,1789113528105000000,575,HEAD_POSE_ESTIMATE,estimated,-0.33246318991412827,5.006304950229188,8.587416114601675,0.010601073237797907,0.04310210802068901,-0.0078714450386516
8060352,1789113528119000000,576,HEAD_POSE_ESTIMATE,estimated,-0.31783736801774587,4.998173393671698,8.607630643903084,0.010839201917945651,0.05441430348889575,-0.0007911795098356032
8074352,1789113528133000000,577,HEAD_POSE_ESTIMATE,estimated,-0.3003659183354933,4.981398072722846,8.6214541376361,0.00599743107651079,0.06558248902609552,0.002591354563187432
8088352,1789113528147000000,578,HEAD_POSE_ESTIMATE,estimated,-0.2820194982046246,4.968857440542217,8.633949667032146,-0.008570945731284106,0.0767935335208613,0.005755345745398307
8102352,1789113528161000000,579,HEAD_POSE_ESTIMATE,estimated,-0.25750904730954727,4.963519644180018,8.642314990840276,-0.02802779335712457,0.08560871917691201,0.011298910329401042
8115352,1789113528174000000,580,HEAD_POSE_ESTIMATE,estimated,-0.23881515173343412,4.983170262752253,8.654786360525842,-0.05813964866389972,0.09286415627384488,0.02037895472282948
8130352,1789113528189000000,581,HEAD_POSE_ESTIMATE,estimated,-0.21023525381215216,4.992684683375405,8.652257746170987,-0.07864800898292777,0.0972294736834645,0.031122433918550237
8143352,1789113528202000000,582,HEAD_POSE_ESTIMATE,estimated,-0.18600002692074913,5.007468714954918,8.639289530776207,-0.08868283338851371,0.09977591720688349,0.04030508799425022
8161352,1789113528220000000,583,HEAD_POSE_ESTIMATE,estimated,-0.15851592376510829,5.012267505828021,8.640697226119391,-0.08519832720307728,0.10400648530440408,0.05177397504004208
8172352,1789113528231000000,584,HEAD_POSE_ESTIMATE,estimated,-0.1522203502611898,5.014988533558185,8.633141020965347,-0.0733099809319439,0.10504378674838884,0.05457124629995337
8185352,1789113528244000000,585,HEAD_POSE_ESTIMATE,estimated,-0.1369360698525324,5.024638580559318,8.617961935596872,-0.053953768687497565,0.10381315117740378,0.04752390892336619
8199352,1789113528258000000,586,HEAD_POSE_ESTIMATE,estimated,-0.12906650858641328,5.04436163442887,8.594806296245201,-0.029652301857965933,0.09863467176656965,0.030378055255904
8213352,1789113528272000000,587,HEAD_POSE_ESTIMATE,estimated,-0.14410833499232015,5.056062342438969,8.56407153238569,-0.0032637719111491327,0.08997660989230304,0.0012076840167240218
8227352,1789113528286000000,588,HEAD_POSE_ESTIMATE,estimated,-0.16806149467744258,5.086402134105155,8.519375897742762,0.022028915617718674,0.07776486678491644,-0.02691891080651152
8241352,1789113528300000000,589,HEAD_POSE_ESTIMATE,estimated,-0.2002952124150827,5.106923428680843,8.487262826898627,0.045304433216579426,0.06355502635645391,-0.05487586857192411
8255352,1789113528314000000,590,HEAD_POSE_ESTIMATE,estimated,-0.2474837539738699,5.116048382940043,8.444881622559505,0.06307462748335967,0.04602878423081217,-0.08250665918604985
8269352,1789113528328000000,591,HEAD_POSE_ESTIMATE,estimated,-0.2986617544388912,5.1161193175819415,8.407143221224997,0.07468477210646489,0.026033709248139796,-0.10516738252524169
8283352,1789113528342000000,592,HEAD_POSE_ESTIMATE,estimated,-0.33733866556660863,5.100701089924469,8.347074985738942,0.08091062628705331,0.011328619152238881,-0.11218765154156438
8297352,1789113528356000000,593,HEAD_POSE_ESTIMATE,estimated,-0.37322212604113614,5.08145958826921,8.304738303829586,0.08214253135087743,-0.001503946038724662,-0.10730822246659456
8310352,1789113528369000000,594,HEAD_POSE_ESTIMATE,estimated,-0.4037435539667559,5.075090333153056,8.258064361601315,0.08465325609427911,-0.009829035443227848,-0.09730823839411515
8327352,1789113528386000000,595,HEAD_POSE_ESTIMATE,estimated,-0.4303875268027514,5.074846964925204,8.196693057897576,0.09271558177151902,-0.013051978320795894,-0.08270833799844705
8339352,1789113528398000000,596,HEAD_POSE_ESTIMATE,estimated,-0.4566960333641099,5.080288684158973,8.165325931346242,0.10751549659456416,-0.009044820190220414,-0.0714625380665377
8351352,1789113528410000000,597,HEAD_POSE_ESTIMATE,estimated,-0.47625568763097414,5.071848062736107,8.138041228672291,0.11720064951749469,-0.002777855806464605,-0.06497930481302717
8366352,1789113528425000000,598,HEAD_POSE_ESTIMATE,estimated,-0.4958178272741982,5.058368189932364,8.12265090205839,0.12400810903462767,0.0041603222346695175,-0.06704126151593945
8378352,1789113528437000000,599,HEAD_POSE_ESTIMATE,estimated,-0.5112907245117779,5.0454625740906325,8.129382115664573,0.1266938413913166,0.00881012399714714,-0.07839047476089823
8393352,1789113528452000000,600,HEAD_POSE_ESTIMATE,estimated,-0.515104339641276,5.047741278159005,8.139375302704128,0.12206566545064311,0.011129364171112774,-0.08765339913947012
8407352,1789113528466000000,601,HEAD_POSE_ESTIMATE,estimated,-0.5224118218500883,5.065835022613046,8.164810165293,0.11495703310674978,0.011932978731762136,-0.09585760846672864
8420352,1789113528479000000,602,HEAD_POSE_ESTIMATE,estimated,-0.5288760422472465,5.078577890823673,8.188693417480644,0.10197644407734378,0.011605371458820962,-0.09927760685223888
8434352,1789113528493000000,603,HEAD_POSE_ESTIMATE,estimated,-0.5526459682678186,5.083032897619921,8.224544554089425,0.0875833066403252,0.007990606860328901,-0.10069918289121328
8449352,1789113528508000000,604,HEAD_POSE_ESTIMATE,estimated,-0.5626232267312952,5.089779877494989,8.260672387585034,0.06350952491772272,0.0037472972215821607,-0.09663222150586359
8462352,1789113528521000000,605,HEAD_POSE_ESTIMATE,estimated,-0.5713536092071847,5.097716365514586,8.288419071311443,0.03725291264805063,-0.0018801922961199657,-0.08778777093587206
8477352,1789113528536000000,606,HEAD_POSE_ESTIMATE,estimated,-0.5751299593558818,5.105784964418651,8.320833175411599,0.004752583377711545,-0.007681717931101006,-0.07230908856950725
8491352,1789113528550000000,607,HEAD_POSE_ESTIMATE,estimated,-0.566751704641334,5.107534536904576,8.351750733352977,-0.02631404285324717,-0.013197912324412898,-0.05361766534473001
8504352,1789113528563000000,608,HEAD_POSE_ESTIMATE,estimated,-0.5649657105593178,5.1109578315516275,8.37122755265692,-0.05452219147137339,-0.017683761933522644,-0.03245405084542242
8519352,1789113528578000000,609,HEAD_POSE_ESTIMATE,estimated,-0.5478083920938063,5.105953956247502,8.412084836358423,-0.07810813703799109,-0.022886702284083706,-0.011827294773558998
8532352,1789113528591000000,610,HEAD_POSE_ESTIMATE,estimated,-0.5373192102886961,5.114536373992194,8.428516614499928,-0.09103026976751884,-0.026260008740963754,0.003951598513100941
8546352,1789113528605000000,611,HEAD_POSE_ESTIMATE,estimated,-0.5211470369487033,5.112641228602984,8.45963485024282,-0.09796865602737923,-0.02900878095356745,0.01800150563399002
8560352,1789113528619000000,612,HEAD_POSE_ESTIMATE,estimated,-0.5057244781151804,5.1181545024504125,8.479607997303875,-0.09924285942415083,-0.029515909682370813,0.030332566515140866
8574352,1789113528633000000,613,HEAD_POSE_ESTIMATE,estimated,-0.48266941451869133,5.115513467634814,8.493696815100725,-0.09613485778732371,-0.028199753225582515,0.04069132331182674
8588352,1789113528647000000,614,HEAD_POSE_ESTIMATE,estimated,-0.4532808299748939,5.124504281383009,8.498195601878793,-0.08883645128654293,-0.024690195543738327,0.048767844200209146
8602352,1789113528661000000,615,HEAD_POSE_ESTIMATE,estimated,-0.425749015599335,5.135805613104393,8.498699031608535,-0.07792985110189073,-0.01768617403906839,0.05419983017587388
8616352,1789113528675000000,616,HEAD_POSE_ESTIMATE,estimated,-0.3965280779860827,5.135748236220244,8.49688748481432,-0.06523764064016646,-0.008882577379339443,0.053118808141289685
8631352,1789113528690000000,617,HEAD_POSE_ESTIMATE,estimated,-0.3755793431618528,5.138591734521964,8.490069906152977,-0.05124774966832642,0.0007521288583430064,0.05260006978444628
8644352,1789113528703000000,618,HEAD_POSE_ESTIMATE,estimated,-0.35339156105984865,5.125361209831563,8.481341445366503,-0.03789653977906644,0.010452445321766162,0.0534415310242607
8658352,1789113528717000000,619,HEAD_POSE_ESTIMATE,estimated,-0.35211139089156385,5.1075857515574725,8.478707223649407,-0.02723849664815798,0.019980459074880764,0.06382176517766529
8673352,1789113528732000000,620,HEAD_POSE_ESTIMATE,estimated,-0.3440697883089124,5.081574275984797,8.467857397409109,-0.015285973380196945,0.02964061640606213,0.07066987656084547
8688352,1789113528747000000,621,HEAD_POSE_ESTIMATE,estimated,-0.34549174330672316,5.063257668486753,8.456179593909978,-0.006371386837373798,0.03857882839639371,0.07422464516482737
8697352,1789113528756000000,622,HEAD_POSE_ESTIMATE,estimated,-0.34073667526237206,5.0621386153360115,8.449436029602337,-0.0011556518320459716,0.04067763400392637,0.07933395904317875
8713352,1789113528772000000,623,HEAD_POSE_ESTIMATE,estimated,-0.34244311358791496,5.047325335509736,8.439948138382011,0.0029701403434938003,0.046565719102896544,0.06756058354446312
8728352,1789113528787000000,624,HEAD_POSE_ESTIMATE,estimated,-0.3440147466195404,5.036839726995945,8.437352772977068,0.002297551829533353,0.05144749764018085,0.044893711313173074
8740352,1789113528799000000,625,HEAD_POSE_ESTIMATE,estimated,-0.342609196414518,5.02405699853755,8.45052826133039,-0.001472466714190149,0.056040865590869085,0.01820306723151548
8754352,1789113528813000000,626,HEAD_POSE_ESTIMATE,estimated,-0.3562818822284969,5.022474927440522,8.464446605329831,-0.00958832565279019,0.06270026546604802,-0.015792110673547712
8768352,1789113528827000000,627,HEAD_POSE_ESTIMATE,estimated,-0.3865282979593405,5.023413376240523,8.487756521167997,-0.019340773573422707,0.0693117596164834,-0.050322901146786295
8782352,1789113528841000000,628,HEAD_POSE_ESTIMATE,estimated,-0.41013638371295796,5.025891453213155,8.49880118928451,-0.027104341790273434,0.07491277170483582,-0.08141087904460557
8796352,1789113528855000000,629,HEAD_POSE_ESTIMATE,estimated,-0.43396691787744995,5.026573951905273,8.509763777223839,-0.0305888410488886,0.07952252001781315,-0.104467766241615
8810352,1789113528869000000,630,HEAD_POSE_ESTIMATE,estimated,-0.46519156547150137,5.0307038270677875,8.510036026682986,-0.0307470116615745,0.08165207560638904,-0.1133662129282352
8824352,1789113528883000000,631,HEAD_POSE_ESTIMATE,estimated,-0.47639852677648376,5.029045149149509,8.514954025359858,-0.027765279051762307,0.08181974604478977,-0.11451239227287591
8838352,1789113528897000000,632,HEAD_POSE_ESTIMATE,estimated,-0.4830349862187263,5.011790433216421,8.51438634281052,-0.019725919199722223,0.08307602167158154,-0.10273339934092904
8852352,1789113528911000000,633,HEAD_POSE_ESTIMATE,estimated,-0.49343596249241534,4.99130329517821,8.507320663093678,-0.01228565095136867,0.08130815364739938,-0.08586440090901304
8866352,1789113528925000000,634,HEAD_POSE_ESTIMATE,estimated,-0.4969008901559867,4.966438702674896,8.508967276509452,-0.005516817858884579,0.07525353509010789,-0.06433204225556419
8880352,1789113528939000000,635,HEAD_POSE_ESTIMATE,estimated,-0.5062802971238163,4.95245631229896,8.520826781044198,-0.001708366349618566,0.0665952185136703,-0.0450430545629264
8894352,1789113528953000000,636,HEAD_POSE_ESTIMATE,estimated,-0.5041702090135414,4.938494223298255,8.5302120651323,-0.00019645078785986622,0.055115568912931075,-0.024798723274356595
8907352,1789113528966000000,637,HEAD_POSE_ESTIMATE,estimated,-0.50154243863462,4.931119005699552,8.538409973833843,-0.0017356425517032479,0.04359243502791619,-0.010251000086243457
8922352,1789113528981000000,638,HEAD_POSE_ESTIMATE,estimated,-0.4882668366584601,4.9267952974342935,8.54442073716703,-0.0045818294928428194,0.03161680645281525,-0.0027731494444320558
8936352,1789113528995000000,639,HEAD_POSE_ESTIMATE,estimated,-0.4772104968455964,4.918177135855346,8.555041307844823,-0.007612178532035203,0.018787342929868864,0.003762400945285484
8950352,1789113529009000000,640,HEAD_POSE_ESTIMATE,estimated,-0.4523173960850319,4.906892449809015,8.572226158004158,-0.0103754592557688,0.008402150042900939,0.005862154007202855
8963352,1789113529022000000,641,HEAD_POSE_ESTIMATE,estimated,-0.4315269925895373,4.900943561897603,8.591462161288916,-0.013229090759323863,0.0013114149953607345,0.003130740000608155
8977352,1789113529036000000,642,HEAD_POSE_ESTIMATE,estimated,-0.41532748048766166,4.921086811517518,8.619726485060038,-0.016339880267625628,-0.0033099497592323167,-0.001661290367342342
8991352,1789113529050000000,643,HEAD_POSE_ESTIMATE,estimated,-0.3905831381400636,4.947252542114766,8.64768017690813,-0.019598687800728962,-0.003703062273183076,-0.010107725263201773
9005352,1789113529064000000,644,HEAD_POSE_ESTIMATE,estimated,-0.3655703001887888,4.980962052914765,8.66924896781775,-0.023129485581553637,-1.408568858039202e-05,-0.022221691804612857
9019352,1789113529078000000,645,HEAD_POSE_ESTIMATE,estimated,-0.3360382146624227,5.0028234592850485,8.693281224706345,-0.027584700753018308,0.007790664651638113,-0.03207976772199435
9033352,1789113529092000000,646,HEAD_POSE_ESTIMATE,estimated,-0.301145957344409,5.0249967564211,8.715437606421396,-0.026609716648351336,0.01489377846957788,-0.0426934642719837
9047352,1789113529106000000,647,HEAD_POSE_ESTIMATE,estimated,-0.277469304489973,5.036980733293214,8.731905564747072,-0.02101898549185562,0.02069885563542179,-0.05096112001089321
9060352,1789113529119000000,648,HEAD_POSE_ESTIMATE,estimated,-0.2592714211700256,5.033274282604641,8.74812595250596,-0.011872483130638283,0.018461251302334166,-0.05954115188871759
9075352,1789113529134000000,649,HEAD_POSE_ESTIMATE,estimated,-0.24903389394796627,5.045652449591001,8.767859302550066,0.0009380914317391251,0.013907225636414309,-0.0695278520191347
9089352,1789113529148000000,650,HEAD_POSE_ESTIMATE,estimated,-0.2504551714575603,5.062393568927491,8.782601016641152,0.01672732061787877,0.003950548544047786,-0.08500510626514798
9101352,1789113529160000000,651,HEAD_POSE_ESTIMATE,estimated,-0.2504205039171561,5.085133422206429,8.794432693611252,0.03274183148166411,-0.009908429383871598,-0.1015985962440881
9116352,1789113529175000000,652,HEAD_POSE_ESTIMATE,estimated,-0.2672788406211718,5.096264443471587,8.802734275890018,0.05143671759039987,-0.028784021411421664,-0.12414835337699398
9130352,1789113529189000000,653,HEAD_POSE_ESTIMATE,estimated,-0.26592151073178816,5.110849603246364,8.818011376164565,0.06938795953465884,-0.047222965640512815,-0.14260085540543707
9143352,1789113529202000000,654,HEAD_POSE_ESTIMATE,estimated,-0.260174279440753,5.103306568650876,8.833933252669208,0.08724819088405095,-0.0671571987587926,-0.1591375467596684
9157352,1789113529216000000,655,HEAD_POSE_ESTIMATE,estimated,-0.2513027746956129,5.090655684827138,8.857072729348944,0.10389511020978905,-0.0850773578005115,-0.17325812531432963
9171352,1789113529230000000,656,HEAD_POSE_ESTIMATE,estimated,-0.2443370574974087,5.07445508599752,8.863100266806015,0.11856048665748803,-0.10587919662793632,-0.18490508810392609
9184352,1789113529243000000,657,HEAD_POSE_ESTIMATE,estimated,-0.2318507062698001,5.069445168726372,8.861127536544691,0.128667170537983,-0.12410187850997771,-0.19246679672674483
9199352,1789113529258000000,658,HEAD_POSE_ESTIMATE,estimated,-0.20426982877296457,5.077709387767387,8.856525274237063,0.13620471486568397,-0.14225654898952156,-0.19762818977897326
9213352,1789113529272000000,659,HEAD_POSE_ESTIMATE,estimated,-0.18426815428084387,5.07377005094747,8.835001727281044,0.14333580742969057,-0.1583962160680545,-0.2004441567534468
9229352,1789113529288000000,660,HEAD_POSE_ESTIMATE,estimated,-0.1461868336941669,5.079758324525239,8.81839377043838,0.15217260574590255,-0.17318782989161338,-0.20013142129829073
9240352,1789113529299000000,661,HEAD_POSE_ESTIMATE,estimated,-0.11708099362346969,5.0785369348819716,8.80983267364825,0.1634316558463236,-0.18455564601397648,-0.20365822832610833
9254352,1789113529313000000,662,HEAD_POSE_ESTIMATE,estimated,-0.10865862659212278,5.085219824847123,8.795683297754461,0.17695417938397398,-0.1976609582364047,-0.21262136864463868
9267352,1789113529326000000,663,HEAD_POSE_ESTIMATE,estimated,-0.09266970609363134,5.094585056733753,8.78371370437383,0.18925707201050856,-0.20930386254906852,-0.22781456936313968
9282352,1789113529341000000,664,HEAD_POSE_ESTIMATE,estimated,-0.09053402671167932,5.105267720458224,8.766315381853074,0.2022703388065254,-0.22313324660389508,-0.25052891767617924
9296352,1789113529355000000,665,HEAD_POSE_ESTIMATE,estimated,-0.09544192114619127,5.134531615461867,8.741617527547579,0.21433934612298322,-0.23669582885555557,-0.27931278283108396
9310352,1789113529369000000,666,HEAD_POSE_ESTIMATE,estimated,-0.10186141901200335,5.166202500152517,8.707925599881648,0.2234759539641228,-0.24913496105564784,-0.3039849670592193
9325352,1789113529384000000,667,HEAD_POSE_ESTIMATE,estimated,-0.10879991664496841,5.197813945997007,8.678490950970273,0.23161201873676573,-0.2628819278766007,-0.3255724726999252
9338352,1789113529397000000,668,HEAD_POSE_ESTIMATE,estimated,-0.12091845934173356,5.210665368850465,8.659491507858451,0.23854009865211526,-0.27506390217387855,-0.3376984851627861
9352352,1789113529411000000,669,HEAD_POSE_ESTIMATE,estimated,-0.10345146660101007,5.212652662023271,8.652606835502722,0.24515248555664504,-0.2879955036661204,-0.34487696127980405
9367352,1789113529426000000,670,HEAD_POSE_ESTIMATE,estimated,-0.10193906213849258,5.214044053852653,8.635449248437753,0.2526658243203376,-0.3015890029957972,-0.3452469657305768
9380352,1789113529439000000,671,HEAD_POSE_ESTIMATE,estimated,-0.10135064171151864,5.222595837642667,8.612297601968237,0.2587631115296947,-0.315489886190751,-0.34475765363651284
9394352,1789113529453000000,672,HEAD_POSE_ESTIMATE,estimated,-0.12454880238661453,5.2513921873006755,8.57809916459937,0.26420464178227604,-0.3262993085162982,-0.340581828712436
9408352,1789113529467000000,673,HEAD_POSE_ESTIMATE,estimated,-0.13905479953355165,5.285493868599273,8.536096884407806,0.26780934339301093,-0.3385549358225075,-0.34309497463713506
9422352,1789113529481000000,674,HEAD_POSE_ESTIMATE,estimated,-0.17497548551526848,5.32045758385943,8.47255018384885,0.271439067499127,-0.35160966481189143,-0.3528390432409475
9436352,1789113529495000000,675,HEAD_POSE_ESTIMATE,estimated,-0.15123188407389032,5.360315701026941,8.465037275300569,0.27021847998843296,-0.35753661007470583,-0.35854475321541274
9450352,1789113529509000000,676,HEAD_POSE_ESTIMATE,estimated,-0.13736766597479733,5.412814400696854,8.454041244275327,0.2692461692335165,-0.3673214487979781,-0.3747343140020699
9463352,1789113529522000000,677,HEAD_POSE_ESTIMATE,estimated,-0.12300213887437361,5.450486005500252,8.442227649279898,0.2635099823234655,-0.3750560467103559,-0.3928333489101117
9477352,1789113529536000000,678,HEAD_POSE_ESTIMATE,estimated,-0.1229853918040213,5.509376115305413,8.44980041113822,0.25516913896451504,-0.3856843803464494,-0.41604711162994656
9491352,1789113529550000000,679,HEAD_POSE_ESTIMATE,estimated,-0.10681599835954025,5.561383484389225,8.449676515671845,0.24706616798707506,-0.3969304951338231,-0.44139452564055554
9506352,1789113529565000000,680,HEAD_POSE_ESTIMATE,estimated,-0.13553005848504857,5.596500184027752,8.406336737578547,0.23783847135191602,-0.4065371861270591,-0.4705257717680502
9521352,1789113529580000000,681,HEAD_POSE_ESTIMATE,estimated,-0.11954291259981015,5.64363802404811,8.389267587438775,0.22905146772663462,-0.41085257188217844,-0.4877091243579585
9537352,1789113529596000000,682,HEAD_POSE_ESTIMATE,estimated,-0.11540324587343215,5.669699701100527,8.35285269212669,0.2292136126753476,-0.41180832000635864,-0.5040014457261859
9546352,1789113529605000000,683,HEAD_POSE_ESTIMATE,estimated,-0.13427912296777172,5.670773786829464,8.295937729020132,0.23641080212896384,-0.4115667473835757,-0.516134063861077
9561352,1789113529620000000,684,HEAD_POSE_ESTIMATE,estimated,-0.1651583890675565,5.642187455868339,8.236859589198756,0.2525564207020668,-0.4125046733402478,-0.5279379110304745
9574352,1789113529633000000,685,HEAD_POSE_ESTIMATE,estimated,-0.2094987909163496,5.6219170200698185,8.16344005072874,0.27305616790606474,-0.41334469159229886,-0.5358678734620146
9588352,1789113529647000000,686,HEAD_POSE_ESTIMATE,estimated,-0.2244967910371591,5.610097458033895,8.122893216011192,0.28411339030295424,-0.40730698365177664,-0.5320297069157002
9602352,1789113529661000000,687,HEAD_POSE_ESTIMATE,estimated,-0.2420176104312482,5.600784409856334,8.066182179417055,0.29263688163410284,-0.403596375907875,-0.5201045268471123
9618352,1789113529677000000,688,HEAD_POSE_ESTIMATE,estimated,-0.3015365807373962,5.602006865501287,7.984839073308143,0.29709551738870194,-0.40415557465292806,-0.5025335191252213
9629352,1789113529688000000,689,HEAD_POSE_ESTIMATE,estimated,-0.3112486381359483,5.599577563131494,7.92783723376425,0.29724820572357974,-0.4013488234683766,-0.48157785282942006
9643352,1789113529702000000,690,HEAD_POSE_ESTIMATE,estimated,-0.2972501319818447,5.583064575532536,7.8726373382490875,0.2943760114824493,-0.4048506911411819,-0.4651109937750036
9658352,1789113529717000000,691,HEAD_POSE_ESTIMATE,estimated,-0.22508848066347908,5.589768557212476,7.857785617493165,0.29506393482328813,-0.4161512245784924,-0.46649990233569255
9672352,1789113529731000000,692,HEAD_POSE_ESTIMATE,estimated,-0.2230130768737138,5.580874340656909,7.7923911020010905,0.2839374553005631,-0.425679243016556,-0.46835518490159184
9688352,1789113529747000000,693,HEAD_POSE_ESTIMATE,estimated,-0.1881059902323205,5.582984969422098,7.7438963218883945,0.26445053950394637,-0.4371111367627953,-0.4753496114300713
9698352,1789113529757000000,694,HEAD_POSE_ESTIMATE,estimated,-0.17789000463846752,5.62875280384198,7.702307135096757,0.2448131988598948,-0.4445314441320602,-0.4836448574451159
9712352,1789113529771000000,695,HEAD_POSE_ESTIMATE,estimated,-0.17376951702495216,5.655149740872963,7.63155377754271,0.21587996055459416,-0.45316807920791957,-0.4897618512447747
9728352,1789113529787000000,696,HEAD_POSE_ESTIMATE,estimated,-0.1956566199110068,5.673784914245503,7.540532078466528,0.18581996282676888,-0.4631642934224962,-0.49554455310514883
9740352,1789113529799000000,697,HEAD_POSE_ESTIMATE,estimated,-0.15595479147034935,5.702474227717229,7.501378650613197,0.16635839442817887,-0.47171138574559524,-0.5009898397684022
9754352,1789113529813000000,698,HEAD_POSE_ESTIMATE,estimated,-0.17634445289591663,5.732034179146988,7.426777697305699,0.1418105416692366,-0.4781105106919723,-0.4999579452320037
9768352,1789113529827000000,699,HEAD_POSE_ESTIMATE,estimated,-0.19847586689564628,5.741005038979516,7.373660992815323,0.11815986867032072,-0.4841758225322298,-0.4953376171015333
9782352,1789113529841000000,700,HEAD_POSE_ESTIMATE,estimated,-0.21022898530689724,5.781092223282874,7.333925134736103,0.10015397313415701,-0.4885429109665768,-0.4943153340969448
9796352,1789113529855000000,701,HEAD_POSE_ESTIMATE,estimated,-0.2075922753704138,5.820883255146927,7.318419074229954,0.08618887381644902,-0.49255199734866806,-0.4939331598466112
9810352,1789113529869000000,702,HEAD_POSE_ESTIMATE,estimated,-0.1719847725124282,5.879973968572796,7.340754057571333,0.09107036471530755,-0.49739394343507887,-0.5082419088239676
9824352,1789113529883000000,703,HEAD_POSE_ESTIMATE,estimated,-0.19781515501743543,5.906003788500203,7.321674171690705,0.10354429252372488,-0.4940143990866188,-0.522410400327519
9839352,1789113529898000000,704,HEAD_POSE_ESTIMATE,estimated,-0.2344080849928175,5.922263860464888,7.311809691776608,0.12130842213401646,-0.4855903540195766,-0.5385582913642429
9852352,1789113529911000000,705,HEAD_POSE_ESTIMATE,estimated,-0.2609851954689977,5.929126162093997,7.3097624909831085,0.13726797081611153,-0.48150540362452005,-0.557472155847118
9866352,1789113529925000000,706,HEAD_POSE_ESTIMATE,estimated,-0.27956609205533456,5.928897613682034,7.296128785175666,0.1481013331184217,-0.4691636929101501,-0.5633645785153667
9880352,1789113529939000000,707,HEAD_POSE_ESTIMATE,estimated,-0.28612205902310833,5.938352530416109,7.285782825970416,0.15101213673439418,-0.45587117273576455,-0.558955750846378
9894352,1789113529953000000,708,HEAD_POSE_ESTIMATE,estimated,-0.3562134834967156,5.936123573135723,7.262200622151098,0.15922373468482098,-0.44895770771749893,-0.5535465066484616
9907352,1789113529966000000,709,HEAD_POSE_ESTIMATE,estimated,-0.3866301048710154,5.9491268883191655,7.249003381089927,0.16365882761369893,-0.4368510655135965,-0.5374136067265752
9921352,1789113529980000000,710,HEAD_POSE_ESTIMATE,estimated,-0.3762704710018445,5.969473654939274,7.249653105253937,0.16697816751554476,-0.42136466020716373,-0.5139754172657629
9935352,1789113529994000000,711,HEAD_POSE_ESTIMATE,estimated,-0.3448715065251834,5.983332010579994,7.257118552546489,0.16798188533838257,-0.4067194897210725,-0.48642417540350424
9949352,1789113530008000000,712,HEAD_POSE_ESTIMATE,estimated,-0.32413606687880053,5.996166999584805,7.270199851111092,0.16467456007557157,-0.39691619227181413,-0.462924292177959
9965352,1789113530024000000,713,HEAD_POSE_ESTIMATE,estimated,-0.27932791041953786,6.045817990762738,7.287031132826513,0.1612939588196521,-0.3911947622841246,-0.4450760183372003
9977352,1789113530036000000,714,HEAD_POSE_ESTIMATE,estimated,-0.28303193332613497,6.075466834184631,7.290460046257889,0.15878913181943977,-0.38840968609150345,-0.43832181943483334
9990352,1789113530049000000,715,HEAD_POSE_ESTIMATE,estimated,-0.2755427780492753,6.106565907788,7.295601458180548,0.1575163871108855,-0.38491931575306215,-0.4339682508624003
10009352,1789113530068000000,716,HEAD_POSE_ESTIMATE,estimated,-0.27938518166081716,6.136468604120981,7.301613043132484,0.15383668109349208,-0.3852497890714782,-0.4293978334571004
10021352,1789113530080000000,717,HEAD_POSE_ESTIMATE,estimated,-0.2701453164518065,6.154012626576712,7.310351899228209,0.15343030207379504,-0.3823939006603943,-0.42739290693182
10032352,1789113530091000000,718,HEAD_POSE_ESTIMATE,estimated,-0.27801800375824937,6.171290855521584,7.307588482837045,0.14903047361475102,-0.3835497833949963,-0.4246149128698498
10045352,1789113530104000000,719,HEAD_POSE_ESTIMATE,estimated,-0.293074645523832,6.183084987157449,7.296771412217022,0.1459251147343764,-0.38368571002251656,-0.41704468353223695
10059352,1789113530118000000,720,HEAD_POSE_ESTIMATE,estimated,-0.3151635201907241,6.203925396569596,7.278397158397478,0.14664077145599835,-0.38188333951132614,-0.40642669664944947
10073352,1789113530132000000,721,HEAD_POSE_ESTIMATE,estimated,-0.3693645898915725,6.21255035554082,7.265459744906468,0.15480308258887984,-0.3763787701502736,-0.3915355921197766
10087352,1789113530146000000,722,HEAD_POSE_ESTIMATE,estimated,-0.38973188610323506,6.228245975774919,7.249958833957149,0.16252610552201713,-0.37430921523129407,-0.3829311913472433
10101352,1789113530160000000,723,HEAD_POSE_ESTIMATE,estimated,-0.4225914257812391,6.238405989843489,7.224409258466888,0.1655290311992386,-0.3678669406322672,-0.37155661508675725
10115352,1789113530174000000,724,HEAD_POSE_ESTIMATE,estimated,-0.4873386071063234,6.239818937994047,7.207231609768075,0.16211073033894954,-0.356827127002287,-0.3563239108813476
10129352,1789113530188000000,725,HEAD_POSE_ESTIMATE,estimated,-0.4097139246731023,6.26880794350145,7.1943705590894735,0.1579052195107483,-0.35550346572174757,-0.35488961056011153
10143352,1789113530202000000,726,HEAD_POSE_ESTIMATE,estimated,-0.3499005869905203,6.290053254810806,7.16764847814966,0.1538415557627285,-0.35765827498257224,-0.3597104940799592
10157352,1789113530216000000,727,HEAD_POSE_ESTIMATE,estimated,-0.34536832447667565,6.282071082570231,7.142038685087101,0.1547622473300567,-0.3617367162290657,-0.3699669916201958
10171352,1789113530230000000,728,HEAD_POSE_ESTIMATE,estimated,-0.3489634427701069,6.259406255660474,7.115544931263294,0.15307714492295152,-0.36125564889549294,-0.3749930781536562
10186352,1789113530245000000,729,HEAD_POSE_ESTIMATE,estimated,-0.3513147839216374,6.236580148932775,7.09980701696084,0.1467440148699258,-0.35886497032796,-0.3768138725384744
10201352,1789113530260000000,730,HEAD_POSE_ESTIMATE,estimated,-0.3535119511680497,6.2145358735046115,7.080483131283862,0.133845791259579,-0.3523665828463111,-0.36944556417282765
10214352,1789113530273000000,731,HEAD_POSE_ESTIMATE,estimated,-0.362837488501911,6.212375978512446,7.072532428221005,0.12063619442818574,-0.3452830642199938,-0.3576173997561644
10228352,1789113530287000000,732,HEAD_POSE_ESTIMATE,estimated,-0.36584377758886977,6.211304629986074,7.054808938425649,0.10173899737591131,-0.33517519757843955,-0.34066225872215994
10240352,1789113530299000000,733,HEAD_POSE_ESTIMATE,estimated,-0.3663133740454842,6.21104686720598,7.034515369405498,0.0793346291168508,-0.32507981245650946,-0.32366181990778164
10254352,1789113530313000000,734,HEAD_POSE_ESTIMATE,estimated,-0.3886019317739041,6.2301072374756075,7.037056947481014,0.05307130820088003,-0.31550705794704903,-0.30727184265171414
10269352,1789113530328000000,735,HEAD_POSE_ESTIMATE,estimated,-0.39413513356140606,6.2572521129616865,7.0465717650608175,0.019384521764876067,-0.30211069300653887,-0.2905025719948846
10283352,1789113530342000000,736,HEAD_POSE_ESTIMATE,estimated,-0.39312416931167066,6.293721910133847,7.0467665729670905,-0.017963422709353975,-0.28849729415901415,-0.2754422497732996
10297352,1789113530356000000,737,HEAD_POSE_ESTIMATE,estimated,-0.40813852104204595,6.330161271463613,7.0670417997760575,-0.06155070769544694,-0.278698079137797,-0.266411475035784
10311352,1789113530370000000,738,HEAD_POSE_ESTIMATE,estimated,-0.4014979007609989,6.370051967879042,7.0721766125935215,-0.1002444928373998,-0.268157491597555,-0.26020613177882435
10325352,1789113530384000000,739,HEAD_POSE_ESTIMATE,estimated,-0.3663280670401128,6.391109007172311,7.080995478466536,-0.12914246111382752,-0.25806613845105036,-0.2572968039488096
10338352,1789113530397000000,740,HEAD_POSE_ESTIMATE,estimated,-0.338748725664864,6.399253140524167,7.10321975944742,-0.1471182048990465,-0.246641299210625,-0.25386144492960055
10352352,1789113530411000000,741,HEAD_POSE_ESTIMATE,estimated,-0.3036223139391832,6.395740172154238,7.104336997916291,-0.15851858007245223,-0.23453412231786255,-0.24738140240743
10368352,1789113530427000000,742,HEAD_POSE_ESTIMATE,estimated,-0.29211546925192794,6.38572096270499,7.128006402573417,-0.16595044914204024,-0.216786480125896,-0.23321791314580248
10380352,1789113530439000000,743,HEAD_POSE_ESTIMATE,estimated,-0.2757055772875461,6.3890704311881565,7.141425226875225,-0.1701382568718095,-0.2003320820546148,-0.21460943619749698
10393352,1789113530452000000,744,HEAD_POSE_ESTIMATE,estimated,-0.27608496221251094,6.397473863697318,7.191036033936088,-0.17055446441946948,-0.1881131191089845,-0.2003464537392083
10407352,1789113530466000000,745,HEAD_POSE_ESTIMATE,estimated,-0.26143344290062254,6.409600249803129,7.23892668916931,-0.1677295054113495,-0.17523375039877417,-0.1861817963503912
10421352,1789113530480000000,746,HEAD_POSE_ESTIMATE,estimated,-0.22396901865773533,6.413969901336065,7.271070676808343,-0.1605136546438358,-0.16371844664098625,-0.1747076289240534
10435352,1789113530494000000,747,HEAD_POSE_ESTIMATE,estimated,-0.1793832713373481,6.415632753100955,7.301528970158853,-0.1558679838354081,-0.15171135626458365,-0.1673791694728169
10449352,1789113530508000000,748,HEAD_POSE_ESTIMATE,estimated,-0.15837423990808114,6.416783543058437,7.339314619812567,-0.1529365516320226,-0.14242222504417237,-0.1665361300493914
10463352,1789113530522000000,749,HEAD_POSE_ESTIMATE,estimated,-0.12926462092582316,6.424435345785931,7.368199752979087,-0.14952926446778667,-0.13324500770652667,-0.16618843211207254
10477352,1789113530536000000,750,HEAD_POSE_ESTIMATE,estimated,-0.11475535926696477,6.434932108081571,7.410840132395757,-0.15225291543276273,-0.12571202369775086,-0.16803599610408376
10490352,1789113530549000000,751,HEAD_POSE_ESTIMATE,estimated,-0.08136306357297178,6.436916031035041,7.428934696404881,-0.15312125034762852,-0.12486761914521519,-0.17279706300245107
10507352,1789113530566000000,752,HEAD_POSE_ESTIMATE,estimated,-0.05920956746098832,6.423115471699683,7.448463719297466,-0.15196316966824455,-0.12406121323468156,-0.17675421025605814
10520352,1789113530579000000,753,HEAD_POSE_ESTIMATE,estimated,-0.06433977377294281,6.419656364608623,7.4858931850216,-0.15196040396031027,-0.12313008312111332,-0.1745926071253523
10532352,1789113530591000000,754,HEAD_POSE_ESTIMATE,estimated,-0.07483781952697019,6.40190473884552,7.509463339129917,-0.15055955349824743,-0.12453043799222038,-0.1757413803373484
10545352,1789113530604000000,755,HEAD_POSE_ESTIMATE,estimated,-0.08591754540539623,6.368096424720196,7.533419373291046,-0.1480111533114751,-0.12540297689055882,-0.17873027313669573
10561352,1789113530620000000,756,HEAD_POSE_ESTIMATE,estimated,-0.10661295987619797,6.3345327490476055,7.5577341785170455,-0.14008192752799686,-0.12261222631166459,-0.18238799017513588
10573352,1789113530632000000,757,HEAD_POSE_ESTIMATE,estimated,-0.12490795703207605,6.3021938678419485,7.570021686406965,-0.13307982310583627,-0.1217117537914204,-0.18785884875320077
10587352,1789113530646000000,758,HEAD_POSE_ESTIMATE,estimated,-0.13214611304914697,6.283165391532935,7.565182748474112,-0.11937358889108197,-0.11587214403606406,-0.19091188880913237
10601352,1789113530660000000,759,HEAD_POSE_ESTIMATE,estimated,-0.14143595367973297,6.253037821465472,7.554480725143214,-0.09940004332026858,-0.10589256830663339,-0.19105667128818313
10615352,1789113530674000000,760,HEAD_POSE_ESTIMATE,estimated,-0.1905427552684693,6.1852460727296625,7.584815271743745,-0.07138231227701594,-0.09226866170248944,-0.18788610504359224
10629352,1789113530688000000,761,HEAD_POSE_ESTIMATE,estimated,-0.21043128663155797,6.12743802881062,7.566230589879102,-0.0452881576742422,-0.07846252342524657,-0.1828321847897877
10643352,1789113530702000000,762,HEAD_POSE_ESTIMATE,estimated,-0.19166309203388407,6.066900790218585,7.514504111796304,-0.025054488492335186,-0.06440292287205615,-0.17602646020459436
10657352,1789113530716000000,763,HEAD_POSE_ESTIMATE,estimated,-0.1939830516853166,6.029751969832408,7.481583832878262,-0.00724473848425525,-0.05054985588756231,-0.16632471598834112
10671352,1789113530730000000,764,HEAD_POSE_ESTIMATE,estimated,-0.21414459164551577,5.995948856847892,7.473503105628074,0.0017571324138166027,-0.035712265980239646,-0.15657825597078362
10686352,1789113530745000000,765,HEAD_POSE_ESTIMATE,estimated,-0.21563059488560588,5.970907936365613,7.447230994378007,-0.0032598502639877977,-0.023359131439012974,-0.15084945445642506
10698352,1789113530757000000,766,HEAD_POSE_ESTIMATE,estimated,-0.24751681881716248,5.931032510698097,7.448831828173405,-0.013840635885076656,-0.013707745036110679,-0.14823231216429547
10712352,1789113530771000000,767,HEAD_POSE_ESTIMATE,estimated,-0.2811232583562698,5.898281384591968,7.459460043813464,-0.029801856631627262,-0.007101462440093574,-0.1476921058850607
10728352,1789113530787000000,768,HEAD_POSE_ESTIMATE,estimated,-0.32112527279122327,5.874506528410178,7.4880176774708085,-0.04619492393884799,-0.003251534896604599,-0.14729281438504244
10743352,1789113530802000000,769,HEAD_POSE_ESTIMATE,estimated,-0.37780170363940346,5.85310243328933,7.54122039497862,-0.06448741130755412,-0.0007344791458932494,-0.15121108931850089
10753352,1789113530812000000,770,HEAD_POSE_ESTIMATE,estimated,-0.4090166336418194,5.869874951201862,7.592297855285972,-0.0767713989510344,-0.004307836105616281,-0.15449974597633673
10767352,1789113530826000000,771,HEAD_POSE_ESTIMATE,estimated,-0.4494754717052709,5.884560357112186,7.666063193150689,-0.0966273949065026,-0.006099308851403994,-0.15994815131614584
10781352,1789113530840000000,772,HEAD_POSE_ESTIMATE,estimated,-0.4820424722361615,5.9142010694363085,7.727517354715451,-0.11988349644054615,-0.004069614092416319,-0.1631343177946254
10795352,1789113530854000000,773,HEAD_POSE_ESTIMATE,estimated,-0.507589072337475,5.945959227107255,7.792576553330381,-0.14452168232928003,0.0007480120255105089,-0.16286730657565957
10809352,1789113530868000000,774,HEAD_POSE_ESTIMATE,estimated,-0.5217797927661236,5.979221034743795,7.856939286754256,-0.17237373364962516,0.011740999566985927,-0.15828069884040447
10823352,1789113530882000000,775,HEAD_POSE_ESTIMATE,estimated,-0.5579434342504995,6.00185271823677,7.929167267719332,-0.19511349613621054,0.027344893817967956,-0.15052530440825668
10836352,1789113530895000000,776,HEAD_POSE_ESTIMATE,estimated,-0.607815602164773,5.989570030889374,8.014024592405985,-0.21228410356116797,0.04841629462285516,-0.14107311058322208
10851352,1789113530910000000,777,HEAD_POSE_ESTIMATE,estimated,-0.6433105592479372,5.994723539089963,8.070925522148901,-0.2238152491851616,0.0780572901679954,-0.13809166147284924
10865352,1789113530924000000,778,HEAD_POSE_ESTIMATE,estimated,-0.655278916878318,5.986380832809078,8.10396935036317,-0.21456890784772997,0.09655691631729516,-0.13759480289183285
10879352,1789113530938000000,779,HEAD_POSE_ESTIMATE,estimated,-0.6984851402867324,5.9916918013255405,8.16249049392621,-0.20495482748870467,0.11033047993426048,-0.13661441676577354
10893352,1789113530952000000,780,HEAD_POSE_ESTIMATE,estimated,-0.7759549047938057,5.963918775483129,8.24483362294398,-0.16044575960593088,0.11349380807471018,-0.1387907769088789
10907352,1789113530966000000,781,HEAD_POSE_ESTIMATE,estimated,-0.7570554981868636,5.9628080422380805,8.21305479762518,-0.1160310713059108,0.10776829892795578,-0.13329582353319003
10922352,1789113530981000000,782,HEAD_POSE_ESTIMATE,estimated,-0.75568911347713,5.948311156372509,8.199196415543405,-0.06963542116209333,0.09240086164303868,-0.13543017684239445
10935352,1789113530994000000,783,HEAD_POSE_ESTIMATE,estimated,-0.7520503963536509,5.926500153928126,8.1911924457448,-0.037418474404459424,0.07354281197027163,-0.1440250479010495
10949352,1789113531008000000,784,HEAD_POSE_ESTIMATE,estimated,-0.7463703482285073,5.899799602411928,8.192092905217896,-0.019455142687405606,0.04843127450873484,-0.15087189096573525
10966352,1789113531025000000,785,HEAD_POSE_ESTIMATE,estimated,-0.7474135375092126,5.874915001301299,8.197394158550484,-0.015077776967658536,0.010587762141697998,-0.14024531127974615
10980352,1789113531039000000,786,HEAD_POSE_ESTIMATE,estimated,-0.7485112825946515,5.868833881313479,8.209967187576662,-0.01932807076634948,-0.01681042801439059,-0.12054508011205103
11003352,1789113531062000000,787,HEAD_POSE_ESTIMATE,estimated,-0.7458746798386966,5.8187397544868675,8.213635655300244,-0.03272913950939313,-0.055214972600998266,-0.08164791518117628
11015352,1789113531074000000,788,HEAD_POSE_ESTIMATE,estimated,-0.7699912086781029,5.776141190319163,8.239259973160406,-0.037571509911994996,-0.0674653957659377,-0.059239315649020276
11030352,1789113531089000000,789,HEAD_POSE_ESTIMATE,estimated,-0.7772763555899556,5.725986608537994,8.269430285363603,-0.03921137828047093,-0.07757027659271774,-0.04094574055597575
11044352,1789113531103000000,790,HEAD_POSE_ESTIMATE,estimated,-0.7756392275963708,5.686328819127522,8.303134801144159,-0.03475095371588973,-0.08122301031627185,-0.032346272437807806
11058352,1789113531117000000,791,HEAD_POSE_ESTIMATE,estimated,-0.781130296716126,5.639531277879447,8.349444434764196,-0.02990014746254302,-0.08180505691205449,-0.02608370915632473
11072352,1789113531131000000,792,HEAD_POSE_ESTIMATE,estimated,-0.8080641235694959,5.593437411097351,8.409965395935515,-0.018582698741702063,-0.08124828019337743,-0.021299967218407944
11085352,1789113531144000000,793,HEAD_POSE_ESTIMATE,estimated,-0.7941648750522712,5.609691607594603,8.450339191746522,-0.024728434195486988,-0.07836610421837883,-0.020592119096429443
11100352,1789113531159000000,794,HEAD_POSE_ESTIMATE,estimated,-0.8448083820500079,5.599310820374736,8.527952502602123,-0.030366945066978106,-0.06406318992895169,-0.0317967905386648
11115352,1789113531174000000,795,HEAD_POSE_ESTIMATE,estimated,-0.810875612418807,5.647857220631659,8.54747015069992,-0.05215275250680011,-0.06544004985370204,-0.0351777694296779
11129352,1789113531188000000,796,HEAD_POSE_ESTIMATE,estimated,-0.7785040186745569,5.693173717831931,8.511588983343819,-0.07765415244236096,-0.06682642468848556,-0.04709666123984028
11142352,1789113531201000000,797,HEAD_POSE_ESTIMATE,estimated,-0.7962532604750314,5.721270046798394,8.555018142047373,-0.09161588982210785,-0.07051691288958434,-0.04664364773600539
11157352,1789113531216000000,798,HEAD_POSE_ESTIMATE,estimated,-0.8274199418757103,5.741420497887405,8.575154899674459,-0.09682576905571462,-0.07956875315888359,-0.04262256919759928
11170352,1789113531229000000,799,HEAD_POSE_ESTIMATE,estimated,-0.8634348554616433,5.759570710243436,8.563602050334506,-0.08760464718480959,-0.09081275138702768,-0.03921314602295623
11183352,1789113531242000000,800,HEAD_POSE_ESTIMATE,estimated,-0.9023917121523195,5.765869635569921,8.537120975651092,-0.06300457811650707,-0.10081970629637614,-0.0366419852939254
11197352,1789113531256000000,801,HEAD_POSE_ESTIMATE,estimated,-0.9642976544834214,5.765205916780807,8.48574373579119,-0.025983036454169724,-0.10891047005300902,-0.040485633183758495
11208352,1789113531267000000,802,HEAD_POSE_ESTIMATE,estimated,-1.0139243576075858,5.759926701083863,8.447457212867652,0.011209421718607119,-0.11430968253909866,-0.044594172463181724
11223352,1789113531282000000,803,HEAD_POSE_ESTIMATE,estimated,-1.0753489680792483,5.767395792255628,8.365448108708874,0.05642386095396241,-0.11531986419304785,-0.03648067385268691
11241352,1789113531300000000,804,HEAD_POSE_ESTIMATE,estimated,-1.1404676772274298,5.758056838768102,8.329309472436716,0.09541148368356915,-0.12041455924905621,-0.019767781158660142
11250352,1789113531309000000,805,HEAD_POSE_ESTIMATE,estimated,-1.1704150071394468,5.74536479473903,8.29848499953947,0.11740410760123057,-0.11686432252346128,-0.00736599475829925
11263352,1789113531322000000,806,HEAD_POSE_ESTIMATE,estimated,-1.1959468168827678,5.735274770710986,8.27414030856443,0.136300582701618,-0.10900587682926502,0.021157711402173547
11278352,1789113531337000000,807,HEAD_POSE_ESTIMATE,estimated,-1.2008778110526759,5.717977433820942,8.236116330893775,0.14790221595356903,-0.08955667066915046,0.0620406219675182
11292352,1789113531351000000,808,HEAD_POSE_ESTIMATE,estimated,-1.2119046148556492,5.707506079127553,8.228179920441551,0.14911182072362789,-0.07242230589011704,0.09981799617252661
11306352,1789113531365000000,809,HEAD_POSE_ESTIMATE,estimated,-1.2169736780700549,5.703993058657622,8.22210760822646,0.14318691293269767,-0.04544683414536146,0.14100974506853878
11320352,1789113531379000000,810,HEAD_POSE_ESTIMATE,estimated,-1.2164351539765506,5.709083327748635,8.205468699347458,0.13349714151903042,-0.00512422775566768,0.18496161818185602
11334352,1789113531393000000,811,HEAD_POSE_ESTIMATE,estimated,-1.2148808018372663,5.721180593420906,8.19657447055913,0.12215490100488324,0.034719325865694484,0.22652897548957193
11347352,1789113531406000000,812,HEAD_POSE_ESTIMATE,estimated,-1.2331187613668315,5.754905524211878,8.194831174209249,0.11093858142043278,0.07839357122301667,0.2581547415015002
11361352,1789113531420000000,813,HEAD_POSE_ESTIMATE,estimated,-1.2377839393013859,5.793252640272762,8.194700309749535,0.10435048134627432,0.1357788032305845,0.2881293060746779
11375352,1789113531434000000,814,HEAD_POSE_ESTIMATE,estimated,-1.2337579123452895,5.807954089051229,8.174254039695985,0.104764623727745,0.19264619427068883,0.3073451588450313
11389352,1789113531448000000,815,HEAD_POSE_ESTIMATE,estimated,-1.279266533540654,5.8096194366960505,8.171822416051649,0.1018874559971152,0.2458072887632564,0.3206718426294532
11404352,1789113531463000000,816,HEAD_POSE_ESTIMATE,estimated,-1.3158947951594464,5.795981332306348,8.146043534359464,0.10148573718855618,0.3089589759155758,0.3401280426453537
11417352,1789113531476000000,817,HEAD_POSE_ESTIMATE,estimated,-1.3212536762105445,5.784473490468021,8.096289112248767,0.10226023000523093,0.3675069255661808,0.3668006614590275
11431352,1789113531490000000,818,HEAD_POSE_ESTIMATE,estimated,-1.306063805289384,5.779415925847255,8.059230995359911,0.10557319895508539,0.42187669305859665,0.3894254412399742
11447352,1789113531506000000,819,HEAD_POSE_ESTIMATE,estimated,-1.2863470932056797,5.788995196580624,7.998324336032781,0.10494790872442847,0.48071295160276767,0.424053719094783
11459352,1789113531518000000,820,HEAD_POSE_ESTIMATE,estimated,-1.2544639946430647,5.798598586510372,7.957958023225801,0.10421376640203756,0.5283992725274486,0.46326461432796334
11473352,1789113531532000000,821,HEAD_POSE_ESTIMATE,estimated,-1.2000882644206956,5.788372874008476,7.898458907946186,0.09487877103714647,0.5726426774247177,0.5080479555435402
11489352,1789113531548000000,822,HEAD_POSE_ESTIMATE,estimated,-1.1346560818037381,5.7653398971188095,7.827223534336005,0.07868230679855212,0.6118617207502716,0.5546880107953315
11499352,1789113531558000000,823,HEAD_POSE_ESTIMATE,estimated,-1.0770392502242614,5.759109105956105,7.765304230513001,0.06102412554480851,0.6320199375605617,0.5846119637401948
11514352,1789113531573000000,824,HEAD_POSE_ESTIMATE,estimated,-1.0134144514825634,5.765088544689118,7.735514732115207,0.03491014558688807,0.657260211583734,0.6146802089523917
11528352,1789113531587000000,825,HEAD_POSE_ESTIMATE,estimated,-0.9615262850099592,5.797879222916495,7.704128018125436,0.012198362698095225,0.6675490531172088,0.6307344259883216
11542352,1789113531601000000,826,HEAD_POSE_ESTIMATE,estimated,-0.8429098516225401,5.850487415524956,7.651922287006784,-0.006361116399503154,0.6721816108049465,0.6431496240494591
11556352,1789113531615000000,827,HEAD_POSE_ESTIMATE,estimated,-0.7862979496180007,5.896538550471656,7.644806651743038,-0.018003743809252678,0.6736566842066632,0.6449994934244598
11570352,1789113531629000000,828,HEAD_POSE_ESTIMATE,estimated,-0.7590670131383386,5.930758123900666,7.633453831986326,-0.020762341190024496,0.662844246060542,0.6416722872225282
11584352,1789113531643000000,829,HEAD_POSE_ESTIMATE,estimated,-0.7048632864351605,5.943486593579204,7.585863204953202,-0.016503824952809453,0.6416587123838638,0.6324170865459142
11598352,1789113531657000000,830,HEAD_POSE_ESTIMATE,estimated,-0.7101473334410245,5.917161241495037,7.562370927548784,-0.01002999803770334,0.623531678314454,0.6260294740245611
11612352,1789113531671000000,831,HEAD_POSE_ESTIMATE,estimated,-0.7297127971236798,5.879389129186594,7.525064479096602,0.0038266566043219197,0.6076347590091064,0.6252438321647096
11626352,1789113531685000000,832,HEAD_POSE_ESTIMATE,estimated,-0.6610484353408816,5.859598794439555,7.463032592968623,0.009975782200930114,0.5871829576478366,0.6228167268179496
11639352,1789113531698000000,833,HEAD_POSE_ESTIMATE,estimated,-0.6669110336913078,5.830622698441991,7.414466671711662,0.006549732150073035,0.5688287957803179,0.6166631626986608
11654352,1789113531713000000,834,HEAD_POSE_ESTIMATE,estimated,-0.6859968062502292,5.799997016039765,7.382840971264456,-0.010054221208425522,0.5627731041223037,0.6207356784988786
11668352,1789113531727000000,835,HEAD_POSE_ESTIMATE,estimated,-0.7137989378727658,5.7747021910871155,7.336632681316168,-0.03300476879769079,0.5620199996292653,0.6205069715626097
11682352,1789113531741000000,836,HEAD_POSE_ESTIMATE,estimated,-0.6976200784066855,5.748796266139566,7.295210715576702,-0.06935407583804293,0.5776350913371933,0.6285079204482246
11697352,1789113531756000000,837,HEAD_POSE_ESTIMATE,estimated,-0.6731479131641407,5.729189067219616,7.2931173672633305,-0.11054206011906231,0.5989950986814567,0.6384974832997506
11709352,1789113531768000000,838,HEAD_POSE_ESTIMATE,estimated,-0.7016625580284929,5.717405001415104,7.305062657501835,-0.14997409135569598,0.6149223877745558,0.6427271881436556
11724352,1789113531783000000,839,HEAD_POSE_ESTIMATE,estimated,-0.6744815830589159,5.7501405085591255,7.347484952874965,-0.20192840013933147,0.6436310824184824,0.6554755459258721
11740352,1789113531799000000,840,HEAD_POSE_ESTIMATE,estimated,-0.6994331143812546,5.840380298003108,7.412991462652206,-0.26109580629588736,0.6754895883612838,0.6714326086790499
11751352,1789113531810000000,841,HEAD_POSE_ESTIMATE,estimated,-0.7148854947552892,5.889520798463115,7.4436262748284445,-0.29260511280751317,0.696467520058752,0.6753769979942817
11765352,1789113531824000000,842,HEAD_POSE_ESTIMATE,estimated,-0.6698999632411055,5.931299156823442,7.477179245080991,-0.30751739959996804,0.7160259490586479,0.6708127431490181
11778352,1789113531837000000,843,HEAD_POSE_ESTIMATE,estimated,-0.6696057465834616,5.945490526281145,7.5205158821497955,-0.29539483227187896,0.730585178378909,0.6659359603230625
11793352,1789113531852000000,844,HEAD_POSE_ESTIMATE,estimated,-0.6587960644913615,5.950097003672378,7.537125329894966,-0.26233514089104154,0.7345457991667312,0.649678866074873
11809352,1789113531868000000,845,HEAD_POSE_ESTIMATE,estimated,-0.6435114063183787,5.924213842825509,7.5601084172906114,-0.2142821947820535,0.7250664333422582,0.6261068038779007
11820352,1789113531879000000,846,HEAD_POSE_ESTIMATE,estimated,-0.6377974369936681,5.908249341564873,7.57306749757305,-0.17645604088484373,0.7123715298356212,0.6076946828145785
11834352,1789113531893000000,847,HEAD_POSE_ESTIMATE,estimated,-0.6419268584107171,5.898368973991898,7.5739762965986746,-0.13877502988327098,0.6832501216670175,0.5697646474567049
11848352,1789113531907000000,848,HEAD_POSE_ESTIMATE,estimated,-0.6523843348001345,5.924950739284877,7.546692967259283,-0.10610465170802584,0.6484791290111808,0.533682974839035
11861352,1789113531920000000,849,HEAD_POSE_ESTIMATE,estimated,-0.6875264932933773,5.922505329720266,7.532427394383671,-0.08999693122182825,0.6168330019710949,0.5193436930386237
11876352,1789113531935000000,850,HEAD_POSE_ESTIMATE,estimated,-0.6288466743123206,5.914384115347224,7.5292654177754335,-0.08648308906882249,0.5823580482580359,0.5119224428560822
11890352,1789113531949000000,851,HEAD_POSE_ESTIMATE,estimated,-0.6769743415663717,5.873282338250595,7.517981414780861,-0.08497302689190983,0.5410748373289501,0.5008032122684211
11903352,1789113531962000000,852,HEAD_POSE_ESTIMATE,estimated,-0.6654616177153235,5.83211060760619,7.5326580103118,-0.09636744553518152,0.4988729362129113,0.4983833133386932
11918352,1789113531977000000,853,HEAD_POSE_ESTIMATE,estimated,-0.7342056060267984,5.800913414845108,7.561102687821468,-0.11994278492436351,0.4696246101379199,0.5087706882725394
11932352,1789113531991000000,854,HEAD_POSE_ESTIMATE,estimated,-0.8291571653086283,5.795422299788254,7.576587891554751,-0.133770125761011,0.45022615788838605,0.5236849633343709
11945352,1789113532004000000,855,HEAD_POSE_ESTIMATE,estimated,-0.8412311858163185,5.8030552644137385,7.593512706154213,-0.13925212125609102,0.4271854784048656,0.5327899308598244
11960352,1789113532019000000,856,HEAD_POSE_ESTIMATE,estimated,-0.8922638681472483,5.80544679769126,7.603694359992839,-0.1308667149363154,0.4066120018434131,0.5435969176131811
11974352,1789113532033000000,857,HEAD_POSE_ESTIMATE,estimated,-0.9453712192006036,5.783729407220959,7.610506765446171,-0.12346993445622595,0.3866786311326559,0.5464825648686334
11992352,1789113532051000000,858,HEAD_POSE_ESTIMATE,estimated,-0.9322794494277725,5.766704699000778,7.6255351597394485,-0.11547168809808901,0.3612087425409109,0.5452676878080067
12000352,1789113532059000000,859,HEAD_POSE_ESTIMATE,estimated,-0.9223377951781868,5.749579972823236,7.638586205351445,-0.11436107234521388,0.35056913642167453,0.540452244945465
12014352,1789113532073000000,860,HEAD_POSE_ESTIMATE,estimated,-0.9402989422609966,5.740126426524941,7.639186835592433,-0.1195390472193991,0.3334768735766094,0.5309009340368197
12029352,1789113532088000000,861,HEAD_POSE_ESTIMATE,estimated,-0.8973714341472345,5.728094826648283,7.652218682512818,-0.12463857072840685,0.3180426465699824,0.5223305231821687
12043352,1789113532102000000,862,HEAD_POSE_ESTIMATE,estimated,-0.8624130057116733,5.715437963385458,7.653600864506022,-0.12824300327781474,0.30948623939115355,0.5220571681058516
12057352,1789113532116000000,863,HEAD_POSE_ESTIMATE,estimated,-0.8112458884884014,5.711906954818554,7.671405002865398,-0.12901555940653484,0.3094600798655379,0.541057220068113
12071352,1789113532130000000,864,HEAD_POSE_ESTIMATE,estimated,-0.758126241935075,5.695311857335972,7.687250164531402,-0.12698923737912307,0.3048544522317743,0.546028990597308
12084352,1789113532143000000,865,HEAD_POSE_ESTIMATE,estimated,-0.7057291285863957,5.688565635121439,7.7106121968707235,-0.12754401080370206,0.30622507665283427,0.5509716246601649
12099352,1789113532158000000,866,HEAD_POSE_ESTIMATE,estimated,-0.6884564940287302,5.674574871911727,7.73046370976172,-0.13177873716759297,0.30885856224451247,0.5534292154945509
12113352,1789113532172000000,867,HEAD_POSE_ESTIMATE,estimated,-0.746464077476367,5.669471135282026,7.737832031127503,-0.13967895206995476,0.3205743585582113,0.5598862645937686
12127352,1789113532186000000,868,HEAD_POSE_ESTIMATE,estimated,-0.4036608894165375,5.70239866318621,7.866286655443287,-0.1628249737184864,0.3420248469722898,0.5602769336183642
12141352,1789113532200000000,869,HEAD_POSE_ESTIMATE,estimated,-0.530216775195685,5.69307173114229,7.835274890964893,-0.16937854278624928,0.3354349672621855,0.5293494306751201
12155352,1789113532214000000,870,HEAD_POSE_ESTIMATE,estimated,-0.6059694353640832,5.69427895956012,7.8209179054279785,-0.17223860012387135,0.33301850821187085,0.5012096221251411
12172352,1789113532231000000,871,HEAD_POSE_ESTIMATE,estimated,-0.7014505863422563,5.689544884105658,7.81587739992151,-0.1715827524691146,0.3356639505447213,0.4774051998174298
12183352,1789113532242000000,872,HEAD_POSE_ESTIMATE,estimated,-0.7300838930997883,5.676852023097728,7.82140087834258,-0.1684260374466777,0.3383407168431795,0.46519333107022903
12197352,1789113532256000000,873,HEAD_POSE_ESTIMATE,estimated,-0.7833439354798123,5.6610430868261545,7.819958929645994,-0.16479677330547013,0.344763222723605,0.4650424499318467
12211352,1789113532270000000,874,HEAD_POSE_ESTIMATE,estimated,-0.7732189966824216,5.642336948021037,7.830985609984496,-0.1587628877969678,0.34903175392347663,0.46533585906097896
12240352,1789113532299000000,875,HEAD_POSE_ESTIMATE,estimated,-0.6983663254510885,5.6289514830055465,7.828729953485138,-0.14473622053972088,0.35425981867479045,0.47987432783867023
12253352,1789113532312000000,876,HEAD_POSE_ESTIMATE,estimated,-0.6305568237944144,5.603021089334054,7.856709263271422,-0.13897378256040122,0.3556842418776851,0.48759037283598633
12266352,1789113532325000000,877,HEAD_POSE_ESTIMATE,estimated,-0.5726396812585476,5.579681574075785,7.8819890513126785,-0.13538504161667436,0.3516533225395651,0.48696533251954527
12280352,1789113532339000000,878,HEAD_POSE_ESTIMATE,estimated,-0.49099393431941757,5.558029239054667,7.937994176260503,-0.13733586651592317,0.33937696360139774,0.4732607697276511
12294352,1789113532353000000,879,HEAD_POSE_ESTIMATE,estimated,-0.45028685413164987,5.552355973683038,7.986297226984525,-0.13981847385959953,0.32902893024238516,0.46488697925418615
12308352,1789113532367000000,880,HEAD_POSE_ESTIMATE,estimated,-0.3823175001882834,5.5491715231912275,8.05475074841883,-0.14123946209150048,0.30840160106791425,0.4434935704744097
12322352,1789113532381000000,881,HEAD_POSE_ESTIMATE,estimated,-0.29369362233406116,5.539998223555887,8.133036309746098,-0.1414215356023569,0.2799218832593883,0.4162237740797875
12336352,1789113532395000000,882,HEAD_POSE_ESTIMATE,estimated,0.001373963687403501,5.527688043633387,8.29375823017672,-0.13684868811655473,0.2364974942672101,0.3685984893762645
12350352,1789113532409000000,883,HEAD_POSE_ESTIMATE,estimated,-0.1484219866448261,5.5351796928270085,8.275671224288264,-0.1368682799798159,0.21157563091694673,0.3484859187484713
12365352,1789113532424000000,884,HEAD_POSE_ESTIMATE,estimated,-0.3508879407180902,5.548351929615296,8.214364192895172,-0.13862989885906163,0.19609983138498627,0.3446465372667189
12378352,1789113532437000000,885,HEAD_POSE_ESTIMATE,estimated,-0.321828554490344,5.544943206034427,8.238997576990382,-0.13518019714004068,0.17511244736367224,0.3301961919671121
12392352,1789113532451000000,886,HEAD_POSE_ESTIMATE,estimated,-0.28850005864574757,5.543161593658629,8.258201351164193,-0.1263793877070768,0.1495341394894462,0.3099290240698939
12407352,1789113532466000000,887,HEAD_POSE_ESTIMATE,estimated,-0.22142927026619974,5.536951344622439,8.275050770425471,-0.10950362852393378,0.12341346358866472,0.29140455696912587
12419352,1789113532478000000,888,HEAD_POSE_ESTIMATE,estimated,-0.18930257204408973,5.53499194306766,8.268821153827808,-0.09265780346733934,0.10027796938239934,0.2713822423372187
12433352,1789113532492000000,889,HEAD_POSE_ESTIMATE,estimated,-0.15210037122225029,5.542986866999248,8.260224946170636,-0.07209460758302688,0.07712044922806431,0.2500748629989856
12447352,1789113532506000000,890,HEAD_POSE_ESTIMATE,estimated,-0.11000034778511836,5.567698749574329,8.236178703820663,-0.05092324891122066,0.05334113014370776,0.22900262494122295
12462352,1789113532521000000,891,HEAD_POSE_ESTIMATE,estimated,-0.07026092465287936,5.5772171404280595,8.215856985479324,-0.030589634953094563,0.024635201407650187,0.2065753431879712
12476352,1789113532535000000,892,HEAD_POSE_ESTIMATE,estimated,-0.043957334709223805,5.570664647018191,8.189883429046786,-0.01471537463175158,-0.001693743797956273,0.18702544007616645
12491352,1789113532550000000,893,HEAD_POSE_ESTIMATE,estimated,-0.03902437211021215,5.560877052706949,8.147918284629515,-0.004601392552276003,-0.02647090381519727,0.1699230711828016
12504352,1789113532563000000,894,HEAD_POSE_ESTIMATE,estimated,-0.021409324644753647,5.5410895356673,8.117591509405257,-0.0009336656858125479,-0.04804710221297871,0.15488466931721864
12521352,1789113532580000000,895,HEAD_POSE_ESTIMATE,estimated,-0.026338336308529553,5.514728169742727,8.071641541972763,-0.00014624652571385723,-0.07769628972141653,0.13486420543856176
12532352,1789113532591000000,896,HEAD_POSE_ESTIMATE,estimated,-0.04068491967694887,5.4939900928945855,8.035663148563,-0.0015352532857895044,-0.09363248884199123,0.12461751289790507
12546352,1789113532605000000,897,HEAD_POSE_ESTIMATE,estimated,-0.03425254257106236,5.477790568345892,8.013675645389386,-7.405351811478986e-05,-0.11524919720772549,0.10612020248519968
12559352,1789113532618000000,898,HEAD_POSE_ESTIMATE,estimated,-0.025956823260849582,5.464073629684317,7.994121233595541,0.0027750553939497368,-0.1372370167030944,0.08416578615897906
12574352,1789113532633000000,899,HEAD_POSE_ESTIMATE,estimated,-0.006710891136470387,5.4526939922601985,7.988498545275332,0.002830180417410524,-0.15555765367061095,0.06044966516458154
12588352,1789113532647000000,900,HEAD_POSE_ESTIMATE,estimated,0.012664497825780052,5.4428735600851885,7.983440276391647,0.00011120047790095558,-0.17240097534022983,0.03741139715735226
12602352,1789113532661000000,901,HEAD_POSE_ESTIMATE,estimated,0.035742828910852675,5.433964725406956,7.974446375801612,-0.004931478448530325,-0.19028369659991912,0.012590992920714372
12616352,1789113532675000000,902,HEAD_POSE_ESTIMATE,estimated,0.03229914404290213,5.4343419424764035,7.965094396797964,-0.014308657608432985,-0.2031239691865589,-0.005396243477324164
12630352,1789113532689000000,903,HEAD_POSE_ESTIMATE,estimated,0.03104353034194457,5.437558057323278,7.948036091318238,-0.024080283576477034,-0.21364201863813745,-0.024769316214523832
12644352,1789113532703000000,904,HEAD_POSE_ESTIMATE,estimated,0.0015615728371085602,5.4459462035231825,7.928213254408079,-0.034075785811678076,-0.22253226856758193,-0.036745153158261754
12658352,1789113532717000000,905,HEAD_POSE_ESTIMATE,estimated,-0.027598920746512434,5.465004730380952,7.928923314171986,-0.04269017945276936,-0.23146798379960398,-0.049226083823101376
12672352,1789113532731000000,906,HEAD_POSE_ESTIMATE,estimated,-0.045859244726966175,5.478738534860507,7.919347694487717,-0.05032049970807975,-0.23553761998565936,-0.05824596683437602
12685352,1789113532744000000,907,HEAD_POSE_ESTIMATE,estimated,-0.04741421044791111,5.475968047118707,7.930555825286664,-0.05614634218358575,-0.2362702718354796,-0.06409015582388154
12699352,1789113532758000000,908,HEAD_POSE_ESTIMATE,estimated,-0.0704350192909744,5.466911126167925,7.948084995945671,-0.05794629141991424,-0.24069293255702018,-0.07077628959158219
12713352,1789113532772000000,909,HEAD_POSE_ESTIMATE,estimated,-0.08221677365297969,5.462016656229097,7.956561957803642,-0.05793441377643511,-0.2385342289181171,-0.07187634684933823
12728352,1789113532787000000,910,HEAD_POSE_ESTIMATE,estimated,-0.10573547960604238,5.456012677106938,7.970898826683144,-0.05619579839230343,-0.23106522851588662,-0.06927746704363652
12740352,1789113532799000000,911,HEAD_POSE_ESTIMATE,estimated,-0.11955483858026322,5.45286865653554,7.991391305935962,-0.05632449946186129,-0.2219347058046314,-0.06700996684500198
12755352,1789113532814000000,912,HEAD_POSE_ESTIMATE,estimated,-0.13919487083291468,5.45796958590881,8.048662477317135,-0.06160360743362907,-0.20645163714346348,-0.05594875355383457
12768352,1789113532827000000,913,HEAD_POSE_ESTIMATE,estimated,-0.157486471277305,5.465370256744984,8.096146189348767,-0.06832883369993745,-0.1880793532138853,-0.04521425433853171
12781352,1789113532840000000,914,HEAD_POSE_ESTIMATE,estimated,-0.16434282420425755,5.469264326114184,8.136291227463062,-0.07636886805762597,-0.1678053212127642,-0.03502644590913925
12796352,1789113532855000000,915,HEAD_POSE_ESTIMATE,estimated,-0.17558517379034963,5.478242220193588,8.206322284996608,-0.08667848165349173,-0.14640893915222866,-0.027749125579872677
12810352,1789113532869000000,916,HEAD_POSE_ESTIMATE,estimated,-0.18253724229911547,5.4678838956342455,8.268517656329596,-0.09369079149874536,-0.12504280247842955,-0.027144268441469423
12823352,1789113532882000000,917,HEAD_POSE_ESTIMATE,estimated,-0.18710635676248732,5.459645150154891,8.310253986034299,-0.0989158443897402,-0.10492525060427119,-0.0320087376023447
12836352,1789113532895000000,918,HEAD_POSE_ESTIMATE,estimated,-0.20934725202123777,5.447274841593961,8.346906503717165,-0.10278553816546462,-0.0884090326157458,-0.04681245875115011
12851352,1789113532910000000,919,HEAD_POSE_ESTIMATE,estimated,-0.22110609474958573,5.442857582619806,8.364222209261012,-0.10633497005599442,-0.0725552843156352,-0.06068694160716536
12867352,1789113532926000000,920,HEAD_POSE_ESTIMATE,estimated,-0.24518872800136168,5.439018696937834,8.399935535453485,-0.10782195762283431,-0.056365428797925776,-0.0731516486696233
12879352,1789113532938000000,921,HEAD_POSE_ESTIMATE,estimated,-0.26186671182759635,5.438095579558583,8.415406543842838,-0.10782734776460241,-0.045524589214143145,-0.07649766712930765
12893352,1789113532952000000,922,HEAD_POSE_ESTIMATE,estimated,-0.27084280633985375,5.424495608626276,8.446388122797178,-0.1087001508433232,-0.034635334194379544,-0.07256035136840061
12907352,1789113532966000000,923,HEAD_POSE_ESTIMATE,estimated,-0.2780767421189216,5.40465924021826,8.477308513279807,-0.11076818602366537,-0.023823676311058247,-0.058984883126322156
12921352,1789113532980000000,924,HEAD_POSE_ESTIMATE,estimated,-0.27484140023716297,5.383085225309738,8.490619036690118,-0.11503734308375432,-0.013390096589738288,-0.03783878509325512
12935352,1789113532994000000,925,HEAD_POSE_ESTIMATE,estimated,-0.25991151170082594,5.364416041765673,8.484552728672043,-0.12017873374941583,-0.007106364015884526,-0.011971991724501103
12949352,1789113533008000000,926,HEAD_POSE_ESTIMATE,estimated,-0.23670257204925838,5.351234089370931,8.490994133975272,-0.1258251335657151,-0.0032530218425611403,0.01587020684458507
12963352,1789113533022000000,927,HEAD_POSE_ESTIMATE,estimated,-0.20647417524944867,5.34184669036519,8.504279592581216,-0.12810885234068659,-0.0033683275282593342,0.042827140752227544
12977352,1789113533036000000,928,HEAD_POSE_ESTIMATE,estimated,-0.17996241968109467,5.336782216222964,8.519468831000573,-0.12938482831570886,-0.0038586122294111897,0.06498103314102115
12991352,1789113533050000000,929,HEAD_POSE_ESTIMATE,estimated,-0.15146870037064644,5.325987108451807,8.522024065413706,-0.12749636529203612,-0.009580768639558689,0.07637246706354553
13006352,1789113533065000000,930,HEAD_POSE_ESTIMATE,estimated,-0.11700927149626927,5.310335718355011,8.546111991018728,-0.12172586983981518,-0.016241273888708538,0.07881351853002384
13020352,1789113533079000000,931,HEAD_POSE_ESTIMATE,estimated,-0.08731883893256619,5.292074541064609,8.578519414610408,-0.11335236621525151,-0.023880632346753198,0.07117439797161929
13032352,1789113533091000000,932,HEAD_POSE_ESTIMATE,estimated,-0.06838515769177993,5.275145905695991,8.597174638805255,-0.10535609259467052,-0.030815266784764043,0.05960296823384502
13046352,1789113533105000000,933,HEAD_POSE_ESTIMATE,estimated,-0.05243079525168162,5.268917008410682,8.60818733899481,-0.09630721614343715,-0.03867014148687674,0.045545155802366205
13060352,1789113533119000000,934,HEAD_POSE_ESTIMATE,estimated,-0.042467290569582566,5.266145734792737,8.622562729808978,-0.08622796420072655,-0.043507560956376125,0.0353774182381232
13074352,1789113533133000000,935,HEAD_POSE_ESTIMATE,estimated,-0.035511389656389586,5.250146904209918,8.654672969771406,-0.07843364320769375,-0.046942773450838284,0.02826252292205158
13087352,1789113533146000000,936,HEAD_POSE_ESTIMATE,estimated,-0.03289675193470851,5.237064198827855,8.686732484294389,-0.07030116510701487,-0.04953094724602953,0.02386748552582055
13102352,1789113533161000000,937,HEAD_POSE_ESTIMATE,estimated,-0.02615863317202413,5.22793014797602,8.711728126665703,-0.057686564789020824,-0.05230076073983802,0.019865348985350143
13116352,1789113533175000000,938,HEAD_POSE_ESTIMATE,estimated,-0.010250885387900477,5.211226146715435,8.73553078607573,-0.046358108372451134,-0.05400074535921165,0.02034910969460814
13130352,1789113533189000000,939,HEAD_POSE_ESTIMATE,estimated,0.006136020347256993,5.194376649574931,8.728259304656532,-0.032527676870482525,-0.05452486103707425,0.021745866809910835
13143352,1789113533202000000,940,HEAD_POSE_ESTIMATE,estimated,0.029845711241522993,5.183418183631919,8.706992439869284,-0.018142233704813805,-0.05429522184543127,0.023541772827517703
13158352,1789113533217000000,941,HEAD_POSE_ESTIMATE,estimated,0.05262993295650967,5.176689599767548,8.682632313299482,0.0009711035743059311,-0.052948006196076265,0.024981134698279724
13172352,1789113533231000000,942,HEAD_POSE_ESTIMATE,estimated,0.07745982070009123,5.172965188630318,8.654522461749,0.017716381800107546,-0.049616641784446115,0.02391974648369935
13186352,1789113533245000000,943,HEAD_POSE_ESTIMATE,estimated,0.10418353700800477,5.177860947147343,8.629956704150022,0.03140037083643074,-0.04549086111595795,0.020749772979382082
13200352,1789113533259000000,944,HEAD_POSE_ESTIMATE,estimated,0.1297482334976019,5.180207408391023,8.600257479824169,0.04183562749395345,-0.0419831687991756,0.012446776231452527
13214352,1789113533273000000,945,HEAD_POSE_ESTIMATE,estimated,0.15880635856926417,5.173665974021766,8.581790894661827,0.04685211262257195,-0.037950096974452195,0.006243703886061645
13227352,1789113533286000000,946,HEAD_POSE_ESTIMATE,estimated,0.18154612657462132,5.176316690843701,8.554268402224727,0.046983690064067225,-0.035090135264564476,-0.00024868435498209737
13241352,1789113533300000000,947,HEAD_POSE_ESTIMATE,estimated,0.20104454150414183,5.174270603216378,8.516815060291952,0.0432611455149121,-0.033532960548495305,-0.011207971516134731
13255352,1789113533314000000,948,HEAD_POSE_ESTIMATE,estimated,0.20346589696139183,5.177815082248621,8.483675803003642,0.039789085573520955,-0.03234447251480506,-0.023383640077776942
13270352,1789113533329000000,949,HEAD_POSE_ESTIMATE,estimated,0.20524766327186778,5.179405486260403,8.452460622313977,0.03385840404413885,-0.03343938756286441,-0.039673306284783445
13284352,1789113533343000000,950,HEAD_POSE_ESTIMATE,estimated,0.2004487587944645,5.184241388591983,8.423067494357163,0.026193589003766768,-0.03771140646029064,-0.05732543088904841
13298352,1789113533357000000,951,HEAD_POSE_ESTIMATE,estimated,0.1878290438060105,5.184265159600407,8.404397621990793,0.018702358235765326,-0.044619866847523074,-0.07597164448931287
13312352,1789113533371000000,952,HEAD_POSE_ESTIMATE,estimated,0.1805746453342614,5.1886099401713635,8.376453929959988,0.00999364225373435,-0.052887430408293606,-0.09063917232725405
13326352,1789113533385000000,953,HEAD_POSE_ESTIMATE,estimated,0.17166187698893376,5.180378386276124,8.353823998699726,0.0019131729987838684,-0.061982648587595425,-0.10189869839570766
13339352,1789113533398000000,954,HEAD_POSE_ESTIMATE,estimated,0.16373644576345744,5.165425698712908,8.330588276168125,-0.0005645168578396122,-0.07022963450177856,-0.10837011791627972
13354352,1789113533413000000,955,HEAD_POSE_ESTIMATE,estimated,0.14892176552055333,5.147025734751116,8.306626509137686,-0.0018932403601581126,-0.07811878956414335,-0.11131741150965911
13368352,1789113533427000000,956,HEAD_POSE_ESTIMATE,estimated,0.13332513363974327,5.128207621313219,8.287204933843606,-0.00044915939129273023,-0.08368446195257277,-0.11104910906234292
13381352,1789113533440000000,957,HEAD_POSE_ESTIMATE,estimated,0.11416259695557515,5.118432093012364,8.264981900099507,0.0027398051901627233,-0.08748161222704813,-0.1095046200622891
13395352,1789113533454000000,958,HEAD_POSE_ESTIMATE,estimated,0.09238234255896884,5.1100235544163235,8.247860813403285,0.008168010645126624,-0.09080569387654645,-0.10761356854746112
13409352,1789113533468000000,959,HEAD_POSE_ESTIMATE,estimated,0.06691022910677684,5.109285245465495,8.235120755786868,0.0158047812259791,-0.09239974141618423,-0.10818069503409408
13423352,1789113533482000000,960,HEAD_POSE_ESTIMATE,estimated,0.03643752366546818,5.112155132935783,8.206579122636283,0.023781112242757904,-0.09010004138746543,-0.10877761793200778
13437352,1789113533496000000,961,HEAD_POSE_ESTIMATE,estimated,0.01719732558570608,5.107202900923377,8.195634376829062,0.03130728115070787,-0.08688777308501315,-0.11311866900291467
13451352,1789113533510000000,962,HEAD_POSE_ESTIMATE,estimated,-0.009609723520200356,5.103738377338389,8.177665171708398,0.03784382792663031,-0.08099117213394173,-0.11553348617045009
13465352,1789113533524000000,963,HEAD_POSE_ESTIMATE,estimated,-0.03892951028789293,5.102049536640423,8.156152016832051,0.042821190457092005,-0.07297944946560515,-0.11518170094064223
13479352,1789113533538000000,964,HEAD_POSE_ESTIMATE,estimated,-0.07480789699183518,5.106775928215087,8.155440276257236,0.047390160697404204,-0.06609581240065682,-0.11500297158786363
13492352,1789113533551000000,965,HEAD_POSE_ESTIMATE,estimated,-0.10281910833794951,5.115589251487473,8.155747166737441,0.04694654178032794,-0.05711232818461733,-0.11348402986026511
13505352,1789113533564000000,966,HEAD_POSE_ESTIMATE,estimated,-0.13240847948633744,5.131366927018306,8.164282000051907,0.042162716730730014,-0.04860049634075903,-0.11176784651292468
13520352,1789113533579000000,967,HEAD_POSE_ESTIMATE,estimated,-0.15387078065147097,5.144283350606581,8.18787467149856,0.030392846141604545,-0.037736390987958585,-0.1082451542514457
13533352,1789113533592000000,968,HEAD_POSE_ESTIMATE,estimated,-0.15907569963313054,5.1606646211228835,8.22188099199782,0.011944231998022638,-0.028005481165396837,-0.10539753600838053
13547352,1789113533606000000,969,HEAD_POSE_ESTIMATE,estimated,-0.1578303601296573,5.168499881027784,8.27415078329032,-0.009476029778658647,-0.017873714412684018,-0.09907530147918786
13562352,1789113533621000000,970,HEAD_POSE_ESTIMATE,estimated,-0.1491267061445523,5.186547642333426,8.333056239906046,-0.03444611139287637,-0.008303511378447476,-0.09058910668723777
13575352,1789113533634000000,971,HEAD_POSE_ESTIMATE,estimated,-0.1396185684512672,5.200351041441972,8.390637040424721,-0.05612638565056725,-0.0018455045143741528,-0.08302587711999969
13589352,1789113533648000000,972,HEAD_POSE_ESTIMATE,estimated,-0.13259639614637359,5.2069302966739786,8.450925126460053,-0.0778555567124438,0.003440116171168215,-0.07333040194397626
13603352,1789113533662000000,973,HEAD_POSE_ESTIMATE,estimated,-0.11716639651511537,5.226017146427202,8.495438506698056,-0.08877264412534527,0.004983840979050785,-0.06671166275929699
13617352,1789113533676000000,974,HEAD_POSE_ESTIMATE,estimated,-0.11826296851775794,5.2406329706379795,8.526106005357935,-0.09065666694927844,0.005514988739164284,-0.06169016659738473
13631352,1789113533690000000,975,HEAD_POSE_ESTIMATE,estimated,-0.11762531548280325,5.252905535899875,8.542846696761844,-0.08005392965919171,0.0038306705824172845,-0.06023937100433799
13647352,1789113533706000000,976,HEAD_POSE_ESTIMATE,estimated,-0.10739281861007807,5.261921158936571,8.547674755396802,-0.055986290036857116,-0.0015011797758999698,-0.06437405845862364
13660352,1789113533719000000,977,HEAD_POSE_ESTIMATE,estimated,-0.0991782916667581,5.258978487583444,8.544065447186933,-0.025775461259382106,-0.0060584835900665225,-0.07129935298552996
13672352,1789113533731000000,978,HEAD_POSE_ESTIMATE,estimated,-0.09709570306823602,5.258103940271791,8.538908400502281,0.004841215808654862,-0.012314791390268327,-0.08355117093280963
13685352,1789113533744000000,979,HEAD_POSE_ESTIMATE,estimated,-0.09874942227289184,5.245728788138506,8.525843072542097,0.03295234753324225,-0.017647403465990315,-0.09675413249352365
13700352,1789113533759000000,980,HEAD_POSE_ESTIMATE,estimated,-0.11181239427757561,5.238443807671292,8.494151793696364,0.05817548099969192,-0.02328065561047167,-0.10672143867651869
13713352,1789113533772000000,981,HEAD_POSE_ESTIMATE,estimated,-0.12227771525509892,5.218442210402473,8.470543269430504,0.08180531363067012,-0.026627919941095417,-0.11257702811788695
13728352,1789113533787000000,982,HEAD_POSE_ESTIMATE,estimated,-0.13069683511998464,5.210703394929959,8.438465438204393,0.09926498768165219,-0.027673756255621865,-0.1100792900059714
13742352,1789113533801000000,983,HEAD_POSE_ESTIMATE,estimated,-0.1338119698719854,5.2034257031064515,8.410688751485425,0.10609735407016066,-0.02837795431281638,-0.10038264963392265
13755352,1789113533814000000,984,HEAD_POSE_ESTIMATE,estimated,-0.13491088283534816,5.212710268326246,8.398950959097219,0.1043336880010705,-0.027938008739834135,-0.08287747717931272
13769352,1789113533828000000,985,HEAD_POSE_ESTIMATE,estimated,-0.12589707919327126,5.221043085151933,8.397146592598993,0.09204160864010089,-0.028826506826054553,-0.06420351371028214
13783352,1789113533842000000,986,HEAD_POSE_ESTIMATE,estimated,-0.11796658346436359,5.2480026739237315,8.390790132620321,0.07463250187668145,-0.029328585585982413,-0.047801407310836624
13797352,1789113533856000000,987,HEAD_POSE_ESTIMATE,estimated,-0.10688398620320334,5.265007439828703,8.402098959173234,0.053577397028711816,-0.030514045756892542,-0.03446428723076526
13811352,1789113533870000000,988,HEAD_POSE_ESTIMATE,estimated,-0.10195921786396994,5.280882846482905,8.415483060889631,0.03487060589148071,-0.03163247995166015,-0.02704562884653271
13825352,1789113533884000000,989,HEAD_POSE_ESTIMATE,estimated,-0.08532923800270613,5.297707614996871,8.434825511086744,0.01830825726869759,-0.032142844639768624,-0.02424292219596263
13839352,1789113533898000000,990,HEAD_POSE_ESTIMATE,estimated,-0.07832885894950196,5.317750735447181,8.446771800814211,0.008398274885242077,-0.03198852989808657,-0.026445828546168358
13853352,1789113533912000000,991,HEAD_POSE_ESTIMATE,estimated,-0.06383203279026697,5.337658849077577,8.45871470550156,0.0012471572526441515,-0.03106287747728821,-0.03053402990552139
13867352,1789113533926000000,992,HEAD_POSE_ESTIMATE,estimated,-0.048052142024452765,5.352538103580661,8.466827848132287,0.0014459001321425172,-0.028332998320409548,-0.03682202192591167
13881352,1789113533940000000,993,HEAD_POSE_ESTIMATE,estimated,-0.02994515754274861,5.372050069390277,8.46954685939782,0.00956194822965766,-0.02480493482703804,-0.0452453138145787
13895352,1789113533954000000,994,HEAD_POSE_ESTIMATE,estimated,-0.027054167973496038,5.375229671392144,8.465186728450117,0.0258966089372227,-0.019023261040607913,-0.05252257862845246
13909352,1789113533968000000,995,HEAD_POSE_ESTIMATE,estimated,-0.019540023656452077,5.373580448945726,8.458547384753746,0.044846552442243004,-0.014559621266555054,-0.061498980969746576
13923352,1789113533982000000,996,HEAD_POSE_ESTIMATE,estimated,-0.021312138587449403,5.364018627289296,8.441207791774804,0.06614655112776592,-0.010389615685690634,-0.07264887500253409
13937352,1789113533996000000,997,HEAD_POSE_ESTIMATE,estimated,-0.0402434888023081,5.362660761823194,8.429791509732881,0.08477855609587118,-0.008304232927381144,-0.08374714447981366
13951352,1789113534010000000,998,HEAD_POSE_ESTIMATE,estimated,-0.06294431898587387,5.367732784660332,8.398598120229352,0.10094542603434901,-0.009833562134398724,-0.09799099760170633
13965352,1789113534024000000,999,HEAD_POSE_ESTIMATE,estimated,-0.0934004754163694,5.38112202341524,8.355871092976832,0.11393756231518132,-0.014109297673491708,-0.11334288971449717
13979352,1789113534038000000,1000,HEAD_POSE_ESTIMATE,estimated,-0.1234794321340304,5.3891593572157435,8.316608084591298,0.12111740268215822,-0.020311597423298234,-0.13120289378747524
13992352,1789113534051000000,1001,HEAD_POSE_ESTIMATE,estimated,-0.14398664838862926,5.385311526983165,8.277669459857735,0.12527780516110934,-0.028613803183021057,-0.1440538431454558
14008352,1789113534067000000,1002,HEAD_POSE_ESTIMATE,estimated,-0.1707373396998661,5.3738350824111185,8.21827091861437,0.1261248787785626,-0.041124492607207686,-0.15123782619805126
14019352,1789113534078000000,1003,HEAD_POSE_ESTIMATE,estimated,-0.16966124429362645,5.357167248457278,8.205179856355503,0.12376204607940157,-0.04969471302042629,-0.14985871754982255
14033352,1789113534092000000,1004,HEAD_POSE_ESTIMATE,estimated,-0.15917998215797843,5.343634412542108,8.17559659144569,0.12015194371778834,-0.058588633394591895,-0.14249853024185233
14047352,1789113534106000000,1005,HEAD_POSE_ESTIMATE,estimated,-0.14114891334077473,5.330640118145269,8.160751687785556,0.11960337844283472,-0.06598907695474518,-0.12713145775243295
14061352,1789113534120000000,1006,HEAD_POSE_ESTIMATE,estimated,-0.11838263790623771,5.314881547820792,8.139661350747623,0.11904962065361727,-0.07011152855393252,-0.11196577428850653
14075352,1789113534134000000,1007,HEAD_POSE_ESTIMATE,estimated,-0.0894439889378221,5.300505964840277,8.125027116048576,0.12339525809870883,-0.07096642135076728,-0.09806675506336836
14089352,1789113534148000000,1008,HEAD_POSE_ESTIMATE,estimated,-0.053246958178262443,5.294539604687173,8.10142766989089,0.12757816381640355,-0.0686555296694164,-0.08933227462558191
14103352,1789113534162000000,1009,HEAD_POSE_ESTIMATE,estimated,-0.02437039129843449,5.2869383677352415,8.077193388995635,0.12943835287654482,-0.06454149920236492,-0.08845443054512135
14120352,1789113534179000000,1010,HEAD_POSE_ESTIMATE,estimated,-0.013509349234867907,5.281544387719554,8.055788940863406,0.13194699549882094,-0.0588900742890978,-0.09760466761799057
14132352,1789113534191000000,1011,HEAD_POSE_ESTIMATE,estimated,0.010070631737809782,5.287765155307292,8.056729744132587,0.12846998955311667,-0.053361788574633584,-0.10902100296331797
14144352,1789113534203000000,1012,HEAD_POSE_ESTIMATE,estimated,0.018042008271155152,5.300573240918513,8.052906588759067,0.11856551645645666,-0.04841792767552659,-0.12460660815989043
14159352,1789113534218000000,1013,HEAD_POSE_ESTIMATE,estimated,0.007293811880111967,5.32691860341227,8.069081774446316,0.09914828011016115,-0.04347590245975372,-0.14380149338492326
14172352,1789113534231000000,1014,HEAD_POSE_ESTIMATE,estimated,0.0022897799012946696,5.359921011322187,8.076016223725887,0.07851685739711044,-0.04067344057133011,-0.15912736834601796
14186352,1789113534245000000,1015,HEAD_POSE_ESTIMATE,estimated,-0.013640785203734046,5.393391343308269,8.088366348042667,0.05697573423492341,-0.041246329271297615,-0.17104601374612177
14200352,1789113534259000000,1016,HEAD_POSE_ESTIMATE,estimated,-0.025419187593982984,5.426886580844388,8.098147117095529,0.04217778797101643,-0.04509060630852555,-0.17790876282684945
14214352,1789113534273000000,1017,HEAD_POSE_ESTIMATE,estimated,-0.05456732473469775,5.458865326616261,8.097938945068812,0.03412333322465704,-0.04894869367573442,-0.18374911216251952
14229352,1789113534288000000,1018,HEAD_POSE_ESTIMATE,estimated,-0.06621375863404183,5.479935772380846,8.119717102937681,0.033380330208687366,-0.05401500121567526,-0.1863756420600949
14241352,1789113534300000000,1019,HEAD_POSE_ESTIMATE,estimated,-0.0451735427197614,5.496874644142997,8.159976131397508,0.04191769638262569,-0.05992342978060794,-0.1903358517013072
14255352,1789113534314000000,1020,HEAD_POSE_ESTIMATE,estimated,-0.04365444858665976,5.522789427002839,8.185985383671571,0.05581902038096262,-0.06602382303804544,-0.1973299454745299
14269352,1789113534328000000,1021,HEAD_POSE_ESTIMATE,estimated,-0.030803356732835907,5.553156196291449,8.215738847711473,0.06900515607436561,-0.07277960880802672,-0.2047000873563148
14283352,1789113534342000000,1022,HEAD_POSE_ESTIMATE,estimated,-0.02706598770181623,5.578955753654569,8.220677628576953,0.08460078611970102,-0.08188568118584513,-0.2128058079385227
14297352,1789113534356000000,1023,HEAD_POSE_ESTIMATE,estimated,-0.031207009430929744,5.600091736089978,8.218954021169637,0.09615474064971735,-0.09010424527802555,-0.21917282594178794
14311352,1789113534370000000,1024,HEAD_POSE_ESTIMATE,estimated,-0.03742151716083786,5.610814819650885,8.209052602862174,0.10871452942112843,-0.0996860060763918,-0.22423091479938273
14327352,1789113534386000000,1025,HEAD_POSE_ESTIMATE,estimated,-0.04241485564153208,5.621186242582886,8.195845317196987,0.12194984609618774,-0.109673193832891,-0.22850157664267357
14339352,1789113534398000000,1026,HEAD_POSE_ESTIMATE,estimated,-0.051893464360786234,5.628116953349053,8.200249391641963,0.12911930145995543,-0.11626007973538083,-0.2299311445149975
14352352,1789113534411000000,1027,HEAD_POSE_ESTIMATE,estimated,-0.06613767503225332,5.6317890964296184,8.197975129007709,0.13803264711886082,-0.12469525203146808,-0.23816550364639688
14367352,1789113534426000000,1028,HEAD_POSE_ESTIMATE,estimated,-0.08414695374179937,5.647362673664638,8.196613074630932,0.14397420072126801,-0.13316702551433898,-0.24924954960658222
14379352,1789113534438000000,1029,HEAD_POSE_ESTIMATE,estimated,-0.11420656700555895,5.670779721091536,8.189478368330215,0.1496027140685516,-0.14237975286106705,-0.2623062460372748
14394352,1789113534453000000,1030,HEAD_POSE_ESTIMATE,estimated,-0.14643230811695776,5.69590049999953,8.17769570151152,0.15225491189236637,-0.15059930926834628,-0.2791101512499314
14408352,1789113534467000000,1031,HEAD_POSE_ESTIMATE,estimated,-0.17929719580919454,5.725813140052681,8.158145460909447,0.15560744396687406,-0.15767358014231472,-0.2938387199275419
14422352,1789113534481000000,1032,HEAD_POSE_ESTIMATE,estimated,-0.20347719024413988,5.752227271657926,8.143396141884791,0.15812841942606504,-0.16476779721840878,-0.3042782250775984
14436352,1789113534495000000,1033,HEAD_POSE_ESTIMATE,estimated,-0.23658415661388812,5.770153974703133,8.131896852867676,0.16019314299844514,-0.17321062737412102,-0.3120208073619963
14449352,1789113534508000000,1034,HEAD_POSE_ESTIMATE,estimated,-0.23415747087479102,5.788426361775989,8.134806595032172,0.16288480421165655,-0.18122910976296364,-0.3141996864503239
14464352,1789113534523000000,1035,HEAD_POSE_ESTIMATE,estimated,-0.2434650656221315,5.817266236404199,8.118161556796302,0.16963083120804895,-0.19101194031894583,-0.3114000050229376
14477352,1789113534536000000,1036,HEAD_POSE_ESTIMATE,estimated,-0.2636977669182574,5.853238967177638,8.0843036215581,0.17737020415678748,-0.20137604776884568,-0.30231356274833193
14492352,1789113534551000000,1037,HEAD_POSE_ESTIMATE,estimated,-0.2713797097688386,5.875475875261149,8.044624331569285,0.19089335191693818,-0.2093675113559421,-0.293123754307217
14506352,1789113534565000000,1038,HEAD_POSE_ESTIMATE,estimated,-0.2860613535006803,5.897758857503341,7.98405172310414,0.20615006338985933,-0.2142483719953387,-0.2826409350714765
14520352,1789113534579000000,1039,HEAD_POSE_ESTIMATE,estimated,-0.3032855785875015,5.9026959507386305,7.93398797370997,0.2250781051747702,-0.21684727099210965,-0.2776919160571658
14533352,1789113534592000000,1040,HEAD_POSE_ESTIMATE,estimated,-0.30578507521277376,5.9109503631197455,7.89382929246332,0.23860793455508936,-0.2145874066326965,-0.2744624459985018
14547352,1789113534606000000,1041,HEAD_POSE_ESTIMATE,estimated,-0.3085672932139685,5.925077379170139,7.8507018401682265,0.24740698639447392,-0.21007661405144107,-0.27630349170559687
14560352,1789113534619000000,1042,HEAD_POSE_ESTIMATE,estimated,-0.3124068918354765,5.93730885926642,7.813370735328044,0.24761552186464034,-0.20482366531127463,-0.2823989581467286
14574352,1789113534633000000,1043,HEAD_POSE_ESTIMATE,estimated,-0.31328323970085564,5.955876152018798,7.772778906419666,0.24033815882040335,-0.1968731789755907,-0.2869442197116761
14588352,1789113534647000000,1044,HEAD_POSE_ESTIMATE,estimated,-0.3069572883743833,5.985894403345525,7.737717035982722,0.2311711343383363,-0.19057534798612155,-0.2942259947784026
14602352,1789113534661000000,1045,HEAD_POSE_ESTIMATE,estimated,-0.31462291783628027,6.012975886434797,7.695635594056168,0.22162135899738689,-0.185070411432335,-0.30233368485112166
14616352,1789113534675000000,1046,HEAD_POSE_ESTIMATE,estimated,-0.31232750498658085,6.032259779967772,7.6753053983263255,0.21879501557682018,-0.18256212551369183,-0.30984055878027117
14631352,1789113534690000000,1047,HEAD_POSE_ESTIMATE,estimated,-0.2862756839367966,6.05150106312975,7.671457453338309,0.21469812207001113,-0.18020378286568078,-0.3147129437565481
14644352,1789113534703000000,1048,HEAD_POSE_ESTIMATE,estimated,-0.2588611168336159,6.064814458460045,7.671501413874022,0.21222979058128766,-0.18203594216455798,-0.31912904568843403
14658352,1789113534717000000,1049,HEAD_POSE_ESTIMATE,estimated,-0.2474412392221585,6.075742826634554,7.673453667263071,0.21271481181411667,-0.18629399671991662,-0.3222187806830442
14672352,1789113534731000000,1050,HEAD_POSE_ESTIMATE,estimated,-0.23352644029187533,6.092786822046339,7.665305951823732,0.2124409425404357,-0.1946284729037643,-0.32408543442378734
14685352,1789113534744000000,1051,HEAD_POSE_ESTIMATE,estimated,-0.22499732401802922,6.119683601383232,7.64775252039861,0.21056162504388984,-0.2029026806566367,-0.3217665200354292
14699352,1789113534758000000,1052,HEAD_POSE_ESTIMATE,estimated,-0.22132258054647302,6.142109614118093,7.624966089608241,0.21058076827000816,-0.21391347500643282,-0.321145166262008
14714352,1789113534773000000,1053,HEAD_POSE_ESTIMATE,estimated,-0.22583517095991335,6.155306609209551,7.606953402851129,0.21059925714169933,-0.22540058545353236,-0.3202023596620218
14729352,1789113534788000000,1054,HEAD_POSE_ESTIMATE,estimated,-0.24364603731810167,6.166195230232957,7.585766435355346,0.2112023907228774,-0.23784792570220145,-0.3215859313276273
14741352,1789113534800000000,1055,HEAD_POSE_ESTIMATE,estimated,-0.24485295432293686,6.183377495854063,7.5741595399430635,0.20906703409574834,-0.24660665045391927,-0.32245805359668783
14755352,1789113534814000000,1056,HEAD_POSE_ESTIMATE,estimated,-0.2466306794577328,6.209032807288445,7.572095422031355,0.20655803412155357,-0.25765812399459315,-0.3262527529967041
14769352,1789113534828000000,1057,HEAD_POSE_ESTIMATE,estimated,-0.25326019826740476,6.229459297930505,7.567140244919104,0.2034442993973226,-0.26816652046295736,-0.32998658066945835
14783352,1789113534842000000,1058,HEAD_POSE_ESTIMATE,estimated,-0.25898045458276553,6.251808071305664,7.553102577224842,0.20435127340482692,-0.2785765557392548,-0.3333505900487251
14796352,1789113534855000000,1059,HEAD_POSE_ESTIMATE,estimated,-0.26725807388925527,6.277483521291126,7.548433307077675,0.2084105096794901,-0.2861824039688592,-0.3344368196221202
14810352,1789113534869000000,1060,HEAD_POSE_ESTIMATE,estimated,-0.28148576195735797,6.297230025436497,7.535640091260404,0.21400978654362945,-0.29239768060020044,-0.33395433903067967
14824352,1789113534883000000,1061,HEAD_POSE_ESTIMATE,estimated,-0.28952777429158605,6.317225097890385,7.521240570509361,0.22055326386290328,-0.29639931785775353,-0.3335703851195799
14839352,1789113534898000000,1062,HEAD_POSE_ESTIMATE,estimated,-0.27754667005699263,6.334481000341457,7.515849357821099,0.22603404358837664,-0.2998281233007714,-0.335191563803676
14852352,1789113534911000000,1063,HEAD_POSE_ESTIMATE,estimated,-0.24684907047634846,6.358862071120007,7.503939648651924,0.232113165179021,-0.3036354233855517,-0.34150282644997115
14866352,1789113534925000000,1064,HEAD_POSE_ESTIMATE,estimated,-0.23833663902613095,6.375408376337993,7.47887493869183,0.239103437659594,-0.30638273973688757,-0.34908054213574946
14880352,1789113534939000000,1065,HEAD_POSE_ESTIMATE,estimated,-0.22934916006305828,6.395937004731438,7.4458175523893955,0.24685183256632467,-0.3104339588383903,-0.35936420046362855
14894352,1789113534953000000,1066,HEAD_POSE_ESTIMATE,estimated,-0.23233616169237264,6.401653572657668,7.406363137816041,0.2578218468901269,-0.31422113197390056,-0.3740311053143175
14908352,1789113534967000000,1067,HEAD_POSE_ESTIMATE,estimated,-0.2067075337420947,6.415468395070149,7.367689254110831,0.2676693158936462,-0.31661917650873905,-0.38627352263767417
14922352,1789113534981000000,1068,HEAD_POSE_ESTIMATE,estimated,-0.19387251850726023,6.419393866875908,7.320094422627566,0.2762288124349682,-0.3190614599158172,-0.3972321177908524
14936352,1789113534995000000,1069,HEAD_POSE_ESTIMATE,estimated,-0.20974037519936858,6.420302170784035,7.269656518473102,0.2863507799975336,-0.3226777904333377,-0.40580869799419567
14950352,1789113535009000000,1070,HEAD_POSE_ESTIMATE,estimated,-0.19622965555342092,6.436702078946348,7.220141083186967,0.2903024454939726,-0.3248442483508697,-0.4087593945717269
14964352,1789113535023000000,1071,HEAD_POSE_ESTIMATE,estimated,-0.1611232212277513,6.45601015309898,7.1858392334205625,0.29119610986827815,-0.33184389610930093,-0.413052655953022
14978352,1789113535037000000,1072,HEAD_POSE_ESTIMATE,estimated,-0.17764099725039223,6.466339114156834,7.159100782224819,0.29244229666092764,-0.3413308852700184,-0.41850498882338555
14992352,1789113535051000000,1073,HEAD_POSE_ESTIMATE,estimated,-0.17979880143984528,6.479326811190819,7.1333396704345375,0.28886947523568635,-0.351734429526218,-0.4235262298890212
15007352,1789113535066000000,1074,HEAD_POSE_ESTIMATE,estimated,-0.19466564062341427,6.4962587060251,7.1145103903001115,0.2810037358521211,-0.3650218923154505,-0.430904379003261
15019352,1789113535078000000,1075,HEAD_POSE_ESTIMATE,estimated,-0.22219374869754865,6.522990811358215,7.113911543549111,0.2738425788996973,-0.37648035601447866,-0.4411018442377187
15033352,1789113535092000000,1076,HEAD_POSE_ESTIMATE,estimated,-0.2537756076351263,6.557373914128424,7.099901125941016,0.2597707256198105,-0.3911488046189941,-0.45138508640207947
15048352,1789113535107000000,1077,HEAD_POSE_ESTIMATE,estimated,-0.29184567765070923,6.589566722741664,7.09195694627061,0.24221688322609095,-0.40686643854872057,-0.4604847896553681
15060352,1789113535119000000,1078,HEAD_POSE_ESTIMATE,estimated,-0.3202960590486251,6.62197897831964,7.071396776289965,0.22722411077660104,-0.4220433949160788,-0.4652758303730865
15073352,1789113535132000000,1079,HEAD_POSE_ESTIMATE,estimated,-0.35486634120588,6.647996638911616,7.050812743169159,0.2114458966141633,-0.4343863661306997,-0.4643660633492522
15088352,1789113535147000000,1080,HEAD_POSE_ESTIMATE,estimated,-0.41442988607303083,6.658156783941896,7.037066860000793,0.19710862362113285,-0.44931967343050083,-0.46031470483328524
15101352,1789113535160000000,1081,HEAD_POSE_ESTIMATE,estimated,-0.4263577442620438,6.677761856467961,7.018970204276358,0.18542514695722903,-0.45589272688597976,-0.4491659300408451
15115352,1789113535174000000,1082,HEAD_POSE_ESTIMATE,estimated,-0.4306138523597396,6.693870071663059,7.019843759188565,0.1771338587256139,-0.4593094320941232,-0.4356864805458042
15129352,1789113535188000000,1083,HEAD_POSE_ESTIMATE,estimated,-0.44889025539330096,6.707297824807466,7.016710339075909,0.17608160982554846,-0.47091307888406797,-0.43156924971906346
15143352,1789113535202000000,1084,HEAD_POSE_ESTIMATE,estimated,-0.4423680741041511,6.725101096519299,7.004309828122605,0.17270893334392845,-0.4724798598540249,-0.4189931979575723
15157352,1789113535216000000,1085,HEAD_POSE_ESTIMATE,estimated,-0.39949984714537506,6.74623887517994,6.991519329889667,0.1681697523179526,-0.47411316066760406,-0.4092214180730385
15171352,1789113535230000000,1086,HEAD_POSE_ESTIMATE,estimated,-0.35442085301644605,6.777117478551379,6.973937085990508,0.1683960159848437,-0.481368433457732,-0.4082802353560215
15185352,1789113535244000000,1087,HEAD_POSE_ESTIMATE,estimated,-0.31579286461814055,6.799842364553165,6.9487992667182645,0.16765466630526882,-0.48626371293511284,-0.4084695791596346
15201352,1789113535260000000,1088,HEAD_POSE_ESTIMATE,estimated,-0.3050428703920818,6.8179561458031195,6.917859840988765,0.1648928786790191,-0.4926210984515397,-0.41256415679687874
15213352,1789113535272000000,1089,HEAD_POSE_ESTIMATE,estimated,-0.3218565130282656,6.830760275244706,6.893002599382868,0.16519282303130323,-0.5016699646777275,-0.42323408714526417
15226352,1789113535285000000,1090,HEAD_POSE_ESTIMATE,estimated,-0.29186720125300925,6.856567428901291,6.879200259828843,0.1627381897149943,-0.5034004731143165,-0.4282828311096345
15244352,1789113535303000000,1091,HEAD_POSE_ESTIMATE,estimated,-0.29856883140291,6.878877753797543,6.848797235803114,0.1597077510911946,-0.5092985190934411,-0.4365591353844583
15255352,1789113535314000000,1092,HEAD_POSE_ESTIMATE,estimated,-0.3201478038363591,6.896583116418332,6.837999298371792,0.1626230001665237,-0.5115605447647578,-0.44501469188526027
15267352,1789113535326000000,1093,HEAD_POSE_ESTIMATE,estimated,-0.338049873858542,6.913401983918293,6.819053492319776,0.16291298808315585,-0.5123004547913997,-0.45002339651316126
15282352,1789113535341000000,1094,HEAD_POSE_ESTIMATE,estimated,-0.35740749797128896,6.926232531938792,6.788150859192667,0.1602200811767967,-0.508863483097163,-0.45073059075917465
15295352,1789113535354000000,1095,HEAD_POSE_ESTIMATE,estimated,-0.36852208606201003,6.942127161507588,6.762128235905375,0.15408701069415537,-0.5052213659608668,-0.44821930607262933
15309352,1789113535368000000,1096,HEAD_POSE_ESTIMATE,estimated,-0.3894383276003115,6.9523091179792,6.739430567826342,0.1440445263418405,-0.4987096906640267,-0.44098833525388775
15325352,1789113535384000000,1097,HEAD_POSE_ESTIMATE,estimated,-0.39090582298439086,6.9654932488639725,6.728527309525027,0.13548771573046514,-0.49810677802272063,-0.4353948778103299
15336352,1789113535395000000,1098,HEAD_POSE_ESTIMATE,estimated,-0.421307164776082,6.967854594534989,6.730264832991471,0.1274937542285688,-0.4961819295806051,-0.42769083323760126
15351352,1789113535410000000,1099,HEAD_POSE_ESTIMATE,estimated,-0.4610990657660051,6.967924995697722,6.715063685088195,0.11778155122542752,-0.4863856079481638,-0.4152977780753186
15366352,1789113535425000000,1100,HEAD_POSE_ESTIMATE,estimated,-0.4162899916174697,6.979979156333516,6.705172792661362,0.11582983090269136,-0.48768131801751474,-0.41778421830909807
15380352,1789113535439000000,1101,HEAD_POSE_ESTIMATE,estimated,-0.3925864853078537,6.993156878374404,6.683110082606356,0.11739196051646651,-0.4848911037465444,-0.4173909896017075
15393352,1789113535452000000,1102,HEAD_POSE_ESTIMATE,estimated,-0.363249466776707,7.017000581159773,6.653117145250253,0.1209428024512543,-0.4760824741573601,-0.41466341286529596
15406352,1789113535465000000,1103,HEAD_POSE_ESTIMATE,estimated,-0.3243106104085936,7.037174075309136,6.615400655938801,0.1301669856986383,-0.4724185993630654,-0.4167595921709138
15420352,1789113535479000000,1104,HEAD_POSE_ESTIMATE,estimated,-0.32537367248072224,7.045281787230676,6.5793109426437,0.1411703338917316,-0.47082261590191027,-0.41951661921181066
15435352,1789113535494000000,1105,HEAD_POSE_ESTIMATE,estimated,-0.3253586507601382,7.051196072263741,6.54451199358318,0.15218040666531854,-0.4676890363020151,-0.4209508948129378
15449352,1789113535508000000,1106,HEAD_POSE_ESTIMATE,estimated,-0.2968742121731874,7.06933171986972,6.506302845123691,0.1573022485162431,-0.4715959022247092,-0.42314170275898627
15462352,1789113535521000000,1107,HEAD_POSE_ESTIMATE,estimated,-0.32002965910153625,7.067849588024992,6.471825491792327,0.15736718697838864,-0.4710352427707199,-0.4182884271350392
15477352,1789113535536000000,1108,HEAD_POSE_ESTIMATE,estimated,-0.3274315589423133,7.091101146946991,6.465411443632888,0.14938348393056122,-0.46987098261824717,-0.4083329985083658
15490352,1789113535549000000,1109,HEAD_POSE_ESTIMATE,estimated,-0.3021721130951249,7.107888409278899,6.449997843885738,0.14397560979553753,-0.46742681057303515,-0.39950712105398706
15501352,1789113535560000000,1110,HEAD_POSE_ESTIMATE,estimated,-0.2838253370425576,7.113513802591965,6.4310968893677565,0.13933069438733925,-0.4681743781688119,-0.392630817950089
15515352,1789113535574000000,1111,HEAD_POSE_ESTIMATE,estimated,-0.27746913686739283,7.1241333209182685,6.443542959255749,0.14020990822815482,-0.466662499806711,-0.3838363933671292
15529352,1789113535588000000,1112,HEAD_POSE_ESTIMATE,estimated,-0.2883923833313715,7.117892869135223,6.454010496122771,0.13827903134532463,-0.4638035738477369,-0.372775012324297
15543352,1789113535602000000,1113,HEAD_POSE_ESTIMATE,estimated,-0.3023121387254668,7.1090139758375255,6.465952005679879,0.13181999093177346,-0.4596989950229009,-0.3587797423420322
15557352,1789113535616000000,1114,HEAD_POSE_ESTIMATE,estimated,-0.319439716431978,7.111306151164882,6.477965130650176,0.12349246153366651,-0.45749023525743965,-0.3423711219791415
15571352,1789113535630000000,1115,HEAD_POSE_ESTIMATE,estimated,-0.32025928196441594,7.118849313744572,6.4785643052841735,0.1111154805087051,-0.4558304782592438,-0.32814548610362804
15586352,1789113535645000000,1116,HEAD_POSE_ESTIMATE,estimated,-0.30743791744370663,7.124949492973172,6.4638512357373825,0.09391779353310674,-0.45205520378652775,-0.3152244833797154
15599352,1789113535658000000,1117,HEAD_POSE_ESTIMATE,estimated,-0.27835854668159504,7.122997199389425,6.444063611351422,0.07575305172360693,-0.45651871180887904,-0.3149861566947834
15614352,1789113535673000000,1118,HEAD_POSE_ESTIMATE,estimated,-0.25946734839273344,7.110288635685258,6.410069406062112,0.05379082161724254,-0.4625335611303312,-0.319010608704326
15628352,1789113535687000000,1119,HEAD_POSE_ESTIMATE,estimated,-0.2641202542136076,7.0671830010565655,6.403285357072305,0.03127087927853967,-0.464296181166215,-0.32297205446065397
15642352,1789113535701000000,1120,HEAD_POSE_ESTIMATE,estimated,-0.27487237007097776,7.030322537531904,6.386916072249043,0.008938157235720955,-0.4638349348792471,-0.3270494133226026
15656352,1789113535715000000,1121,HEAD_POSE_ESTIMATE,estimated,-0.2795075108921557,6.999415080449778,6.371986289600264,-0.008234892396307808,-0.4641311002788995,-0.3341033952511518
15671352,1789113535730000000,1122,HEAD_POSE_ESTIMATE,estimated,-0.2833264329056432,6.969259116238807,6.361009975970403,-0.023142705824848276,-0.4588029722679652,-0.3398565328276757
15685352,1789113535744000000,1123,HEAD_POSE_ESTIMATE,estimated,-0.2843321163379577,6.94436160303675,6.36799698689541,-0.0344219873452615,-0.4533897508510554,-0.344715110141073
15698352,1789113535757000000,1124,HEAD_POSE_ESTIMATE,estimated,-0.27508637968683836,6.928291887446583,6.388197272135496,-0.04329575664112211,-0.4473851134410558,-0.3447208925848968
15713352,1789113535772000000,1125,HEAD_POSE_ESTIMATE,estimated,-0.26611223057739186,6.885871984784027,6.427095493551905,-0.05521941534272748,-0.43952251330292785,-0.3379798760013568
15727352,1789113535786000000,1126,HEAD_POSE_ESTIMATE,estimated,-0.2709153200373572,6.846658020151608,6.472921023934922,-0.06565053792013784,-0.4271818102944218,-0.32411854934387296
15741352,1789113535800000000,1127,HEAD_POSE_ESTIMATE,estimated,-0.26411584191509574,6.821959447083021,6.5307248972041485,-0.08167810434674673,-0.4146071767695622,-0.30635029568143723
15755352,1789113535814000000,1128,HEAD_POSE_ESTIMATE,estimated,-0.25647003524179174,6.8001933908275145,6.565122354886507,-0.0924472723976776,-0.4004635477423833,-0.29112847159293087
15769352,1789113535828000000,1129,HEAD_POSE_ESTIMATE,estimated,-0.25799069253262075,6.777885510501632,6.610535839240667,-0.1038470020253123,-0.38699219190163464,-0.28117367227889456
15782352,1789113535841000000,1130,HEAD_POSE_ESTIMATE,estimated,-0.2687763169067278,6.767780941634886,6.647930245009091,-0.11763749968780847,-0.3750686817132593,-0.27509457701372386
15796352,1789113535855000000,1131,HEAD_POSE_ESTIMATE,estimated,-0.2788297338570904,6.757158724420499,6.687411589089385,-0.1316234692719117,-0.36951070391880053,-0.2733811713557212
15810352,1789113535869000000,1132,HEAD_POSE_ESTIMATE,estimated,-0.2752028270924758,6.756222287309021,6.712491272697922,-0.14651723859026602,-0.3642507657417718,-0.2688311814409171
15825352,1789113535884000000,1133,HEAD_POSE_ESTIMATE,estimated,-0.2906476589315078,6.759948757768574,6.759885193150153,-0.1651188830925327,-0.3564050770852666,-0.2600385868966179
15839352,1789113535898000000,1134,HEAD_POSE_ESTIMATE,estimated,-0.2986915451911627,6.776648346032106,6.792384222423916,-0.18142026539393644,-0.34886873190322765,-0.2514225902482111
15853352,1789113535912000000,1135,HEAD_POSE_ESTIMATE,estimated,-0.32144854337974804,6.809518675108727,6.853439330927767,-0.19917311107231478,-0.34264299438914547,-0.24484385338548573
15866352,1789113535925000000,1136,HEAD_POSE_ESTIMATE,estimated,-0.3191744896346016,6.83454351218007,6.903981361487941,-0.2109324508996316,-0.33290513824368545,-0.23821027699003416
15880352,1789113535939000000,1137,HEAD_POSE_ESTIMATE,estimated,-0.29451694039625664,6.865254388169562,6.9371629128762,-0.22010472063341582,-0.31760977742595453,-0.22645114683918532
15894352,1789113535953000000,1138,HEAD_POSE_ESTIMATE,estimated,-0.2728688804071395,6.880175593085155,6.973640552558846,-0.22343868944583187,-0.3026479948737526,-0.21717408550602532
15909352,1789113535968000000,1139,HEAD_POSE_ESTIMATE,estimated,-0.23207418379246234,6.876724174356658,7.002010020040228,-0.22002740318790048,-0.28338704609936366,-0.203252658235572
15922352,1789113535981000000,1140,HEAD_POSE_ESTIMATE,estimated,-0.18883187313028693,6.864406428200867,7.008369389522281,-0.20975023007322208,-0.26789737376134876,-0.19228372197081656
15936352,1789113535995000000,1141,HEAD_POSE_ESTIMATE,estimated,-0.15190264624802913,6.8428929744722895,7.014610565939789,-0.1971967902719699,-0.25437113077038037,-0.18226758116098107
15950352,1789113536009000000,1142,HEAD_POSE_ESTIMATE,estimated,-0.11946775354756639,6.8113808935188365,7.008497158397326,-0.18131556316967337,-0.24607870348802327,-0.17915848497181372
15966352,1789113536025000000,1143,HEAD_POSE_ESTIMATE,estimated,-0.0756879703375114,6.767904987508093,6.978397462031672,-0.16255405696677042,-0.24147550862790285,-0.17979375012653312
15979352,1789113536038000000,1144,HEAD_POSE_ESTIMATE,estimated,-0.049642894426479886,6.717323111017767,6.977300055037131,-0.14719299537019676,-0.24222603774026225,-0.1835105571155733
15991352,1789113536050000000,1145,HEAD_POSE_ESTIMATE,estimated,-0.0454798589899925,6.672219523440055,6.998589395552647,-0.13449284908293999,-0.24583888835727158,-0.18883926429185446
16007352,1789113536066000000,1146,HEAD_POSE_ESTIMATE,estimated,-0.04542196743447148,6.6235368107185515,7.015093603222218,-0.12487926069779837,-0.25082813966799283,-0.1966990463261605
16019352,1789113536078000000,1147,HEAD_POSE_ESTIMATE,estimated,-0.05438859584472291,6.594215000819548,7.03788623156896,-0.12375086433419102,-0.2535921796974687,-0.2030046931325598
16032352,1789113536091000000,1148,HEAD_POSE_ESTIMATE,estimated,-0.051189831171068866,6.572343795894443,7.0485806704192315,-0.1269582398047987,-0.25711229387477996,-0.21115182150037923
16046352,1789113536105000000,1149,HEAD_POSE_ESTIMATE,estimated,-0.07234931948079505,6.565149781665465,7.080754735452601,-0.134531474293054,-0.26009587194186834,-0.21868875449840558
16060352,1789113536119000000,1150,HEAD_POSE_ESTIMATE,estimated,-0.0898207485635236,6.5646821873129495,7.123732091903253,-0.14556072888159372,-0.26240170832535836,-0.2218222259945492
16073352,1789113536132000000,1151,HEAD_POSE_ESTIMATE,estimated,-0.12926196236275805,6.55083417177045,7.204863516405603,-0.15575302958469356,-0.261035803965486,-0.22044488636768483
16087352,1789113536146000000,1152,HEAD_POSE_ESTIMATE,estimated,-0.17501174678796563,6.537984291417113,7.2986825968681845,-0.16937443766700247,-0.26897270255626166,-0.2168475008572709
16102352,1789113536161000000,1153,HEAD_POSE_ESTIMATE,estimated,-0.18379920250503892,6.52541368814382,7.340578995351957,-0.17668849340194975,-0.26891809758486024,-0.20631220009571727
16116352,1789113536175000000,1154,HEAD_POSE_ESTIMATE,estimated,-0.20901751110664282,6.50758578555219,7.4006557062852965,-0.18008831336920672,-0.2709490734735099,-0.19083214808516774
16130352,1789113536189000000,1155,HEAD_POSE_ESTIMATE,estimated,-0.17776157969569767,6.497442683910876,7.386809473811707,-0.1806828089127807,-0.2704925576774143,-0.17707595391457168
16143352,1789113536202000000,1156,HEAD_POSE_ESTIMATE,estimated,-0.15881548703004458,6.499057918890017,7.379025966217788,-0.17907590703935164,-0.26829302127623583,-0.1644181559078878
16157352,1789113536216000000,1157,HEAD_POSE_ESTIMATE,estimated,-0.14933311201024008,6.512475935143269,7.3881428436848235,-0.1783033314127307,-0.26503364989545775,-0.15636036774405443
16171352,1789113536230000000,1158,HEAD_POSE_ESTIMATE,estimated,-0.1310784979516046,6.518614792805917,7.390209416304222,-0.1774257530463803,-0.2596749747511763,-0.14898101033429859
16185352,1789113536244000000,1159,HEAD_POSE_ESTIMATE,estimated,-0.09955351582602766,6.530461663241389,7.392312855415238,-0.17698006335086083,-0.25329061152447746,-0.14181345711319956
16205352,1789113536264000000,1160,HEAD_POSE_ESTIMATE,estimated,-0.11967515323335448,6.528774686233309,7.425457249069714,-0.17602769513371494,-0.24516671664095505,-0.13435866589213172
16213352,1789113536272000000,1161,HEAD_POSE_ESTIMATE,estimated,-0.10788612007426306,6.530091638048436,7.440438583138797,-0.17652219028558896,-0.2402966332697129,-0.1305758615298578
16229352,1789113536288000000,1162,HEAD_POSE_ESTIMATE,estimated,-0.10921010947609902,6.536631292418331,7.4544907162429865,-0.17620963993597105,-0.23294731834039678,-0.12107367535668995
16238352,1789113536297000000,1163,HEAD_POSE_ESTIMATE,estimated,-0.09976395793108897,6.532990559610906,7.466496957814049,-0.17639487252561642,-0.2299220799524666,-0.11267949590897995
16252352,1789113536311000000,1164,HEAD_POSE_ESTIMATE,estimated,-0.0850702644273929,6.523954009345026,7.485014243161127,-0.17466502641456966,-0.2252705466684543,-0.10130203866094607
16267352,1789113536326000000,1165,HEAD_POSE_ESTIMATE,estimated,-0.08112765820368623,6.517564186758302,7.5222647699264975,-0.16961097209718237,-0.21978598963130175,-0.08975419328874294
16280352,1789113536339000000,1166,HEAD_POSE_ESTIMATE,estimated,-0.0735566098724216,6.5020820203390794,7.562954462338139,-0.1657647820608176,-0.21345045410535,-0.0814349010176247
16294352,1789113536353000000,1167,HEAD_POSE_ESTIMATE,estimated,-0.09635696517370498,6.4657321096837705,7.646602951484225,-0.16300614879585973,-0.20925371493531808,-0.07533636151161631
16307352,1789113536366000000,1168,HEAD_POSE_ESTIMATE,estimated,-0.10721947438387328,6.4359917610436606,7.722108227216527,-0.15967776212431203,-0.1987894829703785,-0.06890752598169912
16322352,1789113536381000000,1169,HEAD_POSE_ESTIMATE,estimated,-0.04554102088352041,6.417394797969263,7.72918535729477,-0.16469270611715098,-0.18894426859393043,-0.06892492577699597
16336352,1789113536395000000,1170,HEAD_POSE_ESTIMATE,estimated,-0.013378573775945646,6.401708022946445,7.758262880464511,-0.17773883805348495,-0.18355074834266566,-0.07294807145454152
16350352,1789113536409000000,1171,HEAD_POSE_ESTIMATE,estimated,0.018025281158687706,6.4030526024900505,7.785669593507162,-0.19139186197267644,-0.17368001520402754,-0.07907029756495058
16364352,1789113536423000000,1172,HEAD_POSE_ESTIMATE,estimated,0.023432682087093953,6.417254798370553,7.8500105141244125,-0.2024003093872708,-0.15774113038174745,-0.08608954247782107
16378352,1789113536437000000,1173,HEAD_POSE_ESTIMATE,estimated,0.020332146721912137,6.410492887316529,7.934141819238126,-0.21373050151607528,-0.13877621264871548,-0.09482688485294966
16392352,1789113536451000000,1174,HEAD_POSE_ESTIMATE,estimated,0.02576913519778662,6.4006467754846605,8.006067208047886,-0.2193787185954387,-0.11986514340198022,-0.09950936450966988
16408352,1789113536467000000,1175,HEAD_POSE_ESTIMATE,estimated,0.005953249264773863,6.400171274224494,8.09206041467583,-0.22303010283554228,-0.09776970373011118,-0.10166111314420946
16419352,1789113536478000000,1176,HEAD_POSE_ESTIMATE,estimated,-0.00973626625616969,6.393349866904184,8.162540220646544,-0.2221870715541376,-0.08137301411472864,-0.09738117889884336
16433352,1789113536492000000,1177,HEAD_POSE_ESTIMATE,estimated,-0.025080579211718745,6.413155825772848,8.243463793281936,-0.21392629884126374,-0.061963722063333504,-0.09206622610732665
16448352,1789113536507000000,1178,HEAD_POSE_ESTIMATE,estimated,-0.0608094083868711,6.432328358378154,8.310996273256581,-0.20300960792146064,-0.04608122939760259,-0.08804529765314831
16461352,1789113536520000000,1179,HEAD_POSE_ESTIMATE,estimated,-0.08768634632386835,6.448884902778432,8.358433162385056,-0.18363462503394856,-0.03398225274715903,-0.08420219519437325
16475352,1789113536534000000,1180,HEAD_POSE_ESTIMATE,estimated,-0.11775469000237576,6.444707227558351,8.388960585037156,-0.16198709121293073,-0.02535662792221199,-0.08088207843201511
16491352,1789113536550000000,1181,HEAD_POSE_ESTIMATE,estimated,-0.15539021309891904,6.4475168400946155,8.392905289851749,-0.13296518934319582,-0.017522401895589474,-0.07541895359194152
16502352,1789113536561000000,1182,HEAD_POSE_ESTIMATE,estimated,-0.18232959481545108,6.432999960557255,8.385654953058207,-0.10688837063909926,-0.013540848950131072,-0.0687360410524058
16520352,1789113536579000000,1183,HEAD_POSE_ESTIMATE,estimated,-0.24703804615241004,6.39848368571461,8.358927599301683,-0.06991085454348211,-0.0038268857623440225,-0.0595980113147653
16530352,1789113536589000000,1184,HEAD_POSE_ESTIMATE,estimated,-0.2721666711648068,6.364286364506356,8.326478243220754,-0.04896797952684525,0.0008002032247613494,-0.054411364509709424
16543352,1789113536602000000,1185,HEAD_POSE_ESTIMATE,estimated,-0.31838964236464273,6.333416917735863,8.29155217433945,-0.02136212124761289,0.010073379672953558,-0.04187567709139311
16557352,1789113536616000000,1186,HEAD_POSE_ESTIMATE,estimated,-0.36353635675761464,6.313929991064023,8.241785501953954,0.00899352336204619,0.02399033296785917,-0.02430129251379303
16571352,1789113536630000000,1187,HEAD_POSE_ESTIMATE,estimated,-0.3925507548562695,6.268691442548215,8.186489558450791,0.03631342079024585,0.03469708177525845,-0.0012510553801670554
16585352,1789113536644000000,1188,HEAD_POSE_ESTIMATE,estimated,-0.41391935987717726,6.23702654287456,8.115689768511695,0.055773387414890324,0.045029030709046895,0.024953907362619526
16599352,1789113536658000000,1189,HEAD_POSE_ESTIMATE,estimated,-0.432603889114786,6.189944330153766,8.053557772436573,0.06865524712421701,0.05547589083120717,0.05601953830516638
16613352,1789113536672000000,1190,HEAD_POSE_ESTIMATE,estimated,-0.4328336757000634,6.176535052890909,7.994653943938947,0.06224672198156396,0.06286033596396688,0.07802619387252206
16627352,1789113536686000000,1191,HEAD_POSE_ESTIMATE,estimated,-0.43725093531560244,6.175082920590327,7.937233663485991,0.053242799042325595,0.07091653282436189,0.10151484097905937
16641352,1789113536700000000,1192,HEAD_POSE_ESTIMATE,estimated,-0.4370493492477677,6.174962231043641,7.891784441587039,0.04605551592064839,0.08015681503788916,0.1243857234561274
16654352,1789113536713000000,1193,HEAD_POSE_ESTIMATE,estimated,-0.42996543661890896,6.152790283786906,7.850218092182941,0.046909717149926006,0.0868422580479079,0.14459963691122477
16669352,1789113536728000000,1194,HEAD_POSE_ESTIMATE,estimated,-0.4431850919433142,6.110805563209916,7.822457977270097,0.05318181907469546,0.09767880480363984,0.16738538195578054
16683352,1789113536742000000,1195,HEAD_POSE_ESTIMATE,estimated,-0.4847293453232939,6.05606011248026,7.834401010025788,0.05675125298619376,0.10749576314261765,0.18523547472229857
16697352,1789113536756000000,1196,HEAD_POSE_ESTIMATE,estimated,-0.49604254174741347,6.017418106129275,7.835896990344835,0.06934126987537058,0.12349747066159912,0.2077408923158927
16711352,1789113536770000000,1197,HEAD_POSE_ESTIMATE,estimated,-0.5156267567458629,5.991023613267554,7.846304688545497,0.07602546567645825,0.14121220300593504,0.23170942470366332
16725352,1789113536784000000,1198,HEAD_POSE_ESTIMATE,estimated,-0.43660557063830013,6.012813442654763,7.770198033168729,0.07645995206828496,0.16716338585494855,0.2648765087303659
16738352,1789113536797000000,1199,HEAD_POSE_ESTIMATE,estimated,-0.41683885408561416,5.998061616251745,7.745612088092193,0.0759576022188064,0.18601414729300497,0.29519164635967154
16752352,1789113536811000000,1200,HEAD_POSE_ESTIMATE,estimated,-0.39467889917846305,5.996365535536749,7.714937688796653,0.06642293929465662,0.20434896314828274,0.3181076195825352
16768352,1789113536827000000,1201,HEAD_POSE_ESTIMATE,estimated,-0.34356514366415175,6.005660026445928,7.6641955046312376,0.045607438673333216,0.22591971744097716,0.33676658894959705
16780352,1789113536839000000,1202,HEAD_POSE_ESTIMATE,estimated,-0.2811969016493678,6.02310762579544,7.611178826346641,0.021384956726179613,0.24317369809806524,0.3466546419212965
16790352,1789113536849000000,1203,HEAD_POSE_ESTIMATE,estimated,-0.2524338178776907,6.010719023131765,7.597336367253436,-0.0008328892428027035,0.25324708601247764,0.34097793599724313
16805352,1789113536864000000,1204,HEAD_POSE_ESTIMATE,estimated,-0.19831384143544256,5.996253286868096,7.562165546763109,-0.01919256951198032,0.2670771429558367,0.339434319424749
16817352,1789113536876000000,1205,HEAD_POSE_ESTIMATE,estimated,-0.14648167373431548,5.984109687897561,7.525724061774544,-0.027242868459121918,0.2813814238250948,0.3496360787871443
16832352,1789113536891000000,1206,HEAD_POSE_ESTIMATE,estimated,-0.101921540987156,6.033025690545329,7.49901263412601,-0.03444298056387888,0.28745157016120526,0.3528068532950696
16847352,1789113536906000000,1207,HEAD_POSE_ESTIMATE,estimated,-0.0550458557220993,6.065294349005721,7.4795519942565205,-0.049814212384477814,0.30019738555693176,0.37360452953158646
16860352,1789113536919000000,1208,HEAD_POSE_ESTIMATE,estimated,-0.041488549532566754,6.097045048628989,7.47033981896246,-0.05978160394816837,0.3108643218464007,0.3883333299264198
16875352,1789113536934000000,1209,HEAD_POSE_ESTIMATE,estimated,-0.0134639293655886,6.105229313482255,7.4732088752114825,-0.07728378440439876,0.3376032290319386,0.42353519793590244
16888352,1789113536947000000,1210,HEAD_POSE_ESTIMATE,estimated,0.02583458549119083,6.121573422803614,7.4769177539691105,-0.08054600671582937,0.3651415443956502,0.4496767568717105
16903352,1789113536962000000,1211,HEAD_POSE_ESTIMATE,estimated,0.030518007678522086,6.10463614818404,7.521836763192138,-0.08209971208248414,0.39575754899379706,0.48360299219158404
16917352,1789113536976000000,1212,HEAD_POSE_ESTIMATE,estimated,0.15812725816452633,6.125423074790486,7.536092013865727,-0.06996026065839894,0.4265089562007451,0.5023126252183672
16931352,1789113536990000000,1213,HEAD_POSE_ESTIMATE,estimated,0.25919883703714497,6.132702239905755,7.5337470527171755,-0.06709786216402769,0.44200371997170196,0.51047810879162
16945352,1789113537004000000,1214,HEAD_POSE_ESTIMATE,estimated,0.4769708178884574,6.19092850805298,7.476053057070591,-0.05574159232475059,0.45530652222148976,0.49828984707673124
16961352,1789113537020000000,1215,HEAD_POSE_ESTIMATE,estimated,0.38919766373055786,6.176862779196929,7.558935052673792,-0.049987051081397324,0.45145976571240953,0.46340417203282375
16972352,1789113537031000000,1216,HEAD_POSE_ESTIMATE,estimated,0.33892490795855573,6.151276838874936,7.596928378564831,-0.04253094714309678,0.4421382744734881,0.4328983448467771
16987352,1789113537046000000,1217,HEAD_POSE_ESTIMATE,estimated,0.32378646774513026,6.142350327589089,7.5995658756647755,-0.03238118693410586,0.4209500888026432,0.40098870127776043
17002352,1789113537061000000,1218,HEAD_POSE_ESTIMATE,estimated,0.32183640041562367,6.112434906905321,7.60912947684684,-0.02667419914733874,0.3905071284771483,0.3830285245456773
17014352,1789113537073000000,1219,HEAD_POSE_ESTIMATE,estimated,0.2998695754599143,6.104077402046029,7.63406200362954,-0.03185462044499011,0.3640936128142102,0.3854836517554402
17033352,1789113537092000000,1220,HEAD_POSE_ESTIMATE,estimated,0.23435012921383708,6.103347032317536,7.694548425325044,-0.03953631924831601,0.3168822429591597,0.38413148549903203
17055352,1789113537114000000,1221,HEAD_POSE_ESTIMATE,estimated,0.13547209029819124,6.185608697384289,7.762696592903163,-0.04853992447806493,0.27207669256826145,0.39144417742661536
17070352,1789113537129000000,1222,HEAD_POSE_ESTIMATE,estimated,0.0775175343857549,6.232621644656785,7.796918060545662,-0.03795185501677477,0.24521436425572582,0.39100919295032854
17083352,1789113537142000000,1223,HEAD_POSE_ESTIMATE,estimated,-0.015507637013086273,6.250988606407679,7.8358574921329485,-0.02593324134136496,0.22703756067796924,0.3865533029201762
17098352,1789113537157000000,1224,HEAD_POSE_ESTIMATE,estimated,-0.007367779426893095,6.258118353237037,7.822089849131689,-0.00082513933849855,0.20672414458608018,0.3731974180050298
17112352,1789113537171000000,1225,HEAD_POSE_ESTIMATE,estimated,-0.05364036339574413,6.250345508048337,7.820094447069841,0.008748026418305483,0.1888501078642332,0.3486729203700991
17128352,1789113537187000000,1226,HEAD_POSE_ESTIMATE,estimated,-0.09337347642494409,6.241864842272922,7.8000783690544715,0.02633463063032801,0.17709446537335752,0.332785899061387
17140352,1789113537199000000,1227,HEAD_POSE_ESTIMATE,estimated,-0.050874163801070016,6.259258226465987,7.775371280969721,0.03998712532057309,0.16491257310394766,0.31501190896681286
17152352,1789113537211000000,1228,HEAD_POSE_ESTIMATE,estimated,-0.10166960357968963,6.187833745496556,7.72986342888358,0.06916620110791462,0.1637715706127793,0.3240495768405787
17168352,1789113537227000000,1229,HEAD_POSE_ESTIMATE,estimated,-0.1396136442823081,6.148432745084377,7.677615019788959,0.10666548793156469,0.16087190681419888,0.3287553228552132
17181352,1789113537240000000,1230,HEAD_POSE_ESTIMATE,estimated,-0.382967023480786,6.050826718013722,7.706933553486565,0.13327958682482782,0.17575412804470497,0.3628602241106302
17194352,1789113537253000000,1231,HEAD_POSE_ESTIMATE,estimated,-0.4427350979017403,5.991418379347448,7.656807653805272,0.15160049301237183,0.1815271784192001,0.39330785571261834
17209352,1789113537268000000,1232,HEAD_POSE_ESTIMATE,estimated,-0.5014878677508819,5.93856054023041,7.601679835942654,0.1620930603047096,0.19063633132062735,0.42663158467524254
17223352,1789113537282000000,1233,HEAD_POSE_ESTIMATE,estimated,-0.529875755311888,5.937587041260916,7.53457392944327,0.16525328438794476,0.20653050174406415,0.46023168032611284
17237352,1789113537296000000,1234,HEAD_POSE_ESTIMATE,estimated,-0.574406588828253,5.939623428584442,7.495015373613075,0.16416914320816062,0.22876635662513717,0.4971123510032116
17251352,1789113537310000000,1235,HEAD_POSE_ESTIMATE,estimated,-0.5834191221355436,5.919704371262751,7.471801771964038,0.16108894017695222,0.25399254587330383,0.5301451725607629
17267352,1789113537326000000,1236,HEAD_POSE_ESTIMATE,estimated,-0.6046688816763206,5.886500660344926,7.4625609550304866,0.15381641612666005,0.28534687180445145,0.5637608635698342
17281352,1789113537340000000,1237,HEAD_POSE_ESTIMATE,estimated,-0.6556304099782078,5.859059912933583,7.454893850553925,0.14102120428896886,0.32026531795177926,0.5927085697811794
17292352,1789113537351000000,1238,HEAD_POSE_ESTIMATE,estimated,-0.6008672592345814,5.864381812742398,7.446617629267618,0.137081700438477,0.3505504480233807,0.6228706938153343
17307352,1789113537366000000,1239,HEAD_POSE_ESTIMATE,estimated,-0.6145768033792891,5.84723308503293,7.4306551890119374,0.12523446293878523,0.3912064747047041,0.6528632755184555
17320352,1789113537379000000,1240,HEAD_POSE_ESTIMATE,estimated,-0.570017746286327,5.845635533909959,7.3844840618119045,0.10950241501788749,0.43920856094350424,0.6846450635315537
17334352,1789113537393000000,1241,HEAD_POSE_ESTIMATE,estimated,-0.53897963946529,5.828864694897684,7.363375624190368,0.10180554447026136,0.491186965427784,0.722979264266398
17348352,1789113537407000000,1242,HEAD_POSE_ESTIMATE,estimated,-0.48176465343260144,5.796393928387283,7.33670621619476,0.08059337727534786,0.5437344038359241,0.7527800043604154
17364352,1789113537423000000,1243,HEAD_POSE_ESTIMATE,estimated,-0.4470392215278898,5.74247723251256,7.315582038653338,0.037561593336696154,0.6106159096178072,0.7917963272847941
17377352,1789113537436000000,1244,HEAD_POSE_ESTIMATE,estimated,-0.34888476445711625,5.707437502534152,7.312820171898097,-0.009601597037292563,0.668868482771309,0.8263770068126254
17390352,1789113537449000000,1245,HEAD_POSE_ESTIMATE,estimated,-0.3201492018344607,5.689912829585775,7.3231656371265474,-0.060320067816889554,0.7313306272586287,0.8663192558127837
17407352,1789113537466000000,1246,HEAD_POSE_ESTIMATE,estimated,-0.2806465263762713,5.649826355755688,7.344910243966797,-0.12717498766705992,0.8135760697035541,0.9289410020651272
17418352,1789113537477000000,1247,HEAD_POSE_ESTIMATE,estimated,-0.17082919607322078,5.642714587459935,7.357980090415052,-0.17222646591135546,0.8693468370424573,0.9766628198807275
17432352,1789113537491000000,1248,HEAD_POSE_ESTIMATE,estimated,-0.051080213522792794,5.6491712183748515,7.370017161239824,-0.22599886690181978,0.9322510994941896,1.027866761133841
17448352,1789113537507000000,1249,HEAD_POSE_ESTIMATE,estimated,0.10739824324432601,5.65649202617073,7.402383258202078,-0.2858231340442624,0.991599596685424,1.0727319843093066
17461352,1789113537520000000,1250,HEAD_POSE_ESTIMATE,estimated,0.24003998456945502,5.673070107599489,7.4313090345471835,-0.32838790550458163,1.0325599056226746,1.096060403356445
17474352,1789113537533000000,1251,HEAD_POSE_ESTIMATE,estimated,0.3504843176450889,5.660513422979619,7.48133196735124,-0.3642218588802818,1.0728181852909666,1.1137831349515248
17489352,1789113537548000000,1252,HEAD_POSE_ESTIMATE,estimated,0.4162943884396251,5.6466984780707365,7.563074537736208,-0.3853864739348325,1.104802775853206,1.113984326539382
17502352,1789113537561000000,1253,HEAD_POSE_ESTIMATE,estimated,0.4992658118492067,5.638503927794189,7.628794689805939,-0.38836453743826604,1.1196109002415404,1.0957689595649192
17516352,1789113537575000000,1254,HEAD_POSE_ESTIMATE,estimated,0.6340267459359786,5.653656273986457,7.705247926018327,-0.38766403658256815,1.1363091456560497,1.065996870524806
17531352,1789113537590000000,1255,HEAD_POSE_ESTIMATE,estimated,0.6305716327092357,5.667166182747276,7.7710375850394575,-0.378698080447727,1.1380425926759785,1.04067370285004
17545352,1789113537604000000,1256,HEAD_POSE_ESTIMATE,estimated,0.7083813250851838,5.682177830075996,7.810758739454251,-0.36280466232086883,1.1214672103697905,1.0037983278839364
17559352,1789113537618000000,1257,HEAD_POSE_ESTIMATE,estimated,0.7594623568208096,5.6938831876136815,7.853075766256223,-0.34628855593665164,1.0993589035858742,0.975176768068746
17573352,1789113537632000000,1258,HEAD_POSE_ESTIMATE,estimated,0.7490716989387058,5.661664922984153,7.878831688811145,-0.32482475436303815,1.068182053194733,0.9574194508159202
17587352,1789113537646000000,1259,HEAD_POSE_ESTIMATE,estimated,0.7479743438783611,5.631418989873331,7.902052782073285,-0.2981312052722356,1.0216758415427256,0.9387318460252121
17601352,1789113537660000000,1260,HEAD_POSE_ESTIMATE,estimated,0.7907112995519108,5.585289199002274,7.953010369315294,-0.27620798683396597,0.9673684253015197,0.9195639124772499
17615352,1789113537674000000,1261,HEAD_POSE_ESTIMATE,estimated,0.7657817502106378,5.569750814039776,7.985514146600758,-0.25750181033991576,0.9158383165580232,0.904634845869212
17629352,1789113537688000000,1262,HEAD_POSE_ESTIMATE,estimated,0.7837142670229224,5.568662441644203,8.008148134552455,-0.24218102499675404,0.8601174769592452,0.8768942984795063
17643352,1789113537702000000,1263,HEAD_POSE_ESTIMATE,estimated,0.6815577562042987,5.583280261860372,8.023606981153629,-0.23119314286461273,0.8018487658363741,0.8348361589101052
17657352,1789113537716000000,1264,HEAD_POSE_ESTIMATE,estimated,0.6406344854116498,5.598130864477481,8.022228959077795,-0.22076513066012166,0.7584662024999942,0.7953507622370264
17671352,1789113537730000000,1265,HEAD_POSE_ESTIMATE,estimated,0.6265831284127209,5.585349853316292,8.038484967681667,-0.21053357941706738,0.7176601554425666,0.7601500080494806
17685352,1789113537744000000,1266,HEAD_POSE_ESTIMATE,estimated,0.5640333699222694,5.54441733160612,8.049030535912722,-0.20120104980891249,0.6731037519780374,0.7279887846875653
17699352,1789113537758000000,1267,HEAD_POSE_ESTIMATE,estimated,0.4751885589283062,5.4553911075608665,8.065706328018,-0.19190337331216123,0.6330653160906281,0.7032644182368012
17713352,1789113537772000000,1268,HEAD_POSE_ESTIMATE,estimated,0.45927527235462356,5.380961747260317,8.086975953020005,-0.18868379313702116,0.5962683462585867,0.6919307455583575
17727352,1789113537786000000,1269,HEAD_POSE_ESTIMATE,estimated,0.4639642465191971,5.327903728103978,8.10886043512765,-0.18713284079493545,0.5583095179884668,0.6844711477142085
17741352,1789113537800000000,1270,HEAD_POSE_ESTIMATE,estimated,0.4882421597541644,5.283228662475937,8.136010911135891,-0.18813774441814518,0.5162927638130269,0.6779130770248794
17750352,1789113537809000000,1271,HEAD_POSE_ESTIMATE,estimated,0.46908927854176663,5.270212962201902,8.152391759341493,-0.18507767282500937,0.49128076474462645,0.6729226547771918
17766352,1789113537825000000,1272,HEAD_POSE_ESTIMATE,estimated,0.4888698435139901,5.206908081788314,8.167527056852386,-0.19046046382867426,0.4537296401007874,0.6633155183557191
17781352,1789113537840000000,1273,HEAD_POSE_ESTIMATE,estimated,0.4939355570190345,5.1421175736767575,8.188690501586164,-0.20648655335436636,0.42795374011804926,0.6588190555505508
17793352,1789113537852000000,1274,HEAD_POSE_ESTIMATE,estimated,0.4736679456741567,5.055813995341482,8.21653380788588,-0.2286898409412481,0.40702650454452155,0.6532676634300713
17806352,1789113537865000000,1275,HEAD_POSE_ESTIMATE,estimated,0.4652523666302347,4.998294543117225,8.261669058016329,-0.2532690437245855,0.39330503270822076,0.6523461803486332
17821352,1789113537880000000,1276,HEAD_POSE_ESTIMATE,estimated,0.43029580509252746,4.964788373818893,8.301996271246367,-0.276392649686576,0.3853711794509984,0.652262988970723
17835352,1789113537894000000,1277,HEAD_POSE_ESTIMATE,estimated,0.38393560154112616,4.976013838697515,8.340388756353823,-0.2941645021301667,0.37773706044482386,0.6518267840843773
17849352,1789113537908000000,1278,HEAD_POSE_ESTIMATE,estimated,0.3452230760965994,4.979509440734649,8.367850622845658,-0.3032757232630813,0.38238272541290114,0.6616457573439938
17863352,1789113537922000000,1279,HEAD_POSE_ESTIMATE,estimated,0.2957938800228722,4.965100648319843,8.402282720885157,-0.3031066789390521,0.3922633782758172,0.6716366323141149
17877352,1789113537936000000,1280,HEAD_POSE_ESTIMATE,estimated,0.3657220196369485,4.939083654647407,8.476934411005832,-0.2942408430188483,0.3930439282571191,0.6723808396004952
17891352,1789113537950000000,1281,HEAD_POSE_ESTIMATE,estimated,0.3902724667473431,4.92747983870779,8.542046438432719,-0.2811819175392339,0.4013014168794554,0.6725733406129007
17905352,1789113537964000000,1282,HEAD_POSE_ESTIMATE,estimated,0.3781179421690001,4.937219015936457,8.58545233860753,-0.27076719213176637,0.4138183779146203,0.672810341396811
17919352,1789113537978000000,1283,HEAD_POSE_ESTIMATE,estimated,0.3966276209395267,4.9362042404162185,8.630545808229497,-0.2571439356090042,0.41965654950745135,0.6610848550586711
17933352,1789113537992000000,1284,HEAD_POSE_ESTIMATE,estimated,0.47785765663901825,4.928744523841205,8.686112102314079,-0.24622112849265423,0.425844651357652,0.6460857468383786
17947352,1789113538006000000,1285,HEAD_POSE_ESTIMATE,estimated,0.4772446921306382,4.935772107691367,8.711877916846138,-0.23039351264836905,0.4253924467616388,0.6236459015874951
17962352,1789113538021000000,1286,HEAD_POSE_ESTIMATE,estimated,0.4861861592760961,4.927716870676037,8.727426599820356,-0.2067620026502179,0.41921168978737583,0.6023177425967312
17976352,1789113538035000000,1287,HEAD_POSE_ESTIMATE,estimated,0.5191616403000233,4.9171046675113566,8.745003945822033,-0.18150346059599737,0.4110124892657702,0.596178242440862
17990352,1789113538049000000,1288,HEAD_POSE_ESTIMATE,estimated,0.527049200480022,4.88248593627964,8.740007229944725,-0.15077679709145614,0.397037915232773,0.581866989468218
18004352,1789113538063000000,1289,HEAD_POSE_ESTIMATE,estimated,0.5304536815556667,4.848791025002812,8.72962692788914,-0.11794315249628276,0.3838581046494345,0.5637304699341403
18018352,1789113538077000000,1290,HEAD_POSE_ESTIMATE,estimated,0.5300967052741832,4.821504172998408,8.714096038118086,-0.08427789291301778,0.37086310286988877,0.5421561585184169
18032352,1789113538091000000,1291,HEAD_POSE_ESTIMATE,estimated,0.5386671372834397,4.791419897664165,8.697912765888208,-0.06006918035720481,0.35691514806039826,0.5179693144929786
18048352,1789113538107000000,1292,HEAD_POSE_ESTIMATE,estimated,0.5684524356475466,4.779722347850424,8.66664291007817,-0.03741852745521557,0.3387036675242779,0.49366368869112476
18059352,1789113538118000000,1293,HEAD_POSE_ESTIMATE,estimated,0.6021685816478897,4.75945904617655,8.655513559598978,-0.024111444899388604,0.3258325544904876,0.4745535926627476
18073352,1789113538132000000,1294,HEAD_POSE_ESTIMATE,estimated,0.6484265598561295,4.74361143371697,8.644887341346974,-0.011829152496521991,0.3112302880435158,0.4637992559720916
18089352,1789113538148000000,1295,HEAD_POSE_ESTIMATE,estimated,0.6805919135624745,4.7316387867403495,8.630801375262578,-0.003909159745356519,0.3003987380609121,0.4512376549463719
18101352,1789113538160000000,1296,HEAD_POSE_ESTIMATE,estimated,0.7128711987315746,4.718500410526068,8.630156469468302,-0.003184527230453513,0.2939246896906151,0.43824138113822025
18115352,1789113538174000000,1297,HEAD_POSE_ESTIMATE,estimated,0.7517519948001987,4.709702690814248,8.615423703203245,-0.005190518624808549,0.29215138979298844,0.418276048264401
18129352,1789113538188000000,1298,HEAD_POSE_ESTIMATE,estimated,0.7863554221041126,4.698367711057288,8.594368780420522,-0.00995243966846066,0.29004328563648707,0.39466228296822015
18143352,1789113538202000000,1299,HEAD_POSE_ESTIMATE,estimated,0.8217882660055619,4.6933072989689695,8.558276838456479,-0.01749995662240186,0.2849140086770211,0.37256660910097705
18157352,1789113538216000000,1300,HEAD_POSE_ESTIMATE,estimated,0.8369205161459102,4.675869280459055,8.521440139612642,-0.020054325564949117,0.2769208943408947,0.353792398473814
18171352,1789113538230000000,1301,HEAD_POSE_ESTIMATE,estimated,0.8068168398371109,4.670165521949045,8.475889580170222,-0.026532196950155948,0.26470221236652464,0.3375552023384502
18185352,1789113538244000000,1302,HEAD_POSE_ESTIMATE,estimated,0.7895034522771813,4.6525767762445875,8.47816479183443,-0.030573484088287108,0.24532786313689045,0.31150478400674025
18199352,1789113538258000000,1303,HEAD_POSE_ESTIMATE,estimated,0.7836270557603199,4.639309393258635,8.496476523731994,-0.037895059080874136,0.2160090083127951,0.2729282032296445
18213352,1789113538272000000,1304,HEAD_POSE_ESTIMATE,estimated,0.7176239968320706,4.630366663962316,8.453309061667033,-0.04681798578043139,0.18464859830626376,0.240529900808694
18227352,1789113538286000000,1305,HEAD_POSE_ESTIMATE,estimated,0.6860540535399384,4.626425803418448,8.415383749452111,-0.0578010013183823,0.14519454886916908,0.20650405850295422
18241352,1789113538300000000,1306,HEAD_POSE_ESTIMATE,estimated,0.6504718250528119,4.630822126339562,8.3864219984883,-0.07232175110160857,0.10839225120930798,0.17700906089365515
18255352,1789113538314000000,1307,HEAD_POSE_ESTIMATE,estimated,0.6131735945434243,4.632792285921658,8.373540278520744,-0.08569860924073258,0.07548973423803398,0.15296978401337555
18269352,1789113538328000000,1308,HEAD_POSE_ESTIMATE,estimated,0.5807460466293601,4.637577896203222,8.373108257069836,-0.10125637015264358,0.049429660736413535,0.13237904228697314
18284352,1789113538343000000,1309,HEAD_POSE_ESTIMATE,estimated,0.5510619110913498,4.6428169384436995,8.387545129040596,-0.12092779874411293,0.02574574085289819,0.11124872438848622
18300352,1789113538359000000,1310,HEAD_POSE_ESTIMATE,estimated,0.5192637277093552,4.67098783284521,8.45291741170277,-0.14505896940705862,0.006535448257491663,0.09074034884758052
18316352,1789113538375000000,1311,HEAD_POSE_ESTIMATE,estimated,0.48474973248811837,4.694864427302562,8.530236795840194,-0.16744058488877275,-0.008972994925209065,0.08036064496028697
18324352,1789113538383000000,1312,HEAD_POSE_ESTIMATE,estimated,0.4680677962198867,4.694589323316025,8.56830773833556,-0.1788401523958274,-0.014046409472934175,0.07750594147421118
18337352,1789113538396000000,1313,HEAD_POSE_ESTIMATE,estimated,0.4342839572567019,4.726104712657762,8.660975223857525,-0.1925792953980507,-0.02462136203993931,0.07301530581262732
18351352,1789113538410000000,1314,HEAD_POSE_ESTIMATE,estimated,0.4167925454539245,4.762817196879852,8.739735596147426,-0.19810549276152795,-0.031788671949385214,0.06429865405512611
18365352,1789113538424000000,1315,HEAD_POSE_ESTIMATE,estimated,0.3948464387889041,4.798172696215672,8.811663657894512,-0.19786348469255877,-0.03563803281366881,0.049584481610824814
18379352,1789113538438000000,1316,HEAD_POSE_ESTIMATE,estimated,0.37167490036387585,4.8203327018917115,8.888242912514638,-0.1975465395538537,-0.03961748738884199,0.02493363996870644
18393352,1789113538452000000,1317,HEAD_POSE_ESTIMATE,estimated,0.35107872722385536,4.840307101860192,8.956894697389556,-0.1921691611268558,-0.04105579990984129,0.006462433399345575
18409352,1789113538468000000,1318,HEAD_POSE_ESTIMATE,estimated,0.30960819165153397,4.847580565072101,9.016638333760254,-0.18363273324287477,-0.0440980993922393,-0.005467055444297299
18420352,1789113538479000000,1319,HEAD_POSE_ESTIMATE,estimated,0.29589193978522077,4.828197113022348,8.99531852764261,-0.16673106615852148,-0.04702561585409292,0.00149373073485852
18435352,1789113538494000000,1320,HEAD_POSE_ESTIMATE,estimated,0.26811467448530685,4.811261330229974,8.967285632799944,-0.14258605962984092,-0.04835703082370818,0.011594072054319315
18449352,1789113538508000000,1321,HEAD_POSE_ESTIMATE,estimated,0.24079137036747975,4.800273856635286,8.923668644110666,-0.10856920089464579,-0.050391925755097634,0.03553418297012619
18463352,1789113538522000000,1322,HEAD_POSE_ESTIMATE,estimated,0.23866619848308168,4.774559258141125,8.88259919055376,-0.07342135630708288,-0.05431004316729887,0.0519834220701079
18477352,1789113538536000000,1323,HEAD_POSE_ESTIMATE,estimated,0.24175445947163568,4.737583783682833,8.835953740910377,-0.0405886523597026,-0.05902470335732969,0.06437766587620469
18492352,1789113538551000000,1324,HEAD_POSE_ESTIMATE,estimated,0.2481457842307024,4.730656286585073,8.78889258260428,-0.014546480980633677,-0.06363827486296099,0.07152435622234109
18504352,1789113538563000000,1325,HEAD_POSE_ESTIMATE,estimated,0.25914214426961474,4.720594262357955,8.74761854920566,0.0013961399803596498,-0.0660453503327758,0.07135250470580234
18518352,1789113538577000000,1326,HEAD_POSE_ESTIMATE,estimated,0.26073246831042457,4.730739919584204,8.707252952764602,0.008596843962281697,-0.06943775541663816,0.0587223730658794
18533352,1789113538592000000,1327,HEAD_POSE_ESTIMATE,estimated,0.2566512618701615,4.7234844474609075,8.673219655152788,0.008245097650284597,-0.07167036572004631,0.03956401558304856
18546352,1789113538605000000,1328,HEAD_POSE_ESTIMATE,estimated,0.24604292972719857,4.717158739921612,8.658097939535406,0.00432696121884021,-0.07269866789141288,0.01715117028880809
18563352,1789113538622000000,1329,HEAD_POSE_ESTIMATE,estimated,0.22986806934987394,4.702772252567878,8.647187958529813,0.0017591003869401325,-0.07009221865187704,-0.007890827704399236
18574352,1789113538633000000,1330,HEAD_POSE_ESTIMATE,estimated,0.22415903052808783,4.681004712415027,8.645135070917204,-0.0019105542688920326,-0.06778784704947696,-0.020964465828423352
18588352,1789113538647000000,1331,HEAD_POSE_ESTIMATE,estimated,0.22359474461869222,4.655155853556581,8.640090113987961,-0.0009309425256219581,-0.061578351699721846,-0.02916068354087866
18604352,1789113538663000000,1332,HEAD_POSE_ESTIMATE,estimated,0.22914509078249723,4.6158169668959,8.638922773833707,0.007860935556927923,-0.050038913775274425,-0.030902927818647064
18616352,1789113538675000000,1333,HEAD_POSE_ESTIMATE,estimated,0.22198770372543064,4.5943787653678765,8.645346065077398,0.020236891796772193,-0.035659479868069645,-0.02879189355586982
18628352,1789113538687000000,1334,HEAD_POSE_ESTIMATE,estimated,0.21293786912255439,4.576216551017034,8.649338558773502,0.03193326728303834,-0.021390167308112704,-0.028252882001280896
18643352,1789113538702000000,1335,HEAD_POSE_ESTIMATE,estimated,0.20010456241525035,4.549538798270698,8.662660957947935,0.03718253642514454,-0.005858751817882463,-0.03273371243489135
18657352,1789113538716000000,1336,HEAD_POSE_ESTIMATE,estimated,0.17481036438363057,4.542404472864208,8.6878948296209,0.03470432564660335,0.008650300217294831,-0.04336975393294333
18671352,1789113538730000000,1337,HEAD_POSE_ESTIMATE,estimated,0.15852161038940515,4.546568318944498,8.722324159419886,0.022856328829751353,0.01842470837808087,-0.05599521649183798
18687352,1789113538746000000,1338,HEAD_POSE_ESTIMATE,estimated,0.1427774877306613,4.576966227287519,8.752563294974989,0.003960132902853842,0.01798516309552122,-0.07158732357040615
18699352,1789113538758000000,1339,HEAD_POSE_ESTIMATE,estimated,0.11504389693213987,4.591073147718757,8.769513438618636,-0.016953878977743857,0.014387515884995202,-0.08696710331742848
18712352,1789113538771000000,1340,HEAD_POSE_ESTIMATE,estimated,0.09049992799128098,4.624394782674819,8.788300863516627,-0.036212237074368596,0.0013489327688568273,-0.10436382002898276
18728352,1789113538787000000,1341,HEAD_POSE_ESTIMATE,estimated,0.04663683100786578,4.6353111678297045,8.808597955302927,-0.049112986845149254,-0.021477355177410815,-0.11505881142331607
18739352,1789113538798000000,1342,HEAD_POSE_ESTIMATE,estimated,0.02368296603119066,4.641215009087735,8.817021250377552,-0.05289538878109444,-0.03772528993727409,-0.11797941521874647
18753352,1789113538812000000,1343,HEAD_POSE_ESTIMATE,estimated,-0.008650277402838918,4.644909616867752,8.825129883481415,-0.05340018651111357,-0.05682583552563935,-0.11524468185656395
18768352,1789113538827000000,1344,HEAD_POSE_ESTIMATE,estimated,-0.019485934002307515,4.634569389072191,8.821070031023572,-0.046340808515805514,-0.07305190622404857,-0.10523894604135757
18782352,1789113538841000000,1345,HEAD_POSE_ESTIMATE,estimated,-0.02290092236758591,4.620585132312699,8.810008194435355,-0.03504252877201516,-0.08374844912673306,-0.09160064636395523
18796352,1789113538855000000,1346,HEAD_POSE_ESTIMATE,estimated,-0.02767545597773678,4.598860903875141,8.812337612420619,-0.018924860266161712,-0.08806883540574925,-0.07712412152147714
18810352,1789113538869000000,1347,HEAD_POSE_ESTIMATE,estimated,-0.013567067614757608,4.590242374162926,8.80957856229543,-0.006034054912932866,-0.08820056003787827,-0.06624943034184204
18824352,1789113538883000000,1348,HEAD_POSE_ESTIMATE,estimated,-0.0181511057963435,4.577323576412586,8.821560834824446,0.0018247695839963443,-0.08350687374193957,-0.05747759105695359
18842352,1789113538901000000,1349,HEAD_POSE_ESTIMATE,estimated,-0.02553632771907033,4.57900841500867,8.891986044721047,-0.00581180840370562,-0.07390212284749634,-0.05624456973703671
18853352,1789113538912000000,1350,HEAD_POSE_ESTIMATE,estimated,-0.01970392210915907,4.573295004537172,8.925217882123661,-0.008276009047047611,-0.06538536670068831,-0.055138581615078466
18865352,1789113538924000000,1351,HEAD_POSE_ESTIMATE,estimated,-0.019337093130000448,4.5728129427078965,8.971459706893151,-0.017834461108874985,-0.050795311870432645,-0.05681283275297437
18878352,1789113538937000000,1352,HEAD_POSE_ESTIMATE,estimated,-0.013679032550462739,4.58583268137721,9.021885367304183,-0.03160403991751784,-0.038141120952798625,-0.05885907936291171
18890352,1789113538949000000,1353,HEAD_POSE_ESTIMATE,estimated,0.004149358966320661,4.604470215497587,9.05751548083632,-0.0402231440099955,-0.02390336671373335,-0.05996970463072002
18905352,1789113538964000000,1354,HEAD_POSE_ESTIMATE,estimated,0.013991019770309462,4.627401550010893,9.09766416953335,-0.04269907182348597,-0.007802557476581328,-0.060382364335120405
18919352,1789113538978000000,1355,HEAD_POSE_ESTIMATE,estimated,0.02084074540913206,4.6413267723743505,9.122548537902386,-0.03622590632618521,0.004627051703990786,-0.05999419220833115
18933352,1789113538992000000,1356,HEAD_POSE_ESTIMATE,estimated,0.030593331104007325,4.648994369220722,9.137076223738012,-0.02602356174573931,0.018808084924502044,-0.06124336781769171
18946352,1789113539005000000,1357,HEAD_POSE_ESTIMATE,estimated,0.04300981325016213,4.657680584800393,9.157257476491482,-0.012161306326433521,0.02986310299489969,-0.06103068895396273
18960352,1789113539019000000,1358,HEAD_POSE_ESTIMATE,estimated,0.08024193591702361,4.654722928162199,9.12689455612137,0.006185093124033693,0.031278358056852695,-0.06706644625097773
18974352,1789113539033000000,1359,HEAD_POSE_ESTIMATE,estimated,0.11365340869688384,4.650601448385369,9.101701393282152,0.030798478722450808,0.03206310125878614,-0.0733842955240166
18989352,1789113539048000000,1360,HEAD_POSE_ESTIMATE,estimated,0.1372977646169518,4.6467496279313725,9.06625140234303,0.05279258579029077,0.026901758565536404,-0.08194587764656297
19003352,1789113539062000000,1361,HEAD_POSE_ESTIMATE,estimated,0.15063306080441366,4.637899983344842,9.02555509957822,0.07359856048765222,0.01409260166363454,-0.09381254857640485
19017352,1789113539076000000,1362,HEAD_POSE_ESTIMATE,estimated,0.14648297148127326,4.624808498935168,8.982143357689948,0.09001078985331594,-0.00010440778323670002,-0.10796093479087783
19031352,1789113539090000000,1363,HEAD_POSE_ESTIMATE,estimated,0.14454101812842654,4.614459631297967,8.940767514399626,0.10318508784924314,-0.01786230314237362,-0.12032950659062965
19047352,1789113539106000000,1364,HEAD_POSE_ESTIMATE,estimated,0.13868307745735658,4.602759034820572,8.888374457914034,0.1170692424747477,-0.03918801583634091,-0.1315705934309382
19058352,1789113539117000000,1365,HEAD_POSE_ESTIMATE,estimated,0.1304414177378306,4.599980460863675,8.860714170623861,0.12594426173857906,-0.05398627573058101,-0.1371483566461115
19073352,1789113539132000000,1366,HEAD_POSE_ESTIMATE,estimated,0.11096644728413627,4.585304943340961,8.827736754783011,0.13544238212089038,-0.07382088999789474,-0.14143875974547462
19088352,1789113539147000000,1367,HEAD_POSE_ESTIMATE,estimated,0.08962145680374539,4.586743974641166,8.794120904324563,0.14118151122633354,-0.09174307683111214,-0.1441815321483852
19099352,1789113539158000000,1368,HEAD_POSE_ESTIMATE,estimated,0.08467417803456458,4.5973738878076675,8.773410126560126,0.14466660276051957,-0.10108772028364367,-0.14451420586046076
19114352,1789113539173000000,1369,HEAD_POSE_ESTIMATE,estimated,0.06798291491675616,4.604551361145236,8.759629395488679,0.14567652879237464,-0.10972403213340017,-0.1427980329080147
19129352,1789113539188000000,1370,HEAD_POSE_ESTIMATE,estimated,0.05662186869006755,4.616419199739917,8.744088582150912,0.14410848510220323,-0.1137912830676986,-0.13827941557656578
19142352,1789113539201000000,1371,HEAD_POSE_ESTIMATE,estimated,0.04537992855798037,4.624822126327058,8.730285142744467,0.13983480394649433,-0.11274555707018585,-0.13167772146901857
19156352,1789113539215000000,1372,HEAD_POSE_ESTIMATE,estimated,0.042788089338526764,4.6331426456195945,8.73600198175669,0.1360400426123161,-0.11027230958446442,-0.12333551969401507
19170352,1789113539229000000,1373,HEAD_POSE_ESTIMATE,estimated,0.04700324789955846,4.654798572408872,8.747851676470162,0.13174863074662638,-0.10422769090662817,-0.12012324679500576
19184352,1789113539243000000,1374,HEAD_POSE_ESTIMATE,estimated,0.04001083115828839,4.675940568283541,8.751051059870289,0.12516808065822585,-0.09641605863669607,-0.11815708981578332
19199352,1789113539258000000,1375,HEAD_POSE_ESTIMATE,estimated,0.043604764828277826,4.7109090723969524,8.757592958067653,0.12033571105143104,-0.09025241709705303,-0.1209504400601177
19212352,1789113539271000000,1376,HEAD_POSE_ESTIMATE,estimated,0.06450927169412851,4.752131854653285,8.765335039661494,0.11369239390649932,-0.08444582709030374,-0.12350251880124134
19226352,1789113539285000000,1377,HEAD_POSE_ESTIMATE,estimated,0.0757238307690433,4.78961368802709,8.76389844354577,0.10382255243123709,-0.07654439327903598,-0.12575799043900673
19241352,1789113539300000000,1378,HEAD_POSE_ESTIMATE,estimated,0.08855627029985354,4.821118985539569,8.76089479680325,0.09689701006334463,-0.07231548166477733,-0.1302940214758007
19255352,1789113539314000000,1379,HEAD_POSE_ESTIMATE,estimated,0.10069797313279287,4.848822548182598,8.758536282995362,0.09084441710954096,-0.06784384512702094,-0.13761396340239684
19267352,1789113539326000000,1380,HEAD_POSE_ESTIMATE,estimated,0.10257121209944878,4.871052674208844,8.757417941640492,0.08665714120155417,-0.06530762281079774,-0.14458737392563656
19282352,1789113539341000000,1381,HEAD_POSE_ESTIMATE,estimated,0.11093692806124032,4.897940886215345,8.761048542279722,0.08696349854727477,-0.06350651137090833,-0.1536208802173502
19296352,1789113539355000000,1382,HEAD_POSE_ESTIMATE,estimated,0.11158103693664409,4.918708276048902,8.767503715899243,0.08853814563541361,-0.061759520749986925,-0.1619246531633607
19311352,1789113539370000000,1383,HEAD_POSE_ESTIMATE,estimated,0.11553554608277182,4.932509320585376,8.763989922472515,0.0958496742312294,-0.06235684891829705,-0.16833177912971764
19324352,1789113539383000000,1384,HEAD_POSE_ESTIMATE,estimated,0.12097766515200085,4.943136499193217,8.75355891244579,0.10746593915793759,-0.06560370343892562,-0.17336405709417768
19338352,1789113539397000000,1385,HEAD_POSE_ESTIMATE,estimated,0.12114882582622422,4.943316181526928,8.735531859723853,0.12381521438082349,-0.07085342095241419,-0.1768091137817792
19352352,1789113539411000000,1386,HEAD_POSE_ESTIMATE,estimated,0.11145389291755296,4.943978735007869,8.709951486101192,0.14264239585501187,-0.07713163841909165,-0.1784752729721849
19366352,1789113539425000000,1387,HEAD_POSE_ESTIMATE,estimated,0.1120573211853007,4.955045950070966,8.692882991183422,0.16278456646806383,-0.08533518433460094,-0.1776959215050297
19379352,1789113539438000000,1388,HEAD_POSE_ESTIMATE,estimated,0.10362426125749351,4.971134158667151,8.672777938364913,0.18165347246517882,-0.09558281082065817,-0.17790886848887263
19393352,1789113539452000000,1389,HEAD_POSE_ESTIMATE,estimated,0.09140347712452038,4.979294652663775,8.64078457493239,0.20071210608666862,-0.10475408762489054,-0.1743646237912499
19407352,1789113539466000000,1390,HEAD_POSE_ESTIMATE,estimated,0.092981320322326,5.000684380661903,8.61086142883432,0.2136482070282039,-0.11473298282789769,-0.17055682255842725
19421352,1789113539480000000,1391,HEAD_POSE_ESTIMATE,estimated,0.09676505026353435,5.023144077538528,8.58493989908011,0.22118301433061993,-0.12572628942409259,-0.16783771825824964
19435352,1789113539494000000,1392,HEAD_POSE_ESTIMATE,estimated,0.09152685459976771,5.0461895806920785,8.547119599506349,0.22490646928808658,-0.1373340189422544,-0.16774370436977448
19449352,1789113539508000000,1393,HEAD_POSE_ESTIMATE,estimated,0.11140309764658347,5.070683027206082,8.545650927404962,0.22237009247498646,-0.14650616285689616,-0.16586555250866647
19463352,1789113539522000000,1394,HEAD_POSE_ESTIMATE,estimated,0.1336550896236948,5.103087475164414,8.542510449668866,0.21556229372426208,-0.159431399059,-0.1671827744685074
19476352,1789113539535000000,1395,HEAD_POSE_ESTIMATE,estimated,0.14315832597515832,5.144989747789495,8.543102791573011,0.20802586435498435,-0.1717420267113471,-0.17092882768604176
19491352,1789113539550000000,1396,HEAD_POSE_ESTIMATE,estimated,0.14762017155219084,5.1955582491899674,8.531486222722396,0.20222489972219476,-0.19033121987792942,-0.18142461124184858
19505352,1789113539564000000,1397,HEAD_POSE_ESTIMATE,estimated,0.16213383121136052,5.2360776507215325,8.517047796479085,0.19727058102761963,-0.20759842548329194,-0.19213107300680574
19519352,1789113539578000000,1398,HEAD_POSE_ESTIMATE,estimated,0.16949256315952688,5.272612235562374,8.487029445468476,0.19787062988112353,-0.2272772510618628,-0.20491678559743953
19533352,1789113539592000000,1399,HEAD_POSE_ESTIMATE,estimated,0.17776343024361418,5.294000220893083,8.449518975468758,0.20129233587255374,-0.24730307627298806,-0.21785679257724333
19550352,1789113539609000000,1400,HEAD_POSE_ESTIMATE,estimated,0.18034637509401433,5.301721359089228,8.398204889103074,0.2100045303491087,-0.26850248575962277,-0.2307933472560791
19559352,1789113539618000000,1401,HEAD_POSE_ESTIMATE,estimated,0.18947571282694822,5.3120773807083435,8.365235444136303,0.21827827063358923,-0.28024035871502795,-0.23732176564383883
19573352,1789113539632000000,1402,HEAD_POSE_ESTIMATE,estimated,0.1732206055974193,5.323488421350621,8.310100281915094,0.2325572537142981,-0.29409955024242995,-0.24410746173168854
19587352,1789113539646000000,1403,HEAD_POSE_ESTIMATE,estimated,0.1874422436998569,5.340929729299848,8.269928002121027,0.23886649890371453,-0.29873944860505175,-0.24465952401289043
19602352,1789113539661000000,1404,HEAD_POSE_ESTIMATE,estimated,0.2118056615434917,5.353406118564497,8.233996175304743,0.23912037902277292,-0.2966552543699263,-0.2381890450623334
19615352,1789113539674000000,1405,HEAD_POSE_ESTIMATE,estimated,0.23919038755164612,5.365835448098816,8.206948287253034,0.23555287555170748,-0.293720282158822,-0.22869481304688918
19629352,1789113539688000000,1406,HEAD_POSE_ESTIMATE,estimated,0.280837128369256,5.378146637976957,8.191687932305248,0.2292661289501482,-0.2861808066976132,-0.21699699326035532
19643352,1789113539702000000,1407,HEAD_POSE_ESTIMATE,estimated,0.32464229029834696,5.390165402251502,8.182299031847801,0.22062770195651762,-0.2767610975832117,-0.20689010133608196
19657352,1789113539716000000,1408,HEAD_POSE_ESTIMATE,estimated,0.34657312138649,5.415165113773016,8.162726214707487,0.21156647945155463,-0.2712829838369351,-0.20013703290617982
19671352,1789113539730000000,1409,HEAD_POSE_ESTIMATE,estimated,0.4163198877980685,5.460948641592836,8.204832474564538,0.20509762851392419,-0.267019322629991,-0.20123735452446526
19688352,1789113539747000000,1410,HEAD_POSE_ESTIMATE,estimated,0.4676483655843744,5.50620872423252,8.231883252962927,0.19536957146186648,-0.25927137508212733,-0.206486325944167
19700352,1789113539759000000,1411,HEAD_POSE_ESTIMATE,estimated,0.5151165850912883,5.559168116513001,8.252558847741339,0.19037060426568228,-0.25778835357789065,-0.21667959699244163
19712352,1789113539771000000,1412,HEAD_POSE_ESTIMATE,estimated,0.5393046619896116,5.5962384571866,8.24680472695835,0.18885875563143173,-0.25615393780404605,-0.23184138818905375
19727352,1789113539786000000,1413,HEAD_POSE_ESTIMATE,estimated,0.5905102970048977,5.6336850291434555,8.263642054812934,0.19296289511202683,-0.2550527308765228,-0.251345508992555
19740352,1789113539799000000,1414,HEAD_POSE_ESTIMATE,estimated,0.613085286522356,5.6604752821101085,8.242009649627304,0.20393909955338713,-0.25626922381632616,-0.2723886433584299
19754352,1789113539813000000,1415,HEAD_POSE_ESTIMATE,estimated,0.631783963059168,5.680569507914995,8.210346816414734,0.21639359045100467,-0.2556167240507273,-0.29059271344588117
19771352,1789113539830000000,1416,HEAD_POSE_ESTIMATE,estimated,0.6191658518031949,5.704508901310484,8.152996613599212,0.2318919735715606,-0.2563810815094358,-0.30891080602713894
19783352,1789113539842000000,1417,HEAD_POSE_ESTIMATE,estimated,0.6139316545755281,5.731524591658025,8.099415397262842,0.24366643961011755,-0.2569238540073886,-0.32048933867042584
19796352,1789113539855000000,1418,HEAD_POSE_ESTIMATE,estimated,0.6046502502354199,5.760665560923762,8.050523905081317,0.2514622849313714,-0.2552097930687079,-0.32583329597868343
19809352,1789113539868000000,1419,HEAD_POSE_ESTIMATE,estimated,0.6220223167939363,5.789120833300924,8.021056951631442,0.26248552430503685,-0.25990617609550576,-0.3355137419298464
19824352,1789113539883000000,1420,HEAD_POSE_ESTIMATE,estimated,0.6246325125708149,5.817127613149181,7.966747383936896,0.2732299581803708,-0.2680328447122236,-0.3477507167266092
19836352,1789113539895000000,1421,HEAD_POSE_ESTIMATE,estimated,0.612166655341818,5.83932679507452,7.908466945156848,0.2784081521001213,-0.273879610605658,-0.35826834050757583
19851352,1789113539910000000,1422,HEAD_POSE_ESTIMATE,estimated,0.6051410658241374,5.864651320585136,7.84722742383995,0.2835306401962548,-0.2853408161989666,-0.372501814710589
19865352,1789113539924000000,1423,HEAD_POSE_ESTIMATE,estimated,0.591566660872601,5.896861250961324,7.774985865973401,0.28513973495607847,-0.29726745663863186,-0.384005281687629
19880352,1789113539939000000,1424,HEAD_POSE_ESTIMATE,estimated,0.5765873076385073,5.941281298783629,7.701753466470026,0.28466682336200944,-0.31012538402844825,-0.3958880031401011
19894352,1789113539953000000,1425,HEAD_POSE_ESTIMATE,estimated,0.579605905253181,5.973202403659496,7.6551641084457955,0.2881211568685378,-0.32504314155068637,-0.4047686446148216
19907352,1789113539966000000,1426,HEAD_POSE_ESTIMATE,estimated,0.5959601268257633,6.008767592388714,7.614168694922,0.28889531766537074,-0.33549160460609195,-0.40664145424843096
19921352,1789113539980000000,1427,HEAD_POSE_ESTIMATE,estimated,0.6456809343976375,6.041790321951988,7.576813231949806,0.287532402272539,-0.3459667523200932,-0.4056676427572743
19935352,1789113539994000000,1428,HEAD_POSE_ESTIMATE,estimated,0.6491040525780216,6.064035307566139,7.515971707217207,0.2864186044596557,-0.3548672886932253,-0.4045660641748898
19949352,1789113540008000000,1429,HEAD_POSE_ESTIMATE,estimated,0.7246378122891453,6.105006280890004,7.468176851923098,0.2845268041848602,-0.36460716849763736,-0.40396566239290704
19963352,1789113540022000000,1430,HEAD_POSE_ESTIMATE,estimated,0.7648780562009785,6.137949343672996,7.391745523545862,0.2846058662700156,-0.3798194016438397,-0.4058566396858633
19977352,1789113540036000000,1431,HEAD_POSE_ESTIMATE,estimated,0.7729573703359693,6.143030390677576,7.306188745259539,0.2943088939351779,-0.40367107499725924,-0.4186396148287463
19991352,1789113540050000000,1432,HEAD_POSE_ESTIMATE,estimated,0.7869904690492202,6.1436289519342955,7.220285650247972,0.3047555723613816,-0.43064699332224954,-0.43111956168769655
20007352,1789113540066000000,1433,HEAD_POSE_ESTIMATE,estimated,0.7850243086990172,6.129479905278387,7.138076466339676,0.3183321106390635,-0.46887896413089014,-0.4496324707542555
20020352,1789113540079000000,1434,HEAD_POSE_ESTIMATE,estimated,0.7646489308101168,6.125808352930677,7.077827513913713,0.33340331346951363,-0.5032891457752712,-0.4609971525890682
20032352,1789113540091000000,1435,HEAD_POSE_ESTIMATE,estimated,0.7562816099809688,6.1337257657485695,7.019868519682117,0.33948751916239894,-0.5316132314930824,-0.46853237508229956
20048352,1789113540107000000,1436,HEAD_POSE_ESTIMATE,estimated,0.7294298114035249,6.14853532855957,6.943880553869554,0.335145710047814,-0.5639042107741055,-0.48015812973490074
20059352,1789113540118000000,1437,HEAD_POSE_ESTIMATE,estimated,0.7157877628948613,6.171464609011576,6.886112243493014,0.3225149989727674,-0.5847305250401232,-0.4884268415191762
20073352,1789113540132000000,1438,HEAD_POSE_ESTIMATE,estimated,0.670742862373002,6.175530296285639,6.8420694900520935,0.29997503881226945,-0.6012732947497431,-0.501226088624621
20088352,1789113540147000000,1439,HEAD_POSE_ESTIMATE,estimated,0.6310643892990682,6.174244490569501,6.813669546843333,0.2652028992425207,-0.6141339922173599,-0.5188579621312606
20101352,1789113540160000000,1440,HEAD_POSE_ESTIMATE,estimated,0.5983078851791326,6.176221271033837,6.784946241379516,0.22474603534258297,-0.6201653664695844,-0.5364724007452224
20116352,1789113540175000000,1441,HEAD_POSE_ESTIMATE,estimated,0.5631431337614698,6.170531347073198,6.779671702726433,0.1757260307011163,-0.626751548077579,-0.5587161996779919
20130352,1789113540189000000,1442,HEAD_POSE_ESTIMATE,estimated,0.5715312338546181,6.182510537757543,6.804250775744511,0.1329198350004445,-0.6326622383152911,-0.5821019730273012
20143352,1789113540202000000,1443,HEAD_POSE_ESTIMATE,estimated,0.590321165625352,6.208493498697731,6.808861839506389,0.09671394988120265,-0.6374360570655822,-0.600096464102777
20157352,1789113540216000000,1444,HEAD_POSE_ESTIMATE,estimated,0.5701118485312544,6.211312829653561,6.821431991617091,0.06629098994733187,-0.6431204407603401,-0.6138946953086817
20171352,1789113540230000000,1445,HEAD_POSE_ESTIMATE,estimated,0.601905264097946,6.225348745608894,6.835344591902308,0.04496113193851225,-0.6474868857740769,-0.6196005270902202
20185352,1789113540244000000,1446,HEAD_POSE_ESTIMATE,estimated,0.5929111405356308,6.211616763989268,6.855676842658753,0.025794053397709255,-0.6433877608519752,-0.6136183502058397
20199352,1789113540258000000,1447,HEAD_POSE_ESTIMATE,estimated,0.5781529112595105,6.191366175860441,6.875722446604345,0.006913199782427876,-0.6356147994587775,-0.5979456094093175
20213352,1789113540272000000,1448,HEAD_POSE_ESTIMATE,estimated,0.567749715305536,6.207953147229042,6.908723253271084,-0.008727619390900882,-0.626907982701326,-0.582167181260535
20227352,1789113540286000000,1449,HEAD_POSE_ESTIMATE,estimated,0.5369609756600955,6.206443285622576,6.958635215961646,-0.02682095997325271,-0.6106512680938966,-0.5643145952210958
20241352,1789113540300000000,1450,HEAD_POSE_ESTIMATE,estimated,0.5491483246139477,6.2293923508901985,6.996953585481395,-0.04811784541067664,-0.5911375449060199,-0.5530691171239979
20255352,1789113540314000000,1451,HEAD_POSE_ESTIMATE,estimated,0.5701286403741604,6.240675255441277,7.039502584039722,-0.06462722995223576,-0.5742752442992886,-0.5449350060456026
20269352,1789113540328000000,1452,HEAD_POSE_ESTIMATE,estimated,0.5431973261203475,6.244553318164982,7.094500420461659,-0.08258815486343914,-0.5595166411363002,-0.5428213036940668
20283352,1789113540342000000,1453,HEAD_POSE_ESTIMATE,estimated,0.511882633497658,6.249034746926321,7.142642078778609,-0.0966101204415882,-0.5447235042715072,-0.5405921841023935
20297352,1789113540356000000,1454,HEAD_POSE_ESTIMATE,estimated,0.4399893771756276,6.232939696969808,7.226550932505044,-0.11016658770545247,-0.5375020082719532,-0.5453302276101853
20311352,1789113540370000000,1455,HEAD_POSE_ESTIMATE,estimated,0.4272079637388732,6.236949442486826,7.272806649172127,-0.11693277104280429,-0.5204603599625208,-0.5399519216494606
20326352,1789113540385000000,1456,HEAD_POSE_ESTIMATE,estimated,0.40363996867371016,6.233985833255145,7.31929591259589,-0.11890737987680386,-0.4999306420283618,-0.5324943740377022
20340352,1789113540399000000,1457,HEAD_POSE_ESTIMATE,estimated,0.40222742565401276,6.2403386064605595,7.368089812412697,-0.11822342532219471,-0.47818609040088395,-0.5226065952488455
20352352,1789113540411000000,1458,HEAD_POSE_ESTIMATE,estimated,0.37573727062084583,6.247533832859791,7.40124669098191,-0.11614387566328047,-0.45929973994846346,-0.5123678893789875
20365352,1789113540424000000,1459,HEAD_POSE_ESTIMATE,estimated,0.3621867491908368,6.240509924319843,7.4334483935912505,-0.11616939377873566,-0.43549197664322864,-0.4949677581093314
20380352,1789113540439000000,1460,HEAD_POSE_ESTIMATE,estimated,0.347095335678261,6.22800741540486,7.465313295132882,-0.1206253844733203,-0.41033799324377723,-0.47223741615894416
20394352,1789113540453000000,1461,HEAD_POSE_ESTIMATE,estimated,0.33634852300985996,6.234912620263479,7.512201222498359,-0.12621396040897487,-0.38858542822471465,-0.44997784773513266
20410352,1789113540469000000,1462,HEAD_POSE_ESTIMATE,estimated,0.31297791045488454,6.257570599939304,7.563063426971388,-0.13471137210011846,-0.3697364468028349,-0.4292187257770067
20421352,1789113540480000000,1463,HEAD_POSE_ESTIMATE,estimated,0.3147610184850331,6.278684283367,7.582164200603187,-0.1398287182178998,-0.3583083127216985,-0.41486534852609025
20435352,1789113540494000000,1464,HEAD_POSE_ESTIMATE,estimated,0.29175599402101293,6.299625037857741,7.603418003272257,-0.14916373491502397,-0.35001783061463554,-0.406719348331899
20448352,1789113540507000000,1465,HEAD_POSE_ESTIMATE,estimated,0.3234100621269215,6.298992225500842,7.5954932650223475,-0.15112344928906554,-0.34856734820757923,-0.4012265088558451
20464352,1789113540523000000,1466,HEAD_POSE_ESTIMATE,estimated,0.37098318376119777,6.317531288637068,7.548092265495007,-0.14664591735345398,-0.35323384456347706,-0.3970236605552961
20477352,1789113540536000000,1467,HEAD_POSE_ESTIMATE,estimated,0.3804462858715827,6.3106111625160475,7.512706561164972,-0.13902050404644875,-0.3604345318026845,-0.39350634542925916
20491352,1789113540550000000,1468,HEAD_POSE_ESTIMATE,estimated,0.35697524879442855,6.3054167724183845,7.473896431458107,-0.12472888450228099,-0.367644515550084,-0.3889095562859253
20505352,1789113540564000000,1469,HEAD_POSE_ESTIMATE,estimated,0.3394080787965554,6.29549553225519,7.434168871406521,-0.10796640757992312,-0.3739378699245988,-0.3854082565850724
20520352,1789113540579000000,1470,HEAD_POSE_ESTIMATE,estimated,0.32218697503314336,6.281765197389867,7.431665695365342,-0.09024595495899553,-0.37628269411451226,-0.37956493612665654
20533352,1789113540592000000,1471,HEAD_POSE_ESTIMATE,estimated,0.33909340212547123,6.276404819759044,7.413132077959495,-0.07771707439902883,-0.3821341513112914,-0.3803843376619116
20549352,1789113540608000000,1472,HEAD_POSE_ESTIMATE,estimated,0.3204372752669037,6.264647149979771,7.404050645503288,-0.06371668427863032,-0.38150949884315644,-0.37491534773956237
20561352,1789113540620000000,1473,HEAD_POSE_ESTIMATE,estimated,0.30690882073293835,6.249129273806667,7.395910800653905,-0.0567833638098893,-0.3756625970157535,-0.3673622341596831
20574352,1789113540633000000,1474,HEAD_POSE_ESTIMATE,estimated,0.26777352843222607,6.232198434546999,7.401043810335372,-0.048415271528398515,-0.36884552955425065,-0.3581462626944795
20588352,1789113540647000000,1475,HEAD_POSE_ESTIMATE,estimated,0.269742403536542,6.210779171527092,7.398562024651182,-0.04570263025463188,-0.35453584538347055,-0.34846466303523826
20602352,1789113540661000000,1476,HEAD_POSE_ESTIMATE,estimated,0.26349215023487643,6.189394061207001,7.4023965274664,-0.04924315717737381,-0.32959864503738256,-0.33811251949504273
20616352,1789113540675000000,1477,HEAD_POSE_ESTIMATE,estimated,0.26896806428008574,6.175583824155805,7.43752979995991,-0.056452582222752554,-0.30182750052226875,-0.3272921675973119
20630352,1789113540689000000,1478,HEAD_POSE_ESTIMATE,estimated,0.27397183593332464,6.170499297302924,7.446409587234263,-0.06711854651221061,-0.2674172458804058,-0.3147770325235116
20644352,1789113540703000000,1479,HEAD_POSE_ESTIMATE,estimated,0.29823082340984725,6.161911853328443,7.4394247047640025,-0.07919116793321554,-0.23347631541370015,-0.3046493819092352
20658352,1789113540717000000,1480,HEAD_POSE_ESTIMATE,estimated,0.30107619699977295,6.139297038113616,7.45935765946918,-0.08766095247564881,-0.19926363719872753,-0.29277420890592304
20672352,1789113540731000000,1481,HEAD_POSE_ESTIMATE,estimated,0.3566196773734749,6.124194224358529,7.437626609827293,-0.09704980063894465,-0.1721151350898544,-0.2896730277332079
20687352,1789113540746000000,1482,HEAD_POSE_ESTIMATE,estimated,0.36871275513444235,6.104376182628046,7.428906322986983,-0.10522320293719402,-0.14724712861956846,-0.292476094312428
20699352,1789113540758000000,1483,HEAD_POSE_ESTIMATE,estimated,0.3638944385660682,6.0847159187959905,7.416441590062644,-0.11119307996747635,-0.12908611428106148,-0.2989196985178819
20713352,1789113540772000000,1484,HEAD_POSE_ESTIMATE,estimated,0.349565577189791,6.062113365112657,7.4181391674,-0.11799842411328713,-0.11708062148773819,-0.3121297559220583
20727352,1789113540786000000,1485,HEAD_POSE_ESTIMATE,estimated,0.31607107846819743,6.037021737054898,7.435473951535302,-0.12496597316161862,-0.112238206816048,-0.3248937224012651
20741352,1789113540800000000,1486,HEAD_POSE_ESTIMATE,estimated,0.2875307645619049,6.020016537882024,7.463418495126647,-0.13194215836791592,-0.11101651485225346,-0.3318968532693791
20755352,1789113540814000000,1487,HEAD_POSE_ESTIMATE,estimated,0.26350138660235223,5.993073455373804,7.450377031641008,-0.1387758346817745,-0.11244531195188506,-0.3323788737696177
20770352,1789113540829000000,1488,HEAD_POSE_ESTIMATE,estimated,0.21007723281125096,5.968218761098638,7.474368214966826,-0.14748733797834876,-0.11812322883526198,-0.329833570150804
20782352,1789113540841000000,1489,HEAD_POSE_ESTIMATE,estimated,0.1884356293649856,5.942078381249063,7.465525601767617,-0.15236763384055385,-0.12103224964888953,-0.32079007147932287
20796352,1789113540855000000,1490,HEAD_POSE_ESTIMATE,estimated,0.1682388779711504,5.917866287138643,7.481007830026419,-0.15843982849059463,-0.11896028036416555,-0.30594952296632777
20810352,1789113540869000000,1491,HEAD_POSE_ESTIMATE,estimated,0.1700296827662769,5.901064797327357,7.488643798303831,-0.16397403817720782,-0.11821987027330715,-0.2896475585487663
20825352,1789113540884000000,1492,HEAD_POSE_ESTIMATE,estimated,0.1680603281295161,5.8911784470213995,7.5156105951866765,-0.17234445118262315,-0.1141862794361777,-0.2668939569540737
20840352,1789113540899000000,1493,HEAD_POSE_ESTIMATE,estimated,0.17674020215005254,5.894876872784183,7.563878939693959,-0.1827480776395239,-0.1046275784842969,-0.24510823792090466
20854352,1789113540913000000,1494,HEAD_POSE_ESTIMATE,estimated,0.18349067874424113,5.906016059956817,7.602790242917623,-0.19329582249305163,-0.09600083698534916,-0.22469706660194097
20866352,1789113540925000000,1495,HEAD_POSE_ESTIMATE,estimated,0.18937705172040437,5.9200768322463455,7.651382181502404,-0.20418507524513954,-0.0868473934333825,-0.20788537384784395
20883352,1789113540942000000,1496,HEAD_POSE_ESTIMATE,estimated,0.20737693769541368,5.952388780662118,7.715949580210965,-0.22117770672223866,-0.07335317803296586,-0.18885379840721075
20893352,1789113540952000000,1497,HEAD_POSE_ESTIMATE,estimated,0.21917997765172284,5.965291144224792,7.757756653728635,-0.23621275137830763,-0.06821962785069365,-0.1830825289753074
20907352,1789113540966000000,1498,HEAD_POSE_ESTIMATE,estimated,0.2277861795068134,5.9820118483778835,7.818289356531493,-0.2506265136562665,-0.06071315230159729,-0.173173971292337
20921352,1789113540980000000,1499,HEAD_POSE_ESTIMATE,estimated,0.2410685133050238,5.988606563998084,7.875254161658475,-0.25921204392276476,-0.05540981459914182,-0.16311726302826474
20935352,1789113540994000000,1500,HEAD_POSE_ESTIMATE,estimated,0.2469724324538933,5.994037787213618,7.941742472802603,-0.2641591935482629,-0.05150991647122987,-0.1496395526035753
20949352,1789113541008000000,1501,HEAD_POSE_ESTIMATE,estimated,0.2656552785908192,5.997769391349396,8.000560500942056,-0.2604098306885407,-0.04682746215858329,-0.13739468738676716
20963352,1789113541022000000,1502,HEAD_POSE_ESTIMATE,estimated,0.2778718496128249,6.0051319713771525,8.059651738267338,-0.25065199073739336,-0.04231952862809589,-0.1299807775178696
20977352,1789113541036000000,1503,HEAD_POSE_ESTIMATE,estimated,0.2764510377099817,6.006114726673057,8.117752124273784,-0.24072610093266952,-0.03689945342761008,-0.12555470049938694
20991352,1789113541050000000,1504,HEAD_POSE_ESTIMATE,estimated,0.2567889249877323,6.000652486546384,8.19836571603721,-0.22612322223540202,-0.029367770073983303,-0.121361842583418
21006352,1789113541065000000,1505,HEAD_POSE_ESTIMATE,estimated,0.24132838318430042,5.981768404137673,8.246587440119063,-0.21620716298439013,-0.02631365445908682,-0.12767352889048544
21019352,1789113541078000000,1506,HEAD_POSE_ESTIMATE,estimated,0.213665222300795,5.966215510711979,8.304489179236564,-0.20350133106267987,-0.023310502701239303,-0.13212406701182686
21032352,1789113541091000000,1507,HEAD_POSE_ESTIMATE,estimated,0.1815505359725268,5.951817441238893,8.351594260660791,-0.19225238946899972,-0.0239645999841216,-0.13913625324902912
21046352,1789113541105000000,1508,HEAD_POSE_ESTIMATE,estimated,0.14055522579823765,5.937336213053419,8.381632649121638,-0.17363850515094395,-0.026257633578133488,-0.1479345505127474
21059352,1789113541118000000,1509,HEAD_POSE_ESTIMATE,estimated,0.10619128059657379,5.916585068201879,8.405816515823725,-0.15213968429884536,-0.02959057972509149,-0.1540133109087909
21074352,1789113541133000000,1510,HEAD_POSE_ESTIMATE,estimated,0.06771351796843261,5.888015120818963,8.42220831548928,-0.12349550803208291,-0.03321656591725874,-0.16089187535944444
21088352,1789113541147000000,1511,HEAD_POSE_ESTIMATE,estimated,0.03118795002661362,5.880167940560485,8.424332026074786,-0.09527924573408592,-0.03538482190691201,-0.16327236290571207
21101352,1789113541160000000,1512,HEAD_POSE_ESTIMATE,estimated,0.0047684358206885324,5.867771169203865,8.419471842382697,-0.06967283949427727,-0.03597047996986358,-0.15932735415954066
21116352,1789113541175000000,1513,HEAD_POSE_ESTIMATE,estimated,-0.02718548955005118,5.851201467181575,8.41170098224957,-0.04509339158718605,-0.03377675641488568,-0.14876510375576182
21129352,1789113541188000000,1514,HEAD_POSE_ESTIMATE,estimated,-0.04797543745226879,5.828642995329517,8.3919385956043,-0.029529507350264533,-0.02969108860879878,-0.13520938391588153
21143352,1789113541202000000,1515,HEAD_POSE_ESTIMATE,estimated,-0.07659712922363399,5.832505731129475,8.360606670263152,-0.016344028688729157,-0.022926288377565947,-0.11742104796140183
21157352,1789113541216000000,1516,HEAD_POSE_ESTIMATE,estimated,-0.11215159511003292,5.8309283190287955,8.344616965552698,-0.0048160462615171986,-0.012491659841360324,-0.10021857891995574
21171352,1789113541230000000,1517,HEAD_POSE_ESTIMATE,estimated,-0.1535270552349713,5.830354352843366,8.332362522322368,0.004610146071932946,-0.002608961642530845,-0.08184647227632236
21185352,1789113541244000000,1518,HEAD_POSE_ESTIMATE,estimated,-0.20126541811035958,5.825579665508696,8.32855868725766,0.013531257063037481,0.008051015297944743,-0.06158489531219954
21200352,1789113541259000000,1519,HEAD_POSE_ESTIMATE,estimated,-0.26044524171156797,5.809030647329775,8.324676059856959,0.024208451467153246,0.016645600054481444,-0.04237396203356718
21213352,1789113541272000000,1520,HEAD_POSE_ESTIMATE,estimated,-0.30458954000106553,5.794214659175894,8.3089251770302,0.029002817900327067,0.022065979490620027,-0.022826366370311962
21227352,1789113541286000000,1521,HEAD_POSE_ESTIMATE,estimated,-0.3703822959408797,5.783212618421188,8.300388550799518,0.034224256569986365,0.026550283547990234,-0.0010862456366806056
21240352,1789113541299000000,1522,HEAD_POSE_ESTIMATE,estimated,-0.41897521780028835,5.785006286064494,8.277402108573085,0.03774175899848304,0.029024938346195944,0.02039806913096576
21254352,1789113541313000000,1523,HEAD_POSE_ESTIMATE,estimated,-0.47028179508636303,5.7720408362786,8.262928311688421,0.04204345328945258,0.027879569863959876,0.03938579010792712
21268352,1789113541327000000,1524,HEAD_POSE_ESTIMATE,estimated,-0.4988113549143369,5.760464435587924,8.240660180331242,0.04575909508099211,0.027741400287065277,0.059253781382766
21281352,1789113541340000000,1525,HEAD_POSE_ESTIMATE,estimated,-0.5168304507191288,5.750003746538789,8.216825088512259,0.050512840090870224,0.031322180920973094,0.0810283711358122
21295352,1789113541354000000,1526,HEAD_POSE_ESTIMATE,estimated,-0.5226658899901736,5.729893872017375,8.197975111448955,0.05723149562306918,0.036204180537665866,0.10285245948605068
21309352,1789113541368000000,1527,HEAD_POSE_ESTIMATE,estimated,-0.5157627350921266,5.723268241120097,8.174800211504438,0.06776378761706305,0.048284463786780675,0.12929619152578725
21325352,1789113541384000000,1528,HEAD_POSE_ESTIMATE,estimated,-0.4916389718889861,5.722542260060801,8.14337466456896,0.08487311946630158,0.07112597961905319,0.16493519530913123
21336352,1789113541395000000,1529,HEAD_POSE_ESTIMATE,estimated,-0.48138937870782783,5.720868591607989,8.136365979091732,0.10191990679424948,0.08894729345443736,0.19194038321133977
21350352,1789113541409000000,1530,HEAD_POSE_ESTIMATE,estimated,-0.4783107539033704,5.729002603388957,8.13394566185312,0.11736097503041715,0.11463067245885844,0.22381292001375208
21364352,1789113541423000000,1531,HEAD_POSE_ESTIMATE,estimated,-0.4762855519481674,5.761227403680194,8.116987435096128,0.13064262424233855,0.14732885192169293,0.25917859518221364
21378352,1789113541437000000,1532,HEAD_POSE_ESTIMATE,estimated,-0.44770011411775185,5.78032752988511,8.111818450704185,0.14085715097980925,0.17874416670515297,0.2954018725273407
21392352,1789113541451000000,1533,HEAD_POSE_ESTIMATE,estimated,-0.4428409276113855,5.797186997501375,8.111845674309743,0.14414944608999647,0.20893615845286095,0.3231930171708566
21406352,1789113541465000000,1534,HEAD_POSE_ESTIMATE,estimated,-0.3938301108492459,5.81560704196278,8.079328278374502,0.14478816038246164,0.24306028367379415,0.349199953037795
21420352,1789113541479000000,1535,HEAD_POSE_ESTIMATE,estimated,-0.4070690040849528,5.8191134754693845,8.063932010773362,0.13902131684878624,0.2709999957902956,0.3671809620686757
21435352,1789113541494000000,1536,HEAD_POSE_ESTIMATE,estimated,-0.44983541959219636,5.822152517486429,8.049976287164293,0.1316449777689768,0.2961790307609591,0.37705136106102766
21449352,1789113541508000000,1537,HEAD_POSE_ESTIMATE,estimated,-0.49267009933353173,5.827231948477099,8.019640580330805,0.1244195611235804,0.325318326048578,0.38965133633334453
21461352,1789113541520000000,1538,HEAD_POSE_ESTIMATE,estimated,-0.5103451233792016,5.84318316570298,7.970434470434487,0.11654587903024682,0.35245001316978375,0.40015355667184155
21475352,1789113541534000000,1539,HEAD_POSE_ESTIMATE,estimated,-0.5306943792269179,5.829404655508815,7.9434218011541615,0.1136946251557081,0.3811047372946449,0.41317475221703115
21491352,1789113541550000000,1540,HEAD_POSE_ESTIMATE,estimated,-0.5774660937989804,5.8066358977005486,7.897339744719745,0.10656644099228292,0.41288832008185167,0.43094662576482734
21503352,1789113541562000000,1541,HEAD_POSE_ESTIMATE,estimated,-0.584856379974617,5.799324940905383,7.830995912746458,0.09883467241066851,0.4469255470680193,0.45817138573904026
21521352,1789113541580000000,1542,HEAD_POSE_ESTIMATE,estimated,-0.5915140063976612,5.721268527749229,7.736361418248981,0.09076659999285606,0.4913052414565409,0.49823111776355655
21531352,1789113541590000000,1543,HEAD_POSE_ESTIMATE,estimated,-0.6012218166244784,5.665731691413564,7.6531088069563555,0.08623772837022659,0.5151367415642956,0.5225890749409885
21543352,1789113541602000000,1544,HEAD_POSE_ESTIMATE,estimated,-0.6250540147258716,5.594065577519343,7.558552773755209,0.07574844779617042,0.5526534806171391,0.5649348967574624
21558352,1789113541617000000,1545,HEAD_POSE_ESTIMATE,estimated,-0.627655666568858,5.5115626417134065,7.489563152006051,0.06163052486186263,0.6031102884880142,0.6262487850819398
21572352,1789113541631000000,1546,HEAD_POSE_ESTIMATE,estimated,-0.6092784966042506,5.458336965761544,7.438022185348045,0.039998447386156794,0.662588048172744,0.6983674070670858
21586352,1789113541645000000,1547,HEAD_POSE_ESTIMATE,estimated,-0.557736325962332,5.423985736811255,7.412731589647676,0.011110511518847684,0.7334697905073491,0.7814371416849251
21599352,1789113541658000000,1548,HEAD_POSE_ESTIMATE,estimated,-0.48507805908601975,5.39642500725296,7.406565688214104,-0.028784475840632703,0.8094252821846644,0.8571935086880367
21614352,1789113541673000000,1549,HEAD_POSE_ESTIMATE,estimated,-0.39747134019246,5.418878382976904,7.442680516536437,-0.07857457840625781,0.9030775143249355,0.9467687568234898
21628352,1789113541687000000,1550,HEAD_POSE_ESTIMATE,estimated,-0.3516290964635082,5.427698169903863,7.499558657299151,-0.13269688085042772,0.9674595750215302,1.000842609358592
21642352,1789113541701000000,1551,HEAD_POSE_ESTIMATE,estimated,-0.3529552153739588,5.487548850805194,7.607782234935749,-0.1853239259819645,1.0141824418840077,1.0150968674599794
21656352,1789113541715000000,1552,HEAD_POSE_ESTIMATE,estimated,-0.3044919272948869,5.619617177616595,7.690314476683391,-0.2514004055349778,1.0539144306539188,1.0076602259919505
21670352,1789113541729000000,1553,HEAD_POSE_ESTIMATE,estimated,-0.23258273112241543,5.746507511677851,7.768813307156713,-0.3067593438907598,1.0625492866808033,0.9552529398907488
21684352,1789113541743000000,1554,HEAD_POSE_ESTIMATE,estimated,-0.16072106400799038,5.882004159853137,7.8498414352126336,-0.3343223306487212,1.0423861634599532,0.871645251971327
21698352,1789113541757000000,1555,HEAD_POSE_ESTIMATE,estimated,-0.11120424194115189,5.946453711257762,7.9268671973931255,-0.339379600196144,1.009205479214842,0.7748631459423991
21712352,1789113541771000000,1556,HEAD_POSE_ESTIMATE,estimated,-0.050670196536394554,5.987340241946965,7.956932395102867,-0.30944360326113796,0.9516865429265144,0.6709409656581938
21728352,1789113541787000000,1557,HEAD_POSE_ESTIMATE,estimated,0.02547344731171139,5.97507551723396,7.966810715524063,-0.25104214218448384,0.8607068572998958,0.5599734520679556
21739352,1789113541798000000,1558,HEAD_POSE_ESTIMATE,estimated,0.04600983980663523,5.924827835576982,7.971014051640516,-0.19353315420639036,0.7964764204553553,0.5085887273175591
21753352,1789113541812000000,1559,HEAD_POSE_ESTIMATE,estimated,0.06223640359969804,5.861628505029674,7.9437195871834705,-0.12002841927610612,0.7181887276429562,0.4720324372125174
21767352,1789113541826000000,1560,HEAD_POSE_ESTIMATE,estimated,0.07641249671289246,5.834571254408162,7.889756280243012,-0.051323082097151425,0.6485358942070444,0.4604117720805773
21781352,1789113541840000000,1561,HEAD_POSE_ESTIMATE,estimated,0.09631545266988512,5.78817596160241,7.875644129864843,0.0007600352532769876,0.5928186950361826,0.46961699415282254
21795352,1789113541854000000,1562,HEAD_POSE_ESTIMATE,estimated,0.09116413268990159,5.719195369336943,7.854646995973117,0.039565311295513675,0.5437612266037473,0.4844055199595835
21809352,1789113541868000000,1563,HEAD_POSE_ESTIMATE,estimated,0.07916579774913368,5.660552185354142,7.835072521964407,0.05474547455791258,0.499812455744176,0.49464706935404
21823352,1789113541882000000,1564,HEAD_POSE_ESTIMATE,estimated,0.0656317709567878,5.596179505377387,7.83013743886866,0.04402541945094509,0.4625851993315477,0.5052904201989319
21837352,1789113541896000000,1565,HEAD_POSE_ESTIMATE,estimated,0.013632929505981328,5.569513665462582,7.843850832167311,0.00943056381073568,0.42819663282148784,0.4922436536100762
21851352,1789113541910000000,1566,HEAD_POSE_ESTIMATE,estimated,-0.08969007419646396,5.563662999534679,7.836943090225249,-0.027692056480478563,0.4100303387883494,0.48639199377276576
21865352,1789113541924000000,1567,HEAD_POSE_ESTIMATE,estimated,-0.1283732244642997,5.5634015318359085,7.835098366572085,-0.06414732919285271,0.39047058077685654,0.47435081917344657
21879352,1789113541938000000,1568,HEAD_POSE_ESTIMATE,estimated,-0.16692897028948936,5.593859804317721,7.842160274828124,-0.08051478072838261,0.36355073706733027,0.4514250160251413
21892352,1789113541951000000,1569,HEAD_POSE_ESTIMATE,estimated,-0.21774061756694854,5.59513765032031,7.850556725735559,-0.09617182820632873,0.3463625988361677,0.44266768751949
21906352,1789113541965000000,1570,HEAD_POSE_ESTIMATE,estimated,-0.2576481401162466,5.583633551954343,7.871332148380486,-0.11057125259475228,0.33275291712466376,0.44628125493899234
21919352,1789113541978000000,1571,HEAD_POSE_ESTIMATE,estimated,-0.29986248777398106,5.558085194740849,7.879365830913548,-0.1187321687132795,0.3180790949394919,0.46271392770348085
21934352,1789113541993000000,1572,HEAD_POSE_ESTIMATE,estimated,-0.2836520461122918,5.556325010762306,7.905884840041783,-0.13402890859655842,0.31295854422736397,0.4937818180186257
21948352,1789113542007000000,1573,HEAD_POSE_ESTIMATE,estimated,-0.29082257154457664,5.558589249410824,7.921920784859829,-0.14238044299782007,0.30732259176970433,0.5181228271604237
21962352,1789113542021000000,1574,HEAD_POSE_ESTIMATE,estimated,-0.336559844979586,5.561336101444475,7.925091471172552,-0.14537388184776145,0.3048750360735166,0.5366222197697489
21976352,1789113542035000000,1575,HEAD_POSE_ESTIMATE,estimated,-0.34408331299805167,5.581988137987731,7.929569434165793,-0.14830479334883878,0.3054767439630214,0.5545032885146164
21990352,1789113542049000000,1576,HEAD_POSE_ESTIMATE,estimated,-0.4040707691275233,5.578164141803833,7.924067989564621,-0.1452044953639748,0.3060239631812792,0.5609267999049462
22003352,1789113542062000000,1577,HEAD_POSE_ESTIMATE,estimated,-0.40095294280526345,5.573825139536131,7.926251226331084,-0.1380456261449708,0.3140231828829146,0.5681364945276726
22017352,1789113542076000000,1578,HEAD_POSE_ESTIMATE,estimated,-0.3646309162358308,5.551720928855586,7.92964049216886,-0.1277424045163605,0.31547235273737734,0.5631334689558986
22031352,1789113542090000000,1579,HEAD_POSE_ESTIMATE,estimated,-0.3570492837025938,5.5356709321974185,7.92068356271822,-0.11343321804315104,0.3175027815173407,0.5548180745606832
22048352,1789113542107000000,1580,HEAD_POSE_ESTIMATE,estimated,-0.30930043740795377,5.518210370294156,7.911845282938847,-0.09506140198319332,0.32215788713580973,0.5453605561183292
22060352,1789113542119000000,1581,HEAD_POSE_ESTIMATE,estimated,-0.2738635363638622,5.5104899989299,7.915920017133485,-0.08104682833878467,0.3267314514839548,0.5440500433232518
22072352,1789113542131000000,1582,HEAD_POSE_ESTIMATE,estimated,-0.22578745587895888,5.482735927270943,7.92996924528401,-0.07129744806256454,0.3343720738728623,0.5475895743798447
22088352,1789113542147000000,1583,HEAD_POSE_ESTIMATE,estimated,-0.1472734755647906,5.460633648861294,7.960360620289439,-0.06853448073450052,0.3451885496754694,0.5563054204214773
22098352,1789113542157000000,1584,HEAD_POSE_ESTIMATE,estimated,-0.10925375795679709,5.456026061586147,7.990547228262998,-0.07404789166663366,0.35449632985679136,0.5675551354406289
22113352,1789113542172000000,1585,HEAD_POSE_ESTIMATE,estimated,-0.049429837908479546,5.461469844839314,8.025510637169962,-0.08290718566809567,0.35957518924018794,0.5701633133243843
22129352,1789113542188000000,1586,HEAD_POSE_ESTIMATE,estimated,0.040386107992452236,5.47029037356495,8.075022644159356,-0.09592794554695731,0.35813123554290893,0.5639007647319502
22141352,1789113542200000000,1587,HEAD_POSE_ESTIMATE,estimated,0.09809849903111678,5.4685999517746575,8.108905798710548,-0.10613142819108397,0.3499414555303784,0.5504233195737839
22155352,1789113542214000000,1588,HEAD_POSE_ESTIMATE,estimated,0.16052131937911612,5.481638496724967,8.156471216344935,-0.11765570962904387,0.33611463807172776,0.5282048188700228
22169352,1789113542228000000,1589,HEAD_POSE_ESTIMATE,estimated,0.14941325335383993,5.504630029655998,8.187806393658498,-0.12372263818939327,0.32286175698139796,0.5122628143934372
22183352,1789113542242000000,1590,HEAD_POSE_ESTIMATE,estimated,0.1582268962035442,5.5246943424137545,8.217822858972733,-0.12205193475020498,0.3056779461969057,0.49580499694454583
22198352,1789113542257000000,1591,HEAD_POSE_ESTIMATE,estimated,0.19213592598757329,5.539446606253244,8.257132229760215,-0.10809728664145245,0.28405316256854746,0.47742641921932283
22212352,1789113542271000000,1592,HEAD_POSE_ESTIMATE,estimated,0.17606472143086388,5.53208622409098,8.267918673890353,-0.0903218094318604,0.26546964822940977,0.4684099721306371
22226352,1789113542285000000,1593,HEAD_POSE_ESTIMATE,estimated,0.22015671106024787,5.525282250036422,8.296454390707101,-0.0679223078214021,0.2403618960033876,0.45148630562875225
22241352,1789113542300000000,1594,HEAD_POSE_ESTIMATE,estimated,0.23264884322883375,5.5085794287339125,8.301647347970055,-0.04547593695334408,0.21652529793088146,0.4388952806002978
22254352,1789113542313000000,1595,HEAD_POSE_ESTIMATE,estimated,0.22481395113798242,5.499013021691806,8.294831154478882,-0.03137606947502978,0.20071503397336493,0.4289096669752941
22267352,1789113542326000000,1596,HEAD_POSE_ESTIMATE,estimated,0.24202860536634502,5.49562009479001,8.279806806924203,-0.01851272237838434,0.18281408398619434,0.4120645826637199
22282352,1789113542341000000,1597,HEAD_POSE_ESTIMATE,estimated,0.2672549373334495,5.4894089454499895,8.264536194559126,-0.007845868710672926,0.16120634476950485,0.38655805234679663
22296352,1789113542355000000,1598,HEAD_POSE_ESTIMATE,estimated,0.303314300449685,5.480399156152339,8.256885400106068,-0.001372419845752671,0.14271181686782206,0.36188040918551795
22310352,1789113542369000000,1599,HEAD_POSE_ESTIMATE,estimated,0.3007354355819664,5.472485818463865,8.23545099928002,0.0038134774650101276,0.12238321209439963,0.33025639805370544
22324352,1789113542383000000,1600,HEAD_POSE_ESTIMATE,estimated,0.295994872796717,5.459221701883125,8.20866648015325,0.00745142579682339,0.10105115354147833,0.2986363570897332
22338352,1789113542397000000,1601,HEAD_POSE_ESTIMATE,estimated,0.29541598340618225,5.442122260466753,8.187922747799098,0.011660500342580225,0.08600861025731328,0.27618889496347804
22352352,1789113542411000000,1602,HEAD_POSE_ESTIMATE,estimated,0.2920008179243436,5.42399692626549,8.155253421013049,0.01442766327506789,0.07231053872615048,0.25992833831456763
22366352,1789113542425000000,1603,HEAD_POSE_ESTIMATE,estimated,0.2833307540492663,5.41928967717075,8.111045971454068,0.016745590029263055,0.061679210704219625,0.2535304369126891
22379352,1789113542438000000,1604,HEAD_POSE_ESTIMATE,estimated,0.2720885715965859,5.424073068587643,8.073282169318084,0.021609358668135764,0.051206386410023855,0.25372136887680397
22393352,1789113542452000000,1605,HEAD_POSE_ESTIMATE,estimated,0.2742886471814233,5.416974706812584,8.032198339802063,0.023466087738163544,0.03968609514169141,0.2501176548837092
22410352,1789113542469000000,1606,HEAD_POSE_ESTIMATE,estimated,0.2529771057252318,5.406447559282144,7.9703355854547455,0.02373942269042249,0.02548093080244988,0.24029205172285198
22420352,1789113542479000000,1607,HEAD_POSE_ESTIMATE,estimated,0.253872504769327,5.392440755623223,7.948164517825679,0.019294568914885617,0.015932931877076475,0.22847186941084635
22435352,1789113542494000000,1608,HEAD_POSE_ESTIMATE,estimated,0.23736218408869325,5.370004018299146,7.934845348671212,0.012959996916782979,0.0053507891958167065,0.2130864674889572
22449352,1789113542508000000,1609,HEAD_POSE_ESTIMATE,estimated,0.22195239406940506,5.3488454489831785,7.938782716031601,0.004629528280162744,-0.0034604576893267442,0.19676034310950455
22462352,1789113542521000000,1610,HEAD_POSE_ESTIMATE,estimated,0.21232984332119265,5.3302463717128745,7.931810717851758,-0.006696761689071203,-0.008381386334779096,0.18206437148874974
22476352,1789113542535000000,1611,HEAD_POSE_ESTIMATE,estimated,0.18634034151600104,5.308633637873502,7.936129513399815,-0.015528502442786776,-0.015970572323485786,0.16321903311964303
22490352,1789113542549000000,1612,HEAD_POSE_ESTIMATE,estimated,0.15964787427605892,5.284473772682454,7.942710144338353,-0.028881062143078253,-0.019912520612211226,0.14820766272046468
22504352,1789113542563000000,1613,HEAD_POSE_ESTIMATE,estimated,0.14766860771062304,5.269682295553496,7.9584713705698835,-0.04630815992766861,-0.021192283682026802,0.13543944411519168
22517352,1789113542576000000,1614,HEAD_POSE_ESTIMATE,estimated,0.13335923516177695,5.251963784078179,7.981513250351387,-0.06819750841058382,-0.020505590349624486,0.12744725365720977
22532352,1789113542591000000,1615,HEAD_POSE_ESTIMATE,estimated,0.102440905993333,5.245290650542341,8.007580573790813,-0.09807909660891118,-0.014960647012685709,0.1304226763910246
22546352,1789113542605000000,1616,HEAD_POSE_ESTIMATE,estimated,0.07650905260024583,5.2261486989204435,8.051634042141092,-0.13029566880587942,-0.006672761920988271,0.13718388390790662
22560352,1789113542619000000,1617,HEAD_POSE_ESTIMATE,estimated,0.05183208308472937,5.227940392393304,8.097742089731467,-0.17079015725108193,0.003002379155143609,0.15398474691187347
22574352,1789113542633000000,1618,HEAD_POSE_ESTIMATE,estimated,0.04954068800287492,5.250068940759022,8.173812013793976,-0.21729830428484212,0.012920338573508699,0.17970639487997547
22588352,1789113542647000000,1619,HEAD_POSE_ESTIMATE,estimated,0.013764800106965958,5.258958823829021,8.230467265278609,-0.2492894246529003,0.02227547953658646,0.19752870939363013
22602352,1789113542661000000,1620,HEAD_POSE_ESTIMATE,estimated,-0.015657559174377306,5.284374837432178,8.276665636977427,-0.27324524147054036,0.035135012520934164,0.2146076595951406
22616352,1789113542675000000,1621,HEAD_POSE_ESTIMATE,estimated,-0.009968623723802805,5.294921651016923,8.33129480639529,-0.29045361198223024,0.048525353134613196,0.23350046506774833
22630352,1789113542689000000,1622,HEAD_POSE_ESTIMATE,estimated,0.006522166057733772,5.30297422939044,8.378748110881068,-0.29314172746929695,0.06588697436168144,0.24876526401275734
22645352,1789113542704000000,1623,HEAD_POSE_ESTIMATE,estimated,0.05992319666470301,5.297378329739634,8.44205370600551,-0.2774285233882531,0.08938765235864345,0.2614719089873755
22656352,1789113542715000000,1624,HEAD_POSE_ESTIMATE,estimated,0.09919830836453811,5.287934943664741,8.498681697799585,-0.25793418123611545,0.10871731939917997,0.2683634966474509
22671352,1789113542730000000,1625,HEAD_POSE_ESTIMATE,estimated,0.14469009080576953,5.282349560054826,8.529156437808775,-0.2242615218145907,0.13088702748058448,0.26871373918729174
22689352,1789113542748000000,1626,HEAD_POSE_ESTIMATE,estimated,0.1992306463105589,5.284153132789689,8.537712123730302,-0.17672742127206426,0.15561571440615019,0.2622362777866089
22698352,1789113542757000000,1627,HEAD_POSE_ESTIMATE,estimated,0.2124378040664591,5.2643034292556,8.565206573795972,-0.14875454539254523,0.1700680765544208,0.25546518369744986
22712352,1789113542771000000,1628,HEAD_POSE_ESTIMATE,estimated,0.25479411540880204,5.246581878236875,8.565526974137137,-0.11581860421433592,0.18517141426173553,0.24319691744588
22726352,1789113542785000000,1629,HEAD_POSE_ESTIMATE,estimated,0.2829752259647528,5.2462544608808805,8.542775437736003,-0.09294921714676556,0.1963699649018394,0.23032512538580743
22739352,1789113542798000000,1630,HEAD_POSE_ESTIMATE,estimated,0.31322623081321677,5.230095207306339,8.518045975669825,-0.0787064052782891,0.199497044981354,0.2181430458077317
22754352,1789113542813000000,1631,HEAD_POSE_ESTIMATE,estimated,0.32417389315495054,5.196890572628273,8.493131635746357,-0.07300217248918396,0.1986361043519827,0.20742103377717294
22769352,1789113542828000000,1632,HEAD_POSE_ESTIMATE,estimated,0.3063029111120462,5.169078024237238,8.45122339844525,-0.06947020265586336,0.19076543732868484,0.19811144496186622
22781352,1789113542840000000,1633,HEAD_POSE_ESTIMATE,estimated,0.3196084487621218,5.143740278206263,8.432645120186768,-0.06728995417537431,0.17759431380127497,0.18839137974745498
22796352,1789113542855000000,1634,HEAD_POSE_ESTIMATE,estimated,0.3135487286228358,5.116046422651563,8.438866049052017,-0.059022951852435036,0.16374196116345813,0.17967901330548802
22810352,1789113542869000000,1635,HEAD_POSE_ESTIMATE,estimated,0.28045584727343964,5.0957899564975,8.399003407598352,-0.057534181771286774,0.1533942401818804,0.18065063585437435
22823352,1789113542882000000,1636,HEAD_POSE_ESTIMATE,estimated,0.28592045020416434,5.084526927239879,8.384369471090656,-0.05784564096507064,0.14132979974210969,0.18198320142435986
22837352,1789113542896000000,1637,HEAD_POSE_ESTIMATE,estimated,0.29283198108365943,5.063187894306365,8.397797926726506,-0.0562890769241658,0.13381409861246688,0.1854450331615608
22851352,1789113542910000000,1638,HEAD_POSE_ESTIMATE,estimated,0.2891558804444461,5.043417137085197,8.404852390883885,-0.05994055306979846,0.12568968968938682,0.18920758289911782
22864352,1789113542923000000,1639,HEAD_POSE_ESTIMATE,estimated,0.29789901408504443,5.031276577224822,8.409142385607444,-0.06571512877001427,0.11824636939375131,0.1916493561718972
22879352,1789113542938000000,1640,HEAD_POSE_ESTIMATE,estimated,0.2834377890178659,5.019750708513184,8.424093721539037,-0.07245955102804234,0.11355691414248137,0.19281704926868037
22893352,1789113542952000000,1641,HEAD_POSE_ESTIMATE,estimated,0.25827301082780607,5.0106931888675525,8.429242948269986,-0.0822954154610172,0.11219840535154653,0.19419873191404177
22907352,1789113542966000000,1642,HEAD_POSE_ESTIMATE,estimated,0.24526168838378498,5.001870426394142,8.463327211833487,-0.09135851797250091,0.11108826897270824,0.19265013454564306
22920352,1789113542979000000,1643,HEAD_POSE_ESTIMATE,estimated,0.2280965780720962,4.995480878829361,8.486885476388911,-0.09794815648711001,0.11058637488518777,0.1876779937267179
22935352,1789113542994000000,1644,HEAD_POSE_ESTIMATE,estimated,0.21868996746295183,5.007117587798944,8.505285004663968,-0.10167778614995222,0.11206961254290308,0.1795312219564162
22949352,1789113543008000000,1645,HEAD_POSE_ESTIMATE,estimated,0.21005440835500333,5.022341550266733,8.511955198469266,-0.10229785759510873,0.11083668006302667,0.16712823662596976
22963352,1789113543022000000,1646,HEAD_POSE_ESTIMATE,estimated,0.18974810187156788,5.031802549888792,8.502548278522546,-0.10246882424297502,0.10853129207532729,0.15328079572887537
22977352,1789113543036000000,1647,HEAD_POSE_ESTIMATE,estimated,0.17071091581258252,5.037779053516352,8.489093985655101,-0.1021867586246914,0.10343250975171557,0.14256521732524868
22991352,1789113543050000000,1648,HEAD_POSE_ESTIMATE,estimated,0.1671207480573118,5.040757449962356,8.483540360891723,-0.10776851735851582,0.0974615962694164,0.13407131700632285
23005352,1789113543064000000,1649,HEAD_POSE_ESTIMATE,estimated,0.16708464408862767,5.035790294686362,8.480245416316166,-0.1100590327367517,0.09151091135393323,0.13103264634279851
23019352,1789113543078000000,1650,HEAD_POSE_ESTIMATE,estimated,0.1662991476854167,5.022134234169378,8.49455153321314,-0.1085131383446061,0.08455516608816946,0.13232863147560361
23033352,1789113543092000000,1651,HEAD_POSE_ESTIMATE,estimated,0.16556261544486406,5.002949462117831,8.519389115531391,-0.09844074264756414,0.07971362062205309,0.1365405735286391
23049352,1789113543108000000,1652,HEAD_POSE_ESTIMATE,estimated,0.17726377309492114,4.9692506421472,8.55965898254813,-0.08159464997774397,0.07483578852444253,0.14347662798537458
23062352,1789113543121000000,1653,HEAD_POSE_ESTIMATE,estimated,0.18194603787670977,4.9350402491526975,8.593402961590662,-0.0669505940631355,0.06910054407986416,0.1500556945383772
23073352,1789113543132000000,1654,HEAD_POSE_ESTIMATE,estimated,0.18683297441525976,4.9180174328352795,8.598990710029632,-0.05410903152120238,0.06559303955512887,0.15474981144869226
23087352,1789113543146000000,1655,HEAD_POSE_ESTIMATE,estimated,0.19383183695628464,4.9000875368502905,8.605769373834303,-0.04462756693539339,0.05903236290827231,0.15936633251896387
23102352,1789113543161000000,1656,HEAD_POSE_ESTIMATE,estimated,0.20244160126219812,4.907381364643825,8.603704925955398,-0.040474651309842714,0.051298436169812694,0.1630537685058614
23116352,1789113543175000000,1657,HEAD_POSE_ESTIMATE,estimated,0.21238363401390756,4.899492844642652,8.606713662125168,-0.04461611887675377,0.042945324111766624,0.16628055505339498
23130352,1789113543189000000,1658,HEAD_POSE_ESTIMATE,estimated,0.21655836338759482,4.889567203966803,8.617997347236876,-0.05214597339331028,0.0345887355247947,0.168231845360651
23144352,1789113543203000000,1659,HEAD_POSE_ESTIMATE,estimated,0.2343580701675063,4.870702463994542,8.625921146510429,-0.06141386199919601,0.02567358784740606,0.1711273866695044
23159352,1789113543218000000,1660,HEAD_POSE_ESTIMATE,estimated,0.24834626299350646,4.866551920632425,8.653205050599528,-0.0704528311605811,0.016436667220148523,0.17343431621439112
23172352,1789113543231000000,1661,HEAD_POSE_ESTIMATE,estimated,0.24877927999953325,4.867561495687146,8.653513023157082,-0.0752988849728669,0.01143036929569587,0.17780456343743078
23185352,1789113543244000000,1662,HEAD_POSE_ESTIMATE,estimated,0.2625924959887512,4.8681710021694915,8.653641179531055,-0.0751272105857864,0.007058507250607034,0.18052348492433698
23199352,1789113543258000000,1663,HEAD_POSE_ESTIMATE,estimated,0.28301359554156735,4.870028346584196,8.659119329134597,-0.07266758513896912,0.004421701624161056,0.17932890551456876
23213352,1789113543272000000,1664,HEAD_POSE_ESTIMATE,estimated,0.30207799112258565,4.861608187017334,8.662611838345681,-0.06248673278663612,0.0031824226107137607,0.1753897218149417
23227352,1789113543286000000,1665,HEAD_POSE_ESTIMATE,estimated,0.31623527284991576,4.857385010686433,8.663743081843608,-0.05399490562162912,0.0017265538377040414,0.16817295682081887
23240352,1789113543299000000,1666,HEAD_POSE_ESTIMATE,estimated,0.3291439031927289,4.847792270106401,8.675056340088219,-0.046325869266998804,-7.553714080102539e-05,0.15868682068571732
23255352,1789113543314000000,1667,HEAD_POSE_ESTIMATE,estimated,0.333913626366723,4.839660776870724,8.708976798850523,-0.04090503620749345,-0.0034331410547028354,0.14675685717512896
23268352,1789113543327000000,1668,HEAD_POSE_ESTIMATE,estimated,0.34048001668096894,4.830639984686128,8.735287203544885,-0.036887208080391753,-0.0056402518975033015,0.13725831405087857
23282352,1789113543341000000,1669,HEAD_POSE_ESTIMATE,estimated,0.3489847930032819,4.818938840540765,8.746550370075136,-0.03211627848059343,-0.005993347289120909,0.1312037471265892
23296352,1789113543355000000,1670,HEAD_POSE_ESTIMATE,estimated,0.34627457118930105,4.810124829693351,8.766387699885534,-0.027931025183963128,-0.007490846689426483,0.1310724271132547
23310352,1789113543369000000,1671,HEAD_POSE_ESTIMATE,estimated,0.3528430961657528,4.802085842822834,8.775866019937792,-0.02139626067531891,-0.006679574420226738,0.13011632059922834
23324352,1789113543383000000,1672,HEAD_POSE_ESTIMATE,estimated,0.357314530161314,4.788613691826494,8.779969856146208,-0.013666806949017387,-0.004844272952397145,0.12672745431494534
23338352,1789113543397000000,1673,HEAD_POSE_ESTIMATE,estimated,0.3605324650971253,4.775094173503274,8.785890107014907,-0.004104910312239143,-0.001645522268990015,0.12297404984650948
23352352,1789113543411000000,1674,HEAD_POSE_ESTIMATE,estimated,0.36261361607979714,4.762018859201565,8.796595869554368,0.0013300954012989109,0.0016902559486779514,0.11554195935939325
23365352,1789113543424000000,1675,HEAD_POSE_ESTIMATE,estimated,0.37514020491430966,4.757763207693394,8.808375377066739,0.002992058601653765,0.005108252584616764,0.10615215740160035
23379352,1789113543438000000,1676,HEAD_POSE_ESTIMATE,estimated,0.37796746746063886,4.768875905557969,8.825419947392263,-0.0013101001053806172,0.0077726543360960975,0.09584361346754444
23393352,1789113543452000000,1677,HEAD_POSE_ESTIMATE,estimated,0.3829399323688347,4.78161650622248,8.830247858057286,-0.0020544632300876454,0.009383224420001774,0.08331003117064589
23408352,1789113543467000000,1678,HEAD_POSE_ESTIMATE,estimated,0.3822784162992759,4.790636935196813,8.835760103100991,0.0012471859279292368,0.010819532171303041,0.06785111188887644
23422352,1789113543481000000,1679,HEAD_POSE_ESTIMATE,estimated,0.38764264142372407,4.790207806855974,8.829762862029082,0.011733605886448733,0.009743307616419634,0.05299065909997783
23434352,1789113543493000000,1680,HEAD_POSE_ESTIMATE,estimated,0.3982392714226821,4.784733387873618,8.828758024476679,0.024085983991098896,0.008246770867718148,0.04098895321437293
23450352,1789113543509000000,1681,HEAD_POSE_ESTIMATE,estimated,0.4079651670023183,4.778672900665553,8.828975130915907,0.04116216388665395,0.008419868079990674,0.031666328348018385
23461352,1789113543520000000,1682,HEAD_POSE_ESTIMATE,estimated,0.42083922538472474,4.77622906196707,8.81851863397704,0.05520038363120206,0.008491688228269676,0.029108764421468866
23475352,1789113543534000000,1683,HEAD_POSE_ESTIMATE,estimated,0.42363118484569207,4.783088537469151,8.809912477413137,0.06683224034545267,0.008626370942482153,0.030829266125445443
23491352,1789113543550000000,1684,HEAD_POSE_ESTIMATE,estimated,0.431684056509043,4.8081270759551975,8.783003168776618,0.0777122747613634,0.008396311622812798,0.03111008936966564
23503352,1789113543562000000,1685,HEAD_POSE_ESTIMATE,estimated,0.44339252963165154,4.824019546716267,8.759788081163911,0.08476832137692006,0.008360098919262144,0.03002216246050984
23516352,1789113543575000000,1686,HEAD_POSE_ESTIMATE,estimated,0.4610194692149436,4.83740815242497,8.760473250593632,0.09130596636745864,0.00917847327595185,0.02293160330261627
23531352,1789113543590000000,1687,HEAD_POSE_ESTIMATE,estimated,0.49573459613078685,4.8485549760761515,8.761102407750505,0.09630162542693868,0.010486933177695229,0.016379451012468446
23544352,1789113543603000000,1688,HEAD_POSE_ESTIMATE,estimated,0.5346918241572307,4.855107336402029,8.763157864486054,0.09918312243090234,0.011649814332600846,0.010206816037143423
23557352,1789113543616000000,1689,HEAD_POSE_ESTIMATE,estimated,0.5732049052494017,4.86493744306114,8.78156403963998,0.10213395962615661,0.014975970272549842,0.007481653012438033
23572352,1789113543631000000,1690,HEAD_POSE_ESTIMATE,estimated,0.6185781272388602,4.869843118452684,8.806063153184793,0.10682054354441814,0.01536818077945323,0.0023328412799702926
23585352,1789113543644000000,1691,HEAD_POSE_ESTIMATE,estimated,0.6555732508519412,4.897065874616552,8.821516007324528,0.1112689552903292,0.015274527813348487,-0.0035452189055926323
23600352,1789113543659000000,1692,HEAD_POSE_ESTIMATE,estimated,0.6919076458837707,4.920406898846924,8.839657647491538,0.11568649991506243,0.008496326458801034,-0.021257164696330568
23614352,1789113543673000000,1693,HEAD_POSE_ESTIMATE,estimated,0.7019084974534975,4.9492008627507325,8.835828155902021,0.11202913249003671,0.0020390044633947107,-0.039057054487978644
23629352,1789113543688000000,1694,HEAD_POSE_ESTIMATE,estimated,0.7356752068293578,4.97405279210711,8.859621890840813,0.10389044628152458,-0.009101366315496892,-0.058819766758902874
23641352,1789113543700000000,1695,HEAD_POSE_ESTIMATE,estimated,0.7734306759601058,4.997041477309003,8.886453225053769,0.09259429236946284,-0.022508230857508065,-0.07894727827377307
23655352,1789113543714000000,1696,HEAD_POSE_ESTIMATE,estimated,0.7873919352164582,5.021907606284897,8.902936398257047,0.07527039247852439,-0.04244724671679876,-0.10792767983699955
23669352,1789113543728000000,1697,HEAD_POSE_ESTIMATE,estimated,0.7866236136769698,5.051103465808527,8.905620855619834,0.06167648903869926,-0.06755220890444019,-0.14099463644316582
23683352,1789113543742000000,1698,HEAD_POSE_ESTIMATE,estimated,0.7735665087791843,5.07964342316019,8.889485023635292,0.05799343199843406,-0.09759461742494463,-0.17810648219496575
23696352,1789113543755000000,1699,HEAD_POSE_ESTIMATE,estimated,0.7309322957195441,5.094933933585547,8.846196221022664,0.06417459214600667,-0.12818442992557513,-0.21608959535696737
23711352,1789113543770000000,1700,HEAD_POSE_ESTIMATE,estimated,0.7029938096023896,5.105471117808897,8.811109583943512,0.07924288443593057,-0.1582235096352603,-0.24834882507287928
23729352,1789113543788000000,1701,HEAD_POSE_ESTIMATE,estimated,0.6718769372061929,5.093464845232798,8.768916413828453,0.11120713143825119,-0.18783068663531377,-0.2758698684303161
23740352,1789113543799000000,1702,HEAD_POSE_ESTIMATE,estimated,0.6551985787093713,5.088298336350397,8.743758235004488,0.14176164558285093,-0.20449991887357133,-0.28476387849438894
23752352,1789113543811000000,1703,HEAD_POSE_ESTIMATE,estimated,0.6329606978466433,5.071056084462431,8.721948466103958,0.17698962095349996,-0.21641041559135135,-0.28932422162337607
23767352,1789113543826000000,1704,HEAD_POSE_ESTIMATE,estimated,0.6017467929443185,5.066312080393203,8.68248881929612,0.21356685822972798,-0.22573030313366013,-0.2873872728093948
23780352,1789113543839000000,1705,HEAD_POSE_ESTIMATE,estimated,0.5689872896576853,5.067289198037075,8.651452219619529,0.23759760758091264,-0.22889043461525496,-0.28431545741743847
23794352,1789113543853000000,1706,HEAD_POSE_ESTIMATE,estimated,0.518084636109365,5.0644908190526845,8.605403802493184,0.2525992407816182,-0.22813703119686785,-0.27526513993788315
23810352,1789113543869000000,1707,HEAD_POSE_ESTIMATE,estimated,0.4796352865018135,5.090119436252142,8.568163045494137,0.2566331214782128,-0.22275905687159692,-0.2671894050320132
23822352,1789113543881000000,1708,HEAD_POSE_ESTIMATE,estimated,0.4546253697282501,5.103657899413906,8.538748723798319,0.25026246077731634,-0.2116246200282629,-0.25632607787591627
23836352,1789113543895000000,1709,HEAD_POSE_ESTIMATE,estimated,0.4281839917571882,5.130210908594316,8.518097023698804,0.2352256480112026,-0.20323689190288294,-0.2556958813682481
23850352,1789113543909000000,1710,HEAD_POSE_ESTIMATE,estimated,0.4395205129055965,5.166534328055215,8.533551740895843,0.22029262033605104,-0.19492506823374206,-0.2634375121451751
23864352,1789113543923000000,1711,HEAD_POSE_ESTIMATE,estimated,0.44350420613221536,5.200705226574138,8.526383990024229,0.20575602362272266,-0.18442115788632543,-0.2712346277509497
23878352,1789113543937000000,1712,HEAD_POSE_ESTIMATE,estimated,0.4336491903145973,5.235158528587236,8.52138936635655,0.19309145346813666,-0.17433303583317786,-0.2788053265388683
23892352,1789113543951000000,1713,HEAD_POSE_ESTIMATE,estimated,0.44340544444580565,5.271155003885661,8.529105751390397,0.1872693842328948,-0.16265570038196817,-0.28437962231224334
23908352,1789113543967000000,1714,HEAD_POSE_ESTIMATE,estimated,0.4249065804545398,5.295160574521132,8.500963921049186,0.1891817532131234,-0.1503587993213856,-0.2902256591534357
23920352,1789113543979000000,1715,HEAD_POSE_ESTIMATE,estimated,0.4108524952791614,5.319304803254509,8.4728055673099,0.20032342059025818,-0.1395856899614228,-0.29093725172536467
23933352,1789113543992000000,1716,HEAD_POSE_ESTIMATE,estimated,0.42904158103427315,5.354677546873823,8.462020303501127,0.21197688903717682,-0.13379732954856022,-0.2928220068863295
23947352,1789113544006000000,1717,HEAD_POSE_ESTIMATE,estimated,0.43422371635899343,5.383770953852406,8.425638880898841,0.22548058188957656,-0.13128826956783116,-0.2935167019945803
23961352,1789113544020000000,1718,HEAD_POSE_ESTIMATE,estimated,0.4398338959991773,5.419344133311594,8.381748847083127,0.23894083439812008,-0.13182230366530073,-0.29468168147503104
23975352,1789113544034000000,1719,HEAD_POSE_ESTIMATE,estimated,0.4093694952775969,5.437023839977743,8.30537963571239,0.25262442676571584,-0.13846613848761471,-0.30220184817803997
23989352,1789113544048000000,1720,HEAD_POSE_ESTIMATE,estimated,0.418653868915529,5.474464315788581,8.265805039134912,0.2593408516592664,-0.14163679432637477,-0.3010072563639912
24002352,1789113544061000000,1721,HEAD_POSE_ESTIMATE,estimated,0.43570651574822084,5.496274265811266,8.228897396622951,0.2638881776494726,-0.14792560346685077,-0.2994185473599959
24017352,1789113544076000000,1722,HEAD_POSE_ESTIMATE,estimated,0.45494547391658424,5.508680969410089,8.215463100400656,0.26627467202760463,-0.15226487137315176,-0.2957260037020663
24031352,1789113544090000000,1723,HEAD_POSE_ESTIMATE,estimated,0.4837121540735214,5.517987765886372,8.19443321675642,0.2684553702182704,-0.16126125624053592,-0.2932776679725024
24044352,1789113544103000000,1724,HEAD_POSE_ESTIMATE,estimated,0.4971099768934264,5.53255227744846,8.15006647730764,0.2676197080193356,-0.17004875241290698,-0.28838630947303107
24058352,1789113544117000000,1725,HEAD_POSE_ESTIMATE,estimated,0.4757069459781439,5.5622217224576085,8.068266660102676,0.2647498097787203,-0.17781059968253926,-0.2806358003488517
24072352,1789113544131000000,1726,HEAD_POSE_ESTIMATE,estimated,0.49711994892867006,5.591447972958321,8.021226668637613,0.2596491233697974,-0.1835165852992467,-0.274972756129994
24091352,1789113544150000000,1727,HEAD_POSE_ESTIMATE,estimated,0.5212458879054093,5.615475084596797,7.967054040300243,0.2541872267073603,-0.19287309240387873,-0.2799657723678551
24100352,1789113544159000000,1728,HEAD_POSE_ESTIMATE,estimated,0.5402104129544221,5.637715630796391,7.941927333979143,0.2543645430215318,-0.19913973216984698,-0.28996094281323176
24113352,1789113544172000000,1729,HEAD_POSE_ESTIMATE,estimated,0.5426315006317555,5.661640302215013,7.913454383820629,0.2517335045447161,-0.20814676877130078,-0.30745232132984796
24126352,1789113544185000000,1730,HEAD_POSE_ESTIMATE,estimated,0.5342440877045456,5.689098995936418,7.869060953076293,0.24750902744701003,-0.2171830316621765,-0.3275891532918299
24141352,1789113544200000000,1731,HEAD_POSE_ESTIMATE,estimated,0.5362571406668645,5.735663574874865,7.834655333041919,0.24633535053834002,-0.2308253729357848,-0.354086377140958
24155352,1789113544214000000,1732,HEAD_POSE_ESTIMATE,estimated,0.5295815214067505,5.7863898849777335,7.813063864379897,0.2459825236726489,-0.24051394970285533,-0.37657447353440104
24172352,1789113544231000000,1733,HEAD_POSE_ESTIMATE,estimated,0.5157218317269914,5.8350816719911665,7.781416962344406,0.24597982177343775,-0.2506073215097633,-0.3967407988408023
24183352,1789113544242000000,1734,HEAD_POSE_ESTIMATE,estimated,0.5095780261256333,5.873153432702447,7.742238599564736,0.24701599756708859,-0.2580475692560776,-0.40486637214125276
24197352,1789113544256000000,1735,HEAD_POSE_ESTIMATE,estimated,0.5054010887818675,5.904438148384616,7.705466635835836,0.2489926991052532,-0.2642703152710932,-0.404436055716913
24211352,1789113544270000000,1736,HEAD_POSE_ESTIMATE,estimated,0.5348925685549863,5.942917956293099,7.697161051500862,0.25275579260886333,-0.27572032899115606,-0.40650812034636935
24225352,1789113544284000000,1737,HEAD_POSE_ESTIMATE,estimated,0.5885471193590996,5.983912614673099,7.7102061145426,0.26139010062591356,-0.29035165987649086,-0.406924312705403
24239352,1789113544298000000,1738,HEAD_POSE_ESTIMATE,estimated,0.5992625696098972,6.0130624992354,7.69426899369897,0.2637425048090737,-0.3043488929751648,-0.40386655707594515
24253352,1789113544312000000,1739,HEAD_POSE_ESTIMATE,estimated,0.5986031911740607,6.036730472272621,7.6453222923107,0.26536811958453665,-0.3173642719574273,-0.4013671996581806
24267352,1789113544326000000,1740,HEAD_POSE_ESTIMATE,estimated,0.6093330750842536,6.064874944807981,7.589597386190694,0.26753633492751744,-0.33309014634331996,-0.4076449861722156
24281352,1789113544340000000,1741,HEAD_POSE_ESTIMATE,estimated,0.6107279473688407,6.100973592110252,7.521874298046763,0.26879575453443927,-0.34857073471813704,-0.42023284882931083
24295352,1789113544354000000,1742,HEAD_POSE_ESTIMATE,estimated,0.6508104677443733,6.118740964745514,7.48531560805284,0.2736504398584226,-0.367096389312255,-0.44126884514184433
24309352,1789113544368000000,1743,HEAD_POSE_ESTIMATE,estimated,0.660458214658504,6.124822345352923,7.42535494891428,0.2799130111573231,-0.38380454319046,-0.4613106882526353
24323352,1789113544382000000,1744,HEAD_POSE_ESTIMATE,estimated,0.6638254661976771,6.130354470874247,7.374065933256956,0.28625250998738666,-0.4014366052352121,-0.48301969627310504
24337352,1789113544396000000,1745,HEAD_POSE_ESTIMATE,estimated,0.6605529082681696,6.143619821406669,7.343576901913914,0.29560131830539005,-0.4166879251644414,-0.5014806037426794
24351352,1789113544410000000,1746,HEAD_POSE_ESTIMATE,estimated,0.629703417224338,6.154565838991259,7.3012748227150714,0.30214741157293135,-0.4347751665156299,-0.5243709262353802
24365352,1789113544424000000,1747,HEAD_POSE_ESTIMATE,estimated,0.5965625546949478,6.167560697710801,7.267245276604989,0.3026037004486357,-0.45300096865492,-0.5453611867509759
24379352,1789113544438000000,1748,HEAD_POSE_ESTIMATE,estimated,0.5567937725666599,6.199663786789224,7.2537366275538,0.29684136633649083,-0.470961733450321,-0.5620854156091789
24393352,1789113544452000000,1749,HEAD_POSE_ESTIMATE,estimated,0.5250269581561391,6.233687184181032,7.223330954810285,0.2838566871623488,-0.4898293791020825,-0.5774498470683692
24407352,1789113544466000000,1750,HEAD_POSE_ESTIMATE,estimated,0.49251147739331225,6.2714002876736945,7.196326538629383,0.264592724944531,-0.5068636806488378,-0.5920341667781137
24421352,1789113544480000000,1751,HEAD_POSE_ESTIMATE,estimated,0.45641017336652434,6.3067240899232955,7.177521050437215,0.2437595253336988,-0.5262993886181727,-0.6053941661645695
24435352,1789113544494000000,1752,HEAD_POSE_ESTIMATE,estimated,0.4265235280841051,6.349051437356567,7.159495031473505,0.22345444576729984,-0.5395221092570591,-0.6156021683952015
24448352,1789113544507000000,1753,HEAD_POSE_ESTIMATE,estimated,0.39404258799196434,6.3729227564654,7.151287171332111,0.2086928890221836,-0.5518195483529048,-0.6247578928060759
24463352,1789113544522000000,1754,HEAD_POSE_ESTIMATE,estimated,0.3489789136242706,6.396529370351932,7.131830480520456,0.1997839958052867,-0.5674856769811881,-0.6342625541657492
24477352,1789113544536000000,1755,HEAD_POSE_ESTIMATE,estimated,0.28406146624446305,6.403647777367006,7.10667823685487,0.1989924362190942,-0.5800150249264725,-0.6380030473656746
24491352,1789113544550000000,1756,HEAD_POSE_ESTIMATE,estimated,0.2266416033745004,6.415401028309999,7.072686651517624,0.20275438295991927,-0.5888902920006345,-0.6349295546741651
24505352,1789113544564000000,1757,HEAD_POSE_ESTIMATE,estimated,0.17560531363631326,6.436027464878824,7.031399652752262,0.2116066757436072,-0.5967141752712157,-0.6280778787244939
24519352,1789113544578000000,1758,HEAD_POSE_ESTIMATE,estimated,0.13699509810690794,6.459038177254076,6.9882021662257,0.22256930818800152,-0.6010848618390581,-0.6193445310359501
24533352,1789113544592000000,1759,HEAD_POSE_ESTIMATE,estimated,0.10049748366483063,6.478915400457307,6.951388986418951,0.2294195339818467,-0.6055160041406831,-0.6121353161562155
24546352,1789113544605000000,1760,HEAD_POSE_ESTIMATE,estimated,0.09607475370233506,6.491778804775762,6.9308677289110445,0.2317761779539631,-0.6070610670525061,-0.6063526022435624
24560352,1789113544619000000,1761,HEAD_POSE_ESTIMATE,estimated,0.0684043169225097,6.498528804402117,6.9197633501783,0.22384473075892802,-0.6148148803287311,-0.6030833377722823
24574352,1789113544633000000,1762,HEAD_POSE_ESTIMATE,estimated,0.05727118539904405,6.5105420726151095,6.913130197743917,0.21065747203064467,-0.6163738018972453,-0.5919810255096525
24589352,1789113544648000000,1763,HEAD_POSE_ESTIMATE,estimated,0.08545010156145785,6.5480833849562385,6.912431042257203,0.19150297989228876,-0.6190409102711676,-0.5764698559273913
24603352,1789113544662000000,1764,HEAD_POSE_ESTIMATE,estimated,0.11093412359768626,6.605803128972897,6.900798175682396,0.172868068897777,-0.623459512108588,-0.5598878409175728
24617352,1789113544676000000,1765,HEAD_POSE_ESTIMATE,estimated,0.09972891075879137,6.64226416439635,6.887036896688716,0.15765158720960912,-0.631882946655259,-0.5431730528501703
24631352,1789113544690000000,1766,HEAD_POSE_ESTIMATE,estimated,0.13565203319824945,6.6831081791978235,6.875940154844039,0.14681320578550675,-0.6321522204698246,-0.5222713127088118
24645352,1789113544704000000,1767,HEAD_POSE_ESTIMATE,estimated,0.16777505812273366,6.7183999560779615,6.862260960798471,0.14119078669050208,-0.6302081126138097,-0.5039036023244279
24658352,1789113544717000000,1768,HEAD_POSE_ESTIMATE,estimated,0.2012092595742711,6.7467261647439285,6.856292632393345,0.1426696008812793,-0.6298179403818421,-0.4886952821246372
24673352,1789113544732000000,1769,HEAD_POSE_ESTIMATE,estimated,0.22589464038669377,6.775867079955761,6.841720955652435,0.1427668333264836,-0.6197140830510183,-0.47211420254986414
24686352,1789113544745000000,1770,HEAD_POSE_ESTIMATE,estimated,0.22539153633168768,6.795074817361973,6.822995074660174,0.14358260355303853,-0.6087489950815376,-0.462834947028373
24699352,1789113544758000000,1771,HEAD_POSE_ESTIMATE,estimated,0.2329723484352832,6.8119973241693526,6.804300900877721,0.141598722394138,-0.5959172357685242,-0.45698727836457154
24713352,1789113544772000000,1772,HEAD_POSE_ESTIMATE,estimated,0.2534261474313131,6.837075980848377,6.769024753101272,0.14041478622999443,-0.5795078707267172,-0.4562907776210435
24729352,1789113544788000000,1773,HEAD_POSE_ESTIMATE,estimated,0.25756470999278425,6.850713785683166,6.733864293538935,0.13744901978237486,-0.5602734969811775,-0.4566686614064241
24741352,1789113544800000000,1774,HEAD_POSE_ESTIMATE,estimated,0.2732997737900928,6.8608855360553065,6.694905762474675,0.13347530057206952,-0.5399700469289233,-0.4537602767463796
24755352,1789113544814000000,1775,HEAD_POSE_ESTIMATE,estimated,0.31108910796989125,6.841487866819057,6.660220130581877,0.13141264853898185,-0.5174280934237954,-0.44827436351785716
24769352,1789113544828000000,1776,HEAD_POSE_ESTIMATE,estimated,0.3106873232478521,6.79978071604204,6.647204950811607,0.1365159469210981,-0.49258416629126245,-0.4435390168312282
24782352,1789113544841000000,1777,HEAD_POSE_ESTIMATE,estimated,0.31170041358087824,6.77452897434803,6.615341691071001,0.14152836686119963,-0.46126759504737275,-0.4353449195480393
24797352,1789113544856000000,1778,HEAD_POSE_ESTIMATE,estimated,0.3342928104693755,6.7743616311269035,6.58814604198748,0.1562699001974005,-0.4272379370864462,-0.4279073643614276
24810352,1789113544869000000,1779,HEAD_POSE_ESTIMATE,estimated,0.3285388829892924,6.787103374010007,6.558088354276122,0.16743829425609652,-0.3969066271533196,-0.4244663760501947
24824352,1789113544883000000,1780,HEAD_POSE_ESTIMATE,estimated,0.30158391938765367,6.798884707376295,6.536312619453663,0.17050136332961094,-0.3650638218153704,-0.42025308485841173
24839352,1789113544898000000,1781,HEAD_POSE_ESTIMATE,estimated,0.2546418520145103,6.8119152547188655,6.53313054867803,0.1659652878714897,-0.3328620530388863,-0.4131001758195601
24852352,1789113544911000000,1782,HEAD_POSE_ESTIMATE,estimated,0.2563254690673476,6.844761815225128,6.52961967035119,0.1473417457565826,-0.31546905486341265,-0.41253172993053594
24865352,1789113544924000000,1783,HEAD_POSE_ESTIMATE,estimated,0.21889910090350456,6.876428213928993,6.540567645957285,0.11738325714027377,-0.2987790143868528,-0.41057523004516683
24881352,1789113544940000000,1784,HEAD_POSE_ESTIMATE,estimated,0.1854429913689295,6.917084092926943,6.56937911390382,0.07098572954003024,-0.28102133281310765,-0.41295020469226607
24894352,1789113544953000000,1785,HEAD_POSE_ESTIMATE,estimated,0.10889671380531246,6.958324247798865,6.6151251510810365,0.026579556978870402,-0.2754797481669535,-0.42440273246795013
24907352,1789113544966000000,1786,HEAD_POSE_ESTIMATE,estimated,0.10720020939861688,7.000076774744532,6.648646742866314,-0.0121428835315569,-0.26252609253144404,-0.42247248293009243
24921352,1789113544980000000,1787,HEAD_POSE_ESTIMATE,estimated,0.1190866560709107,7.059564008872774,6.6770006977439,-0.04708291250913251,-0.25083272294974784,-0.42315081512554115
24935352,1789113544994000000,1788,HEAD_POSE_ESTIMATE,estimated,0.11185759210380719,7.088391988782379,6.716622770635394,-0.0753662525199436,-0.2420096885308082,-0.42822507839986323
24949352,1789113545008000000,1789,HEAD_POSE_ESTIMATE,estimated,0.09066175993576048,7.093010819638196,6.764401687314843,-0.09285027518681264,-0.23388551643383512,-0.4320581744285601
24963352,1789113545022000000,1790,HEAD_POSE_ESTIMATE,estimated,0.07850621403965188,7.096390934614849,6.78785180880484,-0.10204649931991748,-0.23248311928798576,-0.43261354792216644
24977352,1789113545036000000,1791,HEAD_POSE_ESTIMATE,estimated,0.019774385541136252,7.077171102286881,6.835182975212192,-0.10814997686625843,-0.23109991013749964,-0.4326094150512784
24991352,1789113545050000000,1792,HEAD_POSE_ESTIMATE,estimated,-0.0024067814848006686,7.075498773318839,6.850359831232557,-0.10898539258857554,-0.22815257875322142,-0.4200733460843479
25010352,1789113545069000000,1793,HEAD_POSE_ESTIMATE,estimated,-0.015369051906730574,7.078141179751885,6.855001349800283,-0.10247519719866423,-0.2344937689503033,-0.39969697890121525
25017352,1789113545076000000,1794,HEAD_POSE_ESTIMATE,estimated,-0.042997314392299396,7.072431840937591,6.87562629466625,-0.10331481404633311,-0.24249669839607316,-0.39068586281140316
25032352,1789113545091000000,1795,HEAD_POSE_ESTIMATE,estimated,-0.05558785488581994,7.073190158364884,6.865777358458168,-0.09285616683230008,-0.24808385025418792,-0.36507246668600657
25046352,1789113545105000000,1796,HEAD_POSE_ESTIMATE,estimated,-0.056953681948966606,7.071363862077247,6.856215487090299,-0.0792396254071759,-0.2522378146383486,-0.3371807559216027
25060352,1789113545119000000,1797,HEAD_POSE_ESTIMATE,estimated,-0.06793126503734873,7.064988442991385,6.850981855985501,-0.06524298518949612,-0.2547528348196034,-0.30977699966795125
25074352,1789113545133000000,1798,HEAD_POSE_ESTIMATE,estimated,-0.09107489779183739,7.046932274673671,6.845606155699312,-0.04932627745964981,-0.25886597154472935,-0.28627456466747936
25091352,1789113545150000000,1799,HEAD_POSE_ESTIMATE,estimated,-0.10896944811335396,7.028781826131519,6.838834965380448,-0.035816804748045626,-0.2618800008141394,-0.26491420466881105
25100352,1789113545159000000,1800,HEAD_POSE_ESTIMATE,estimated,-0.11629890888334957,7.009561740892321,6.829269046643815,-0.0275694371097346,-0.26158531267167023,-0.25385506418218806
25115352,1789113545174000000,1801,HEAD_POSE_ESTIMATE,estimated,-0.10850265841612103,7.000210468251748,6.829000624564785,-0.01745135815864812,-0.2579036557659664,-0.23891711643627533
25131352,1789113545190000000,1802,HEAD_POSE_ESTIMATE,estimated,-0.008988849874453697,6.999207671978901,6.779170939447981,-0.008939582207995931,-0.2576368403809802,-0.24223211222752153
25142352,1789113545201000000,1803,HEAD_POSE_ESTIMATE,estimated,-0.009539417586375831,6.973982912179669,6.776628128112325,-0.003096295379698607,-0.25208178414613297,-0.24645269508104534
25156352,1789113545215000000,1804,HEAD_POSE_ESTIMATE,estimated,0.011299466119858437,6.930588761050508,6.76969879464885,0.004436540619129787,-0.24388435388655497,-0.24930370953943687
25170352,1789113545229000000,1805,HEAD_POSE_ESTIMATE,estimated,0.017711121531547025,6.891384041066235,6.7527817640579775,0.01032274642675946,-0.2326739389419851,-0.25803795584623485
25185352,1789113545244000000,1806,HEAD_POSE_ESTIMATE,estimated,0.018300042498315572,6.847519475348791,6.729453326699596,0.015663705139769005,-0.21935503212941634,-0.2700724542122647
25200352,1789113545259000000,1807,HEAD_POSE_ESTIMATE,estimated,0.013735706926181715,6.822502965587774,6.7069642571653265,0.022598176287731066,-0.20754783448366285,-0.2793079015424928
25213352,1789113545272000000,1808,HEAD_POSE_ESTIMATE,estimated,0.047019198534577755,6.8117317063017175,6.671452286523247,0.02163834435698662,-0.20299814044837794,-0.2911260609783657
25226352,1789113545285000000,1809,HEAD_POSE_ESTIMATE,estimated,0.025546997109977015,6.788573653339669,6.6664283976907575,0.016900765193537042,-0.19620004695377913,-0.29696338817854273
25240352,1789113545299000000,1810,HEAD_POSE_ESTIMATE,estimated,0.006582422102897251,6.769038976329289,6.670880734156835,0.009959863337500537,-0.1885751632731586,-0.29679382900586104
25255352,1789113545314000000,1811,HEAD_POSE_ESTIMATE,estimated,-0.0076820030831708935,6.780825418839934,6.672090086760652,-0.002186511237715391,-0.18605866157692483,-0.3001748369503874
25268352,1789113545327000000,1812,HEAD_POSE_ESTIMATE,estimated,-0.06210088446347563,6.774208876955251,6.7048229958882954,-0.013918806987853133,-0.18174465906895168,-0.30225889154276736
25282352,1789113545341000000,1813,HEAD_POSE_ESTIMATE,estimated,-0.124686744123213,6.768721130551801,6.7499342523396875,-0.025183952868376977,-0.17296316422639854,-0.3018277714155789
25296352,1789113545355000000,1814,HEAD_POSE_ESTIMATE,estimated,-0.17030161376468303,6.770295380699024,6.768124597340953,-0.032914712947804854,-0.1587347690141751,-0.2932915758857948
25310352,1789113545369000000,1815,HEAD_POSE_ESTIMATE,estimated,-0.21234979427287626,6.781813290079824,6.78607607981756,-0.03515361445684267,-0.14062085042817796,-0.282663752863457
25324352,1789113545383000000,1816,HEAD_POSE_ESTIMATE,estimated,-0.24372671927067174,6.801840218812088,6.80856688674753,-0.03482996124089734,-0.1240375081962919,-0.27400627317880427
25338352,1789113545397000000,1817,HEAD_POSE_ESTIMATE,estimated,-0.27776246028720336,6.825254233451016,6.82304647795276,-0.02986550934506857,-0.09894437874231182,-0.2571936133884388
25353352,1789113545412000000,1818,HEAD_POSE_ESTIMATE,estimated,-0.3195214093727117,6.830442352641763,6.846641705620089,-0.02116182774584696,-0.06900162989186899,-0.23495615834593128
25367352,1789113545426000000,1819,HEAD_POSE_ESTIMATE,estimated,-0.362532731166158,6.824197551560784,6.863978757383651,-0.012152661616209457,-0.036227227392239714,-0.20723929912900527
25382352,1789113545441000000,1820,HEAD_POSE_ESTIMATE,estimated,-0.3867250832136503,6.808941918260199,6.87417593636069,-0.007973641169075278,0.0006114556798456092,-0.17429580253837862
25397352,1789113545456000000,1821,HEAD_POSE_ESTIMATE,estimated,-0.41750386784013777,6.777071733012833,6.881618751241965,-0.003701498783205197,0.03551375836370604,-0.13865287365042506
25407352,1789113545466000000,1822,HEAD_POSE_ESTIMATE,estimated,-0.44731890525704976,6.746971097493877,6.892678519543757,-0.0005365822752445231,0.05884150999400422,-0.11185325112505486
25421352,1789113545480000000,1823,HEAD_POSE_ESTIMATE,estimated,-0.47268903372833493,6.703672830245834,6.896705123139637,-0.00792220688791144,0.08980792694481828,-0.07601089659235374
25436352,1789113545495000000,1824,HEAD_POSE_ESTIMATE,estimated,-0.4889838230589756,6.644478175263755,6.899045238120161,-0.015398994042704178,0.1181097310111711,-0.04043298658931798
25449352,1789113545508000000,1825,HEAD_POSE_ESTIMATE,estimated,-0.5077686711432359,6.605736877694094,6.898578473818681,-0.02939240718052463,0.14145699986987825,-0.010767415946468866
25463352,1789113545522000000,1826,HEAD_POSE_ESTIMATE,estimated,-0.5405665062918665,6.564521010773255,6.925000433582685,-0.0696373704478749,0.1670699778733038,0.017746371840691687
25477352,1789113545536000000,1827,HEAD_POSE_ESTIMATE,estimated,-0.5786321035240282,6.567635712817312,6.950371650190921,-0.1250601944261442,0.18919280820950773,0.03970322471704403
25491352,1789113545550000000,1828,HEAD_POSE_ESTIMATE,estimated,-0.6028102341664536,6.5801459146873,6.956607824492724,-0.19080907687276577,0.20502113479505038,0.054715657337757385
25505352,1789113545564000000,1829,HEAD_POSE_ESTIMATE,estimated,-0.6090539003135127,6.610024596375651,6.963345071648484,-0.26454366045550737,0.21822946033544402,0.060371160283469054
25520352,1789113545579000000,1830,HEAD_POSE_ESTIMATE,estimated,-0.5834841636223705,6.644801410662276,6.9750995792871535,-0.33976493377551553,0.23231509312980972,0.05948118273274359
25533352,1789113545592000000,1831,HEAD_POSE_ESTIMATE,estimated,-0.5753106733245718,6.6639131292050875,7.021192887337067,-0.3939244800465939,0.24601849887939387,0.058408853542586785
25546352,1789113545605000000,1832,HEAD_POSE_ESTIMATE,estimated,-0.5669452511457659,6.650982581066086,7.108157300845998,-0.4241402170120305,0.2627742751591542,0.058350960603353874
25559352,1789113545618000000,1833,HEAD_POSE_ESTIMATE,estimated,-0.5587137962202398,6.635268054869647,7.1999171941738584,-0.42380982586792987,0.2769883369898894,0.0513710777865517
25575352,1789113545634000000,1834,HEAD_POSE_ESTIMATE,estimated,-0.5403863283713972,6.621272943083285,7.3069525522969565,-0.40372146697210654,0.2875700750429679,0.0433579815622415
25589352,1789113545648000000,1835,HEAD_POSE_ESTIMATE,estimated,-0.5378059019680178,6.608101251499122,7.396096607859013,-0.36469504623734184,0.2895548161197043,0.032105516570227116
25601352,1789113545660000000,1836,HEAD_POSE_ESTIMATE,estimated,-0.5411117060395362,6.599622961271654,7.465850680301686,-0.31745326414719915,0.28363530067700254,0.024145460788104207
25615352,1789113545674000000,1837,HEAD_POSE_ESTIMATE,estimated,-0.5490405323067526,6.590320081375017,7.537390327671265,-0.2747768336052653,0.27626500058283576,0.02342782028218665
25629352,1789113545688000000,1838,HEAD_POSE_ESTIMATE,estimated,-0.5648511372273204,6.593673881663866,7.579917561742505,-0.23348220693224941,0.26126978125651323,0.024252382106276244
25643352,1789113545702000000,1839,HEAD_POSE_ESTIMATE,estimated,-0.5816657532497853,6.5780276874338455,7.615523861093874,-0.2014070317007774,0.24056595691202978,0.026106842697242755
25657352,1789113545716000000,1840,HEAD_POSE_ESTIMATE,estimated,-0.6027633489320668,6.56023198779137,7.649280759539785,-0.18863384044830075,0.21938463010777354,0.02668672197563077
25672352,1789113545731000000,1841,HEAD_POSE_ESTIMATE,estimated,-0.6172605212566823,6.556823007100656,7.669115727176887,-0.17426511560027863,0.1906200361145573,0.026942268755486564
25685352,1789113545744000000,1842,HEAD_POSE_ESTIMATE,estimated,-0.6376521784074778,6.5433411842423785,7.692926090970305,-0.1603247240585238,0.15862633493955028,0.029683116192074335
25699352,1789113545758000000,1843,HEAD_POSE_ESTIMATE,estimated,-0.631524200143118,6.5656520029631285,7.682915129473512,-0.1450429475237625,0.13274064573006228,0.03783804686805946
25713352,1789113545772000000,1844,HEAD_POSE_ESTIMATE,estimated,-0.6237325056573293,6.551161126883771,7.662394799441844,-0.12457201661294694,0.11153390467509425,0.049430950485456794
25727352,1789113545786000000,1845,HEAD_POSE_ESTIMATE,estimated,-0.6113673656369274,6.5482412131580485,7.638909307106827,-0.09713680070110438,0.09402116109113677,0.061179080744753755
25741352,1789113545800000000,1846,HEAD_POSE_ESTIMATE,estimated,-0.6034255520232171,6.506333649388435,7.624634113931972,-0.06306943616472849,0.07995458519227594,0.0694011751975763
25755352,1789113545814000000,1847,HEAD_POSE_ESTIMATE,estimated,-0.6103116813735506,6.467321144514208,7.609145546828479,-0.0385616002549296,0.06948761442245292,0.07245659720421035
25770352,1789113545829000000,1848,HEAD_POSE_ESTIMATE,estimated,-0.6037489162587967,6.425804167676564,7.5860889872208075,-0.02516598767136368,0.06066055815547492,0.07118345977886056
25781352,1789113545840000000,1849,HEAD_POSE_ESTIMATE,estimated,-0.6068749884352498,6.379018924129976,7.573012776157014,-0.026311081069976976,0.053636182447546824,0.06910921890509028
25796352,1789113545855000000,1850,HEAD_POSE_ESTIMATE,estimated,-0.5999048831213306,6.329076347849862,7.5523038571566,-0.03482625039189569,0.051566860007577695,0.06558261004795561
25809352,1789113545868000000,1851,HEAD_POSE_ESTIMATE,estimated,-0.5908263866450194,6.296561011399972,7.542790843556013,-0.048429319932845,0.05141992157583159,0.06435513552596182
25823352,1789113545882000000,1852,HEAD_POSE_ESTIMATE,estimated,-0.5838151142605352,6.2660599191462945,7.537559278928671,-0.06535633442394463,0.04999066228388894,0.06419880398917263
25837352,1789113545896000000,1853,HEAD_POSE_ESTIMATE,estimated,-0.5845861742185241,6.236122582427122,7.534865763867251,-0.0760390519502117,0.04430991919268035,0.0693999832192453
25852352,1789113545911000000,1854,HEAD_POSE_ESTIMATE,estimated,-0.5839121523606903,6.205821390805441,7.542088798864387,-0.09069391278420508,0.035821638900189655,0.0776996171182185
25867352,1789113545926000000,1855,HEAD_POSE_ESTIMATE,estimated,-0.5741932915243501,6.176530673282964,7.562278919784433,-0.10522331160583359,0.024011280619674783,0.0857434231530874
25881352,1789113545940000000,1856,HEAD_POSE_ESTIMATE,estimated,-0.5570137200812226,6.176391122701929,7.585002188437905,-0.11581771169391347,0.00881872299878452,0.09498771322353587
25893352,1789113545952000000,1857,HEAD_POSE_ESTIMATE,estimated,-0.535945456765789,6.196751896576344,7.606964688891866,-0.12603510470151968,-0.0024728124413579515,0.09715299563337458
25907352,1789113545966000000,1858,HEAD_POSE_ESTIMATE,estimated,-0.5082585574796987,6.2164600665618455,7.646817264844198,-0.1338012926306558,-0.015664641162529636,0.09425017682140778
25921352,1789113545980000000,1859,HEAD_POSE_ESTIMATE,estimated,-0.48166002393991036,6.25191511449917,7.684549720178995,-0.13545826814486417,-0.02814936939412723,0.08503818895959417
25935352,1789113545994000000,1860,HEAD_POSE_ESTIMATE,estimated,-0.48061453874104454,6.272711787619327,7.730555461531958,-0.13389436467985022,-0.03860098880616932,0.07239271367599698
25949352,1789113546008000000,1861,HEAD_POSE_ESTIMATE,estimated,-0.49101631124680434,6.291872090088955,7.783450289229262,-0.13030724148154452,-0.04716966750469576,0.057610555778034304
25963352,1789113546022000000,1862,HEAD_POSE_ESTIMATE,estimated,-0.5136944930619461,6.303765719946255,7.8340436976965595,-0.12335185457012468,-0.050318683359403926,0.04352200209483772
25977352,1789113546036000000,1863,HEAD_POSE_ESTIMATE,estimated,-0.5358045996865279,6.318560143347794,7.873440727076474,-0.11647620504075008,-0.05004676457756645,0.03239952301510605
25991352,1789113546050000000,1864,HEAD_POSE_ESTIMATE,estimated,-0.5626593204220145,6.3317908024059335,7.90991802586326,-0.10468822916833431,-0.047263178073811425,0.02437156959846239
26005352,1789113546064000000,1865,HEAD_POSE_ESTIMATE,estimated,-0.586141137393313,6.34494183355935,7.942181662513806,-0.09077991910920688,-0.043969001212662805,0.019592086009779443
26019352,1789113546078000000,1866,HEAD_POSE_ESTIMATE,estimated,-0.6078134265486296,6.366140614257503,7.981513284057572,-0.07416690806928937,-0.04356853022590007,0.020803398851750584
26033352,1789113546092000000,1867,HEAD_POSE_ESTIMATE,estimated,-0.6451039250020563,6.366986622522145,8.009198818672012,-0.058649717286141274,-0.04297571957900568,0.02069441333055524
26046352,1789113546105000000,1868,HEAD_POSE_ESTIMATE,estimated,-0.6827468333019704,6.362874579506808,8.024489113351285,-0.04155941018522782,-0.04377837724451793,0.02347011435416692
26061352,1789113546120000000,1869,HEAD_POSE_ESTIMATE,estimated,-0.731731984639093,6.357213721451509,8.030950668445257,-0.021628146947484075,-0.049617747915074124,0.026218505387259575
26075352,1789113546134000000,1870,HEAD_POSE_ESTIMATE,estimated,-0.769488673499146,6.353044689079461,8.033867981724319,-0.0010835164959231247,-0.055542342230493626,0.02951050953350575
26091352,1789113546150000000,1871,HEAD_POSE_ESTIMATE,estimated,-0.8025448253186813,6.360773858037523,8.020166780317739,0.021018203535600636,-0.06517995782250854,0.03650353287741269
26102352,1789113546161000000,1872,HEAD_POSE_ESTIMATE,estimated,-0.8099944769184291,6.372080077281312,8.00776429964166,0.037567063963085824,-0.07422142161090561,0.044136978878415736
26116352,1789113546175000000,1873,HEAD_POSE_ESTIMATE,estimated,-0.8114112789240973,6.37448614035068,7.983473123909498,0.052661444938952945,-0.08467023950230687,0.05518175077810004
26129352,1789113546188000000,1874,HEAD_POSE_ESTIMATE,estimated,-0.7898151434825034,6.367058455827765,7.947247307411681,0.06335641090158205,-0.09485771350264446,0.07478583214464081
26143352,1789113546202000000,1875,HEAD_POSE_ESTIMATE,estimated,-0.7705122177560251,6.365390936273952,7.922136334643582,0.07024165216866417,-0.10157485451937134,0.09692192792464578
26157352,1789113546216000000,1876,HEAD_POSE_ESTIMATE,estimated,-0.7579288322783153,6.344017332219162,7.924725413268781,0.0749141448614796,-0.10622755091753563,0.12287991120427866
26171352,1789113546230000000,1877,HEAD_POSE_ESTIMATE,estimated,-0.7311723508703359,6.331150006042423,7.916112714450541,0.07724064277731328,-0.10916011530536107,0.15082202549195745
26185352,1789113546244000000,1878,HEAD_POSE_ESTIMATE,estimated,-0.7230579612819835,6.314385644691535,7.924364194156535,0.07678487728302894,-0.11000526590642708,0.17208893605125955
26199352,1789113546258000000,1879,HEAD_POSE_ESTIMATE,estimated,-0.7163667263333093,6.3040581212946245,7.9161672112442005,0.07675855565849164,-0.10635620218514277,0.191375619120382
26213352,1789113546272000000,1880,HEAD_POSE_ESTIMATE,estimated,-0.6830770540423543,6.2937073008713496,7.89286803380264,0.07804780515131035,-0.10614845122039707,0.20493994222260403
26226352,1789113546285000000,1881,HEAD_POSE_ESTIMATE,estimated,-0.6567611917689966,6.287232027696108,7.8746620851381435,0.08184489787854168,-0.10051819012333373,0.2128563342154865
26243352,1789113546302000000,1882,HEAD_POSE_ESTIMATE,estimated,-0.672747479810922,6.2717077855314916,7.857879393815788,0.08991186498655893,-0.08532983881399116,0.2212807427798483
26254352,1789113546313000000,1883,HEAD_POSE_ESTIMATE,estimated,-0.6482338697117158,6.266723989664027,7.8265639518243795,0.10387765919216856,-0.07526680423324397,0.21963945262906026
26268352,1789113546327000000,1884,HEAD_POSE_ESTIMATE,estimated,-0.6683326545599235,6.260778663402468,7.810332023345188,0.1132262576681559,-0.05726125718189625,0.21813928235786542
26284352,1789113546343000000,1885,HEAD_POSE_ESTIMATE,estimated,-0.6709389887775732,6.267779685253854,7.759485226277973,0.12143259521175527,-0.026643998122289354,0.23101547005819492
26295352,1789113546354000000,1886,HEAD_POSE_ESTIMATE,estimated,-0.6243069305266806,6.268205944971057,7.703040359672104,0.12674831086923186,-0.004338307038336838,0.24965409218635728
26309352,1789113546368000000,1887,HEAD_POSE_ESTIMATE,estimated,-0.6018968855313915,6.253555573278491,7.650888369849737,0.1315874836218405,0.02404344907337035,0.27543169242284776
26326352,1789113546385000000,1888,HEAD_POSE_ESTIMATE,estimated,-0.6043381006769317,6.221296611660763,7.591621230604738,0.13150444886278878,0.06210660458888112,0.31203375261100236
26338352,1789113546397000000,1889,HEAD_POSE_ESTIMATE,estimated,-0.5924116928250696,6.199682843299943,7.560805206561951,0.1337933746228818,0.09038756643599669,0.35115690357990326
26350352,1789113546409000000,1890,HEAD_POSE_ESTIMATE,estimated,-0.5627505471570694,6.198384277626039,7.520070841749126,0.12921495246232595,0.12041532094764401,0.38806239616723914
26366352,1789113546425000000,1891,HEAD_POSE_ESTIMATE,estimated,-0.5538283355459427,6.200409226059204,7.501419589833238,0.11644432676220992,0.15573587209062212,0.4247674409211525
26377352,1789113546436000000,1892,HEAD_POSE_ESTIMATE,estimated,-0.5161417964040032,6.208834473541878,7.478439689241707,0.09952289999137821,0.17667778448562182,0.44237058550302494
26392352,1789113546451000000,1893,HEAD_POSE_ESTIMATE,estimated,-0.4792506876706226,6.2231719868532265,7.430084380954419,0.07932685408073621,0.2049513071202393,0.4561399628210587
26409352,1789113546468000000,1894,HEAD_POSE_ESTIMATE,estimated,-0.4225304349483866,6.223184503638631,7.370628095318625,0.06333754635116207,0.23567127269327523,0.46504909590774607
26421352,1789113546480000000,1895,HEAD_POSE_ESTIMATE,estimated,-0.3942889226301167,6.2033636632380915,7.325860948003522,0.052399782486585465,0.25467031922915184,0.46091650819321345
26433352,1789113546492000000,1896,HEAD_POSE_ESTIMATE,estimated,-0.3468559939277654,6.1776919686735345,7.2900012092123685,0.05050424625301546,0.27871759400328233,0.4534925468011764
26447352,1789113546506000000,1897,HEAD_POSE_ESTIMATE,estimated,-0.3363999868183337,6.143486611949901,7.281268304481558,0.05179132225692526,0.3052934453213536,0.4587227786819421
26461352,1789113546520000000,1898,HEAD_POSE_ESTIMATE,estimated,-0.2954540126316019,6.1226052508638285,7.252374900369331,0.04880952710229779,0.32965699606674953,0.4658808707506064
26475352,1789113546534000000,1899,HEAD_POSE_ESTIMATE,estimated,-0.22749557710879753,6.11445983943493,7.210903946206856,0.04524566654263651,0.35629034508049257,0.48254704820263106
26489352,1789113546548000000,1900,HEAD_POSE_ESTIMATE,estimated,-0.19215000381948474,6.119752920698234,7.180186199042975,0.034981881406031534,0.3744693794756863,0.4945584862056224
26503352,1789113546562000000,1901,HEAD_POSE_ESTIMATE,estimated,-0.11161051642787326,6.123688695446461,7.1304627483318495,0.017301506423884415,0.382123085653374,0.49364111014557005
26519352,1789113546578000000,1902,HEAD_POSE_ESTIMATE,estimated,-0.047764699617031475,6.135690162326599,7.122274584579869,-0.015098191111476419,0.38894191650703186,0.4851386885751952
26531352,1789113546590000000,1903,HEAD_POSE_ESTIMATE,estimated,-0.04626802863215218,6.161238213228086,7.143534173644554,-0.04772738705998505,0.38580791104212026,0.4718584923028236
26544352,1789113546603000000,1904,HEAD_POSE_ESTIMATE,estimated,-0.028035305234835273,6.184296845685652,7.174547814379038,-0.08118789144796278,0.3746082928950721,0.4529641569441512
26558352,1789113546617000000,1905,HEAD_POSE_ESTIMATE,estimated,0.024458927710512307,6.217048247016234,7.207171463504916,-0.11731616962299318,0.3583909715846626,0.4282816074490605
26572352,1789113546631000000,1906,HEAD_POSE_ESTIMATE,estimated,0.06455352359172153,6.261237187358007,7.23416573715565,-0.13801395590077864,0.33707290635874926,0.4065870297938884
26586352,1789113546645000000,1907,HEAD_POSE_ESTIMATE,estimated,0.06865221441752661,6.279703820345405,7.278215952230508,-0.14331562413884635,0.3141122059794373,0.38896487754226117
26600352,1789113546659000000,1908,HEAD_POSE_ESTIMATE,estimated,0.08960528671536219,6.295861637882019,7.313604266195068,-0.12963944877004016,0.2975023197978425,0.38048449474682305
26614352,1789113546673000000,1909,HEAD_POSE_ESTIMATE,estimated,0.09022174092975796,6.2999964019449655,7.343569698061258,-0.10823600854837463,0.2818810350093726,0.3747321727015607
26628352,1789113546687000000,1910,HEAD_POSE_ESTIMATE,estimated,0.06162026141708457,6.283305919181295,7.374363127095631,-0.07797114017246158,0.2704909333901357,0.37285683659657615
26642352,1789113546701000000,1911,HEAD_POSE_ESTIMATE,estimated,-0.00832583922259722,6.260574267828009,7.407673788036264,-0.047661813793133265,0.2692269014330824,0.38070221083538786
26656352,1789113546715000000,1912,HEAD_POSE_ESTIMATE,estimated,-0.04273081822245084,6.216111991711324,7.437885639247234,-0.019402950060715234,0.2699703408281037,0.3881729056204316
26671352,1789113546730000000,1913,HEAD_POSE_ESTIMATE,estimated,-0.03994668059330686,6.182438598944244,7.4383639197018,0.004135732036645498,0.27361497416060804,0.3968766984865346
26685352,1789113546744000000,1914,HEAD_POSE_ESTIMATE,estimated,-0.04236705043750344,6.139057779437584,7.425048672912264,0.015776472186571043,0.2832599929960195,0.40630368347918777
26698352,1789113546757000000,1915,HEAD_POSE_ESTIMATE,estimated,-0.06999198606778329,6.11388266716387,7.409640612610964,0.012754417887012974,0.28763849045146894,0.4113775795127831
26713352,1789113546772000000,1916,HEAD_POSE_ESTIMATE,estimated,-0.08768471833068242,6.095318894773247,7.383290598815662,0.00027231213568872694,0.30391830507830087,0.422713235894429
26727352,1789113546786000000,1917,HEAD_POSE_ESTIMATE,estimated,-0.07413049146203904,6.103171552642253,7.3419857930542065,-0.01783715188453666,0.3281777036880661,0.4372520247850195
26739352,1789113546798000000,1918,HEAD_POSE_ESTIMATE,estimated,-0.06814532509351168,6.090872854726302,7.321057718535877,-0.028885777326222817,0.3450060991930027,0.44398578941183375
26753352,1789113546812000000,1919,HEAD_POSE_ESTIMATE,estimated,-0.04545142048153816,6.052381399720271,7.2780662812235555,-0.04322465641779581,0.37436348064970204,0.451369872000574
26767352,1789113546826000000,1920,HEAD_POSE_ESTIMATE,estimated,0.015490567846616177,6.0013841229088465,7.252957792897715,-0.05436843201530457,0.40942211293122177,0.4587071057317609
26782352,1789113546841000000,1921,HEAD_POSE_ESTIMATE,estimated,0.05389170263783288,5.939938060329837,7.223460029905548,-0.07560675864215625,0.4523660953276729,0.4694726323976006
26796352,1789113546855000000,1922,HEAD_POSE_ESTIMATE,estimated,0.059376334757205385,5.927790350224034,7.21334239445399,-0.10229885344453983,0.49548150075830333,0.48003346955171755
26809352,1789113546868000000,1923,HEAD_POSE_ESTIMATE,estimated,0.04206303283167323,5.932113363463494,7.212507710653247,-0.13793968979094018,0.5424814061530926,0.4991414542397706
26823352,1789113546882000000,1924,HEAD_POSE_ESTIMATE,estimated,0.06465361463643496,5.954091482351652,7.212097539271648,-0.18060509330850977,0.5958702206420038,0.52375270699547
26838352,1789113546897000000,1925,HEAD_POSE_ESTIMATE,estimated,0.057549292567560584,5.9572634411975045,7.23510142552222,-0.2213635688218098,0.650063851272954,0.5564836088814712
26852352,1789113546911000000,1926,HEAD_POSE_ESTIMATE,estimated,0.054475753499835994,5.944192056730126,7.279947258200387,-0.26186929322263547,0.6954929688466959,0.5877490903427368
26866352,1789113546925000000,1927,HEAD_POSE_ESTIMATE,estimated,0.10765601666714907,5.958480650559647,7.329761124453307,-0.3061978898731803,0.7323240992583858,0.6146561925597618
26881352,1789113546940000000,1928,HEAD_POSE_ESTIMATE,estimated,0.16725268346909905,5.959961404656963,7.405926885362382,-0.3517366991321873,0.7626361129396615,0.6391472758216814
26894352,1789113546953000000,1929,HEAD_POSE_ESTIMATE,estimated,0.28718440265789424,5.998463912572371,7.465428156270515,-0.39073307425410586,0.7846981849477034,0.6549458201612012
26907352,1789113546966000000,1930,HEAD_POSE_ESTIMATE,estimated,0.30368160706427344,6.014418076201098,7.527543445924309,-0.40559863468968343,0.7866292076849355,0.6533926183866011
26921352,1789113546980000000,1931,HEAD_POSE_ESTIMATE,estimated,0.32290610266590647,6.042615092559157,7.587667056401057,-0.4006167014352704,0.7888957098911835,0.6431831459775023
26935352,1789113546994000000,1932,HEAD_POSE_ESTIMATE,estimated,0.3519694615418326,6.045158789038412,7.640923096686878,-0.3769473663544304,0.7755392687465484,0.6230320868952258
26949352,1789113547008000000,1933,HEAD_POSE_ESTIMATE,estimated,0.399751039556534,6.038110475962444,7.702362603836825,-0.34646832989364784,0.7608204750462331,0.6014723347675573
26963352,1789113547022000000,1934,HEAD_POSE_ESTIMATE,estimated,0.4299400481754953,6.002464960578171,7.76102126494834,-0.3187339952798757,0.7429613163448693,0.586169271537175
26977352,1789113547036000000,1935,HEAD_POSE_ESTIMATE,estimated,0.4860809538629983,5.990279554635406,7.795706974455312,-0.30001455237165303,0.7241731662157918,0.5716385399950055
26991352,1789113547050000000,1936,HEAD_POSE_ESTIMATE,estimated,0.4711212040006126,5.967664639701957,7.830784483742187,-0.28091380989814263,0.6918095361590929,0.5544072168366784
27008352,1789113547067000000,1937,HEAD_POSE_ESTIMATE,estimated,0.4164364260462401,5.974822907049267,7.827539266487989,-0.2520954756341117,0.6496755035690374,0.5423421120859953
27019352,1789113547078000000,1938,HEAD_POSE_ESTIMATE,estimated,0.38707780140314946,5.965201456291345,7.846361032269222,-0.23228652257390345,0.6173947337371498,0.5395083213641588
27033352,1789113547092000000,1939,HEAD_POSE_ESTIMATE,estimated,0.39583337884335335,5.938924679575241,7.8587070216459365,-0.20346684351991112,0.5729588000826416,0.5364033689480919
27046352,1789113547105000000,1940,HEAD_POSE_ESTIMATE,estimated,0.38176031368863345,5.9011981502411786,7.862446864427539,-0.18340122167408532,0.5296015438863301,0.5320337818885286
27061352,1789113547120000000,1941,HEAD_POSE_ESTIMATE,estimated,0.40809226518985103,5.865271219287582,7.858243199421425,-0.17023243567315816,0.48414039054729996,0.5266517984828577
27075352,1789113547134000000,1942,HEAD_POSE_ESTIMATE,estimated,0.4300802136523867,5.8634983050499585,7.858718436639928,-0.16467760952203284,0.44725348564791273,0.5224228727702059
27091352,1789113547150000000,1943,HEAD_POSE_ESTIMATE,estimated,0.5020043835117661,5.8920412429917715,7.843471384392167,-0.15390224218654466,0.4106325750545084,0.5161998181200373
27101352,1789113547160000000,1944,HEAD_POSE_ESTIMATE,estimated,0.5138418917606425,5.877534730943377,7.832903066859943,-0.1444905587754173,0.38713553992066857,0.5081849724924953
27115352,1789113547174000000,1945,HEAD_POSE_ESTIMATE,estimated,0.530138447799256,5.851417991548567,7.811438937684124,-0.12478485192855125,0.3575663542120968,0.49420300502655734
27129352,1789113547188000000,1946,HEAD_POSE_ESTIMATE,estimated,0.45450675270597896,5.80771137304723,7.772407599104857,-0.1149756672848782,0.3439059951149151,0.4905592903532603
27144352,1789113547203000000,1947,HEAD_POSE_ESTIMATE,estimated,0.426448505223736,5.7570201015482105,7.737783231404979,-0.10348543145797245,0.3221334077700064,0.4755889586376802
27157352,1789113547216000000,1948,HEAD_POSE_ESTIMATE,estimated,0.4147827409851298,5.7271344247595195,7.7254563778581335,-0.09251083910993413,0.30606076515109853,0.4634542930179056
27172352,1789113547231000000,1949,HEAD_POSE_ESTIMATE,estimated,0.42228260209271323,5.704921015031704,7.713500264837232,-0.07536209112100771,0.28277866672417806,0.44535046500662023
27186352,1789113547245000000,1950,HEAD_POSE_ESTIMATE,estimated,0.419014593933147,5.6842193309295075,7.689843460586867,-0.056916947972496364,0.26478703139616766,0.429939470867371
27201352,1789113547260000000,1951,HEAD_POSE_ESTIMATE,estimated,0.39646791706058726,5.664770686823064,7.661417736093517,-0.032479827344610544,0.24075647440645997,0.41668275493868717
27214352,1789113547273000000,1952,HEAD_POSE_ESTIMATE,estimated,0.33142502822637,5.6308397377334645,7.642304478375984,-0.023495381642216838,0.23247967153819543,0.4101402650496028
27227352,1789113547286000000,1953,HEAD_POSE_ESTIMATE,estimated,0.3237613051248772,5.600307210814005,7.639853170153216,-0.0170259478376295,0.22142158600402467,0.3966838455530057
27242352,1789113547301000000,1954,HEAD_POSE_ESTIMATE,estimated,0.3145085097980565,5.571490669893237,7.646471161172337,-0.01694961490805269,0.2107366215279191,0.379280046474244
27255352,1789113547314000000,1955,HEAD_POSE_ESTIMATE,estimated,0.306192679784022,5.5605569080787065,7.66627790859097,-0.02327263800472983,0.20199029194340287,0.3625468856170315
27269352,1789113547328000000,1956,HEAD_POSE_ESTIMATE,estimated,0.27759226283551675,5.554295912110706,7.6719552855052076,-0.030280103158827898,0.19370697088669175,0.3482674386587613
27283352,1789113547342000000,1957,HEAD_POSE_ESTIMATE,estimated,0.29617635735952974,5.556141551225947,7.6980014657651346,-0.03711365959863262,0.18332163987258665,0.3344990190349287
27297352,1789113547356000000,1958,HEAD_POSE_ESTIMATE,estimated,0.2943462735956353,5.560469549468035,7.709743268490603,-0.03925430326213429,0.1699188792796802,0.32433869591150777
27311352,1789113547370000000,1959,HEAD_POSE_ESTIMATE,estimated,0.29810846623614107,5.546697882224193,7.719017598360664,-0.03929674396145958,0.15725998503165056,0.31500177611369473
27325352,1789113547384000000,1960,HEAD_POSE_ESTIMATE,estimated,0.2941522343251643,5.534133783053309,7.732164748663218,-0.036165641732864226,0.14668889994854556,0.3086630620052192
27339352,1789113547398000000,1961,HEAD_POSE_ESTIMATE,estimated,0.2917270986482604,5.539211137295038,7.763211034317025,-0.025863581027940417,0.13569780626349723,0.2981958162491802
27353352,1789113547412000000,1962,HEAD_POSE_ESTIMATE,estimated,0.29002585518598717,5.544236436642728,7.807190883897421,-0.018473267779976526,0.12296790859597209,0.2816641593736451
27367352,1789113547426000000,1963,HEAD_POSE_ESTIMATE,estimated,0.2913458135373847,5.5533218671685285,7.892649967535832,-0.01669361105519422,0.11164740319627836,0.2662651878493494
27380352,1789113547439000000,1964,HEAD_POSE_ESTIMATE,estimated,0.29567175255592276,5.5703975959841205,7.968104368073003,-0.019761345044274778,0.09862919492692988,0.24960242047683984
27395352,1789113547454000000,1965,HEAD_POSE_ESTIMATE,estimated,0.2819692358218258,5.599393850007716,8.049153496993428,-0.03129854021801096,0.08359583721520346,0.2345246159916883
27408352,1789113547467000000,1966,HEAD_POSE_ESTIMATE,estimated,0.2606563145631733,5.638088548161175,8.103711946253366,-0.044626234653344914,0.06901512739581601,0.22214515539612603
27422352,1789113547481000000,1967,HEAD_POSE_ESTIMATE,estimated,0.24095623277751174,5.683879234025552,8.16369577808917,-0.05819516800403525,0.05270125078152406,0.20940904763659132
27437352,1789113547496000000,1968,HEAD_POSE_ESTIMATE,estimated,0.21632325215296874,5.71440988843097,8.230104351441286,-0.07069716367884885,0.03735886060861564,0.1976527005314849
27451352,1789113547510000000,1969,HEAD_POSE_ESTIMATE,estimated,0.21508341645094922,5.729207022861296,8.304345791071706,-0.08093438492365855,0.025322019746473485,0.19210070713882507
27464352,1789113547523000000,1970,HEAD_POSE_ESTIMATE,estimated,0.21357271308226988,5.754245405990344,8.347844865655526,-0.086502079847262,0.01840524250374862,0.192211828332449
27480352,1789113547539000000,1971,HEAD_POSE_ESTIMATE,estimated,0.20906791824389387,5.763166839151185,8.406509160768735,-0.08915329776588117,0.012754382795838298,0.19674916721301763
27492352,1789113547551000000,1972,HEAD_POSE_ESTIMATE,estimated,0.21061143641310243,5.749292250018521,8.43438531476282,-0.08418460170613488,0.013859881994309419,0.2072491625158626
27506352,1789113547565000000,1973,HEAD_POSE_ESTIMATE,estimated,0.23202582765434465,5.735883583805008,8.451468835713912,-0.07055141384075173,0.018731191166927733,0.2209417888372606
27519352,1789113547578000000,1974,HEAD_POSE_ESTIMATE,estimated,0.23787597732094135,5.704985123135832,8.460358617080512,-0.05146325781417725,0.02500565208431482,0.2353332368788763
27533352,1789113547592000000,1975,HEAD_POSE_ESTIMATE,estimated,0.2719768450253689,5.666454278048407,8.472304121383353,-0.028811115086510856,0.034813716724945,0.25100326144370605
27547352,1789113547606000000,1976,HEAD_POSE_ESTIMATE,estimated,0.3180032210856893,5.64029195314837,8.477931105685954,-0.007643782154059375,0.04508053727977785,0.26352511868380973
27562352,1789113547621000000,1977,HEAD_POSE_ESTIMATE,estimated,0.35427205726923183,5.622472591200189,8.462130987368731,0.006625428201679377,0.054334143728085725,0.2716931138109243
27575352,1789113547634000000,1978,HEAD_POSE_ESTIMATE,estimated,0.39905278827532786,5.596251679410221,8.442541229387547,0.018765737062503913,0.06340952286054759,0.27878271147726397
27589352,1789113547648000000,1979,HEAD_POSE_ESTIMATE,estimated,0.4359607519417589,5.580042126909706,8.42299705944198,0.0270264615143615,0.07109585995444367,0.27913831369990166
27603352,1789113547662000000,1980,HEAD_POSE_ESTIMATE,estimated,0.46607326548297445,5.567318628242066,8.357140071798431,0.030356348516243647,0.07785632843134682,0.27349329564587965
27616352,1789113547675000000,1981,HEAD_POSE_ESTIMATE,estimated,0.5015648888125034,5.559637678165243,8.330367621026852,0.032770223790025185,0.08194639839954956,0.2630155479908431
27630352,1789113547689000000,1982,HEAD_POSE_ESTIMATE,estimated,0.539203556724986,5.556660425932133,8.279536145120183,0.029614187437939605,0.08414976808346272,0.24955776687658876
27644352,1789113547703000000,1983,HEAD_POSE_ESTIMATE,estimated,0.5731299923742557,5.547484867464199,8.216672963692051,0.02218447571352149,0.08386086802143589,0.23327435080240438
27658352,1789113547717000000,1984,HEAD_POSE_ESTIMATE,estimated,0.6167610417769196,5.53686794229089,8.18239065460901,0.011116736913805412,0.08348922171254652,0.22233622139562864
27672352,1789113547731000000,1985,HEAD_POSE_ESTIMATE,estimated,0.6512853419993146,5.535755559203632,8.162796423646947,-0.0022862204130224017,0.07966842623618291,0.2114069117029687
27687352,1789113547746000000,1986,HEAD_POSE_ESTIMATE,estimated,0.6707075190919802,5.5259791368154145,8.160259931644687,-0.018178637031606652,0.07314778803946066,0.2047254113988456
27699352,1789113547758000000,1987,HEAD_POSE_ESTIMATE,estimated,0.6817898314214801,5.504125984996682,8.16770114270031,-0.028176978087247277,0.06648662886007295,0.19949630320697584
27713352,1789113547772000000,1988,HEAD_POSE_ESTIMATE,estimated,0.6987080492632786,5.489049371646121,8.169432770870811,-0.04143637670538921,0.05634090942849961,0.19561744137580778
27728352,1789113547787000000,1989,HEAD_POSE_ESTIMATE,estimated,0.7121300761011403,5.478082026617047,8.174707208732983,-0.05773265449768992,0.04272413438310316,0.1936524599124659
27741352,1789113547800000000,1990,HEAD_POSE_ESTIMATE,estimated,0.7265783996477319,5.470871379271262,8.194425551052221,-0.06833711266003925,0.03127285823563908,0.1870318396760597
27750352,1789113547809000000,1991,HEAD_POSE_ESTIMATE,estimated,0.7360987717946312,5.476449400530022,8.196802025577554,-0.07676849367060898,0.021167092404905632,0.18119773910993386
27766352,1789113547825000000,1992,HEAD_POSE_ESTIMATE,estimated,0.760741640644049,5.4849098711590605,8.200898777594421,-0.09331960128308131,0.001758935753759279,0.16948259107263944
27779352,1789113547838000000,1993,HEAD_POSE_ESTIMATE,estimated,0.7724532718761303,5.487585742275181,8.21647195118059,-0.1041437099869509,-0.016540674947205274,0.1543548708831479
27792352,1789113547851000000,1994,HEAD_POSE_ESTIMATE,estimated,0.7471082306821424,5.4762817655847975,8.243997208876658,-0.10921665600846123,-0.03063786468156879,0.1376658796700928
27806352,1789113547865000000,1995,HEAD_POSE_ESTIMATE,estimated,0.7299781580701776,5.456639262385498,8.282537750467897,-0.11405499913042948,-0.047640295354655623,0.11592082721946499
27820352,1789113547879000000,1996,HEAD_POSE_ESTIMATE,estimated,0.710728233858811,5.44064539600887,8.317828753150382,-0.11500527471882199,-0.06574404505071153,0.09278069360609423
27833352,1789113547892000000,1997,HEAD_POSE_ESTIMATE,estimated,0.6841085613153366,5.446977512088419,8.359782135246057,-0.12034421761907863,-0.07726976861840934,0.07389213199677733
27848352,1789113547907000000,1998,HEAD_POSE_ESTIMATE,estimated,0.6579843398735383,5.442149031551406,8.406307916658156,-0.12271954812145296,-0.08929023766135212,0.05607245982697266
27862352,1789113547921000000,1999,HEAD_POSE_ESTIMATE,estimated,0.6473946502989163,5.452405218044084,8.431880839805201,-0.12962964901982194,-0.09887057201228977,0.046291767111365734
27875352,1789113547934000000,2000,HEAD_POSE_ESTIMATE,estimated,0.6420874099955884,5.445922488243275,8.457837213544625,-0.12939931155129467,-0.10126222924168836,0.03769112944404726
27890352,1789113547949000000,2001,HEAD_POSE_ESTIMATE,estimated,0.6236027941324953,5.447993167465268,8.483110608916796,-0.1275331741045421,-0.1018567851217973,0.042443020943305064
27904352,1789113547963000000,2002,HEAD_POSE_ESTIMATE,estimated,0.6276452399077947,5.440702209103089,8.503345681791163,-0.12290802665808345,-0.10205020357237674,0.05524321214987749
27917352,1789113547976000000,2003,HEAD_POSE_ESTIMATE,estimated,0.6339900774566679,5.441676557811479,8.541802718987359,-0.11867103553917067,-0.10220417676869971,0.07316738962790476
27931352,1789113547990000000,2004,HEAD_POSE_ESTIMATE,estimated,0.6466681225335233,5.445197018534356,8.573061717058104,-0.10919156623207746,-0.101261490623538,0.09012864987694541
27948352,1789113548007000000,2005,HEAD_POSE_ESTIMATE,estimated,0.6781591014990018,5.446782605359713,8.59896661463578,-0.09537709387545776,-0.10142987822930036,0.09973008959859667
27973352,1789113548032000000,2006,HEAD_POSE_ESTIMATE,estimated,0.6916255460690809,5.452070037023959,8.600066867253975,-0.07239688507701335,-0.10754235726209248,0.0947974015272332
27986352,1789113548045000000,2007,HEAD_POSE_ESTIMATE,estimated,0.7308656368854136,5.440356244122781,8.610772967380118,-0.06164951066445437,-0.10880210136094026,0.0828786791870445
28000352,1789113548059000000,2008,HEAD_POSE_ESTIMATE,estimated,0.7469247621934116,5.436114939788982,8.616773035799774,-0.04970096088462166,-0.1088416689088562,0.061236496502094145
28014352,1789113548073000000,2009,HEAD_POSE_ESTIMATE,estimated,0.7508077392813973,5.417644857489367,8.619274321833567,-0.0477950876070941,-0.10855617647570326,0.03792848751011225
28028352,1789113548087000000,2010,HEAD_POSE_ESTIMATE,estimated,0.766951518343932,5.411501111435937,8.619675095265885,-0.04100950633477349,-0.10392107129244733,0.018747736461681964
28042352,1789113548101000000,2011,HEAD_POSE_ESTIMATE,estimated,0.7854599005222975,5.402795177747049,8.616114331476705,-0.026950393751549343,-0.09617507437943469,0.000974320850966517
28056352,1789113548115000000,2012,HEAD_POSE_ESTIMATE,estimated,0.7995652486505032,5.397515307230661,8.619544167352206,-0.0062947237872891795,-0.0873388484707688,-0.008962111118085146
28070352,1789113548129000000,2013,HEAD_POSE_ESTIMATE,estimated,0.8213842716079964,5.376493373226365,8.610447246247565,0.019814669373244165,-0.07386301481502686,-0.018987589839725302
28086352,1789113548145000000,2014,HEAD_POSE_ESTIMATE,estimated,0.8431607398080767,5.359661123002513,8.585103475552794,0.039167909772087145,-0.06537099088652853,-0.029175340823071095
28097352,1789113548156000000,2015,HEAD_POSE_ESTIMATE,estimated,0.8583216931567503,5.340976319330327,8.538567891628507,0.051272472358474756,-0.06272775595672042,-0.0308493375471579
28112352,1789113548171000000,2016,HEAD_POSE_ESTIMATE,estimated,0.8958749450693433,5.329830752815722,8.520422212703815,0.06483953154188586,-0.05584327188315618,-0.0368064553183774
28127352,1789113548186000000,2017,HEAD_POSE_ESTIMATE,estimated,0.9374806408701313,5.335945258222274,8.494963280033978,0.07523287225970363,-0.05068549161860732,-0.04455720963992246
28140352,1789113548199000000,2018,HEAD_POSE_ESTIMATE,estimated,0.9743748382488107,5.336712966055665,8.482994957344873,0.08228877036833357,-0.04892721358098427,-0.05619121419278875
28154352,1789113548213000000,2019,HEAD_POSE_ESTIMATE,estimated,1.017866950184847,5.32534865847832,8.478191858025616,0.0858929838344599,-0.04617338180949341,-0.06874962892205841
28169352,1789113548228000000,2020,HEAD_POSE_ESTIMATE,estimated,1.0588518463740892,5.310553127370346,8.47472723656577,0.0869657759387091,-0.04355370144871711,-0.08235105321638563
28182352,1789113548241000000,2021,HEAD_POSE_ESTIMATE,estimated,1.0928030283467511,5.303014715929443,8.465869527967717,0.08568605887330695,-0.04119472023051657,-0.094876719268641
28196352,1789113548255000000,2022,HEAD_POSE_ESTIMATE,estimated,1.1301708578584462,5.314524317173058,8.463582857914137,0.08644471035301261,-0.03882839195998995,-0.10544786845102173
28211352,1789113548270000000,2023,HEAD_POSE_ESTIMATE,estimated,1.1596444289092553,5.328760439790508,8.461806335634256,0.08902309269722819,-0.04058954002283302,-0.1169180186867217
28224352,1789113548283000000,2024,HEAD_POSE_ESTIMATE,estimated,1.1841068179381085,5.345086476273745,8.454340030716436,0.09080254469426735,-0.04253376773399673,-0.127837775203703
28238352,1789113548297000000,2025,HEAD_POSE_ESTIMATE,estimated,1.2011497656366812,5.358388914550536,8.455221742090815,0.09735399925090611,-0.045068428426458466,-0.14317059426092452
28252352,1789113548311000000,2026,HEAD_POSE_ESTIMATE,estimated,1.228346385142737,5.37644973899944,8.465723571410136,0.09716628725708007,-0.04732006384220961,-0.15816930474719132
28266352,1789113548325000000,2027,HEAD_POSE_ESTIMATE,estimated,1.2598696115380164,5.395341459699967,8.47389430986198,0.0933537934815484,-0.050110797727985656,-0.17323271570213145
28280352,1789113548339000000,2028,HEAD_POSE_ESTIMATE,estimated,1.2895805669189042,5.418485540638071,8.485301896727574,0.08911164296600232,-0.05508694959763697,-0.1917442136482113
28294352,1789113548353000000,2029,HEAD_POSE_ESTIMATE,estimated,1.3221462058165931,5.4345584152291835,8.488471248062398,0.085205594770988,-0.05965220684641971,-0.20362018553445885
28308352,1789113548367000000,2030,HEAD_POSE_ESTIMATE,estimated,1.3486058901899431,5.451657304845687,8.48708055209899,0.08612589081767182,-0.06558505961269101,-0.2161861925413021
28323352,1789113548382000000,2031,HEAD_POSE_ESTIMATE,estimated,1.3537521711474516,5.464910044848324,8.466418441872255,0.09539525667663876,-0.07560157600794726,-0.23692957060797443
28336352,1789113548395000000,2032,HEAD_POSE_ESTIMATE,estimated,1.3532963909413769,5.47866021388277,8.449186703335439,0.10889698780302419,-0.0816414928694034,-0.25319702812777906
28351352,1789113548410000000,2033,HEAD_POSE_ESTIMATE,estimated,1.3247706136827624,5.484276428666045,8.410765507644328,0.12872398201885238,-0.09416696448032122,-0.27925550940081456
28364352,1789113548423000000,2034,HEAD_POSE_ESTIMATE,estimated,1.2914470934211546,5.486836669938343,8.371727125422197,0.1482962447794477,-0.1089610219549544,-0.30496767344990894
28378352,1789113548437000000,2035,HEAD_POSE_ESTIMATE,estimated,1.2341123029310928,5.497707739201421,8.329841458876789,0.1692630901714076,-0.12739182205124452,-0.3367851098416484
28392352,1789113548451000000,2036,HEAD_POSE_ESTIMATE,estimated,1.1677150390657673,5.501524130550215,8.279478131064298,0.18563130718271725,-0.1478890542230832,-0.36860421293212453
28406352,1789113548465000000,2037,HEAD_POSE_ESTIMATE,estimated,1.0868901672550775,5.52284420943875,8.216854233087714,0.19630195422443344,-0.16866084147273583,-0.3996847623921438
28419352,1789113548478000000,2038,HEAD_POSE_ESTIMATE,estimated,1.011937661306411,5.539566836191658,8.1645668065753,0.20086503084192295,-0.18757940078639762,-0.4304629863319087
28434352,1789113548493000000,2039,HEAD_POSE_ESTIMATE,estimated,0.9367633435192666,5.544704201425631,8.115027721212364,0.20331034901857628,-0.20391877415155032,-0.45741523023480474
28447352,1789113548506000000,2040,HEAD_POSE_ESTIMATE,estimated,0.8822435250273526,5.553560125826756,8.070199657703194,0.202688462931254,-0.21574409414407894,-0.47622194785222793
28462352,1789113548521000000,2041,HEAD_POSE_ESTIMATE,estimated,0.8182126224725654,5.556447874011501,8.025178741154477,0.197688855876734,-0.22578112513725102,-0.4909463951014131
28476352,1789113548535000000,2042,HEAD_POSE_ESTIMATE,estimated,0.7714228901897728,5.570676545898242,7.9944662779756905,0.19187061123327337,-0.2324583920105359,-0.49880846225336595
28491352,1789113548550000000,2043,HEAD_POSE_ESTIMATE,estimated,0.6914745360314958,5.590802392369437,7.952205876121811,0.18279492617727,-0.2374533648610826,-0.5023462288491561
28505352,1789113548564000000,2044,HEAD_POSE_ESTIMATE,estimated,0.6666776213796936,5.613578744030499,7.942280692353967,0.17220158173064642,-0.23667652485118307,-0.4964197810884003
28519352,1789113548578000000,2045,HEAD_POSE_ESTIMATE,estimated,0.6225942343215995,5.6390414969390354,7.923030382574519,0.16569483606664268,-0.23717546563711586,-0.49433142558470844
28533352,1789113548592000000,2046,HEAD_POSE_ESTIMATE,estimated,0.5804484694085381,5.660438342432154,7.916018519648271,0.1583035246751286,-0.23420344548183564,-0.4882057188655644
28546352,1789113548605000000,2047,HEAD_POSE_ESTIMATE,estimated,0.5265096664743697,5.669460211722118,7.902176703207753,0.15162429446730538,-0.23046519724462078,-0.4784594541795443
28560352,1789113548619000000,2048,HEAD_POSE_ESTIMATE,estimated,0.45227812946651985,5.6828216539722325,7.890208789312345,0.1491434928332722,-0.2322948333001336,-0.4749695364732428
28574352,1789113548633000000,2049,HEAD_POSE_ESTIMATE,estimated,0.3951633086169899,5.694428253846965,7.881174319953876,0.14481942350587465,-0.22957347635897593,-0.4637871081169823
28588352,1789113548647000000,2050,HEAD_POSE_ESTIMATE,estimated,0.33544123884684407,5.7118008683241905,7.875079339963192,0.1432031836797943,-0.22965706593903404,-0.45827883556779786
28604352,1789113548663000000,2051,HEAD_POSE_ESTIMATE,estimated,0.25480012920705036,5.743377520492417,7.859137823709009,0.14376208421224626,-0.2300750701196201,-0.45764008770134923
28615352,1789113548674000000,2052,HEAD_POSE_ESTIMATE,estimated,0.18619977278971772,5.780190856223238,7.836375333099112,0.1474840412034113,-0.23308199499794097,-0.47001731681529296
28630352,1789113548689000000,2053,HEAD_POSE_ESTIMATE,estimated,0.13373186127317255,5.818983636468595,7.835467248481031,0.1505198490754948,-0.23120048792192846,-0.47766361963214105
28644352,1789113548703000000,2054,HEAD_POSE_ESTIMATE,estimated,0.09370045404767566,5.855593617145244,7.825028088165399,0.1533307741480776,-0.22660968710961138,-0.48099489527057093
28658352,1789113548717000000,2055,HEAD_POSE_ESTIMATE,estimated,0.07062092050860908,5.886442693940563,7.832017923021927,0.1523322605335315,-0.22077081289226255,-0.48429387337862334
28673352,1789113548732000000,2056,HEAD_POSE_ESTIMATE,estimated,0.018780417332917104,5.911398150893535,7.8126112949865645,0.1530137743055118,-0.21021542103884389,-0.47541276477839783
28685352,1789113548744000000,2057,HEAD_POSE_ESTIMATE,estimated,-0.026532553780037854,5.929643902333511,7.786142797310946,0.1556571370865755,-0.20020283263518263,-0.45799154588128327
28699352,1789113548758000000,2058,HEAD_POSE_ESTIMATE,estimated,-0.07638036508565751,5.94565382305127,7.759984747119944,0.16199438407834132,-0.18587494291431192,-0.42597609786744195
28713352,1789113548772000000,2059,HEAD_POSE_ESTIMATE,estimated,-0.10378469917836988,5.949513830643448,7.7349946856408796,0.17194625078776765,-0.16877864895015346,-0.3851792069340564
28729352,1789113548788000000,2060,HEAD_POSE_ESTIMATE,estimated,-0.08089273408814027,5.95110088637871,7.7235796281835505,0.1878190596619239,-0.15522640848177546,-0.34455944637600694
28741352,1789113548800000000,2061,HEAD_POSE_ESTIMATE,estimated,-0.10383030976565022,5.956048106942351,7.688700726470324,0.19864777194003413,-0.1434813385924569,-0.30798392619068654
28755352,1789113548814000000,2062,HEAD_POSE_ESTIMATE,estimated,-0.09781650971746886,5.969243249330013,7.698117316903535,0.20887480624269095,-0.13511883233484487,-0.2786268147568749
28768352,1789113548827000000,2063,HEAD_POSE_ESTIMATE,estimated,-0.10707711652584939,5.995154607701473,7.680055144254073,0.21347484343055506,-0.1305385806402391,-0.26421130386675445
28783352,1789113548842000000,2064,HEAD_POSE_ESTIMATE,estimated,-0.10829132073825487,6.0243844097718595,7.672083669456518,0.21016992125377534,-0.12656015762599884,-0.2550775798756748
28797352,1789113548856000000,2065,HEAD_POSE_ESTIMATE,estimated,-0.09082154335626777,6.058872700327058,7.6748442390402,0.20216932468578075,-0.12416000050265119,-0.2568875670265384
28811352,1789113548870000000,2066,HEAD_POSE_ESTIMATE,estimated,-0.09141688650451682,6.096067573198925,7.673372855564536,0.1876461669694913,-0.12102751880471005,-0.25859192189673297
28824352,1789113548883000000,2067,HEAD_POSE_ESTIMATE,estimated,-0.09317140378433822,6.13370434241486,7.664318826460552,0.1703574389374112,-0.11925466262277368,-0.26075277085439214
28838352,1789113548897000000,2068,HEAD_POSE_ESTIMATE,estimated,-0.09656438233358518,6.181183628415614,7.667629938992197,0.1494113568559046,-0.11396070488320958,-0.2565392033844131
28852352,1789113548911000000,2069,HEAD_POSE_ESTIMATE,estimated,-0.061978268037892,6.232795886827704,7.679564702752949,0.1346216991261235,-0.11265841056463576,-0.2543293207601577
28865352,1789113548924000000,2070,HEAD_POSE_ESTIMATE,estimated,-0.05030151340879413,6.266547298134378,7.673996942100184,0.12399200999058996,-0.11145922210908632,-0.24978781490834245
28881352,1789113548940000000,2071,HEAD_POSE_ESTIMATE,estimated,-0.03594425062163149,6.299743260711084,7.6808390050123645,0.1207633361546691,-0.11020367478238749,-0.23854779781992952
28894352,1789113548953000000,2072,HEAD_POSE_ESTIMATE,estimated,-0.04556221110511855,6.322447636091715,7.664970164100091,0.12435677543150449,-0.11041522943077904,-0.2318420492465255
28908352,1789113548967000000,2073,HEAD_POSE_ESTIMATE,estimated,-0.036138537284411465,6.337858272689459,7.649111099345131,0.13542100670855645,-0.11231272975243674,-0.23102972028552005
28921352,1789113548980000000,2074,HEAD_POSE_ESTIMATE,estimated,-0.026720755017402724,6.354261553494923,7.625619847865463,0.14919976672315344,-0.11733154752853579,-0.23504061020961955
28935352,1789113548994000000,2075,HEAD_POSE_ESTIMATE,estimated,-0.0139539066825096,6.376054090019899,7.597034158435065,0.16162365617910748,-0.12234834537972536,-0.24110231258587603
28949352,1789113549008000000,2076,HEAD_POSE_ESTIMATE,estimated,0.0035440366993903447,6.411724849690248,7.562249972503671,0.17178329904965647,-0.12912269647808236,-0.24543244347126256
28963352,1789113549022000000,2077,HEAD_POSE_ESTIMATE,estimated,0.012868161173219808,6.442808140970844,7.52130186696454,0.18444424959360828,-0.14119283989042142,-0.24850518122123705
28977352,1789113549036000000,2078,HEAD_POSE_ESTIMATE,estimated,0.03420987376816846,6.477073933933235,7.49885682370655,0.19298731575220832,-0.1507274167327995,-0.24724139241408252
28991352,1789113549050000000,2079,HEAD_POSE_ESTIMATE,estimated,0.037409891215555637,6.495813193523721,7.4434014263492365,0.20066486894370633,-0.16412505260159374,-0.2428066925955918
29005352,1789113549064000000,2080,HEAD_POSE_ESTIMATE,estimated,0.06687473949630246,6.5167594882735065,7.400075645148878,0.20715307981794093,-0.1807678530781147,-0.23940720556916867
29019352,1789113549078000000,2081,HEAD_POSE_ESTIMATE,estimated,0.0767488019703736,6.5453449760703375,7.357807752807007,0.2102323482443481,-0.19803471327818123,-0.23260874456847339
29033352,1789113549092000000,2082,HEAD_POSE_ESTIMATE,estimated,0.08854192438343804,6.57057537773117,7.31340441159988,0.21278408965037157,-0.21783978481838345,-0.23041074565212008
29047352,1789113549106000000,2083,HEAD_POSE_ESTIMATE,estimated,0.08665314946152004,6.596604518066304,7.252846846145925,0.21451449181509272,-0.23752349713650442,-0.23065850377670044
29060352,1789113549119000000,2084,HEAD_POSE_ESTIMATE,estimated,0.09773219509489438,6.621118406123441,7.210343883074859,0.21617580713172543,-0.255995002093604,-0.23378244027389786
29075352,1789113549134000000,2085,HEAD_POSE_ESTIMATE,estimated,0.0892121380729086,6.6402245932761215,7.159782261463558,0.21533798974875049,-0.2749514362838942,-0.24039123133915713
29088352,1789113549147000000,2086,HEAD_POSE_ESTIMATE,estimated,0.12052541911329641,6.662183939979863,7.128955751707416,0.21347164474388425,-0.2889155548156334,-0.24789664304788786
29102352,1789113549161000000,2087,HEAD_POSE_ESTIMATE,estimated,0.13813469433259784,6.685658705031884,7.105700360443875,0.21309825558050727,-0.30500617652691936,-0.25921232272994166
29116352,1789113549175000000,2088,HEAD_POSE_ESTIMATE,estimated,0.1485871888735316,6.700297586594653,7.076443357400879,0.2126037059216834,-0.318350180877967,-0.27011813812587887
29130352,1789113549189000000,2089,HEAD_POSE_ESTIMATE,estimated,0.15525412836804384,6.716075726368021,7.045994358762457,0.21377177504648293,-0.3300069760037508,-0.281229081121385
29144352,1789113549203000000,2090,HEAD_POSE_ESTIMATE,estimated,0.16780084248746016,6.727683645182062,7.013107500467318,0.21741527822367232,-0.34177846488283453,-0.29396591393267096
29159352,1789113549218000000,2091,HEAD_POSE_ESTIMATE,estimated,0.1625314950112038,6.735013439085859,6.978358765286796,0.22514951054332602,-0.3550382226604041,-0.30630278794201665
29172352,1789113549231000000,2092,HEAD_POSE_ESTIMATE,estimated,0.1752086892675154,6.744224577514525,6.950389573879311,0.2301077897459647,-0.36295042397113564,-0.3149609895183045
29187352,1789113549246000000,2093,HEAD_POSE_ESTIMATE,estimated,0.1690204987183913,6.751196845551466,6.909808558600862,0.23309680300960373,-0.3703371174942489,-0.32154167185494037
29199352,1789113549258000000,2094,HEAD_POSE_ESTIMATE,estimated,0.17676889627768366,6.762454345256675,6.883803214069042,0.2354263587017895,-0.3802715464325,-0.32684984884663953
29213352,1789113549272000000,2095,HEAD_POSE_ESTIMATE,estimated,0.14481802111060704,6.779121003517184,6.850361096953482,0.23590829136246153,-0.3893343366230605,-0.33523513331603044
29227352,1789113549286000000,2096,HEAD_POSE_ESTIMATE,estimated,0.14287770823200482,6.811850005806303,6.833552742987478,0.2324515641279846,-0.3951352607927029,-0.34082242607272245
29241352,1789113549300000000,2097,HEAD_POSE_ESTIMATE,estimated,0.1415839800413426,6.847158463560085,6.816813150093558,0.22767480659921654,-0.4014693448387656,-0.3477161112438744
29255352,1789113549314000000,2098,HEAD_POSE_ESTIMATE,estimated,0.1537826463930312,6.867659213274022,6.805115163617812,0.22020512794821145,-0.40470840932130625,-0.35174540297775064
29270352,1789113549329000000,2099,HEAD_POSE_ESTIMATE,estimated,0.18173594964126083,6.888138608071265,6.7941475037675,0.2131751280618009,-0.40705947420150623,-0.3530642951410848
29283352,1789113549342000000,2100,HEAD_POSE_ESTIMATE,estimated,0.22403019681000752,6.907916057877324,6.778074282350651,0.2118665792858216,-0.40928936827730944,-0.3550368766122729
29297352,1789113549356000000,2101,HEAD_POSE_ESTIMATE,estimated,0.2035343161340573,6.911137285689517,6.74515286580082,0.21831424243524045,-0.41564853414544306,-0.3582570071301454
29311352,1789113549370000000,2102,HEAD_POSE_ESTIMATE,estimated,0.27467328848698525,6.921916570084576,6.727278491472971,0.22236218732550145,-0.4156081872130994,-0.3584885177688381
29327352,1789113549386000000,2103,HEAD_POSE_ESTIMATE,estimated,0.32000992700558106,6.914973179073906,6.690197354489134,0.22795854411023964,-0.4140188438970278,-0.36156677674108645
29339352,1789113549398000000,2104,HEAD_POSE_ESTIMATE,estimated,0.3431134665683349,6.918639048339283,6.665737439392375,0.2356479606904472,-0.41375107918718235,-0.3648557518282062
29353352,1789113549412000000,2105,HEAD_POSE_ESTIMATE,estimated,0.3689496564016766,6.912264194593537,6.634953557354224,0.24052533870852702,-0.4132753927077544,-0.3736648195418393
29367352,1789113549426000000,2106,HEAD_POSE_ESTIMATE,estimated,0.38932276826285017,6.904192619518667,6.597274990072004,0.2418796100896628,-0.4126684661875042,-0.3856303089349109
29380352,1789113549439000000,2107,HEAD_POSE_ESTIMATE,estimated,0.3817700408347049,6.90393666222064,6.566842973574,0.2395266070202348,-0.41140282258215793,-0.400220238163614
29394352,1789113549453000000,2108,HEAD_POSE_ESTIMATE,estimated,0.3888063720700887,6.905601483186317,6.531663808670505,0.23099047826193028,-0.4130590166035437,-0.4184605549341071
29411352,1789113549470000000,2109,HEAD_POSE_ESTIMATE,estimated,0.3551330092756917,6.9125482608260045,6.494652125354528,0.21453817101591496,-0.41645039945134554,-0.4387493798974047
29421352,1789113549480000000,2110,HEAD_POSE_ESTIMATE,estimated,0.33521198550660575,6.927236610227301,6.456324496772626,0.19835476929180734,-0.41908865268842643,-0.4514069778236141
29435352,1789113549494000000,2111,HEAD_POSE_ESTIMATE,estimated,0.29499556730879556,6.943699732925606,6.4214401711508975,0.176719369337264,-0.42285640499608895,-0.4657567979738104
29449352,1789113549508000000,2112,HEAD_POSE_ESTIMATE,estimated,0.2702721875563393,6.963048974495875,6.401515812151747,0.15714483204823182,-0.4323904470552088,-0.48286179168993487
29463352,1789113549522000000,2113,HEAD_POSE_ESTIMATE,estimated,0.2432258218223089,6.976904165764169,6.365459348682271,0.13596717075373185,-0.4409469264086597,-0.491773604448955
29477352,1789113549536000000,2114,HEAD_POSE_ESTIMATE,estimated,0.20698650344988892,6.971294435421573,6.353539683589841,0.12024468378876589,-0.4514840059450104,-0.4989470370468734
29491352,1789113549550000000,2115,HEAD_POSE_ESTIMATE,estimated,0.17206990593910132,6.961339064143996,6.339993268129425,0.10722260491493663,-0.464055163011507,-0.5020174188700461
29505352,1789113549564000000,2116,HEAD_POSE_ESTIMATE,estimated,0.11730193148277121,6.947416594579866,6.319078177640623,0.0959231327234782,-0.4773539495037413,-0.49845810373966937
29519352,1789113549578000000,2117,HEAD_POSE_ESTIMATE,estimated,0.045693045525460364,6.928262414151582,6.311381029717079,0.08830091030554543,-0.4897171216491659,-0.4930681143614921
29533352,1789113549592000000,2118,HEAD_POSE_ESTIMATE,estimated,0.0418008435359459,6.9389700118317,6.30273659519694,0.08177581486083405,-0.506220899798524,-0.48916070841438036
29547352,1789113549606000000,2119,HEAD_POSE_ESTIMATE,estimated,-0.0034894175293650326,6.933737952963984,6.303408890308659,0.0717588988218453,-0.5159607415881992,-0.4791440763169876
29562352,1789113549621000000,2120,HEAD_POSE_ESTIMATE,estimated,-0.06104334381096134,6.940835305763042,6.310116987394014,0.05547111871385553,-0.5237677825540876,-0.4690580697690403
29575352,1789113549634000000,2121,HEAD_POSE_ESTIMATE,estimated,-0.12046205517114271,6.939163890823838,6.324368298931765,0.042608004398836635,-0.5280803705922229,-0.4615977708369792
29589352,1789113549648000000,2122,HEAD_POSE_ESTIMATE,estimated,-0.15264164599000868,6.936712167262968,6.3346368458595155,0.027740921749562657,-0.5251383313015248,-0.4504624626441767
29603352,1789113549662000000,2123,HEAD_POSE_ESTIMATE,estimated,-0.17358535834815558,6.945967303725682,6.332728536971946,0.011035885894209362,-0.5177751368900847,-0.4363344632894196
29617352,1789113549676000000,2124,HEAD_POSE_ESTIMATE,estimated,-0.1836559823619326,6.959511768437329,6.329647965456918,-0.002750986965115579,-0.5060861232207067,-0.4244100101885136
29631352,1789113549690000000,2125,HEAD_POSE_ESTIMATE,estimated,-0.1733462062582597,6.977405158662328,6.331942616567875,-0.018974778767217763,-0.49020822849965345,-0.4076030731953421
29645352,1789113549704000000,2126,HEAD_POSE_ESTIMATE,estimated,-0.15786903576249645,6.9974059242089455,6.3343522444652995,-0.03496608726747436,-0.4744043254055898,-0.3845152367010639
29658352,1789113549717000000,2127,HEAD_POSE_ESTIMATE,estimated,-0.175070449471316,7.009050385979468,6.368415347967426,-0.050784263739221056,-0.46494913507419566,-0.35560747162051
29673352,1789113549732000000,2128,HEAD_POSE_ESTIMATE,estimated,-0.14454258989405772,7.024745848400525,6.386263357770021,-0.06542870353675831,-0.44961436352115264,-0.3216235705393663
29688352,1789113549747000000,2129,HEAD_POSE_ESTIMATE,estimated,-0.10287640130759401,7.040692460292966,6.427476956604924,-0.07964914004608242,-0.4403021790728663,-0.29576967893754663
29701352,1789113549760000000,2130,HEAD_POSE_ESTIMATE,estimated,-0.074930321645858,7.05005819124259,6.472721158905581,-0.09214795737861793,-0.43233737628898883,-0.2761882619927244
29714352,1789113549773000000,2131,HEAD_POSE_ESTIMATE,estimated,-0.06088928186539547,7.067421482379922,6.51433829479272,-0.10544803821526709,-0.42658326218507714,-0.2716849158990859
29728352,1789113549787000000,2132,HEAD_POSE_ESTIMATE,estimated,-0.03956049349815971,7.07172177763375,6.563257043969686,-0.11798185788362103,-0.4200791518440726,-0.27811055314605504
29741352,1789113549800000000,2133,HEAD_POSE_ESTIMATE,estimated,-0.03347500910349266,7.078723007422199,6.608545449387945,-0.1276200454650101,-0.4146206593884085,-0.2885110731158959
29755352,1789113549814000000,2134,HEAD_POSE_ESTIMATE,estimated,-0.020102887672228287,7.087199969035043,6.651697153946634,-0.13224108858140737,-0.40835984164599753,-0.302177633783264
29771352,1789113549830000000,2135,HEAD_POSE_ESTIMATE,estimated,-0.02440610513766117,7.079596413713519,6.70766845150827,-0.13072911005617247,-0.40261445948322644,-0.31333782943276234
29782352,1789113549841000000,2136,HEAD_POSE_ESTIMATE,estimated,-0.03537011842037657,7.070023575739443,6.743252548826474,-0.12381489537728799,-0.39627129980878467,-0.3187136431700411
29797352,1789113549856000000,2137,HEAD_POSE_ESTIMATE,estimated,-0.050642893080068335,7.044571931073993,6.798162269064687,-0.11175219002625215,-0.3887877837374026,-0.3117455062315004
29810352,1789113549869000000,2138,HEAD_POSE_ESTIMATE,estimated,-0.016236221442704507,7.026794183551904,6.805671352704128,-0.09773733005792463,-0.3825544298151304,-0.30221808270622574
29825352,1789113549884000000,2139,HEAD_POSE_ESTIMATE,estimated,0.03216557847913243,7.0096788527390235,6.802426751297551,-0.08076980767989793,-0.37675678469706486,-0.2885986866169724
29839352,1789113549898000000,2140,HEAD_POSE_ESTIMATE,estimated,0.07193516036716477,7.001858797986548,6.805820236420983,-0.0665595741451415,-0.37171418842070963,-0.2724442788674869
29853352,1789113549912000000,2141,HEAD_POSE_ESTIMATE,estimated,0.10830289048031128,6.99331199318975,6.802592279457097,-0.05423661348888708,-0.3705295302810432,-0.26357179443720047
29866352,1789113549925000000,2142,HEAD_POSE_ESTIMATE,estimated,0.12326452983486802,6.9855043528689835,6.810838263887577,-0.04674169150474734,-0.368844951568162,-0.25656592490105673
29880352,1789113549939000000,2143,HEAD_POSE_ESTIMATE,estimated,0.12964321037521695,6.979588154156434,6.818308364664206,-0.04166338165387732,-0.3674578044845931,-0.25492260772919184
29894352,1789113549953000000,2144,HEAD_POSE_ESTIMATE,estimated,0.12421341006045572,6.96327952399091,6.833053866614757,-0.0372373601148646,-0.375314560529902,-0.2603787410740484
29910352,1789113549969000000,2145,HEAD_POSE_ESTIMATE,estimated,0.10240425230775693,6.952751541023279,6.8488333829932,-0.03290202674855633,-0.377052994994636,-0.26097208362703117
29922352,1789113549981000000,2146,HEAD_POSE_ESTIMATE,estimated,0.12177296413034008,6.945034312457351,6.832098522667435,-0.032249039612065385,-0.3795437977740244,-0.2590999365973415
29935352,1789113549994000000,2147,HEAD_POSE_ESTIMATE,estimated,0.1261732299258753,6.950724723415751,6.821515014333711,-0.03234906329788897,-0.38351686093466364,-0.24999762367570502
29949352,1789113550008000000,2148,HEAD_POSE_ESTIMATE,estimated,0.14502979787514492,6.9492718131411895,6.797175939318145,-0.03509182350759618,-0.3894584536758389,-0.2364123084497929
29963352,1789113550022000000,2149,HEAD_POSE_ESTIMATE,estimated,0.16329387672886625,6.952732900244682,6.7687865855951115,-0.03943315888354703,-0.3946362202944349,-0.22382363554159967
29977352,1789113550036000000,2150,HEAD_POSE_ESTIMATE,estimated,0.19159354926118768,6.956551963907478,6.746623093513241,-0.04049736370862801,-0.3992895564497643,-0.21473292790641343
29991352,1789113550050000000,2151,HEAD_POSE_ESTIMATE,estimated,0.2118521763305225,6.955336630300541,6.7316162498568195,-0.04597265869621695,-0.39953261464397566,-0.2083124219210187
30008352,1789113550067000000,2152,HEAD_POSE_ESTIMATE,estimated,0.24888962451609264,6.9511629676647475,6.712430855414817,-0.05804918821195725,-0.39602674116471626,-0.2036538632830459
30020352,1789113550079000000,2153,HEAD_POSE_ESTIMATE,estimated,0.2647922745051856,6.928294086433738,6.725831272879888,-0.07032587173163202,-0.39308121065895474,-0.20595980477861006
30032352,1789113550091000000,2154,HEAD_POSE_ESTIMATE,estimated,0.3167187252002536,6.918219658481729,6.700317395930639,-0.08320743608052093,-0.39068555723055753,-0.2046718159653513
30046352,1789113550105000000,2155,HEAD_POSE_ESTIMATE,estimated,0.35863066525649434,6.9056272482539125,6.687332526453008,-0.09506499099702045,-0.3853307463634404,-0.19665330674311884
30060352,1789113550119000000,2156,HEAD_POSE_ESTIMATE,estimated,0.3713019115924932,6.895636906653682,6.699911885738937,-0.10639092675011125,-0.37700452806206175,-0.182783627865064
30074352,1789113550133000000,2157,HEAD_POSE_ESTIMATE,estimated,0.3645298779308117,6.886348528363563,6.742364708071977,-0.11308598281498017,-0.36940228270439185,-0.16455113903342508
30088352,1789113550147000000,2158,HEAD_POSE_ESTIMATE,estimated,0.3711245010084452,6.862675596001375,6.782986559163953,-0.11785316459112129,-0.3553010373354807,-0.1485628664774765
30102352,1789113550161000000,2159,HEAD_POSE_ESTIMATE,estimated,0.3701776946836111,6.846138733643114,6.818754600479669,-0.12501319492909072,-0.33771462174309974,-0.13402659725562865
30116352,1789113550175000000,2160,HEAD_POSE_ESTIMATE,estimated,0.36188872975205655,6.8300138627394595,6.89068045481936,-0.13539834770682113,-0.32067967292729305,-0.11942294656305118
30131352,1789113550190000000,2161,HEAD_POSE_ESTIMATE,estimated,0.3919720122664453,6.8470224921800344,6.916473460870369,-0.14831675938090524,-0.3059437767557621,-0.11993630691048558
30144352,1789113550203000000,2162,HEAD_POSE_ESTIMATE,estimated,0.40051916594278864,6.864139956177287,6.940099255925854,-0.1585484636753066,-0.29071712212782685,-0.1282104776734503
30157352,1789113550216000000,2163,HEAD_POSE_ESTIMATE,estimated,0.38685746129292997,6.883486963541597,6.985315455060888,-0.16854320341759343,-0.274856179511834,-0.14353172025140054
30172352,1789113550231000000,2164,HEAD_POSE_ESTIMATE,estimated,0.37633365085087045,6.897834128292176,7.023923342306805,-0.1776357463694737,-0.2535032580818406,-0.16174836299254922
30188352,1789113550247000000,2165,HEAD_POSE_ESTIMATE,estimated,0.3471314049150399,6.901449462690434,7.070031426430504,-0.18420252173394047,-0.22772399943102153,-0.17728559107572012
30199352,1789113550258000000,2166,HEAD_POSE_ESTIMATE,estimated,0.338999018331337,6.90049478963333,7.1087207600171105,-0.18740203524310112,-0.20952485920505182,-0.18380235101305073
30213352,1789113550272000000,2167,HEAD_POSE_ESTIMATE,estimated,0.32768900044967086,6.906123070251249,7.139346961679232,-0.18604492804166653,-0.18642511279390772,-0.1840917494307123
30227352,1789113550286000000,2168,HEAD_POSE_ESTIMATE,estimated,0.302485194137019,6.904483411138512,7.172061288150431,-0.1823986315420566,-0.1619903370165442,-0.1758962820853934
30241352,1789113550300000000,2169,HEAD_POSE_ESTIMATE,estimated,0.29558899667388305,6.8902854170321035,7.234311675554228,-0.17842558266244257,-0.13745233910680366,-0.1608104069873395
30255352,1789113550314000000,2170,HEAD_POSE_ESTIMATE,estimated,0.3003914243470799,6.882160004254189,7.2832463275091355,-0.17579891939149042,-0.11422303494787078,-0.14609429396173368
30269352,1789113550328000000,2171,HEAD_POSE_ESTIMATE,estimated,0.29707014671488013,6.883718405927076,7.332631502084545,-0.1750220238961307,-0.08896915191162738,-0.131035784037394
30283352,1789113550342000000,2172,HEAD_POSE_ESTIMATE,estimated,0.28611355942498745,6.889373106124474,7.379460273321132,-0.17295827525862625,-0.06427066129948537,-0.11626861732792389
30297352,1789113550356000000,2173,HEAD_POSE_ESTIMATE,estimated,0.2838999518128484,6.897069624318402,7.422174913687598,-0.17644329320543678,-0.040164915383735615,-0.10942387077640262
30311352,1789113550370000000,2174,HEAD_POSE_ESTIMATE,estimated,0.29793449527908705,6.89902705098976,7.434071269484148,-0.17811772377988988,-0.025554057628529955,-0.10977687281116304
30324352,1789113550383000000,2175,HEAD_POSE_ESTIMATE,estimated,0.29944252236457847,6.90551952961934,7.456291374680311,-0.1754091997588446,-0.014085554635672582,-0.111464539144168
30338352,1789113550397000000,2176,HEAD_POSE_ESTIMATE,estimated,0.3153120349633245,6.910211421913457,7.483264080060616,-0.1723800190794342,-0.0027773200647280504,-0.11706331605221829
30352352,1789113550411000000,2177,HEAD_POSE_ESTIMATE,estimated,0.31561025355043176,6.902786847261323,7.494735161258364,-0.1634978658744168,0.0013294797927740258,-0.11955483954011677
30366352,1789113550425000000,2178,HEAD_POSE_ESTIMATE,estimated,0.31989502787733654,6.890210436074331,7.502213305779368,-0.15031597938734806,-1.9579030095738977e-05,-0.11862180966670763
30380352,1789113550439000000,2179,HEAD_POSE_ESTIMATE,estimated,0.31904268103900546,6.859918419405307,7.519999270551955,-0.13282660228032975,-0.0013765472254159317,-0.11217577069502066
30394352,1789113550453000000,2180,HEAD_POSE_ESTIMATE,estimated,0.3199429666545357,6.8258064659892,7.5182565704305055,-0.11207264115455413,-0.007818925718669814,-0.10436782828143709
30408352,1789113550467000000,2181,HEAD_POSE_ESTIMATE,estimated,0.3114400670823041,6.792752089649263,7.510767260440704,-0.08816556194362038,-0.01730100048331437,-0.09526809793957985
30422352,1789113550481000000,2182,HEAD_POSE_ESTIMATE,estimated,0.30840277574203767,6.761980872560435,7.501851950162633,-0.06644865362997769,-0.02474269304657629,-0.08652813046906023
30435352,1789113550494000000,2183,HEAD_POSE_ESTIMATE,estimated,0.29597328142314416,6.737384810546869,7.496480087239888,-0.046728105978554264,-0.0329811548309389,-0.08064444301273327
30448352,1789113550507000000,2184,HEAD_POSE_ESTIMATE,estimated,0.28556474110745594,6.72737394013781,7.496054880557023,-0.03187596189095482,-0.0398668661076669,-0.07670371920470903
30463352,1789113550522000000,2185,HEAD_POSE_ESTIMATE,estimated,0.2746093162100195,6.717989441454317,7.511263676936533,-0.021463156647439124,-0.0425259792092186,-0.07340676609703198
30477352,1789113550536000000,2186,HEAD_POSE_ESTIMATE,estimated,0.25236698090609677,6.714228441217439,7.523359887583926,-0.02074171096202811,-0.043869078470766654,-0.07472839125286798
30492352,1789113550551000000,2187,HEAD_POSE_ESTIMATE,estimated,0.22877049310462813,6.720705408817379,7.530869731888477,-0.024397430686161785,-0.04386589688385831,-0.07628510635917976
30504352,1789113550563000000,2188,HEAD_POSE_ESTIMATE,estimated,0.20519931062808272,6.7240870112403694,7.533213294747121,-0.029618833854361107,-0.04217670153624116,-0.07638384083651453
30519352,1789113550578000000,2189,HEAD_POSE_ESTIMATE,estimated,0.1834337605182877,6.721151130946494,7.552550636186018,-0.03281566933255835,-0.03971383578740644,-0.07177153156730307
30532352,1789113550591000000,2190,HEAD_POSE_ESTIMATE,estimated,0.16989854083753492,6.72472112826699,7.558561838424107,-0.03450058870262386,-0.03514779390904882,-0.06342074312475542
30546352,1789113550605000000,2191,HEAD_POSE_ESTIMATE,estimated,0.16115094497126342,6.731273201936941,7.569420513951365,-0.031173131141391124,-0.029056108035338597,-0.0525456447121581
30561352,1789113550620000000,2192,HEAD_POSE_ESTIMATE,estimated,0.1542473942891628,6.738318896167252,7.581960202853578,-0.018993356156386042,-0.022276933183277416,-0.03970118835406589
30574352,1789113550633000000,2193,HEAD_POSE_ESTIMATE,estimated,0.14222588123761581,6.736553823145776,7.59919162192519,-0.005520155256019835,-0.015738835492920274,-0.029592309517882737
30588352,1789113550647000000,2194,HEAD_POSE_ESTIMATE,estimated,0.1410689930803275,6.740105107069367,7.605821739432978,0.013116469036544797,-0.008273461456335361,-0.021488424688791207
30602352,1789113550661000000,2195,HEAD_POSE_ESTIMATE,estimated,0.13917262149700288,6.739580817852721,7.640448546927989,0.032429299242462635,-0.003320974781331999,-0.016425591974216665
30616352,1789113550675000000,2196,HEAD_POSE_ESTIMATE,estimated,0.13920034397822983,6.751218183333848,7.657323102075632,0.047411944833150775,0.0018124166395383746,-0.015550059978521462
30629352,1789113550688000000,2197,HEAD_POSE_ESTIMATE,estimated,0.12389194350611493,6.764726933855987,7.665307003993272,0.05728498751499978,0.006204608284190926,-0.018374232330682656
30643352,1789113550702000000,2198,HEAD_POSE_ESTIMATE,estimated,0.10834726555586216,6.780247079860988,7.657219727646266,0.06542657717675732,0.009988690240906305,-0.022755442538955412
30657352,1789113550716000000,2199,HEAD_POSE_ESTIMATE,estimated,0.08474794367689908,6.782933319493378,7.640589806467163,0.06821503612753596,0.01317165417308183,-0.03006942188456548
30671352,1789113550730000000,2200,HEAD_POSE_ESTIMATE,estimated,0.05700202438978369,6.786518838251742,7.619988141009378,0.07201889759333827,0.01690700803181177,-0.0336899991189983
30686352,1789113550745000000,2201,HEAD_POSE_ESTIMATE,estimated,0.029173902440083055,6.781776685951459,7.590004863025084,0.07870790351201852,0.020709580328217292,-0.031984594901896965
30700352,1789113550759000000,2202,HEAD_POSE_ESTIMATE,estimated,-0.006787308035734851,6.7650387433466355,7.59203026595789,0.088129824276935,0.02380655407823798,-0.025678094513390474
30713352,1789113550772000000,2203,HEAD_POSE_ESTIMATE,estimated,-0.04371545534811816,6.7601782283693765,7.582197214407441,0.09812149397283658,0.028168944589603666,-0.015409303375877322
30726352,1789113550785000000,2204,HEAD_POSE_ESTIMATE,estimated,-0.08110057357896472,6.763498694353871,7.57441174648505,0.10707717993431203,0.03343110253167075,-0.002050639521233715
30740352,1789113550799000000,2205,HEAD_POSE_ESTIMATE,estimated,-0.12201769894507364,6.770551820257511,7.553230108340287,0.11887545988624658,0.04172706914623744,0.01543955638536896
30754352,1789113550813000000,2206,HEAD_POSE_ESTIMATE,estimated,-0.16827610736584925,6.773959306066177,7.5292966136275705,0.12693821459355206,0.047539633433552365,0.029229609115822452
30769352,1789113550828000000,2207,HEAD_POSE_ESTIMATE,estimated,-0.2110399633364768,6.7765539311019145,7.493413883331595,0.1356713936693584,0.055849312639206464,0.044092597506077164
30782352,1789113550841000000,2208,HEAD_POSE_ESTIMATE,estimated,-0.2571518863976545,6.770217048945876,7.46078721018181,0.1430952680355385,0.0637365513768192,0.05961310167368692
30797352,1789113550856000000,2209,HEAD_POSE_ESTIMATE,estimated,-0.3053163477017607,6.747021234979986,7.431096763797538,0.15278143907084052,0.07312723851885194,0.0765344010240553
30810352,1789113550869000000,2210,HEAD_POSE_ESTIMATE,estimated,-0.34099772272650164,6.740344073689436,7.421187713172954,0.15832195051023737,0.08167697934655445,0.09372266390012701
30824352,1789113550883000000,2211,HEAD_POSE_ESTIMATE,estimated,-0.23909603293192822,6.70403129592702,7.280721493140374,0.17154534431076737,0.09659000319471577,0.12081099666876458
30838352,1789113550897000000,2212,HEAD_POSE_ESTIMATE,estimated,-0.3893638348576962,6.698355033315506,7.316683121843717,0.17238415224523218,0.10139807401782307,0.13362250917574015
30852352,1789113550911000000,2213,HEAD_POSE_ESTIMATE,estimated,-0.4860606064340779,6.679246495806634,7.317251041313343,0.1767759564849247,0.11111910202012498,0.1538846479868369
30866352,1789113550925000000,2214,HEAD_POSE_ESTIMATE,estimated,-0.5254241232436356,6.661159700913109,7.263218053091026,0.17986981593501664,0.12733748931424166,0.1824360205413468
30880352,1789113550939000000,2215,HEAD_POSE_ESTIMATE,estimated,-0.5473225522064193,6.6282693268314965,7.2197035822588544,0.18609636062939808,0.14251396571205685,0.21029731967315077
30893352,1789113550952000000,2216,HEAD_POSE_ESTIMATE,estimated,-0.5422714877115097,6.597323943413557,7.164515658566701,0.18763192479120477,0.15881450724004192,0.23790682789068043
30907352,1789113550966000000,2217,HEAD_POSE_ESTIMATE,estimated,-0.4832686499374465,6.565576792616404,7.0804957028085145,0.17983644418951955,0.1835902074472665,0.2742584628696539
30931352,1789113550990000000,2218,HEAD_POSE_ESTIMATE,estimated,-0.4221207214514357,6.523372692150937,7.007203293365622,0.15071099429174392,0.22177864177244208,0.33048406776047196
30945352,1789113551004000000,2219,HEAD_POSE_ESTIMATE,estimated,-0.37761764612587134,6.5372784198598355,6.950443295641681,0.12611228716727518,0.2456772262844633,0.358576019205174
30959352,1789113551018000000,2220,HEAD_POSE_ESTIMATE,estimated,-0.29845029531203876,6.53737698317434,6.876220563167987,0.09788175674392265,0.272974032998625,0.38549661284289777
30973352,1789113551032000000,2221,HEAD_POSE_ESTIMATE,estimated,-0.2474140875107026,6.521685316771605,6.8474855930607665,0.08057206334400413,0.29529520444455226,0.40472854794614543
30987352,1789113551046000000,2222,HEAD_POSE_ESTIMATE,estimated,-0.18963386077057104,6.515598530527183,6.818643227505214,0.06092182009061268,0.31273841665136204,0.41464381482487594
31001352,1789113551060000000,2223,HEAD_POSE_ESTIMATE,estimated,-0.09796600437475661,6.533991386495317,6.7791189663419935,0.037293116371898645,0.33013536560624474,0.4208098574439617
31015352,1789113551074000000,2224,HEAD_POSE_ESTIMATE,estimated,-0.03137337528477968,6.557807187628719,6.764262494480082,0.010796881358381737,0.3366273740910459,0.41360311627188895
31029352,1789113551088000000,2225,HEAD_POSE_ESTIMATE,estimated,0.08020528013437456,6.568979985935045,6.720603065963125,-0.018481954332885724,0.33669207509469334,0.3950386531142146
31044352,1789113551103000000,2226,HEAD_POSE_ESTIMATE,estimated,0.040916677193121975,6.6313864573896115,6.805764596904522,-0.037437976384227356,0.35302791712235765,0.4058024287566567
31056352,1789113551115000000,2227,HEAD_POSE_ESTIMATE,estimated,-0.04102775913507051,6.671811181378561,6.911603435375298,-0.04158458239513908,0.36698685177545465,0.4207358232127354
31070352,1789113551129000000,2228,HEAD_POSE_ESTIMATE,estimated,-0.06632122429797294,6.67438799481,6.957208600649652,-0.0482852613301661,0.3753737179457416,0.42701064423314367
31084352,1789113551143000000,2229,HEAD_POSE_ESTIMATE,estimated,-0.08533000069132779,6.652131494682608,7.001647749032645,-0.049457936056809745,0.389940184738193,0.4443540791575396
31098352,1789113551157000000,2230,HEAD_POSE_ESTIMATE,estimated,-0.1160336459554705,6.6330198514801815,7.041418401521908,-0.05311229041485174,0.4178408462032747,0.47608045650748076
31113352,1789113551172000000,2231,HEAD_POSE_ESTIMATE,estimated,-0.12973334523285396,6.610503474335407,7.062832161557619,-0.056690523669281775,0.44568186579825464,0.503003156296271
31127352,1789113551186000000,2232,HEAD_POSE_ESTIMATE,estimated,-0.14354564112463397,6.592995025119751,7.071738265359833,-0.058429534555665054,0.4746839053738346,0.5294949084526671
31141352,1789113551200000000,2233,HEAD_POSE_ESTIMATE,estimated,-0.1486823302714968,6.58700849121624,7.0746456115139225,-0.0638077677376316,0.5182133887051111,0.5684360703478639
31156352,1789113551215000000,2234,HEAD_POSE_ESTIMATE,estimated,-0.11986491792093845,6.5653365222958255,7.0624113109978826,-0.06282307766386978,0.5590490532873049,0.6017114271424692
31172352,1789113551231000000,2235,HEAD_POSE_ESTIMATE,estimated,-0.13517150691776192,6.526436766706636,7.061554956469376,-0.06746300037693141,0.595448771210182,0.6316277112744041
31182352,1789113551241000000,2236,HEAD_POSE_ESTIMATE,estimated,-0.09614139732398097,6.505899780709664,7.038626088390975,-0.07729840020635306,0.6173348011914154,0.6491577728725382
31197352,1789113551256000000,2237,HEAD_POSE_ESTIMATE,estimated,-0.08378184168287894,6.502654514097886,7.040267310426183,-0.10592310373344178,0.6425152670261901,0.6702501412666612
31211352,1789113551270000000,2238,HEAD_POSE_ESTIMATE,estimated,-0.024150296346540756,6.522511455440993,7.005278296791089,-0.13358752880209948,0.6567089374212421,0.6842151907253111
31225352,1789113551284000000,2239,HEAD_POSE_ESTIMATE,estimated,0.04686564759263734,6.524289651499731,6.965955519485584,-0.15634496310716225,0.6621649232133715,0.6953462842371352
31238352,1789113551297000000,2240,HEAD_POSE_ESTIMATE,estimated,0.08579719186829543,6.517366635237866,6.945728491782745,-0.16803308237350406,0.6715661303599282,0.7149831072098035
31253352,1789113551312000000,2241,HEAD_POSE_ESTIMATE,estimated,0.2614237271049942,6.499196573943187,6.893888516806099,-0.16213318600577462,0.676998900244306,0.7343791785234348
31267352,1789113551326000000,2242,HEAD_POSE_ESTIMATE,estimated,0.38841389137210747,6.46831353894255,6.859809202440408,-0.16298599496318253,0.6728635223836819,0.7383558560485466
31280352,1789113551339000000,2243,HEAD_POSE_ESTIMATE,estimated,0.6409820089032862,6.448004237917078,6.845958500183061,-0.1507220519709713,0.6809392576928852,0.7498802329164829
31295352,1789113551354000000,2244,HEAD_POSE_ESTIMATE,estimated,0.3369832746890469,6.354966726043046,6.885106633666049,-0.1365563347872867,0.653472933787526,0.7227591117549785
31309352,1789113551368000000,2245,HEAD_POSE_ESTIMATE,estimated,0.18034806290290184,6.309347039863684,6.892269211529223,-0.13230071432579932,0.6412315067547594,0.7062665299698891
31323352,1789113551382000000,2246,HEAD_POSE_ESTIMATE,estimated,0.06426165354112312,6.2863239569407625,6.892683218094704,-0.13861930074272938,0.6515333501822413,0.7083825414806484
31337352,1789113551396000000,2247,HEAD_POSE_ESTIMATE,estimated,-0.0006490951743625129,6.231496065285736,6.900372412486815,-0.154785257225215,0.6826967675909709,0.7283703135500813
31352352,1789113551411000000,2248,HEAD_POSE_ESTIMATE,estimated,-0.014587117815416217,6.156590706309933,6.903463227342242,-0.17396705100468712,0.7231173033402637,0.751081173833112
31371352,1789113551430000000,2249,HEAD_POSE_ESTIMATE,estimated,0.16061746613062267,6.097845092598975,6.931352323464178,-0.20769420516803938,0.783595550606102,0.7872188367569968
31392352,1789113551451000000,2250,HEAD_POSE_ESTIMATE,estimated,0.19607352166897207,6.062589919757506,6.977354368967022,-0.2557162795304342,0.8405218180561854,0.8156337289029088
31405352,1789113551464000000,2251,HEAD_POSE_ESTIMATE,estimated,0.27527040510630274,6.057978864305402,7.03876520703056,-0.2780385488474546,0.8703922413316799,0.8291531363848511
31419352,1789113551478000000,2252,HEAD_POSE_ESTIMATE,estimated,0.382411070773217,6.096759099279346,7.08790955194778,-0.28553588499562327,0.894764067290586,0.8400809133012108
31433352,1789113551492000000,2253,HEAD_POSE_ESTIMATE,estimated,0.5351828683742479,6.10510350948906,7.133964903918818,-0.27895100910031323,0.907055520594814,0.834155463658253
31447352,1789113551506000000,2254,HEAD_POSE_ESTIMATE,estimated,0.6971262394626901,6.093942693177402,7.187585610706286,-0.26330636633978866,0.9070609686278077,0.8109528296828814
31461352,1789113551520000000,2255,HEAD_POSE_ESTIMATE,estimated,0.8968583189640915,6.06714027629135,7.258847199604605,-0.24948989132213473,0.8896624654736938,0.7720349367796145
31475352,1789113551534000000,2256,HEAD_POSE_ESTIMATE,estimated,1.168418988127997,6.054574892887621,7.3428644276076955,-0.24297626348532195,0.8587349562917161,0.7160425023853918
31490352,1789113551549000000,2257,HEAD_POSE_ESTIMATE,estimated,0.9813357826380151,6.064974892769952,7.3957559016240175,-0.24700589701903458,0.8462644050316916,0.6887837982029658
31503352,1789113551562000000,2258,HEAD_POSE_ESTIMATE,estimated,0.9629890778777904,6.075414788054872,7.458429107944765,-0.2484276378781809,0.8170478272219549,0.6458402964223469
31517352,1789113551576000000,2259,HEAD_POSE_ESTIMATE,estimated,0.5443617720353222,6.068324131643252,7.4758029560660875,-0.2609870520085371,0.8350385664491605,0.6531857778057565
31531352,1789113551590000000,2260,HEAD_POSE_ESTIMATE,estimated,0.49410365083455005,6.04469378114018,7.5166218600847285,-0.2593783159854163,0.8237039819875727,0.6388332740746745
31546352,1789113551605000000,2261,HEAD_POSE_ESTIMATE,estimated,0.4534920162843986,5.985356748869611,7.554718114692985,-0.254542532314911,0.8092761065591508,0.6311483782398427
31560352,1789113551619000000,2262,HEAD_POSE_ESTIMATE,estimated,0.423959048039986,5.905106338576405,7.594495111119056,-0.247077639248959,0.7958365190539652,0.6316753391245882
31574352,1789113551633000000,2263,HEAD_POSE_ESTIMATE,estimated,0.39777951086299534,5.8474620557046855,7.628160590682966,-0.24639571232093666,0.7789906368377755,0.6394524273577836
31588352,1789113551647000000,2264,HEAD_POSE_ESTIMATE,estimated,0.3793919899399453,5.8180916285116036,7.660948938148992,-0.2487161519929494,0.7607566843570165,0.6513846142067066
31602352,1789113551661000000,2265,HEAD_POSE_ESTIMATE,estimated,0.369612434363375,5.824569096705581,7.692381090121933,-0.2558006473789631,0.7429017766518267,0.6607112089163379
31616352,1789113551675000000,2266,HEAD_POSE_ESTIMATE,estimated,0.3322141348802609,5.796339298675955,7.704024307495246,-0.26829661316005377,0.7306989484449458,0.6741091305784969
31630352,1789113551689000000,2267,HEAD_POSE_ESTIMATE,estimated,0.3154053576833187,5.750554225423878,7.713256061899305,-0.2841427174249356,0.7157393576626058,0.6807398913511501
31644352,1789113551703000000,2268,HEAD_POSE_ESTIMATE,estimated,0.31445748088128195,5.673717833029063,7.731627951452401,-0.30849606736085533,0.7022582052507592,0.6853509412581829
31658352,1789113551717000000,2269,HEAD_POSE_ESTIMATE,estimated,0.3735889783173188,5.626292352068918,7.7740307784897755,-0.33805799548856175,0.6922126237080637,0.691409432476058
31672352,1789113551731000000,2270,HEAD_POSE_ESTIMATE,estimated,0.3985212309818561,5.568926209476816,7.819078131766432,-0.3688926416203379,0.6797387685957266,0.6946734406835327
31686352,1789113551745000000,2271,HEAD_POSE_ESTIMATE,estimated,0.42248712807992883,5.535928963538096,7.86712634233079,-0.39526496605336253,0.6696210523446013,0.6965746514684515
31700352,1789113551759000000,2272,HEAD_POSE_ESTIMATE,estimated,0.444168724757226,5.527010665522625,7.9116464212764965,-0.41557320065968373,0.6635188092126364,0.6993463459880671
31714352,1789113551773000000,2273,HEAD_POSE_ESTIMATE,estimated,0.45324480971256936,5.504110212195128,7.9554235594214,-0.42433370166835155,0.6515598320570447,0.6954582027888202
31728352,1789113551787000000,2274,HEAD_POSE_ESTIMATE,estimated,0.491142366220313,5.480787253211351,8.014550871000381,-0.428727345529218,0.6380588361315246,0.6922688273796352
31741352,1789113551800000000,2275,HEAD_POSE_ESTIMATE,estimated,0.5240590128154355,5.450099405626262,8.071284118470645,-0.42376191146254394,0.614081299603357,0.6840672834556135
31755352,1789113551814000000,2276,HEAD_POSE_ESTIMATE,estimated,0.5386923230640133,5.43922339412003,8.12770324287914,-0.4173382803037687,0.5868383323455159,0.6737218030731188
31770352,1789113551829000000,2277,HEAD_POSE_ESTIMATE,estimated,0.6059004671477671,5.443270393115649,8.21092547413954,-0.40522902855317056,0.5494658872041329,0.6597308005012568
31783352,1789113551842000000,2278,HEAD_POSE_ESTIMATE,estimated,0.6122363860186562,5.448844077674031,8.270098128784575,-0.38922913471572207,0.5055444866654905,0.6356611648801629
31797352,1789113551856000000,2279,HEAD_POSE_ESTIMATE,estimated,0.5986697874369175,5.447689109865119,8.31618219131861,-0.36410840319144144,0.4592494033493989,0.6032683459104304
31811352,1789113551870000000,2280,HEAD_POSE_ESTIMATE,estimated,0.5560750217606851,5.440934686100535,8.341050814081894,-0.3333017952716408,0.40486233877723704,0.5642520466589214
31824352,1789113551883000000,2281,HEAD_POSE_ESTIMATE,estimated,0.5109525651266282,5.41049061353253,8.367680360630699,-0.2996939734620433,0.35015591037580035,0.5277011210493212
31839352,1789113551898000000,2282,HEAD_POSE_ESTIMATE,estimated,0.46356905856706987,5.388104059298847,8.380681471532574,-0.26664447745849584,0.29228220139198247,0.49263837176970954
31853352,1789113551912000000,2283,HEAD_POSE_ESTIMATE,estimated,0.41962337503597313,5.357047220186859,8.40534512631346,-0.24216677060035743,0.24078485738673444,0.46867764475129287
31866352,1789113551925000000,2284,HEAD_POSE_ESTIMATE,estimated,0.42112655553955547,5.344349879883359,8.439311260993843,-0.22544421675215306,0.19502990537497927,0.4504919008447638
31883352,1789113551942000000,2285,HEAD_POSE_ESTIMATE,estimated,0.4317941767426269,5.339705558690684,8.495566564135654,-0.21009276769663549,0.13929369268556596,0.4349064898195768
31895352,1789113551954000000,2286,HEAD_POSE_ESTIMATE,estimated,0.4325071582252234,5.31977094631447,8.530357381506782,-0.21005185494780704,0.10998136450702595,0.4360687843057328
31909352,1789113551968000000,2287,HEAD_POSE_ESTIMATE,estimated,0.4421232315449778,5.302000886490288,8.549482979414758,-0.20514167904975258,0.0778185920807121,0.43390274582172716
31921352,1789113551980000000,2288,HEAD_POSE_ESTIMATE,estimated,0.4622082054323458,5.2776914671559725,8.559038607073981,-0.19867016045632693,0.05108800638728153,0.4340238238043844
31935352,1789113551994000000,2289,HEAD_POSE_ESTIMATE,estimated,0.5057897737597261,5.244527960206065,8.574458712314568,-0.18770147987186375,0.03270169378920169,0.44075830024279833
31949352,1789113552008000000,2290,HEAD_POSE_ESTIMATE,estimated,0.5526743679477181,5.211666896238544,8.585878090002792,-0.1698598591822203,0.01757257170749432,0.4392389405179959
31963352,1789113552022000000,2291,HEAD_POSE_ESTIMATE,estimated,0.5996556657981434,5.178653928964464,8.588658603810273,-0.14743429027290392,0.011005475256448308,0.43720310691675185
31977352,1789113552036000000,2292,HEAD_POSE_ESTIMATE,estimated,0.6640527995297579,5.165156538459618,8.586792915656766,-0.11886456404847655,0.004868978571108698,0.43091569319871753
31991352,1789113552050000000,2293,HEAD_POSE_ESTIMATE,estimated,0.7333457483752494,5.134737859249923,8.582967971381267,-0.09029068682027934,0.002093234364391495,0.4161290902558283
32006352,1789113552065000000,2294,HEAD_POSE_ESTIMATE,estimated,0.757633063814732,5.117361624457445,8.529762310759429,-0.07094740082876017,0.0033059813221114707,0.4054625486569822
32018352,1789113552077000000,2295,HEAD_POSE_ESTIMATE,estimated,0.8007586051233972,5.088235382722825,8.50756610087539,-0.056544577943797705,0.0025341078021931217,0.3957896413067536
32033352,1789113552092000000,2296,HEAD_POSE_ESTIMATE,estimated,0.8212142202676689,5.043471127580137,8.47876880829531,-0.04863387645996128,0.0007662744051334987,0.3794019778841175
32048352,1789113552107000000,2297,HEAD_POSE_ESTIMATE,estimated,0.858603967870954,5.025593908962705,8.469665150216327,-0.04801287493945892,-0.006105619577792067,0.35782666637884875
32059352,1789113552118000000,2298,HEAD_POSE_ESTIMATE,estimated,0.8975751927383815,5.022437181611529,8.466701493780525,-0.05512703577369691,-0.018765971325405098,0.3379278279955017
32074352,1789113552133000000,2299,HEAD_POSE_ESTIMATE,estimated,0.9385842319869294,5.036904579443164,8.478773871077708,-0.06865093164289154,-0.03463099260757534,0.3114485535592098
32089352,1789113552148000000,2300,HEAD_POSE_ESTIMATE,estimated,0.9803870723869287,5.0630622667470675,8.49408233476765,-0.0857652062462159,-0.05335517772138634,0.2854167833746405
32101352,1789113552160000000,2301,HEAD_POSE_ESTIMATE,estimated,1.0231472981220855,5.085414202703816,8.50486896560164,-0.10229597397305815,-0.06926822682954925,0.2658050450443401
32116352,1789113552175000000,2302,HEAD_POSE_ESTIMATE,estimated,1.0649432666546508,5.115119433682524,8.50889103068891,-0.11819269515983097,-0.0880266314187196,0.2461488429234935
32131352,1789113552190000000,2303,HEAD_POSE_ESTIMATE,estimated,1.0972345304414952,5.124650420653967,8.511856501404674,-0.13064744145193607,-0.10064933425922218,0.2376096729269688
32143352,1789113552202000000,2304,HEAD_POSE_ESTIMATE,estimated,1.142648319983035,5.121430491138282,8.52623772656549,-0.13654188288256283,-0.10703184486693411,0.23108861718173782
32157352,1789113552216000000,2305,HEAD_POSE_ESTIMATE,estimated,1.1594777507906255,5.112783803363,8.551987144928539,-0.13483455365558647,-0.10975573348891912,0.22750083698406642
32171352,1789113552230000000,2306,HEAD_POSE_ESTIMATE,estimated,1.165509158766032,5.1050243523420775,8.574735049264376,-0.1252133846290769,-0.10682114273424535,0.23129637678618342
32185352,1789113552244000000,2307,HEAD_POSE_ESTIMATE,estimated,1.2189780074474559,5.094113898513673,8.603837583552975,-0.10928596968881549,-0.099648611237053,0.2326050540697962
32199352,1789113552258000000,2308,HEAD_POSE_ESTIMATE,estimated,1.2549958682883988,5.068892087636082,8.629866764374887,-0.08949401830771202,-0.09116482246159378,0.23242494433768018
32213352,1789113552272000000,2309,HEAD_POSE_ESTIMATE,estimated,1.2715042347601653,5.0269055024650635,8.637120814218358,-0.0699397785471009,-0.08122813470504217,0.23345679166970243
32227352,1789113552286000000,2310,HEAD_POSE_ESTIMATE,estimated,1.3055190622208923,4.995330769244927,8.640108438411625,-0.05042305707154171,-0.07143167255152612,0.23141127237896228
32242352,1789113552301000000,2311,HEAD_POSE_ESTIMATE,estimated,1.311034985269369,4.954616397691099,8.636313736500924,-0.03738034065296556,-0.06442831930793223,0.2204853983679947
32255352,1789113552314000000,2312,HEAD_POSE_ESTIMATE,estimated,1.304508172469033,4.931152382991006,8.626069684492979,-0.03419850534781702,-0.059674170114519504,0.21572915441828697
32268352,1789113552327000000,2313,HEAD_POSE_ESTIMATE,estimated,1.2932744632658326,4.930669324141616,8.619884006639525,-0.03427447342253215,-0.053705904932609634,0.2034763639178963
32283352,1789113552342000000,2314,HEAD_POSE_ESTIMATE,estimated,1.2891226396500626,4.933555235597138,8.600846628055347,-0.03501278113365509,-0.04407452266362462,0.185129364226352
32297352,1789113552356000000,2315,HEAD_POSE_ESTIMATE,estimated,1.2767254062697706,4.945086248436433,8.597069610102134,-0.036544597813577925,-0.03537001890299568,0.1667047753255353
32311352,1789113552370000000,2316,HEAD_POSE_ESTIMATE,estimated,1.2696536738886506,4.955449327393038,8.57449096779495,-0.03818324935266653,-0.026642532651366384,0.1489400385931648
32325352,1789113552384000000,2317,HEAD_POSE_ESTIMATE,estimated,1.2727819625503374,4.948615832636542,8.588602942089075,-0.03180088252672843,-0.011278512566508974,0.12250304995224705
32339352,1789113552398000000,2318,HEAD_POSE_ESTIMATE,estimated,1.264548601200436,4.951078487751369,8.570131767592594,-0.02634210609596311,0.0003407828200376918,0.09994697457857511
32353352,1789113552412000000,2319,HEAD_POSE_ESTIMATE,estimated,1.266679838312693,4.946275208111302,8.562238874767855,-0.024329310515982038,0.011124285142710053,0.07547870420121876
32369352,1789113552428000000,2320,HEAD_POSE_ESTIMATE,estimated,1.2368280046824498,4.9603992860030734,8.560913494958479,-0.02388858199819676,0.018952067604624902,0.05183361684299873
32381352,1789113552440000000,2321,HEAD_POSE_ESTIMATE,estimated,1.2291758021486356,4.957515342949627,8.56355305084343,-0.02639355991433275,0.025693183547423115,0.036964506430547446
32394352,1789113552453000000,2322,HEAD_POSE_ESTIMATE,estimated,1.2371323926388298,4.957407153157525,8.563135793592076,-0.030269035920430374,0.027778094994162287,0.02157147133359806
32409352,1789113552468000000,2323,HEAD_POSE_ESTIMATE,estimated,1.2276731868710777,4.942569234551882,8.568214345221335,-0.0360343251635405,0.023750549386315087,0.006391266020592046
32432352,1789113552491000000,2324,HEAD_POSE_ESTIMATE,estimated,1.2293347991076884,4.904192593955324,8.582757928769283,-0.04574253915116923,0.0055558888119024655,-0.019991302623862627
32445352,1789113552504000000,2325,HEAD_POSE_ESTIMATE,estimated,1.2288528304850612,4.886064985587578,8.599220971135948,-0.04931576338768596,-0.004506128994900417,-0.035235021685102105
32459352,1789113552518000000,2326,HEAD_POSE_ESTIMATE,estimated,1.2433362167557427,4.871716613423452,8.595994425929014,-0.056554895965799754,-0.023354994582831756,-0.05145243020104995
32473352,1789113552532000000,2327,HEAD_POSE_ESTIMATE,estimated,1.239834454789864,4.868226888094603,8.633688705560013,-0.05993432009728791,-0.03508988409682233,-0.06353772531147837
32490352,1789113552549000000,2328,HEAD_POSE_ESTIMATE,estimated,1.2319851387969378,4.862221135008,8.662539428621086,-0.06058976083580086,-0.05196091967438421,-0.07902087910832054
32502352,1789113552561000000,2329,HEAD_POSE_ESTIMATE,estimated,1.2366600560406276,4.8427971955144775,8.687209941315592,-0.061378556718536946,-0.06308895411384034,-0.07799662931543205
32516352,1789113552575000000,2330,HEAD_POSE_ESTIMATE,estimated,1.2428266020089371,4.8180335286170415,8.729748877470566,-0.059499642817824404,-0.07409498660304228,-0.07352862125963103
32530352,1789113552589000000,2331,HEAD_POSE_ESTIMATE,estimated,1.24062110029035,4.791797124918127,8.770155641296665,-0.060823993353294296,-0.08476199221273567,-0.05505004899044105
32544352,1789113552603000000,2332,HEAD_POSE_ESTIMATE,estimated,1.2507307890429324,4.7767861326243475,8.753143896758115,-0.055636845317863136,-0.09321150327945851,-0.048346432684373636
32558352,1789113552617000000,2333,HEAD_POSE_ESTIMATE,estimated,1.2537386345377821,4.777835317049198,8.723077964902057,-0.048779887344176216,-0.10104424302341476,-0.04280072328742941
32572352,1789113552631000000,2334,HEAD_POSE_ESTIMATE,estimated,1.261463985245467,4.766171173846602,8.722299985453942,-0.037098839396515225,-0.10853217587342413,-0.04627392917867209
32586352,1789113552645000000,2335,HEAD_POSE_ESTIMATE,estimated,1.2787603222047,4.758197011708076,8.718058100051598,-0.020730510311667113,-0.11433306427789229,-0.054669200880594584
32600352,1789113552659000000,2336,HEAD_POSE_ESTIMATE,estimated,1.2677666615863066,4.765354803942762,8.718116191088292,-0.001577368114904946,-0.11944452556648584,-0.07160596462075998
32614352,1789113552673000000,2337,HEAD_POSE_ESTIMATE,estimated,1.2585157046380584,4.776439807788435,8.714674851057367,0.016375670746734558,-0.12091904268384196,-0.08848774871500567
32628352,1789113552687000000,2338,HEAD_POSE_ESTIMATE,estimated,1.2454491293005323,4.773385961162859,8.715789352395843,0.032777066705930606,-0.12046963005062587,-0.10352969271019731
32644352,1789113552703000000,2339,HEAD_POSE_ESTIMATE,estimated,1.2307438920381282,4.785469926979784,8.701374863290274,0.04913192465189789,-0.11749458328640901,-0.11852300272822784
32656352,1789113552715000000,2340,HEAD_POSE_ESTIMATE,estimated,1.2248294572673069,4.7985393516422725,8.694330253374677,0.058596269195926066,-0.11641097404017575,-0.12442673455364761
32670352,1789113552729000000,2341,HEAD_POSE_ESTIMATE,estimated,1.2285064664127732,4.805443492682001,8.684860227795086,0.06928433947960902,-0.11117637393903815,-0.1315901867307459
32685352,1789113552744000000,2342,HEAD_POSE_ESTIMATE,estimated,1.2441775252178178,4.80871215005287,8.681556953630277,0.07856778352393262,-0.10414891230096841,-0.138893049656961
32699352,1789113552758000000,2343,HEAD_POSE_ESTIMATE,estimated,1.2495967559294467,4.80831762621998,8.693334610198441,0.0856802061506327,-0.0978836660433233,-0.14561101959190378
32713352,1789113552772000000,2344,HEAD_POSE_ESTIMATE,estimated,1.2699450789408075,4.805952820335762,8.698791266032552,0.0879056905326732,-0.09073537526704559,-0.15327491241547625
32727352,1789113552786000000,2345,HEAD_POSE_ESTIMATE,estimated,1.2914562503969393,4.808086665021754,8.710246425965037,0.08608234519956953,-0.08492749615943128,-0.1620006402787178
32741352,1789113552800000000,2346,HEAD_POSE_ESTIMATE,estimated,1.3109212438824196,4.816180152845887,8.717451290700845,0.08142987037642517,-0.08008740421893115,-0.1739551261221113
32755352,1789113552814000000,2347,HEAD_POSE_ESTIMATE,estimated,1.3258153914301982,4.827806855386306,8.730792530330849,0.07513159984888738,-0.07666081221502649,-0.18792902404122794
32769352,1789113552828000000,2348,HEAD_POSE_ESTIMATE,estimated,1.3484722054680478,4.844216002006566,8.743700299641535,0.06748833252008626,-0.07519579491251736,-0.19672666939232586
32783352,1789113552842000000,2349,HEAD_POSE_ESTIMATE,estimated,1.374533817562438,4.85164232856091,8.756664273971422,0.061488327951777076,-0.07365532085824293,-0.20457250299474464
32797352,1789113552856000000,2350,HEAD_POSE_ESTIMATE,estimated,1.3856305608874793,4.861862431842796,8.770041423299428,0.05983865299648881,-0.07239200946324345,-0.20701885823164526
32812352,1789113552871000000,2351,HEAD_POSE_ESTIMATE,estimated,1.4107319564881922,4.862433721622467,8.787792159932698,0.06231882366844957,-0.07326925137440993,-0.21552639468342974
32826352,1789113552885000000,2352,HEAD_POSE_ESTIMATE,estimated,1.4133085230176246,4.871394981959719,8.803917985592014,0.07130035780362323,-0.07619954314127904,-0.22751107293145556
32840352,1789113552899000000,2353,HEAD_POSE_ESTIMATE,estimated,1.413232689355973,4.871996473473845,8.802814213010233,0.08472385258629794,-0.08125444487522862,-0.24903255541748087
32854352,1789113552913000000,2354,HEAD_POSE_ESTIMATE,estimated,1.382529834193385,4.877101372318187,8.794947199767797,0.10043686563581486,-0.08739638528604317,-0.27834602126857316
32868352,1789113552927000000,2355,HEAD_POSE_ESTIMATE,estimated,1.3392797032144321,4.898885094445603,8.770121294847652,0.11436012882339004,-0.09361954652091416,-0.3106729548722988
32882352,1789113552941000000,2356,HEAD_POSE_ESTIMATE,estimated,1.318019963932579,4.924241243335992,8.757203446366695,0.12627912118238588,-0.09848798278633365,-0.3446680603227688
32896352,1789113552955000000,2357,HEAD_POSE_ESTIMATE,estimated,1.2861234065927027,4.940682623360149,8.725973879683412,0.13596978102403173,-0.10298685553786861,-0.37770645630361577
32910352,1789113552969000000,2358,HEAD_POSE_ESTIMATE,estimated,1.2004925719757906,4.9545873267068306,8.673947667216252,0.14218500682177557,-0.108110319578719,-0.4100296829566509
32923352,1789113552982000000,2359,HEAD_POSE_ESTIMATE,estimated,1.1523405637411788,4.969797418988005,8.642848661778245,0.14472239609319035,-0.10929162057878976,-0.428099806912081
32937352,1789113552996000000,2360,HEAD_POSE_ESTIMATE,estimated,1.0817003186699663,4.981585561406973,8.593303684751254,0.15043263751353916,-0.1057622103596292,-0.44316428560844373
32951352,1789113553010000000,2361,HEAD_POSE_ESTIMATE,estimated,1.0104333088654391,4.9958744364959236,8.56053175548561,0.1579071726538129,-0.09748366888809966,-0.4537411961077049
32966352,1789113553025000000,2362,HEAD_POSE_ESTIMATE,estimated,0.9342547317758884,5.007908300697236,8.516893356500127,0.16638319469302176,-0.08618163681576048,-0.4567960659362125
32980352,1789113553039000000,2363,HEAD_POSE_ESTIMATE,estimated,0.8547953946272739,5.025108834359683,8.486877460441391,0.17770667477890104,-0.07390828863773893,-0.46147620628077307
32991352,1789113553050000000,2364,HEAD_POSE_ESTIMATE,estimated,0.809458403250566,5.046486942719699,8.463664227689826,0.18434884700588103,-0.06385839081482962,-0.4564119285588636
33005352,1789113553064000000,2365,HEAD_POSE_ESTIMATE,estimated,0.7671310695545892,5.065901458292727,8.439667826686497,0.1894179934788277,-0.05590062363350075,-0.44299296905880975
33021352,1789113553080000000,2366,HEAD_POSE_ESTIMATE,estimated,0.7224509516479842,5.092484972582592,8.423231942891976,0.19115815216744472,-0.05272874100397596,-0.42369367927052687
33032352,1789113553091000000,2367,HEAD_POSE_ESTIMATE,estimated,0.7076921811398738,5.114810728114465,8.412195493242072,0.1898409136941584,-0.05550816907837882,-0.40274259413564517
33047352,1789113553106000000,2368,HEAD_POSE_ESTIMATE,estimated,0.6644623484718437,5.141762174814625,8.394291064052956,0.1882693757519708,-0.06348363874980686,-0.3762316235996045
33061352,1789113553120000000,2369,HEAD_POSE_ESTIMATE,estimated,0.6560127660356898,5.1630706244574585,8.393687645150262,0.18627197457156544,-0.07405226121656629,-0.35001165804233864
33075352,1789113553134000000,2370,HEAD_POSE_ESTIMATE,estimated,0.6739657862243734,5.186820415572758,8.408459029125492,0.1867158217827962,-0.08830081894296465,-0.32858713737814543
33090352,1789113553149000000,2371,HEAD_POSE_ESTIMATE,estimated,0.7343397518126507,5.203619490208913,8.428061773859218,0.193016490544073,-0.10572139441530613,-0.3155695992368048
33103352,1789113553162000000,2372,HEAD_POSE_ESTIMATE,estimated,0.7883179072898125,5.216612294496198,8.433944059268613,0.20562625926214817,-0.12442889863060334,-0.31743314760349917
33117352,1789113553176000000,2373,HEAD_POSE_ESTIMATE,estimated,0.8232341617130406,5.223116667531996,8.423634142775906,0.2202016406964909,-0.14236640384394586,-0.32038783856015957
33131352,1789113553190000000,2374,HEAD_POSE_ESTIMATE,estimated,0.8291295229672355,5.241363455970865,8.388128855393067,0.24016158571964116,-0.1598063302360736,-0.33471551417210693
33145352,1789113553204000000,2375,HEAD_POSE_ESTIMATE,estimated,0.8885840642760061,5.268619810941119,8.378789919926508,0.2563340619350456,-0.17701754780319878,-0.3561312563785503
33161352,1789113553220000000,2376,HEAD_POSE_ESTIMATE,estimated,0.8935400843606032,5.306612605074232,8.329424431982458,0.27240216785167315,-0.19991710757766068,-0.3854884611744123
33174352,1789113553233000000,2377,HEAD_POSE_ESTIMATE,estimated,0.8110968277406412,5.348025277321483,8.242672310320327,0.28113872137133133,-0.21835385559582746,-0.41454495248729517
33186352,1789113553245000000,2378,HEAD_POSE_ESTIMATE,estimated,0.7696304976604249,5.385088751073163,8.1773991407066,0.2878820045767181,-0.23305964052224243,-0.43312553077453003
33200352,1789113553259000000,2379,HEAD_POSE_ESTIMATE,estimated,0.5956785709954888,5.43350881495222,8.03660659749679,0.2920317221565796,-0.25344567031703064,-0.45024166437955265
33214352,1789113553273000000,2380,HEAD_POSE_ESTIMATE,estimated,0.7506843021330134,5.443047066939144,8.051262860263854,0.28289430924476755,-0.2542579171250667,-0.44016021070060396
33227352,1789113553286000000,2381,HEAD_POSE_ESTIMATE,estimated,0.8503424562925836,5.4537833503026025,8.04176092475161,0.2795199507659788,-0.2635457172827929,-0.4378751893815485
33242352,1789113553301000000,2382,HEAD_POSE_ESTIMATE,estimated,0.9220747690955874,5.472004226568857,8.026219937746234,0.28753489223749734,-0.2790377163075831,-0.44328966654665297
33254352,1789113553313000000,2383,HEAD_POSE_ESTIMATE,estimated,0.9606039347186364,5.502445038830263,8.004867733131189,0.2933901291701157,-0.29374864343956264,-0.451223809097762
33269352,1789113553328000000,2384,HEAD_POSE_ESTIMATE,estimated,0.9878065077302298,5.523780422381502,7.988695001654786,0.3019453668410748,-0.3226019476028038,-0.4730959661197434
33288352,1789113553347000000,2385,HEAD_POSE_ESTIMATE,estimated,1.0764227489218343,5.567515740952198,8.011269396335832,0.30951256977335945,-0.36426859725664,-0.5099844231748043
33309352,1789113553368000000,2386,HEAD_POSE_ESTIMATE,estimated,1.1170603678476867,5.5985812042430565,8.03052904809188,0.318203259991091,-0.41271681293713264,-0.555473828456549
33324352,1789113553383000000,2387,HEAD_POSE_ESTIMATE,estimated,1.0021724138814045,5.686482854859546,7.938275827290041,0.3184390576311662,-0.4502434146618343,-0.5911472679107168
33337352,1789113553396000000,2388,HEAD_POSE_ESTIMATE,estimated,0.8959846538773135,5.740081498107555,7.887625007860097,0.3138602743401435,-0.4768818945467906,-0.6152365655586014
33351352,1789113553410000000,2389,HEAD_POSE_ESTIMATE,estimated,0.7722720396307636,5.788072244328063,7.834938483214569,0.30148169895551685,-0.49474420868954744,-0.62810042841451
33364352,1789113553423000000,2390,HEAD_POSE_ESTIMATE,estimated,0.6716716132103142,5.845577544385081,7.782668254364795,0.28840350112650515,-0.5063281752829771,-0.6300783515213316
33378352,1789113553437000000,2391,HEAD_POSE_ESTIMATE,estimated,0.5176456097426669,5.893191000218382,7.709092830501233,0.27002841865078164,-0.5083935524269276,-0.6203866981108553
33388352,1789113553447000000,2392,HEAD_POSE_ESTIMATE,estimated,0.4888024837785765,5.931545572652618,7.678662417673595,0.2622151786676921,-0.5126423200615418,-0.6159453454440046
33404352,1789113553463000000,2393,HEAD_POSE_ESTIMATE,estimated,0.35093331856509913,5.959223152210939,7.603528078594259,0.24640299350122782,-0.5113325362430315,-0.5942408465364779
33417352,1789113553476000000,2394,HEAD_POSE_ESTIMATE,estimated,0.2637238348894486,5.987530094116195,7.545540281210958,0.23714783128695055,-0.5071076429157363,-0.5752892154784529
33431352,1789113553490000000,2395,HEAD_POSE_ESTIMATE,estimated,0.4900191312002313,6.009432093924139,7.614447300926665,0.24542940313795553,-0.5199092534476323,-0.5825194084431176
33447352,1789113553506000000,2396,HEAD_POSE_ESTIMATE,estimated,0.4966044058950464,6.0388245456132985,7.5866387328013225,0.2442081347257551,-0.525355211245522,-0.5777965627119225
33460352,1789113553519000000,2397,HEAD_POSE_ESTIMATE,estimated,0.5159819107676328,6.076126368700867,7.5600713570386695,0.2384201311810267,-0.5316216288676137,-0.5743868180558666
33473352,1789113553532000000,2398,HEAD_POSE_ESTIMATE,estimated,0.5406962096435464,6.110431222698368,7.523642487222371,0.23620224513436125,-0.5400609589058827,-0.574530772588067
33487352,1789113553546000000,2399,HEAD_POSE_ESTIMATE,estimated,0.5741558592658428,6.139985478927744,7.475922422070445,0.2347898653944507,-0.5478110485384806,-0.5779469946153558
33501352,1789113553560000000,2400,HEAD_POSE_ESTIMATE,estimated,0.6072438613213259,6.168743357687151,7.422577626375514,0.23453775810978872,-0.5556993667378837,-0.587585010629385
33515352,1789113553574000000,2401,HEAD_POSE_ESTIMATE,estimated,0.5670555094935802,6.1822238904345035,7.3490424350419135,0.232632011816104,-0.5569140600295877,-0.5932076171469347
33529352,1789113553588000000,2402,HEAD_POSE_ESTIMATE,estimated,0.5368421726072133,6.1908382997648,7.283403978963467,0.23157091819490092,-0.5592610084991599,-0.6053626867852355
33543352,1789113553602000000,2403,HEAD_POSE_ESTIMATE,estimated,0.4990563675439292,6.205253646402236,7.213746162008819,0.2252929054724805,-0.5566146876774148,-0.6108702180842562
33558352,1789113553617000000,2404,HEAD_POSE_ESTIMATE,estimated,0.565113817281601,6.223064443808654,7.170341367342924,0.21668009354678525,-0.5588988516903172,-0.6190495405131392
33571352,1789113553630000000,2405,HEAD_POSE_ESTIMATE,estimated,0.6072565418926074,6.2494834923865294,7.126643222037475,0.2096609867080427,-0.5664882753056036,-0.6281422552495438
33586352,1789113553645000000,2406,HEAD_POSE_ESTIMATE,estimated,0.6162495977282713,6.270524698430831,7.077603675632043,0.2000291478425037,-0.576818233362325,-0.6350498617337947
33600352,1789113553659000000,2407,HEAD_POSE_ESTIMATE,estimated,0.5519574910152487,6.286233403766476,7.027386323672462,0.18916002020362313,-0.590395476416697,-0.6375674338956588
33614352,1789113553673000000,2408,HEAD_POSE_ESTIMATE,estimated,0.4655808988701566,6.2795425475415385,6.98010299778587,0.17608823959921321,-0.6001042571533606,-0.6335066343768205
33628352,1789113553687000000,2409,HEAD_POSE_ESTIMATE,estimated,0.42789546805811773,6.2592114697520245,6.94246753200882,0.16126399665669267,-0.6026360168212868,-0.6189630526003643
33643352,1789113553702000000,2410,HEAD_POSE_ESTIMATE,estimated,0.38428309036710473,6.239284381435101,6.9055428668765435,0.14293640300104346,-0.603929050313956,-0.5976442199843736
33656352,1789113553715000000,2411,HEAD_POSE_ESTIMATE,estimated,0.3158706989273385,6.248709920919026,6.8922772349138945,0.13210463162782363,-0.6152315625749929,-0.5883845390112566
33667352,1789113553726000000,2412,HEAD_POSE_ESTIMATE,estimated,0.2921282574624616,6.250008207439433,6.878332264787872,0.12205719235784483,-0.6129496699775692,-0.5710164956443382
33681352,1789113553740000000,2413,HEAD_POSE_ESTIMATE,estimated,0.30277484615410455,6.250905356772608,6.860178755402622,0.10901452212292004,-0.6048705677057182,-0.5473133973997594
33695352,1789113553754000000,2414,HEAD_POSE_ESTIMATE,estimated,0.27489092492249134,6.250729603992698,6.8484394715926085,0.09784026815325922,-0.595616675344207,-0.5233154098040443
33709352,1789113553768000000,2415,HEAD_POSE_ESTIMATE,estimated,0.2773827785243183,6.255868833193967,6.846528186256812,0.08411847350117581,-0.586407678423483,-0.4991077804224926
33726352,1789113553785000000,2416,HEAD_POSE_ESTIMATE,estimated,0.22906378039438174,6.296665074153941,6.860233142922807,0.06112161730583548,-0.5815278879302661,-0.4752418932553831
33738352,1789113553797000000,2417,HEAD_POSE_ESTIMATE,estimated,0.2888596218377616,6.312635975742273,6.864268322582996,0.04284402085374335,-0.5676144132350264,-0.45069604263770663
33751352,1789113553810000000,2418,HEAD_POSE_ESTIMATE,estimated,0.3713935183417235,6.355636492841396,6.879759471355438,0.019619626732546063,-0.5550696835737133,-0.427651372842154
33769352,1789113553828000000,2419,HEAD_POSE_ESTIMATE,estimated,0.540164904251906,6.4271703740160175,6.916655815588935,-0.007080122640760226,-0.5428889643453719,-0.4148082740156467
33781352,1789113553840000000,2420,HEAD_POSE_ESTIMATE,estimated,0.6602754773358697,6.4791381157833605,6.925871895092923,-0.023329911269787888,-0.5361936099684618,-0.413282262151167
33793352,1789113553852000000,2421,HEAD_POSE_ESTIMATE,estimated,0.7134930498774622,6.5336064893981805,6.932222941763589,-0.037179374608887095,-0.5263556882217817,-0.41438663103517615
33808352,1789113553867000000,2422,HEAD_POSE_ESTIMATE,estimated,0.7565104077908863,6.583877301120287,6.951718263343443,-0.048079238634168533,-0.515086892633363,-0.4191535205457325
33822352,1789113553881000000,2423,HEAD_POSE_ESTIMATE,estimated,0.7526928417400333,6.629748568708541,6.961443752752275,-0.05219141967382809,-0.5047255420302403,-0.42512291861919904
33841352,1789113553900000000,2424,HEAD_POSE_ESTIMATE,estimated,0.7775817691371487,6.6647904396019735,6.995414518274349,-0.05088993373622791,-0.4972529779050899,-0.4338372648918494
33850352,1789113553909000000,2425,HEAD_POSE_ESTIMATE,estimated,0.8082215540449271,6.673336937565466,7.00561895488511,-0.04406638065172257,-0.498258893669832,-0.4398369720471799
33864352,1789113553923000000,2426,HEAD_POSE_ESTIMATE,estimated,0.7981920177093225,6.6841676452226295,7.0086171647104285,-0.03605981741840821,-0.4912017216437754,-0.44325595828294534
33878352,1789113553937000000,2427,HEAD_POSE_ESTIMATE,estimated,0.7697300325667114,6.690706471021297,7.0191926358054415,-0.028267647325038184,-0.48013032719873927,-0.43204864152798045
33891352,1789113553950000000,2428,HEAD_POSE_ESTIMATE,estimated,0.8032460816990546,6.680786211806455,7.014699475933713,-0.022826524738218234,-0.47898489179540515,-0.43301521990884606
33905352,1789113553964000000,2429,HEAD_POSE_ESTIMATE,estimated,0.7973188144868683,6.681272223946475,7.006440818416324,-0.021546657612636636,-0.4752730769220026,-0.44069978059490134
33919352,1789113553978000000,2430,HEAD_POSE_ESTIMATE,estimated,0.7471113823668813,6.678981633687146,7.008430169676349,-0.027689290049089793,-0.46416611192875806,-0.451306817819222
33933352,1789113553992000000,2431,HEAD_POSE_ESTIMATE,estimated,0.6737231693169689,6.673343510449652,7.014775587159934,-0.03394107399968576,-0.45307305745576465,-0.47601233176487256
33948352,1789113554007000000,2432,HEAD_POSE_ESTIMATE,estimated,0.6322997001483204,6.670882410826298,7.022823372340745,-0.043125990932631905,-0.43303408961738016,-0.49562643435327336
33962352,1789113554021000000,2433,HEAD_POSE_ESTIMATE,estimated,0.7521663611349003,6.659698573169646,7.003189028854528,-0.05704996310956387,-0.42658074873021445,-0.5201032729221416
33976352,1789113554035000000,2434,HEAD_POSE_ESTIMATE,estimated,0.8052894659669971,6.67155427139758,7.012040627060853,-0.0749586141183525,-0.41753013342357503,-0.5389998083522504
33990352,1789113554049000000,2435,HEAD_POSE_ESTIMATE,estimated,0.7787718696878273,6.681018687271452,7.025315468307334,-0.09787608936242334,-0.4137446409741207,-0.5527585412487924
34004352,1789113554063000000,2436,HEAD_POSE_ESTIMATE,estimated,0.7485249315380544,6.69560306393787,7.031335404236589,-0.11998143924534681,-0.4113776520906639,-0.5587723424649721
34018352,1789113554077000000,2437,HEAD_POSE_ESTIMATE,estimated,0.6937477735196621,6.694731286599346,7.050409654942213,-0.14092933823321638,-0.4074182234320014,-0.5562948350281697
34032352,1789113554091000000,2438,HEAD_POSE_ESTIMATE,estimated,0.636075651485918,6.683291514311594,7.0684180152917655,-0.15544234293240464,-0.40310282916367124,-0.548674030625424
34048352,1789113554107000000,2439,HEAD_POSE_ESTIMATE,estimated,0.5533209712083472,6.647839350502557,7.110732970515752,-0.16446349890118772,-0.3972360851163366,-0.5388639943951284
34060352,1789113554119000000,2440,HEAD_POSE_ESTIMATE,estimated,0.5056232414930197,6.613098580889853,7.143556448086169,-0.1657402504993806,-0.39143283707023385,-0.5271311866023997
34073352,1789113554132000000,2441,HEAD_POSE_ESTIMATE,estimated,0.44418502244891306,6.5921243425300124,7.1589970562840035,-0.16442525678712722,-0.38577164845408174,-0.5175433439559465
34086352,1789113554145000000,2442,HEAD_POSE_ESTIMATE,estimated,0.37252366571170054,6.571120435065268,7.165064449555656,-0.1597465887812688,-0.38054705315282106,-0.5091334301790358
34101352,1789113554160000000,2443,HEAD_POSE_ESTIMATE,estimated,0.28338884483727295,6.560328734983587,7.168516130171549,-0.15164150809075466,-0.3696153812818629,-0.5045800093260742
34115352,1789113554174000000,2444,HEAD_POSE_ESTIMATE,estimated,0.23611048402096302,6.534872791530073,7.159420423430542,-0.1400026210080112,-0.35801591756753826,-0.5006201766674307
34129352,1789113554188000000,2445,HEAD_POSE_ESTIMATE,estimated,0.16560661442096114,6.501240407431118,7.160429563035377,-0.1260404756251524,-0.34700360140684183,-0.4964944207581643
34143352,1789113554202000000,2446,HEAD_POSE_ESTIMATE,estimated,0.12009048248254495,6.448252587978657,7.155359997608406,-0.11154059396383809,-0.33298163835006594,-0.4813789965309644
34158352,1789113554217000000,2447,HEAD_POSE_ESTIMATE,estimated,0.09622825176629751,6.386801953003462,7.150346268216938,-0.10087925466410556,-0.3175709668963906,-0.4566662626961672
34172352,1789113554231000000,2448,HEAD_POSE_ESTIMATE,estimated,0.11544661279774626,6.350376595504308,7.131342994368783,-0.09128099564948972,-0.30610802424698125,-0.4345394477472911
34186352,1789113554245000000,2449,HEAD_POSE_ESTIMATE,estimated,0.08466367097334321,6.3291289367942385,7.119253044891875,-0.08047856933753159,-0.29302304153439634,-0.40843809090201355
34200352,1789113554259000000,2450,HEAD_POSE_ESTIMATE,estimated,0.027023734581657965,6.339511546374818,7.1229833658655615,-0.06841594011340875,-0.27743654763034065,-0.3794747482281827
34214352,1789113554273000000,2451,HEAD_POSE_ESTIMATE,estimated,-0.043476674281211825,6.346114625380219,7.130767263626285,-0.05797618817176715,-0.2589832988491894,-0.34808059858573726
34226352,1789113554285000000,2452,HEAD_POSE_ESTIMATE,estimated,-0.10006946090520297,6.3579120715951944,7.151975090831604,-0.055622882133764116,-0.24405516469212638,-0.32220700667183977
34242352,1789113554301000000,2453,HEAD_POSE_ESTIMATE,estimated,-0.16885860437129152,6.368206554238855,7.187349710905089,-0.058679292771258544,-0.2226647651560324,-0.2892375805906929
34255352,1789113554314000000,2454,HEAD_POSE_ESTIMATE,estimated,-0.1886588412094965,6.3846537745029135,7.182853984048517,-0.06370459158061285,-0.2025391830491633,-0.25920304872914474
34268352,1789113554327000000,2455,HEAD_POSE_ESTIMATE,estimated,-0.19842621372966607,6.400202526302928,7.1812069377830205,-0.07335602043966594,-0.18397587283051936,-0.23084814632161338
34282352,1789113554341000000,2456,HEAD_POSE_ESTIMATE,estimated,-0.19141574966166008,6.415915386634124,7.178267188939234,-0.08107624505240398,-0.16155656904205637,-0.20819108727869462
34297352,1789113554356000000,2457,HEAD_POSE_ESTIMATE,estimated,-0.19425131621241176,6.420964435153251,7.2273215476219015,-0.07617955941833203,-0.13879066514520427,-0.19134374420083947
34311352,1789113554370000000,2458,HEAD_POSE_ESTIMATE,estimated,-0.15544826661603128,6.398122984541468,7.244427919669262,-0.07184411130271762,-0.11431813809130399,-0.17644346187298243
34325352,1789113554384000000,2459,HEAD_POSE_ESTIMATE,estimated,-0.11045670602240987,6.367405643712331,7.260771126972928,-0.0705711826039857,-0.08785240266454075,-0.16422304623440498
34341352,1789113554400000000,2460,HEAD_POSE_ESTIMATE,estimated,-0.054642937624994725,6.341928167870158,7.293448305731682,-0.07289245204019144,-0.058361995652242794,-0.1506573764020568
34356352,1789113554415000000,2461,HEAD_POSE_ESTIMATE,estimated,-0.054140751382260266,6.345333626663014,7.342056188152388,-0.08063552321304797,-0.028227758138119743,-0.1371454846144185
34366352,1789113554425000000,2462,HEAD_POSE_ESTIMATE,estimated,-0.039614800491534485,6.347736181174845,7.360683504517064,-0.09112093433657509,-0.01100389747923726,-0.13201998194900308
34379352,1789113554438000000,2463,HEAD_POSE_ESTIMATE,estimated,-0.03070851301199129,6.3593763666691485,7.390665658739501,-0.10589417487036538,0.011003896745246933,-0.1220867822122099
34393352,1789113554452000000,2464,HEAD_POSE_ESTIMATE,estimated,-0.03624521220003846,6.375014097073376,7.43412674955578,-0.12420851040447617,0.03369320745491836,-0.11230401739615146
34410352,1789113554469000000,2465,HEAD_POSE_ESTIMATE,estimated,-0.07523720940115397,6.386653611275746,7.52300235468504,-0.14572474033802513,0.060037420537858856,-0.10024488289732451
34420352,1789113554479000000,2466,HEAD_POSE_ESTIMATE,estimated,-0.09311313775456698,6.393559789653842,7.572088112225983,-0.16222062436494636,0.07367480785514426,-0.09425563954704654
34434352,1789113554493000000,2467,HEAD_POSE_ESTIMATE,estimated,-0.1307742177842754,6.407979096453097,7.647188027456898,-0.17887743308712115,0.08742513005618385,-0.08955847526884257
34448352,1789113554507000000,2468,HEAD_POSE_ESTIMATE,estimated,-0.17904910563362264,6.422613141330646,7.729082570096534,-0.1902489641738955,0.09600194814264668,-0.08629600124521052
34463352,1789113554522000000,2469,HEAD_POSE_ESTIMATE,estimated,-0.18076981075651927,6.440521337301862,7.7680096686801345,-0.19438306084826593,0.09537866406124404,-0.08662594194507443
34477352,1789113554536000000,2470,HEAD_POSE_ESTIMATE,estimated,-0.1631359649848429,6.448011424033476,7.780695489072364,-0.19908393827670007,0.08924054946476512,-0.09343026274265682
34491352,1789113554550000000,2471,HEAD_POSE_ESTIMATE,estimated,-0.17122403212906584,6.442352129294762,7.824871127027306,-0.19786860736504958,0.08065682427880225,-0.09933429052760842
34505352,1789113554564000000,2472,HEAD_POSE_ESTIMATE,estimated,-0.1828939292573018,6.4340432330594775,7.870629011016596,-0.19561204202184077,0.0649728606746052,-0.10522783492617215
34520352,1789113554579000000,2473,HEAD_POSE_ESTIMATE,estimated,-0.18151210949769775,6.41026187420895,7.925875180632715,-0.19839282752287996,0.04862411510666884,-0.11035212219704914
34533352,1789113554592000000,2474,HEAD_POSE_ESTIMATE,estimated,-0.15634604352126408,6.392076698550455,7.927994884746502,-0.19228751975694205,0.03193166687873423,-0.11019533000690748
34547352,1789113554606000000,2475,HEAD_POSE_ESTIMATE,estimated,-0.1516784346370515,6.367945239902291,7.963162137461259,-0.17550093706159764,0.012908460568908448,-0.1005114688409559
34561352,1789113554620000000,2476,HEAD_POSE_ESTIMATE,estimated,-0.1421455172810464,6.353524849127465,7.9909144590433145,-0.15380595985452733,-0.001315892069654715,-0.08133085798487924
34575352,1789113554634000000,2477,HEAD_POSE_ESTIMATE,estimated,-0.13066538440580028,6.326023681363174,7.999631379932981,-0.12615546861063412,-0.014074192786956555,-0.057698663088214766
34589352,1789113554648000000,2478,HEAD_POSE_ESTIMATE,estimated,-0.09336825042989522,6.310625947137126,7.988722948762511,-0.0956378474650028,-0.020545592109906332,-0.02536665044441227
34603352,1789113554662000000,2479,HEAD_POSE_ESTIMATE,estimated,-0.052921314395232566,6.286071318090413,7.9807458010845185,-0.06919173804537868,-0.02267403756092871,0.008788551304594008
34617352,1789113554676000000,2480,HEAD_POSE_ESTIMATE,estimated,-0.016789152263082696,6.258869437627693,7.969899032022147,-0.046697963012292634,-0.023384438584556556,0.03810723825856444
34631352,1789113554690000000,2481,HEAD_POSE_ESTIMATE,estimated,0.018190110743764032,6.2397563310698985,7.954261364462326,-0.030464966470832164,-0.02292504357742411,0.061405211737339725
34645352,1789113554704000000,2482,HEAD_POSE_ESTIMATE,estimated,0.05271120153955583,6.218428378367918,7.933171237283465,-0.020485297943135822,-0.020584342283877347,0.07416348433110605
34662352,1789113554721000000,2483,HEAD_POSE_ESTIMATE,estimated,0.07374478244752919,6.194527401303803,7.930888424903332,-0.013500530781444678,-0.02014871861237751,0.07791433737499497
34675352,1789113554734000000,2484,HEAD_POSE_ESTIMATE,estimated,0.09228648714338292,6.1738402597706115,7.931922391715674,-0.012622066384673319,-0.01803028860193767,0.06958596774100602
34685352,1789113554744000000,2485,HEAD_POSE_ESTIMATE,estimated,0.10743679187165481,6.16013225268751,7.940240067058492,-0.015094283990522239,-0.016000891783187886,0.05357579842423138
34700352,1789113554759000000,2486,HEAD_POSE_ESTIMATE,estimated,0.11618345357443904,6.1620491340352475,7.9576471032189255,-0.017487674387446514,-0.01456160672820876,0.0334036616741209
34714352,1789113554773000000,2487,HEAD_POSE_ESTIMATE,estimated,0.11898252324690764,6.175696931841927,7.970186653385363,-0.02134327099344385,-0.0104878658149632,0.01527191055356214
34727352,1789113554786000000,2488,HEAD_POSE_ESTIMATE,estimated,0.11119540290138033,6.179998600730881,7.9856733500792485,-0.024609797555650067,-0.005182138892017949,0.0032724503903303727
34741352,1789113554800000000,2489,HEAD_POSE_ESTIMATE,estimated,0.09388990798318053,6.17923846164008,8.001936464131948,-0.022915475637831504,0.0027782493853991414,-0.0024384989218719333
34756352,1789113554815000000,2490,HEAD_POSE_ESTIMATE,estimated,0.0755776216814632,6.173320641299278,8.03169802975643,-0.019359897568017825,0.01182581684616784,-0.007095425501573922
34770352,1789113554829000000,2491,HEAD_POSE_ESTIMATE,estimated,0.04832600879871557,6.1698839844558675,8.063914978121355,-0.016211013558503864,0.022796366624231984,-0.0074428846883373475
34783352,1789113554842000000,2492,HEAD_POSE_ESTIMATE,estimated,0.03748881758568695,6.1810182890714,8.075917421309658,-0.012384975098241597,0.0320905168323626,-0.005407731235027733
34797352,1789113554856000000,2493,HEAD_POSE_ESTIMATE,estimated,0.028173585811838153,6.202443919518912,8.088694003886884,-0.009868614908139381,0.040339329657671244,-0.006076066622309266
34811352,1789113554870000000,2494,HEAD_POSE_ESTIMATE,estimated,0.0008196492190863935,6.231737737636691,8.117107402461004,-0.004366190907391886,0.04530355768910796,-0.0035641401698277694
34824352,1789113554883000000,2495,HEAD_POSE_ESTIMATE,estimated,-0.029207134342723817,6.254509927214038,8.14223798155716,0.004639719353814929,0.0451607314770143,0.00048767649755377247
34838352,1789113554897000000,2496,HEAD_POSE_ESTIMATE,estimated,-0.05607496516575594,6.275655455174512,8.151472720795047,0.011963635687008471,0.040535725255864075,0.006887274441497348
34852352,1789113554911000000,2497,HEAD_POSE_ESTIMATE,estimated,-0.06706276822545942,6.283817209069606,8.132415751334044,0.023313726700759405,0.0331493252482256,0.018397928815938207
34866352,1789113554925000000,2498,HEAD_POSE_ESTIMATE,estimated,-0.09278419503912322,6.285325984028114,8.139843515337438,0.037142810128889814,0.025080780361508948,0.03059835073451906
34880352,1789113554939000000,2499,HEAD_POSE_ESTIMATE,estimated,-0.12974744243085262,6.2814675343573505,8.15261788982341,0.05084614087120141,0.01706765293492718,0.044661571802331615
34894352,1789113554953000000,2500,HEAD_POSE_ESTIMATE,estimated,-0.16126051598975466,6.280695786131161,8.150198049012705,0.07049339411533563,0.009103534133081513,0.06117182958650399
34909352,1789113554968000000,2501,HEAD_POSE_ESTIMATE,estimated,-0.18101484307341148,6.298227729114545,8.130184104045012,0.09705356999846822,0.004000414630886193,0.07829357942391815
34920352,1789113554979000000,2502,HEAD_POSE_ESTIMATE,estimated,-0.19726895893358742,6.302024883585841,8.138673155275274,0.1202867777713185,0.0023551009548206814,0.08462857991200287
34933352,1789113554992000000,2503,HEAD_POSE_ESTIMATE,estimated,-0.21048860971526057,6.280586783959937,8.112539602602553,0.15100566515423725,0.0024761978998029304,0.09312085963992744
34948352,1789113555007000000,2504,HEAD_POSE_ESTIMATE,estimated,-0.23151546352906704,6.249353174686964,8.064135393726492,0.18473727262372275,0.0044227484246505714,0.10362599129957556
34965352,1789113555024000000,2505,HEAD_POSE_ESTIMATE,estimated,-0.26017686238118387,6.205423876696484,7.993971571295738,0.21638053465982998,0.009529625153489046,0.12093433689545711
34976352,1789113555035000000,2506,HEAD_POSE_ESTIMATE,estimated,-0.29618407022995363,6.186041684499906,7.952519762851504,0.23427353501841636,0.010744529628108146,0.13100688342432654
34989352,1789113555048000000,2507,HEAD_POSE_ESTIMATE,estimated,-0.33715183525428566,6.191642337252158,7.879676480691785,0.24947572515632208,0.014320786910430842,0.14609178987739566
35003352,1789113555062000000,2508,HEAD_POSE_ESTIMATE,estimated,-0.3812478346645026,6.201738575198372,7.8025489932221035,0.25863357779886526,0.023453930008393485,0.16793983023619846
35017352,1789113555076000000,2509,HEAD_POSE_ESTIMATE,estimated,-0.4065288037069186,6.213744817210807,7.736986218047396,0.2637447580085164,0.030494909809821356,0.18978217445274645
35030352,1789113555089000000,2510,HEAD_POSE_ESTIMATE,estimated,-0.4146825423027042,6.238142763813342,7.676415175110742,0.26279389698779176,0.04673589682011263,0.2138426405185275
35045352,1789113555104000000,2511,HEAD_POSE_ESTIMATE,estimated,-0.40343091009301263,6.262231410492622,7.594501812963308,0.2582453025461347,0.07398057212550559,0.24635026351478326
35059352,1789113555118000000,2512,HEAD_POSE_ESTIMATE,estimated,-0.37872373552990035,6.28630003049988,7.528184295987516,0.2534515516157713,0.09714662233710404,0.2756829821800666
35073352,1789113555132000000,2513,HEAD_POSE_ESTIMATE,estimated,-0.3634103739137716,6.312848608773145,7.470242138511874,0.24362985704433304,0.13001041464892488,0.303770174265302
35086352,1789113555145000000,2514,HEAD_POSE_ESTIMATE,estimated,-0.296758664018837,6.343070325195968,7.4313772734613535,0.24070261125093798,0.17042877037982423,0.33469920513231277
35100352,1789113555159000000,2515,HEAD_POSE_ESTIMATE,estimated,-0.2466173743628418,6.3755258553147005,7.390034570836159,0.2328866393677984,0.21388130621770446,0.36069454508434323
35114352,1789113555173000000,2516,HEAD_POSE_ESTIMATE,estimated,-0.2614061707554565,6.396649639831549,7.3909073235059335,0.21907012793331318,0.2542163973339389,0.3798597720134888
35128352,1789113555187000000,2517,HEAD_POSE_ESTIMATE,estimated,-0.2819786923442301,6.411886993467227,7.399133104237535,0.20382297430233254,0.30075080756206046,0.40714013544586514
35142352,1789113555201000000,2518,HEAD_POSE_ESTIMATE,estimated,-0.2952508574564705,6.417230180439051,7.399758825994105,0.18922056727528475,0.3561184261147685,0.44329042644074634
35157352,1789113555216000000,2519,HEAD_POSE_ESTIMATE,estimated,-0.27737668949882344,6.421461936095464,7.380077299355451,0.17261812722814285,0.410106488178077,0.47566468281652974
35171352,1789113555230000000,2520,HEAD_POSE_ESTIMATE,estimated,-0.2881615530285614,6.422274348522427,7.3670013155192615,0.15846593633965372,0.4593619780063465,0.5010863006334838
35185352,1789113555244000000,2521,HEAD_POSE_ESTIMATE,estimated,-0.2465258830956586,6.435057709249046,7.319086781238799,0.14372324339534198,0.5127794946947459,0.523719629885962
35204352,1789113555263000000,2522,HEAD_POSE_ESTIMATE,estimated,-0.16561801947303317,6.474279678388054,7.280991339388624,0.12630267660880218,0.5754846026371914,0.5473459337512417
35217352,1789113555276000000,2523,HEAD_POSE_ESTIMATE,estimated,-0.10547190902485304,6.509591126908764,7.236025638808364,0.11221277302646737,0.6107876672063597,0.5576131256442715
35225352,1789113555284000000,2524,HEAD_POSE_ESTIMATE,estimated,-0.07615398878131097,6.531061224727223,7.204500854085555,0.10559836208321834,0.6291792119774315,0.5631552611985792
35239352,1789113555298000000,2525,HEAD_POSE_ESTIMATE,estimated,-0.003820570218720065,6.566037974145677,7.170230137775564,0.09063693310126061,0.654549198754822,0.5714230285011944
35253352,1789113555312000000,2526,HEAD_POSE_ESTIMATE,estimated,0.07472031602250928,6.613484855692526,7.131573278527978,0.07577493630789818,0.6640970334705132,0.5681389546171755
35267352,1789113555326000000,2527,HEAD_POSE_ESTIMATE,estimated,0.144887635107658,6.645454699454086,7.11379727070519,0.059541649118891565,0.6638688606892563,0.5597981231913652
35280352,1789113555339000000,2528,HEAD_POSE_ESTIMATE,estimated,0.20981771548083783,6.6660035376314335,7.114670391958533,0.04875286039465842,0.6621881167542853,0.5508783899454821
35295352,1789113555354000000,2529,HEAD_POSE_ESTIMATE,estimated,0.362645005802871,6.6803818086758495,7.079765693878185,0.041837399088007675,0.6546389526317105,0.5437933949166668
35309352,1789113555368000000,2530,HEAD_POSE_ESTIMATE,estimated,0.4101541179225908,6.67720999813572,7.0916524208789955,0.032020083062380286,0.6279158648697097,0.520147573936222
35322352,1789113555381000000,2531,HEAD_POSE_ESTIMATE,estimated,0.290901087043181,6.6811105973788205,7.128265650436347,0.03846640910515326,0.6127319333741376,0.5043932306452673
35337352,1789113555396000000,2532,HEAD_POSE_ESTIMATE,estimated,0.1336467809532233,6.705809768795959,7.161550093588381,0.05344080652586177,0.6001167322581804,0.4920449425370145
35350352,1789113555409000000,2533,HEAD_POSE_ESTIMATE,estimated,0.11975109072794313,6.717768127708585,7.130352309895968,0.0717150501189161,0.5871274222629786,0.4740478464592311
35364352,1789113555423000000,2534,HEAD_POSE_ESTIMATE,estimated,0.11928976830624813,6.718117517692188,7.0888562918783675,0.09200699949552604,0.5763406640963731,0.4657776018311266
35378352,1789113555437000000,2535,HEAD_POSE_ESTIMATE,estimated,0.13226708365443648,6.681109641549904,7.049674794498607,0.10954497510019183,0.5749544235081551,0.466800585922101
35392352,1789113555451000000,2536,HEAD_POSE_ESTIMATE,estimated,0.13054975689834628,6.638706112115403,6.9967212927883455,0.1215194980096192,0.5706304105273697,0.47696879160854544
35411352,1789113555470000000,2537,HEAD_POSE_ESTIMATE,estimated,0.19960640539329078,6.6117490109251795,6.901696453064508,0.12785847138171355,0.5685270512149139,0.511943225323404
35419352,1789113555478000000,2538,HEAD_POSE_ESTIMATE,estimated,0.2042102298278331,6.6099408054214495,6.868000194423876,0.12691923942152444,0.5690866933181478,0.5217004476548869
35433352,1789113555492000000,2539,HEAD_POSE_ESTIMATE,estimated,0.2237735738626131,6.601994949713099,6.805704579391897,0.12223870871401707,0.5684666370842625,0.5420095353010208
35447352,1789113555506000000,2540,HEAD_POSE_ESTIMATE,estimated,0.2775652607158659,6.581772451051021,6.741942611303999,0.1149169795822037,0.5634334577529819,0.5525820059566271
35461352,1789113555520000000,2541,HEAD_POSE_ESTIMATE,estimated,0.30320714524858217,6.555473782991597,6.700446076374628,0.10529626007954179,0.5539211681936648,0.5529393588719227
35475352,1789113555534000000,2542,HEAD_POSE_ESTIMATE,estimated,0.31551718033535747,6.540832935020599,6.666099894974923,0.09656425645416382,0.5381146967208068,0.5412050951550336
35489352,1789113555548000000,2543,HEAD_POSE_ESTIMATE,estimated,0.31698835185299346,6.51348767318197,6.656566326811316,0.08677855538858466,0.5186883312228987,0.5194919499811865
35502352,1789113555561000000,2544,HEAD_POSE_ESTIMATE,estimated,0.3549633405191246,6.49201054205579,6.645958797938922,0.07288599366037433,0.5011022674945235,0.494598981973628
35517352,1789113555576000000,2545,HEAD_POSE_ESTIMATE,estimated,0.3776045227719459,6.472286688704904,6.652311461407298,0.05932121682986365,0.47648187961553357,0.4579646287196533
35531352,1789113555590000000,2546,HEAD_POSE_ESTIMATE,estimated,0.3368237507262897,6.467770550455284,6.674948692441209,0.04557828579211001,0.4701901173904899,0.45463906148517924
35545352,1789113555604000000,2547,HEAD_POSE_ESTIMATE,estimated,0.2791764252482595,6.473646483828003,6.700433990342927,0.03240325997212853,0.47120009461616746,0.4504555499670451
35559352,1789113555618000000,2548,HEAD_POSE_ESTIMATE,estimated,0.3259728510618875,6.463298715278529,6.726897753244846,0.02016599155565232,0.4717556733778042,0.4645313948171234
35573352,1789113555632000000,2549,HEAD_POSE_ESTIMATE,estimated,0.36286550110008403,6.440295955622963,6.755807524248952,0.003067177193541544,0.4764941040857421,0.48162330894253863
35586352,1789113555645000000,2550,HEAD_POSE_ESTIMATE,estimated,0.39336295057978354,6.410477872441956,6.797060856388232,-0.015730980560686576,0.4841495432111456,0.4979357832530961
35599352,1789113555658000000,2551,HEAD_POSE_ESTIMATE,estimated,0.3997281643358661,6.3866453918748105,6.842253668162313,-0.03521023011476647,0.49325576484978007,0.5125712811629254
35614352,1789113555673000000,2552,HEAD_POSE_ESTIMATE,estimated,0.4128715270350759,6.400805205948035,6.8971197269808275,-0.05900641678199893,0.5046571326146151,0.520297116107701
35628352,1789113555687000000,2553,HEAD_POSE_ESTIMATE,estimated,0.44042329802351465,6.422724485677286,6.953371496669357,-0.08104405598125194,0.511409691929226,0.5172519225749559
35642352,1789113555701000000,2554,HEAD_POSE_ESTIMATE,estimated,0.45323952285989544,6.460021122337283,7.009569929181953,-0.10357476843045597,0.5148834120221645,0.507169798181664
35656352,1789113555715000000,2555,HEAD_POSE_ESTIMATE,estimated,0.4679523034018341,6.49193053798133,7.07001678288445,-0.12236981883292669,0.5155776544359131,0.4988655983354824
35671352,1789113555730000000,2556,HEAD_POSE_ESTIMATE,estimated,0.4001953922437034,6.5191262910004255,7.140028270806777,-0.14122821871439248,0.5087186268609644,0.48543828431252495
35685352,1789113555744000000,2557,HEAD_POSE_ESTIMATE,estimated,0.33619922322537155,6.560781995776344,7.195243470793356,-0.15725161804393045,0.5052591489147054,0.47487204891940804
35699352,1789113555758000000,2558,HEAD_POSE_ESTIMATE,estimated,0.2739071192361527,6.606303123485436,7.238163434817846,-0.17779834342541365,0.5048598720472516,0.46963735230419845
35712352,1789113555771000000,2559,HEAD_POSE_ESTIMATE,estimated,0.26649158585956817,6.611440292269249,7.279118439846771,-0.18882743818806588,0.5077008478551877,0.46913560745547134
35726352,1789113555785000000,2560,HEAD_POSE_ESTIMATE,estimated,0.2896700536015471,6.601275189738472,7.31253070480442,-0.19073514880429068,0.5088860330644107,0.4670979110273074
35740352,1789113555799000000,2561,HEAD_POSE_ESTIMATE,estimated,0.3214915670494264,6.585360079765278,7.341735165171178,-0.1840940072088876,0.5196920084344858,0.4739455686709462
35755352,1789113555814000000,2562,HEAD_POSE_ESTIMATE,estimated,0.3262829586935946,6.557342351297919,7.355164716698394,-0.17081508242178067,0.5226525699547059,0.47474240685502644
35770352,1789113555829000000,2563,HEAD_POSE_ESTIMATE,estimated,0.3630410831643901,6.516722028799243,7.3645033181060375,-0.15164924186953704,0.5303587935333026,0.4778554826445107
35781352,1789113555840000000,2564,HEAD_POSE_ESTIMATE,estimated,0.3420218431010836,6.480094984164197,7.3618238688798,-0.1376012056343263,0.530071097191152,0.473538409180013
35795352,1789113555854000000,2565,HEAD_POSE_ESTIMATE,estimated,0.32146597923322234,6.429338735673366,7.33591721738534,-0.12187394464550896,0.5280653309575931,0.4744174010478398
35809352,1789113555868000000,2566,HEAD_POSE_ESTIMATE,estimated,0.3307218130471181,6.384398259328255,7.290900600436239,-0.11359592166898927,0.5282034552791286,0.4782105468290368
35824352,1789113555883000000,2567,HEAD_POSE_ESTIMATE,estimated,0.32487249888685926,6.330495968025383,7.244429040105817,-0.11035840035591842,0.5209240777693759,0.48250647873017427
35838352,1789113555897000000,2568,HEAD_POSE_ESTIMATE,estimated,0.3910826198591375,6.307915417521008,7.224407770935511,-0.11737171140644918,0.5129605743541213,0.49620607630918906
35854352,1789113555913000000,2569,HEAD_POSE_ESTIMATE,estimated,0.3674729130095853,6.267687691496413,7.176436484394091,-0.12009604770461424,0.49289441318075744,0.4969723349080769
35866352,1789113555925000000,2570,HEAD_POSE_ESTIMATE,estimated,0.33609937189294736,6.235170538433685,7.1425893359101735,-0.12438837488939763,0.47280165375260924,0.4957741499693793
35882352,1789113555941000000,2571,HEAD_POSE_ESTIMATE,estimated,0.29588727281598365,6.201459663727507,7.1181019351398955,-0.12553862578277974,0.4560314445865917,0.49731899470427726
35893352,1789113555952000000,2572,HEAD_POSE_ESTIMATE,estimated,0.263916100104143,6.1767719350719075,7.11150295597375,-0.12245267800501194,0.452293712682765,0.5005613133300029
35907352,1789113555966000000,2573,HEAD_POSE_ESTIMATE,estimated,0.29128148220499067,6.157097651445632,7.11605507460699,-0.11696193209683896,0.4449142542858585,0.4954757431124541
35922352,1789113555981000000,2574,HEAD_POSE_ESTIMATE,estimated,0.3624137230117282,6.149066311754499,7.13618386651459,-0.1105664725676719,0.4420332847492098,0.485191982690816
35935352,1789113555994000000,2575,HEAD_POSE_ESTIMATE,estimated,0.43266910121288593,6.133914813215889,7.162752763484537,-0.10634537130591505,0.4361544225879636,0.469351585286066
35953352,1789113556012000000,2576,HEAD_POSE_ESTIMATE,estimated,0.5151150620572996,6.139652882803916,7.183063537573435,-0.098291656686809,0.42339903294836956,0.44919855527577796
35962352,1789113556021000000,2577,HEAD_POSE_ESTIMATE,estimated,0.5633627353374613,6.1372682054999,7.1975100297695676,-0.09415575805907017,0.4120995987079782,0.43322163954385606
35975352,1789113556034000000,2578,HEAD_POSE_ESTIMATE,estimated,0.5827538262698081,6.148371137845591,7.224028513415861,-0.08632623760651663,0.4012376230696234,0.4282058170113471
35989352,1789113556048000000,2579,HEAD_POSE_ESTIMATE,estimated,0.617541449663373,6.153000930372614,7.2507772622391435,-0.0829215938445325,0.3765222410623021,0.41621497284504494
36003352,1789113556062000000,2580,HEAD_POSE_ESTIMATE,estimated,0.6036039422879521,6.160236350186711,7.261022899694073,-0.0808588037324534,0.3525984729612736,0.40941060694181153
36017352,1789113556076000000,2581,HEAD_POSE_ESTIMATE,estimated,0.6431186540056841,6.158536924907107,7.284317117563722,-0.08163146699959634,0.32452381356576826,0.39956601655639307
36032352,1789113556091000000,2582,HEAD_POSE_ESTIMATE,estimated,0.6972446124589882,6.172611189381652,7.294459173754471,-0.0796749375027665,0.2859908505198364,0.38251001268272555
36046352,1789113556105000000,2583,HEAD_POSE_ESTIMATE,estimated,0.7294143842895714,6.207679227119822,7.305852773487826,-0.07706128069012758,0.2515480935590477,0.36171929546120846
36060352,1789113556119000000,2584,HEAD_POSE_ESTIMATE,estimated,0.7830301143097187,6.266542862101007,7.339267797979497,-0.06979588313210815,0.21644334962911535,0.3339586288913741
36074352,1789113556133000000,2585,HEAD_POSE_ESTIMATE,estimated,0.6873470386335953,6.292359622897363,7.301276897631603,-0.06517914307425848,0.19126701397613277,0.3135000230666759
36089352,1789113556148000000,2586,HEAD_POSE_ESTIMATE,estimated,0.6682870404706781,6.313410811348961,7.2956099262880505,-0.05998287949886625,0.1623451815402791,0.286836299361567
36101352,1789113556160000000,2587,HEAD_POSE_ESTIMATE,estimated,0.6616645582999606,6.312105460188009,7.305961436789815,-0.057496856447421134,0.14034400146105402,0.26448206288009746
36115352,1789113556174000000,2588,HEAD_POSE_ESTIMATE,estimated,0.6540631464767073,6.305633044064551,7.318234975934769,-0.05127758409093302,0.11717743500105247,0.24614414396927412
36129352,1789113556188000000,2589,HEAD_POSE_ESTIMATE,estimated,0.6546456842395575,6.297718890606711,7.328788636325373,-0.04256054808619371,0.09482427832443086,0.2343083415749378
36143352,1789113556202000000,2590,HEAD_POSE_ESTIMATE,estimated,0.6614952851120666,6.275165186650335,7.335239820586244,-0.025577346032401953,0.07443209184591636,0.22926936599160763
36158352,1789113556217000000,2591,HEAD_POSE_ESTIMATE,estimated,0.6719104783966223,6.248239674438411,7.328427068268553,-0.00562733626921313,0.061095202358878734,0.2314564510499826
36175352,1789113556234000000,2592,HEAD_POSE_ESTIMATE,estimated,0.6871031207863447,6.229042383849944,7.311588461984142,0.013330902293700368,0.05422046705470691,0.2347670666970952
36184352,1789113556243000000,2593,HEAD_POSE_ESTIMATE,estimated,0.6982148243883516,6.222090257888042,7.3006578168487435,0.02374760485639777,0.05695606581748178,0.2390280484718373
36198352,1789113556257000000,2594,HEAD_POSE_ESTIMATE,estimated,0.704068998032378,6.216467840705732,7.297474824860772,0.024515998300826153,0.05848605793849365,0.23530527616952773
36213352,1789113556272000000,2595,HEAD_POSE_ESTIMATE,estimated,0.7157998233998163,6.211816547786424,7.314799282220826,0.017558762804439635,0.0688921213089874,0.23700368969084315
36227352,1789113556286000000,2596,HEAD_POSE_ESTIMATE,estimated,0.7247791672507753,6.211387628634038,7.336591711525534,0.0024131188109432536,0.07409444407231841,0.23261134822443016
36241352,1789113556300000000,2597,HEAD_POSE_ESTIMATE,estimated,0.7297393298324668,6.219150381637976,7.337143864478511,-0.017145436770646044,0.07519537491275398,0.22071646992097518
36255352,1789113556314000000,2598,HEAD_POSE_ESTIMATE,estimated,0.733595334839751,6.25184990904267,7.382150748443977,-0.049397452296172366,0.07593906170282831,0.21226004251151306
36269352,1789113556328000000,2599,HEAD_POSE_ESTIMATE,estimated,0.725060570396975,6.284383009160031,7.437799732587836,-0.07667854856060782,0.07275473749831476,0.19507219458553116
36283352,1789113556342000000,2600,HEAD_POSE_ESTIMATE,estimated,0.7085784851946098,6.312830723190421,7.487481430450068,-0.09715552006540377,0.06384344005405296,0.16925841400635158
36296352,1789113556355000000,2601,HEAD_POSE_ESTIMATE,estimated,0.6616324090164377,6.317146951575271,7.537852024644189,-0.10079270820833558,0.05949370254119141,0.14412122321095722
36310352,1789113556369000000,2602,HEAD_POSE_ESTIMATE,estimated,0.6533226067640081,6.324265110370172,7.601379103244277,-0.1031844249874012,0.05232813465534006,0.11337977713394223
36327352,1789113556386000000,2603,HEAD_POSE_ESTIMATE,estimated,0.6587335686111286,6.303186884037589,7.689529564011389,-0.10279370149820417,0.039517966518366386,0.07637159698285552
36339352,1789113556398000000,2604,HEAD_POSE_ESTIMATE,estimated,0.6534509057840064,6.306697466219054,7.7410173134396665,-0.094453989788286,0.03353417261030817,0.052188434428061016
36351352,1789113556410000000,2605,HEAD_POSE_ESTIMATE,estimated,0.654531277658011,6.308501039619744,7.777271625919312,-0.08635803491985838,0.02663479737491127,0.033103839985312314
36366352,1789113556425000000,2606,HEAD_POSE_ESTIMATE,estimated,0.6373552946508441,6.338996736454814,7.791515353445112,-0.0855211273826112,0.01631127876120829,0.015233230258950752
36379352,1789113556438000000,2607,HEAD_POSE_ESTIMATE,estimated,0.6337683060034109,6.35687671236853,7.804958405089779,-0.09487539718620142,0.007467140185926279,0.00499583630960421
36393352,1789113556452000000,2608,HEAD_POSE_ESTIMATE,estimated,0.6300909556712466,6.375579180464762,7.809914474835341,-0.11578760481850107,-0.007170054949393159,0.0032815360752087622
36408352,1789113556467000000,2609,HEAD_POSE_ESTIMATE,estimated,0.6317929221337353,6.382370401042887,7.826769806979541,-0.14251072291788458,-0.025667037363472475,0.009383358337126495
36420352,1789113556479000000,2610,HEAD_POSE_ESTIMATE,estimated,0.6345239879961095,6.369608410513761,7.84422140902476,-0.16922576579216744,-0.042271878282832395,0.01851810840779757
36435352,1789113556494000000,2611,HEAD_POSE_ESTIMATE,estimated,0.616862545643567,6.3599341464774755,7.853878327420272,-0.18923451741980088,-0.06561776041098437,0.027660458457551506
36450352,1789113556509000000,2612,HEAD_POSE_ESTIMATE,estimated,0.5772903358394328,6.332481143382757,7.836670222243115,-0.18546332245802943,-0.08481925780211999,0.037888498119461385
36463352,1789113556522000000,2613,HEAD_POSE_ESTIMATE,estimated,0.5572890732557018,6.307282707182399,7.828794674703755,-0.16737664015370451,-0.09910997152944076,0.04807906552546691
36476352,1789113556535000000,2614,HEAD_POSE_ESTIMATE,estimated,0.5347574141536628,6.27944780390436,7.858510814005936,-0.13662865349044873,-0.11036622022064613,0.05142545133563726
36489352,1789113556548000000,2615,HEAD_POSE_ESTIMATE,estimated,0.5176050570023204,6.24068095363814,7.854809413254063,-0.10614116743898144,-0.11809939957420039,0.06021030658051306
36503352,1789113556562000000,2616,HEAD_POSE_ESTIMATE,estimated,0.5215352788976355,6.200094186722356,7.850398568514126,-0.07343043711845232,-0.11916772471511734,0.07295884780375925
36517352,1789113556576000000,2617,HEAD_POSE_ESTIMATE,estimated,0.5282118416933026,6.154808302195528,7.854204660152372,-0.04652525582860257,-0.1193066962246665,0.08573163304632282
36532352,1789113556591000000,2618,HEAD_POSE_ESTIMATE,estimated,0.5569698013845898,6.117308673683763,7.821264375775774,-0.024229131529270826,-0.11133530713633795,0.09886706533400842
36545352,1789113556604000000,2619,HEAD_POSE_ESTIMATE,estimated,0.5926655893763406,6.07350514742103,7.816088414357838,-0.008189183612417963,-0.09840922282550688,0.10868040645584248
36559352,1789113556618000000,2620,HEAD_POSE_ESTIMATE,estimated,0.6129276264354996,6.048093583228232,7.812159359639454,-0.003999683325218263,-0.08408953682391988,0.11699912947429791
36574352,1789113556633000000,2621,HEAD_POSE_ESTIMATE,estimated,0.6420949464336694,6.018383242920106,7.793381760707413,-0.011249699191792315,-0.06401974425058028,0.12173437667863132
36587352,1789113556646000000,2622,HEAD_POSE_ESTIMATE,estimated,0.6562980183834763,6.00864582895414,7.789726138067102,-0.0265900493237066,-0.04606421684194871,0.12419044941406426
36600352,1789113556659000000,2623,HEAD_POSE_ESTIMATE,estimated,0.6762714450288684,6.001410536855648,7.781178931410155,-0.04261548473097691,-0.02867024966305397,0.11971570349821414
36615352,1789113556674000000,2624,HEAD_POSE_ESTIMATE,estimated,0.698768663739776,5.997407847508885,7.805628256139742,-0.05521868188745468,-0.010600038389631276,0.10895819366595161
36628352,1789113556687000000,2625,HEAD_POSE_ESTIMATE,estimated,0.7008274877887983,5.991121450950909,7.815464385930105,-0.061447743813568115,0.0016163231797567165,0.0950018948094132
36643352,1789113556702000000,2626,HEAD_POSE_ESTIMATE,estimated,0.7025596445207125,5.9678253851805305,7.816030215273569,-0.06628699249137872,0.00985132749143934,0.0774591770574794
36657352,1789113556716000000,2627,HEAD_POSE_ESTIMATE,estimated,0.7030189360473569,5.971641098146585,7.830146392481552,-0.07409322769492951,0.015349703910351035,0.06079481809487701
36671352,1789113556730000000,2628,HEAD_POSE_ESTIMATE,estimated,0.7031059309823886,5.977118103137796,7.851511890085146,-0.08408202369807524,0.016258525369833743,0.046389181932526335
36685352,1789113556744000000,2629,HEAD_POSE_ESTIMATE,estimated,0.704886002207685,5.990674472612467,7.876394764639669,-0.09419607897129391,0.011248055025170853,0.034122847987414606
36699352,1789113556758000000,2630,HEAD_POSE_ESTIMATE,estimated,0.7022726284053687,5.992371367615666,7.913451075714555,-0.10558644447100606,0.003933647736551721,0.027971028957041115
36713352,1789113556772000000,2631,HEAD_POSE_ESTIMATE,estimated,0.7162496374907896,5.996805792136059,7.940772124711867,-0.11401017429556894,-0.004029029743192537,0.0248348152827785
36729352,1789113556788000000,2632,HEAD_POSE_ESTIMATE,estimated,0.7365157238101805,5.996976218533921,7.978708207503596,-0.12224503673316967,-0.014083187521474017,0.025805084683493407
36740352,1789113556799000000,2633,HEAD_POSE_ESTIMATE,estimated,0.7573326211877948,5.987021423598398,8.007822715645192,-0.12828161432130178,-0.01911063660478293,0.03105191993651833
36753352,1789113556812000000,2634,HEAD_POSE_ESTIMATE,estimated,0.7820896970905862,5.962454536982756,8.048565479380537,-0.12939869997531223,-0.02600912962557795,0.038188902340752236
36768352,1789113556827000000,2635,HEAD_POSE_ESTIMATE,estimated,0.8179283966560356,5.938950694098661,8.102613536387286,-0.1232024285776377,-0.031318660645677406,0.04413458803765169
36781352,1789113556840000000,2636,HEAD_POSE_ESTIMATE,estimated,0.8478758739798489,5.929820451822076,8.15085606990667,-0.11268306476185741,-0.03315859405186048,0.0462127134644184
36795352,1789113556854000000,2637,HEAD_POSE_ESTIMATE,estimated,0.8780905799691712,5.919030159022939,8.209188355206019,-0.09455562075536207,-0.03204554927754764,0.045336691140979025
36810352,1789113556869000000,2638,HEAD_POSE_ESTIMATE,estimated,0.9031260278215684,5.931169735412391,8.273494344711017,-0.07893861315880267,-0.029842425529289257,0.04168541052255454
36823352,1789113556882000000,2639,HEAD_POSE_ESTIMATE,estimated,0.9321494934683429,5.938791078782152,8.328682143220204,-0.0708858006770277,-0.028006170643758835,0.03794862783109855
36836352,1789113556895000000,2640,HEAD_POSE_ESTIMATE,estimated,0.9475522264759946,5.959183776099584,8.4075865015938,-0.07950121369513423,-0.025615647513758843,0.034113417433297176
36851352,1789113556910000000,2641,HEAD_POSE_ESTIMATE,estimated,0.9658951695956359,6.007736332830682,8.468569365613103,-0.09114665283957192,-0.02836785789020221,0.030363267812791812
36865352,1789113556924000000,2642,HEAD_POSE_ESTIMATE,estimated,0.9786550649038751,6.054055401874647,8.531115522322226,-0.10125140357566106,-0.03462356939872931,0.02483797082897089
36879352,1789113556938000000,2643,HEAD_POSE_ESTIMATE,estimated,0.9731618797403463,6.091490693524725,8.582501512551795,-0.1164079819931478,-0.044934967352149,0.020318257336907734
36893352,1789113556952000000,2644,HEAD_POSE_ESTIMATE,estimated,0.9651332000769908,6.106232057379735,8.597387726569595,-0.11380994861811199,-0.058348917987908526,0.011493902855468925
36907352,1789113556966000000,2645,HEAD_POSE_ESTIMATE,estimated,0.9623127608793759,6.08177440567583,8.5949287538131,-0.09370883867124262,-0.07455348441066226,-0.0023762093366742703
36921352,1789113556980000000,2646,HEAD_POSE_ESTIMATE,estimated,0.9574811675467623,6.048023911653138,8.563933963749397,-0.052156664778265784,-0.09113137939357054,-0.017697551015653682
36935352,1789113556994000000,2647,HEAD_POSE_ESTIMATE,estimated,0.947219998557836,5.999558779591401,8.493400216195019,0.005568815819544628,-0.10754852889186714,-0.036492526372516855
36949352,1789113557008000000,2648,HEAD_POSE_ESTIMATE,estimated,0.9442759782408893,5.967590906901704,8.407369555627247,0.06477048172163843,-0.11847747030562233,-0.05081280307223541
36962352,1789113557021000000,2649,HEAD_POSE_ESTIMATE,estimated,0.9503682122439193,5.912622789894134,8.33048399747147,0.12175941379501597,-0.12257582875021523,-0.06190427311614623
36976352,1789113557035000000,2650,HEAD_POSE_ESTIMATE,estimated,0.9518911617210002,5.839459173125013,8.25991826422363,0.17536198636291545,-0.12094569691033902,-0.06557162022916685
36990352,1789113557049000000,2651,HEAD_POSE_ESTIMATE,estimated,0.9624768184824133,5.814592684615316,8.167460597658621,0.2095226043415657,-0.11196231410797337,-0.0644461411457148
37004352,1789113557063000000,2652,HEAD_POSE_ESTIMATE,estimated,0.9760021048217135,5.781461316598826,8.091318445131988,0.2240941152539768,-0.09789744621067005,-0.060045521837215746
37018352,1789113557077000000,2653,HEAD_POSE_ESTIMATE,estimated,0.993659513336478,5.776137146137954,8.044204906902062,0.21847258117169827,-0.08209002796377228,-0.05132597688062236
37032352,1789113557091000000,2654,HEAD_POSE_ESTIMATE,estimated,1.0215220351314251,5.783469561903121,8.01742882396387,0.19937309767360512,-0.06401001900609198,-0.04836806195975841
37048352,1789113557107000000,2655,HEAD_POSE_ESTIMATE,estimated,1.0590438567157543,5.804957134904127,8.017423898407824,0.16737453575171313,-0.04444993396990015,-0.05389381509331227
37060352,1789113557119000000,2656,HEAD_POSE_ESTIMATE,estimated,1.0789137212639268,5.843397035635102,8.051600554033357,0.13888195626284403,-0.030196909960270853,-0.06638743865088918
37073352,1789113557132000000,2657,HEAD_POSE_ESTIMATE,estimated,1.116160524718801,5.896622625888701,8.09034154325754,0.10815823329801705,-0.019649223499460394,-0.08362559735851259
37088352,1789113557147000000,2658,HEAD_POSE_ESTIMATE,estimated,1.1405429734571986,5.951306366702818,8.155020977875637,0.0790709359966042,-0.011456822094089165,-0.10542400459641538
37101352,1789113557160000000,2659,HEAD_POSE_ESTIMATE,estimated,1.1610014210850215,5.996115670337684,8.183969759741307,0.06874049978912036,-0.014504060469836277,-0.1316620699072011
37115352,1789113557174000000,2660,HEAD_POSE_ESTIMATE,estimated,1.16613663398915,6.048734030070387,8.188536969114077,0.05360363033891117,-0.01983036548412425,-0.1500664462734514
37130352,1789113557189000000,2661,HEAD_POSE_ESTIMATE,estimated,1.1879361959919956,6.094544537986074,8.212285578982705,0.04856658198369677,-0.030414522602721015,-0.16502605646824847
37143352,1789113557202000000,2662,HEAD_POSE_ESTIMATE,estimated,1.2282197292132568,6.142327271190778,8.233925455371581,0.055111962230897614,-0.04704854601683155,-0.17664680288202153
37157352,1789113557216000000,2663,HEAD_POSE_ESTIMATE,estimated,1.2578136110223777,6.153852252148619,8.242155141063913,0.0718949382366005,-0.06576905048121848,-0.18425340359933035
37171352,1789113557230000000,2664,HEAD_POSE_ESTIMATE,estimated,1.2900727875635682,6.151001035815938,8.240647956749154,0.10343961743198359,-0.0916920945830394,-0.1972369116930432
37184352,1789113557243000000,2665,HEAD_POSE_ESTIMATE,estimated,1.3042932299727172,6.13273971803166,8.22341749347317,0.14147661651926483,-0.12022516014434104,-0.21182162620476033
37197352,1789113557256000000,2666,HEAD_POSE_ESTIMATE,estimated,1.3150475189039357,6.142388386480554,8.203101147719929,0.17799440568332497,-0.1476174689941815,-0.22832918097080335
37212352,1789113557271000000,2667,HEAD_POSE_ESTIMATE,estimated,1.3141523403141702,6.131117336368893,8.159167049792712,0.22008657040400853,-0.1794124569794744,-0.2484449542705921
37228352,1789113557287000000,2668,HEAD_POSE_ESTIMATE,estimated,1.3009567200389918,6.140742239924588,8.071209761155133,0.26158181307280043,-0.21150769251351828,-0.27202815064163816
37240352,1789113557299000000,2669,HEAD_POSE_ESTIMATE,estimated,1.278584806405387,6.142261018321911,8.006243663389515,0.29178951592837704,-0.23285486173056227,-0.29211799704532704
37253352,1789113557312000000,2670,HEAD_POSE_ESTIMATE,estimated,1.2515773167938247,6.122505081427232,7.93825947791303,0.31662645175344867,-0.2517043197647043,-0.3078556141014338
37267352,1789113557326000000,2671,HEAD_POSE_ESTIMATE,estimated,1.2148773489090112,6.123465733440013,7.859498766807479,0.33343803238022945,-0.26645659506831176,-0.32005295627184266
37281352,1789113557340000000,2672,HEAD_POSE_ESTIMATE,estimated,1.166376240627308,6.134870863986242,7.80504083181504,0.33531341085763183,-0.2785990444920583,-0.32943240573915533
37295352,1789113557354000000,2673,HEAD_POSE_ESTIMATE,estimated,1.080900541833589,6.174442048230519,7.733986460990075,0.32460637901631845,-0.2874084282651938,-0.3391232709583894
37309352,1789113557368000000,2674,HEAD_POSE_ESTIMATE,estimated,1.034401850553504,6.243202932730605,7.6990958931216955,0.3061725100843544,-0.2918155489736677,-0.34345500182252436
37323352,1789113557382000000,2675,HEAD_POSE_ESTIMATE,estimated,0.9802027400376749,6.3148533433618965,7.6546455065245524,0.2798792687934414,-0.2921655913855384,-0.347159078469305
37337352,1789113557396000000,2676,HEAD_POSE_ESTIMATE,estimated,0.8985657361401972,6.383245754157505,7.613245588448708,0.26220478763962535,-0.29909557408650206,-0.3597844693834449
37351352,1789113557410000000,2677,HEAD_POSE_ESTIMATE,estimated,0.8796410162587468,6.452957001000638,7.636956120269559,0.24548364557052457,-0.30236041457870744,-0.3694674813501473
37365352,1789113557424000000,2678,HEAD_POSE_ESTIMATE,estimated,0.8636648645896439,6.510276852440747,7.657199493587484,0.22847080110368287,-0.30437577266884874,-0.37652363947194867
37379352,1789113557438000000,2679,HEAD_POSE_ESTIMATE,estimated,0.8354308986304874,6.549048894521043,7.669137709485838,0.21468230480535744,-0.3104873497139946,-0.38614732721216133
37393352,1789113557452000000,2680,HEAD_POSE_ESTIMATE,estimated,0.8133770190616146,6.608053355248332,7.665738573877034,0.20503844670901725,-0.3131024051686492,-0.3913463132649542
37410352,1789113557469000000,2681,HEAD_POSE_ESTIMATE,estimated,0.7785637131073413,6.6684063489288254,7.636247510301289,0.20434250259811645,-0.31395144520531176,-0.39397120585690915
37420352,1789113557479000000,2682,HEAD_POSE_ESTIMATE,estimated,0.7555169840331727,6.710817535022107,7.598441123868964,0.21057157404416105,-0.3140688122070867,-0.3951662348539788
37434352,1789113557493000000,2683,HEAD_POSE_ESTIMATE,estimated,0.7431913106480121,6.728315420047495,7.552893953762565,0.2273022577958433,-0.30955321589600066,-0.3908763202275264
37450352,1789113557509000000,2684,HEAD_POSE_ESTIMATE,estimated,0.7240110106457711,6.712361174732071,7.486289580225094,0.2550824045581913,-0.30173014902774004,-0.38277216814736853
37462352,1789113557521000000,2685,HEAD_POSE_ESTIMATE,estimated,0.7005891854038793,6.685276270516947,7.41616382806435,0.2790813850236678,-0.2951066328499001,-0.3765180998930316
37475352,1789113557534000000,2686,HEAD_POSE_ESTIMATE,estimated,0.7000265963679636,6.660879316355945,7.350831880538597,0.3046335310682793,-0.2864144022820094,-0.3647846824145748
37489352,1789113557548000000,2687,HEAD_POSE_ESTIMATE,estimated,0.6670668073998448,6.641666918794298,7.238898402746332,0.32856980775151434,-0.2821290937216801,-0.35628679134832275
37503352,1789113557562000000,2688,HEAD_POSE_ESTIMATE,estimated,0.649444474283929,6.61955042362995,7.136780965343694,0.34154800582329703,-0.2782881706144309,-0.3496381202458662
37518352,1789113557577000000,2689,HEAD_POSE_ESTIMATE,estimated,0.6234163992438375,6.616945902269989,7.038680258121477,0.34693627593066156,-0.2770676905102711,-0.346948702110168
37532352,1789113557591000000,2690,HEAD_POSE_ESTIMATE,estimated,0.6479137332953592,6.62735554419399,6.975848772631551,0.3382094521469236,-0.28330058510186834,-0.35590274908400815
37545352,1789113557604000000,2691,HEAD_POSE_ESTIMATE,estimated,0.6521737770027791,6.628921814204274,6.922186560662161,0.3170023652124325,-0.28460056040071924,-0.3604619255640364
37559352,1789113557618000000,2692,HEAD_POSE_ESTIMATE,estimated,0.6538031991818735,6.630326237062753,6.880892167823938,0.2804849464125537,-0.28743094589006013,-0.3682217476819873
37574352,1789113557633000000,2693,HEAD_POSE_ESTIMATE,estimated,0.6542416900961524,6.670814482929409,6.852172616515539,0.24217646909840773,-0.2960671606120249,-0.3831782091057342
37586352,1789113557645000000,2694,HEAD_POSE_ESTIMATE,estimated,0.6392210954769311,6.700900307086904,6.828867852753792,0.20731215557330324,-0.3012887407347668,-0.39224789653483555
37602352,1789113557661000000,2695,HEAD_POSE_ESTIMATE,estimated,0.6489781936512989,6.767475100668949,6.824603959545862,0.17072928845673513,-0.30298516446839735,-0.3943840521332442
37615352,1789113557674000000,2696,HEAD_POSE_ESTIMATE,estimated,0.635783663284631,6.824340211014592,6.794904977853911,0.14233206493416486,-0.30649813648437485,-0.39353006895032516
37629352,1789113557688000000,2697,HEAD_POSE_ESTIMATE,estimated,0.6279792361521982,6.869081860338301,6.780542033115675,0.12669953753374358,-0.30767532228750233,-0.39051918534260294
37644352,1789113557703000000,2698,HEAD_POSE_ESTIMATE,estimated,0.6302890832943667,6.9165762156283055,6.7672929571010325,0.12945409271598243,-0.30847053476590147,-0.3900031176038369
37656352,1789113557715000000,2699,HEAD_POSE_ESTIMATE,estimated,0.6063096670000802,6.956517380585135,6.745537434036154,0.144295538534859,-0.3111126389334406,-0.39384981637721833
37670352,1789113557729000000,2700,HEAD_POSE_ESTIMATE,estimated,0.5828801080632934,6.988139075401318,6.724607111052982,0.16119729866361263,-0.31014880902882247,-0.39697575505583044
37686352,1789113557745000000,2701,HEAD_POSE_ESTIMATE,estimated,0.5417355082154522,7.000166490790117,6.696314421075533,0.18150468622275848,-0.30660825069121384,-0.4038749581339634
37700352,1789113557759000000,2702,HEAD_POSE_ESTIMATE,estimated,0.5126205049016733,7.026700918402689,6.684477659020864,0.18820693847552392,-0.30347005285416534,-0.4123563210141104
37711352,1789113557770000000,2703,HEAD_POSE_ESTIMATE,estimated,0.46335226506125676,7.046350623785077,6.646567006433543,0.19258457472675872,-0.2965776773696589,-0.41417230334486993
37726352,1789113557785000000,2704,HEAD_POSE_ESTIMATE,estimated,0.4230323928848989,7.076999993617017,6.620402792494184,0.1988746974195209,-0.28798315626961374,-0.41178101385276944
37739352,1789113557798000000,2705,HEAD_POSE_ESTIMATE,estimated,0.37787019494184926,7.098688526050045,6.589538683249258,0.20423476807977628,-0.278094418088952,-0.40638949654587675
37753352,1789113557812000000,2706,HEAD_POSE_ESTIMATE,estimated,0.33424769834053697,7.107973886625509,6.568848899302407,0.21918242574119404,-0.2640546589890214,-0.39891030548411804
37768352,1789113557827000000,2707,HEAD_POSE_ESTIMATE,estimated,0.3107303850594654,7.117145590593035,6.5749957088112625,0.23840560374249448,-0.25129138951229313,-0.3914648570174694
37781352,1789113557840000000,2708,HEAD_POSE_ESTIMATE,estimated,0.2705339103120928,7.119342048128188,6.551581153102375,0.251412792435525,-0.24028212624192222,-0.3786960874509358
37796352,1789113557855000000,2709,HEAD_POSE_ESTIMATE,estimated,0.23509652650329688,7.128749609824514,6.526517940022424,0.2584910783919786,-0.23104426329740502,-0.3627620241971761
37810352,1789113557869000000,2710,HEAD_POSE_ESTIMATE,estimated,0.24001279812821702,7.171272555845181,6.483693362077486,0.26534362233025655,-0.23249342199454212,-0.3535909150895719
37824352,1789113557883000000,2711,HEAD_POSE_ESTIMATE,estimated,0.285154246106526,7.223158384034561,6.463700153662059,0.2710863998303509,-0.23939351379526075,-0.34403552012137334
37838352,1789113557897000000,2712,HEAD_POSE_ESTIMATE,estimated,0.2847479695649834,7.2629942488209105,6.417610727329057,0.2784103309144922,-0.24881966509604478,-0.3344025624015867
37852352,1789113557911000000,2713,HEAD_POSE_ESTIMATE,estimated,0.30474122211890525,7.3027192313772895,6.393471377998828,0.2815298810725809,-0.26312865564802773,-0.32313622915542123
37866352,1789113557925000000,2714,HEAD_POSE_ESTIMATE,estimated,0.3177568641098744,7.331084418819738,6.38134830636642,0.2793259836988816,-0.27826800670475765,-0.3091994627105037
37880352,1789113557939000000,2715,HEAD_POSE_ESTIMATE,estimated,0.3034378427900611,7.357915699735299,6.371934029413709,0.2705410149597295,-0.2913578707843752,-0.29311026796416517
37894352,1789113557953000000,2716,HEAD_POSE_ESTIMATE,estimated,0.32045532361614654,7.400992177220704,6.38271928435006,0.26051092245040924,-0.303655061307531,-0.27813365234297555
37908352,1789113557967000000,2717,HEAD_POSE_ESTIMATE,estimated,0.3324777614519693,7.4437394440503235,6.390206550988548,0.2501243506920638,-0.3148475169897974,-0.2613433115571949
37923352,1789113557982000000,2718,HEAD_POSE_ESTIMATE,estimated,0.3338373339113798,7.493588308841543,6.395591333943529,0.25025141402557943,-0.3225642217718295,-0.2511423630007039
37935352,1789113557994000000,2719,HEAD_POSE_ESTIMATE,estimated,0.34423327330174586,7.5390523029753505,6.412228576169004,0.2512116337220532,-0.3245247357053318,-0.24531546382784009
37949352,1789113558008000000,2720,HEAD_POSE_ESTIMATE,estimated,0.3529865562586231,7.5734522588268245,6.4359545046403195,0.2563368717237581,-0.324407243926673,-0.24706797501441088
37963352,1789113558022000000,2721,HEAD_POSE_ESTIMATE,estimated,0.3522772147358661,7.597895436271731,6.4593841365342595,0.2588530826561833,-0.3233620711467154,-0.2539149734400074
37977352,1789113558036000000,2722,HEAD_POSE_ESTIMATE,estimated,0.341093472350837,7.6240894952775,6.4896901756332195,0.25635182317581207,-0.3243587810639463,-0.2623269793097533
37992352,1789113558051000000,2723,HEAD_POSE_ESTIMATE,estimated,0.33055908753814156,7.662488117181481,6.50959292740222,0.2535275380844662,-0.3258105790734513,-0.27661739978852046
38005352,1789113558064000000,2724,HEAD_POSE_ESTIMATE,estimated,0.31808437470398776,7.700722027499274,6.509504899709529,0.2539344711572177,-0.3260961980524654,-0.2926690705807006
38019352,1789113558078000000,2725,HEAD_POSE_ESTIMATE,estimated,0.30594991095082447,7.7498572546209825,6.506878003504678,0.2578074075767337,-0.3282997159638057,-0.3101118105206264
38034352,1789113558093000000,2726,HEAD_POSE_ESTIMATE,estimated,0.30317652099442594,7.799422213611499,6.504486652752312,0.2631676150503546,-0.3276033051854001,-0.3297989846928469
38047352,1789113558106000000,2727,HEAD_POSE_ESTIMATE,estimated,0.31423048921372077,7.850229521065502,6.505478152357959,0.2667545815196314,-0.32733922072436034,-0.34818207701203413
38061352,1789113558120000000,2728,HEAD_POSE_ESTIMATE,estimated,0.30470560770692595,7.892187054185669,6.493214502391436,0.2706746785878596,-0.3246749345925593,-0.35891883599802915
38075352,1789113558134000000,2729,HEAD_POSE_ESTIMATE,estimated,0.30682017769768444,7.928388709983588,6.49296153135608,0.2718508761679104,-0.3221147542013519,-0.3622299539273115
38089352,1789113558148000000,2730,HEAD_POSE_ESTIMATE,estimated,0.26212896164302707,7.938170295451935,6.4557887448641695,0.2798074321398273,-0.3211089454073573,-0.35773309807212605
38103352,1789113558162000000,2731,HEAD_POSE_ESTIMATE,estimated,0.21886243906127476,7.947013816832364,6.412952213138161,0.29142102585877233,-0.317578799048832,-0.34808905387186206
38117352,1789113558176000000,2732,HEAD_POSE_ESTIMATE,estimated,0.23915434432025612,7.975230540380021,6.40876314352495,0.3039002977730316,-0.3091350214682213,-0.3358335897580308
38131352,1789113558190000000,2733,HEAD_POSE_ESTIMATE,estimated,0.22826944039187536,7.9829942220504035,6.371146413713996,0.3228615722394672,-0.3001749497967882,-0.32602078367360104
38145352,1789113558204000000,2734,HEAD_POSE_ESTIMATE,estimated,0.22764481096530706,7.989013040571729,6.330913840384547,0.33793575384436775,-0.2896758880451328,-0.31640958956972237
38159352,1789113558218000000,2735,HEAD_POSE_ESTIMATE,estimated,0.2676860886052322,7.988219665479555,6.288398802466853,0.35176011917988337,-0.2799722626311882,-0.31427475366350804
38173352,1789113558232000000,2736,HEAD_POSE_ESTIMATE,estimated,0.2776165139482969,7.9674916789990675,6.2170468173998605,0.35760016448591037,-0.26974188035304797,-0.311969942327224
38186352,1789113558245000000,2737,HEAD_POSE_ESTIMATE,estimated,0.2622382363316713,7.949477154801276,6.125124867163356,0.35651571990818876,-0.26098760542503796,-0.3132624358236033
38202352,1789113558261000000,2738,HEAD_POSE_ESTIMATE,estimated,0.2292942252468918,7.90573887083589,6.00858028052358,0.3522665818031514,-0.2509851921119231,-0.3181871744013631
38216352,1789113558275000000,2739,HEAD_POSE_ESTIMATE,estimated,0.19295217431446143,7.854488290181284,5.887633239440125,0.3433561974573727,-0.2436464803200311,-0.32696796646629633
38227352,1789113558286000000,2740,HEAD_POSE_ESTIMATE,estimated,0.16235742609438242,7.823125096037462,5.784532139693157,0.3353358413232686,-0.23885670030094508,-0.33665277212737593
38242352,1789113558301000000,2741,HEAD_POSE_ESTIMATE,estimated,0.12923702236086476,7.7663922268530365,5.659994642757066,0.31825631934625814,-0.2335890444868417,-0.34756326494802375
38255352,1789113558314000000,2742,HEAD_POSE_ESTIMATE,estimated,0.11068262072420301,7.7632656918025695,5.548843406056608,0.3018598465342201,-0.23038068612376317,-0.3539082405931246
38269352,1789113558328000000,2743,HEAD_POSE_ESTIMATE,estimated,0.06729634864394918,7.755339817090927,5.422535922091185,0.2804890592807478,-0.23176505495827016,-0.36433693397867184
38283352,1789113558342000000,2744,HEAD_POSE_ESTIMATE,estimated,0.013075537651298978,7.761236984684727,5.289545428864459,0.25412754146613975,-0.23592698207076454,-0.37726942689657605
38297352,1789113558356000000,2745,HEAD_POSE_ESTIMATE,estimated,-0.05169545656905577,7.751612056956601,5.152083042720951,0.22639719594980526,-0.24132415522466324,-0.39395035886814755
38311352,1789113558370000000,2746,HEAD_POSE_ESTIMATE,estimated,-0.11796392412869247,7.750490737851707,5.023050883187806,0.1933801672763301,-0.2438602011621166,-0.40452713601296214
38325352,1789113558384000000,2747,HEAD_POSE_ESTIMATE,estimated,-0.1356554866741989,7.789022483945104,4.92959886834488,0.1660886682265342,-0.2499367411378006,-0.41360220436108275
38339352,1789113558398000000,2748,HEAD_POSE_ESTIMATE,estimated,-0.16358476443826953,7.8114478831691185,4.858532573732772,0.15105052277965103,-0.2544136880974159,-0.41966279616019575
38353352,1789113558412000000,2749,HEAD_POSE_ESTIMATE,estimated,-0.18612564089259925,7.815078123799366,4.7717844928985205,0.13546088218953928,-0.2531192648675791,-0.4155249485590859
38366352,1789113558425000000,2750,HEAD_POSE_ESTIMATE,estimated,-0.1920789647828801,7.805268300015048,4.725246677868005,0.13170270120513117,-0.25363733645438646,-0.4134168211711363
38381352,1789113558440000000,2751,HEAD_POSE_ESTIMATE,estimated,-0.20488542023096135,7.781911408524117,4.680776225434666,0.13469706012209406,-0.25427540109768776,-0.41245147853273917
38395352,1789113558454000000,2752,HEAD_POSE_ESTIMATE,estimated,-0.23275188241364386,7.769059852075582,4.649295168046053,0.1379142977311617,-0.25549471145862246,-0.41318064509878527
38410352,1789113558469000000,2753,HEAD_POSE_ESTIMATE,estimated,-0.2819784272422367,7.754851766975917,4.6250302267112415,0.13522137591746342,-0.25989787538173176,-0.4206563494865782
38422352,1789113558481000000,2754,HEAD_POSE_ESTIMATE,estimated,-0.32249902852621015,7.755075793306042,4.60439754773387,0.12987305219066536,-0.2650227983598121,-0.4272631344180389
38436352,1789113558495000000,2755,HEAD_POSE_ESTIMATE,estimated,-0.37335351691609386,7.741915542460554,4.607251342678845,0.12193431001406747,-0.2741098601974764,-0.43257832930968365
38452352,1789113558511000000,2756,HEAD_POSE_ESTIMATE,estimated,-0.45661540659242816,7.730401284072861,4.634660311913835,0.11306860720330278,-0.28729266887519495,-0.4390176403028903
38463352,1789113558522000000,2757,HEAD_POSE_ESTIMATE,estimated,-0.4938670515844098,7.7288868061664475,4.668822041055879,0.10631340659799543,-0.2960061833018892,-0.4395983061968625
38477352,1789113558536000000,2758,HEAD_POSE_ESTIMATE,estimated,-0.5412252723095871,7.75838364151337,4.735252783470316,0.09695304088727368,-0.3065268240219621,-0.43899201460562687
38491352,1789113558550000000,2759,HEAD_POSE_ESTIMATE,estimated,-0.6029487288542728,7.770662624482372,4.80745008243231,0.08539022869898515,-0.3149578012756201,-0.4316362659207569
38504352,1789113558563000000,2760,HEAD_POSE_ESTIMATE,estimated,-0.6522235486906758,7.812586220210401,4.863412060077502,0.07515655374031063,-0.32343160151486045,-0.41840374607728303
38519352,1789113558578000000,2761,HEAD_POSE_ESTIMATE,estimated,-0.6896888597215318,7.869387596977091,4.914358553456612,0.05996758458828944,-0.3330217497896349,-0.40153020038800674
38532352,1789113558591000000,2762,HEAD_POSE_ESTIMATE,estimated,-0.7052929165796941,7.935385786532308,4.971646070630654,0.05076885862044005,-0.34203921073489163,-0.3863892987898884
38546352,1789113558605000000,2763,HEAD_POSE_ESTIMATE,estimated,-0.7479779345377242,7.974273364302752,5.029418724045984,0.04476793673538278,-0.3471599528806382,-0.36395449924880074
38562352,1789113558621000000,2764,HEAD_POSE_ESTIMATE,estimated,-0.7850020427573643,7.998856111789676,5.110986797608684,0.042819972664870906,-0.3493225490147395,-0.3363545988089517
38574352,1789113558633000000,2765,HEAD_POSE_ESTIMATE,estimated,-0.8046024474375745,8.03263541358837,5.180758647612552,0.04992535533052615,-0.34928380763414746,-0.3160939605977058
38588352,1789113558647000000,2766,HEAD_POSE_ESTIMATE,estimated,-0.8352947495252006,8.065455553272896,5.254741581164078,0.05440264000288974,-0.3407766940610673,-0.292518737068001
38602352,1789113558661000000,2767,HEAD_POSE_ESTIMATE,estimated,-0.8463234776727779,8.126221389720065,5.322404920384568,0.05744197890885486,-0.32886238330345496,-0.27223895533164694
38616352,1789113558675000000,2768,HEAD_POSE_ESTIMATE,estimated,-0.8703062576423076,8.188000744381261,5.358219544299453,0.066372322245048,-0.3151054681616793,-0.2651868207278879
38630352,1789113558689000000,2769,HEAD_POSE_ESTIMATE,estimated,-0.873163920086856,8.256008634122106,5.3848367535758355,0.0792284813841123,-0.2989313617331604,-0.25800224268154937
38644352,1789113558703000000,2770,HEAD_POSE_ESTIMATE,estimated,-0.8712930041335581,8.317139429173361,5.399879869112175,0.09358022639968007,-0.28538937984212004,-0.2597506687222833
38658352,1789113558717000000,2771,HEAD_POSE_ESTIMATE,estimated,-0.8894722795815273,8.342796074143514,5.424416838978904,0.10547565262814847,-0.27676125772249094,-0.2657739502408698
38672352,1789113558731000000,2772,HEAD_POSE_ESTIMATE,estimated,-0.9126495671125252,8.36127589887013,5.441834325413682,0.11562921447867615,-0.2733355120550318,-0.2711719175420871
38688352,1789113558747000000,2773,HEAD_POSE_ESTIMATE,estimated,-0.9190050954661138,8.383728018358184,5.465042002049139,0.13022008879447353,-0.2760183488077697,-0.2742091507828074
38701352,1789113558760000000,2774,HEAD_POSE_ESTIMATE,estimated,-0.9458288618105852,8.40389440258558,5.461583923118542,0.13923358886796586,-0.2810065350889367,-0.27102112573273923
38713352,1789113558772000000,2775,HEAD_POSE_ESTIMATE,estimated,-0.974740659985317,8.441360767350258,5.449710549320927,0.14982573353639375,-0.28659512603033815,-0.26391464733761183
38729352,1789113558788000000,2776,HEAD_POSE_ESTIMATE,estimated,-1.004399796759074,8.482631509337185,5.3993196565704515,0.16337255234438147,-0.28709327059563056,-0.24929471662403083
38740352,1789113558799000000,2777,HEAD_POSE_ESTIMATE,estimated,-1.0122233162289562,8.508625283460825,5.3542360155284765,0.17709709995119344,-0.2814915937994034,-0.22988169148977156
38754352,1789113558813000000,2778,HEAD_POSE_ESTIMATE,estimated,-1.0230154883312264,8.50790458990465,5.302080472013884,0.1868792093252295,-0.2705205992847268,-0.21200921783028945
38768352,1789113558827000000,2779,HEAD_POSE_ESTIMATE,estimated,-1.0335733587533318,8.4852081289569,5.228163554649496,0.19060339705061072,-0.2549025593156464,-0.19522126955791053
38782352,1789113558841000000,2780,HEAD_POSE_ESTIMATE,estimated,-1.0505507788661106,8.452559765790248,5.167124635222092,0.18757080247803495,-0.23486492014785196,-0.1776898871054523
38796352,1789113558855000000,2781,HEAD_POSE_ESTIMATE,estimated,-1.0625418799227286,8.430157513338813,5.117555231760024,0.1762465657245657,-0.21030606295195797,-0.16091853012527127
38810352,1789113558869000000,2782,HEAD_POSE_ESTIMATE,estimated,-1.0646188838111157,8.389649942342118,5.0548709350630485,0.17445385919843417,-0.18931013952032802,-0.14460589258892997
38824352,1789113558883000000,2783,HEAD_POSE_ESTIMATE,estimated,-1.049928613987889,8.359210802115827,5.001332917866104,0.1690441387191242,-0.16898333289165884,-0.12911560699464705
38839352,1789113558898000000,2784,HEAD_POSE_ESTIMATE,estimated,-1.0205671291349718,8.328384786545184,4.964179529658472,0.1626809667432601,-0.14674086374254058,-0.10999569726538083
38852352,1789113558911000000,2785,HEAD_POSE_ESTIMATE,estimated,-0.9742495007842435,8.330483291570618,4.935368483774274,0.1553628336097815,-0.13546845682184333,-0.10027662676234358
38866352,1789113558925000000,2786,HEAD_POSE_ESTIMATE,estimated,-0.9227519188984847,8.331263328264974,4.893448792749143,0.1421483329611253,-0.1249803026274554,-0.09154637658464797
38883352,1789113558942000000,2787,HEAD_POSE_ESTIMATE,estimated,-0.848716078025553,8.350311382934368,4.860597566100947,0.12665158722870756,-0.11601168065663861,-0.0823419638149997
38896352,1789113558955000000,2788,HEAD_POSE_ESTIMATE,estimated,-0.8054647909279158,8.350885839092362,4.810891940284781,0.10980919117430679,-0.11517709784702407,-0.08124703230107065
38908352,1789113558967000000,2789,HEAD_POSE_ESTIMATE,estimated,-0.7763537972852264,8.348866849497341,4.7617220540316225,0.09661623637997435,-0.11772347381869996,-0.08410552051303556
38927352,1789113558986000000,2790,HEAD_POSE_ESTIMATE,estimated,-0.7548308191887795,8.335491070098822,4.708886696539339,0.09293560861113186,-0.12289682446955207,-0.09104214195559844
38939352,1789113558998000000,2791,HEAD_POSE_ESTIMATE,estimated,-0.7282730267148471,8.35854099138599,4.677985304464849,0.08506789998769214,-0.12611810005264046,-0.09726723493611013
38948352,1789113559007000000,2792,HEAD_POSE_ESTIMATE,estimated,-0.7337091396884948,8.371726283520271,4.642512342204789,0.08571768796137845,-0.1302078266261498,-0.1031893224278278
38965352,1789113559024000000,2793,HEAD_POSE_ESTIMATE,estimated,-0.7325482949449749,8.363330940769245,4.571233880491939,0.07832993369693113,-0.13871541431201687,-0.11108782201793994
38977352,1789113559036000000,2794,HEAD_POSE_ESTIMATE,estimated,-0.7478318590245674,8.354850485471458,4.510199249443447,0.07040049862888555,-0.1435871188571136,-0.11317413003876176
38989352,1789113559048000000,2795,HEAD_POSE_ESTIMATE,estimated,-0.7688702787512807,8.32930978106524,4.450651909558971,0.06161024265134567,-0.14824847981933942,-0.11509517107076501
39004352,1789113559063000000,2796,HEAD_POSE_ESTIMATE,estimated,-0.8036698527329386,8.296066571488742,4.4123897116872675,0.047499224865894966,-0.15766091263766874,-0.1201099453340549
39018352,1789113559077000000,2797,HEAD_POSE_ESTIMATE,estimated,-0.8421981642922478,8.259219480366372,4.394285555281552,0.0345309965633971,-0.16601939056538573,-0.1255114651441489
39032352,1789113559091000000,2798,HEAD_POSE_ESTIMATE,estimated,-0.8962425637999063,8.212065089563817,4.375826564812275,0.011895310001359469,-0.1726353597373883,-0.12872297069157784
39047352,1789113559106000000,2799,HEAD_POSE_ESTIMATE,estimated,-0.8926082128617518,8.219760426573883,4.403055099987628,-0.0011579979500448015,-0.18094979777171702,-0.13007191082399822
39060352,1789113559119000000,2800,HEAD_POSE_ESTIMATE,estimated,-0.8853030195750089,8.235314093650205,4.417799123523475,-0.018013569114490646,-0.1930797974855803,-0.13608502338563722
39073352,1789113559132000000,2801,HEAD_POSE_ESTIMATE,estimated,-0.8928619096022099,8.243555095217072,4.4044285465573045,-0.029588271329465534,-0.200951263236193,-0.1359570783032271
39088352,1789113559147000000,2802,HEAD_POSE_ESTIMATE,estimated,-0.866101265488038,8.254069567565137,4.4091488340236324,-0.03124403740201876,-0.20949387184741528,-0.12954667751523694
39101352,1789113559160000000,2803,HEAD_POSE_ESTIMATE,estimated,-0.8472811185193128,8.262345221376735,4.409852296246598,-0.02735738139884538,-0.21239649812028852,-0.11838251510830412
39116352,1789113559175000000,2804,HEAD_POSE_ESTIMATE,estimated,-0.8370264016286134,8.253796673962318,4.416746105545257,-0.01769630007260485,-0.21253759636238834,-0.10112936961928018
39131352,1789113559190000000,2805,HEAD_POSE_ESTIMATE,estimated,-0.8252231634391006,8.254995116554479,4.436985082448678,-0.01136469505426889,-0.20893690831370484,-0.07982584817854377
39143352,1789113559202000000,2806,HEAD_POSE_ESTIMATE,estimated,-0.8262674652894724,8.258607594106737,4.442306615705311,-0.010645734462906332,-0.20132012237692248,-0.05886390443637583
39157352,1789113559216000000,2807,HEAD_POSE_ESTIMATE,estimated,-0.8354292993793654,8.267364754373702,4.438312437686468,-0.019932409331827262,-0.1925174280540605,-0.0337795118595399
39171352,1789113559230000000,2808,HEAD_POSE_ESTIMATE,estimated,-0.8375167257044186,8.278851383027005,4.429924035944126,-0.026939089793209678,-0.17904193412390654,-0.010043380721713992
39184352,1789113559243000000,2809,HEAD_POSE_ESTIMATE,estimated,-0.8371391453681366,8.300221620625289,4.419712834257229,-0.032247458467764195,-0.163725819660286,0.009153581902451545
39199352,1789113559258000000,2810,HEAD_POSE_ESTIMATE,estimated,-0.8544587086547527,8.31146512048419,4.439145864040238,-0.03398320678359404,-0.14683515946738276,0.02236314878018308
39213352,1789113559272000000,2811,HEAD_POSE_ESTIMATE,estimated,-0.8612423353531962,8.309378735845977,4.477201304454073,-0.0368696765274352,-0.13069418215557435,0.025124736515454688
39227352,1789113559286000000,2812,HEAD_POSE_ESTIMATE,estimated,-0.8721871125851348,8.297802595149225,4.533626405642346,-0.04073156392868207,-0.11431049762132396,0.022041856083779877
39241352,1789113559300000000,2813,HEAD_POSE_ESTIMATE,estimated,-0.8896825573018539,8.28430295541844,4.587102811052107,-0.052251463769208056,-0.09883130998771542,0.01858362337227757
39255352,1789113559314000000,2814,HEAD_POSE_ESTIMATE,estimated,-0.8973211674205508,8.305066292405574,4.650933857825146,-0.06622121439313527,-0.08538456607224565,0.01927989321515727
39268352,1789113559327000000,2815,HEAD_POSE_ESTIMATE,estimated,-0.9234397355256014,8.332127996539915,4.697292677912323,-0.08041455154768126,-0.0711532123496862,0.023795959972054442
39283352,1789113559342000000,2816,HEAD_POSE_ESTIMATE,estimated,-0.943913010548257,8.36455835421635,4.7543074298141725,-0.10032721036412172,-0.05108930774996308,0.03667810683266976
39297352,1789113559356000000,2817,HEAD_POSE_ESTIMATE,estimated,-0.9553027124660594,8.396568455467005,4.830177346102941,-0.12682517568967117,-0.03385190996621272,0.05542948202513009
39311352,1789113559370000000,2818,HEAD_POSE_ESTIMATE,estimated,-0.9768756722569338,8.429130142469411,4.897800666743848,-0.14827143077296007,-0.015922996680471205,0.06982104500284153
39325352,1789113559384000000,2819,HEAD_POSE_ESTIMATE,estimated,-0.9921603627020565,8.46872895231959,4.956548763413399,-0.16963995085092495,0.002327567890021079,0.08353418161175953
39339352,1789113559398000000,2820,HEAD_POSE_ESTIMATE,estimated,-0.9956060985333671,8.49903514009577,5.024586195039414,-0.19072447905878684,0.02004976226574738,0.0926564282163337
39353352,1789113559412000000,2821,HEAD_POSE_ESTIMATE,estimated,-0.9974543653606913,8.531913537941055,5.07344511272794,-0.20159244692114348,0.037990647437394366,0.09834792313230345
39369352,1789113559428000000,2822,HEAD_POSE_ESTIMATE,estimated,-0.9947316545220215,8.557680545508871,5.122824163757531,-0.20093580777198083,0.057412898982655794,0.10011410131863352
39380352,1789113559439000000,2823,HEAD_POSE_ESTIMATE,estimated,-0.9897431612879166,8.552219633081908,5.1524584210324065,-0.19307248717451822,0.07032296674565823,0.09586460090600148
39394352,1789113559453000000,2824,HEAD_POSE_ESTIMATE,estimated,-0.9841523488617918,8.549690738830153,5.182492795900805,-0.17291299030972318,0.08771363932959045,0.09288239824801875
39411352,1789113559470000000,2825,HEAD_POSE_ESTIMATE,estimated,-0.976053329915263,8.531732654541463,5.19788465094224,-0.14232222901826466,0.10954346860855539,0.09315051393643237
39421352,1789113559480000000,2826,HEAD_POSE_ESTIMATE,estimated,-0.9734078834204032,8.508075698686149,5.215305946929699,-0.12008755406475237,0.12338778362093326,0.09741940360304828
39435352,1789113559494000000,2827,HEAD_POSE_ESTIMATE,estimated,-0.9547581382299042,8.473029329232993,5.221974205962024,-0.0917728292321394,0.13982672229192364,0.10647272513436921
39449352,1789113559508000000,2828,HEAD_POSE_ESTIMATE,estimated,-0.9297539149493799,8.439962302727038,5.217672807400597,-0.06637361535526314,0.1533875998550505,0.11677948092124196
39463352,1789113559522000000,2829,HEAD_POSE_ESTIMATE,estimated,-0.9096654087096882,8.404649574427989,5.203142925783817,-0.04392494502141746,0.16144481186426027,0.12667411779856352
39478352,1789113559537000000,2830,HEAD_POSE_ESTIMATE,estimated,-0.8912726406774346,8.369749023480894,5.191158467249668,-0.024487909898656963,0.166299249136268,0.13475652029604024
39491352,1789113559550000000,2831,HEAD_POSE_ESTIMATE,estimated,-0.8825561008099331,8.333743376820497,5.153922507989158,-0.014241112331571375,0.16498363712991418,0.1409635231510648
39505352,1789113559564000000,2832,HEAD_POSE_ESTIMATE,estimated,-0.8715734962936585,8.28836132707322,5.129611978534501,-0.008618822242964477,0.15978046286121686,0.14708699094189845
39520352,1789113559579000000,2833,HEAD_POSE_ESTIMATE,estimated,-0.8555478494364623,8.250225559837748,5.124480633117829,-0.007467262078990509,0.1550190807965337,0.1529308179769311
39533352,1789113559592000000,2834,HEAD_POSE_ESTIMATE,estimated,-0.8550506934274225,8.232187038857562,5.096209963782039,-0.01932160493686615,0.15091780013727543,0.16038364855731657
39547352,1789113559606000000,2835,HEAD_POSE_ESTIMATE,estimated,-0.8363026282168947,8.2128610700234,5.083968757644424,-0.03721558964873935,0.14504829246168802,0.16592010121272294
39561352,1789113559620000000,2836,HEAD_POSE_ESTIMATE,estimated,-0.8143957167833311,8.19255391671207,5.073529397209189,-0.05648403726163866,0.14449421585854508,0.1740103126241268
39575352,1789113559634000000,2837,HEAD_POSE_ESTIMATE,estimated,-0.7867266024766351,8.178217565395704,5.063350172348079,-0.07640728982347966,0.1443147305292549,0.17846731282948247
39589352,1789113559648000000,2838,HEAD_POSE_ESTIMATE,estimated,-0.765316193181688,8.155355823220958,5.058825544500236,-0.08949169687796474,0.14889387052216177,0.18288334716057295
39603352,1789113559662000000,2839,HEAD_POSE_ESTIMATE,estimated,-0.7421725117923519,8.129965748054701,5.052352702818303,-0.09587137976352883,0.1601738618202765,0.1881406076972803
39617352,1789113559676000000,2840,HEAD_POSE_ESTIMATE,estimated,-0.767759835204773,8.103979968647078,5.006276932060198,-0.10186627888412239,0.16740887234193746,0.18894714770110912
39631352,1789113559690000000,2841,HEAD_POSE_ESTIMATE,estimated,-0.7911987285260695,8.090454037382704,4.959481922320284,-0.10592837757921648,0.1781475746663061,0.19259657043774023
39645352,1789113559704000000,2842,HEAD_POSE_ESTIMATE,estimated,-0.8092705807032983,8.089926248898163,4.902013902100051,-0.11261404454530707,0.18981993976888642,0.20009779258852542
39659352,1789113559718000000,2843,HEAD_POSE_ESTIMATE,estimated,-0.7798086993120799,8.092581344075375,4.870779752893337,-0.12139224396216944,0.20206585513947076,0.21221536372180608
39673352,1789113559732000000,2844,HEAD_POSE_ESTIMATE,estimated,-0.7900540953727131,8.07318955335904,4.804824511482927,-0.127832141545264,0.21162189663926365,0.22409128654277347
39688352,1789113559747000000,2845,HEAD_POSE_ESTIMATE,estimated,-0.767143791633041,8.051728510869875,4.75366092672444,-0.13562661027743375,0.22367388356848555,0.24063074988728328
39702352,1789113559761000000,2846,HEAD_POSE_ESTIMATE,estimated,-0.7303135425466687,8.01941689725197,4.722696718469507,-0.14601818223735957,0.23654317951150056,0.26055813310549236
39718352,1789113559777000000,2847,HEAD_POSE_ESTIMATE,estimated,-0.6730128351697564,7.980119683744926,4.693556725362333,-0.1571450530169125,0.25074959690571474,0.2816935306352407
39727352,1789113559786000000,2848,HEAD_POSE_ESTIMATE,estimated,-0.6382667132470001,7.952338122068425,4.678027402083339,-0.16590066424836994,0.25993196807960967,0.29621098782046595
39741352,1789113559800000000,2849,HEAD_POSE_ESTIMATE,estimated,-0.5796483130662919,7.92380078490268,4.66066180932211,-0.17793741740678698,0.27084146602866327,0.31381894444907266
39755352,1789113559814000000,2850,HEAD_POSE_ESTIMATE,estimated,-0.5318781088839726,7.890537544728655,4.6274907625213135,-0.1835581816485598,0.2809744444943387,0.329290342559472
39771352,1789113559830000000,2851,HEAD_POSE_ESTIMATE,estimated,-0.46789707581856477,7.850638537485597,4.611124035150432,-0.1847856522418762,0.2897262303684513,0.3406918303700866
39782352,1789113559841000000,2852,HEAD_POSE_ESTIMATE,estimated,-0.4308432779306016,7.8185873558267485,4.595894958542344,-0.18452357706446917,0.29131728226182135,0.34289859790862903
39797352,1789113559856000000,2853,HEAD_POSE_ESTIMATE,estimated,-0.3774679341278197,7.782070617234802,4.589938626477954,-0.19026298915019876,0.2911743162624486,0.343924304264119
39811352,1789113559870000000,2854,HEAD_POSE_ESTIMATE,estimated,-0.31240060328697977,7.770758895594172,4.6465016090770295,-0.20781218919234784,0.28827849752439105,0.3483138827757277
39825352,1789113559884000000,2855,HEAD_POSE_ESTIMATE,estimated,-0.2859036481800851,7.740972339239053,4.657757867676738,-0.2211763197705984,0.2801811011211297,0.3485105597383082
39839352,1789113559898000000,2856,HEAD_POSE_ESTIMATE,estimated,-0.3337892462918223,7.698913471365272,4.596715392688156,-0.23169689914192393,0.2733426358074609,0.34900868749971486
39853352,1789113559912000000,2857,HEAD_POSE_ESTIMATE,estimated,-0.3443916276304748,7.651218896851414,4.560691581621947,-0.24191876822856961,0.26252245151183146,0.34477270993252057
39867352,1789113559926000000,2858,HEAD_POSE_ESTIMATE,estimated,-0.34985088246135587,7.621464426120723,4.567121684076657,-0.251182772905395,0.2562179695086122,0.3451178688729268
39882352,1789113559941000000,2859,HEAD_POSE_ESTIMATE,estimated,-0.33746033118940355,7.596901590677082,4.610622622797026,-0.2631204680374199,0.2510469978076656,0.34419760468088495
39895352,1789113559954000000,2860,HEAD_POSE_ESTIMATE,estimated,-0.30815244904518774,7.600806048197439,4.693772343091814,-0.2807536517300406,0.2510297024872193,0.34000358603651804
39909352,1789113559968000000,2861,HEAD_POSE_ESTIMATE,estimated,-0.2568781274395842,7.591486198843976,4.78116658854863,-0.29045289411245734,0.24640348093750772,0.3338300673246625
39927352,1789113559986000000,2862,HEAD_POSE_ESTIMATE,estimated,-0.23810353172031182,7.551768066782521,4.839683052364237,-0.28692361791091403,0.23837818104802108,0.32887322361565285
39939352,1789113559998000000,2863,HEAD_POSE_ESTIMATE,estimated,-0.21546827172028163,7.524626150539985,4.905384761510375,-0.2902438019866579,0.2374526691183308,0.32858383611192676
39950352,1789113560009000000,2864,HEAD_POSE_ESTIMATE,estimated,-0.19522781948345605,7.490471818015318,4.998380943753868,-0.2804778780410558,0.23618349693954674,0.33180441702437047
39963352,1789113560022000000,2865,HEAD_POSE_ESTIMATE,estimated,-0.16774472886198347,7.455083878634428,5.109050816588013,-0.27973378517864583,0.23891529380557494,0.3369715481193213
39977352,1789113560036000000,2866,HEAD_POSE_ESTIMATE,estimated,-0.12455469898565873,7.454471199208895,5.267391608409738,-0.29487084839601246,0.24744678351813046,0.34906184286824465
39991352,1789113560050000000,2867,HEAD_POSE_ESTIMATE,estimated,-0.10477154993285047,7.436454808173197,5.357560998318483,-0.31334541483256173,0.2531092593752645,0.3548656027769853
40007352,1789113560066000000,2868,HEAD_POSE_ESTIMATE,estimated,-0.053858489575814156,7.456539233739935,5.4501149782801015,-0.3397250266668323,0.26238700242828206,0.3555243026514532
40020352,1789113560079000000,2869,HEAD_POSE_ESTIMATE,estimated,0.008800666777533779,7.462515798125461,5.577238336374721,-0.3606858753476329,0.27035008923475545,0.3491796503939414
40032352,1789113560091000000,2870,HEAD_POSE_ESTIMATE,estimated,0.0768260403853211,7.462249481108844,5.705769751673941,-0.3733405473051755,0.27337165736020824,0.33246596607378365
40046352,1789113560105000000,2871,HEAD_POSE_ESTIMATE,estimated,0.11476741175921473,7.458434747323248,5.808789448678158,-0.3811511120239147,0.2726236466446778,0.3154118800592571
40060352,1789113560119000000,2872,HEAD_POSE_ESTIMATE,estimated,0.11159618972476078,7.415192482059802,5.845841754171145,-0.40073527314301194,0.27523369421049726,0.29433265804691805
40074352,1789113560133000000,2873,HEAD_POSE_ESTIMATE,estimated,0.17050084722334977,7.439870875672148,5.9686446821504,-0.41616125332119824,0.2706139466808371,0.27534439868006116
40090352,1789113560149000000,2874,HEAD_POSE_ESTIMATE,estimated,0.24701932290678152,7.501508671530129,6.124743223435033,-0.43231020344835286,0.2573087672405666,0.2546237804926459
40101352,1789113560160000000,2875,HEAD_POSE_ESTIMATE,estimated,0.31440015020855405,7.533400658504044,6.226903938547196,-0.4323450474132094,0.24235233670766992,0.2453560677399809
40116352,1789113560175000000,2876,HEAD_POSE_ESTIMATE,estimated,0.3964009241652708,7.554138918363169,6.341955337959135,-0.42297260600092806,0.22420320805692542,0.24849190003324673
40130352,1789113560189000000,2877,HEAD_POSE_ESTIMATE,estimated,0.46088793223513547,7.543246494530079,6.442167892154866,-0.39314357030352126,0.20553303870285278,0.26185128077323355
40143352,1789113560202000000,2878,HEAD_POSE_ESTIMATE,estimated,0.4836616815494074,7.483289509783348,6.478559002803721,-0.35766402660332086,0.18251008899502194,0.26643387570078425
40158352,1789113560217000000,2879,HEAD_POSE_ESTIMATE,estimated,0.5199147773922348,7.4220094981351155,6.598134493612762,-0.3060940146687979,0.15361984188469346,0.2624875057329076
40171352,1789113560230000000,2880,HEAD_POSE_ESTIMATE,estimated,0.5310332062004588,7.397225488248521,6.6807853587384916,-0.2618146781930322,0.12365315648516495,0.24772112484605438
40185352,1789113560244000000,2881,HEAD_POSE_ESTIMATE,estimated,0.5298554716909657,7.407069721306757,6.710127671190989,-0.22920750822180652,0.08917244724709208,0.2234532839566143
40199352,1789113560258000000,2882,HEAD_POSE_ESTIMATE,estimated,0.5223431174765529,7.449368411623275,6.696298543328076,-0.20544597209776513,0.05261302598453408,0.19278958031683283
40213352,1789113560272000000,2883,HEAD_POSE_ESTIMATE,estimated,0.4952353587188181,7.402720549212051,6.653030144207005,-0.20391250777235584,0.021116314764652054,0.176370019882079
40227352,1789113560286000000,2884,HEAD_POSE_ESTIMATE,estimated,0.5128895543346955,7.398158710895079,6.6397613010741985,-0.1944198574381459,-0.00439409897003713,0.16673701240738004
40244352,1789113560303000000,2885,HEAD_POSE_ESTIMATE,estimated,0.500635569495074,7.320305303071788,6.6428174588303275,-0.1914661250483952,-0.020573614727110515,0.16288861251725573
40255352,1789113560314000000,2886,HEAD_POSE_ESTIMATE,estimated,0.5200694300587255,7.331627045658975,6.746329808054216,-0.18988640056172143,-0.014920639125668864,0.17127918574168816
40269352,1789113560328000000,2887,HEAD_POSE_ESTIMATE,estimated,0.5464937956595219,7.316326452788337,6.901696868457787,-0.19791016451484747,-0.0027522176708081945,0.17550117906087817
40283352,1789113560342000000,2888,HEAD_POSE_ESTIMATE,estimated,0.5451493709300883,7.3167687105789465,6.970462673959847,-0.20827379848547864,0.014618437137052721,0.17898580095089764
40297352,1789113560356000000,2889,HEAD_POSE_ESTIMATE,estimated,0.5438380736468291,7.354058810161146,7.029851894943915,-0.2151507101281464,0.031158051908596572,0.18019354734532805
40311352,1789113560370000000,2890,HEAD_POSE_ESTIMATE,estimated,0.5543390951455149,7.381645444990808,7.1218377276939435,-0.2291632789604549,0.04577723356269011,0.18301802932761785
40326352,1789113560385000000,2891,HEAD_POSE_ESTIMATE,estimated,0.5503277337628217,7.428871282205136,7.221245571182068,-0.24979850068876813,0.05292324567513865,0.17706890705995823
40339352,1789113560398000000,2892,HEAD_POSE_ESTIMATE,estimated,0.5473365692849856,7.4515170000842375,7.326128642878631,-0.2730112877366753,0.04733838135010826,0.16145778632499946
40352352,1789113560411000000,2893,HEAD_POSE_ESTIMATE,estimated,0.5627459123786691,7.489771719852634,7.440955133066298,-0.3085015714006253,0.039786391443822795,0.13484288158895638
40369352,1789113560428000000,2894,HEAD_POSE_ESTIMATE,estimated,0.5317532867635537,7.501780014598628,7.515559963309965,-0.33600515764896366,0.026105775909933127,0.10747344178441942
40383352,1789113560442000000,2895,HEAD_POSE_ESTIMATE,estimated,0.5495669175974162,7.494389108663737,7.60760494308459,-0.3564700370123538,0.007261613802584551,0.07812112935399133
40394352,1789113560453000000,2896,HEAD_POSE_ESTIMATE,estimated,0.5626137519729025,7.487184713900533,7.649445722825523,-0.3478458595870746,-0.008764471333370964,0.06332294299724946
40406352,1789113560465000000,2897,HEAD_POSE_ESTIMATE,estimated,0.5751974392700864,7.458880714405201,7.663455813705621,-0.308333605629997,-0.017198890461448072,0.059409739480027875
40421352,1789113560480000000,2898,HEAD_POSE_ESTIMATE,estimated,0.603329116556527,7.393704914326756,7.642980908742244,-0.24196260395142682,-0.02111722478342436,0.06504488830583471
40435352,1789113560494000000,2899,HEAD_POSE_ESTIMATE,estimated,0.6356636004668649,7.2771139458847856,7.617263394807301,-0.16132742297732275,-0.01328586999550218,0.07621119427610376
40449352,1789113560508000000,2900,HEAD_POSE_ESTIMATE,estimated,0.6525684782636458,7.237737086455933,7.540344340645503,-0.09502144297480342,-0.008646600068563411,0.09008466243877279
40463352,1789113560522000000,2901,HEAD_POSE_ESTIMATE,estimated,0.677068256283179,7.192576552812133,7.510827576945103,-0.04455012543040791,-0.007835602983468954,0.10995718309284415
40477352,1789113560536000000,2902,HEAD_POSE_ESTIMATE,estimated,0.7217488051742508,7.208290380306545,7.550709286997197,-0.020906213621216176,-0.012134302732607273,0.13107139173873958
40492352,1789113560551000000,2903,HEAD_POSE_ESTIMATE,estimated,0.7360992373554659,7.190188764490166,7.502280817404432,-0.020608840571399563,-0.021691237423133176,0.15831074372079115
40505352,1789113560564000000,2904,HEAD_POSE_ESTIMATE,estimated,0.7401488246921568,7.1757747372692515,7.4699176228159505,-0.04060242602212663,-0.031641582667956,0.17963826883344608
40519352,1789113560578000000,2905,HEAD_POSE_ESTIMATE,estimated,0.7604376187163814,7.158492650787865,7.495922654873332,-0.0646657471972926,-0.03985083471964385,0.1965434302417549
40533352,1789113560592000000,2906,HEAD_POSE_ESTIMATE,estimated,0.786714172691569,7.144223471661183,7.571134588049874,-0.08911045885769618,-0.047339400365231134,0.20156833699979612
40547352,1789113560606000000,2907,HEAD_POSE_ESTIMATE,estimated,0.8260558233586728,7.134047973165027,7.652847798806853,-0.11438416992110295,-0.05058978332725395,0.1995795007991662
40561352,1789113560620000000,2908,HEAD_POSE_ESTIMATE,estimated,0.8691525678736756,7.1490249260738175,7.756555896263585,-0.12734995820499248,-0.050274254262298326,0.19456138116009308
40575352,1789113560634000000,2909,HEAD_POSE_ESTIMATE,estimated,0.9023467673497777,7.171683321257132,7.863000638106834,-0.14928430508070017,-0.04687388993425491,0.18922522435888856
40589352,1789113560648000000,2910,HEAD_POSE_ESTIMATE,estimated,0.9231303904543398,7.1879684996078534,7.965260755619599,-0.17154112250884496,-0.040499124969828694,0.18719049464843737
40602352,1789113560661000000,2911,HEAD_POSE_ESTIMATE,estimated,0.9507573267656356,7.197339077788099,8.051369786436975,-0.19257899570770481,-0.03333684497490354,0.18360127575375026
40616352,1789113560675000000,2912,HEAD_POSE_ESTIMATE,estimated,0.9636013104931519,7.23484625488103,8.115543814244605,-0.21941541081986388,-0.0318118635697218,0.16899139173024963
40630352,1789113560689000000,2913,HEAD_POSE_ESTIMATE,estimated,0.9725870019524752,7.272141302837662,8.194175918571792,-0.237118466813089,-0.03494592063760167,0.1454253914021723
40644352,1789113560703000000,2914,HEAD_POSE_ESTIMATE,estimated,0.9841897114129114,7.317389825354587,8.252454558283418,-0.24326636061106297,-0.039119337991921514,0.1131475288671919
40658352,1789113560717000000,2915,HEAD_POSE_ESTIMATE,estimated,0.9889175845078809,7.306528934888544,8.269894222279584,-0.24838266335463643,-0.049751736947863806,0.08021792348207372
40672352,1789113560731000000,2916,HEAD_POSE_ESTIMATE,estimated,0.9885898367881558,7.281620800237018,8.288808045599508,-0.2318385469680932,-0.05623307947499171,0.05108716539762872
40686352,1789113560745000000,2917,HEAD_POSE_ESTIMATE,estimated,0.9883813565087165,7.248911417341658,8.258689395090665,-0.18842105208695883,-0.056983528567553364,0.023013466464626747
40699352,1789113560758000000,2918,HEAD_POSE_ESTIMATE,estimated,0.9720130149025021,7.208467631647837,8.199915650428812,-0.12436575834089564,-0.05286684844818808,0.002225951010907244
40714352,1789113560773000000,2919,HEAD_POSE_ESTIMATE,estimated,0.94558566722565,7.119538873199795,8.113448871697283,-0.05211752827583182,-0.04449866300626176,-0.020211746690285397
40729352,1789113560788000000,2920,HEAD_POSE_ESTIMATE,estimated,0.9074052840029149,7.033621944804581,7.995376894994755,0.01966339968930259,-0.032132202320972525,-0.03981463963851688
40740352,1789113560799000000,2921,HEAD_POSE_ESTIMATE,estimated,0.8718291112778135,6.973933343617518,7.894680150195673,0.06536375198901102,-0.02247749123607921,-0.05119638330385998
40754352,1789113560813000000,2922,HEAD_POSE_ESTIMATE,estimated,0.8444971303165337,6.868788795684058,7.765136716014743,0.10057898706694503,-0.009901002050568708,-0.058174133554993346
40769352,1789113560828000000,2923,HEAD_POSE_ESTIMATE,estimated,0.8067082477641156,6.78841571754913,7.587274415978479,0.1202518940916415,0.0007058776990102362,-0.06079008881190742
40782352,1789113560841000000,2924,HEAD_POSE_ESTIMATE,estimated,0.7673106027443259,6.707905070399317,7.476824447703115,0.11915131713461695,0.011965614162015576,-0.06397466997825094
40797352,1789113560856000000,2925,HEAD_POSE_ESTIMATE,estimated,0.7259779294350311,6.637400813503865,7.376475698796454,0.11438572288627,0.025726373402548512,-0.06978712118581028
40812352,1789113560871000000,2926,HEAD_POSE_ESTIMATE,estimated,0.6736381613634183,6.581758126588134,7.312031142713918,0.09009310729817871,0.044575705395358885,-0.0764401139871861
40824352,1789113560883000000,2927,HEAD_POSE_ESTIMATE,estimated,0.6462860623180933,6.570427724246824,7.256393030519327,0.05281789943043399,0.06418918703472001,-0.07647513169766859
40837352,1789113560896000000,2928,HEAD_POSE_ESTIMATE,estimated,0.614519333711275,6.576040012907485,7.197054305652713,0.010951991773157104,0.08601902671883903,-0.07564912061149599
40851352,1789113560910000000,2929,HEAD_POSE_ESTIMATE,estimated,0.5874921919494515,6.582914655306638,7.15130868563142,-0.023570327723652206,0.10996808202593378,-0.06929536335818841
40865352,1789113560924000000,2930,HEAD_POSE_ESTIMATE,estimated,0.5506329665287711,6.5502023326286345,7.168335795753445,-0.04117089237389128,0.13045036703476467,-0.06167288874748111
40881352,1789113560940000000,2931,HEAD_POSE_ESTIMATE,estimated,0.52617055832593,6.495752642334183,7.175937906500649,-0.05363991112026762,0.167659548585823,-0.04961260185024727
40893352,1789113560952000000,2932,HEAD_POSE_ESTIMATE,estimated,0.510803947091366,6.491096314565553,7.1897901872290655,-0.07475506569622581,0.19795080042975535,-0.03761986296253923
40907352,1789113560966000000,2933,HEAD_POSE_ESTIMATE,estimated,0.5030274998511457,6.463982021118014,7.203511711760009,-0.11106456999652187,0.23026833796161936,-0.015123584412566737
40920352,1789113560979000000,2934,HEAD_POSE_ESTIMATE,estimated,0.4948536219434481,6.456766061059476,7.217498070274954,-0.14297396095109288,0.25175409741609434,0.0006311534519404464
40934352,1789113560993000000,2935,HEAD_POSE_ESTIMATE,estimated,0.47144142112205023,6.434079779500163,7.212453378978079,-0.1824267923775856,0.26754435018690614,0.03315188986526186
40950352,1789113561009000000,2936,HEAD_POSE_ESTIMATE,estimated,0.4427623931759195,6.367162193604977,7.1976907308881595,-0.20900814495503361,0.27432195157309847,0.06840301963237122
40965352,1789113561024000000,2937,HEAD_POSE_ESTIMATE,estimated,0.42729762999401877,6.294886585269612,7.176800877694892,-0.22902766405633648,0.28304418550364235,0.09271758067738758
40972352,1789113561031000000,2938,HEAD_POSE_ESTIMATE,estimated,0.41441982111941866,6.302418152218288,7.200166212324,-0.22567593886118734,0.2804508940729123,0.10556012593364389
40985352,1789113561044000000,2939,HEAD_POSE_ESTIMATE,estimated,0.39018429439330576,6.282107106781437,7.265070047454204,-0.24220456751313202,0.281366356541373,0.11096263855648524
41000352,1789113561059000000,2940,HEAD_POSE_ESTIMATE,estimated,0.3771873199339047,6.278874811186359,7.309862099889155,-0.26552041648227137,0.28346200706769026,0.11685479847663964
41013352,1789113561072000000,2941,HEAD_POSE_ESTIMATE,estimated,0.349055426438482,6.27106199238359,7.344482307961204,-0.29577524689387186,0.28058016435135136,0.1061501609447832
41027352,1789113561086000000,2942,HEAD_POSE_ESTIMATE,estimated,0.31046701587770786,6.313667711445335,7.408168813627327,-0.33123978116232544,0.27532646752632606,0.10079615007561966
41043352,1789113561102000000,2943,HEAD_POSE_ESTIMATE,estimated,0.2306708662949995,6.373794525699472,7.458361265525692,-0.3476839848570587,0.2642337301968395,0.08892595526489176
41056352,1789113561115000000,2944,HEAD_POSE_ESTIMATE,estimated,0.1669783113720312,6.399799528195618,7.5377230394056305,-0.3656335394801627,0.2630998824634452,0.09202597811387864
41069352,1789113561128000000,2945,HEAD_POSE_ESTIMATE,estimated,0.08763670495854059,6.429422784328831,7.669928139110052,-0.3670951450782658,0.274935232119526,0.10940496156993117
41086352,1789113561145000000,2946,HEAD_POSE_ESTIMATE,estimated,-0.020161015898555068,6.398573616535007,7.8489015509322355,-0.35908264035176374,0.3085003883172937,0.13509930164489817
41098352,1789113561157000000,2947,HEAD_POSE_ESTIMATE,estimated,-0.030246702565848715,6.372459809922308,7.918567882316298,-0.33669538299619195,0.34450043921805423,0.16050392457407892
41111352,1789113561170000000,2948,HEAD_POSE_ESTIMATE,estimated,-0.05078284149636392,6.39700461394091,7.942835975889925,-0.2925350005254129,0.37909036787502315,0.19310789058279015
41129352,1789113561188000000,2949,HEAD_POSE_ESTIMATE,estimated,-0.07731644518702963,6.43054546906119,7.911425480220467,-0.19695570154021816,0.4133372508517984,0.2383173045917371
41142352,1789113561201000000,2950,HEAD_POSE_ESTIMATE,estimated,-0.10716342349469365,6.4289237026526544,7.871368207978465,-0.12809439366863257,0.42613977528034785,0.2632224447624605
41154352,1789113561213000000,2951,HEAD_POSE_ESTIMATE,estimated,-0.1908651171179499,6.360972857054199,7.867593886217292,-0.04967013138512088,0.4329066845354621,0.283379932864373
41168352,1789113561227000000,2952,HEAD_POSE_ESTIMATE,estimated,-0.2620342535962173,6.340198467610935,7.791074243822831,0.026435160622229295,0.4264380181037207,0.2945362235080039
41180352,1789113561239000000,2953,HEAD_POSE_ESTIMATE,estimated,-0.27856616643584853,6.316946691029779,7.696961507391982,0.08936044136066877,0.4115952214770566,0.2975370521722097
41194352,1789113561253000000,2954,HEAD_POSE_ESTIMATE,estimated,-0.32411561024063895,6.30303149525785,7.64866114762241,0.14677016904062526,0.38435566153410317,0.2874067458146821
41209352,1789113561268000000,2955,HEAD_POSE_ESTIMATE,estimated,-0.35497980630355186,6.2580226881456,7.555677945508403,0.18237118031949576,0.35265538487599196,0.2784971893335448
41223352,1789113561282000000,2956,HEAD_POSE_ESTIMATE,estimated,-0.38096216449144893,6.221517496625867,7.441311096921037,0.193687796640595,0.32082619105002785,0.27220064761164814
41234352,1789113561293000000,2957,HEAD_POSE_ESTIMATE,estimated,-0.4116353995798823,6.188632164096374,7.334571169906194,0.1706640443184622,0.28812109816909853,0.2679568404033752
41249352,1789113561308000000,2958,HEAD_POSE_ESTIMATE,estimated,-0.4412296028988757,6.170981870971364,7.268728347367092,0.14422865944914157,0.2779730736580872,0.27270737769975467
41263352,1789113561322000000,2959,HEAD_POSE_ESTIMATE,estimated,-0.5116906548145225,6.1578224811467,7.198490894355948,0.1222384570539313,0.279710899151579,0.2781016847145996
41277352,1789113561336000000,2960,HEAD_POSE_ESTIMATE,estimated,-0.5283822558260161,6.116610611752916,7.151036783020773,0.12196179524042373,0.3032664592286373,0.2927763564325029
41291352,1789113561350000000,2961,HEAD_POSE_ESTIMATE,estimated,-0.5422669336412717,6.012613632533089,7.138990715582906,0.1355562906836443,0.3305850535898237,0.3086064565555249
41306352,1789113561365000000,2962,HEAD_POSE_ESTIMATE,estimated,-0.5529569583772431,5.863887678473083,7.140962313718427,0.13730199037935026,0.35776776101365254,0.33448887260936405
41321352,1789113561380000000,2963,HEAD_POSE_ESTIMATE,estimated,-0.5943495435683852,5.69713522788144,7.138507759275279,0.1296643176325645,0.3846113684696226,0.3730944172220318
41334352,1789113561393000000,2964,HEAD_POSE_ESTIMATE,estimated,-0.6049479198115053,5.647595156536121,7.097618329748656,0.13131562289706716,0.41646977234095317,0.41758955200881726
41349352,1789113561408000000,2965,HEAD_POSE_ESTIMATE,estimated,-0.633238417411603,5.619963411690165,7.0299569569822795,0.10776705819512607,0.4569138534116662,0.4631276817711205
41365352,1789113561424000000,2966,HEAD_POSE_ESTIMATE,estimated,-0.591436077645332,5.610468959761285,6.92616990825975,0.06209548640403814,0.5038527096631642,0.5082007951235283
41376352,1789113561435000000,2967,HEAD_POSE_ESTIMATE,estimated,-0.5745541779743553,5.610957064653333,6.890829083189031,0.0169193348892373,0.5416449972035374,0.5374999401373909
41390352,1789113561449000000,2968,HEAD_POSE_ESTIMATE,estimated,-0.5565514146817025,5.543384298832509,6.843530343970049,-0.04467709194113293,0.5739198152757152,0.5600811412590994
41407352,1789113561466000000,2969,HEAD_POSE_ESTIMATE,estimated,-0.4588623969597083,5.505675557507827,6.7925579802678895,-0.1348761751783764,0.6161203734588399,0.5893316668005015
41419352,1789113561478000000,2970,HEAD_POSE_ESTIMATE,estimated,-0.4074110969947372,5.522669034514268,6.843968399210164,-0.20820955135402439,0.6437526867704673,0.6070674838970481
41430352,1789113561489000000,2971,HEAD_POSE_ESTIMATE,estimated,-0.35584862628001007,5.5781270892570465,6.853715801703136,-0.26570194753028054,0.666038402197762,0.6173325926761715
41446352,1789113561505000000,2972,HEAD_POSE_ESTIMATE,estimated,-0.25201997099547807,5.68103178459869,6.904535803729733,-0.32543448490347154,0.6999719466576197,0.6326504302817985
41459352,1789113561518000000,2973,HEAD_POSE_ESTIMATE,estimated,-0.18258671058356044,5.782614715688135,6.939775279112404,-0.3475936914598855,0.7270954742957494,0.6400517362275386
41472352,1789113561531000000,2974,HEAD_POSE_ESTIMATE,estimated,-0.10168001911752778,5.858001184879896,7.00176722128993,-0.35971721411125296,0.7453560118872474,0.6372979718031279
41489352,1789113561548000000,2975,HEAD_POSE_ESTIMATE,estimated,-0.04900780782428655,5.924425771210698,7.150848811842291,-0.3658056443422812,0.7670943092928125,0.6400031783221516
41500352,1789113561559000000,2976,HEAD_POSE_ESTIMATE,estimated,0.024316437434983323,5.94130654672313,7.233868110377472,-0.3626263149690226,0.7708809364491,0.6386732957132664
41514352,1789113561573000000,2977,HEAD_POSE_ESTIMATE,estimated,0.04273343038526286,5.9454314058939195,7.358100751123796,-0.3699041832573566,0.778689688352246,0.6469645932190067
41530352,1789113561589000000,2978,HEAD_POSE_ESTIMATE,estimated,0.03280629542500585,5.934559712312072,7.457172571140666,-0.3670364006583992,0.7782843210594713,0.658516049760087
41543352,1789113561602000000,2979,HEAD_POSE_ESTIMATE,estimated,0.03754228834117504,5.951649651470359,7.488318387322237,-0.3556235123291141,0.7675539779274171,0.6628340022102204
41558352,1789113561617000000,2980,HEAD_POSE_ESTIMATE,estimated,0.10450428933715727,6.006773847889494,7.508931639693003,-0.34258588270497065,0.7467228548657733,0.6575811017881329
41571352,1789113561630000000,2981,HEAD_POSE_ESTIMATE,estimated,0.14302638255416425,6.031547473469774,7.523198118893559,-0.314831572537995,0.7233457480948419,0.6532250965540652
41585352,1789113561644000000,2982,HEAD_POSE_ESTIMATE,estimated,0.18603836211351626,6.0561990054829575,7.5187421031852,-0.2810433072049181,0.6907020034332303,0.6427738502880186
41600352,1789113561659000000,2983,HEAD_POSE_ESTIMATE,estimated,0.2004070112815432,6.051498523113183,7.523399285256004,-0.24512058698361094,0.6566544703970105,0.6377479227340505
41614352,1789113561673000000,2984,HEAD_POSE_ESTIMATE,estimated,0.18503365125613233,6.0566011209542605,7.528739576113489,-0.2259150446161017,0.6317391801526927,0.6381903195927919
41627352,1789113561686000000,2985,HEAD_POSE_ESTIMATE,estimated,0.18686814361152176,6.089967215297133,7.527650463516961,-0.20573234941329363,0.5915078961802317,0.6214392518023985
41642352,1789113561701000000,2986,HEAD_POSE_ESTIMATE,estimated,0.16090879237725147,6.1485562341811,7.557126221306693,-0.196832201336222,0.5513784294597418,0.6064448818384376
41656352,1789113561715000000,2987,HEAD_POSE_ESTIMATE,estimated,0.12706145159545745,6.207591001837119,7.57585496450836,-0.18733809980568908,0.5152062003691692,0.589628134207815
41669352,1789113561728000000,2988,HEAD_POSE_ESTIMATE,estimated,0.0999289220748904,6.252323560137327,7.59472180316426,-0.1723384495108473,0.4763029635857221,0.5678517781525702
41684352,1789113561743000000,2989,HEAD_POSE_ESTIMATE,estimated,0.06524932770358055,6.267330218981794,7.625909662287979,-0.15528351699981094,0.43822782872019034,0.5526609670666114
41697352,1789113561756000000,2990,HEAD_POSE_ESTIMATE,estimated,0.04484559097610058,6.266928549411254,7.670263678504687,-0.13518381597508763,0.40715224945179673,0.5394912755589244
41711352,1789113561770000000,2991,HEAD_POSE_ESTIMATE,estimated,0.022681283020276,6.275970877162938,7.704857232706981,-0.1194308115174952,0.371718600658821,0.5280692448275411
41727352,1789113561786000000,2992,HEAD_POSE_ESTIMATE,estimated,0.007586341806689767,6.298017485510103,7.738025510492518,-0.10726769587088457,0.34039337768900424,0.5278541307101013
41738352,1789113561797000000,2993,HEAD_POSE_ESTIMATE,estimated,-0.025501001158316078,6.3065765661076245,7.7534865368957355,-0.10531796714569719,0.3198633320067654,0.5338239950834778
41753352,1789113561812000000,2994,HEAD_POSE_ESTIMATE,estimated,-0.019888025508755458,6.3147030079273785,7.774220011294387,-0.10040716351075844,0.29769477707816444,0.5446391346098824
41768352,1789113561827000000,2995,HEAD_POSE_ESTIMATE,estimated,-0.012381793316766865,6.298443194916798,7.782585659866636,-0.09349753220538487,0.2817024365192609,0.558624182151647
41781352,1789113561840000000,2996,HEAD_POSE_ESTIMATE,estimated,-0.012586145804778293,6.252715059045134,7.797442054190624,-0.0828293537881805,0.2671936998003437,0.5663409038285678
41796352,1789113561855000000,2997,HEAD_POSE_ESTIMATE,estimated,0.0033331966453848116,6.236236028872976,7.788918075263438,-0.06953022045184507,0.25574831788300506,0.5704755222087007
41810352,1789113561869000000,2998,HEAD_POSE_ESTIMATE,estimated,0.04287393797757835,6.2041850351783046,7.778930441056575,-0.04923107526862902,0.2484132225960084,0.5729845648674209
41823352,1789113561882000000,2999,HEAD_POSE_ESTIMATE,estimated,0.09233591704148636,6.175227121084712,7.764706887352591,-0.02367849633621398,0.24075335878057136,0.5675554716543266
41838352,1789113561897000000,3000,HEAD_POSE_ESTIMATE,estimated,0.1204396564086821,6.103499766426679,7.7329886128908685,0.01394530797439498,0.226874437330611,0.5525208235017042
41851352,1789113561910000000,3001,HEAD_POSE_ESTIMATE,estimated,0.12124730649463764,6.0442764582122965,7.685955060172557,0.04959655437253184,0.21953291636368785,0.5429516679261394
41866352,1789113561925000000,3002,HEAD_POSE_ESTIMATE,estimated,0.18381346858748615,5.989255167321777,7.6446947145121324,0.09135367274908428,0.20523141556033891,0.5240926403271764
41880352,1789113561939000000,3003,HEAD_POSE_ESTIMATE,estimated,0.227014312230251,5.950873473702468,7.613565657788256,0.1289762548153069,0.1886111847676801,0.5090460696845117
41893352,1789113561952000000,3004,HEAD_POSE_ESTIMATE,estimated,0.25123808168205974,5.898350055198474,7.578470257664528,0.14698859829062513,0.1738165151426722,0.49682876581361896
41906352,1789113561965000000,3005,HEAD_POSE_ESTIMATE,estimated,0.30715760858911456,5.885320350110567,7.546337646325415,0.15395507639217487,0.15706065019748192,0.4865581853573163
41921352,1789113561980000000,3006,HEAD_POSE_ESTIMATE,estimated,0.3523157561462818,5.875055610164959,7.531676572501188,0.14610466900392632,0.13631067923490378,0.47777945234096114
41935352,1789113561994000000,3007,HEAD_POSE_ESTIMATE,estimated,0.39528530847293303,5.885974666289058,7.545944537078524,0.1419913912116749,0.12261395800411735,0.47205898513440064
41949352,1789113562008000000,3008,HEAD_POSE_ESTIMATE,estimated,0.4166869088499701,5.913414950713571,7.553273124786538,0.1304166199858469,0.1073350866569929,0.45508047207626434
41963352,1789113562022000000,3009,HEAD_POSE_ESTIMATE,estimated,0.41639375233066206,5.944042833903611,7.571074687792269,0.11476658692048403,0.09359761685455882,0.4307810801879737
41977352,1789113562036000000,3010,HEAD_POSE_ESTIMATE,estimated,0.4201458463126807,6.014599340505071,7.600089217410701,0.0833924909391234,0.08511768551592723,0.4017738929928238
41992352,1789113562051000000,3011,HEAD_POSE_ESTIMATE,estimated,0.4116394856913985,6.094572605118174,7.630288764476986,0.04726644661453289,0.0787130360365963,0.36934837204073434
42005352,1789113562064000000,3012,HEAD_POSE_ESTIMATE,estimated,0.4237176819700413,6.172672628262922,7.6481122841977145,0.018935285056611986,0.07235038849882709,0.3441455383723908
42019352,1789113562078000000,3013,HEAD_POSE_ESTIMATE,estimated,0.44549110269099146,6.236450929768328,7.667627203621723,-0.0023142187428059832,0.06252397634557076,0.318773369931164
42034352,1789113562093000000,3014,HEAD_POSE_ESTIMATE,estimated,0.4906935769795441,6.284705631264096,7.687474765144602,-0.013608091323428476,0.050116080658000654,0.2949059787269787
42049352,1789113562108000000,3015,HEAD_POSE_ESTIMATE,estimated,0.5164215602213311,6.278356753795381,7.714445513558524,-0.011707252339788922,0.037605944578527326,0.2808044520667529
42060352,1789113562119000000,3016,HEAD_POSE_ESTIMATE,estimated,0.5321422652846792,6.267461655321785,7.722462883565713,0.001929669579599783,0.026694358175715922,0.27751516413454813
42074352,1789113562133000000,3017,HEAD_POSE_ESTIMATE,estimated,0.5737873135275018,6.264706307561163,7.708594784679628,0.024698617924035667,0.013279164957801596,0.2745719805565234
42088352,1789113562147000000,3018,HEAD_POSE_ESTIMATE,estimated,0.6358846990155627,6.248769523825693,7.688635663524927,0.05824471353603896,-0.0006280062514660871,0.27467226291269986
42102352,1789113562161000000,3019,HEAD_POSE_ESTIMATE,estimated,0.676241537115754,6.219825673986975,7.632693227050733,0.08880119750594818,-0.014844811080496048,0.27132995027546414
42116352,1789113562175000000,3020,HEAD_POSE_ESTIMATE,estimated,0.7035948559407719,6.163102636985923,7.561880290591668,0.11614078130744122,-0.026888693055341042,0.2701040643969904
42130352,1789113562189000000,3021,HEAD_POSE_ESTIMATE,estimated,0.736038713906356,6.138118058268571,7.494711844177247,0.13302947516259467,-0.03710783826065145,0.26966131207363897
42144352,1789113562203000000,3022,HEAD_POSE_ESTIMATE,estimated,0.7647239784222959,6.101698117178545,7.450908968878742,0.13790880869044755,-0.044543561755448935,0.26777133994939056
42158352,1789113562217000000,3023,HEAD_POSE_ESTIMATE,estimated,0.7570396564335151,6.074464125339285,7.431571199084472,0.12747634033869848,-0.05071256109533547,0.26111370148361196
42173352,1789113562232000000,3024,HEAD_POSE_ESTIMATE,estimated,0.723961377732151,6.056161168386681,7.4032780902356246,0.11794517187489377,-0.05284923246831941,0.2559957744011512
42187352,1789113562246000000,3025,HEAD_POSE_ESTIMATE,estimated,0.7373272299118363,6.054915845500003,7.40792867115954,0.10523407653539513,-0.05345803141907185,0.2473276445384962
42203352,1789113562262000000,3026,HEAD_POSE_ESTIMATE,estimated,0.7432447854462783,6.064294967993378,7.437941987166138,0.09383418690802091,-0.055451644688206875,0.23504140979170307
42214352,1789113562273000000,3027,HEAD_POSE_ESTIMATE,estimated,0.7612377756275361,6.0650798809097815,7.446233317999427,0.08385052966279766,-0.05525463976147435,0.22708219497061802
42227352,1789113562286000000,3028,HEAD_POSE_ESTIMATE,estimated,0.792136081045453,6.08065506841353,7.499511282308697,0.06808754558096092,-0.05602158998349242,0.22303446923193979
42241352,1789113562300000000,3029,HEAD_POSE_ESTIMATE,estimated,0.8125819000729715,6.101856086097364,7.5561933978337015,0.05551023262027489,-0.05697668087979598,0.21821956599636444
42255352,1789113562314000000,3030,HEAD_POSE_ESTIMATE,estimated,0.8859263745690351,6.146385441014168,7.682473642746911,0.030436977228171777,-0.058499412949319984,0.21559278231125867
42269352,1789113562328000000,3031,HEAD_POSE_ESTIMATE,estimated,0.8223378465566855,6.19350038105129,7.626741805831828,0.010122248344541392,-0.05793420165234856,0.20019999430355032
42282352,1789113562341000000,3032,HEAD_POSE_ESTIMATE,estimated,0.8147626542887809,6.214304340294775,7.627686677818319,-0.012873155994063405,-0.057864777219899646,0.18438083033363317
42296352,1789113562355000000,3033,HEAD_POSE_ESTIMATE,estimated,0.8365826746566534,6.22014785913722,7.65610878785494,-0.04049730422007884,-0.05511322249825358,0.17690374315502522
42311352,1789113562370000000,3034,HEAD_POSE_ESTIMATE,estimated,0.8633429832276032,6.210581589931807,7.688550361238223,-0.07206982325203759,-0.04999653118535359,0.1795493683607128
42324352,1789113562383000000,3035,HEAD_POSE_ESTIMATE,estimated,0.8930689946761805,6.205922379012022,7.714449618298536,-0.09421967445142279,-0.039856990766285676,0.20128323436797776
42342352,1789113562401000000,3036,HEAD_POSE_ESTIMATE,estimated,1.0141124836005468,6.202160521447797,7.854813520455072,-0.11672273800875663,-0.023030532354232164,0.25227151649322294
42364352,1789113562423000000,3037,HEAD_POSE_ESTIMATE,estimated,1.1360863926987677,6.2141317212408955,7.992127900691394,-0.1399543173649412,0.007952077048933096,0.30291844385690586
42377352,1789113562436000000,3038,HEAD_POSE_ESTIMATE,estimated,1.256299683531144,6.196361139863418,8.111498525036408,-0.1598967297825429,0.0327880123229122,0.3477257916475408
42392352,1789113562451000000,3039,HEAD_POSE_ESTIMATE,estimated,1.4033790994592883,6.188532142295905,8.247415120672867,-0.1779494905258859,0.058440253353498964,0.38060965211220826
42407352,1789113562466000000,3040,HEAD_POSE_ESTIMATE,estimated,1.5633631153697778,6.182258792082078,8.387017177613973,-0.1909080419649507,0.0810840477955794,0.388106566460594
42419352,1789113562478000000,3041,HEAD_POSE_ESTIMATE,estimated,1.6679702773316154,6.1833775883833395,8.488705182370254,-0.20548401442010997,0.0995797549350756,0.38629025054251886
42433352,1789113562492000000,3042,HEAD_POSE_ESTIMATE,estimated,1.784486861226863,6.200843542022647,8.589627300926612,-0.2063438636418031,0.11004751113102594,0.3496140696608723
42448352,1789113562507000000,3043,HEAD_POSE_ESTIMATE,estimated,1.8695077017298094,6.201517097438305,8.727139679186516,-0.19615291284264874,0.11549242988825813,0.27896446008130216
42461352,1789113562520000000,3044,HEAD_POSE_ESTIMATE,estimated,1.8666605793111302,6.183498270485975,8.713346301288155,-0.17717159559801776,0.1061159683931809,0.20957232699636905
42475352,1789113562534000000,3045,HEAD_POSE_ESTIMATE,estimated,1.891417066137405,6.176767750393516,8.73522655041195,-0.14730953701790758,0.0914852773157934,0.10409141754182669
42490352,1789113562549000000,3046,HEAD_POSE_ESTIMATE,estimated,1.7781698355040263,6.166959166252848,8.599305594698748,-0.11871702392648899,0.06318977095894839,0.012921169323543993
42503352,1789113562562000000,3047,HEAD_POSE_ESTIMATE,estimated,1.7809176135583953,6.1294765665022215,8.590185085498677,-0.0900400679182657,0.0344551728250987,-0.06423356969816367
42516352,1789113562575000000,3048,HEAD_POSE_ESTIMATE,estimated,1.7891899094276598,6.081377469150986,8.57438482047097,-0.05983853263500483,0.0030800353774652536,-0.1262034928627443
42531352,1789113562590000000,3049,HEAD_POSE_ESTIMATE,estimated,1.7665449168426957,6.0412970405819735,8.523416757565135,-0.030830200548852337,-0.031616401859278706,-0.1765903251631242
42544352,1789113562603000000,3050,HEAD_POSE_ESTIMATE,estimated,1.742191934430536,5.971286368032011,8.493403122431163,-0.008942221378917328,-0.06266007430271474,-0.2114495192173644
42558352,1789113562617000000,3051,HEAD_POSE_ESTIMATE,estimated,1.7438180205906764,5.927722280526526,8.49995151970774,0.0023475830620988633,-0.08354199701497453,-0.22216913640508845
42572352,1789113562631000000,3052,HEAD_POSE_ESTIMATE,estimated,1.742024266466708,5.891100092854948,8.510380887338002,0.00675221198541062,-0.09885366813834141,-0.22395200276707633
42586352,1789113562645000000,3053,HEAD_POSE_ESTIMATE,estimated,1.6885141688668042,5.843078516334732,8.492810093996523,0.006578450410117883,-0.1083160699400239,-0.23378160806100842
42602352,1789113562661000000,3054,HEAD_POSE_ESTIMATE,estimated,1.6846584795277724,5.828466507222411,8.516652637839632,0.0008350684653485471,-0.11004672121351323,-0.24483487403306614
42614352,1789113562673000000,3055,HEAD_POSE_ESTIMATE,estimated,1.6898895544902572,5.8192554157634815,8.52820067302893,-0.006525881209614938,-0.10540600722016219,-0.25688670678555114
42626352,1789113562685000000,3056,HEAD_POSE_ESTIMATE,estimated,1.6944088531820838,5.808512188166023,8.539452479583108,-0.010041676120874133,-0.09845697074501082,-0.27992769041172044
42639352,1789113562698000000,3057,HEAD_POSE_ESTIMATE,estimated,1.6660472971486826,5.804879304171911,8.543030540266312,-0.0002638857216726426,-0.0961781602495128,-0.3305389672894754
42653352,1789113562712000000,3058,HEAD_POSE_ESTIMATE,estimated,1.6477935532882595,5.786181209299125,8.538111296200807,0.01037293425230771,-0.09097612860311588,-0.37834182531078814
42667352,1789113562726000000,3059,HEAD_POSE_ESTIMATE,estimated,1.6238816026713256,5.772427402698223,8.54745770942899,0.027162316593677193,-0.09318757546596076,-0.42192409421176197
42680352,1789113562739000000,3060,HEAD_POSE_ESTIMATE,estimated,1.5970848173832943,5.766241876344663,8.532387873832333,0.050463114115020934,-0.10287004718802255,-0.46051872592495063
42696352,1789113562755000000,3061,HEAD_POSE_ESTIMATE,estimated,1.6036407809064137,5.75203548972631,8.527833417873321,0.08370756256943217,-0.11874745985089588,-0.4920960721926661
42709352,1789113562768000000,3062,HEAD_POSE_ESTIMATE,estimated,1.582347886412307,5.765546377044364,8.50372001220141,0.11436835863031375,-0.13890062153610408,-0.5095642356923062
42723352,1789113562782000000,3063,HEAD_POSE_ESTIMATE,estimated,1.5804591731217639,5.764264417683547,8.477595637899517,0.14201255544311991,-0.16942468483709788,-0.5299786971733531
42737352,1789113562796000000,3064,HEAD_POSE_ESTIMATE,estimated,1.5749444561891157,5.768518380050857,8.463989164733542,0.1575854868531313,-0.19704006103858263,-0.5428473832566417
42751352,1789113562810000000,3065,HEAD_POSE_ESTIMATE,estimated,1.5493921295494177,5.7599190090489225,8.456948561357633,0.1711116985855644,-0.22911529406103945,-0.5556060906431576
42767352,1789113562826000000,3066,HEAD_POSE_ESTIMATE,estimated,1.489001719847523,5.763357292850779,8.43116870781627,0.1862041151063574,-0.26693640567922317,-0.573116127275782
42779352,1789113562838000000,3067,HEAD_POSE_ESTIMATE,estimated,1.462270320856638,5.7821913203522115,8.449288574985696,0.19285108323740147,-0.2927835914187326,-0.5929143356106162
42793352,1789113562852000000,3068,HEAD_POSE_ESTIMATE,estimated,1.4001899766569124,5.7748910616535,8.454739875120834,0.20674335873617003,-0.3225782214912168,-0.6116382862834577
42807352,1789113562866000000,3069,HEAD_POSE_ESTIMATE,estimated,1.3075448032561332,5.775218674654825,8.440822671199824,0.22198808820312083,-0.34753031371601284,-0.6229370561390145
42821352,1789113562880000000,3070,HEAD_POSE_ESTIMATE,estimated,1.2230886060294848,5.803518147632885,8.428192241943691,0.24899004291156004,-0.3780426837313585,-0.6526458135804204
42835352,1789113562894000000,3071,HEAD_POSE_ESTIMATE,estimated,1.1362329161928575,5.824158109785026,8.420803142097904,0.2687118648444595,-0.3971158050628212,-0.6674303713170026
42849352,1789113562908000000,3072,HEAD_POSE_ESTIMATE,estimated,1.049248189043357,5.876469223372179,8.38290499189157,0.2890669418167439,-0.4177705538258037,-0.6776816904686415
42863352,1789113562922000000,3073,HEAD_POSE_ESTIMATE,estimated,0.941950020860135,5.920620831200652,8.342590538817714,0.31203772163141275,-0.44113575532162064,-0.6783124176877615
42877352,1789113562936000000,3074,HEAD_POSE_ESTIMATE,estimated,0.8928716042503176,5.966980299331691,8.316504678008968,0.3336771743464648,-0.46236866058698006,-0.6819140509306015
42891352,1789113562950000000,3075,HEAD_POSE_ESTIMATE,estimated,0.8580095610420926,6.028018681798793,8.276620731805274,0.3520389950356667,-0.48524943504270257,-0.6781925809423927
42905352,1789113562964000000,3076,HEAD_POSE_ESTIMATE,estimated,0.7881301311406816,6.059708605768716,8.219221965067314,0.36991922573654784,-0.5116824297360442,-0.6617901690835851
42919352,1789113562978000000,3077,HEAD_POSE_ESTIMATE,estimated,0.765967298889344,6.094923541700413,8.164307655509319,0.3887493876814706,-0.5428536957232917,-0.6476014517080808
42934352,1789113562993000000,3078,HEAD_POSE_ESTIMATE,estimated,0.6929988690791273,6.108442726514562,8.06400618444161,0.41172214241821636,-0.5790180973545986,-0.6202183609131139
42947352,1789113563006000000,3079,HEAD_POSE_ESTIMATE,estimated,0.660907596754534,6.144140679672422,7.953260453010325,0.43136521264911226,-0.6095972485453547,-0.5874788317705273
42961352,1789113563020000000,3080,HEAD_POSE_ESTIMATE,estimated,0.6516408580468377,6.175727730787106,7.851876025199166,0.4541082661395828,-0.6458138762988233,-0.5558521411898848
42975352,1789113563034000000,3081,HEAD_POSE_ESTIMATE,estimated,0.6033069104173597,6.192744692552016,7.737799442358157,0.47291495042439585,-0.6732814953415479,-0.5224935194242399
42989352,1789113563048000000,3082,HEAD_POSE_ESTIMATE,estimated,0.639698274321389,6.230048601478036,7.64015408514982,0.4765332428172549,-0.6942095833611176,-0.4922223042837919
43003352,1789113563062000000,3083,HEAD_POSE_ESTIMATE,estimated,0.6762832647730649,6.276242788540302,7.566043411253963,0.4727787930736716,-0.7165411371051063,-0.47741471187918555
43017352,1789113563076000000,3084,HEAD_POSE_ESTIMATE,estimated,0.6368268254271962,6.330744748724051,7.460205203630831,0.45379049490253265,-0.7381469273397142,-0.4734079493216605
43030352,1789113563089000000,3085,HEAD_POSE_ESTIMATE,estimated,0.6192966914672349,6.3902107906746455,7.370990784669169,0.42978803173052,-0.7506977064173724,-0.4749133138553926
43045352,1789113563104000000,3086,HEAD_POSE_ESTIMATE,estimated,0.6199698645712322,6.468095064574914,7.312855111885443,0.39967542074884993,-0.7482811774353573,-0.4747314985326017
43059352,1789113563118000000,3087,HEAD_POSE_ESTIMATE,estimated,0.6795929362521813,6.565371444204957,7.301129473682971,0.3780359965857605,-0.7443772928516047,-0.48251101785529144
43073352,1789113563132000000,3088,HEAD_POSE_ESTIMATE,estimated,0.715615752837646,6.644673538515802,7.284705232871071,0.36062412612292677,-0.7315927052568998,-0.4939093275033548
43088352,1789113563147000000,3089,HEAD_POSE_ESTIMATE,estimated,0.7107106338398145,6.703800308770902,7.250253919142223,0.3483556236278704,-0.7176794723174937,-0.5127972932096031
43100352,1789113563159000000,3090,HEAD_POSE_ESTIMATE,estimated,0.7024462351074604,6.76279536975627,7.192182081028319,0.3483383932868982,-0.7109797873926701,-0.5226201988267699
43114352,1789113563173000000,3091,HEAD_POSE_ESTIMATE,estimated,0.6615792359174638,6.808258307959291,7.139080285082456,0.34559454106565757,-0.6979378444864061,-0.5349618254088458
43130352,1789113563189000000,3092,HEAD_POSE_ESTIMATE,estimated,0.5878699144328745,6.84443330637371,7.061380843629158,0.3427102224268469,-0.6796188808143491,-0.5430435463586144
43144352,1789113563203000000,3093,HEAD_POSE_ESTIMATE,estimated,0.5192961928692785,6.8665992263962075,6.974808530917035,0.34130777550598,-0.663489775596254,-0.5425225571909856
43156352,1789113563215000000,3094,HEAD_POSE_ESTIMATE,estimated,0.4518615171284817,6.8777458122524635,6.8877397609935755,0.3407688075427551,-0.6464853658451977,-0.5369155993366337
43169352,1789113563228000000,3095,HEAD_POSE_ESTIMATE,estimated,0.40319614275131116,6.895066269501642,6.79835034480281,0.3393614596385015,-0.6303670640274792,-0.5263137360453009
43182352,1789113563241000000,3096,HEAD_POSE_ESTIMATE,estimated,0.35425237196311465,6.891109678580986,6.715204543448479,0.33232047048561664,-0.6103810665746519,-0.5111839851420124
43197352,1789113563256000000,3097,HEAD_POSE_ESTIMATE,estimated,0.298183981420352,6.900253223782793,6.63083519377717,0.3212459188852937,-0.5910793923667311,-0.4934101956502651
43211352,1789113563270000000,3098,HEAD_POSE_ESTIMATE,estimated,0.25747898007483966,6.907798995935163,6.540542078020657,0.31363847494333,-0.575467401297814,-0.48267025518593937
43225352,1789113563284000000,3099,HEAD_POSE_ESTIMATE,estimated,0.18484665663446798,6.906570036230171,6.428430615952136,0.2981695122578077,-0.5529987540490724,-0.46225202498964474
43239352,1789113563298000000,3100,HEAD_POSE_ESTIMATE,estimated,-0.05118409670318147,6.905599440778877,6.210349461612426,0.2791866891834603,-0.5273660901096245,-0.4499841830563989
43253352,1789113563312000000,3101,HEAD_POSE_ESTIMATE,estimated,0.1121541067483991,6.969372625684536,6.216150546290329,0.24739214407846127,-0.4879181072099337,-0.4219411729261931
43267352,1789113563326000000,3102,HEAD_POSE_ESTIMATE,estimated,0.26846188147683353,7.0228619463936015,6.235889166805167,0.21873256787326795,-0.46127998118059543,-0.40320751421835904
43281352,1789113563340000000,3103,HEAD_POSE_ESTIMATE,estimated,0.46303908002964445,7.072504758109419,6.279082538291425,0.18858307503421232,-0.4349686968291751,-0.38336942219051456
43295352,1789113563354000000,3104,HEAD_POSE_ESTIMATE,estimated,0.6218179761975245,7.119975887005291,6.2924407265850775,0.1584880401879405,-0.4165710218105866,-0.3655552592095168
43309352,1789113563368000000,3105,HEAD_POSE_ESTIMATE,estimated,0.6915664038104288,7.147976391825235,6.263174267785089,0.13550627493431197,-0.4037396038568876,-0.3520117963440828
43326352,1789113563385000000,3106,HEAD_POSE_ESTIMATE,estimated,0.6372903366113215,7.153320233061308,6.138185582157864,0.12710824520424757,-0.40230271414532154,-0.3522542111707791
43350352,1789113563409000000,3107,HEAD_POSE_ESTIMATE,estimated,0.6605292639108484,7.152746691787465,6.022116101016098,0.11907178644118005,-0.39773136365295797,-0.35769317828511216
43368352,1789113563427000000,3108,HEAD_POSE_ESTIMATE,estimated,0.5441788227414976,7.122694080198033,5.8320658662581275,0.11427607072328548,-0.3998914584936782,-0.3766164405645376
43381352,1789113563440000000,3109,HEAD_POSE_ESTIMATE,estimated,0.4641823771100175,7.10033413076622,5.698376317924369,0.11016979419778898,-0.4006991442942309,-0.3969812740094058
43390352,1789113563449000000,3110,HEAD_POSE_ESTIMATE,estimated,0.4433788551336502,7.096089539929317,5.6169632197868395,0.10264379584524794,-0.40275619969181825,-0.4151382513617001
43404352,1789113563463000000,3111,HEAD_POSE_ESTIMATE,estimated,0.3166413720012893,7.059724942995162,5.461467938450409,0.08373264346596847,-0.39938167872120406,-0.42962029663836393
43418352,1789113563477000000,3112,HEAD_POSE_ESTIMATE,estimated,0.16368568368632186,7.017445982916784,5.314131744850515,0.057476056739823096,-0.39001017231105256,-0.43653808342138684
43433352,1789113563492000000,3113,HEAD_POSE_ESTIMATE,estimated,-0.04506028687883312,6.9461890636314685,5.114737862671301,0.025089807003914617,-0.37179835911023223,-0.4301084957573789
43446352,1789113563505000000,3114,HEAD_POSE_ESTIMATE,estimated,-0.039365395640547196,6.943006991467717,5.063876021980004,0.0007690671450640686,-0.3624641076506748,-0.4249747125137566
43461352,1789113563520000000,3115,HEAD_POSE_ESTIMATE,estimated,-0.19668568838901956,6.909252426794767,4.924383798099771,-0.038250433606401554,-0.3368217268964663,-0.40120449396222363
43475352,1789113563534000000,3116,HEAD_POSE_ESTIMATE,estimated,0.018540766035026746,6.953354064515432,4.98468759497132,-0.06358839065283102,-0.33882755067606624,-0.39673710003840656
43489352,1789113563548000000,3117,HEAD_POSE_ESTIMATE,estimated,0.05834796680239229,6.944881018185905,5.022705882052885,-0.08268869010545046,-0.3347720519178951,-0.3847025201661886
43503352,1789113563562000000,3118,HEAD_POSE_ESTIMATE,estimated,0.09928913014434565,6.94823961831568,5.05073183952189,-0.09138510391110496,-0.3279289840554373,-0.3695628077548236
43517352,1789113563576000000,3119,HEAD_POSE_ESTIMATE,estimated,0.07665054990322051,6.937841149506802,5.048282022718243,-0.09615798866681405,-0.31429365174365276,-0.3503982611467491
43532352,1789113563591000000,3120,HEAD_POSE_ESTIMATE,estimated,0.02948210652917893,6.935661244178606,5.0768561521327955,-0.09231707998704691,-0.2980384120133012,-0.3289507360068988
43545352,1789113563604000000,3121,HEAD_POSE_ESTIMATE,estimated,-0.024100445214028765,6.93691621459888,5.109797240945673,-0.08370797005098561,-0.2818207894653232,-0.30691782015279917
43559352,1789113563618000000,3122,HEAD_POSE_ESTIMATE,estimated,-0.05491635871323719,6.930354754942091,5.195584110269844,-0.07463921240584037,-0.2710600993032968,-0.28823673854840715
43573352,1789113563632000000,3123,HEAD_POSE_ESTIMATE,estimated,-0.1138312592178139,6.9280381973315,5.277181229529866,-0.06105111753490158,-0.25626123973874304,-0.26265821854204197
43587352,1789113563646000000,3124,HEAD_POSE_ESTIMATE,estimated,-0.14631368781303278,6.9566869760377985,5.355783079862065,-0.04671417986932559,-0.2412651254112042,-0.23825006304852023
43603352,1789113563662000000,3125,HEAD_POSE_ESTIMATE,estimated,-0.16527043667692864,7.0174125240333325,5.438230471779322,-0.03543295792363893,-0.2188979030237819,-0.21077973331153207
43616352,1789113563675000000,3126,HEAD_POSE_ESTIMATE,estimated,-0.1752622990831978,7.094760081479484,5.516792253760029,-0.02954569529564707,-0.2025428438987408,-0.1900787598463121
43628352,1789113563687000000,3127,HEAD_POSE_ESTIMATE,estimated,-0.16722554942060952,7.154746637694556,5.548833774549137,-0.028071687832355873,-0.18300967921791966,-0.16963641074813177
43643352,1789113563702000000,3128,HEAD_POSE_ESTIMATE,estimated,-0.16909891086387163,7.234201371559095,5.597424223856319,-0.032739951392686636,-0.15162091443771789,-0.14062972965316367
43657352,1789113563716000000,3129,HEAD_POSE_ESTIMATE,estimated,-0.15470250286766718,7.294228688817896,5.6606975392826095,-0.035654752845467715,-0.12340476573123581,-0.1186245988535575
43671352,1789113563730000000,3130,HEAD_POSE_ESTIMATE,estimated,-0.14192775320496276,7.359022010653489,5.713847820993371,-0.03819271258025528,-0.09147846925908809,-0.09675310586202275
43685352,1789113563744000000,3131,HEAD_POSE_ESTIMATE,estimated,-0.11323416119501484,7.411652395430208,5.77386922874065,-0.0396930183544094,-0.05906488738317811,-0.07826108080636143
43699352,1789113563758000000,3132,HEAD_POSE_ESTIMATE,estimated,-0.06694024463458226,7.450310203277211,5.860549620973203,-0.03898129759231703,-0.02596373332374167,-0.06178731042194766
43713352,1789113563772000000,3133,HEAD_POSE_ESTIMATE,estimated,-0.0438326189202648,7.48627555808966,5.921162742767085,-0.034662603644716114,0.004327814627452765,-0.050406956538161234
43728352,1789113563787000000,3134,HEAD_POSE_ESTIMATE,estimated,-0.003622853377447832,7.5123470375276105,5.951666625378386,-0.024974654708968928,0.025183191181225455,-0.049824166280688274
43739352,1789113563798000000,3135,HEAD_POSE_ESTIMATE,estimated,0.019745790988360934,7.531959226556636,5.986899377616843,-0.016877923041211447,0.03488148112216282,-0.051830204486568575
43754352,1789113563813000000,3136,HEAD_POSE_ESTIMATE,estimated,0.02629388071849381,7.5542911168820455,6.0520369204076685,-0.011015598884773475,0.039917083692595896,-0.060409519862510634
43769352,1789113563828000000,3137,HEAD_POSE_ESTIMATE,estimated,0.03445524091810548,7.564575263207355,6.111065440880892,-0.0097843513473151,0.03790614119484873,-0.06415973874871006
43782352,1789113563841000000,3138,HEAD_POSE_ESTIMATE,estimated,0.03644223252177048,7.573293432245651,6.162002326521457,-0.009383335180061176,0.035299603157357994,-0.06087350336081978
43796352,1789113563855000000,3139,HEAD_POSE_ESTIMATE,estimated,0.03662299217250087,7.558269329420092,6.196668348308335,-0.004838920768455166,0.02975904180694587,-0.05230960443559409
43811352,1789113563870000000,3140,HEAD_POSE_ESTIMATE,estimated,0.03826534475594079,7.548868957034093,6.238661109566613,0.003190318816634432,0.026658664945992037,-0.037964301513178034
43824352,1789113563883000000,3141,HEAD_POSE_ESTIMATE,estimated,0.042597474429063864,7.531332196007023,6.264930927888817,0.0070552984921599055,0.02325320343993253,-0.023849701893187098
43837352,1789113563896000000,3142,HEAD_POSE_ESTIMATE,estimated,0.0583129127326219,7.53442103874841,6.296679624293124,0.010431996753472832,0.026197442919917144,-0.005963640988361102
43852352,1789113563911000000,3143,HEAD_POSE_ESTIMATE,estimated,0.07537649385715711,7.519516069864254,6.315892231387636,0.0003688848027873258,0.0261077720742926,0.010558525369674778
43866352,1789113563925000000,3144,HEAD_POSE_ESTIMATE,estimated,0.09713019163081132,7.518374671917559,6.364025680837079,-0.01643428820994097,0.024511116259341676,0.024532787017064454
43880352,1789113563939000000,3145,HEAD_POSE_ESTIMATE,estimated,0.11733699412842646,7.498180612176015,6.401859028549078,-0.042304072678167465,0.025456970203432197,0.033363102150579575
43894352,1789113563953000000,3146,HEAD_POSE_ESTIMATE,estimated,0.14244577006316805,7.5043078315128335,6.415442631984685,-0.06808339862288453,0.022999516558574927,0.03520210743238286
43908352,1789113563967000000,3147,HEAD_POSE_ESTIMATE,estimated,0.17103541022501711,7.512111211602023,6.452067041059484,-0.08747326069286046,0.019358296777346743,0.032613828240898445
43923352,1789113563982000000,3148,HEAD_POSE_ESTIMATE,estimated,0.20360473379701027,7.513503992494693,6.493798885288794,-0.09616280438091145,0.014817883302161118,0.02658908230660789
43936352,1789113563995000000,3149,HEAD_POSE_ESTIMATE,estimated,0.22645022647452967,7.509284915176629,6.517198872339456,-0.08912213975251783,0.011030263339674329,0.021916662150430675
43949352,1789113564008000000,3150,HEAD_POSE_ESTIMATE,estimated,0.24375399227379274,7.494485053443963,6.532374212321715,-0.08198816226740327,0.005673392698804984,0.020343211401740478
43964352,1789113564023000000,3151,HEAD_POSE_ESTIMATE,estimated,0.2619358596206478,7.5002706058169695,6.5597499128694645,-0.06882703962922933,-0.0009156641202788084,0.02041969312730848
43978352,1789113564037000000,3152,HEAD_POSE_ESTIMATE,estimated,0.2734597275719239,7.506695781009954,6.56383097011463,-0.05685518526277996,-0.00709256834933783,0.025221466190310717
43992352,1789113564051000000,3153,HEAD_POSE_ESTIMATE,estimated,0.28043636220841534,7.503941247092666,6.533182387303541,-0.04780330656558098,-0.014539811842972821,0.02643106035646973
44006352,1789113564065000000,3154,HEAD_POSE_ESTIMATE,estimated,0.28419839005024505,7.485091093943502,6.516022654199094,-0.05141191703295415,-0.02434730386978844,0.027106696613382202
44020352,1789113564079000000,3155,HEAD_POSE_ESTIMATE,estimated,0.2855671740519077,7.414935402298471,6.510830004250134,-0.0674725643946217,-0.03718628667348907,0.028142385029703582
44034352,1789113564093000000,3156,HEAD_POSE_ESTIMATE,estimated,0.28528477222944726,7.366488237059685,6.516636039602402,-0.0869840850330763,-0.04909391323901478,0.03192161748837932
44049352,1789113564108000000,3157,HEAD_POSE_ESTIMATE,estimated,0.3020008938359075,7.322146757618232,6.587572971479132,-0.09754602797577908,-0.05671095048205283,0.036599373332079556
44061352,1789113564120000000,3158,HEAD_POSE_ESTIMATE,estimated,0.2989344402137248,7.305233785178566,6.620800383782924,-0.11020902497985244,-0.060492714151440224,0.040841302216922844
44076352,1789113564135000000,3159,HEAD_POSE_ESTIMATE,estimated,0.3051041058099915,7.278907521702136,6.677546309108672,-0.11944655384141595,-0.05864044391817721,0.04510157512327163
44090352,1789113564149000000,3160,HEAD_POSE_ESTIMATE,estimated,0.32943943382161284,7.26292004797975,6.731373836864965,-0.12788516888381127,-0.05015873214860026,0.05766130864717742
44102352,1789113564161000000,3161,HEAD_POSE_ESTIMATE,estimated,0.34840611346797073,7.250619429187851,6.761606347318317,-0.13121537591026455,-0.039085052206971775,0.07453222570784143
44117352,1789113564176000000,3162,HEAD_POSE_ESTIMATE,estimated,0.38775495155807027,7.267203637832748,6.8121309443543785,-0.14317806961456536,-0.02687413384774462,0.10036672555918574
44130352,1789113564189000000,3163,HEAD_POSE_ESTIMATE,estimated,0.44252354208182476,7.299988715210417,6.875763310939064,-0.16371759257470142,-0.013858062316222783,0.13204461746015345
44144352,1789113564203000000,3164,HEAD_POSE_ESTIMATE,estimated,0.4862491421754868,7.3185678639743665,6.9386345615852845,-0.18228791402931704,0.0011184209837835715,0.15800146944053087
44161352,1789113564220000000,3165,HEAD_POSE_ESTIMATE,estimated,0.5288558063489859,7.310461570244845,7.029158971867839,-0.21187934796060537,0.018028202747803302,0.18648319496526072
44172352,1789113564231000000,3166,HEAD_POSE_ESTIMATE,estimated,0.5505253324088543,7.298831365713861,7.065404173195482,-0.225816136840806,0.029855334976930204,0.20253918483608402
44185352,1789113564244000000,3167,HEAD_POSE_ESTIMATE,estimated,0.5994667099459832,7.285493998539908,7.128789877317313,-0.23111677755086873,0.043415803890523644,0.21184958241900184
44200352,1789113564259000000,3168,HEAD_POSE_ESTIMATE,estimated,0.6464346240085495,7.295855005750259,7.170376385069644,-0.2213478974850938,0.057371359047763894,0.20967698067416488
44213352,1789113564272000000,3169,HEAD_POSE_ESTIMATE,estimated,0.6830208738264837,7.2902861623905375,7.187781582121829,-0.20469606915015762,0.06778095407934953,0.1984742478939951
44227352,1789113564286000000,3170,HEAD_POSE_ESTIMATE,estimated,0.7207800860713722,7.295602845015983,7.217410583377821,-0.1786697523040841,0.07986266867291182,0.17620304197108663
44244352,1789113564303000000,3171,HEAD_POSE_ESTIMATE,estimated,0.7556989161962059,7.28063086277813,7.255889365302826,-0.14944142615211378,0.09455184572179746,0.1453472660026385
44255352,1789113564314000000,3172,HEAD_POSE_ESTIMATE,estimated,0.7919058886631399,7.263318246657824,7.304985070001105,-0.13327461500377052,0.10205541873553006,0.1177065783381124
44268352,1789113564327000000,3173,HEAD_POSE_ESTIMATE,estimated,0.8236486686844343,7.272376742683437,7.366869998220442,-0.13217801265666831,0.1099210945378912,0.09132499507682575
44282352,1789113564341000000,3174,HEAD_POSE_ESTIMATE,estimated,0.8430629764332708,7.265890104946595,7.389777970136602,-0.14276173798562786,0.1127030705515762,0.0769490371297192
44296352,1789113564355000000,3175,HEAD_POSE_ESTIMATE,estimated,0.8726217679971899,7.271322579345076,7.432695519243238,-0.16935933401357423,0.11273721376718368,0.07492284876246516
44312352,1789113564371000000,3176,HEAD_POSE_ESTIMATE,estimated,0.8996753875329477,7.280201597774617,7.4761773730081575,-0.1979076641174276,0.10787236782152998,0.07638747270641101
44323352,1789113564382000000,3177,HEAD_POSE_ESTIMATE,estimated,0.9080706168039001,7.282349361386334,7.490155708690856,-0.2167968921626922,0.10178136652771091,0.084063270809462
44337352,1789113564396000000,3178,HEAD_POSE_ESTIMATE,estimated,0.9170391210079925,7.26775518307756,7.494601383016006,-0.22955081481480197,0.09473433436373989,0.09407486577990151
44351352,1789113564410000000,3179,HEAD_POSE_ESTIMATE,estimated,0.922568760290204,7.238476447560403,7.497928332420164,-0.22514512844837073,0.08291808104673945,0.09812786864467717
44365352,1789113564424000000,3180,HEAD_POSE_ESTIMATE,estimated,0.9026109955545746,7.170763865281672,7.4435857023197824,-0.20473775116691714,0.06987870131376835,0.09610518570882583
44380352,1789113564439000000,3181,HEAD_POSE_ESTIMATE,estimated,0.8966389360879689,7.08573792211697,7.389358684338982,-0.17213686590253605,0.057362219644431695,0.08648049359443347
44393352,1789113564452000000,3182,HEAD_POSE_ESTIMATE,estimated,0.896918123447839,7.013614335375239,7.330352356967989,-0.14010260555304607,0.04571371954058961,0.07607922080385406
44407352,1789113564466000000,3183,HEAD_POSE_ESTIMATE,estimated,0.8965756560574907,6.956267433696711,7.238015256894281,-0.1050872404967843,0.03394332638930405,0.06356252298885336
44420352,1789113564479000000,3184,HEAD_POSE_ESTIMATE,estimated,0.9058188705933952,6.911403998893731,7.151445390125769,-0.07907295742571031,0.025641649119969693,0.05302851873125102
44434352,1789113564493000000,3185,HEAD_POSE_ESTIMATE,estimated,0.9013442261347204,6.855516543636836,7.0510561236076885,-0.0713755339669109,0.017923559584382652,0.05015857749124584
44448352,1789113564507000000,3186,HEAD_POSE_ESTIMATE,estimated,0.9042627212316913,6.818458688434945,6.957471053046492,-0.0756830319990784,0.012920286570683172,0.052841341055163624
44462352,1789113564521000000,3187,HEAD_POSE_ESTIMATE,estimated,0.9175492805637606,6.762459078681098,6.8939188513722245,-0.09337944678916328,0.01234481297062204,0.05766433191937754
44477352,1789113564536000000,3188,HEAD_POSE_ESTIMATE,estimated,0.9215324284838617,6.719414545901058,6.84633583588867,-0.11712812149718034,0.015078765076956265,0.06883870636898301
44491352,1789113564550000000,3189,HEAD_POSE_ESTIMATE,estimated,0.9274802788215708,6.695236332710912,6.822275203655328,-0.14262961803494578,0.0169406074143919,0.07366404652809892
44503352,1789113564562000000,3190,HEAD_POSE_ESTIMATE,estimated,0.9273313434803739,6.676089160993602,6.812913694308837,-0.16054092064816264,0.019307647688248067,0.06871515117523594
44516352,1789113564575000000,3191,HEAD_POSE_ESTIMATE,estimated,0.9304995606709945,6.677193941785612,6.814399584791427,-0.17511593028566683,0.020594067334637672,0.04990299179810413
44531352,1789113564590000000,3192,HEAD_POSE_ESTIMATE,estimated,0.9165064195536612,6.680874876537821,6.804441023492825,-0.18354352442343233,0.02154702281212572,0.025506200155203124
44545352,1789113564604000000,3193,HEAD_POSE_ESTIMATE,estimated,0.8899577760387185,6.682306026752603,6.782594773194557,-0.17915155770067925,0.022438108158619498,-0.00030999984842510056
44559352,1789113564618000000,3194,HEAD_POSE_ESTIMATE,estimated,0.8397213908581794,6.6571166439251375,6.739993864129751,-0.16574825232948762,0.022026137683165126,-0.02742565869085802
44573352,1789113564632000000,3195,HEAD_POSE_ESTIMATE,estimated,0.7975532168561354,6.624961617717716,6.705414774092388,-0.14648054858648193,0.019646876492391704,-0.0463641135108972
44586352,1789113564645000000,3196,HEAD_POSE_ESTIMATE,estimated,0.7403602038116682,6.579056168936198,6.671160740275652,-0.12105707514391474,0.016407618298663624,-0.056946342430886546
44601352,1789113564660000000,3197,HEAD_POSE_ESTIMATE,estimated,0.6709861349706274,6.519694190497819,6.633763987674941,-0.08903715167759108,0.010556866777871387,-0.05925880850231185
44615352,1789113564674000000,3198,HEAD_POSE_ESTIMATE,estimated,0.5918837763460788,6.472312285080488,6.622821690022528,-0.051596023514875355,0.0057315146293467,-0.05753288595918406
44630352,1789113564689000000,3199,HEAD_POSE_ESTIMATE,estimated,0.49752437025812307,6.422757106718094,6.584417460708259,-0.019927203329351863,-0.0002592985015792326,-0.0512716306565157
44643352,1789113564702000000,3200,HEAD_POSE_ESTIMATE,estimated,0.420141295958608,6.383359144546374,6.562871801824175,0.0077491084115881795,-0.004340476543210304,-0.03787125160868148
44656352,1789113564715000000,3201,HEAD_POSE_ESTIMATE,estimated,0.36068424092540813,6.369824420796689,6.579413628050113,0.029942212028228294,-0.007568589438108133,-0.03044899830578604
44670352,1789113564729000000,3202,HEAD_POSE_ESTIMATE,estimated,0.30511565728197027,6.369450910928723,6.596044693535253,0.038088187919966605,-0.01046106452062606,-0.016536554290981838
44684352,1789113564743000000,3203,HEAD_POSE_ESTIMATE,estimated,0.2528732814074862,6.367361154270689,6.638755256653795,0.026643691087361195,-0.011674901623313551,0.005949485439811333
44698352,1789113564757000000,3204,HEAD_POSE_ESTIMATE,estimated,0.22610699784620758,6.376138197893739,6.723953170119259,-0.0037152314899747243,-0.01457783197689021,0.026538165774271493
44712352,1789113564771000000,3205,HEAD_POSE_ESTIMATE,estimated,0.19177247817252008,6.391448880980486,6.8057516474779876,-0.04337701831878822,-0.012878159721144814,0.05810783743142715
44728352,1789113564787000000,3206,HEAD_POSE_ESTIMATE,estimated,0.188671359956877,6.423694917427851,6.9222007179427685,-0.09093292635694401,-0.0019642336637462725,0.1094819969776897
44739352,1789113564798000000,3207,HEAD_POSE_ESTIMATE,estimated,0.21619498311237817,6.457337552700215,7.0160146274103035,-0.13005340567742735,0.007451920340690039,0.16519384764753087
44753352,1789113564812000000,3208,HEAD_POSE_ESTIMATE,estimated,0.23594032817551835,6.494663595958252,7.118390074601076,-0.15764847422219022,0.02761068487316648,0.22243359062963086
44768352,1789113564827000000,3209,HEAD_POSE_ESTIMATE,estimated,0.2742952220317413,6.528785089245034,7.2495684784643135,-0.17061478482747483,0.051402330678943696,0.27318613933758046
44782352,1789113564841000000,3210,HEAD_POSE_ESTIMATE,estimated,0.2901725070750161,6.560379513751412,7.357315274698744,-0.16071830650828403,0.08240625411281015,0.3035938740416477
44796352,1789113564855000000,3211,HEAD_POSE_ESTIMATE,estimated,0.3165346402845781,6.604674582614357,7.466325817630028,-0.14218351923392109,0.11349626651012082,0.31122645744218136
44812352,1789113564871000000,3212,HEAD_POSE_ESTIMATE,estimated,0.33233677438798737,6.639897596820089,7.582572695384648,-0.11650976712502076,0.14983262961965405,0.2990420434958235
44823352,1789113564882000000,3213,HEAD_POSE_ESTIMATE,estimated,0.3518408823804391,6.665832644137179,7.64502530808406,-0.09145116826878144,0.18110383779509695,0.2762594002317082
44837352,1789113564896000000,3214,HEAD_POSE_ESTIMATE,estimated,0.3441465308837389,6.69039063472519,7.727899460130027,-0.0691631600996607,0.21172278715869752,0.24826879372988767
44852352,1789113564911000000,3215,HEAD_POSE_ESTIMATE,estimated,0.3047721247798124,6.723410604675023,7.759231295812674,-0.049815968269569286,0.24469388314644536,0.22869679169961
44866352,1789113564925000000,3216,HEAD_POSE_ESTIMATE,estimated,0.29027076722798706,6.756532713215404,7.799657762785321,-0.03156288610203463,0.27498520432648804,0.21356570173993103
44880352,1789113564939000000,3217,HEAD_POSE_ESTIMATE,estimated,0.28307465240705476,6.794659007420147,7.851564183351218,-0.019792134580380354,0.3043204418479331,0.21470257216436006
44894352,1789113564953000000,3218,HEAD_POSE_ESTIMATE,estimated,0.2765809425861405,6.820972887603328,7.887445691579967,-0.011613154369624944,0.3310850011559846,0.21868041285384657
44908352,1789113564967000000,3219,HEAD_POSE_ESTIMATE,estimated,0.24161404173639422,6.8394625732635745,7.920600430805546,-0.01063448913737462,0.3536371313254993,0.22612386525381187
44921352,1789113564980000000,3220,HEAD_POSE_ESTIMATE,estimated,0.22022626345199592,6.857814852252982,7.940062275787009,-0.017751006762200826,0.37863125256942326,0.2489089659665566
44936352,1789113564995000000,3221,HEAD_POSE_ESTIMATE,estimated,0.1787844521078028,6.866055341676401,7.928088349919866,-0.03551142119631675,0.3986826369316545,0.26903871719079364
44949352,1789113565008000000,3222,HEAD_POSE_ESTIMATE,estimated,0.16636249723693197,6.874925348850719,7.9135325132690495,-0.051130340605885956,0.41564463286971176,0.28922155147165995
44963352,1789113565022000000,3223,HEAD_POSE_ESTIMATE,estimated,0.1581112678390374,6.874136277813405,7.89695087391623,-0.05467946926029904,0.44599476709115,0.30819395075377376
44977352,1789113565036000000,3224,HEAD_POSE_ESTIMATE,estimated,0.1665752617227616,6.85578091812672,7.880696919481935,-0.05246754517321147,0.4778490931848813,0.3298560027102
44992352,1789113565051000000,3225,HEAD_POSE_ESTIMATE,estimated,0.13714270828670705,6.822577408023217,7.881820344741514,-0.04358956755180185,0.5188515879014592,0.34614387404370867
45006352,1789113565065000000,3226,HEAD_POSE_ESTIMATE,estimated,0.13153052570103796,6.78183653442941,7.873307863896006,-0.029706413591186424,0.5640391619445254,0.3658494400407101
45019352,1789113565078000000,3227,HEAD_POSE_ESTIMATE,estimated,0.17500283865281718,6.774076856197368,7.887004106032902,-0.013131879570210938,0.6174055149441259,0.38995078974912245
45033352,1789113565092000000,3228,HEAD_POSE_ESTIMATE,estimated,0.18634010989105876,6.7604111186028435,7.897042570127882,0.00017039807385553816,0.6650887584481313,0.41298102981134
45047352,1789113565106000000,3229,HEAD_POSE_ESTIMATE,estimated,0.2030282093415684,6.777583644469039,7.889305155270712,0.010224835714770864,0.7113208447995623,0.43158252072514935
45061352,1789113565120000000,3230,HEAD_POSE_ESTIMATE,estimated,0.25131740371608086,6.779996479431367,7.876603175933881,0.018342757560598954,0.7591732141034717,0.4500443959384062
45075352,1789113565134000000,3231,HEAD_POSE_ESTIMATE,estimated,0.32245786726981535,6.774154058284046,7.855649243654782,0.023023274486458384,0.7953938620837974,0.45958600296214797
45090352,1789113565149000000,3232,HEAD_POSE_ESTIMATE,estimated,0.3968165073609361,6.761125961240497,7.8315048198684885,0.02366847499640132,0.815131918589662,0.456149940631262
45102352,1789113565161000000,3233,HEAD_POSE_ESTIMATE,estimated,0.44435521929219496,6.742013534955844,7.832134325841937,0.017985328514954237,0.8121855933502788,0.4411075059502674
45116352,1789113565175000000,3234,HEAD_POSE_ESTIMATE,estimated,0.4623728891788964,6.714954245723449,7.829788437298549,0.015436215540308168,0.7918843786596704,0.4188797643862757
45131352,1789113565190000000,3235,HEAD_POSE_ESTIMATE,estimated,0.4607253721490497,6.663980494858148,7.808707660841285,0.016463863136536458,0.7580071046288358,0.393423923932418
45143352,1789113565202000000,3236,HEAD_POSE_ESTIMATE,estimated,0.4543372412689463,6.618995761145895,7.765275654544183,0.019407172789097316,0.7191431545444423,0.36958466267465295
45156352,1789113565215000000,3237,HEAD_POSE_ESTIMATE,estimated,0.4442279307600847,6.548389746161107,7.6912302793667235,0.03857229618884043,0.681778667893338,0.3476236305820324
45171352,1789113565230000000,3238,HEAD_POSE_ESTIMATE,estimated,0.4127667564112233,6.439742628419614,7.592923318667868,0.04448095728846029,0.642761429418397,0.3289359958133247
45185352,1789113565244000000,3239,HEAD_POSE_ESTIMATE,estimated,0.35966996963648035,6.344234340768736,7.492811856710269,0.03300990168496101,0.6121366915034262,0.3197672867224023
45200352,1789113565259000000,3240,HEAD_POSE_ESTIMATE,estimated,0.2817568988247844,6.253208537319136,7.424123642619347,0.0024474279960335745,0.5911696878972906,0.31818868183425636
45213352,1789113565272000000,3241,HEAD_POSE_ESTIMATE,estimated,0.16936813255235025,6.186621075997093,7.360333334997364,-0.04427659892669195,0.590515048617806,0.33113196064997014
45227352,1789113565286000000,3242,HEAD_POSE_ESTIMATE,estimated,0.10619522216620808,6.102244312909704,7.2965302920791215,-0.10497704260591324,0.6047198966609161,0.35369004212127175
45241352,1789113565300000000,3243,HEAD_POSE_ESTIMATE,estimated,0.056007767701766284,6.027675375471389,7.241243898240589,-0.17284495499862826,0.6404129052498752,0.3889023281586447
45255352,1789113565314000000,3244,HEAD_POSE_ESTIMATE,estimated,0.06197227577671957,5.957874308145866,7.180755634583136,-0.23046358353986127,0.7048729111167835,0.43659799898123725
45269352,1789113565328000000,3245,HEAD_POSE_ESTIMATE,estimated,0.06401948035168777,5.851342819663808,7.152948723351567,-0.28600888366634397,0.75444412795214,0.4800928024164044
45283352,1789113565342000000,3246,HEAD_POSE_ESTIMATE,estimated,0.049617271326635286,5.763093312896121,7.111540102735529,-0.34299494254135,0.7960192168750021,0.5184978731224207
45297352,1789113565356000000,3247,HEAD_POSE_ESTIMATE,estimated,0.038557645680675434,5.709526309893875,7.072225467556948,-0.4002516943005598,0.8308681559658447,0.5476818759005397
45311352,1789113565370000000,3248,HEAD_POSE_ESTIMATE,estimated,0.04919601661925813,5.653061568077048,7.049773717963746,-0.45618102469427335,0.8663094991949912,0.5760333769956653
45325352,1789113565384000000,3249,HEAD_POSE_ESTIMATE,estimated,0.062399910241819276,5.601679382673686,7.04724478202087,-0.5007514781510012,0.8849491915402272,0.5843902173125933
45339352,1789113565398000000,3250,HEAD_POSE_ESTIMATE,estimated,0.1284504041724528,5.621470905764365,7.084304460851865,-0.5459256113888614,0.8944626801973039,0.5760846369614174
45353352,1789113565412000000,3251,HEAD_POSE_ESTIMATE,estimated,0.15480723761641357,5.650715665930464,7.110122678602616,-0.5761735159511024,0.8780923687196825,0.5527151014526887
45370352,1789113565429000000,3252,HEAD_POSE_ESTIMATE,estimated,0.22206784927462062,5.736242426364656,7.1703245293571385,-0.5993263099642427,0.8356690876501552,0.512053198565053
45382352,1789113565441000000,3253,HEAD_POSE_ESTIMATE,estimated,0.24132331061010245,5.760955031535058,7.211365232255109,-0.6326995200143165,0.7996851296963534,0.4741774153187133
45393352,1789113565452000000,3254,HEAD_POSE_ESTIMATE,estimated,0.2388825854874564,5.776556025286908,7.253192316102519,-0.6299171659687643,0.7526084103045267,0.433808720909527
45407352,1789113565466000000,3255,HEAD_POSE_ESTIMATE,estimated,0.260162413485979,5.813130696741529,7.323656797137292,-0.5844630100871677,0.6952149434991897,0.3951330957794813
45422352,1789113565481000000,3256,HEAD_POSE_ESTIMATE,estimated,0.2890017481961823,5.831293694972629,7.419214665440107,-0.5075557628346178,0.6325244809107227,0.3686833263152229
45436352,1789113565495000000,3257,HEAD_POSE_ESTIMATE,estimated,0.2968604296895142,5.796200497957831,7.504036977325371,-0.40888147477298864,0.5754061999404706,0.3568468677636624
45452352,1789113565511000000,3258,HEAD_POSE_ESTIMATE,estimated,0.3156587298188442,5.757669373371271,7.577911304767281,-0.3016089934593029,0.5053698895113713,0.35284092725610633
45462352,1789113565521000000,3259,HEAD_POSE_ESTIMATE,estimated,0.31323533380470064,5.731432823879866,7.62935989835036,-0.22753191184486418,0.4488436462715732,0.3559821731180723
45476352,1789113565535000000,3260,HEAD_POSE_ESTIMATE,estimated,0.3206716802865393,5.70052628915994,7.699032061922774,-0.1594328495078971,0.3694205335606393,0.35873096847165015
45491352,1789113565550000000,3261,HEAD_POSE_ESTIMATE,estimated,0.2278613571504659,5.706352431541395,7.699557615207379,-0.11693054241792472,0.3017459310361827,0.35856281885236785
45504352,1789113565563000000,3262,HEAD_POSE_ESTIMATE,estimated,0.16311484286705313,5.67968171341375,7.726125452962106,-0.1027586558537192,0.24767861327628943,0.35638795863575456
45519352,1789113565578000000,3263,HEAD_POSE_ESTIMATE,estimated,0.16613288745259697,5.645989678014862,7.786739436260378,-0.10488408635450944,0.18902064141384495,0.3484746827860635
45533352,1789113565592000000,3264,HEAD_POSE_ESTIMATE,estimated,0.1620368702676146,5.610007559383342,7.848540861520299,-0.13048318564430997,0.13455675460269106,0.3324428645369608
45547352,1789113565606000000,3265,HEAD_POSE_ESTIMATE,estimated,0.1849898705110793,5.609668955054207,7.930703661608208,-0.1692278092075582,0.09016329036876808,0.3264492413469225
45561352,1789113565620000000,3266,HEAD_POSE_ESTIMATE,estimated,0.19618927486018556,5.673424305910171,8.013025589011665,-0.20635162961944822,0.046081010296837595,0.32252480454449006
45575352,1789113565634000000,3267,HEAD_POSE_ESTIMATE,estimated,0.1521815844623134,5.712725894938545,8.061886498193545,-0.22070747696730464,0.02316583760199309,0.3295642869068273
45589352,1789113565648000000,3268,HEAD_POSE_ESTIMATE,estimated,0.16772307438235662,5.739210961054307,8.109083747162522,-0.21357913282897534,0.0033591252576513765,0.33719161016123345
45602352,1789113565661000000,3269,HEAD_POSE_ESTIMATE,estimated,0.17154687948368874,5.720660583030486,8.140640031319421,-0.17598719154287498,-0.014721032611287243,0.34443311915253333
45616352,1789113565675000000,3270,HEAD_POSE_ESTIMATE,estimated,0.1834684399620921,5.721090812330901,8.175758222717052,-0.14601710135469295,-0.02067589240567891,0.3533196661800538
45630352,1789113565689000000,3271,HEAD_POSE_ESTIMATE,estimated,0.21271910397964638,5.72264942787951,8.19828787516905,-0.11342500546191261,-0.02509915157296895,0.3542007906036033
45644352,1789113565703000000,3272,HEAD_POSE_ESTIMATE,estimated,0.22438733517706716,5.733286090719778,8.212475161678755,-0.08303106576106048,-0.025875570648797214,0.350113446015851
45659352,1789113565718000000,3273,HEAD_POSE_ESTIMATE,estimated,0.19690752229007008,5.7507073838623475,8.211821766559927,-0.05852000074428762,-0.03601749001679343,0.33912160013468445
45672352,1789113565731000000,3274,HEAD_POSE_ESTIMATE,estimated,0.1886335435597543,5.779632567473322,8.197750551372563,-0.03724916900624,-0.040897265568180935,0.3245432464906191
45686352,1789113565745000000,3275,HEAD_POSE_ESTIMATE,estimated,0.18899432280033462,5.796792936302192,8.188478096055668,-0.020313567607435294,-0.04024842209445971,0.3057015085758991
45700352,1789113565759000000,3276,HEAD_POSE_ESTIMATE,estimated,0.19044920312443825,5.812228550355879,8.181368903654402,-0.00784863687352171,-0.04172069809181488,0.2831215354495891
45714352,1789113565773000000,3277,HEAD_POSE_ESTIMATE,estimated,0.2035621749702331,5.817472723269041,8.192143912591003,-0.0030253853131361596,-0.04047517719529184,0.2610286606362411
45729352,1789113565788000000,3278,HEAD_POSE_ESTIMATE,estimated,0.22896727353807128,5.829917800384385,8.205406881670733,0.0038171685516502664,-0.04138691705973962,0.23734920337075752
45741352,1789113565800000000,3279,HEAD_POSE_ESTIMATE,estimated,0.2503750743822152,5.832362025146276,8.217603884190556,0.009971383101093644,-0.044629582275861134,0.21985086655608216
45756352,1789113565815000000,3280,HEAD_POSE_ESTIMATE,estimated,0.2635160937950962,5.840791427515654,8.203972845297294,0.02194104345503598,-0.0433131209437113,0.20274221426670383
45769352,1789113565828000000,3281,HEAD_POSE_ESTIMATE,estimated,0.2823352612824938,5.83873210116181,8.187816811374173,0.038377227218908176,-0.03984111814872768,0.1956835509669631
45783352,1789113565842000000,3282,HEAD_POSE_ESTIMATE,estimated,0.29610628597307376,5.822599929903928,8.15878317712261,0.06296476640114508,-0.034167384533013864,0.2008173736605838
45797352,1789113565856000000,3283,HEAD_POSE_ESTIMATE,estimated,0.3217954850431504,5.805939466978316,8.121969268923042,0.08834743982686945,-0.02702660079507621,0.20659387642104923
45811352,1789113565870000000,3284,HEAD_POSE_ESTIMATE,estimated,0.34273352172085697,5.783544906682286,8.08691879163007,0.11649456683062169,-0.019844266142262857,0.21390663261071402
45828352,1789113565887000000,3285,HEAD_POSE_ESTIMATE,estimated,0.36113010753771146,5.775576847496747,8.016618721619466,0.144677185482862,-0.012611011250544178,0.2139283907667436
45843352,1789113565902000000,3286,HEAD_POSE_ESTIMATE,estimated,0.35629168650020976,5.786917341903176,7.964809580039313,0.166294622428404,-0.008186483162015538,0.2085977891421362
45855352,1789113565914000000,3287,HEAD_POSE_ESTIMATE,estimated,0.3582500205858217,5.783626861158505,7.903220744233062,0.18250950924180276,-0.00472884607571072,0.20498511790484333
45865352,1789113565924000000,3288,HEAD_POSE_ESTIMATE,estimated,0.3729926683206344,5.769689754817104,7.856532946463532,0.19409504808306513,-0.0013048027792075191,0.1930100238198018
45880352,1789113565939000000,3289,HEAD_POSE_ESTIMATE,estimated,0.353870347100401,5.758460076033341,7.789434779583489,0.2143785126043482,0.0022208246955856626,0.17044870039713825
45894352,1789113565953000000,3290,HEAD_POSE_ESTIMATE,estimated,0.33636548031012714,5.760798583172919,7.730141046967809,0.22742777472083026,0.003628959026430737,0.14347522623288306
45908352,1789113565967000000,3291,HEAD_POSE_ESTIMATE,estimated,0.3223459276697072,5.755688047629001,7.6790241465737505,0.23015985687430715,0.0026165171560352117,0.11282093973207885
45924352,1789113565983000000,3292,HEAD_POSE_ESTIMATE,estimated,0.2973166701338809,5.745283893240154,7.649139292109757,0.22380341928518407,0.0012507933878686832,0.08015735413283519
45936352,1789113565995000000,3293,HEAD_POSE_ESTIMATE,estimated,0.28447586610046033,5.744620195100693,7.6400993173895975,0.21022904312946597,-6.251360503261937e-05,0.05619802796795068
45949352,1789113566008000000,3294,HEAD_POSE_ESTIMATE,estimated,0.24788140677258202,5.742929375154981,7.620552223260716,0.18199457763465504,0.0008917392101634038,0.0441430501725349
45963352,1789113566022000000,3295,HEAD_POSE_ESTIMATE,estimated,0.21884582866077928,5.73628155573488,7.616541299129966,0.13962600783603327,0.00334434608113499,0.04181020040214856
45977352,1789113566036000000,3296,HEAD_POSE_ESTIMATE,estimated,0.17861011288956755,5.735764439870667,7.623392656317057,0.09249398123845713,0.007183355475628566,0.05535348364972818
45991352,1789113566050000000,3297,HEAD_POSE_ESTIMATE,estimated,0.15622385796117325,5.713900924144063,7.663946670905273,0.04279887863438365,0.011399214328653227,0.06364479753818611
46005352,1789113566064000000,3298,HEAD_POSE_ESTIMATE,estimated,0.14509378773579773,5.700229196026622,7.709287595345788,-0.012736972111378688,0.01392872622239512,0.06776248318998714
46019352,1789113566078000000,3299,HEAD_POSE_ESTIMATE,estimated,0.13829484201534492,5.7114268560511885,7.76789736144027,-0.06212416073098136,0.01654735723159882,0.07134504119738862
46033352,1789113566092000000,3300,HEAD_POSE_ESTIMATE,estimated,0.13726067242711654,5.71176237472616,7.842009589113472,-0.11021399995815322,0.017835554474819694,0.06986952044846405
46047352,1789113566106000000,3301,HEAD_POSE_ESTIMATE,estimated,0.14332306857566118,5.7305951882376895,7.91042073871549,-0.14679721100278076,0.01893853774578638,0.06453565224576328
46060352,1789113566119000000,3302,HEAD_POSE_ESTIMATE,estimated,0.15587115508308155,5.761091498723548,7.985681786683014,-0.177293956583588,0.019688389786774882,0.05090057756928198
46074352,1789113566133000000,3303,HEAD_POSE_ESTIMATE,estimated,0.18161392466867265,5.7901974750682115,8.052381136315942,-0.20851810037911045,0.018662717681552553,0.04123433250817654
46089352,1789113566148000000,3304,HEAD_POSE_ESTIMATE,estimated,0.20542824983449978,5.786676892824529,8.13381416827484,-0.24425734921218148,0.0171191403527507,0.038731278032754786
46101352,1789113566160000000,3305,HEAD_POSE_ESTIMATE,estimated,0.22733045653770073,5.782852995765938,8.190399610776451,-0.2663723135740855,0.015635048453767172,0.03868164334336694
46116352,1789113566175000000,3306,HEAD_POSE_ESTIMATE,estimated,0.261808605890681,5.771440588929223,8.249288857758739,-0.276506536793822,0.013493959966188417,0.05050276159681062
46130352,1789113566189000000,3307,HEAD_POSE_ESTIMATE,estimated,0.3063148336766116,5.716045610974951,8.318160289050656,-0.26923276684315656,0.009983079764024707,0.0700056328155999
46143352,1789113566202000000,3308,HEAD_POSE_ESTIMATE,estimated,0.34645411458325936,5.686984741026484,8.37575898233056,-0.25353473576223634,0.007903551801441564,0.0961486495354955
46157352,1789113566216000000,3309,HEAD_POSE_ESTIMATE,estimated,0.39095554774208374,5.646957026811859,8.41724931949277,-0.22401900287248228,0.0040644090989551485,0.12044973262487109
46171352,1789113566230000000,3310,HEAD_POSE_ESTIMATE,estimated,0.4321395662341118,5.611620055591638,8.432105397990611,-0.19053066739777821,-0.001195220079418913,0.13721860830927707
46185352,1789113566244000000,3311,HEAD_POSE_ESTIMATE,estimated,0.47147665470521916,5.580631562204641,8.433115433021216,-0.15187860073909368,-0.0082707152272455,0.14285513297750815
46201352,1789113566260000000,3312,HEAD_POSE_ESTIMATE,estimated,0.5065498764504859,5.567077748652843,8.412546911601481,-0.11792883294361063,-0.01820728351634695,0.13399990928464725
46213352,1789113566272000000,3313,HEAD_POSE_ESTIMATE,estimated,0.532990389791843,5.53876926603459,8.387807303677297,-0.09613007676743278,-0.025941592322247943,0.12207239360234733
46226352,1789113566285000000,3314,HEAD_POSE_ESTIMATE,estimated,0.5622097850234687,5.5123386868702555,8.360707057438313,-0.07409672132907012,-0.03177350386913597,0.10569750977823095
46240352,1789113566299000000,3315,HEAD_POSE_ESTIMATE,estimated,0.5743276667826063,5.488648947089916,8.340792285112364,-0.062256626832644116,-0.03548594532740007,0.08936962716721243
46254352,1789113566313000000,3316,HEAD_POSE_ESTIMATE,estimated,0.5792859196417826,5.447213080893483,8.317519719148462,-0.052914801221918786,-0.034951198926037284,0.07604142556168468
46268352,1789113566327000000,3317,HEAD_POSE_ESTIMATE,estimated,0.5759824294344842,5.418876678501666,8.30499886946171,-0.04762748697102083,-0.03179357379580754,0.06764585665455902
46282352,1789113566341000000,3318,HEAD_POSE_ESTIMATE,estimated,0.5658691846324578,5.424348840570178,8.292699718907972,-0.045030811338885014,-0.028926273204847214,0.06556071862774786
46296352,1789113566355000000,3319,HEAD_POSE_ESTIMATE,estimated,0.5485136705675087,5.418248877843519,8.285252423064911,-0.04540904775739128,-0.023590875480262535,0.06226285771904202
46310352,1789113566369000000,3320,HEAD_POSE_ESTIMATE,estimated,0.531947863543444,5.40992769303929,8.271444177441253,-0.037339112998155816,-0.017146691798297847,0.05935767079755608
46324352,1789113566383000000,3321,HEAD_POSE_ESTIMATE,estimated,0.5155994447727354,5.408003492416292,8.253440061992027,-0.03485776144776717,-0.008516923571949678,0.05733404550777739
46338352,1789113566397000000,3322,HEAD_POSE_ESTIMATE,estimated,0.5011671148346556,5.383448990680736,8.260417980922846,-0.02840770755588659,-0.0003252903682912411,0.05449978342782893
46351352,1789113566410000000,3323,HEAD_POSE_ESTIMATE,estimated,0.5027571039493421,5.365305423225955,8.266984009929661,-0.02260802909667081,0.009666453778453635,0.05156364862093273
46365352,1789113566424000000,3324,HEAD_POSE_ESTIMATE,estimated,0.5005031832421061,5.361001009715576,8.273449491977376,-0.011206837351561506,0.020543455764764983,0.04834851054084583
46379352,1789113566438000000,3325,HEAD_POSE_ESTIMATE,estimated,0.5075258751994882,5.347927292135279,8.26833144809296,-0.00044733366687127896,0.03138822670864824,0.04662389198951338
46393352,1789113566452000000,3326,HEAD_POSE_ESTIMATE,estimated,0.512127840258379,5.336888988541601,8.247147954510686,0.012559185569095164,0.04238262532118141,0.044525451571524995
46410352,1789113566469000000,3327,HEAD_POSE_ESTIMATE,estimated,0.52438883213573,5.325538271482021,8.218018364827655,0.02644282493887103,0.05584253665039893,0.04037694623949604
46420352,1789113566479000000,3328,HEAD_POSE_ESTIMATE,estimated,0.5334348914171855,5.338123193594352,8.216728331025312,0.03808907270348333,0.06549579112883949,0.03975280988547724
46434352,1789113566493000000,3329,HEAD_POSE_ESTIMATE,estimated,0.548929801080371,5.351466664415634,8.21549345376377,0.04663768801447224,0.07463633842147176,0.02801391346928047
46450352,1789113566509000000,3330,HEAD_POSE_ESTIMATE,estimated,0.5439858230824726,5.367785320630828,8.231898518848515,0.048764983648503867,0.08162499864047536,0.006914122366912355
46463352,1789113566522000000,3331,HEAD_POSE_ESTIMATE,estimated,0.5455172666998962,5.379176749254094,8.254159909547454,0.042698612792000254,0.08248118258210282,-0.013315795438030091
46479352,1789113566538000000,3332,HEAD_POSE_ESTIMATE,estimated,0.5384761809919038,5.387806425851833,8.289314748731746,0.033889175974342954,0.07967201612320703,-0.03722649508517318
46490352,1789113566549000000,3333,HEAD_POSE_ESTIMATE,estimated,0.516628807353702,5.405112267781931,8.303848902695483,0.023807917426761648,0.07380239282152692,-0.05245539777364685
46503352,1789113566562000000,3334,HEAD_POSE_ESTIMATE,estimated,0.5144804087030155,5.439700356085306,8.325026984745245,0.018472910809774163,0.06610055075672278,-0.06382164173745493
46518352,1789113566577000000,3335,HEAD_POSE_ESTIMATE,estimated,0.5111230756539746,5.4729636798257815,8.347243216726316,0.014358047377762908,0.05426256146189688,-0.06635008690239236
46531352,1789113566590000000,3336,HEAD_POSE_ESTIMATE,estimated,0.4992373521162611,5.496743381473915,8.356719404948782,0.011234933857243924,0.04367104614565319,-0.060567183156961905
46545352,1789113566604000000,3337,HEAD_POSE_ESTIMATE,estimated,0.49473949522355637,5.517718479252493,8.379149456664093,0.010241677773098099,0.032213694335161996,-0.05548545786845036
46560352,1789113566619000000,3338,HEAD_POSE_ESTIMATE,estimated,0.4940053835664028,5.526429591137745,8.40327930568574,0.013327342718218964,0.020502530390011205,-0.053071904686199586
46574352,1789113566633000000,3339,HEAD_POSE_ESTIMATE,estimated,0.46556876366099786,5.543575416101644,8.391559628223568,0.015855791435496883,0.009731534949918106,-0.05656609443507165
46588352,1789113566647000000,3340,HEAD_POSE_ESTIMATE,estimated,0.4647834992037151,5.549212718358824,8.383218455374083,0.01996722232935231,-0.0014169639057192564,-0.0637127630373054
46605352,1789113566664000000,3341,HEAD_POSE_ESTIMATE,estimated,0.45699844704241865,5.56325673720011,8.343186058111996,0.04026626611315768,-0.01213332295514731,-0.0825426128815226
46616352,1789113566675000000,3342,HEAD_POSE_ESTIMATE,estimated,0.43748660177457466,5.549362345740482,8.325820195755794,0.06397506965872272,-0.018948451812185248,-0.10079166272224774
46629352,1789113566688000000,3343,HEAD_POSE_ESTIMATE,estimated,0.4122511431714325,5.551163050792543,8.306796871005497,0.09263426473593972,-0.024092406395080385,-0.12243704739256893
46644352,1789113566703000000,3344,HEAD_POSE_ESTIMATE,estimated,0.39433400459335405,5.548194424336915,8.294130224095984,0.1207038580045269,-0.02770181874190032,-0.14490412756058882
46656352,1789113566715000000,3345,HEAD_POSE_ESTIMATE,estimated,0.35762501447263645,5.546906615208201,8.273444039428892,0.1433662807117731,-0.027412870463869275,-0.15648162884492778
46670352,1789113566729000000,3346,HEAD_POSE_ESTIMATE,estimated,0.33194551360942226,5.528166166581261,8.259996772071048,0.1575168305341733,-0.028830517064008545,-0.1622204615961278
46687352,1789113566746000000,3347,HEAD_POSE_ESTIMATE,estimated,0.3198003491471749,5.5148045649811985,8.2307358987795,0.16240448041018904,-0.031143955947334538,-0.16364934478526333
46698352,1789113566757000000,3348,HEAD_POSE_ESTIMATE,estimated,0.2753021786001896,5.518348087376498,8.212747342988505,0.15562152475314434,-0.032250112493084106,-0.15344951584785327
46712352,1789113566771000000,3349,HEAD_POSE_ESTIMATE,estimated,0.2674420978995262,5.517266786847792,8.213112770338928,0.14719397828020492,-0.03390090910873168,-0.14716296779403493
46727352,1789113566786000000,3350,HEAD_POSE_ESTIMATE,estimated,0.2898217338837527,5.521348173990845,8.23618604154908,0.1369635353368638,-0.04003444344825195,-0.1521812850468201
46740352,1789113566799000000,3351,HEAD_POSE_ESTIMATE,estimated,0.29751231158544195,5.551996125021503,8.259735525422661,0.13122312990055562,-0.04800270987878147,-0.17093852352105926
46753352,1789113566812000000,3352,HEAD_POSE_ESTIMATE,estimated,0.30209138720479767,5.584335931733856,8.282314174085343,0.12331280556579796,-0.06010439152928039,-0.19342378265714344
46769352,1789113566828000000,3353,HEAD_POSE_ESTIMATE,estimated,0.32003456030156185,5.617224481134405,8.319418784108716,0.11420236573042795,-0.0764831010655043,-0.21824894372798978
46781352,1789113566840000000,3354,HEAD_POSE_ESTIMATE,estimated,0.32954210692282804,5.630873161254321,8.34584280716895,0.10448679089754746,-0.0895399871549972,-0.23724324937350355
46795352,1789113566854000000,3355,HEAD_POSE_ESTIMATE,estimated,0.33770373341592286,5.669108087299363,8.371476640638157,0.09557696522840431,-0.10479978912863708,-0.2435100000176125
46813352,1789113566872000000,3356,HEAD_POSE_ESTIMATE,estimated,0.34773074090242756,5.722070851249033,8.397553985399098,0.07529149238469929,-0.11730714214805277,-0.2238516448156868
46823352,1789113566882000000,3357,HEAD_POSE_ESTIMATE,estimated,0.35596585942946146,5.764994972177716,8.415678433183194,0.06208630353888706,-0.12222534128882012,-0.20231977156926403
46836352,1789113566895000000,3358,HEAD_POSE_ESTIMATE,estimated,0.3383430992341837,5.799488481922129,8.454318349719756,0.05095779789128391,-0.12361634504666424,-0.16603504015283144
46850352,1789113566909000000,3359,HEAD_POSE_ESTIMATE,estimated,0.3262563873924018,5.833281298558535,8.48052533925876,0.057690839483300345,-0.12673636401931138,-0.1370256120905773
46864352,1789113566923000000,3360,HEAD_POSE_ESTIMATE,estimated,0.3085087679374836,5.8735058783874905,8.498305066060048,0.07414093482965947,-0.13149743622563362,-0.11878118098828054
46879352,1789113566938000000,3361,HEAD_POSE_ESTIMATE,estimated,0.29598431645003476,5.916664833074716,8.513173633925646,0.09714971135858295,-0.13854512409464598,-0.11429960324556115
46893352,1789113566952000000,3362,HEAD_POSE_ESTIMATE,estimated,0.3197242431163864,5.952530927592999,8.510874597875107,0.12963291560426074,-0.1484845653661919,-0.12955864205553105
46907352,1789113566966000000,3363,HEAD_POSE_ESTIMATE,estimated,0.31857340698224834,5.993337300963456,8.487334476470883,0.16734984286337634,-0.1614784975496825,-0.15422293090873648
46923352,1789113566982000000,3364,HEAD_POSE_ESTIMATE,estimated,0.30643444497693495,6.030779525126589,8.421500867155027,0.2075747605317857,-0.1814013479755069,-0.19554762022564284
46935352,1789113566994000000,3365,HEAD_POSE_ESTIMATE,estimated,0.36104577736435395,6.032312137746506,8.38178762531853,0.23607041445084778,-0.19492607854210417,-0.22026636663810326
46949352,1789113567008000000,3366,HEAD_POSE_ESTIMATE,estimated,0.41375213012642087,6.0250898389246155,8.318376447268445,0.26817274236680205,-0.20598105987875642,-0.23648955959000617
46964352,1789113567023000000,3367,HEAD_POSE_ESTIMATE,estimated,0.46781342610550547,5.986904647746486,8.238292475138376,0.2985025871281967,-0.21514668033840106,-0.23691153929558417
46977352,1789113567036000000,3368,HEAD_POSE_ESTIMATE,estimated,0.5163043534738935,5.9420481785012935,8.157850943119302,0.3213445674205486,-0.21713661826568798,-0.21896839843505694
46990352,1789113567049000000,3369,HEAD_POSE_ESTIMATE,estimated,0.591772319932039,5.889755377970542,8.082223650619794,0.33735214189854523,-0.21535932858176993,-0.18974870091898804
47004352,1789113567063000000,3370,HEAD_POSE_ESTIMATE,estimated,0.6747237653318973,5.8379126141032645,8.00483437611136,0.3562904305927335,-0.21105225014449278,-0.16250572519618134
47018352,1789113567077000000,3371,HEAD_POSE_ESTIMATE,estimated,0.7138137370223984,5.83526008205814,7.909402699473196,0.37879578845757594,-0.20314335630389319,-0.14271451111769332
47033352,1789113567092000000,3372,HEAD_POSE_ESTIMATE,estimated,0.7706456796292972,5.862567160423297,7.819823775935147,0.4055463790088509,-0.19322272604890858,-0.14340317065130354
47046352,1789113567105000000,3373,HEAD_POSE_ESTIMATE,estimated,0.8244826204597885,5.8804692618904015,7.775227633398177,0.4213856492110204,-0.18974433063067261,-0.17346886003476264
47059352,1789113567118000000,3374,HEAD_POSE_ESTIMATE,estimated,0.8188705611538987,5.9243982376615465,7.7278004669314075,0.43414380885534104,-0.18567524116159284,-0.2223719304816912
47074352,1789113567133000000,3375,HEAD_POSE_ESTIMATE,estimated,0.8137007020705194,5.984815692674044,7.678027601514123,0.4343494589045456,-0.19165248641875546,-0.2899994719667326
47088352,1789113567147000000,3376,HEAD_POSE_ESTIMATE,estimated,0.7737091055810189,6.057407872135858,7.636312970195519,0.42932232849507646,-0.2077760417790547,-0.3620610042234384
47101352,1789113567160000000,3377,HEAD_POSE_ESTIMATE,estimated,0.7380463381063092,6.118288803466123,7.605971071683032,0.4201722571818691,-0.22575254781687912,-0.42360895333739507
47115352,1789113567174000000,3378,HEAD_POSE_ESTIMATE,estimated,0.6692440320152152,6.173568971809635,7.56201090234369,0.40776510273872696,-0.25510627862254026,-0.4824858122271472
47130352,1789113567189000000,3379,HEAD_POSE_ESTIMATE,estimated,0.5880137672620738,6.23281403678415,7.528762493271467,0.39362769572474865,-0.2864340481806614,-0.5277225626087664
47142352,1789113567201000000,3380,HEAD_POSE_ESTIMATE,estimated,0.5370512509204335,6.271490629345777,7.498143100941335,0.38705047581205104,-0.31900935113869405,-0.5483770313336779
47156352,1789113567215000000,3381,HEAD_POSE_ESTIMATE,estimated,0.5015146654100042,6.310343112322982,7.476886625029869,0.3780652943612829,-0.35547252313247485,-0.5589630104590507
47170352,1789113567229000000,3382,HEAD_POSE_ESTIMATE,estimated,0.3983069898381694,6.335797812601294,7.41911528596317,0.37423619353522025,-0.39887842653387623,-0.5587322959580285
47184352,1789113567243000000,3383,HEAD_POSE_ESTIMATE,estimated,0.3595142143325234,6.355593513153335,7.392447553498408,0.36315833454912,-0.4318361131782636,-0.5406817216503346
47199352,1789113567258000000,3384,HEAD_POSE_ESTIMATE,estimated,0.34314513227839666,6.3743656108277165,7.373281509954046,0.3571595881006838,-0.46508780670654776,-0.5220518328595638
47212352,1789113567271000000,3385,HEAD_POSE_ESTIMATE,estimated,0.3409828992661468,6.397495102677826,7.342405691962934,0.3571356069308069,-0.49134781554899337,-0.5030217846348234
47227352,1789113567286000000,3386,HEAD_POSE_ESTIMATE,estimated,0.35189830155639873,6.430460850865534,7.314295966532864,0.3612073395915627,-0.5158514110807703,-0.4798203913815054
47240352,1789113567299000000,3387,HEAD_POSE_ESTIMATE,estimated,0.3687660732696753,6.482719996675971,7.278900319296559,0.37080649033177576,-0.5363538064306519,-0.47280271222492104
47254352,1789113567313000000,3388,HEAD_POSE_ESTIMATE,estimated,0.346044157752005,6.5356284175368335,7.236541047585719,0.39046984120092454,-0.5606295243959614,-0.4699791491040962
47268352,1789113567327000000,3389,HEAD_POSE_ESTIMATE,estimated,0.3770846017795653,6.576826048083699,7.209372002687329,0.40018720528207724,-0.5723863585730032,-0.46200512634982865
47286352,1789113567345000000,3390,HEAD_POSE_ESTIMATE,estimated,0.48895602541767785,6.626030723841046,7.233030685493049,0.4037622362155426,-0.5867337661417755,-0.4594078277523234
47296352,1789113567355000000,3391,HEAD_POSE_ESTIMATE,estimated,0.5246154166869095,6.667542893884467,7.211717968880884,0.4083150053172771,-0.595667005580288,-0.46158749766008533
47310352,1789113567369000000,3392,HEAD_POSE_ESTIMATE,estimated,0.5647208399665957,6.712276080037718,7.1855549989667615,0.41064645501082736,-0.6106002043582998,-0.46878896271315823
47325352,1789113567384000000,3393,HEAD_POSE_ESTIMATE,estimated,0.4983498406894901,6.75581455283637,7.101137166634816,0.4176065253203376,-0.6424572123772793,-0.49130561956316354
47338352,1789113567397000000,3394,HEAD_POSE_ESTIMATE,estimated,0.44291948683515414,6.790288135055201,7.030937766629768,0.42114220004313635,-0.6562097390757838,-0.507030324925925
47352352,1789113567411000000,3395,HEAD_POSE_ESTIMATE,estimated,0.4102541423601398,6.83857271814028,6.970216465114823,0.4221495140757674,-0.6726079212705854,-0.5266473025829708
47369352,1789113567428000000,3396,HEAD_POSE_ESTIMATE,estimated,0.32133626083182054,6.9026725036562,6.8908421750507305,0.4059318825062936,-0.6886639064451541,-0.555524781253281
47380352,1789113567439000000,3397,HEAD_POSE_ESTIMATE,estimated,0.24562909712902015,6.94065123948091,6.818670073226855,0.4006331207451557,-0.7035808875014634,-0.5689731220102805
47389352,1789113567448000000,3398,HEAD_POSE_ESTIMATE,estimated,0.17699142671803336,6.995683693949832,6.750175054665565,0.3789521484720641,-0.7072121096237387,-0.5816636199341557
47404352,1789113567463000000,3399,HEAD_POSE_ESTIMATE,estimated,0.10995058033476231,7.091525174673709,6.666648519476372,0.3792690012204466,-0.7259929672085597,-0.5942868406031591
47417352,1789113567476000000,3400,HEAD_POSE_ESTIMATE,estimated,0.03620774574109539,7.155901361597177,6.5861632107462595,0.388007888613933,-0.75167741498065,-0.6110803427742028
47432352,1789113567491000000,3401,HEAD_POSE_ESTIMATE,estimated,-0.051904914584129075,7.193781879448619,6.487774563818111,0.4100074980408609,-0.7631422979875646,-0.608073002519913
47447352,1789113567506000000,3402,HEAD_POSE_ESTIMATE,estimated,-0.08852370852203031,7.2200751873552,6.39667504413334,0.44640156857277935,-0.777543231785152,-0.5950910079202406
47460352,1789113567519000000,3403,HEAD_POSE_ESTIMATE,estimated,-0.16557562875017023,7.22300567863451,6.2993743885514615,0.48605690551454367,-0.7934853436371724,-0.572724099625649
47473352,1789113567532000000,3404,HEAD_POSE_ESTIMATE,estimated,-0.19442387826812915,7.2127778244467144,6.209040464612171,0.5312742437712115,-0.8062948518204485,-0.5398854631069016
47488352,1789113567547000000,3405,HEAD_POSE_ESTIMATE,estimated,-0.10472479564365256,7.188854439405455,6.0827620144841985,0.5578545097072883,-0.82400414723016,-0.5124039734531768
47501352,1789113567560000000,3406,HEAD_POSE_ESTIMATE,estimated,0.03278631926093267,7.2007738627130875,5.995307038310456,0.5935140628700831,-0.854390187005576,-0.490110978880514
47515352,1789113567574000000,3407,HEAD_POSE_ESTIMATE,estimated,0.02943267478115813,7.194372845713201,5.847785568233006,0.6013284658641219,-0.8626055514109018,-0.46122314582201135
47529352,1789113567588000000,3408,HEAD_POSE_ESTIMATE,estimated,0.029258630662459817,7.176853598303167,5.7278589463504,0.5856586429077396,-0.866290632362923,-0.43898619541102657
47543352,1789113567602000000,3409,HEAD_POSE_ESTIMATE,estimated,0.03650298658540535,7.158912236806736,5.587514535880142,0.5355315505798577,-0.8551127912808519,-0.41459345723181296
47557352,1789113567616000000,3410,HEAD_POSE_ESTIMATE,estimated,0.1061976422398172,7.151436131250499,5.516969868152109,0.47107543330928364,-0.853790273462212,-0.40770132629238576
47571352,1789113567630000000,3411,HEAD_POSE_ESTIMATE,estimated,0.14358426914157435,7.167238822661654,5.454745886611234,0.39265020086162566,-0.8488486747557661,-0.4040385920665021
47585352,1789113567644000000,3412,HEAD_POSE_ESTIMATE,estimated,0.15671020307616917,7.192193182455323,5.411778533392208,0.3096152618769051,-0.8406421520218365,-0.4031542123242188
47599352,1789113567658000000,3413,HEAD_POSE_ESTIMATE,estimated,0.15814937803254253,7.235084647522819,5.37660849122669,0.2319465679200848,-0.8346511764290486,-0.4054397677743154
47613352,1789113567672000000,3414,HEAD_POSE_ESTIMATE,estimated,0.13860674386241945,7.30160755846657,5.36664062816882,0.16509704491497543,-0.8313576093199019,-0.40907747020241886
47627352,1789113567686000000,3415,HEAD_POSE_ESTIMATE,estimated,0.10437495903092253,7.345205379819509,5.412614299468386,0.10123419150082806,-0.8180146752626183,-0.4106175064813195
47642352,1789113567701000000,3416,HEAD_POSE_ESTIMATE,estimated,0.10409538054408168,7.379746927292166,5.458489909804161,0.0394334734915298,-0.7937923192322036,-0.40706930027690574
47655352,1789113567714000000,3417,HEAD_POSE_ESTIMATE,estimated,0.13913153239713277,7.434539569972902,5.504340676970543,-0.004281142100483984,-0.789075563215412,-0.4111716515989193
47669352,1789113567728000000,3418,HEAD_POSE_ESTIMATE,estimated,0.10704179329140673,7.488580301448784,5.5791476104154265,-0.049732079806316665,-0.779142707684458,-0.42042823919471894
47683352,1789113567742000000,3419,HEAD_POSE_ESTIMATE,estimated,0.06260135089289898,7.560346808160075,5.6297509252276114,-0.08374279471672463,-0.7613193357374671,-0.4225113473881049
47697352,1789113567756000000,3420,HEAD_POSE_ESTIMATE,estimated,0.04215175739811505,7.627332887583271,5.693793126768191,-0.11429520858848331,-0.7539610373192325,-0.4271592514869866
47711352,1789113567770000000,3421,HEAD_POSE_ESTIMATE,estimated,0.012087823468224124,7.707922637749579,5.742698314451841,-0.1270299801846539,-0.7274930053726617,-0.4170479042538763
47727352,1789113567786000000,3422,HEAD_POSE_ESTIMATE,estimated,-0.047423472268622424,7.791847548448976,5.806876994095209,-0.11841967190429392,-0.68659585885625,-0.39466746670734826
47741352,1789113567800000000,3423,HEAD_POSE_ESTIMATE,estimated,-0.07251647818821438,7.813727155844349,5.859448643343211,-0.1064139877349145,-0.6495656226481181,-0.36498574800620476
47752352,1789113567811000000,3424,HEAD_POSE_ESTIMATE,estimated,-0.08391398893612845,7.817179394548191,5.883234618127842,-0.07922149881728902,-0.6081939544389413,-0.3327153460005335
47766352,1789113567825000000,3425,HEAD_POSE_ESTIMATE,estimated,-0.05503647453321303,7.812595864707504,5.886211706625483,-0.031480001644966685,-0.553933914605381,-0.2911449828673655
47781352,1789113567840000000,3426,HEAD_POSE_ESTIMATE,estimated,-0.028618435170031042,7.795999426351884,5.874561014478373,0.018861693640849348,-0.4821597745742291,-0.2484799685986379
47795352,1789113567854000000,3427,HEAD_POSE_ESTIMATE,estimated,-0.013829356806808857,7.7831478629684545,5.859235350366962,0.07477008347878569,-0.41264524520555607,-0.2143388115164555
47810352,1789113567869000000,3428,HEAD_POSE_ESTIMATE,estimated,-0.001829565522367682,7.788738925056628,5.813877974699515,0.12718568039742512,-0.3386365789982668,-0.19395690427013004
47822352,1789113567881000000,3429,HEAD_POSE_ESTIMATE,estimated,0.026997340640327883,7.77860435141042,5.768786017328222,0.1605877860893405,-0.2785479049020564,-0.18811840165488491
47837352,1789113567896000000,3430,HEAD_POSE_ESTIMATE,estimated,0.06835308781307625,7.790267847002292,5.733793888281048,0.18094661060989303,-0.21111639827781783,-0.19736260163881583
47851352,1789113567910000000,3431,HEAD_POSE_ESTIMATE,estimated,0.13205009199944662,7.810393273251151,5.670331560651908,0.1789877030747375,-0.16643721017816,-0.21934421843098695
47865352,1789113567924000000,3432,HEAD_POSE_ESTIMATE,estimated,0.2022044232279504,7.824980895123862,5.601250482800699,0.15746601340108504,-0.13488131897723105,-0.2443794558079154
47879352,1789113567938000000,3433,HEAD_POSE_ESTIMATE,estimated,0.18102943188330534,7.838707318529906,5.582785920570785,0.12552120424612695,-0.10484059004580772,-0.26457438829759605
47893352,1789113567952000000,3434,HEAD_POSE_ESTIMATE,estimated,0.16758678174385344,7.846261747644871,5.548300596216616,0.08325547464010345,-0.08074285767355027,-0.2804796444613131
47907352,1789113567966000000,3435,HEAD_POSE_ESTIMATE,estimated,0.13517975698211127,7.848080458589467,5.526369325196488,0.03317191467640422,-0.06052896056729477,-0.29049868931454476
47922352,1789113567981000000,3436,HEAD_POSE_ESTIMATE,estimated,0.11082067299112291,7.850708035898437,5.543371004543023,-0.014658133988464862,-0.03357049161864334,-0.29097500274255766
47935352,1789113567994000000,3437,HEAD_POSE_ESTIMATE,estimated,0.1020823030939923,7.864549049986601,5.538552870933766,-0.056729476733128836,-0.019388845143176483,-0.2868457098929861
47949352,1789113568008000000,3438,HEAD_POSE_ESTIMATE,estimated,0.07960538630375591,7.854916362804102,5.5656856980153755,-0.09636267991123772,0.00029590723737078106,-0.2719516546781346
47963352,1789113568022000000,3439,HEAD_POSE_ESTIMATE,estimated,0.07323385770008295,7.823701174964668,5.589680998871471,-0.12341805146337242,0.02445788532049,-0.2495347749861276
47977352,1789113568036000000,3440,HEAD_POSE_ESTIMATE,estimated,0.06311317237802883,7.825048069171194,5.621093568749537,-0.14615828565075076,0.04030905803651258,-0.22791374614535362
47992352,1789113568051000000,3441,HEAD_POSE_ESTIMATE,estimated,0.04869403892167501,7.831239061004593,5.685902692372866,-0.16332959639310074,0.057540265144974685,-0.20683665748180755
48005352,1789113568064000000,3442,HEAD_POSE_ESTIMATE,estimated,0.022916782336987795,7.848425504603509,5.747154869985394,-0.17191133088719976,0.06695481331102728,-0.18698019858186762
48019352,1789113568078000000,3443,HEAD_POSE_ESTIMATE,estimated,-0.014905930896381647,7.882633127297255,5.822634216674833,-0.18096698250382015,0.07805059367088071,-0.16813277017493405
48034352,1789113568093000000,3444,HEAD_POSE_ESTIMATE,estimated,-0.02562874537608567,7.912734198175465,5.897976049698351,-0.18058221452716736,0.08441868857965036,-0.150093401278048
48047352,1789113568106000000,3445,HEAD_POSE_ESTIMATE,estimated,-0.030652717546785835,7.936187747963646,5.967256529512889,-0.17102767669565164,0.0851185240766715,-0.14275227791059378
48061352,1789113568120000000,3446,HEAD_POSE_ESTIMATE,estimated,-0.032585717242986034,7.971542147223565,6.036514584059978,-0.16068734883540334,0.08519898259559527,-0.1347458068421263
48075352,1789113568134000000,3447,HEAD_POSE_ESTIMATE,estimated,-0.035871270515231146,7.989527362266924,6.0862329512951,-0.14301797096199678,0.08114390113953117,-0.13058903168622546
48089352,1789113568148000000,3448,HEAD_POSE_ESTIMATE,estimated,-0.03964765460916592,7.990621336147791,6.131959572602979,-0.12568616250205683,0.07772941240830772,-0.13115243677809943
48103352,1789113568162000000,3449,HEAD_POSE_ESTIMATE,estimated,-0.04934213384892189,7.968624529870905,6.171565061314938,-0.11191450010046276,0.07737957689078381,-0.13071121490874257
48117352,1789113568176000000,3450,HEAD_POSE_ESTIMATE,estimated,-0.04491918059163713,7.941172289971551,6.1875195968034316,-0.09708068881306159,0.0745442697508155,-0.12890309256298896
48130352,1789113568189000000,3451,HEAD_POSE_ESTIMATE,estimated,-0.05641211495473519,7.924904165606089,6.201331295898785,-0.08525350678818457,0.06893530950431564,-0.12571850682298277
48145352,1789113568204000000,3452,HEAD_POSE_ESTIMATE,estimated,-0.06272633082921378,7.900409111612761,6.22795206637931,-0.07757390695829378,0.06199131163712829,-0.11832036964229418
48162352,1789113568221000000,3453,HEAD_POSE_ESTIMATE,estimated,-0.056975026219915986,7.8711611273836475,6.242658974016611,-0.07240057346647946,0.05102837900983454,-0.11483739696264762
48174352,1789113568233000000,3454,HEAD_POSE_ESTIMATE,estimated,-0.06414078201136783,7.857366049398309,6.251271425612249,-0.07231401497923474,0.041690605265932185,-0.11181050694147178
48186352,1789113568245000000,3455,HEAD_POSE_ESTIMATE,estimated,-0.07868202721705198,7.84461298029095,6.260847757629798,-0.07543868516529185,0.0313288742898551,-0.10838126413023443
48200352,1789113568259000000,3456,HEAD_POSE_ESTIMATE,estimated,-0.09123780064716708,7.817238407284038,6.280952657766484,-0.07858093363273495,0.021030093412769405,-0.10499361869716237
48214352,1789113568273000000,3457,HEAD_POSE_ESTIMATE,estimated,-0.11245205772332317,7.788127278236288,6.292807512859196,-0.07802721689534145,0.010957423080891676,-0.10120804307000204
48227352,1789113568286000000,3458,HEAD_POSE_ESTIMATE,estimated,-0.12943677702481615,7.767080312964958,6.312081838418707,-0.07561293136312572,0.0031924712031069355,-0.09756863857112291
48242352,1789113568301000000,3459,HEAD_POSE_ESTIMATE,estimated,-0.1483146124620216,7.743706362789357,6.336421036370041,-0.07306434179324589,-0.006689620955447359,-0.09014038647581746
48256352,1789113568315000000,3460,HEAD_POSE_ESTIMATE,estimated,-0.16800716551943598,7.73458851155729,6.360279765593515,-0.07685177444137083,-0.013241973474870898,-0.07609169699695156
48270352,1789113568329000000,3461,HEAD_POSE_ESTIMATE,estimated,-0.1837015777658778,7.726376996665121,6.373575659399557,-0.08092345717045257,-0.019821369374385545,-0.056280654228583415
48283352,1789113568342000000,3462,HEAD_POSE_ESTIMATE,estimated,-0.1848750082702626,7.71591433240435,6.35342046233316,-0.08594057290569397,-0.030176813195996174,-0.03850256338010994
48297352,1789113568356000000,3463,HEAD_POSE_ESTIMATE,estimated,-0.18696263962574222,7.684125957255527,6.333903628837474,-0.08692478160050912,-0.042937564433907935,-0.024373286081293244
48312352,1789113568371000000,3464,HEAD_POSE_ESTIMATE,estimated,-0.17920153560339458,7.636771795289644,6.318922593090901,-0.0861770687620447,-0.05845612124248385,-0.011949504094253433
48325352,1789113568384000000,3465,HEAD_POSE_ESTIMATE,estimated,-0.16321764357156393,7.586282152716031,6.3132666012795005,-0.08809739841825392,-0.07483302158436791,-0.008072614763065639
48338352,1789113568397000000,3466,HEAD_POSE_ESTIMATE,estimated,-0.144456256521263,7.560463537663129,6.314162062529457,-0.09471064306092472,-0.0893317917576943,-0.008069053198250629
48353352,1789113568412000000,3467,HEAD_POSE_ESTIMATE,estimated,-0.12434654777731863,7.545728588952108,6.310809587964475,-0.10160047817196573,-0.10440195620714512,-0.007764652482098039
48368352,1789113568427000000,3468,HEAD_POSE_ESTIMATE,estimated,-0.08791186269977375,7.541931190241431,6.299118649516691,-0.108232034411316,-0.11867683846815057,-0.00773174521908534
48379352,1789113568438000000,3469,HEAD_POSE_ESTIMATE,estimated,-0.05238860249045885,7.535084946847682,6.301296734692823,-0.10835952609417694,-0.12784725419580834,-0.005888567632901124
48394352,1789113568453000000,3470,HEAD_POSE_ESTIMATE,estimated,-0.012344836164930567,7.508211020023876,6.293533878110423,-0.11129694396717973,-0.13447515592497047,-0.003527628164215023
48409352,1789113568468000000,3471,HEAD_POSE_ESTIMATE,estimated,0.04157009977317469,7.462803102338565,6.30406731443882,-0.11542462883529828,-0.13625691375390286,4.757635059195001e-05
48421352,1789113568480000000,3472,HEAD_POSE_ESTIMATE,estimated,0.0875584290022148,7.41366311644861,6.313347645840874,-0.12533057247947282,-0.13588374101786943,0.00695295324068182
48436352,1789113568495000000,3473,HEAD_POSE_ESTIMATE,estimated,0.1472385326455941,7.4046525723028935,6.319538077858096,-0.1506806181186725,-0.13402873670073745,0.015878042938370685
48450352,1789113568509000000,3474,HEAD_POSE_ESTIMATE,estimated,0.20881301743639222,7.411508102328739,6.321397051720255,-0.17721104912099647,-0.1313440961799445,0.022283688059705882
48463352,1789113568522000000,3475,HEAD_POSE_ESTIMATE,estimated,0.25275621242158625,7.4126042050671295,6.320385095901383,-0.19604788107840534,-0.1271186767014924,0.024239571588688762
48477352,1789113568536000000,3476,HEAD_POSE_ESTIMATE,estimated,0.2837468743094927,7.4113663990835885,6.3242693701925345,-0.20250256627564853,-0.12492938620567254,0.019667551762572164
48491352,1789113568550000000,3477,HEAD_POSE_ESTIMATE,estimated,0.30049977170859105,7.379811786305026,6.344523946958864,-0.1989132464866749,-0.12184762411964575,0.010589839119804908
48505352,1789113568564000000,3478,HEAD_POSE_ESTIMATE,estimated,0.3163541010366596,7.330758194060844,6.359390117971952,-0.19471693038822266,-0.11638259533556604,0.0015811776820307132
48519352,1789113568578000000,3479,HEAD_POSE_ESTIMATE,estimated,0.32773461517876434,7.290621591941503,6.391882207006703,-0.19096269716639117,-0.11377698102636548,-0.006845040294730547
48533352,1789113568592000000,3480,HEAD_POSE_ESTIMATE,estimated,0.3265151020181305,7.277498073554658,6.413865818071924,-0.194465516228787,-0.11197284994400644,-0.011664010590248177
48546352,1789113568605000000,3481,HEAD_POSE_ESTIMATE,estimated,0.31620127076627,7.289368969648584,6.411830066312174,-0.19977702392383048,-0.11115150411848862,-0.014019642290408925
48560352,1789113568619000000,3482,HEAD_POSE_ESTIMATE,estimated,0.29851801327510663,7.284808328292771,6.412724129182512,-0.20895394790108934,-0.11212242343362576,-0.017088611345503307
48574352,1789113568633000000,3483,HEAD_POSE_ESTIMATE,estimated,0.28494327991902935,7.257691111550913,6.4137135912394205,-0.21819182189750627,-0.11177460438047239,-0.019579325761156476
48588352,1789113568647000000,3484,HEAD_POSE_ESTIMATE,estimated,0.2866001271597898,7.217722615795569,6.427121282352806,-0.2280662803052787,-0.11021972416017022,-0.02017653171397118
48604352,1789113568663000000,3485,HEAD_POSE_ESTIMATE,estimated,0.29891978113391676,7.16790004759724,6.445012978308204,-0.2478614230127892,-0.10725821751061837,-0.015242530516596218
48616352,1789113568675000000,3486,HEAD_POSE_ESTIMATE,estimated,0.3044958250413402,7.1547046073507845,6.463475057492276,-0.26940216727063104,-0.1057583456710755,-0.004834825383262269
48629352,1789113568688000000,3487,HEAD_POSE_ESTIMATE,estimated,0.3140346096471832,7.143595131687788,6.487308153090301,-0.2907774259681996,-0.10330377684674952,0.007887564518009968
48643352,1789113568702000000,3488,HEAD_POSE_ESTIMATE,estimated,0.3250352010511001,7.158696040719786,6.493669837033598,-0.29788639915473136,-0.09809536101661316,0.018513154581780274
48657352,1789113568716000000,3489,HEAD_POSE_ESTIMATE,estimated,0.33273662225021755,7.1761661622646615,6.509594793633636,-0.28791041965458847,-0.09287993448521059,0.02556364356648913
48671352,1789113568730000000,3490,HEAD_POSE_ESTIMATE,estimated,0.35078910667798374,7.170432619443746,6.534772997686916,-0.272140120021533,-0.08651276807226181,0.03018639671312935
48685352,1789113568744000000,3491,HEAD_POSE_ESTIMATE,estimated,0.3716436216006495,7.162802629408472,6.58414555654087,-0.25601354566251056,-0.07895332210121088,0.030748833523374944
48699352,1789113568758000000,3492,HEAD_POSE_ESTIMATE,estimated,0.3902618120914899,7.167589018553819,6.665365412359433,-0.25131642932455184,-0.0708840836752862,0.027609534446180625
48713352,1789113568772000000,3493,HEAD_POSE_ESTIMATE,estimated,0.40200064230929394,7.185791654336655,6.740492164780505,-0.24736655461247967,-0.06346391919161659,0.02109246411732949
48727352,1789113568786000000,3494,HEAD_POSE_ESTIMATE,estimated,0.3966959641394479,7.214741174957974,6.80869332514175,-0.24009683049749103,-0.05749857437292302,0.012018446187108829
48741352,1789113568800000000,3495,HEAD_POSE_ESTIMATE,estimated,0.3868176802057107,7.240689615340242,6.902874821641539,-0.23073517646391412,-0.05309233331740589,0.0008417953211894215
48755352,1789113568814000000,3496,HEAD_POSE_ESTIMATE,estimated,0.37108843228564387,7.244839880310796,6.987006508239543,-0.20870993479617606,-0.049507655644196874,-0.010388276802872784
48769352,1789113568828000000,3497,HEAD_POSE_ESTIMATE,estimated,0.34504147563377063,7.233411950269279,7.065894866221802,-0.18365681057753855,-0.04614358925251535,-0.017192089321615152
48782352,1789113568841000000,3498,HEAD_POSE_ESTIMATE,estimated,0.3245818886913087,7.20349090524757,7.131651650799847,-0.1551749965621945,-0.04268937743671522,-0.017130522971391796
48796352,1789113568855000000,3499,HEAD_POSE_ESTIMATE,estimated,0.29798064141958924,7.1791492332145825,7.189108881831051,-0.1296123626443085,-0.039671110709869915,-0.012403638255466774
48810352,1789113568869000000,3500,HEAD_POSE_ESTIMATE,estimated,0.2682486645310096,7.18858243056332,7.214973448938041,-0.10468756786314391,-0.03755801530351816,-0.006174803456310827
48824352,1789113568883000000,3501,HEAD_POSE_ESTIMATE,estimated,0.23014323062389644,7.200026131064429,7.235077412490445,-0.07347221836398503,-0.03660853295642247,-0.0026634606076611617
48838352,1789113568897000000,3502,HEAD_POSE_ESTIMATE,estimated,0.17410167093004425,7.217886251440875,7.257943386987653,-0.040713281041288026,-0.03678073124440852,-0.005356138073613605
48852352,1789113568911000000,3503,HEAD_POSE_ESTIMATE,estimated,0.11896777403070902,7.219085883446355,7.2532771487906285,-0.007592707497293931,-0.035976141926677536,-0.007606009902685405
48865352,1789113568924000000,3504,HEAD_POSE_ESTIMATE,estimated,0.07049565980248146,7.207634037871104,7.245617437426213,0.019871481836438245,-0.03502582821896078,-0.009765990570374262
48879352,1789113568938000000,3505,HEAD_POSE_ESTIMATE,estimated,0.0070808059106988175,7.191703643148739,7.222375025528812,0.04458460447187999,-0.03310475699917252,-0.0154835535942839
48893352,1789113568952000000,3506,HEAD_POSE_ESTIMATE,estimated,-0.049342318378088224,7.1807799559785,7.1949786251092425,0.06516065530548217,-0.030115128234568914,-0.014805513652928159
48907352,1789113568966000000,3507,HEAD_POSE_ESTIMATE,estimated,-0.10254352486664209,7.182743597427575,7.15297919467295,0.08370170845302868,-0.026519220583487695,-0.00857934427160167
48921352,1789113568980000000,3508,HEAD_POSE_ESTIMATE,estimated,-0.15384725954738548,7.185350547543482,7.109569785212452,0.10340396874269378,-0.019500616517333782,0.007373002372546423
48935352,1789113568994000000,3509,HEAD_POSE_ESTIMATE,estimated,-0.1787998359055739,7.163831477922414,7.053332606605389,0.11451886278577439,-0.010414291258033002,0.03250530810498974
48949352,1789113569008000000,3510,HEAD_POSE_ESTIMATE,estimated,-0.19624019835919837,7.142617195123785,6.992858617754296,0.12226863864242792,-0.00012222137010176,0.06155275615834414
48963352,1789113569022000000,3511,HEAD_POSE_ESTIMATE,estimated,-0.20999250777594558,7.095505093257008,6.940999611936262,0.12930593653667968,0.013265302312584716,0.0905431915493603
48977352,1789113569036000000,3512,HEAD_POSE_ESTIMATE,estimated,-0.12197638909532488,7.094734770860256,6.8534982337581685,0.1306940901376379,0.02848240407517916,0.12771944506896263
48991352,1789113569050000000,3513,HEAD_POSE_ESTIMATE,estimated,-0.3040253177487425,7.059537642518536,6.87076253814386,0.12883615530954493,0.03502464813545949,0.1451449085909566
49005352,1789113569064000000,3514,HEAD_POSE_ESTIMATE,estimated,-0.38045478086505946,7.039673197844316,6.846429413108702,0.12145330379904082,0.05200449074212671,0.1713746032211407
49019352,1789113569078000000,3515,HEAD_POSE_ESTIMATE,estimated,-0.4392494829961814,7.0268703728624375,6.839543339362585,0.1200372131849154,0.0649993321980741,0.18911150887339012
49033352,1789113569092000000,3516,HEAD_POSE_ESTIMATE,estimated,-0.5208813851981415,7.0363642569050215,6.847596605095314,0.11088583191091986,0.08406346240586561,0.2095516266760204
49050352,1789113569109000000,3517,HEAD_POSE_ESTIMATE,estimated,-0.45259427061389945,7.061055296369696,6.815056014985547,0.0873808665491795,0.13080366865562,0.25498763382454886
49065352,1789113569124000000,3518,HEAD_POSE_ESTIMATE,estimated,-0.4440860312517473,7.068203238732339,6.818146878791143,0.07036349571519968,0.17203149900438652,0.29058918578087267
49087352,1789113569146000000,3519,HEAD_POSE_ESTIMATE,estimated,-0.4026474945174946,7.065284357705849,6.818339651847729,0.040053342326835946,0.24015389052283975,0.3424965040906493
49098352,1789113569157000000,3520,HEAD_POSE_ESTIMATE,estimated,-0.34726251461245394,7.068624795007201,6.813014715080598,0.024169764368617317,0.2774139150817046,0.376998206740834
49114352,1789113569173000000,3521,HEAD_POSE_ESTIMATE,estimated,-0.2366568617600312,7.073506481250004,6.789637487184462,0.006370424811943519,0.32754997963191074,0.4094461244263095
49129352,1789113569188000000,3522,HEAD_POSE_ESTIMATE,estimated,-0.09562978761961383,7.0718066039872545,6.768293079878438,-0.005398035004143062,0.3709332352063124,0.42872232598820853
49140352,1789113569199000000,3523,HEAD_POSE_ESTIMATE,estimated,-0.025561012615528234,7.075666479929735,6.744910957300723,-0.01097358608158305,0.3956592229526255,0.42865183987909083
49155352,1789113569214000000,3524,HEAD_POSE_ESTIMATE,estimated,0.09172910268125134,7.073680835405449,6.7088613089275215,-0.0138213144508001,0.4205762307451901,0.41545858026486054
49170352,1789113569229000000,3525,HEAD_POSE_ESTIMATE,estimated,0.17330087548831397,7.067565604742412,6.680656531836145,-0.015462560929062345,0.44482354175415506,0.3958117667974875
49183352,1789113569242000000,3526,HEAD_POSE_ESTIMATE,estimated,0.1500710427312577,7.048386742835435,6.674103118614512,-0.020281607698338006,0.47221642139658204,0.3923256031031192
49197352,1789113569256000000,3527,HEAD_POSE_ESTIMATE,estimated,0.18839959200125328,7.0336518246998825,6.6677876462907,-0.017704018932528928,0.4887627496752143,0.37071043765473993
49212352,1789113569271000000,3528,HEAD_POSE_ESTIMATE,estimated,-0.0009011949704027522,7.001021131956113,6.714685807729184,-0.019892058552099467,0.5212569502442542,0.3805424847894466
49226352,1789113569285000000,3529,HEAD_POSE_ESTIMATE,estimated,0.032538020519660704,6.971254973545011,6.682518445218217,-0.027119835506434084,0.5455253063223722,0.3845485862172278
49242352,1789113569301000000,3530,HEAD_POSE_ESTIMATE,estimated,0.03694300949820484,6.920497383120417,6.672135415128249,-0.03933701880464409,0.5873839702896754,0.41476123718338126
49254352,1789113569313000000,3531,HEAD_POSE_ESTIMATE,estimated,0.019738626661443992,6.867781551320135,6.648260426731182,-0.048897783848876226,0.615809082282636,0.44145768901453464
49267352,1789113569326000000,3532,HEAD_POSE_ESTIMATE,estimated,0.050510495322626026,6.798915284009544,6.6173501509930075,-0.06321841620277924,0.6406075315927362,0.47111989635442364
49282352,1789113569341000000,3533,HEAD_POSE_ESTIMATE,estimated,0.044162309822711854,6.702200025271486,6.593211363593976,-0.09467912057103633,0.6833989982400837,0.5136691371177047
49296352,1789113569355000000,3534,HEAD_POSE_ESTIMATE,estimated,0.11723463900551584,6.672438502603676,6.56437569401019,-0.136754569911065,0.7206069451399298,0.5512662340297274
49310352,1789113569369000000,3535,HEAD_POSE_ESTIMATE,estimated,0.10938228458213844,6.611398950122926,6.548466681187164,-0.17794014593897206,0.7452331183066817,0.5727487215287947
49323352,1789113569382000000,3536,HEAD_POSE_ESTIMATE,estimated,0.10250963898617516,6.572068417081032,6.531314918774417,-0.2275059584974272,0.7765192845621236,0.5884653559431166
49337352,1789113569396000000,3537,HEAD_POSE_ESTIMATE,estimated,0.170711550877867,6.554156826318532,6.537049965374516,-0.2862538175570501,0.8129788728058792,0.600515673134088
49352352,1789113569411000000,3538,HEAD_POSE_ESTIMATE,estimated,0.19485456723926947,6.520426958835172,6.580921386361159,-0.34616802781948347,0.8460360445611317,0.6100655299325426
49365352,1789113569424000000,3539,HEAD_POSE_ESTIMATE,estimated,0.1551362691038174,6.509008517692931,6.635392311857787,-0.3897629147664437,0.8801698881613987,0.6251743329383819
49379352,1789113569438000000,3540,HEAD_POSE_ESTIMATE,estimated,0.17333181695221192,6.481045849846515,6.7095827001556625,-0.4355817967423174,0.9250154011978148,0.6526737818791665
49393352,1789113569452000000,3541,HEAD_POSE_ESTIMATE,estimated,0.23723718098533253,6.47740064925657,6.77752712915193,-0.4587337102494975,0.9622016673939037,0.6789588901808912
49410352,1789113569469000000,3542,HEAD_POSE_ESTIMATE,estimated,0.31874512061796356,6.490805555161067,6.891375586242713,-0.45807203054107876,0.9975761488915904,0.7123478995149702
49420352,1789113569479000000,3543,HEAD_POSE_ESTIMATE,estimated,0.39284245841376525,6.524232614702597,6.997466792469982,-0.44574317995031926,1.0230018589273284,0.7414078420371651
49434352,1789113569493000000,3544,HEAD_POSE_ESTIMATE,estimated,0.48616012978297485,6.579809729859984,7.105977333373136,-0.41385398083110325,1.0315977699490495,0.7604448119447613
49450352,1789113569509000000,3545,HEAD_POSE_ESTIMATE,estimated,0.6195100421058057,6.61240353442952,7.221227722656031,-0.3680661727223535,1.0242850729327138,0.7701041090058474
49462352,1789113569521000000,3546,HEAD_POSE_ESTIMATE,estimated,0.7010065623582727,6.616766973188636,7.298771821868037,-0.3245279757642617,1.0020287105685488,0.7620464354465428
49475352,1789113569534000000,3547,HEAD_POSE_ESTIMATE,estimated,0.72108594005324,6.598687067720125,7.348606431991292,-0.27684911319689887,0.9696404190949733,0.7466161549509424
49489352,1789113569548000000,3548,HEAD_POSE_ESTIMATE,estimated,0.7539391623415441,6.604456814597543,7.3571586957634265,-0.22168827738810343,0.9197491200881942,0.706712504542276
49503352,1789113569562000000,3549,HEAD_POSE_ESTIMATE,estimated,0.7805034527321822,6.576656225284135,7.361556871394008,-0.16182339194626583,0.8555212032290386,0.6507454230918659
49518352,1789113569577000000,3550,HEAD_POSE_ESTIMATE,estimated,0.8027391934759486,6.552437191475188,7.363955779484363,-0.10058445950596759,0.7950547089948754,0.5815780417750557
49533352,1789113569592000000,3551,HEAD_POSE_ESTIMATE,estimated,0.7158323112921308,6.4856565604288114,7.317222716634304,-0.06151883444391274,0.7432466584037883,0.5230970060636514
49547352,1789113569606000000,3552,HEAD_POSE_ESTIMATE,estimated,0.7312237440795344,6.424088199562498,7.298373752348028,-0.03388634471143442,0.68084987839104,0.4627071180048268
49561352,1789113569620000000,3553,HEAD_POSE_ESTIMATE,estimated,0.7279786955786793,6.393429820196538,7.277074764000203,-0.021774405184971347,0.6241096780233184,0.41551011653653896
49575352,1789113569634000000,3554,HEAD_POSE_ESTIMATE,estimated,0.637843833065642,6.352676815461273,7.238712529712927,-0.03025228906164084,0.5681253084066679,0.3882533233398672
49588352,1789113569647000000,3555,HEAD_POSE_ESTIMATE,estimated,0.5795648711172557,6.332817761123292,7.206852089129203,-0.05372779371665668,0.5083267496074333,0.3714178237700941
49601352,1789113569660000000,3556,HEAD_POSE_ESTIMATE,estimated,0.5494193472029536,6.295888805884372,7.195197899108031,-0.08183535647982272,0.43936179754605664,0.3610098786687487
49615352,1789113569674000000,3557,HEAD_POSE_ESTIMATE,estimated,0.5332175652869106,6.281802793699063,7.218015259972021,-0.1273460175532845,0.37103872884320543,0.36210399180060415
49629352,1789113569688000000,3558,HEAD_POSE_ESTIMATE,estimated,0.5322528141089914,6.268874292313244,7.269731180984169,-0.17224832216897154,0.3045452041639319,0.3622155645729317
49643352,1789113569702000000,3559,HEAD_POSE_ESTIMATE,estimated,0.5223642631368646,6.30100430136362,7.336300984947408,-0.21453624727602277,0.24458101008063293,0.3652111924767639
49658352,1789113569717000000,3560,HEAD_POSE_ESTIMATE,estimated,0.49067491842723804,6.335837609274986,7.407391855664316,-0.25517749960038155,0.19931418136349713,0.37235109246919346
49672352,1789113569731000000,3561,HEAD_POSE_ESTIMATE,estimated,0.42136347241124483,6.345475735108531,7.461426366770547,-0.2728617457335557,0.16470596645689514,0.3687750428816267
49686352,1789113569745000000,3562,HEAD_POSE_ESTIMATE,estimated,0.34235566759896086,6.370075076704778,7.510625755974536,-0.27759710235155005,0.15263494888986737,0.3631581635780132
49700352,1789113569759000000,3563,HEAD_POSE_ESTIMATE,estimated,0.25785914624318873,6.387277058426138,7.546350191236097,-0.26243865953800766,0.15201410480470953,0.3467471117328705
49714352,1789113569773000000,3564,HEAD_POSE_ESTIMATE,estimated,0.23530623796151606,6.391098987793029,7.602733741893147,-0.24098698747036656,0.16982827517215182,0.3365517250125995
49729352,1789113569788000000,3565,HEAD_POSE_ESTIMATE,estimated,0.2460626176153885,6.396865523999081,7.665112153399228,-0.21480419294863,0.19182327863406373,0.32773771047021993
49741352,1789113569800000000,3566,HEAD_POSE_ESTIMATE,estimated,0.24077048016477492,6.399979041567774,7.710247444075396,-0.19479715112086823,0.20266569885216393,0.3192900501099253
49755352,1789113569814000000,3567,HEAD_POSE_ESTIMATE,estimated,0.2777872090802724,6.403706483286415,7.747607964551041,-0.17431682800363454,0.2191417299500959,0.3191206764410208
49771352,1789113569830000000,3568,HEAD_POSE_ESTIMATE,estimated,0.35824944008446374,6.420477261677314,7.772906863849322,-0.15379829432235007,0.22211301406425304,0.31720709442979855
49782352,1789113569841000000,3569,HEAD_POSE_ESTIMATE,estimated,0.39350382920403015,6.430699808889837,7.78824626759841,-0.14131089791230061,0.2161063342848727,0.3146792805652805
49796352,1789113569855000000,3570,HEAD_POSE_ESTIMATE,estimated,0.2682525084175017,6.42889490333296,7.753746599180972,-0.1216389164030575,0.20048778215265603,0.29865533198328026
49810352,1789113569869000000,3571,HEAD_POSE_ESTIMATE,estimated,0.2134079387847964,6.406675426687932,7.741140600005042,-0.1055509884153661,0.18125277633914957,0.2890366040816397
49825352,1789113569884000000,3572,HEAD_POSE_ESTIMATE,estimated,0.20283042167529847,6.372660598704656,7.731035714703468,-0.09166218587894943,0.1568467360364492,0.2869911434322402
49840352,1789113569899000000,3573,HEAD_POSE_ESTIMATE,estimated,0.2482486804052296,6.3512125015343335,7.735967029400584,-0.08274007006820443,0.12984200798701173,0.2850154166920982
49852352,1789113569911000000,3574,HEAD_POSE_ESTIMATE,estimated,0.21463743624165318,6.336132026381213,7.715416765348695,-0.07899837219613659,0.11109213344272535,0.2889131957043597
49870352,1789113569929000000,3575,HEAD_POSE_ESTIMATE,estimated,0.32642547688881884,6.329867021884916,7.726844399397388,-0.0769494156730847,0.08485901312905575,0.3080765553865298
49890352,1789113569949000000,3576,HEAD_POSE_ESTIMATE,estimated,0.41241756184087364,6.305468448702925,7.744555494873809,-0.06771829268025022,0.0598593361106763,0.32737634962727186
49904352,1789113569963000000,3577,HEAD_POSE_ESTIMATE,estimated,0.45677482152001514,6.268096991272295,7.754451074281937,-0.06716082924467835,0.050015119894887744,0.3572037767033878
49918352,1789113569977000000,3578,HEAD_POSE_ESTIMATE,estimated,0.5627055301482358,6.234139145831326,7.771447763838861,-0.06547130235936642,0.03742691011387049,0.3843972096922225
49932352,1789113569991000000,3579,HEAD_POSE_ESTIMATE,estimated,0.6747282455465814,6.194200575870457,7.7916520629482875,-0.06004324673845286,0.025243770971006028,0.40199298218930285
49946352,1789113570005000000,3580,HEAD_POSE_ESTIMATE,estimated,0.7840349460344602,6.161213068323771,7.801247080202667,-0.049519384057120794,0.014525739588934923,0.40729725065504907
49960352,1789113570019000000,3581,HEAD_POSE_ESTIMATE,estimated,0.8357150597794258,6.1309400525209,7.782744836708426,-0.037817235219409905,0.008546662521593563,0.398184110149818
49975352,1789113570034000000,3582,HEAD_POSE_ESTIMATE,estimated,0.9740780261512876,6.107532862909957,7.792656290274108,-0.017969220232925753,0.0006212317155908169,0.3786128333019213
49989352,1789113570048000000,3583,HEAD_POSE_ESTIMATE,estimated,0.9539169317825269,6.100072006936772,7.747768646016115,-0.009814334644538607,5.21515110835712e-06,0.3589148798403709
50003352,1789113570062000000,3584,HEAD_POSE_ESTIMATE,estimated,0.9630143772088491,6.0853433080185395,7.7241904440959726,0.001839174609177692,0.0015150838358278817,0.3272774657666491
50017352,1789113570076000000,3585,HEAD_POSE_ESTIMATE,estimated,0.8320581050331426,6.071371395291198,7.681732590207663,0.00469112387135025,0.010738023433094698,0.3105916849810168
50032352,1789113570091000000,3586,HEAD_POSE_ESTIMATE,estimated,0.8354619460525315,6.038398306682874,7.679425150579565,0.003688147061269228,0.015446340439646796,0.27991844027564217
50046352,1789113570105000000,3587,HEAD_POSE_ESTIMATE,estimated,0.8522959667489995,6.005757160156693,7.678048443205902,-0.003948789330419313,0.017701969994471545,0.24945584787791797
50060352,1789113570119000000,3588,HEAD_POSE_ESTIMATE,estimated,0.8316202783334639,5.996222516676703,7.672256469971938,-0.01587490436203082,0.015851391454660673,0.2264611322449553
50074352,1789113570133000000,3589,HEAD_POSE_ESTIMATE,estimated,0.8377365569084733,5.98321940679143,7.672262551169128,-0.027181478835388538,0.009851175212022773,0.20268289245357987
50089352,1789113570148000000,3590,HEAD_POSE_ESTIMATE,estimated,0.8315574870329483,5.960007787953842,7.68211554631601,-0.03928068300207115,0.0005811959285791551,0.17778225110632045
50102352,1789113570161000000,3591,HEAD_POSE_ESTIMATE,estimated,0.8207491614234412,5.92928857235517,7.695301876575536,-0.04682458892613209,-0.012832659867205309,0.1612536460914999
50115352,1789113570174000000,3592,HEAD_POSE_ESTIMATE,estimated,0.8259530406175067,5.914579246251313,7.700738807955895,-0.05392020909031589,-0.023226198172853964,0.1480224708635594
50129352,1789113570188000000,3593,HEAD_POSE_ESTIMATE,estimated,0.8309605276717128,5.903158179866034,7.705303112916988,-0.05802065651060555,-0.029983936377511435,0.13933292607317355
50143352,1789113570202000000,3594,HEAD_POSE_ESTIMATE,estimated,0.8463802695678648,5.899690761968394,7.707375998189671,-0.05854394440493618,-0.029543574776282455,0.13536405854809352
50157352,1789113570216000000,3595,HEAD_POSE_ESTIMATE,estimated,0.8584699956353798,5.8882403362877485,7.71525832157413,-0.05753977001529257,-0.026905207044658486,0.14064284720897965
50170352,1789113570229000000,3596,HEAD_POSE_ESTIMATE,estimated,0.8716189162542491,5.8804955478551095,7.719766665539606,-0.056703524571154,-0.018255818997444034,0.1500230372872058
50185352,1789113570244000000,3597,HEAD_POSE_ESTIMATE,estimated,0.895373400271186,5.8904117554069275,7.721602363345586,-0.05507252747656935,-0.005757933177830935,0.16256161267053681
50199352,1789113570258000000,3598,HEAD_POSE_ESTIMATE,estimated,0.9155137459422187,5.9091182972851035,7.729050498030293,-0.05299597189952547,0.008284262425231548,0.17225533904159646
50214352,1789113570273000000,3599,HEAD_POSE_ESTIMATE,estimated,0.9334426223315211,5.92032722488072,7.742592522154962,-0.05177680795663838,0.027077602820105035,0.18068651024538493
50228352,1789113570287000000,3600,HEAD_POSE_ESTIMATE,estimated,0.9538936297448674,5.927796000168621,7.757593383613189,-0.05192852558027423,0.04368160525083262,0.1817284180314765
50241352,1789113570300000000,3601,HEAD_POSE_ESTIMATE,estimated,0.9744804030501779,5.924726131862972,7.7761230531682815,-0.056445331531574404,0.058354704856568324,0.17426484045161394
50256352,1789113570315000000,3602,HEAD_POSE_ESTIMATE,estimated,1.0079298789059603,5.936940480204707,7.781799128607586,-0.06583003982501218,0.07589967577463246,0.1633653115972204
50270352,1789113570329000000,3603,HEAD_POSE_ESTIMATE,estimated,1.0216190548672837,5.945343554065835,7.780259791200044,-0.07225555914976506,0.08700164067374963,0.14748744042856585
50284352,1789113570343000000,3604,HEAD_POSE_ESTIMATE,estimated,1.0329014882122571,5.954247497306235,7.781348998221335,-0.07743439627557402,0.09365611804070582,0.12723181826861601
50298352,1789113570357000000,3605,HEAD_POSE_ESTIMATE,estimated,1.0517482961064892,5.9487415714992276,7.792848780049032,-0.08225384697012388,0.09897784747658386,0.1103373645144442
50311352,1789113570370000000,3606,HEAD_POSE_ESTIMATE,estimated,1.064322321178444,5.936840368585437,7.803775915888639,-0.08249167392456871,0.09950675354790074,0.09682168994931452
50326352,1789113570385000000,3607,HEAD_POSE_ESTIMATE,estimated,1.0947679246713227,5.922515871451084,7.815158188376596,-0.0771929660020732,0.09717098718672558,0.08475960948304877
50339352,1789113570398000000,3608,HEAD_POSE_ESTIMATE,estimated,1.1059900291911275,5.910071713266233,7.821651710066732,-0.06832044739839867,0.09100072148902823,0.07499390838483733
50353352,1789113570412000000,3609,HEAD_POSE_ESTIMATE,estimated,1.1161755945328067,5.897192657025264,7.826809293004589,-0.055501264143595144,0.08043912819865089,0.0632983131939971
50369352,1789113570428000000,3610,HEAD_POSE_ESTIMATE,estimated,1.1273036004825514,5.888170163623312,7.833496859352001,-0.0394899592904813,0.06452137259567836,0.047957357447935535
50380352,1789113570439000000,3611,HEAD_POSE_ESTIMATE,estimated,1.1255865064093642,5.882441934067666,7.846814128818232,-0.02620328453588218,0.05399328255847463,0.040731435815580974
50395352,1789113570454000000,3612,HEAD_POSE_ESTIMATE,estimated,1.13180505217356,5.88524748576366,7.858222436946941,-0.013897037313011198,0.04091404736491,0.028057553845593754
50410352,1789113570469000000,3613,HEAD_POSE_ESTIMATE,estimated,1.1385953251015217,5.901347486856978,7.868823205291287,-0.007613539738845958,0.03225823317200345,0.013591548297088658
50422352,1789113570481000000,3614,HEAD_POSE_ESTIMATE,estimated,1.1368313052796701,5.905491121942572,7.883193395110424,-0.00972068221219147,0.028940774454269923,-0.0015441604450932725
50436352,1789113570495000000,3615,HEAD_POSE_ESTIMATE,estimated,1.1228565520427103,5.915461571906087,7.900142421938796,-0.019143781238206762,0.026438870959817055,-0.019460513322195287
50450352,1789113570509000000,3616,HEAD_POSE_ESTIMATE,estimated,1.1036777247064358,5.92912777558068,7.911738093630343,-0.029572642169313896,0.026358809927177866,-0.03577872073174398
50463352,1789113570522000000,3617,HEAD_POSE_ESTIMATE,estimated,1.0862198611522482,5.935490390027322,7.921682484082511,-0.03860478579927985,0.02568834467765897,-0.05082038483060317
50478352,1789113570537000000,3618,HEAD_POSE_ESTIMATE,estimated,1.0780617665949008,5.944285990691058,7.928549362029934,-0.04512806160521739,0.023663552953100735,-0.06932834765205412
50492352,1789113570551000000,3619,HEAD_POSE_ESTIMATE,estimated,1.0547392075400366,5.94340766549819,7.929736269529345,-0.049432831984920135,0.023009801766399593,-0.08621754530822331
50505352,1789113570564000000,3620,HEAD_POSE_ESTIMATE,estimated,1.031780518566416,5.939435196165944,7.932388422487424,-0.05051199391648012,0.021359388916359082,-0.10424923733272641
50519352,1789113570578000000,3621,HEAD_POSE_ESTIMATE,estimated,1.0051955836414166,5.926186447721577,7.932777448854219,-0.04501600416639516,0.01718073647748925,-0.12435830221546369
50533352,1789113570592000000,3622,HEAD_POSE_ESTIMATE,estimated,0.988627999358991,5.905738392404093,7.91916042457761,-0.03814860191267119,0.013468983383450126,-0.139785128419427
50551352,1789113570610000000,3623,HEAD_POSE_ESTIMATE,estimated,0.9553303151019304,5.880855370867594,7.89353276199326,-0.02833622914572121,0.006690427127127115,-0.15550776983980366
50565352,1789113570624000000,3624,HEAD_POSE_ESTIMATE,estimated,0.9142784472956236,5.876458623623294,7.875137805549509,-0.019487799082105652,-0.0004154436443790657,-0.16407776300281163
50578352,1789113570637000000,3625,HEAD_POSE_ESTIMATE,estimated,0.8748221831438968,5.867659360984291,7.861191585941396,-0.014170647157082699,-0.005486140526888043,-0.16820915187245988
50587352,1789113570646000000,3626,HEAD_POSE_ESTIMATE,estimated,0.8447965621953875,5.8527018081998925,7.860535229225026,-0.009438008190333629,-0.00856819477221412,-0.1684197401547544
50602352,1789113570661000000,3627,HEAD_POSE_ESTIMATE,estimated,0.802552665705361,5.831952295689143,7.859239379846645,-0.013212918920333123,-0.012279275058271366,-0.1757459785652639
50617352,1789113570676000000,3628,HEAD_POSE_ESTIMATE,estimated,0.7470140311498572,5.817335768566897,7.877558809224419,-0.0209409634849599,-0.01418758351724156,-0.17904486303567893
50631352,1789113570690000000,3629,HEAD_POSE_ESTIMATE,estimated,0.7064845567529598,5.800109975790702,7.908804754609391,-0.03522164875189371,-0.016068546675079894,-0.18234840153741616
50644352,1789113570703000000,3630,HEAD_POSE_ESTIMATE,estimated,0.6791991815989304,5.780819440003857,7.939203731090517,-0.05211080289505723,-0.01719503140955146,-0.18470717154874663
50658352,1789113570717000000,3631,HEAD_POSE_ESTIMATE,estimated,0.6407016590056536,5.777656927589763,7.971955508362051,-0.0822018194088464,-0.019078598638696466,-0.1906473113961361
50672352,1789113570731000000,3632,HEAD_POSE_ESTIMATE,estimated,0.6257313016742072,5.785559639270728,7.993237228149947,-0.10806771074221136,-0.02062774061160062,-0.20361941946969656
50686352,1789113570745000000,3633,HEAD_POSE_ESTIMATE,estimated,0.6230072270901027,5.815913632857907,7.991071681402815,-0.12416593128859431,-0.0214173041577288,-0.22066522219269555
50700352,1789113570759000000,3634,HEAD_POSE_ESTIMATE,estimated,0.6225686766647508,5.86117096424771,7.956254098346653,-0.1336933305935876,-0.02434475812645896,-0.2402887061836031
50714352,1789113570773000000,3635,HEAD_POSE_ESTIMATE,estimated,0.624810030489674,5.899120062956064,7.910813103333677,-0.1329338980568097,-0.024825871859443155,-0.25303352074434127
50730352,1789113570789000000,3636,HEAD_POSE_ESTIMATE,estimated,0.6330110315113936,5.906918553006062,7.849186432773245,-0.11167234603502382,-0.021695768718579027,-0.2593587099610505
50742352,1789113570801000000,3637,HEAD_POSE_ESTIMATE,estimated,0.6289152669205007,5.850660092870182,7.805117440203121,-0.07874483243826629,-0.013933939656789704,-0.2497874512868508
50754352,1789113570813000000,3638,HEAD_POSE_ESTIMATE,estimated,0.625778605814237,5.792802922049803,7.759342959006615,-0.03523063562585299,-0.004671105872927054,-0.23727878338227068
50768352,1789113570827000000,3639,HEAD_POSE_ESTIMATE,estimated,0.5921527636881705,5.775798834473284,7.691715793775278,0.0227823437541724,0.005182518278441732,-0.22532930417263403
50782352,1789113570841000000,3640,HEAD_POSE_ESTIMATE,estimated,0.5472094855683717,5.739337839712931,7.644587744088004,0.0701137173587175,0.012729919518173562,-0.22198031317019776
50797352,1789113570856000000,3641,HEAD_POSE_ESTIMATE,estimated,0.4947423938546936,5.716969642192997,7.614118906243829,0.10500669644819657,0.01567423002141629,-0.23141139194057037
50812352,1789113570871000000,3642,HEAD_POSE_ESTIMATE,estimated,0.43937251229257485,5.720564061668381,7.5941982637283125,0.10853480661495374,0.013091290117192086,-0.25342799713372344
50824352,1789113570883000000,3643,HEAD_POSE_ESTIMATE,estimated,0.4073569853218505,5.7232233313990335,7.584748601582343,0.09403335713846073,0.006905991914419146,-0.2708176189788951
50838352,1789113570897000000,3644,HEAD_POSE_ESTIMATE,estimated,0.3442843681683947,5.728550234378763,7.616950465360068,0.04829367543666536,-0.006635087164478888,-0.3026796720711374
50852352,1789113570911000000,3645,HEAD_POSE_ESTIMATE,estimated,0.3188151663031314,5.74308703040042,7.660354625093831,0.010773830034479088,-0.018044062646590597,-0.3142719748801132
50865352,1789113570924000000,3646,HEAD_POSE_ESTIMATE,estimated,0.3142286625266284,5.766283461178798,7.701531307202111,-0.02241906605201027,-0.028628155476877633,-0.3124654738860784
50879352,1789113570938000000,3647,HEAD_POSE_ESTIMATE,estimated,0.29592513050573543,5.796026984480738,7.772034862989735,-0.04506634669788979,-0.03800374313420656,-0.2927606603966334
50893352,1789113570952000000,3648,HEAD_POSE_ESTIMATE,estimated,0.282099849219752,5.862964593600625,7.825006011333123,-0.06071709332803535,-0.042962530009488346,-0.2524445205979525
50907352,1789113570966000000,3649,HEAD_POSE_ESTIMATE,estimated,0.2725324044778943,5.939276736679496,7.875035146284728,-0.06132618939514718,-0.03932734689562224,-0.19635695492547522
50922352,1789113570981000000,3650,HEAD_POSE_ESTIMATE,estimated,0.2919758362989009,6.004834139227237,7.91101059301664,-0.0432236896570403,-0.02748111518988524,-0.1278024078625953
50935352,1789113570994000000,3651,HEAD_POSE_ESTIMATE,estimated,0.29052411418870583,6.013397373675561,7.9555685841162616,-0.01622568949300032,-0.013834203064019314,-0.07655258058510547
50953352,1789113571012000000,3652,HEAD_POSE_ESTIMATE,estimated,0.27555125245391415,6.010266156898656,7.98781056120876,0.02636147336639539,0.006738480171717772,-0.03239543618751191
50964352,1789113571023000000,3653,HEAD_POSE_ESTIMATE,estimated,0.2567262833291197,5.9849078183651505,8.020415143113263,0.050963283146007905,0.013948315324323626,-0.020369627448887127
50975352,1789113571034000000,3654,HEAD_POSE_ESTIMATE,estimated,0.21907332132425483,5.991764466090431,8.033766891535477,0.07047186143437782,0.020795791277294626,-0.031641323041848246
50989352,1789113571048000000,3655,HEAD_POSE_ESTIMATE,estimated,0.1477229878550893,6.018541426377946,8.056515296570087,0.08114516823899397,0.02225863854271678,-0.06849795645424583
51003352,1789113571062000000,3656,HEAD_POSE_ESTIMATE,estimated,0.07948995929751565,6.036877546681185,8.070626713973514,0.08493986419719486,0.01895971468869469,-0.12023665853711489
51017352,1789113571076000000,3657,HEAD_POSE_ESTIMATE,estimated,0.010453973655183316,6.081604140062682,8.092537532545139,0.07969388390956832,0.009974109474002218,-0.17444353132141707
51030352,1789113571089000000,3658,HEAD_POSE_ESTIMATE,estimated,-0.059968342910498865,6.110586331149764,8.105644743476056,0.07294698770685659,-0.001090528257091598,-0.22239465953870874
51045352,1789113571104000000,3659,HEAD_POSE_ESTIMATE,estimated,-0.1305124046545005,6.133058735046477,8.117866203577432,0.05942107944868173,-0.01066403064989711,-0.2693310745998836
51059352,1789113571118000000,3660,HEAD_POSE_ESTIMATE,estimated,-0.21961539496532767,6.122967938188669,8.130549852505824,0.04178390377119617,-0.0207965699592253,-0.3022497664116249
51073352,1789113571132000000,3661,HEAD_POSE_ESTIMATE,estimated,-0.276813161601902,6.120030298877054,8.140310490164046,0.030422230034194253,-0.019192924922169077,-0.31371031543895417
51087352,1789113571146000000,3662,HEAD_POSE_ESTIMATE,estimated,-0.3082223634306898,6.115843635152284,8.125882777122142,0.011045001558676736,-0.019152401866993584,-0.3218272231810296
51101352,1789113571160000000,3663,HEAD_POSE_ESTIMATE,estimated,-0.3638769493126791,6.1224280209448665,8.110747623287928,0.0028791994454075687,-0.0073858509965487595,-0.30797343868134724
51115352,1789113571174000000,3664,HEAD_POSE_ESTIMATE,estimated,-0.41620685778706346,6.123827542056384,8.06912772890606,0.003235876754513633,0.010008773217613946,-0.2846100389193467
51129352,1789113571188000000,3665,HEAD_POSE_ESTIMATE,estimated,-0.475417245057196,6.088838814425733,8.019800273809471,0.019192558930507645,0.030364445109471998,-0.2526011812232782
51142352,1789113571201000000,3666,HEAD_POSE_ESTIMATE,estimated,-0.5246369325054737,6.034283753850658,7.966496528297094,0.04682430162023737,0.0499296934762288,-0.22038425327003683
51156352,1789113571215000000,3667,HEAD_POSE_ESTIMATE,estimated,-0.5873871913595774,5.985153699999663,7.891619582219793,0.08339139085609104,0.06580471582665387,-0.18632781759488815
51171352,1789113571230000000,3668,HEAD_POSE_ESTIMATE,estimated,-0.6358260492730475,5.953882526891275,7.7886052962656445,0.12100325458096067,0.07665732806125301,-0.16312969207730454
51184352,1789113571243000000,3669,HEAD_POSE_ESTIMATE,estimated,-0.6887714005385648,5.928590227695043,7.70518997736617,0.1484620983764507,0.08089511777037893,-0.15358588447635507
51198352,1789113571257000000,3670,HEAD_POSE_ESTIMATE,estimated,-0.7203664540681809,5.899364291099785,7.6262935575245425,0.17268960803990516,0.08336388575020916,-0.147178698405936
51212352,1789113571271000000,3671,HEAD_POSE_ESTIMATE,estimated,-0.7415243084654083,5.8651147158806705,7.575689641779835,0.18237933611723772,0.08414034942847119,-0.1392020035534545
51226352,1789113571285000000,3672,HEAD_POSE_ESTIMATE,estimated,-0.7455156249515122,5.847209877952111,7.534349400434289,0.17587963747151208,0.08428825334251148,-0.12835246989707622
51240352,1789113571299000000,3673,HEAD_POSE_ESTIMATE,estimated,-0.7418286995606033,5.850991657567481,7.531831292802778,0.1539075561584911,0.08679325521933641,-0.11347195603116397
51254352,1789113571313000000,3674,HEAD_POSE_ESTIMATE,estimated,-0.73248893227925,5.8656834312255155,7.532918271654542,0.12243890455206607,0.09108279343301992,-0.09211963756580971
51268352,1789113571327000000,3675,HEAD_POSE_ESTIMATE,estimated,-0.7253736309752321,5.87145133110439,7.541143604899951,0.08100518638027714,0.0991313796490914,-0.06413230626966793
51281352,1789113571340000000,3676,HEAD_POSE_ESTIMATE,estimated,-0.7045540906443272,5.874069806746137,7.560712205115766,0.039954698926048395,0.112484759348474,-0.02874831971974386
51296352,1789113571355000000,3677,HEAD_POSE_ESTIMATE,estimated,-0.6695442981659164,5.909332341374751,7.581358079688169,-0.0012016012493244724,0.1276807326502898,0.005247702667684185
51309352,1789113571368000000,3678,HEAD_POSE_ESTIMATE,estimated,-0.6326333923825191,5.926289093860241,7.605438749464768,-0.02928459771854669,0.14265505787646346,0.033927420980289114
51323352,1789113571382000000,3679,HEAD_POSE_ESTIMATE,estimated,-0.6138992498199993,5.9529730728871995,7.629188682967317,-0.05107898282841601,0.15491285947304703,0.05619184252734635
51337352,1789113571396000000,3680,HEAD_POSE_ESTIMATE,estimated,-0.6057594454626608,5.960031251270618,7.653130950059595,-0.05936936660022591,0.162481996771465,0.06964072314938989
51352352,1789113571411000000,3681,HEAD_POSE_ESTIMATE,estimated,-0.6039357566033595,5.954988684825609,7.687698073993846,-0.06116327817656536,0.16587145970998557,0.06907585725506593
51365352,1789113571424000000,3682,HEAD_POSE_ESTIMATE,estimated,-0.6130773272140576,5.957186706131159,7.711384577951418,-0.05371788347590489,0.1673334522446661,0.05714434566738998
51379352,1789113571438000000,3683,HEAD_POSE_ESTIMATE,estimated,-0.6242068325152452,5.966052382077977,7.72909210207106,-0.04411385717265797,0.16605390321214916,0.039320104332810135
51393352,1789113571452000000,3684,HEAD_POSE_ESTIMATE,estimated,-0.6381327693094312,5.972633421078181,7.740802779994618,-0.030775960952471676,0.16242783660552237,0.022511430554998834
51407352,1789113571466000000,3685,HEAD_POSE_ESTIMATE,estimated,-0.6543214893483175,5.962652798347235,7.7529075553340725,-0.015669133041082813,0.15630989405029047,0.004635674359704913
51421352,1789113571480000000,3686,HEAD_POSE_ESTIMATE,estimated,-0.6612565684938212,5.945398011739789,7.7677537297663255,-0.006467642053415797,0.15485513377884824,0.0017755438865609799
51435352,1789113571494000000,3687,HEAD_POSE_ESTIMATE,estimated,-0.674411029870684,5.9260400529679655,7.781658762627566,0.004738464727673766,0.15578429831413063,8.918410622225998e-05
51448352,1789113571507000000,3688,HEAD_POSE_ESTIMATE,estimated,-0.6835302646870561,5.913667013991766,7.795888043087513,0.013167594008385483,0.1582428592094488,0.006197062947851124
51462352,1789113571521000000,3689,HEAD_POSE_ESTIMATE,estimated,-0.6863378862899198,5.91932386716253,7.810122221243121,0.018160946045133932,0.16208365240865064,0.02272990472562326
51477352,1789113571536000000,3690,HEAD_POSE_ESTIMATE,estimated,-0.6869741484671034,5.933481953815294,7.808266831214638,0.01896631162143902,0.16484462622768722,0.04163948220885783
51491352,1789113571550000000,3691,HEAD_POSE_ESTIMATE,estimated,-0.684280732874577,5.949532256298891,7.79818687424222,0.019090858639737075,0.16333011359916924,0.06446411932940764
51503352,1789113571562000000,3692,HEAD_POSE_ESTIMATE,estimated,-0.6792058621735358,5.966999308602368,7.791754926472042,0.02120648801864813,0.158333818392916,0.08458960195677158
51517352,1789113571576000000,3693,HEAD_POSE_ESTIMATE,estimated,-0.6707307733692291,5.969898361545726,7.77695840564455,0.025764210852684852,0.1496692074365157,0.10588160458612701
51531352,1789113571590000000,3694,HEAD_POSE_ESTIMATE,estimated,-0.6599646167010307,5.969237239445933,7.766221716093263,0.036149157854100396,0.13759387548306629,0.1240634524173411
51545352,1789113571604000000,3695,HEAD_POSE_ESTIMATE,estimated,-0.6363863362813329,5.968315649398068,7.762244691402243,0.049889539067174485,0.12370194706613445,0.13646282252025813
51558352,1789113571617000000,3696,HEAD_POSE_ESTIMATE,estimated,-0.6172734727255178,5.978898084962889,7.761528828655502,0.06323871830533925,0.11257252087968836,0.14697156243289902
51573352,1789113571632000000,3697,HEAD_POSE_ESTIMATE,estimated,-0.5993027844036193,5.999062455390034,7.763077905229009,0.07661008089761874,0.09983559634927683,0.15180746047756685
51587352,1789113571646000000,3698,HEAD_POSE_ESTIMATE,estimated,-0.5770539440384297,6.039303633709284,7.747953312655465,0.08824176856090894,0.088631637248302,0.14992874406002762
51602352,1789113571661000000,3699,HEAD_POSE_ESTIMATE,estimated,-0.5589652123151938,6.080598307904665,7.746974164447145,0.09823661913790377,0.08194413514686409,0.1447533904108015
51615352,1789113571674000000,3700,HEAD_POSE_ESTIMATE,estimated,-0.5424513812531431,6.1131802270858895,7.749556454669989,0.10257254382303858,0.07751827562941992,0.1364995309553605
51629352,1789113571688000000,3701,HEAD_POSE_ESTIMATE,estimated,-0.5181736394568512,6.145106388741315,7.761832208377094,0.10424348993261767,0.07406398123998087,0.12649565137644347
51643352,1789113571702000000,3702,HEAD_POSE_ESTIMATE,estimated,-0.4931584209581092,6.172430608139113,7.7745641679184665,0.10181965932152721,0.07035974573325579,0.11534713042595462
51657352,1789113571716000000,3703,HEAD_POSE_ESTIMATE,estimated,-0.47745043793704156,6.20251911733727,7.792899219313925,0.09385375173401737,0.0665306435982928,0.10673457386632003
51671352,1789113571730000000,3704,HEAD_POSE_ESTIMATE,estimated,-0.46586637124506636,6.234874943558398,7.799646526971245,0.08938736274675269,0.06309154329366096,0.09773777292817998
51684352,1789113571743000000,3705,HEAD_POSE_ESTIMATE,estimated,-0.4560273985900306,6.266272415231172,7.798637092320758,0.08910604028293839,0.05984301867291776,0.08958654318902047
51698352,1789113571757000000,3706,HEAD_POSE_ESTIMATE,estimated,-0.4430104905322067,6.297192818833584,7.788670578334851,0.09827916153516143,0.05649932103481034,0.08664499275362626
51712352,1789113571771000000,3707,HEAD_POSE_ESTIMATE,estimated,-0.4270040531034215,6.31179849108396,7.772674606204491,0.11152013437852126,0.053856416963507216,0.08297623098885845
51727352,1789113571786000000,3708,HEAD_POSE_ESTIMATE,estimated,-0.41867485785654257,6.319652335445031,7.735403195228371,0.12508117910162295,0.05239701100518461,0.08076543116142251
51739352,1789113571798000000,3709,HEAD_POSE_ESTIMATE,estimated,-0.41090329883413435,6.32149272802937,7.704061126259508,0.1374672005465587,0.049707474064826625,0.07803332273107026
51754352,1789113571813000000,3710,HEAD_POSE_ESTIMATE,estimated,-0.41446305944330597,6.316363135858526,7.6608313735908675,0.15330473963573665,0.04429386186922008,0.07205846859350509
51767352,1789113571826000000,3711,HEAD_POSE_ESTIMATE,estimated,-0.4197460920879442,6.316414034808095,7.610431284380198,0.17384354200955215,0.037593537072372,0.06285852462287636
51782352,1789113571841000000,3712,HEAD_POSE_ESTIMATE,estimated,-0.4344641600760078,6.309413175734938,7.555725316029981,0.1971721293689161,0.0282004725227997,0.04768616713285634
51796352,1789113571855000000,3713,HEAD_POSE_ESTIMATE,estimated,-0.4437842002753709,6.293850628134456,7.5102799206065205,0.22128075190502833,0.019686101031677113,0.034443646855944504
51810352,1789113571869000000,3714,HEAD_POSE_ESTIMATE,estimated,-0.45473470213749045,6.278912871752193,7.470848845044863,0.23741977580249107,0.012752418730919545,0.02181219846197541
51824352,1789113571883000000,3715,HEAD_POSE_ESTIMATE,estimated,-0.46232289138550736,6.265458177050223,7.4428151548635855,0.24541811343698217,0.008735280974688132,0.01075343419508656
51840352,1789113571899000000,3716,HEAD_POSE_ESTIMATE,estimated,-0.45739444965742204,6.268001630409116,7.412543789688865,0.24535191960066713,0.008656487043532536,0.0016404329768971869
51852352,1789113571911000000,3717,HEAD_POSE_ESTIMATE,estimated,-0.44939743946417116,6.28192442021266,7.399453233487067,0.23904602402811312,0.011791547569319912,-0.0019423282361705418
51865352,1789113571924000000,3718,HEAD_POSE_ESTIMATE,estimated,-0.44654590865255517,6.3018165249851625,7.384531163831348,0.22708335070812166,0.01778414688126041,-0.004310041910181442
51879352,1789113571938000000,3719,HEAD_POSE_ESTIMATE,estimated,-0.45282818193217866,6.313723188478343,7.3921974430712565,0.217785970862662,0.025642600115368,-0.003420501416951195
51893352,1789113571952000000,3720,HEAD_POSE_ESTIMATE,estimated,-0.45904098188841325,6.333895404236951,7.396846694653562,0.2017546711452898,0.033884675346936316,-0.0010173370430614681
51907352,1789113571966000000,3721,HEAD_POSE_ESTIMATE,estimated,-0.4716736235030725,6.356342700451486,7.411312766580812,0.18432493474320202,0.04115860529094142,0.0013672284868873766
51921352,1789113571980000000,3722,HEAD_POSE_ESTIMATE,estimated,-0.47900968455466003,6.3959247235818975,7.412650384990388,0.16780753943701565,0.045005438366445084,0.001776194950884357
51935352,1789113571994000000,3723,HEAD_POSE_ESTIMATE,estimated,-0.488225743843762,6.441174944212876,7.3992682529107965,0.15080468218901297,0.04776044866534239,0.0018935609447792879
51949352,1789113572008000000,3724,HEAD_POSE_ESTIMATE,estimated,-0.49437191995040997,6.488217086383775,7.388890222083157,0.14180717092932008,0.046267608380766934,-0.00026296682243325984
51962352,1789113572021000000,3725,HEAD_POSE_ESTIMATE,estimated,-0.5002948250197603,6.527366840376987,7.380416267914023,0.14006978091441255,0.042513524108326026,-0.002475640750651537
51976352,1789113572035000000,3726,HEAD_POSE_ESTIMATE,estimated,-0.5096409957816448,6.542950347241051,7.363715256100556,0.1433352019121863,0.039944941124436785,-0.0055182951729284835
51990352,1789113572049000000,3727,HEAD_POSE_ESTIMATE,estimated,-0.5164100859986872,6.548749121005065,7.352255508612051,0.14656287266230325,0.03505776769256509,-0.0075865926526232485
52004352,1789113572063000000,3728,HEAD_POSE_ESTIMATE,estimated,-0.5259678376890752,6.561972942132902,7.323943879336155,0.15329887783168114,0.02569217536403713,-0.009006564066125591
52018352,1789113572077000000,3729,HEAD_POSE_ESTIMATE,estimated,-0.5383989452557086,6.575657705131894,7.294326230124114,0.1607129086746508,0.016219308832832343,-0.009086121153312077
52032352,1789113572091000000,3730,HEAD_POSE_ESTIMATE,estimated,-0.5492266943293052,6.587818086260188,7.262850983433044,0.17002161907022487,0.003074348318695026,-0.008023692206951838
52048352,1789113572107000000,3731,HEAD_POSE_ESTIMATE,estimated,-0.5520110904216242,6.617138377753536,7.211868991329567,0.17922138996368733,-0.014295398537606696,-0.00533337231191441
52059352,1789113572118000000,3732,HEAD_POSE_ESTIMATE,estimated,-0.5450868648698555,6.644804238918896,7.182573840989354,0.18578518677543895,-0.026296480891045904,-0.002799120064052453
52073352,1789113572132000000,3733,HEAD_POSE_ESTIMATE,estimated,-0.5404044289790518,6.672904355680535,7.150775322815777,0.18607013446970502,-0.042200873559813654,-0.00148629810832994
52088352,1789113572147000000,3734,HEAD_POSE_ESTIMATE,estimated,-0.5257845671558963,6.697756091137013,7.120312640108274,0.17909177218535044,-0.059073711091114096,-0.001373701543057979
52100352,1789113572159000000,3735,HEAD_POSE_ESTIMATE,estimated,-0.518384307533316,6.710941898563346,7.10028363838808,0.16533338386493376,-0.07282006928190027,-0.0016540447482198107
52115352,1789113572174000000,3736,HEAD_POSE_ESTIMATE,estimated,-0.5161981346909759,6.716816608480808,7.073634245682126,0.1527397352254928,-0.0856889215246228,-0.0007860148550751742
52129352,1789113572188000000,3737,HEAD_POSE_ESTIMATE,estimated,-0.505657079119428,6.715626048978375,7.059347329510395,0.1395205749120647,-0.09435774785970129,0.0010756709991088286
52142352,1789113572201000000,3738,HEAD_POSE_ESTIMATE,estimated,-0.4952477667447258,6.714271104222027,7.042017033341796,0.1284678907201059,-0.09918621511052877,0.004012559984584455
52157352,1789113572216000000,3739,HEAD_POSE_ESTIMATE,estimated,-0.4853333853263591,6.7184532096791845,7.024017420933744,0.12078290094706833,-0.10281420186103883,0.008990774897826874
52172352,1789113572231000000,3740,HEAD_POSE_ESTIMATE,estimated,-0.4699556136827853,6.719285917854003,7.015939942121791,0.11527827745526631,-0.10379553082887585,0.013028190760683091
52185352,1789113572244000000,3741,HEAD_POSE_ESTIMATE,estimated,-0.46584852901566615,6.727212767960771,6.9933541160846815,0.11158695152751917,-0.10323218327329994,0.016433861351158263
52199352,1789113572258000000,3742,HEAD_POSE_ESTIMATE,estimated,-0.4523413170527164,6.721020771887129,6.982251968700446,0.11147883793081731,-0.1040202479629994,0.01984675255419064
52213352,1789113572272000000,3743,HEAD_POSE_ESTIMATE,estimated,-0.4461508316069692,6.723791766077177,6.971440078610539,0.11318952993608636,-0.10437535749968237,0.02165749868671895
52229352,1789113572288000000,3744,HEAD_POSE_ESTIMATE,estimated,-0.44029857444989395,6.724181191611157,6.965827719060973,0.113334848866102,-0.10221519172389311,0.02187095781715503
52241352,1789113572300000000,3745,HEAD_POSE_ESTIMATE,estimated,-0.43868336997727614,6.731260952245651,6.960315147037046,0.11041082780342583,-0.10242465305557888,0.019362042853988883
52254352,1789113572313000000,3746,HEAD_POSE_ESTIMATE,estimated,-0.43799245177793256,6.756629342171987,6.950875457666568,0.10659019205473406,-0.10221004299699753,0.01576072099788337
52268352,1789113572327000000,3747,HEAD_POSE_ESTIMATE,estimated,-0.4352614538405136,6.792451041433307,6.9382105775725655,0.10118482903124493,-0.10094048739168576,0.011111668141619355
52282352,1789113572341000000,3748,HEAD_POSE_ESTIMATE,estimated,-0.423376064605841,6.828356100951695,6.929543495436937,0.0967236702724495,-0.10266667207165554,0.0056389826399274295
52296352,1789113572355000000,3749,HEAD_POSE_ESTIMATE,estimated,-0.41927415957908426,6.862178910082725,6.92558695645557,0.09488047362592261,-0.10434072838802928,0.0021195250390294075
52310352,1789113572369000000,3750,HEAD_POSE_ESTIMATE,estimated,-0.41676404817100765,6.886614805961691,6.935606632155886,0.09182072831536232,-0.10486307446686093,-0.002046111789483057
52325352,1789113572384000000,3751,HEAD_POSE_ESTIMATE,estimated,-0.42310014562244225,6.908596208695839,6.947283842574686,0.08734160162926496,-0.10299698900844412,-0.009111012384622138
52338352,1789113572397000000,3752,HEAD_POSE_ESTIMATE,estimated,-0.4246728177780084,6.911772652604543,6.960700471554168,0.0814123568440503,-0.10276653619989011,-0.01717397978256627
52352352,1789113572411000000,3753,HEAD_POSE_ESTIMATE,estimated,-0.4236467722114244,6.930078513468856,6.972297694945693,0.08000274112869009,-0.09957710162053919,-0.02623085170243867
52368352,1789113572427000000,3754,HEAD_POSE_ESTIMATE,estimated,-0.4273332639801613,6.953192163784733,6.970282209526602,0.08137450727953217,-0.0918701779547892,-0.03548301509319474
52379352,1789113572438000000,3755,HEAD_POSE_ESTIMATE,estimated,-0.4285593157572643,6.973908817096166,6.95606137094787,0.08603054318374123,-0.08419856589297994,-0.04241223641992223
52394352,1789113572453000000,3756,HEAD_POSE_ESTIMATE,estimated,-0.4319383337644107,6.976220669035791,6.944935314071312,0.09156211310241598,-0.07266231067392082,-0.049069203050307805
52410352,1789113572469000000,3757,HEAD_POSE_ESTIMATE,estimated,-0.4339514225460579,6.965731490519358,6.935906638268053,0.0951658723350917,-0.060083265375129286,-0.05309863553200368
52422352,1789113572481000000,3758,HEAD_POSE_ESTIMATE,estimated,-0.42936014084004176,6.951532508768169,6.9298780350821225,0.09431184819345821,-0.049771392924480025,-0.05302420871919779
52435352,1789113572494000000,3759,HEAD_POSE_ESTIMATE,estimated,-0.4291339174934594,6.937922971941568,6.928603167044768,0.09224255688222978,-0.03848132853890351,-0.04957874600484956
52450352,1789113572509000000,3760,HEAD_POSE_ESTIMATE,estimated,-0.4352374356561743,6.924770831655962,6.924246557173517,0.08830944253040587,-0.02937486795781606,-0.04223762762882639
52463352,1789113572522000000,3761,HEAD_POSE_ESTIMATE,estimated,-0.43663695647387174,6.918049074322364,6.917250574931461,0.08332967612946174,-0.021940491579531905,-0.03367884908653767
52477352,1789113572536000000,3762,HEAD_POSE_ESTIMATE,estimated,-0.43957626487879575,6.921752743489073,6.910977878392836,0.07799525200354501,-0.01715476077928049,-0.025799754460011877
52491352,1789113572550000000,3763,HEAD_POSE_ESTIMATE,estimated,-0.4376862932699239,6.926371600788125,6.906185391416212,0.07106943614368068,-0.016066090167043127,-0.0196242768926502
52505352,1789113572564000000,3764,HEAD_POSE_ESTIMATE,estimated,-0.43161438649422973,6.9332323953174235,6.899502808923149,0.061843390698503434,-0.01652707360901809,-0.013204453425817655
52519352,1789113572578000000,3765,HEAD_POSE_ESTIMATE,estimated,-0.4311604184870289,6.940749295666195,6.902241725799222,0.05232066559103619,-0.019237641622752783,-0.010352454536056908
52533352,1789113572592000000,3766,HEAD_POSE_ESTIMATE,estimated,-0.42092429771529455,6.946416691037702,6.905310246807318,0.04597972260350132,-0.022225666247302277,-0.006387587013629387
52547352,1789113572606000000,3767,HEAD_POSE_ESTIMATE,estimated,-0.40735414877603415,6.946638025030533,6.908370315194255,0.04049667668538265,-0.025336504431930803,-0.001973248354175102
52563352,1789113572622000000,3768,HEAD_POSE_ESTIMATE,estimated,-0.3943868434771034,6.960357985162421,6.920422220919699,0.033210259686591484,-0.025916367389466514,0.003738381701258191
52575352,1789113572634000000,3769,HEAD_POSE_ESTIMATE,estimated,-0.3821256565240046,6.982631824791836,6.922193480021908,0.029616175346547723,-0.02635930203691172,0.007739458033399772
52589352,1789113572648000000,3770,HEAD_POSE_ESTIMATE,estimated,-0.36759044928507234,7.000516468920635,6.920323090116333,0.029107926521791054,-0.026250029441999667,0.011598855460110274
52603352,1789113572662000000,3771,HEAD_POSE_ESTIMATE,estimated,-0.34961810422491935,7.011922157606015,6.908134931857638,0.03305250074924738,-0.027043524734664197,0.01363490855677836
52617352,1789113572676000000,3772,HEAD_POSE_ESTIMATE,estimated,-0.3417006955409419,7.020327862948338,6.8960931013186135,0.03980258842013837,-0.027337001421108023,0.01654253480804634
52630352,1789113572689000000,3773,HEAD_POSE_ESTIMATE,estimated,-0.3302054239795869,7.027648405006504,6.88246671109533,0.04677457893215956,-0.02793882720040494,0.01628698501100591
52645352,1789113572704000000,3774,HEAD_POSE_ESTIMATE,estimated,-0.3179890660796911,7.030912135015823,6.867136492106212,0.05462399981940851,-0.0303893346006846,0.01146036463834561
52659352,1789113572718000000,3775,HEAD_POSE_ESTIMATE,estimated,-0.31353082876954,7.029706153514365,6.859632167249788,0.05906774661854455,-0.03353116810278634,0.004751134244359146
52673352,1789113572732000000,3776,HEAD_POSE_ESTIMATE,estimated,-0.3102665983799227,7.036831845374668,6.8385910609253395,0.06524426613814914,-0.03761885256392332,-0.005878179978113266
52687352,1789113572746000000,3777,HEAD_POSE_ESTIMATE,estimated,-0.3073129339560887,7.038292135122235,6.820020776306335,0.07276441630243997,-0.04265004923647728,-0.017797985522888374
52700352,1789113572759000000,3778,HEAD_POSE_ESTIMATE,estimated,-0.31318277243036097,7.036740434468715,6.8081396770545615,0.08118857719110148,-0.04725464535903121,-0.029997869578375115
52715352,1789113572774000000,3779,HEAD_POSE_ESTIMATE,estimated,-0.3131050129818851,7.024499945378255,6.791525967074796,0.08794582778895378,-0.050948356221310456,-0.041673293666214056
52729352,1789113572788000000,3780,HEAD_POSE_ESTIMATE,estimated,-0.3122551521889444,7.011200224303928,6.7756657239892855,0.09154570462476248,-0.0522017965653425,-0.05107544347709452
52742352,1789113572801000000,3781,HEAD_POSE_ESTIMATE,estimated,-0.30841400375994704,7.001391743253497,6.7546217922120215,0.09185232001573448,-0.05274293663254849,-0.05659452588606854
52756352,1789113572815000000,3782,HEAD_POSE_ESTIMATE,estimated,-0.30779461185445334,6.997076055321107,6.731636954396568,0.09010366541870185,-0.052729076970217635,-0.060383144591502895
52770352,1789113572829000000,3783,HEAD_POSE_ESTIMATE,estimated,-0.3108431532064217,7.007005558080752,6.712239227052515,0.08839070828126709,-0.05378327999979096,-0.061000099255488605
52784352,1789113572843000000,3784,HEAD_POSE_ESTIMATE,estimated,-0.3117875798832634,7.02254821666064,6.70295357025671,0.08581468372491083,-0.0558155657628068,-0.060631262798073265
52798352,1789113572857000000,3785,HEAD_POSE_ESTIMATE,estimated,-0.31571580886917666,7.033563837018377,6.704227249370014,0.08071958331319753,-0.05953115186088252,-0.05918324215368795
52813352,1789113572872000000,3786,HEAD_POSE_ESTIMATE,estimated,-0.3177398094066545,7.041158474845995,6.715163380018078,0.07064567263970468,-0.06467795375186274,-0.05763987860701158
52825352,1789113572884000000,3787,HEAD_POSE_ESTIMATE,estimated,-0.3194185588499489,7.049613793989464,6.719281540684264,0.058265101436213294,-0.0683749889787848,-0.05539466017427122
52839352,1789113572898000000,3788,HEAD_POSE_ESTIMATE,estimated,-0.3251166992346803,7.069413790587588,6.736088000795675,0.04332517379069956,-0.07350234302525127,-0.05678433424069755
52853352,1789113572912000000,3789,HEAD_POSE_ESTIMATE,estimated,-0.32797280973442816,7.09486646001249,6.749120971097179,0.029942489183372396,-0.0766718968529883,-0.05615283554405769
52867352,1789113572926000000,3790,HEAD_POSE_ESTIMATE,estimated,-0.32622853719161177,7.116038059056766,6.76499236281379,0.017854674266871675,-0.07729245192430055,-0.053520201869822495
52882352,1789113572941000000,3791,HEAD_POSE_ESTIMATE,estimated,-0.3299110935162518,7.133498525259698,6.7834894038411555,0.012225204290517346,-0.07566118111716028,-0.048997105690275225
52895352,1789113572954000000,3792,HEAD_POSE_ESTIMATE,estimated,-0.3292900519626654,7.140695759527133,6.790221071883175,0.008257636907225292,-0.0714067685014358,-0.041994927227631894
52909352,1789113572968000000,3793,HEAD_POSE_ESTIMATE,estimated,-0.3294735285949174,7.144336888502612,6.807126283217222,0.008887209497295842,-0.06604048083608373,-0.03368124669950234
52923352,1789113572982000000,3794,HEAD_POSE_ESTIMATE,estimated,-0.3219627047204119,7.151158222509843,6.811865269925141,0.014710187069436702,-0.061197999140780925,-0.023973491079864333
52937352,1789113572996000000,3795,HEAD_POSE_ESTIMATE,estimated,-0.3069349033635906,7.15135419180543,6.806906930330194,0.026927647914010644,-0.0572377285879722,-0.01631540914789688
52950352,1789113573009000000,3796,HEAD_POSE_ESTIMATE,estimated,-0.2858744289286173,7.1521304690961305,6.791675952483175,0.04187128516268699,-0.055097615979801735,-0.010763336578251743
52965352,1789113573024000000,3797,HEAD_POSE_ESTIMATE,estimated,-0.2567769233456389,7.148916272207253,6.75757716239351,0.06250878262694361,-0.05870115548663056,-0.00930932318223081
52978352,1789113573037000000,3798,HEAD_POSE_ESTIMATE,estimated,-0.230280742746163,7.147285840195199,6.722574627304092,0.08030203038280224,-0.06416046473434195,-0.01198289705694487
52993352,1789113573052000000,3799,HEAD_POSE_ESTIMATE,estimated,-0.19070320142754815,7.136702459847917,6.689636410388573,0.09713043167401912,-0.07332623463328741,-0.01752416478291931
53007352,1789113573066000000,3800,HEAD_POSE_ESTIMATE,estimated,-0.1456761219830873,7.13323669540629,6.659241559660325,0.10947236515278483,-0.08514109529527053,-0.023865998585324417
53020352,1789113573079000000,3801,HEAD_POSE_ESTIMATE,estimated,-0.11653579518267934,7.144039544319345,6.649775710830501,0.11483458136808944,-0.09554725097059738,-0.029350981915001368
53034352,1789113573093000000,3802,HEAD_POSE_ESTIMATE,estimated,-0.08167199749893944,7.157534024764145,6.636322797148327,0.1172198308918799,-0.11023662539011783,-0.03484693068015073
53048352,1789113573107000000,3803,HEAD_POSE_ESTIMATE,estimated,-0.055862186941590036,7.172691854235682,6.631682578974338,0.11535749838827562,-0.1247432638015945,-0.038130052786821
53060352,1789113573119000000,3804,HEAD_POSE_ESTIMATE,estimated,-0.026007818386061338,7.188998768110354,6.6317248359299015,0.11251709322785994,-0.1393633365412709,-0.039707126891966385
53075352,1789113573134000000,3805,HEAD_POSE_ESTIMATE,estimated,0.0005231578018660143,7.209078000280407,6.631111129553132,0.11073647158353168,-0.15789146445088198,-0.04164673658343031
53089352,1789113573148000000,3806,HEAD_POSE_ESTIMATE,estimated,0.027802682008789936,7.229953161755208,6.631704265557171,0.11340080824830345,-0.17974039223447028,-0.046719551264547216
53103352,1789113573162000000,3807,HEAD_POSE_ESTIMATE,estimated,0.05480064709930135,7.248741581338533,6.634131439234007,0.11490416144190241,-0.20078819131444867,-0.055547394380885656
53117352,1789113573176000000,3808,HEAD_POSE_ESTIMATE,estimated,0.1009828160768158,7.260636279011107,6.654668326006984,0.11704832858613834,-0.22043593133900924,-0.0665572100322601
53131352,1789113573190000000,3809,HEAD_POSE_ESTIMATE,estimated,0.1460962690438239,7.280112825377869,6.6773422632447605,0.12117066440588926,-0.2428331400808791,-0.08136839325630779
53145352,1789113573204000000,3810,HEAD_POSE_ESTIMATE,estimated,0.1982567045239034,7.292973407758308,6.696186627834337,0.12292852520385121,-0.26783906908017735,-0.09951262830459982
53159352,1789113573218000000,3811,HEAD_POSE_ESTIMATE,estimated,0.22920184957054443,7.311227663659054,6.728401132108021,0.1249606810699058,-0.29538170972757233,-0.1177327893649786
53173352,1789113573232000000,3812,HEAD_POSE_ESTIMATE,estimated,0.2675759262452554,7.328529682218642,6.7482937464846104,0.12134787356607292,-0.32157172734280365,-0.13532340680137983
53187352,1789113573246000000,3813,HEAD_POSE_ESTIMATE,estimated,0.3070377167293088,7.347193376837676,6.756909085423096,0.1124676004339943,-0.3440609260597658,-0.15222358169286715
53203352,1789113573262000000,3814,HEAD_POSE_ESTIMATE,estimated,0.3470656765897195,7.3754297657273575,6.769349519634327,0.09765135267997017,-0.36810600516319164,-0.16862062325936863
53217352,1789113573276000000,3815,HEAD_POSE_ESTIMATE,estimated,0.3886987862473459,7.395458845525618,6.768786440688504,0.08328973204726757,-0.3865915088057343,-0.18512617831227973
53227352,1789113573286000000,3816,HEAD_POSE_ESTIMATE,estimated,0.41745264023209305,7.412812937264052,6.757485885738907,0.07325658996766145,-0.39851683487471284,-0.19705251596101675
53242352,1789113573301000000,3817,HEAD_POSE_ESTIMATE,estimated,0.4382567335279134,7.4352403290974305,6.758449998223384,0.06317082476584768,-0.4217869949418386,-0.22066602603845828
53255352,1789113573314000000,3818,HEAD_POSE_ESTIMATE,estimated,0.44247910917929145,7.457381439907762,6.744728054641705,0.056155619069598525,-0.43769465074729147,-0.24049221939249588
53270352,1789113573329000000,3819,HEAD_POSE_ESTIMATE,estimated,0.4643686255414812,7.47416041797806,6.742807594626461,0.05123649486770008,-0.4549834469750034,-0.2622652472906023
53284352,1789113573343000000,3820,HEAD_POSE_ESTIMATE,estimated,0.48380425291888124,7.484414909699625,6.719254882535518,0.05027755577188881,-0.476652787760899,-0.28872731375663285
53298352,1789113573357000000,3821,HEAD_POSE_ESTIMATE,estimated,0.4773249432545012,7.482037354677839,6.6844489737797135,0.051170138233695345,-0.5008426484366776,-0.31699037120611984
53312352,1789113573371000000,3822,HEAD_POSE_ESTIMATE,estimated,0.46312005970371745,7.478467832509159,6.6336828251916575,0.05466374356298689,-0.5269108985305592,-0.34488741238995985
53326352,1789113573385000000,3823,HEAD_POSE_ESTIMATE,estimated,0.4867763628623688,7.4644254711750415,6.598171990274064,0.05954659956680074,-0.5525299683253102,-0.36806329838717616
53340352,1789113573399000000,3824,HEAD_POSE_ESTIMATE,estimated,0.5268151092002095,7.443125448410907,6.574134306297916,0.06543674959740983,-0.5797828497001659,-0.3911462512205598
53354352,1789113573413000000,3825,HEAD_POSE_ESTIMATE,estimated,0.5209730606158539,7.4192291882469465,6.539391293039631,0.06952199238469975,-0.6102651969795282,-0.41504609083230126
53369352,1789113573428000000,3826,HEAD_POSE_ESTIMATE,estimated,0.5070187303367196,7.3897767800173355,6.505724751904014,0.07559950028201676,-0.6436354016316728,-0.4409385673677319
53380352,1789113573439000000,3827,HEAD_POSE_ESTIMATE,estimated,0.4793518576811794,7.370116872169734,6.483290980207188,0.07834272199542171,-0.6686615398066231,-0.4612829115468383
53395352,1789113573454000000,3828,HEAD_POSE_ESTIMATE,estimated,0.4639578415903818,7.340349369549132,6.463839010519868,0.08525114266517853,-0.6927645649417644,-0.4843535942125664
53410352,1789113573469000000,3829,HEAD_POSE_ESTIMATE,estimated,0.44353301343033813,7.313786648688328,6.44471953773975,0.09120926542732949,-0.7109860438387728,-0.5018517678729755
53425352,1789113573484000000,3830,HEAD_POSE_ESTIMATE,estimated,0.42173668773818307,7.27474543451884,6.429590296376842,0.09420413669066001,-0.7245661202820941,-0.5143814026304431
53437352,1789113573496000000,3831,HEAD_POSE_ESTIMATE,estimated,0.38727929456952404,7.2525391049261225,6.41875394069838,0.09607194894412843,-0.7309062559496528,-0.5183032085826252
53449352,1789113573508000000,3832,HEAD_POSE_ESTIMATE,estimated,0.3580920022291374,7.2367725516900965,6.4021776809367585,0.09249286100150594,-0.7347635285590428,-0.5183066348867007
53463352,1789113573522000000,3833,HEAD_POSE_ESTIMATE,estimated,0.33265445103704216,7.2155812882228085,6.383487373738728,0.07972248272875865,-0.7330591697140016,-0.5109252377409982
53477352,1789113573536000000,3834,HEAD_POSE_ESTIMATE,estimated,0.3150081172292969,7.192850885348597,6.367627556197062,0.06666844332440773,-0.7328655928699284,-0.5030432732329534
53491352,1789113573550000000,3835,HEAD_POSE_ESTIMATE,estimated,0.33693093425159093,7.159982688537363,6.3483520377300815,0.04579638784468895,-0.7294500212592236,-0.49276203821237174
53505352,1789113573564000000,3836,HEAD_POSE_ESTIMATE,estimated,0.3422586657697577,7.112198125530371,6.319365319341097,0.01674042403994222,-0.7151458251190491,-0.47504520749141727
53519352,1789113573578000000,3837,HEAD_POSE_ESTIMATE,estimated,0.3429181538768526,7.086828488081048,6.2917595772246,-0.016268731750278844,-0.7022418197652872,-0.45914060106382626
53533352,1789113573592000000,3838,HEAD_POSE_ESTIMATE,estimated,0.3688512680427657,7.076611811811015,6.258647882909265,-0.055571295648566776,-0.6868974145337283,-0.44322959690094493
53547352,1789113573606000000,3839,HEAD_POSE_ESTIMATE,estimated,0.4351865912487599,7.059472370814366,6.241147500460092,-0.09263328083583701,-0.6736287732489848,-0.43314686306614253
53561352,1789113573620000000,3840,HEAD_POSE_ESTIMATE,estimated,0.4689714424940187,7.043890077681327,6.2134875055318775,-0.13009331946474684,-0.6585491712069439,-0.4260091462547057
53575352,1789113573634000000,3841,HEAD_POSE_ESTIMATE,estimated,0.45166160996318944,7.040401068692317,6.196931830543496,-0.16347790804134366,-0.6422108561589748,-0.422319316674248
53589352,1789113573648000000,3842,HEAD_POSE_ESTIMATE,estimated,0.47208722721040924,7.026426139389061,6.208493594360836,-0.19082043009239658,-0.6178244334353314,-0.416110376785586
53603352,1789113573662000000,3843,HEAD_POSE_ESTIMATE,estimated,0.518129873505979,7.030263553883042,6.2255089373048715,-0.21243364036807683,-0.5930555982487272,-0.40886200442723697
53617352,1789113573676000000,3844,HEAD_POSE_ESTIMATE,estimated,0.5574203200962304,7.048846685151311,6.254892867924175,-0.2297318066491666,-0.5747998713493022,-0.40451518297485445
53631352,1789113573690000000,3845,HEAD_POSE_ESTIMATE,estimated,0.5577049091059503,7.048933987977535,6.293701048534655,-0.24096902354588493,-0.5652648898980799,-0.4076655083459123
53645352,1789113573704000000,3846,HEAD_POSE_ESTIMATE,estimated,0.5540115095953688,7.055170076175858,6.32560234723704,-0.24472752199932912,-0.5570859842982209,-0.4080741861292236
53658352,1789113573717000000,3847,HEAD_POSE_ESTIMATE,estimated,0.5537652669907016,7.066488073920123,6.3728464212347395,-0.24395968567560847,-0.5478993481158996,-0.4041568871626388
53673352,1789113573732000000,3848,HEAD_POSE_ESTIMATE,estimated,0.5718934665583295,7.078661945868121,6.415796423475239,-0.24087493472515795,-0.5394897388759908,-0.39655757083839077
53689352,1789113573748000000,3849,HEAD_POSE_ESTIMATE,estimated,0.5913775725296329,7.088620345854633,6.470947279778578,-0.2374514483300428,-0.532990551950809,-0.3870132727645192
53701352,1789113573760000000,3850,HEAD_POSE_ESTIMATE,estimated,0.5951317040598022,7.104042341526374,6.527937993865466,-0.244044280617336,-0.5307866166936046,-0.3762250144022885
53713352,1789113573772000000,3851,HEAD_POSE_ESTIMATE,estimated,0.6211575112084271,7.121923847932831,6.576488281728444,-0.24453174750105758,-0.5279295791280455,-0.3653966936221195
53727352,1789113573786000000,3852,HEAD_POSE_ESTIMATE,estimated,0.6429926168957181,7.151779482848145,6.63677239991027,-0.24204998212783335,-0.5240148214519239,-0.3546515625491203
53742352,1789113573801000000,3853,HEAD_POSE_ESTIMATE,estimated,0.6632042161994205,7.193981245497493,6.699052806325373,-0.23621036480080643,-0.5196335250010787,-0.34751593112503243
53756352,1789113573815000000,3854,HEAD_POSE_ESTIMATE,estimated,0.6890025527115946,7.213282524373084,6.762914839830817,-0.22614638758531241,-0.5168441256497507,-0.3443863881742533
53769352,1789113573828000000,3855,HEAD_POSE_ESTIMATE,estimated,0.7352767956681241,7.217621824622564,6.830134740040888,-0.21717033267348443,-0.5149151850263669,-0.343064441440875
53783352,1789113573842000000,3856,HEAD_POSE_ESTIMATE,estimated,0.737566314884817,7.232929055913707,6.890817526939229,-0.20390079673067352,-0.5143085116073681,-0.3444113448779883
53797352,1789113573856000000,3857,HEAD_POSE_ESTIMATE,estimated,0.7511259788749614,7.2464501575889475,6.95236841361695,-0.19367841983004866,-0.5107980760001116,-0.34379067601672075
53812352,1789113573871000000,3858,HEAD_POSE_ESTIMATE,estimated,0.7595936782560915,7.252654093025573,6.977549558648058,-0.17869988925451602,-0.5193629378167448,-0.3558032651329942
53825352,1789113573884000000,3859,HEAD_POSE_ESTIMATE,estimated,0.7656270640518315,7.24904239516957,7.004580747615067,-0.1648786612284875,-0.5249568609069502,-0.36663997505941937
53839352,1789113573898000000,3860,HEAD_POSE_ESTIMATE,estimated,0.5572509244636672,7.230827690741331,7.021221785242083,-0.14485662842552582,-0.5347048417243221,-0.3865737075838381
53853352,1789113573912000000,3861,HEAD_POSE_ESTIMATE,estimated,0.7502250971999729,7.226889840017063,7.0411265828403815,-0.12330916197198684,-0.5124606529317828,-0.3782546676494716
53867352,1789113573926000000,3862,HEAD_POSE_ESTIMATE,estimated,0.8758088959047419,7.224364459790709,7.037423406822286,-0.11266548579194487,-0.5079035594090688,-0.3847575110684696
53880352,1789113573939000000,3863,HEAD_POSE_ESTIMATE,estimated,0.937882549208185,7.207138634124403,7.023961450801558,-0.11295777392811951,-0.5166192263953027,-0.39707943759397135
53895352,1789113573954000000,3864,HEAD_POSE_ESTIMATE,estimated,0.9792273030577968,7.182544899038831,6.999494094263651,-0.11023401088174593,-0.5288845699824468,-0.41755094306830864
53909352,1789113573968000000,3865,HEAD_POSE_ESTIMATE,estimated,0.9107415415196034,7.1558482956060505,6.964455088403049,-0.1069534369693945,-0.5477500231174144,-0.4451963029854552
53925352,1789113573984000000,3866,HEAD_POSE_ESTIMATE,estimated,0.8252315670944326,7.127113034570336,6.949758825244846,-0.09827794027946954,-0.5659249707567106,-0.47618578875155554
53947352,1789113574006000000,3867,HEAD_POSE_ESTIMATE,estimated,0.7784194482517393,7.064423946060535,6.899310559903456,-0.0980861184727724,-0.5836374718558406,-0.5062147923791667
53961352,1789113574020000000,3868,HEAD_POSE_ESTIMATE,estimated,0.7121961511676298,7.015715289105283,6.871526113375551,-0.10165474060330372,-0.5881606443062124,-0.517719085149626
53975352,1789113574034000000,3869,HEAD_POSE_ESTIMATE,estimated,0.6009586992664512,6.970245649688569,6.855217639400095,-0.10670760417699823,-0.5923177137416565,-0.527559930672743
53989352,1789113574048000000,3870,HEAD_POSE_ESTIMATE,estimated,0.5165446158862677,6.924361271880903,6.825949694674177,-0.10584034544118344,-0.5808116881081076,-0.5252797167911928
54002352,1789113574061000000,3871,HEAD_POSE_ESTIMATE,estimated,0.39571351258955756,6.868313129855544,6.806304573183774,-0.10320019247559953,-0.5579821762491055,-0.514955651033618
54017352,1789113574076000000,3872,HEAD_POSE_ESTIMATE,estimated,0.2764860166574048,6.804636876736096,6.781692830925579,-0.09594773602097086,-0.5312100288676621,-0.49806767458201523
54031352,1789113574090000000,3873,HEAD_POSE_ESTIMATE,estimated,0.13480631235359886,6.7339084364979795,6.7662704525229875,-0.09172722657590894,-0.49579227276739307,-0.4724740775646011
54045352,1789113574104000000,3874,HEAD_POSE_ESTIMATE,estimated,-0.017119871599814984,6.684115149216568,6.754179004659023,-0.08840274818931361,-0.45365805308453455,-0.4424078037413564
54059352,1789113574118000000,3875,HEAD_POSE_ESTIMATE,estimated,0.07528024873995348,6.639659511069613,6.6985813305061805,-0.08480882273583054,-0.42940506783641785,-0.4349566401277071
54073352,1789113574132000000,3876,HEAD_POSE_ESTIMATE,estimated,0.27743760104400084,6.616398406950847,6.630326726039412,-0.08308605913306855,-0.41863279363150496,-0.4408247078562747
54089352,1789113574148000000,3877,HEAD_POSE_ESTIMATE,estimated,0.22529262695945929,6.550378376586528,6.586352663703862,-0.07395922019988752,-0.3840576588824689,-0.4353522829013615
54100352,1789113574159000000,3878,HEAD_POSE_ESTIMATE,estimated,0.19046006233833263,6.50722335728731,6.558100880848956,-0.06474896179597689,-0.355622633835235,-0.435133351331161
54115352,1789113574174000000,3879,HEAD_POSE_ESTIMATE,estimated,0.15875229319683487,6.468734250031097,6.52733382561017,-0.05662718515599227,-0.322562348610355,-0.4361017046097591
54129352,1789113574188000000,3880,HEAD_POSE_ESTIMATE,estimated,0.09427961371072363,6.446019916357398,6.515315932691298,-0.050747526133028215,-0.29004584041868464,-0.4332081704266781
54143352,1789113574202000000,3881,HEAD_POSE_ESTIMATE,estimated,0.06403801442306989,6.46000667581303,6.508824390528669,-0.05161294651902888,-0.262107818850272,-0.42608082471809794
54158352,1789113574217000000,3882,HEAD_POSE_ESTIMATE,estimated,0.0258513820390604,6.457750750067323,6.538250401468321,-0.05220204389110236,-0.23603167957219015,-0.4111374196530517
54172352,1789113574231000000,3883,HEAD_POSE_ESTIMATE,estimated,-0.011763098720216358,6.468361779624762,6.579801772358822,-0.05510539605807081,-0.2121062681082264,-0.3874042438876614
54185352,1789113574244000000,3884,HEAD_POSE_ESTIMATE,estimated,-0.03714811136514279,6.489770463809536,6.628717903295329,-0.061671159387583725,-0.18980407943700564,-0.35842890661758436
54199352,1789113574258000000,3885,HEAD_POSE_ESTIMATE,estimated,-0.06637584783561856,6.534348322984058,6.7017819706823625,-0.07014110254743458,-0.1644396903593038,-0.3210150025016155
54213352,1789113574272000000,3886,HEAD_POSE_ESTIMATE,estimated,-0.05079063265886807,6.602274777882078,6.772242401964223,-0.08403332675210273,-0.14944929821767394,-0.2935060132065526
54226352,1789113574285000000,3887,HEAD_POSE_ESTIMATE,estimated,-0.05930889277172069,6.656971897018605,6.85491485951603,-0.09836143566222096,-0.13522206167543618,-0.26695904381381663
54240352,1789113574299000000,3888,HEAD_POSE_ESTIMATE,estimated,-0.05455376078085544,6.724902683262956,6.945322664085754,-0.1142454549204619,-0.11794418677545182,-0.25087726278128575
54255352,1789113574314000000,3889,HEAD_POSE_ESTIMATE,estimated,-0.0765408884320063,6.79415141935404,7.046708172712769,-0.13061156472739946,-0.10298474639584664,-0.24143316852369065
54269352,1789113574328000000,3890,HEAD_POSE_ESTIMATE,estimated,-0.07291226145450619,6.846803154047333,7.128152567378732,-0.1398239228786594,-0.08960275053169475,-0.23457201739743122
54283352,1789113574342000000,3891,HEAD_POSE_ESTIMATE,estimated,-0.059400146271707754,6.8981257870025,7.192010258102621,-0.14171978734266139,-0.07498765519042166,-0.23603042301479665
54297352,1789113574356000000,3892,HEAD_POSE_ESTIMATE,estimated,-0.06434858346734507,6.949319550667523,7.235056370115913,-0.13886317139971768,-0.06721846862536751,-0.24545979214448996
54311352,1789113574370000000,3893,HEAD_POSE_ESTIMATE,estimated,-0.10985672260506169,6.988326564406981,7.276939035678757,-0.13021491681658914,-0.05912113928101128,-0.25686251844296326
54325352,1789113574384000000,3894,HEAD_POSE_ESTIMATE,estimated,-0.1420548953309353,7.0209220404752415,7.28595776913857,-0.11774315128242341,-0.05283237139376002,-0.2638434768645525
54338352,1789113574397000000,3895,HEAD_POSE_ESTIMATE,estimated,-0.17440463090966835,7.047486133898252,7.2887513737391885,-0.1067951142075097,-0.04700776731754771,-0.262573532416125
54353352,1789113574412000000,3896,HEAD_POSE_ESTIMATE,estimated,-0.22323024072578512,7.058969930823362,7.293363552983133,-0.09057352062389212,-0.039671258525358424,-0.2607246008623205
54369352,1789113574428000000,3897,HEAD_POSE_ESTIMATE,estimated,-0.28799099367534126,7.0517593951756625,7.295558743734477,-0.07085764909786334,-0.03190081456022697,-0.2573754578436364
54380352,1789113574439000000,3898,HEAD_POSE_ESTIMATE,estimated,-0.3393212113359739,7.006964524188187,7.339438474868829,-0.053442486529512195,-0.02491776391382021,-0.255282830602094
54394352,1789113574453000000,3899,HEAD_POSE_ESTIMATE,estimated,-0.3982563467759331,6.965641973815891,7.34565169600926,-0.03732997576945704,-0.017075657511925454,-0.24860512700951948
54408352,1789113574467000000,3900,HEAD_POSE_ESTIMATE,estimated,-0.46377289323020576,6.931641600216362,7.332509556023351,-0.027506902424153153,-0.00782762600147588,-0.23887594944823567
54423352,1789113574482000000,3901,HEAD_POSE_ESTIMATE,estimated,-0.5239111518093338,6.8995482306534,7.324924595717589,-0.025794503495353456,0.00410030365225513,-0.2281355725466537
54435352,1789113574494000000,3902,HEAD_POSE_ESTIMATE,estimated,-0.5622955886726685,6.867287486645383,7.302196475479635,-0.031005317946592347,0.014258602853763364,-0.21500998947074765
54448352,1789113574507000000,3903,HEAD_POSE_ESTIMATE,estimated,-0.5923386197116074,6.832198838461826,7.276688355074987,-0.04337065296428994,0.024994918844330742,-0.19893936119989297
54462352,1789113574521000000,3904,HEAD_POSE_ESTIMATE,estimated,-0.6339766990920933,6.797616475152525,7.251415487978606,-0.06337121258571331,0.034686889952369786,-0.17951135008271352
54476352,1789113574535000000,3905,HEAD_POSE_ESTIMATE,estimated,-0.6565828814158237,6.771556444442632,7.241459596506159,-0.08318898996224176,0.04369140180987296,-0.16400193515790293
54492352,1789113574551000000,3906,HEAD_POSE_ESTIMATE,estimated,-0.6367177186306746,6.737700308591463,7.219090585700213,-0.10672204589867616,0.048898835833160695,-0.15231076302108904
54504352,1789113574563000000,3907,HEAD_POSE_ESTIMATE,estimated,-0.6481071354274319,6.717277306766699,7.21517081231661,-0.12674898505996746,0.04869149388504083,-0.14109764141075942
54518352,1789113574577000000,3908,HEAD_POSE_ESTIMATE,estimated,-0.6493751671537975,6.688054757444091,7.213793750729242,-0.14563668876758323,0.04756834302664662,-0.13056793697058647
54533352,1789113574592000000,3909,HEAD_POSE_ESTIMATE,estimated,-0.6332618396139335,6.670890769847027,7.231144291676133,-0.15945960051191543,0.04042677778220463,-0.11806853835736904
54545352,1789113574604000000,3910,HEAD_POSE_ESTIMATE,estimated,-0.608677292232635,6.673283217797193,7.246714087207738,-0.16212135085634735,0.03178132413541697,-0.10913046266760687
54558352,1789113574617000000,3911,HEAD_POSE_ESTIMATE,estimated,-0.585210940723646,6.672100938344857,7.294098792111528,-0.15792969009807847,0.023403695671808764,-0.09943512628310772
54573352,1789113574632000000,3912,HEAD_POSE_ESTIMATE,estimated,-0.5599764177310727,6.66331534886605,7.37676445672759,-0.14899092849348575,0.009648654039426153,-0.08245778427559765
54587352,1789113574646000000,3913,HEAD_POSE_ESTIMATE,estimated,-0.5242195029138477,6.6486618815716545,7.487395810068052,-0.13714590418278305,-0.00446259494400633,-0.05975175889981927
54601352,1789113574660000000,3914,HEAD_POSE_ESTIMATE,estimated,-0.48880702624471717,6.641815678810421,7.611487839690519,-0.1230299295152752,-0.017335159320779385,-0.03006719662343368
54615352,1789113574674000000,3915,HEAD_POSE_ESTIMATE,estimated,-0.4611900985148806,6.669746241719765,7.746257158753348,-0.10456293912945536,-0.028091467828226337,-0.001888282106301705
54628352,1789113574687000000,3916,HEAD_POSE_ESTIMATE,estimated,-0.4263776341333529,6.711896300235431,7.888849781306432,-0.08595715889215592,-0.03660656619380904,0.02261886786633023
54643352,1789113574702000000,3917,HEAD_POSE_ESTIMATE,estimated,-0.3952904536717127,6.767574069225613,8.058065544311443,-0.06556218490167458,-0.041339258821131805,0.044586328646577876
54657352,1789113574716000000,3918,HEAD_POSE_ESTIMATE,estimated,-0.36032997171860837,6.842500059453018,8.226631780762029,-0.05427339243791748,-0.046617978472150254,0.05048496845885628
54671352,1789113574730000000,3919,HEAD_POSE_ESTIMATE,estimated,-0.32076903275929347,6.9432681524140225,8.443240335315386,-0.038579721380230005,-0.04703076269416757,0.05307713634066353
54685352,1789113574744000000,3920,HEAD_POSE_ESTIMATE,estimated,-0.2879777050236498,7.045182784269918,8.647161861211341,-0.017806880906821535,-0.042875951016766375,0.051526879972554965
54699352,1789113574758000000,3921,HEAD_POSE_ESTIMATE,estimated,-0.24156252674741033,7.117676849818209,8.814207142191929,-0.0019572795036297413,-0.03991935892915705,0.054838764637663934
54713352,1789113574772000000,3922,HEAD_POSE_ESTIMATE,estimated,-0.21133961063086026,7.21708433522322,9.067647246043864,0.01908071888069604,-0.03000341022106274,0.0574856406123154
54726352,1789113574785000000,3923,HEAD_POSE_ESTIMATE,estimated,-0.19395478330679988,7.290746011322973,9.238570696994191,0.054298830712068376,-0.007495159640472484,0.06057351693757415
54740352,1789113574799000000,3924,HEAD_POSE_ESTIMATE,estimated,-0.1625684576181042,7.330323433692281,9.39229326492154,0.09600925534190034,0.017841720049486497,0.07013475645172422
54755352,1789113574814000000,3925,HEAD_POSE_ESTIMATE,estimated,-0.1305261300677361,7.346966538424444,9.507616111732625,0.15619655162452797,0.05602996074713496,0.07415445149096417
54770352,1789113574829000000,3926,HEAD_POSE_ESTIMATE,estimated,-0.0995174506897151,7.368503681861711,9.53382095236621,0.22503580870040465,0.09731383153268447,0.0767622522643674
54781352,1789113574840000000,3927,HEAD_POSE_ESTIMATE,estimated,-0.07661454294560617,7.365357268561686,9.51514248196544,0.28711923283248353,0.13251880736118812,0.08002988894555141
54796352,1789113574855000000,3928,HEAD_POSE_ESTIMATE,estimated,-0.05680600943791681,7.336149573230566,9.453653641151643,0.36177739448027985,0.1769892472709357,0.07932788165032638
54813352,1789113574872000000,3929,HEAD_POSE_ESTIMATE,estimated,-0.09022020559750188,7.313870929892908,9.22081002987146,0.4369181507149441,0.22609221957231707,0.06856424758853509
54822352,1789113574881000000,3930,HEAD_POSE_ESTIMATE,estimated,-0.12460012688673912,7.323810216604843,9.075807566034834,0.47032152552183587,0.2507833216082626,0.055051579266270786
54837352,1789113574896000000,3931,HEAD_POSE_ESTIMATE,estimated,-0.1654474337675768,7.306956768002486,8.849558523423793,0.5081510761463557,0.27818085085750244,0.028439261464116017
54851352,1789113574910000000,3932,HEAD_POSE_ESTIMATE,estimated,-0.201256395279384,7.256406095023227,8.445392521564516,0.5391997719463576,0.30126055892644354,0.0002817173162266199
54865352,1789113574924000000,3933,HEAD_POSE_ESTIMATE,estimated,-0.22565769951984999,7.185279507619494,8.087848857363426,0.5485554121866605,0.31332752576492984,-0.019466465634989185
54879352,1789113574938000000,3934,HEAD_POSE_ESTIMATE,estimated,-0.2718580039850247,7.148796021425175,7.857194441343707,0.5374177887165273,0.316449014731268,-0.026850762096473337
54893352,1789113574952000000,3935,HEAD_POSE_ESTIMATE,estimated,-0.34001661913893516,7.150131702206561,7.66978586932074,0.5024649339686753,0.31230245112080857,-0.020504108859733014
54906352,1789113574965000000,3936,HEAD_POSE_ESTIMATE,estimated,-0.39952228657827976,7.137345269721749,7.39703566944171,0.44320604402557506,0.302171128225762,-0.008374967934043253
54921352,1789113574980000000,3937,HEAD_POSE_ESTIMATE,estimated,-0.49187203609758146,7.152555685785428,7.155571308447664,0.3700017667710723,0.28726247459335835,0.0042631328121296086
54934352,1789113574993000000,3938,HEAD_POSE_ESTIMATE,estimated,-0.5795560915276754,7.18934049907253,6.96217547041847,0.3057828229215492,0.26995824964763293,0.0097724902659145
54947352,1789113575006000000,3939,HEAD_POSE_ESTIMATE,estimated,-0.6290025292844275,7.140407131967451,6.7425380491811175,0.24181112163647142,0.24863479545553788,0.010541956775219182
54966352,1789113575025000000,3940,HEAD_POSE_ESTIMATE,estimated,-0.6585027365382297,7.016448368353554,6.5228045770187615,0.17367611520706142,0.2308444054679768,0.017041907092022763
54980352,1789113575039000000,3941,HEAD_POSE_ESTIMATE,estimated,-0.6438075306164505,6.939000479715445,6.474600748557664,0.15594757575526563,0.22050360386136866,0.026823561898918217
54989352,1789113575048000000,3942,HEAD_POSE_ESTIMATE,estimated,-0.6615089339130645,6.9204268890381275,6.394854258095853,0.12547308786118236,0.21306416437966114,0.03520715132045433
55002352,1789113575061000000,3943,HEAD_POSE_ESTIMATE,estimated,-0.6791233686540622,6.902755783635549,6.332177662676329,0.07949776252465807,0.20430160120615481,0.055123070296421606
55017352,1789113575076000000,3944,HEAD_POSE_ESTIMATE,estimated,-0.6701593174057316,6.953127296008244,6.239302534730981,-0.004021810229586023,0.19088016828071927,0.07302879589781662
55030352,1789113575089000000,3945,HEAD_POSE_ESTIMATE,estimated,-0.6731870345430793,7.000326974795555,6.14730005295283,-0.06833060355372932,0.18255894605406234,0.0861014614999893
55045352,1789113575104000000,3946,HEAD_POSE_ESTIMATE,estimated,-0.6340341399848555,7.060447907617096,6.1032954836371855,-0.11303792365139871,0.18524659380362393,0.1068696477885455
55058352,1789113575117000000,3947,HEAD_POSE_ESTIMATE,estimated,-0.514540846306671,6.947428522966276,6.0766981102947515,-0.12722157528379996,0.19776735166498297,0.12748300063403548
55072352,1789113575131000000,3948,HEAD_POSE_ESTIMATE,estimated,-0.39736583615257143,6.814352319392457,6.096920300482412,-0.14011770504428525,0.20473806282433366,0.15913365046285533
55088352,1789113575147000000,3949,HEAD_POSE_ESTIMATE,estimated,-0.3131551504395188,6.7569108968531255,6.428430570877652,-0.12917568823447945,0.2210352264888343,0.19921375954420725
55099352,1789113575158000000,3950,HEAD_POSE_ESTIMATE,estimated,-0.29734702740124175,6.776780023779277,6.584161244123072,-0.11802649926339498,0.23151400868039496,0.21587810254137033
55114352,1789113575173000000,3951,HEAD_POSE_ESTIMATE,estimated,-0.2954157330423074,6.9716289271882665,6.7468514870202005,-0.13652611014813315,0.24501273354741718,0.2309904143862809
55129352,1789113575188000000,3952,HEAD_POSE_ESTIMATE,estimated,-0.2925547398412043,7.14193594711243,6.714114548495648,-0.14234594541927467,0.25221979129774086,0.21997651684821898
55142352,1789113575201000000,3953,HEAD_POSE_ESTIMATE,estimated,-0.3177829901700339,7.297040108084493,6.7472034056247585,-0.11725970771469393,0.258618901229076,0.2003353433754125
55156352,1789113575215000000,3954,HEAD_POSE_ESTIMATE,estimated,-0.2709731655626145,7.292590759175706,6.761100601796186,-0.08843551154902637,0.25820470080529184,0.17723328026510124
55173352,1789113575232000000,3955,HEAD_POSE_ESTIMATE,estimated,-0.18389102892930467,7.200512997996715,6.828833720327416,-0.012680877714620876,0.25693650282668223,0.15816787102472263
55183352,1789113575242000000,3956,HEAD_POSE_ESTIMATE,estimated,-0.132952358916748,7.072348484036012,6.909188387645587,0.041464174471069655,0.2500745285405655,0.14229056790780534
55197352,1789113575256000000,3957,HEAD_POSE_ESTIMATE,estimated,-0.1111665078043288,7.016065614219423,6.994663295812569,0.11897340804513888,0.2438173535140207,0.12882179832087856
55211352,1789113575270000000,3958,HEAD_POSE_ESTIMATE,estimated,-0.12591679222346502,7.041747885099761,7.045830669691644,0.2140524057317281,0.2414639742418383,0.11730968759045027
55226352,1789113575285000000,3959,HEAD_POSE_ESTIMATE,estimated,-0.1258941288439293,7.147565992658402,6.929041279311377,0.3194348329681099,0.23378006590529957,0.1046805964748166
55240352,1789113575299000000,3960,HEAD_POSE_ESTIMATE,estimated,-0.10209458553820105,7.235359094600922,6.799725167603604,0.41078408773405767,0.22837606079212724,0.10436286492940368
55253352,1789113575312000000,3961,HEAD_POSE_ESTIMATE,estimated,-0.08915604383801168,7.212225533731895,6.749484091872933,0.4731382954333612,0.21811073772423697,0.11362481748009984
55267352,1789113575326000000,3962,HEAD_POSE_ESTIMATE,estimated,-0.04473889920137153,7.194692587437346,6.666413587090584,0.5157997790336043,0.2028565134058229,0.12847943390191952
55282352,1789113575341000000,3963,HEAD_POSE_ESTIMATE,estimated,0.020052723134281414,7.065500269865573,6.663361090378461,0.5288683531456151,0.18669445992118738,0.14779226323550418
55295352,1789113575354000000,3964,HEAD_POSE_ESTIMATE,estimated,0.021273559722163937,7.107035855698659,6.6994771037371414,0.52999267674219,0.1801599336480764,0.15399677894171904
55309352,1789113575368000000,3965,HEAD_POSE_ESTIMATE,estimated,0.027782538011251467,7.1613521445435575,6.686799326388869,0.5226310742180712,0.17419198733684615,0.1437846152000679
55323352,1789113575382000000,3966,HEAD_POSE_ESTIMATE,estimated,0.023010801768825306,7.251346338740045,6.558318514352088,0.5413972711987001,0.17559036347390944,0.12258505384154304
55336352,1789113575395000000,3967,HEAD_POSE_ESTIMATE,estimated,-0.003998492354101213,7.371102729839944,6.337774924446547,0.5958025092413411,0.18612824611275366,0.09817598763526421
55351352,1789113575410000000,3968,HEAD_POSE_ESTIMATE,estimated,-0.028448711758445377,7.428666811348259,6.115660328512897,0.6561605281940767,0.19570811329125762,0.07038727299267002
55364352,1789113575423000000,3969,HEAD_POSE_ESTIMATE,estimated,-0.05078770269016736,7.456215327681406,5.971355022809203,0.7196824911648333,0.20361505710864206,0.03744805230396119
55377352,1789113575436000000,3970,HEAD_POSE_ESTIMATE,estimated,-0.056806080719263796,7.4205714885877,5.931335170729011,0.7804051456637682,0.20831995221790695,0.0066153530884634345
55391352,1789113575450000000,3971,HEAD_POSE_ESTIMATE,estimated,-0.07873187309304824,7.448885431420353,5.888389000516008,0.818228421364276,0.2038268648225996,-0.045381371156365584
55406352,1789113575465000000,3972,HEAD_POSE_ESTIMATE,estimated,-0.15031207365284094,7.558481326019201,5.870867760786535,0.8454826960345981,0.19363386005070454,-0.09776492589934473
55419352,1789113575478000000,3973,HEAD_POSE_ESTIMATE,estimated,-0.21941265913097813,7.692466901343114,5.760094039911034,0.83008018670371,0.17664560238408322,-0.14250164833779239
55434352,1789113575493000000,3974,HEAD_POSE_ESTIMATE,estimated,-0.2938731482829774,7.840045268007515,5.64019285452927,0.8399420924781803,0.15994173802219258,-0.17333911819819883
55452352,1789113575511000000,3975,HEAD_POSE_ESTIMATE,estimated,-0.3693969477352917,7.9805246681564155,5.4489509351911565,0.8781631910316998,0.14557480884609025,-0.1865267736282299
55465352,1789113575524000000,3976,HEAD_POSE_ESTIMATE,estimated,-0.40675021618772234,8.031078838630217,5.273060514329879,0.9439514290246344,0.1393574764604493,-0.18099650501934214
55480352,1789113575539000000,3977,HEAD_POSE_ESTIMATE,estimated,-0.42287540620143993,8.064189611349716,5.142909843661137,1.0213239444958198,0.13890681198633217,-0.16835126896089952
55488352,1789113575547000000,3978,HEAD_POSE_ESTIMATE,estimated,-0.438367846590403,8.115627338030055,5.048811920630337,1.0769052682371256,0.1427415279051072,-0.1532237413862962
55503352,1789113575562000000,3979,HEAD_POSE_ESTIMATE,estimated,-0.4198103107185837,8.135829626649699,4.856347566530899,1.1318247785382127,0.1394475558204747,-0.14340759503139752
55517352,1789113575576000000,3980,HEAD_POSE_ESTIMATE,estimated,-0.42734566161200077,8.192232688129312,4.677373513025834,1.164796706409349,0.13425208457444746,-0.13833515765778398
55531352,1789113575590000000,3981,HEAD_POSE_ESTIMATE,estimated,-0.43796367921835205,8.26571145463351,4.391973394986355,1.1833869666880614,0.12586811137972403,-0.14142056632681366
55545352,1789113575604000000,3982,HEAD_POSE_ESTIMATE,estimated,-0.4605137333154067,8.298518397031359,4.091213663897028,1.1811783084966165,0.1158170587520103,-0.15270033759763377
55559352,1789113575618000000,3983,HEAD_POSE_ESTIMATE,estimated,-0.5107738469676106,8.321469795256563,3.8068763049647956,1.1739976898871942,0.10408856422548203,-0.18431609512751732
55573352,1789113575632000000,3984,HEAD_POSE_ESTIMATE,estimated,-0.5704565205114467,8.392435750239438,3.713909638964445,1.148667265668891,0.09500672009996092,-0.2261136025642873
55587352,1789113575646000000,3985,HEAD_POSE_ESTIMATE,estimated,-0.6364283048123199,8.470288837383386,3.673465583715277,1.1120495671001027,0.08823916563067358,-0.271739749903148
55601352,1789113575660000000,3986,HEAD_POSE_ESTIMATE,estimated,-0.7092497350131028,8.565150691311226,3.672674872751532,1.093369116591612,0.07993636885849781,-0.3060709550833555
55615352,1789113575674000000,3987,HEAD_POSE_ESTIMATE,estimated,-0.7569787424251202,8.617570441831019,3.5218092302482487,1.0680960759342004,0.07081941542236923,-0.3352455768718052
55629352,1789113575688000000,3988,HEAD_POSE_ESTIMATE,estimated,-0.8306968943822504,8.64715880506102,3.356046392493697,1.0535865570719516,0.057901017078242405,-0.3476839033644364
55644352,1789113575703000000,3989,HEAD_POSE_ESTIMATE,estimated,-0.8971928540437013,8.6681522409987,3.209002521600751,1.040728966028299,0.038590618676720805,-0.3394797997736714
55658352,1789113575717000000,3990,HEAD_POSE_ESTIMATE,estimated,-0.9503197280464197,8.708464187922802,3.0800511919382147,1.0155335743127625,0.01757667168299878,-0.3171222429725665
55672352,1789113575731000000,3991,HEAD_POSE_ESTIMATE,estimated,-0.9724582910227437,8.757992788549684,2.99364800373871,0.9815420141443434,-0.008270437017020701,-0.2833821057819089
55686352,1789113575745000000,3992,HEAD_POSE_ESTIMATE,estimated,-0.9805181663715972,8.800743339471017,2.8525000813575905,0.9414980774746189,-0.04578877313847241,-0.23571692409279996
55699352,1789113575758000000,3993,HEAD_POSE_ESTIMATE,estimated,-0.9795866820652324,8.830540020544149,2.725599836647193,0.8925860769776782,-0.08106091994603495,-0.18886774333080045
55713352,1789113575772000000,3994,HEAD_POSE_ESTIMATE,estimated,-0.9835724830334349,8.867441935973565,2.6060287535516795,0.8498167382132353,-0.1172962911804709,-0.1451105144692505
55727352,1789113575786000000,3995,HEAD_POSE_ESTIMATE,estimated,-0.9524755873131138,8.88891328958405,2.52360297440144,0.8227174754152387,-0.15702534771760993,-0.11241018136162587
55743352,1789113575802000000,3996,HEAD_POSE_ESTIMATE,estimated,-0.9501981539248356,8.936096001300465,2.3812983080982137,0.8116495128970017,-0.19569808069937025,-0.1020102837413013
55755352,1789113575814000000,3997,HEAD_POSE_ESTIMATE,estimated,-0.9404540916274418,8.97057001200574,2.257442025033638,0.8076519266237114,-0.22565488865933808,-0.1015399289301376
55768352,1789113575827000000,3998,HEAD_POSE_ESTIMATE,estimated,-0.9352641656816965,9.015581473728862,2.131728778767961,0.8099583021067376,-0.2578695027992175,-0.10757191908124472
55779352,1789113575838000000,3999,HEAD_POSE_ESTIMATE,estimated,-0.9333495437249932,9.059270053288799,2.003543746031637,0.8167229663703494,-0.2898059705007861,-0.11121737128730351
55794352,1789113575853000000,4000,HEAD_POSE_ESTIMATE,estimated,-0.9262450110726895,9.100560927027209,1.8910156948619643,0.8162307285206165,-0.32808784439282956,-0.1055129114411959
55809352,1789113575868000000,4001,HEAD_POSE_ESTIMATE,estimated,-0.9268595159289403,9.127636864586412,1.759337446892011,0.8220311300199313,-0.3695057294317143,-0.09366155222932254
55822352,1789113575881000000,4002,HEAD_POSE_ESTIMATE,estimated,-0.9233985512438465,9.142020807581977,1.6477217863349471,0.8190745134688828,-0.40350019203642273,-0.0788891525402777
55836352,1789113575895000000,4003,HEAD_POSE_ESTIMATE,estimated,-0.9410025094978725,9.15507533078187,1.5348334871831772,0.8152512652023197,-0.4402770547867092,-0.05152906609984299
55851352,1789113575910000000,4004,HEAD_POSE_ESTIMATE,estimated,-0.9365371453321893,9.169970861364577,1.4397041525133654,0.8176317376378832,-0.4743712162307844,-0.029852690804095614
55864352,1789113575923000000,4005,HEAD_POSE_ESTIMATE,estimated,-0.9456469542740082,9.216133760411623,1.3777702950875592,0.8288460719550924,-0.5017234564937846,-0.018089033600175646
55878352,1789113575937000000,4006,HEAD_POSE_ESTIMATE,estimated,-0.9598613351713561,9.248635512585532,1.2800037547305778,0.8311608337169465,-0.5278434534022397,-0.004882512207201292
55892352,1789113575951000000,4007,HEAD_POSE_ESTIMATE,estimated,-1.0418299948881664,9.224690927560015,1.1254652231782754,0.8415414700858956,-0.5595652109441751,-0.005368786184467514
55906352,1789113575965000000,4008,HEAD_POSE_ESTIMATE,estimated,-1.0051844267508574,9.246999119914724,1.0486893720802897,0.7980255423876893,-0.5500907635352976,-0.005129964937921453
55921352,1789113575980000000,4009,HEAD_POSE_ESTIMATE,estimated,-0.9917131243882924,9.263800585066742,1.015386450682303,0.7570272693055438,-0.5541406782908118,-0.005746235038286679
55934352,1789113575993000000,4010,HEAD_POSE_ESTIMATE,estimated,-1.007080800515097,9.279635575368033,0.950704288654119,0.7210595131765406,-0.5628960640828078,-0.00044144835602353416
55949352,1789113576008000000,4011,HEAD_POSE_ESTIMATE,estimated,-1.0109221091946206,9.286703148760163,0.9300426666529804,0.6682019355113016,-0.5613943641683014,0.01054056525851926
55963352,1789113576022000000,4012,HEAD_POSE_ESTIMATE,estimated,-1.0161149714274313,9.288143862053142,0.8959716638850004,0.6067526503814559,-0.5624754558710553,0.03345294850281861
55977352,1789113576036000000,4013,HEAD_POSE_ESTIMATE,estimated,-1.0318467966327731,9.28413970479197,0.8606831352273078,0.5670419360926543,-0.5619411451441004,0.05988268520408827
56001352,1789113576060000000,4014,HEAD_POSE_ESTIMATE,estimated,-1.0538596094900532,9.28318078368086,0.8218410059563265,0.49132536095492335,-0.5399814174945692,0.09640733145302753
56015352,1789113576074000000,4015,HEAD_POSE_ESTIMATE,estimated,-1.060628525154446,9.321371723685946,0.7092864958576885,0.4501888021553607,-0.5263787219483843,0.105760426948582
56029352,1789113576088000000,4016,HEAD_POSE_ESTIMATE,estimated,-1.0837263702831714,9.346790694144472,0.6575371830990334,0.40192830644509475,-0.5022798968083829,0.10290363687246958
56046352,1789113576105000000,4017,HEAD_POSE_ESTIMATE,estimated,-1.1173662127071793,9.39937791321254,0.6214655972994882,0.3498178879042808,-0.4658782561435449,0.08860107773675191
56058352,1789113576117000000,4018,HEAD_POSE_ESTIMATE,estimated,-1.1391443262786647,9.427467283834343,0.5854898469163683,0.2992910685407812,-0.439226400638193,0.06720544182656447
56071352,1789113576130000000,4019,HEAD_POSE_ESTIMATE,estimated,-1.149703871700253,9.470181792775339,0.5358809931350089,0.26023938972013605,-0.4039081284552856,0.05026064501837946
56087352,1789113576146000000,4020,HEAD_POSE_ESTIMATE,estimated,-1.1606238357073075,9.526437980341822,0.5096493199859442,0.23125819119190055,-0.35614401008172564,0.03761234050935776
56100352,1789113576159000000,4021,HEAD_POSE_ESTIMATE,estimated,-1.205191102212013,9.550161539093532,0.4382981126471929,0.21679621802054094,-0.3023502353673497,0.029561600709552896
56113352,1789113576172000000,4022,HEAD_POSE_ESTIMATE,estimated,-1.1550805101948438,9.601915299250008,0.43218953599756643,0.23300178171062016,-0.27247246037359424,0.036902938969686064
56128352,1789113576187000000,4023,HEAD_POSE_ESTIMATE,estimated,-1.0727019599429108,9.682738496802598,0.44987268560206956,0.27614479995810665,-0.2552488790841088,0.044554132700461706
56142352,1789113576201000000,4024,HEAD_POSE_ESTIMATE,estimated,-1.0521269602815098,9.703726470309986,0.4024831285063041,0.2985158503109541,-0.22516811757813673,0.04996154182067264
56156352,1789113576215000000,4025,HEAD_POSE_ESTIMATE,estimated,-1.0538808249459632,9.706460157178434,0.35743858373311016,0.3172978496936592,-0.19643169664669616,0.05772632677778309
56170352,1789113576229000000,4026,HEAD_POSE_ESTIMATE,estimated,-1.0331697871538479,9.697203952666023,0.3168053841236133,0.32940393901670156,-0.18359221696879835,0.0589943864111354
56184352,1789113576243000000,4027,HEAD_POSE_ESTIMATE,estimated,-1.0315632924443978,9.683256353418445,0.27183926870967473,0.32945491687963274,-0.17321567748864808,0.054500084307983504
56197352,1789113576256000000,4028,HEAD_POSE_ESTIMATE,estimated,-1.0504549026844594,9.680353257932076,0.2417748484938686,0.311118680372249,-0.16596980159639618,0.04012558189016832
56212352,1789113576271000000,4029,HEAD_POSE_ESTIMATE,estimated,-1.0603411741053945,9.692841614217809,0.20736447200173497,0.290324874004635,-0.16273922407416935,0.024481695331451666
56228352,1789113576287000000,4030,HEAD_POSE_ESTIMATE,estimated,-1.0831275598604537,9.713948789112424,0.1754451769296032,0.2658907242645946,-0.15994536418204838,0.010733592882190118
56242352,1789113576301000000,4031,HEAD_POSE_ESTIMATE,estimated,-1.0945473075465861,9.741594712472594,0.15224485424259815,0.2426407004699622,-0.15385813395181777,-0.00014316474216092472
56253352,1789113576312000000,4032,HEAD_POSE_ESTIMATE,estimated,-1.0954989255561853,9.756348953837973,0.11960733189816197,0.22565742312746986,-0.15108856830016207,-0.00029546204089762656
56267352,1789113576326000000,4033,HEAD_POSE_ESTIMATE,estimated,-1.0916821875747367,9.759860830495684,0.10331163244821873,0.21012611109703067,-0.14391925308788278,0.00718601874047108
56281352,1789113576340000000,4034,HEAD_POSE_ESTIMATE,estimated,-1.068143809718259,9.751404677166512,0.08644432919823619,0.20010414089629558,-0.12910218664206521,0.022099159425600916
56295352,1789113576354000000,4035,HEAD_POSE_ESTIMATE,estimated,-1.0401101797666497,9.721958630184762,0.06878328619970453,0.1972734762324172,-0.11604049509449077,0.038283660923603774
56309352,1789113576368000000,4036,HEAD_POSE_ESTIMATE,estimated,-0.9927579362874006,9.695335846205214,0.05525768869980652,0.19106899043527692,-0.10239223837704801,0.050916571053728966
56323352,1789113576382000000,4037,HEAD_POSE_ESTIMATE,edge_fit,-0.9548475695934678,9.644492463041924,0.04553779695916105,0.17593412917850423,-0.09027809941885595,0.05198222539789438
56337352,1789113576396000000,4038,HEAD_POSE_ESTIMATE,edge_fit,-0.9131530112687648,9.59281703680447,0.037028516979398185,0.160990865373326,-0.07951955365233154,0.05008520648323625
56352352,1789113576411000000,4039,HEAD_POSE_ESTIMATE,edge_fit,-0.8698599766554066,9.5372531799075,0.035132472435771805,0.14341285279670304,-0.06829411298241285,0.044503938478537605
56366352,1789113576425000000,4040,HEAD_POSE_ESTIMATE,edge_fit,-0.8322874227539039,9.48512577284021,0.030935932016398188,0.12555344005325283,-0.05807547331680453,0.03598778196369297
56380352,1789113576439000000,4041,HEAD_POSE_ESTIMATE,edge_fit,-0.7972661969115307,9.43275764827243,0.032303676621393385,0.10627916710029267,-0.048138396537269625,0.02426743756681042
56394352,1789113576453000000,4042,HEAD_POSE_ESTIMATE,edge_fit,-0.7618346098673265,9.38043882279276,0.03216784945121298,0.08558158163306612,-0.03849719192320386,0.009346585563315036
56408352,1789113576467000000,4043,HEAD_POSE_ESTIMATE,edge_fit,-0.7353745618023292,9.327320149633453,0.0546794770481836,0.06346979486253562,-0.029119535869509404,-0.008778452576935132
56421352,1789113576480000000,4044,HEAD_POSE_ESTIMATE,edge_fit,-0.709803340301407,9.278177340183575,0.06196831815289633,0.041652498688701405,-0.020688101772317086,-0.028443256202096808
56436352,1789113576495000000,4045,HEAD_POSE_ESTIMATE,edge_fit,-0.6770772200957025,9.221773603151354,0.06903572223430754,0.01494139018294337,-0.011306078089222097,-0.054545320470012454
