t_sync_us,capture_time_ns,source_pose_index,source,quality,accel_x_m_s2,accel_y_m_s2,accel_z_m_s2,gyro_x_rad_s,gyro_y_rad_s,gyro_z_rad_s
11542,1789025759430000000,0,HEAD_POSE_ESTIMATE,edge_fit,-0.9001990940135335,5.216945369395119,9.680882503325765,-0.421929808910164,0.2113197900864292,0.35526149588342637
29542,1789025759448000000,1,HEAD_POSE_ESTIMATE,edge_fit,-0.9682082469275737,5.228266384581478,9.524231369470758,-0.33526610867820356,0.19852148055188895,0.2855318678428321
37542,1789025759456000000,2,HEAD_POSE_ESTIMATE,edge_fit,-1.0060766335262996,5.19725294925083,9.473619061466685,-0.298920818757251,0.193446791512082,0.25729675421589837
51542,1789025759470000000,3,HEAD_POSE_ESTIMATE,edge_fit,-1.062923626175235,5.162800321653404,9.375379789897163,-0.23832056967384904,0.18631629209984207,0.21174229561375277
65542,1789025759484000000,4,HEAD_POSE_ESTIMATE,edge_fit,-1.1100044662803477,5.151255446243874,9.265926400894843,-0.18158652153822236,0.1817251136869317,0.17076515311185814
79542,1789025759498000000,5,HEAD_POSE_ESTIMATE,edge_fit,-1.1598095123160166,5.143422919070524,9.154329744078176,-0.1289137335197181,0.17939862483164315,0.1343842399508462
93542,1789025759512000000,6,HEAD_POSE_ESTIMATE,edge_fit,-1.2365318654915674,5.1259761233652785,9.044763415589813,-0.08047519036079959,0.17930646716798557,0.1026053476488798
107542,1789025759526000000,7,HEAD_POSE_ESTIMATE,edge_fit,-1.3058908323507143,5.109804026855048,8.935408086080617,-0.03585529234021861,0.1816591183328602,0.07554284349905048
123542,1789025759542000000,8,HEAD_POSE_ESTIMATE,edge_fit,-1.3818240254073229,5.144590382297861,8.779946570313411,0.010436189035947138,0.18736044631063542,0.04984026589910003
135542,1789025759554000000,9,HEAD_POSE_ESTIMATE,estimated,-1.4377311164515791,5.1926289628191,8.690482503683512,0.06567669962956499,0.19844901158659317,0.04095963980007479
149542,1789025759568000000,10,HEAD_POSE_ESTIMATE,estimated,-1.4410010199507175,5.174958543772289,8.517216949672756,0.0964747368901946,0.21325361743286664,0.02672696604295645
163542,1789025759582000000,11,HEAD_POSE_ESTIMATE,estimated,-1.4879601269482194,5.150091059706716,8.451073777155768,0.1258586761443145,0.22659731339152916,0.013760408631419415
175542,1789025759594000000,12,HEAD_POSE_ESTIMATE,estimated,-1.5318203149001524,5.168140002650233,8.45333134516053,0.16519578969777593,0.24342853442325477,0.001652127611490353
190542,1789025759609000000,13,HEAD_POSE_ESTIMATE,estimated,-1.6199402819454154,5.223519433899834,8.450228109863797,0.17998040521612038,0.2551824586935883,-0.0021651433948416928
203542,1789025759622000000,14,HEAD_POSE_ESTIMATE,estimated,-1.747362423900064,5.303520425744355,8.44781585962081,0.15734562477909073,0.2607296784975499,0.006384873408093616
217542,1789025759636000000,15,HEAD_POSE_ESTIMATE,estimated,-1.795944012203252,5.389000751250898,8.450184935377573,0.1277571047635962,0.25951864659753865,0.027377720984670756
232542,1789025759651000000,16,HEAD_POSE_ESTIMATE,estimated,-1.7967742683525314,5.477396646568991,8.455243868265597,0.09697309318945133,0.251373318274492,0.06804398680563313
245542,1789025759664000000,17,HEAD_POSE_ESTIMATE,estimated,-1.8009002373688672,5.519538588284317,8.387257535864743,0.058240408455870044,0.2328995978875409,0.10989355449483883
259542,1789025759678000000,18,HEAD_POSE_ESTIMATE,estimated,-1.8498389219703155,5.534757159139046,8.31521618262801,0.02048568883622574,0.21998173139974503,0.1577511370184346
273542,1789025759692000000,19,HEAD_POSE_ESTIMATE,estimated,-1.898660733204385,5.511987626664133,8.25724559128436,0.006413783584275552,0.21155432102020558,0.1957933929962235
287542,1789025759706000000,20,HEAD_POSE_ESTIMATE,estimated,-1.900578205841893,5.454450806801187,8.265384685602688,-0.003548833683021874,0.21904662613943207,0.23670055286372568
301542,1789025759720000000,21,HEAD_POSE_ESTIMATE,estimated,-1.9493054258278215,5.458824951172655,8.252214151562377,-0.016716044297240884,0.2319617630443008,0.26558245353832605
318542,1789025759737000000,22,HEAD_POSE_ESTIMATE,estimated,-1.9743810127271761,5.551291439552433,8.211520686913907,-0.0183433689754952,0.26058484121479863,0.27286145224312985
328542,1789025759747000000,23,HEAD_POSE_ESTIMATE,estimated,-2.008591074710948,5.557420456664486,8.177887260388518,-0.022398349497914426,0.27333946208179044,0.272757433532288
340542,1789025759759000000,24,HEAD_POSE_ESTIMATE,estimated,-2.0195287996085827,5.588693440089691,8.148406237659595,-0.023231078683031856,0.29382107112181466,0.2494009520697799
353542,1789025759772000000,25,HEAD_POSE_ESTIMATE,estimated,-1.9995148990352867,5.612524248620211,8.121542998089883,-0.02763410559495434,0.3194555224704019,0.20709840174301838
367542,1789025759786000000,26,HEAD_POSE_ESTIMATE,estimated,-1.9850920992225276,5.649360671546257,8.139519822068905,-0.0466743254911747,0.3358921141110965,0.16373454494417686
381542,1789025759800000000,27,HEAD_POSE_ESTIMATE,estimated,-1.9824135699435028,5.702989156024578,8.194075690067987,-0.07483787737059377,0.3307721607539841,0.13199856355591646
395542,1789025759814000000,28,HEAD_POSE_ESTIMATE,estimated,-1.9969588453110871,5.8207227282826794,8.246202600657941,-0.11501518127819294,0.30388029477936795,0.11475947257392471
409542,1789025759828000000,29,HEAD_POSE_ESTIMATE,estimated,-2.0089445952640452,5.90665307131475,8.234898904796806,-0.13438394344001406,0.2739074402549468,0.11487330416548006
424542,1789025759843000000,30,HEAD_POSE_ESTIMATE,estimated,-2.0176984798257185,5.92837182545803,8.222000245786111,-0.13157778814714136,0.23945044999303375,0.11464847405247745
437542,1789025759856000000,31,HEAD_POSE_ESTIMATE,estimated,-1.9792218561341137,5.873419495925444,8.203442925522472,-0.11048774505703585,0.2163863038182548,0.11262271532306935
451542,1789025759870000000,32,HEAD_POSE_ESTIMATE,estimated,-1.9164750612975696,5.831501760415296,8.181931484934163,-0.07550638865400387,0.19013421190820606,0.1252786311180628
465542,1789025759884000000,33,HEAD_POSE_ESTIMATE,estimated,-1.8598581420729925,5.7873971608004595,8.165682431573757,-0.03310222843630564,0.1647490525405237,0.12829666418037278
480542,1789025759899000000,34,HEAD_POSE_ESTIMATE,estimated,-1.8318200691305033,5.766755798306004,8.140856314358864,0.006345951127458789,0.13661819781650486,0.12463742695296884
492542,1789025759911000000,35,HEAD_POSE_ESTIMATE,estimated,-1.8153326697026917,5.745332135969269,8.121389816310657,0.03094658424551085,0.12370247094435292,0.12144843206864168
507542,1789025759926000000,36,HEAD_POSE_ESTIMATE,estimated,-1.8028308901472792,5.753663303830845,8.070769719684867,0.05622115126274981,0.10533946786163324,0.09857877422117815
523542,1789025759942000000,37,HEAD_POSE_ESTIMATE,estimated,-1.7910653395177725,5.762234317849485,8.005762645059754,0.07504691763618426,0.08821226252016826,0.06153824854823661
535542,1789025759954000000,38,HEAD_POSE_ESTIMATE,estimated,-1.77002867128294,5.765649331034044,7.966196730953125,0.07656946252905784,0.07708265030505122,0.018736191632425892
549542,1789025759968000000,39,HEAD_POSE_ESTIMATE,estimated,-1.7370192228221653,5.7436230386414975,7.9463008834393865,0.07259769457902374,0.05985231595847145,-0.019850683136983484
562542,1789025759981000000,40,HEAD_POSE_ESTIMATE,estimated,-1.7217893145692493,5.742995464875686,7.926202393913372,0.06105344219126102,0.03184684976402074,-0.05198114518637869
577542,1789025759996000000,41,HEAD_POSE_ESTIMATE,estimated,-1.719558692324345,5.741184974909271,7.900526074201491,0.03954556373909901,-0.014642792313857922,-0.07192944572476237
591542,1789025760010000000,42,HEAD_POSE_ESTIMATE,estimated,-1.7307531763792992,5.733328995660042,7.852242860210608,0.01801220002045935,-0.06031969514317844,-0.0908818316876195
605542,1789025760024000000,43,HEAD_POSE_ESTIMATE,estimated,-1.7441447320718702,5.716160792669693,7.822712381264683,-0.004385408270114228,-0.09902471500444221,-0.09838243111713653
618542,1789025760037000000,44,HEAD_POSE_ESTIMATE,estimated,-1.7504840649003668,5.694704348128487,7.805527614352918,-0.02700684428452629,-0.13320873689127913,-0.10401625282712071
632542,1789025760051000000,45,HEAD_POSE_ESTIMATE,estimated,-1.752658986948129,5.691103816684732,7.793603792119063,-0.040431514494606406,-0.16212294195635799,-0.1036483238211096
646542,1789025760065000000,46,HEAD_POSE_ESTIMATE,estimated,-1.754739474805237,5.699276402809985,7.800445623841265,-0.0632730155493852,-0.18123998875636171,-0.10013838530219121
660542,1789025760079000000,47,HEAD_POSE_ESTIMATE,estimated,-1.7408172893487992,5.700291815948238,7.832285057321566,-0.08836270868676983,-0.19565726369827938,-0.1006312202385371
674542,1789025760093000000,48,HEAD_POSE_ESTIMATE,estimated,-1.7478242479559702,5.695860519133404,7.8836269401500205,-0.10940303512806346,-0.19717031816372638,-0.10747512915238593
688542,1789025760107000000,49,HEAD_POSE_ESTIMATE,estimated,-1.7714223811981638,5.708680309316672,7.941853655220524,-0.12454577104168289,-0.1935163701975639,-0.11844912861354408
702542,1789025760121000000,50,HEAD_POSE_ESTIMATE,estimated,-1.7947657842505802,5.74586141306337,8.007660962925703,-0.13579268484291512,-0.1895869849335535,-0.13762308206111867
717542,1789025760136000000,51,HEAD_POSE_ESTIMATE,estimated,-1.8360251918809938,5.79506364311026,8.080435958640022,-0.14563570493778713,-0.19560861532739943,-0.16725186929413385
730542,1789025760149000000,52,HEAD_POSE_ESTIMATE,estimated,-1.868863425436245,5.84533247316489,8.122671892397543,-0.16725764677261815,-0.2068795696422228,-0.19177580615954468
743542,1789025760162000000,53,HEAD_POSE_ESTIMATE,estimated,-1.922646673643728,5.856543398142311,8.186677050352847,-0.17817272865951148,-0.21851063842426044,-0.20957701136071627
758542,1789025760177000000,54,HEAD_POSE_ESTIMATE,estimated,-1.971218657536147,5.896272659911812,8.212589498392797,-0.16727452527182213,-0.2326770085534331,-0.21463788128617078
772542,1789025760191000000,55,HEAD_POSE_ESTIMATE,estimated,-2.0085167299885875,5.884448193996476,8.224648234579057,-0.14660879683419256,-0.253876474793997,-0.21056087275903654
786542,1789025760205000000,56,HEAD_POSE_ESTIMATE,estimated,-2.0096957140570177,5.8920020437841805,8.214550410523586,-0.10588349563106725,-0.2585322514666604,-0.18951697337325557
800542,1789025760219000000,57,HEAD_POSE_ESTIMATE,estimated,-2.004866577989758,5.886170382273699,8.17968532920343,-0.04627477618041786,-0.24937825056345767,-0.15544032144504746
814542,1789025760233000000,58,HEAD_POSE_ESTIMATE,estimated,-1.9685139339313236,5.873829884605081,8.109062015350222,0.013959056990135402,-0.23184654010339845,-0.11245132128208316
829542,1789025760248000000,59,HEAD_POSE_ESTIMATE,estimated,-1.9263695985956921,5.833736867587824,8.013218128651548,0.08824966491670971,-0.1988408815796834,-0.07055601655830195
843542,1789025760262000000,60,HEAD_POSE_ESTIMATE,estimated,-1.8681686535857236,5.814695785974386,7.874921614857626,0.16079874700534744,-0.15987914664439817,-0.03708648859426373
854542,1789025760273000000,61,HEAD_POSE_ESTIMATE,estimated,-1.8229609466670293,5.785030672990612,7.77771610795115,0.21327819781212623,-0.12359874815747836,-0.02264566781450231
869542,1789025760288000000,62,HEAD_POSE_ESTIMATE,estimated,-1.7518911840710576,5.711736831855086,7.676264451717739,0.28851496972726015,-0.07549164591416907,-0.002438966632532707
884542,1789025760303000000,63,HEAD_POSE_ESTIMATE,estimated,-1.6900651980419428,5.664309166272377,7.576933793198347,0.32666618174113926,-0.0413928536390419,0.002529744511293368
897542,1789025760316000000,64,HEAD_POSE_ESTIMATE,estimated,-1.6444275907543953,5.609557505969927,7.518605271750352,0.3318304573471407,-0.02405191963898,0.0011228926560092707
911542,1789025760330000000,65,HEAD_POSE_ESTIMATE,estimated,-1.6139650095032856,5.588602748873877,7.474392071989121,0.3031325616096937,-0.01890864160532455,-0.01504942586526304
924542,1789025760343000000,66,HEAD_POSE_ESTIMATE,estimated,-1.6076268801175881,5.622699490485285,7.42577240403579,0.25539608570201633,-0.025734582080434144,-0.036727829228489196
939542,1789025760358000000,67,HEAD_POSE_ESTIMATE,estimated,-1.5935559026042412,5.629417052349133,7.394950383031942,0.19000972327362572,-0.03840839918450817,-0.06172252536167972
953542,1789025760372000000,68,HEAD_POSE_ESTIMATE,estimated,-1.5763399579690403,5.6578771025503,7.39160372886435,0.13533686282029225,-0.04978955443882808,-0.08157555724545397
967542,1789025760386000000,69,HEAD_POSE_ESTIMATE,estimated,-1.5565716449156544,5.691902692331674,7.411505781847153,0.0705318202451459,-0.06400773502534261,-0.09416979617158479
982542,1789025760401000000,70,HEAD_POSE_ESTIMATE,estimated,-1.5355767025460867,5.667213040330834,7.4727611831694665,-0.0012208377685048362,-0.07932399026767759,-0.10025443401551737
999542,1789025760418000000,71,HEAD_POSE_ESTIMATE,estimated,-1.5315863422775091,5.631437755299524,7.539370383018637,-0.05085840440803708,-0.08908186764557906,-0.08960775208468645
1008542,1789025760427000000,72,HEAD_POSE_ESTIMATE,estimated,-1.5382921314057156,5.627864914246659,7.575556632336288,-0.06491845668565294,-0.09717940506182289,-0.07990004281977652
1022542,1789025760441000000,73,HEAD_POSE_ESTIMATE,estimated,-1.534422657475677,5.656535568561314,7.623371791392926,-0.0670514676580617,-0.10696849869926295,-0.0724693491775324
1036542,1789025760455000000,74,HEAD_POSE_ESTIMATE,estimated,-1.5198994097822571,5.670035063877639,7.670592235423355,-0.05058809896036987,-0.11129674944013757,-0.0711453392473727
1050542,1789025760469000000,75,HEAD_POSE_ESTIMATE,estimated,-1.5121557331086568,5.671197741066157,7.730573967937999,-0.03771571270691372,-0.11735638639799297,-0.0740881966162663
1063542,1789025760482000000,76,HEAD_POSE_ESTIMATE,estimated,-1.5007350540635145,5.656431892401175,7.800074041054199,-0.02605419622809271,-0.11989807936421784,-0.0765064420084376
1078542,1789025760497000000,77,HEAD_POSE_ESTIMATE,estimated,-1.5015738600911952,5.661678139271769,7.869037430755796,-0.0191543778565729,-0.11817283653560097,-0.08061230146846342
1092542,1789025760511000000,78,HEAD_POSE_ESTIMATE,estimated,-1.5127672915421757,5.696853726453398,7.938247034465082,-0.028333604446370616,-0.11790254204206961,-0.08384000477234894
1106542,1789025760525000000,79,HEAD_POSE_ESTIMATE,estimated,-1.526713114193082,5.725559830511093,7.997784580286486,-0.03483769944444796,-0.11006979822276174,-0.08854051323526757
1120542,1789025760539000000,80,HEAD_POSE_ESTIMATE,estimated,-1.5373310108495628,5.761986691058266,8.056816633186259,-0.04387738933757071,-0.09497816618315584,-0.09622684763248113
1134542,1789025760553000000,81,HEAD_POSE_ESTIMATE,estimated,-1.533615125208873,5.796520568918304,8.114767570744673,-0.06489657446594227,-0.07507099077020872,-0.10569553323126817
1148542,1789025760567000000,82,HEAD_POSE_ESTIMATE,estimated,-1.517333071485971,5.854411787465534,8.161057271439294,-0.08228938774361622,-0.05136335393449757,-0.11361761553395724
1163542,1789025760582000000,83,HEAD_POSE_ESTIMATE,estimated,-1.4934103625894308,5.929861612039961,8.176213767520274,-0.0854980244954022,-0.0227845315801334,-0.12236358433912406
1175542,1789025760594000000,84,HEAD_POSE_ESTIMATE,estimated,-1.479693553566984,5.9665515477017745,8.190646353371873,-0.07892089983592483,0.0014288651873925443,-0.12363817023790884
1189542,1789025760608000000,85,HEAD_POSE_ESTIMATE,estimated,-1.4625593990019026,5.951897472176357,8.188239380008968,-0.05207638024134159,0.0295330100435895,-0.1317291854677659
1204542,1789025760623000000,86,HEAD_POSE_ESTIMATE,estimated,-1.4689717621730216,5.8808943114256085,8.180976882050599,-0.011629358085713757,0.05455935312526839,-0.1499614463391831
1218542,1789025760637000000,87,HEAD_POSE_ESTIMATE,estimated,-1.4719759953370646,5.812395360742274,8.158329266802138,0.02738516111082651,0.07284522928591709,-0.1732117686942147
1231542,1789025760650000000,88,HEAD_POSE_ESTIMATE,estimated,-1.4618791471440473,5.773652433620303,8.121274339853615,0.061855859049541766,0.08658769587399663,-0.1951125366956599
1247542,1789025760666000000,89,HEAD_POSE_ESTIMATE,estimated,-1.4625592077146186,5.75876561183863,8.047576989767876,0.09985612570892234,0.09466283291194641,-0.21133960700058171
1258542,1789025760677000000,90,HEAD_POSE_ESTIMATE,estimated,-1.4672626894654894,5.737208410399101,7.996050805914484,0.13032968772926903,0.09135048223998399,-0.21776208929873067
1272542,1789025760691000000,91,HEAD_POSE_ESTIMATE,estimated,-1.4875974664595994,5.689670724557771,7.953889718383788,0.16338656044236788,0.08534542000168599,-0.21714159976590855
1286542,1789025760705000000,92,HEAD_POSE_ESTIMATE,estimated,-1.5232539205625357,5.650309274901682,7.901295570225288,0.1824624262672199,0.06924594528277093,-0.22234258573069307
1300542,1789025760719000000,93,HEAD_POSE_ESTIMATE,estimated,-1.5464928724476437,5.611911140553779,7.851107848866347,0.18799764047685033,0.04654023198122949,-0.2251595015584368
1314542,1789025760733000000,94,HEAD_POSE_ESTIMATE,estimated,-1.5687592930272045,5.591190321041669,7.819140466431127,0.18053973747869187,0.019469496008756196,-0.23736157586457238
1328542,1789025760747000000,95,HEAD_POSE_ESTIMATE,estimated,-1.5872542240108682,5.5823856794364435,7.783339851005607,0.16721934495236596,-0.00578012015174943,-0.2362465524981412
1342542,1789025760761000000,96,HEAD_POSE_ESTIMATE,estimated,-1.5932354242005378,5.593054322324306,7.748578215836463,0.14955705701497263,-0.02526928939771857,-0.22069162122295652
1355542,1789025760774000000,97,HEAD_POSE_ESTIMATE,estimated,-1.6001013400081763,5.609670592936982,7.719318665044156,0.1366860944099386,-0.0340766761070088,-0.19812727521975704
1370542,1789025760789000000,98,HEAD_POSE_ESTIMATE,estimated,-1.623222923016897,5.641965766292975,7.686171844220858,0.12139211157487322,-0.03531269014930801,-0.17325628460729217
1384542,1789025760803000000,99,HEAD_POSE_ESTIMATE,estimated,-1.6337140436655837,5.662884885247431,7.666279466883291,0.10803325784562062,-0.0366239395066802,-0.15727658375237855
1398542,1789025760817000000,100,HEAD_POSE_ESTIMATE,estimated,-1.6392493566899407,5.672355197718531,7.646048721070175,0.10049314336553518,-0.03674716447918334,-0.15243186856891422
1411542,1789025760830000000,101,HEAD_POSE_ESTIMATE,estimated,-1.6481879984774905,5.692915100765844,7.631903592918157,0.0936812454265345,-0.038894499693101395,-0.1544374551770155
1425542,1789025760844000000,102,HEAD_POSE_ESTIMATE,estimated,-1.6350650289283974,5.721770787568743,7.621074374250977,0.08556070892556554,-0.03760914746291805,-0.1488236285639866
1439542,1789025760858000000,103,HEAD_POSE_ESTIMATE,estimated,-1.6324653092105037,5.750826102138498,7.603803216550115,0.0830324949237769,-0.0343514689421722,-0.14458837995518806
1453542,1789025760872000000,104,HEAD_POSE_ESTIMATE,estimated,-1.640997657002178,5.75650542270995,7.585262058107338,0.08756435346898127,-0.032153710515802326,-0.13694752834108032
1467542,1789025760886000000,105,HEAD_POSE_ESTIMATE,estimated,-1.656322635254721,5.744890903750078,7.576867628832953,0.09365825540257608,-0.030423988388395388,-0.14066608606429504
1483542,1789025760902000000,106,HEAD_POSE_ESTIMATE,estimated,-1.6711724911675983,5.721056420918698,7.577173139248374,0.09668831572546921,-0.02912011631608789,-0.15258633938077004
1494542,1789025760913000000,107,HEAD_POSE_ESTIMATE,estimated,-1.7007307081377718,5.740924992040556,7.588705615146257,0.09816820396683193,-0.03048802490928492,-0.16601770901319313
1509542,1789025760928000000,108,HEAD_POSE_ESTIMATE,estimated,-1.7197977460775662,5.761450671174779,7.597657019172345,0.09015057411419893,-0.029761171105660865,-0.17756427388584536
1525542,1789025760944000000,109,HEAD_POSE_ESTIMATE,estimated,-1.744236804401368,5.791374884241697,7.604087365371986,0.07393121610701042,-0.02839684704672135,-0.1937259046293806
1535542,1789025760954000000,110,HEAD_POSE_ESTIMATE,estimated,-1.7638336587249253,5.817740685644917,7.6038603504539,0.059067176436392914,-0.023872575186129133,-0.19678939440529553
1549542,1789025760968000000,111,HEAD_POSE_ESTIMATE,estimated,-1.7899307998348921,5.819600568967702,7.609089011081021,0.04644057511862384,-0.022677005503000926,-0.20944380817497005
1563542,1789025760982000000,112,HEAD_POSE_ESTIMATE,estimated,-1.8303314979708858,5.8105776324735645,7.616147252053407,0.043405849535112284,-0.025217677444817784,-0.22637148253173725
1578542,1789025760997000000,113,HEAD_POSE_ESTIMATE,estimated,-1.865641172370808,5.8022047256765195,7.61967160571814,0.044647809965917336,-0.03249418014630067,-0.241903048109824
1592542,1789025761011000000,114,HEAD_POSE_ESTIMATE,estimated,-1.9026276297495546,5.8143322422751185,7.615808189652027,0.052154282221921665,-0.04421840685506549,-0.25888767944198715
1607542,1789025761026000000,115,HEAD_POSE_ESTIMATE,estimated,-1.9351085190988297,5.811946946601189,7.630129122979882,0.0560588395675847,-0.05229940744986845,-0.2608784009665844
1619542,1789025761038000000,116,HEAD_POSE_ESTIMATE,estimated,-1.9636365988451878,5.815943060818909,7.6304799541381,0.059244798213284613,-0.05831259542818039,-0.2567256638027115
1634542,1789025761053000000,117,HEAD_POSE_ESTIMATE,estimated,-2.006639398342144,5.8268540069599,7.62465355269731,0.06213357669703122,-0.05962902015478651,-0.23538895297968587
1648542,1789025761067000000,118,HEAD_POSE_ESTIMATE,estimated,-1.998346429233719,5.829666433561533,7.643466025262796,0.06415289294043723,-0.059039831682882966,-0.21270291287474452
1661542,1789025761080000000,119,HEAD_POSE_ESTIMATE,estimated,-2.0022978835878997,5.8269020069215545,7.645206453084493,0.06599126327945068,-0.059759083213363484,-0.19399626677351534
1675542,1789025761094000000,120,HEAD_POSE_ESTIMATE,estimated,-2.002147749705736,5.804885296640836,7.668211514888501,0.06642482250976924,-0.06208285130783641,-0.18741103393926398
1689542,1789025761108000000,121,HEAD_POSE_ESTIMATE,estimated,-2.0097505151761235,5.791231122026518,7.686634152163017,0.060866523683134485,-0.06254968594401177,-0.18056966739719807
1705542,1789025761124000000,122,HEAD_POSE_ESTIMATE,estimated,-2.0091733502788456,5.79470175262573,7.703847257962425,0.05217443382708873,-0.06406364742982866,-0.17734137738233802
1722542,1789025761141000000,123,HEAD_POSE_ESTIMATE,estimated,-2.03173578065064,5.82374043738895,7.692033975803931,0.04040047746971966,-0.06688611934087067,-0.175937778089427
1744542,1789025761163000000,124,HEAD_POSE_ESTIMATE,estimated,-2.061310426476633,5.8539110661237705,7.637727651364622,0.042882928204603724,-0.07063748557027433,-0.17473119613494936
1757542,1789025761176000000,125,HEAD_POSE_ESTIMATE,estimated,-2.084986524675916,5.851675495137657,7.603188627794269,0.04879809613072595,-0.07378012631111314,-0.17483581600726855
1772542,1789025761191000000,126,HEAD_POSE_ESTIMATE,estimated,-2.1094190313933736,5.811598307848684,7.574805226148886,0.058101816495473094,-0.0798958377334193,-0.17715794836559443
1786542,1789025761205000000,127,HEAD_POSE_ESTIMATE,estimated,-2.1296587939669402,5.780009441702843,7.5469056650435595,0.06418481989328528,-0.08174303673590509,-0.17388558140205798
1799542,1789025761218000000,128,HEAD_POSE_ESTIMATE,estimated,-2.149807946316152,5.756801038922654,7.51497725832143,0.0723021142051529,-0.08043256216011102,-0.16509059189217432
1814542,1789025761233000000,129,HEAD_POSE_ESTIMATE,estimated,-2.1835969604607954,5.751073988293881,7.485968323320313,0.08550787050158015,-0.07567170052004692,-0.14831275682433068
1828542,1789025761247000000,130,HEAD_POSE_ESTIMATE,estimated,-2.2175067592488804,5.743230160480781,7.457042004155561,0.09657037224187567,-0.06845356185608406,-0.13309889875172454
1843542,1789025761262000000,131,HEAD_POSE_ESTIMATE,estimated,-2.2485647796138997,5.7399209916953735,7.434156093038461,0.10075235603647807,-0.0598337331341348,-0.12139337640454102
1856542,1789025761275000000,132,HEAD_POSE_ESTIMATE,estimated,-2.2420439671011043,5.758051920616905,7.446505281838317,0.08863848374832163,-0.055362454185097755,-0.11564561485619539
1870542,1789025761289000000,133,HEAD_POSE_ESTIMATE,estimated,-2.226689535612069,5.771594510922455,7.4643715305291245,0.07508248624371647,-0.04920875294442049,-0.11265126739795407
1885542,1789025761304000000,134,HEAD_POSE_ESTIMATE,estimated,-2.2324057770007726,5.775285475916537,7.4782410476678525,0.05780185803942099,-0.0377484299686752,-0.09617858339162481
1897542,1789025761316000000,135,HEAD_POSE_ESTIMATE,estimated,-2.228089375083759,5.773557343012059,7.496726291619151,0.03975599197776812,-0.02816203005972869,-0.07979096229529838
1912542,1789025761331000000,136,HEAD_POSE_ESTIMATE,estimated,-2.2169472365194203,5.7687068716883045,7.513322595852692,0.025498635762988917,-0.02089151309128618,-0.06856240763770564
1925542,1789025761344000000,137,HEAD_POSE_ESTIMATE,estimated,-2.199477510882074,5.7460691073071075,7.534958598028499,0.01209965960527001,-0.014904197554255023,-0.05980806958087867
1940542,1789025761359000000,138,HEAD_POSE_ESTIMATE,estimated,-2.1742084292475066,5.741267390710792,7.542860108087105,6.0874224357343156e-05,-0.009090932693483416,-0.04892062944573429
1954542,1789025761373000000,139,HEAD_POSE_ESTIMATE,estimated,-2.1424519263785844,5.763199213828203,7.546185510083851,-0.011267458959139939,-0.00014276657561627639,-0.029438148854328283
1967542,1789025761386000000,140,HEAD_POSE_ESTIMATE,estimated,-2.1099408755068825,5.788855125674365,7.539477675646219,-0.021817843412431766,0.008793958962360253,-0.009899426796320368
1982542,1789025761401000000,141,HEAD_POSE_ESTIMATE,estimated,-2.077071815539432,5.795593095370927,7.538907889921322,-0.02876022230735031,0.016144917018175,0.004819122473432462
1996542,1789025761415000000,142,HEAD_POSE_ESTIMATE,estimated,-2.0641722293562275,5.774147259342289,7.56377503784518,-0.028299210860162363,0.022668978484118765,0.012623385331605981
2010542,1789025761429000000,143,HEAD_POSE_ESTIMATE,estimated,-2.0620018370987876,5.766302508310137,7.578131520680655,-0.025974637261699966,0.02002000120550591,0.0047550408830302785
2024542,1789025761443000000,144,HEAD_POSE_ESTIMATE,estimated,-2.067296479457708,5.760440415873807,7.601025236953791,-0.025488380878225463,0.011199387455013548,-0.011430897777238767
2038542,1789025761457000000,145,HEAD_POSE_ESTIMATE,estimated,-2.080288683405682,5.776155142569222,7.615222062998957,-0.027907172527438677,-0.0013977502073885403,-0.03020384198056176
2052542,1789025761471000000,146,HEAD_POSE_ESTIMATE,estimated,-2.1027861468833122,5.771025724517562,7.616566727633015,-0.020836326141299256,-0.018018903691148603,-0.05083157699335793
2066542,1789025761485000000,147,HEAD_POSE_ESTIMATE,estimated,-2.1301053367258485,5.7634599517678335,7.610685578402181,-0.008573785137593931,-0.03164386923244795,-0.06550964034923731
2080542,1789025761499000000,148,HEAD_POSE_ESTIMATE,estimated,-2.154401587861706,5.756080667780464,7.595318733130927,0.0071820179367451005,-0.04071782212426501,-0.07438140075362676
2094542,1789025761513000000,149,HEAD_POSE_ESTIMATE,estimated,-2.178782451925029,5.749513432261137,7.594666275817171,0.022014180778945906,-0.04943657556741813,-0.08179623483112544
2107542,1789025761526000000,150,HEAD_POSE_ESTIMATE,estimated,-2.1859062828776397,5.730389596657544,7.599604619639081,0.02861258972976984,-0.051862744431663166,-0.08252562001906331
2121542,1789025761540000000,151,HEAD_POSE_ESTIMATE,estimated,-2.18648498755006,5.718796376922903,7.584009620219302,0.0324011151077161,-0.04989235406239802,-0.07731194660415179
2135542,1789025761554000000,152,HEAD_POSE_ESTIMATE,estimated,-2.207305320424361,5.738671057450763,7.58992221595948,0.020044044565499186,-0.030344873917823784,-0.039131555892594205
2149542,1789025761568000000,153,HEAD_POSE_ESTIMATE,estimated,-2.198306552147564,5.739923114396154,7.573853598780185,0.010001425485110429,-0.01407060482332827,-0.010298521330275949
2165542,1789025761584000000,154,HEAD_POSE_ESTIMATE,estimated,-2.1904509623142383,5.753496497471411,7.554467867623161,-0.00313445958648297,0.004549877229229883,0.01105591261964336
2177542,1789025761596000000,155,HEAD_POSE_ESTIMATE,estimated,-2.1888828176149144,5.7729581535452645,7.544726807542987,-0.01364813332856396,0.016650667418102467,0.011034425189203336
2190542,1789025761609000000,156,HEAD_POSE_ESTIMATE,estimated,-2.18769104402156,5.786654543019483,7.537699305130073,-0.02183501680406296,0.02827520910617187,0.0041966841513508355
2209542,1789025761628000000,157,HEAD_POSE_ESTIMATE,estimated,-2.186977648143407,5.7887818408917955,7.551990488230033,-0.035230138499839726,0.040682988601552506,-0.010406213811138394
2219542,1789025761638000000,158,HEAD_POSE_ESTIMATE,estimated,-2.193482189613428,5.793726144379933,7.564594176580173,-0.04191321586265581,0.04490224131423928,-0.017082027007801114
2245542,1789025761664000000,159,HEAD_POSE_ESTIMATE,estimated,-2.212469260678534,5.807842404964072,7.587319379252846,-0.04445571409993278,0.05425285308299665,-0.035794688850003004
2259542,1789025761678000000,160,HEAD_POSE_ESTIMATE,estimated,-2.227603587943595,5.796887385032851,7.595526104600756,-0.03730780398526888,0.057196780427360004,-0.043153929570828885
2270542,1789025761689000000,161,HEAD_POSE_ESTIMATE,estimated,-2.2418873596974818,5.780387473660459,7.609178677352461,-0.02583556108957811,0.06254364509883885,-0.040130294055437825
2285542,1789025761704000000,162,HEAD_POSE_ESTIMATE,estimated,-2.251203455670597,5.786282070911137,7.626325526200144,-0.016741194686548617,0.06491657726159733,-0.04107775886788866
2298542,1789025761717000000,163,HEAD_POSE_ESTIMATE,estimated,-2.250079515800743,5.796379762212927,7.624419035994291,-0.005227780467901103,0.06517695539774009,-0.038423420682467894
2312542,1789025761731000000,164,HEAD_POSE_ESTIMATE,estimated,-2.26096716559768,5.8007065977875705,7.636939922980359,0.0008242285496684285,0.06386255141125437,-0.04132792712089877
2325542,1789025761744000000,165,HEAD_POSE_ESTIMATE,estimated,-2.267848958303828,5.789962301306941,7.6331265937661135,0.0024281852704361117,0.0574824801264624,-0.051146296899330805
2340542,1789025761759000000,166,HEAD_POSE_ESTIMATE,estimated,-2.294892738183549,5.788379551471421,7.653576054616977,0.006058127514233454,0.043403963886695,-0.06732522019101088
2353542,1789025761772000000,167,HEAD_POSE_ESTIMATE,estimated,-2.2954609594779414,5.781545942449564,7.648671478538574,0.005408293075780723,0.03624510559163225,-0.06882980761975345
2367542,1789025761786000000,168,HEAD_POSE_ESTIMATE,estimated,-2.2896534264950743,5.777200025272762,7.644224959617571,-0.0009518800841704695,0.02749517705065449,-0.07363033885980921
2382542,1789025761801000000,169,HEAD_POSE_ESTIMATE,estimated,-2.3027161451393168,5.790093442997058,7.645839877293533,-0.009119637202942819,0.017473803727732405,-0.07216189830832964
2396542,1789025761815000000,170,HEAD_POSE_ESTIMATE,estimated,-2.3179060281901713,5.806852001132727,7.64026380883634,-0.021666288788991406,0.00786400261261423,-0.06685142746676366
2410542,1789025761829000000,171,HEAD_POSE_ESTIMATE,estimated,-2.3276593966922383,5.8060194857707295,7.633355594557369,-0.028239522576923866,-0.0033890883988005513,-0.06304597466053269
2424542,1789025761843000000,172,HEAD_POSE_ESTIMATE,estimated,-2.3228476054037333,5.794841489114588,7.632877731748469,-0.02778556197866892,-0.012116357245696601,-0.05705926433501706
2437542,1789025761856000000,173,HEAD_POSE_ESTIMATE,estimated,-2.3209602344237346,5.786567989138152,7.629356587187769,-0.022959187099949083,-0.01806752576572649,-0.049747087261781564
2451542,1789025761870000000,174,HEAD_POSE_ESTIMATE,estimated,-2.3246347318447187,5.782894481449323,7.6341931274671255,-0.012251056221962616,-0.019080881576222748,-0.03495334271246332
2466542,1789025761885000000,175,HEAD_POSE_ESTIMATE,estimated,-2.3206689607867257,5.7677468454835825,7.643395061063048,-0.004356977508824498,-0.018361331561616043,-0.025666088232528767
2478542,1789025761897000000,176,HEAD_POSE_ESTIMATE,estimated,-2.3195779332720687,5.769774097046245,7.641290199705513,0.0010036343197877876,-0.01634571257439359,-0.022894808958337683
2491542,1789025761910000000,177,HEAD_POSE_ESTIMATE,estimated,-2.3183520255397716,5.763274861405696,7.643414238966357,0.0022676273157885038,-0.015385697796077387,-0.030209814677023616
2506542,1789025761925000000,178,HEAD_POSE_ESTIMATE,estimated,-2.30862766766762,5.770238700070525,7.620800373239768,0.005863694644220178,-0.01367497829158798,-0.03819865621446774
2521542,1789025761940000000,179,HEAD_POSE_ESTIMATE,estimated,-2.296094826033163,5.764314356032469,7.605127817777204,0.009357613270476345,-0.009428768603371662,-0.04241151739581275
2534542,1789025761953000000,180,HEAD_POSE_ESTIMATE,estimated,-2.2858742321115546,5.750336126288995,7.59366804168839,0.011120156539639102,-0.0047903169822511235,-0.041831571576143554
2548542,1789025761967000000,181,HEAD_POSE_ESTIMATE,estimated,-2.277239335526629,5.734991258160891,7.589945380667611,0.0086707263688964,0.0019607862011776587,-0.03747544115210096
2566542,1789025761985000000,182,HEAD_POSE_ESTIMATE,estimated,-2.284890291954934,5.731007498338152,7.582843997173809,0.00809765049232429,0.008908383320836077,-0.03849605994927492
2575542,1789025761994000000,183,HEAD_POSE_ESTIMATE,estimated,-2.289403223414625,5.734468086207592,7.582754289078863,0.0068343855987019276,0.010279080119479601,-0.04341260250219111
2589542,1789025762008000000,184,HEAD_POSE_ESTIMATE,estimated,-2.2978110513051586,5.743941131411944,7.571544785161961,0.014011702747527286,0.010493076943688553,-0.05321355132256307
2604542,1789025762023000000,185,HEAD_POSE_ESTIMATE,estimated,-2.309609634135636,5.755337664342207,7.563461860590436,0.023937328081392508,0.011211134016784363,-0.062026603880861925
2618542,1789025762037000000,186,HEAD_POSE_ESTIMATE,estimated,-2.3185889059581197,5.748786532832541,7.558085070631626,0.034554390758403865,0.012975235651157631,-0.06474577626908866
2632542,1789025762051000000,187,HEAD_POSE_ESTIMATE,estimated,-2.3317435408347857,5.742380226115509,7.566974082055009,0.03693659128614154,0.018487075283769118,-0.05971511870885164
2645542,1789025762064000000,188,HEAD_POSE_ESTIMATE,estimated,-2.3407835118090192,5.743258071006754,7.574370974477133,0.03318689846534383,0.02263709976476824,-0.05634730903978676
2659542,1789025762078000000,189,HEAD_POSE_ESTIMATE,estimated,-2.3565603935283885,5.7555146103089765,7.57284765817568,0.02581383167188267,0.024025882332691924,-0.0572724056258634
2674542,1789025762093000000,190,HEAD_POSE_ESTIMATE,estimated,-2.368879448752915,5.770922853540918,7.574337696590435,0.013476714508724074,0.022006945360962968,-0.0688938716102065
2688542,1789025762107000000,191,HEAD_POSE_ESTIMATE,estimated,-2.3710406182646824,5.7730785345594455,7.571060451572934,0.003824596862056084,0.018216952368462016,-0.07569419565119992
2702542,1789025762121000000,192,HEAD_POSE_ESTIMATE,estimated,-2.3713552607692954,5.769329648752642,7.570088936622811,-0.004938190979972673,0.014575867931881195,-0.07755221798652467
2717542,1789025762136000000,193,HEAD_POSE_ESTIMATE,estimated,-2.371473722169883,5.764448578170217,7.581854126229119,-0.011858624534472912,0.011412060100293726,-0.07456719682700284
2729542,1789025762148000000,194,HEAD_POSE_ESTIMATE,estimated,-2.376380238222855,5.775102687347037,7.586293709454986,-0.018107841307655404,0.009204230955550284,-0.06939218143496524
2744542,1789025762163000000,195,HEAD_POSE_ESTIMATE,estimated,-2.3802662513626758,5.78605668717743,7.586864316149722,-0.02081374825170479,0.005670236440733231,-0.06482615538527868
2757542,1789025762176000000,196,HEAD_POSE_ESTIMATE,estimated,-2.3800392395693337,5.7900553847148375,7.578898560335464,-0.017688833490483773,0.0019270750084020205,-0.06276308194105908
2771542,1789025762190000000,197,HEAD_POSE_ESTIMATE,estimated,-2.383816720923775,5.767365301971491,7.575996733915858,-0.008101727750442331,-0.002463617137453711,-0.06386642586750235
2786542,1789025762205000000,198,HEAD_POSE_ESTIMATE,estimated,-2.3791862481711155,5.746553290980484,7.573117847476032,0.0034007532442153227,-0.005964155694344711,-0.0615596615920545
2801542,1789025762220000000,199,HEAD_POSE_ESTIMATE,estimated,-2.3762464332789213,5.726013100433371,7.5767043152728295,0.013243192876293493,-0.007557189491708415,-0.05693871441666093
2813542,1789025762232000000,200,HEAD_POSE_ESTIMATE,estimated,-2.3823268533589728,5.732314308582142,7.5845619568269855,0.015804835702492664,-0.005560864737574392,-0.0494703535120146
2828542,1789025762247000000,201,HEAD_POSE_ESTIMATE,estimated,-2.38083596304037,5.740256677455678,7.586118060176902,0.01618941521927343,-0.0038323556623211146,-0.044972232652251865
2841542,1789025762260000000,202,HEAD_POSE_ESTIMATE,estimated,-2.383686176994489,5.7420681537981215,7.584633182457818,0.01570268801684777,-0.003081539677012,-0.049055942126598494
2855542,1789025762274000000,203,HEAD_POSE_ESTIMATE,estimated,-2.3887534870480653,5.742383975823442,7.5831369172802665,0.015711760903144995,-0.004674375278104165,-0.056887095039967216
2869542,1789025762288000000,204,HEAD_POSE_ESTIMATE,estimated,-2.3904574407330426,5.741761765249114,7.578173349684861,0.01871447997355103,-0.007337028726126145,-0.0660129329392498
2883542,1789025762302000000,205,HEAD_POSE_ESTIMATE,estimated,-2.394046226208731,5.743601660000053,7.574286145118394,0.019565844218462754,-0.010783135192177586,-0.0730286180121571
2897542,1789025762316000000,206,HEAD_POSE_ESTIMATE,estimated,-2.40190537093852,5.742163970428098,7.571922156940653,0.018089204249915614,-0.015161465767788337,-0.07569510160085523
2911542,1789025762330000000,207,HEAD_POSE_ESTIMATE,estimated,-2.4137181214345107,5.736825163310632,7.570436090600012,0.012469022063935641,-0.01836483947725858,-0.07574520681738396
2927542,1789025762346000000,208,HEAD_POSE_ESTIMATE,estimated,-2.4277562214944615,5.742143889596592,7.560778361307029,0.006858717696074491,-0.022367623295551253,-0.0753799605885899
2939542,1789025762358000000,209,HEAD_POSE_ESTIMATE,estimated,-2.439072116261992,5.753914179563835,7.553126333971382,0.003365947028424764,-0.026143459265632583,-0.07455693161803367
2956542,1789025762375000000,210,HEAD_POSE_ESTIMATE,estimated,-2.451370328100703,5.751840039635586,7.5384197799132115,0.0023448770902186355,-0.03115984980316504,-0.07423174334260128
2967542,1789025762386000000,211,HEAD_POSE_ESTIMATE,estimated,-2.4587116199700794,5.743903159423521,7.535196967147459,0.004086897310856572,-0.033884873128895085,-0.07179236558137125
2980542,1789025762399000000,212,HEAD_POSE_ESTIMATE,estimated,-2.465336113506729,5.717013317058791,7.538170693067092,0.0058460415070975425,-0.034867045376056574,-0.06813195078386584
2993542,1789025762412000000,213,HEAD_POSE_ESTIMATE,estimated,-2.4712251107331795,5.690406781453289,7.547154098453635,0.007004003839677424,-0.03323240774288137,-0.06261866914230463
3007542,1789025762426000000,214,HEAD_POSE_ESTIMATE,estimated,-2.4764018916887918,5.681976202321213,7.551512617241424,0.006652010919780793,-0.029669006682561325,-0.05910484820619315
3022542,1789025762441000000,215,HEAD_POSE_ESTIMATE,estimated,-2.482816596131655,5.687627867246205,7.550621514099299,0.0071857343300087305,-0.025626159805730037,-0.056300125156578146
3036542,1789025762455000000,216,HEAD_POSE_ESTIMATE,estimated,-2.490404842235411,5.699508949192434,7.550333163449248,0.00943223717441741,-0.02276778646308346,-0.05543849707490555
3050542,1789025762469000000,217,HEAD_POSE_ESTIMATE,estimated,-2.497887394973242,5.697953891778005,7.564413054727904,0.010445580105878921,-0.02174346565849519,-0.05301699665448184
3063542,1789025762482000000,218,HEAD_POSE_ESTIMATE,estimated,-2.506890466767799,5.691618947858769,7.5851247339322105,0.007521941881664512,-0.02059148132273923,-0.050138033314921136
3077542,1789025762496000000,219,HEAD_POSE_ESTIMATE,estimated,-2.5103071583008414,5.694862803823885,7.603203859076742,-0.0016564378415544275,-0.020635029984706378,-0.04876587117999663
3091542,1789025762510000000,220,HEAD_POSE_ESTIMATE,estimated,-2.5203140385328053,5.705464437000546,7.622306315895051,-0.0195663233063992,-0.020188565819644087,-0.04790943252969838
3105542,1789025762524000000,221,HEAD_POSE_ESTIMATE,estimated,-2.5317937017991365,5.708359036189045,7.6357456205940535,-0.03250258539656938,-0.020103170929944115,-0.04765381153205808
3120542,1789025762539000000,222,HEAD_POSE_ESTIMATE,estimated,-2.540607197942343,5.712314849360133,7.642588240293532,-0.03916309250655424,-0.0200522586828537,-0.04747529748770881
3133542,1789025762552000000,223,HEAD_POSE_ESTIMATE,estimated,-2.549342264738342,5.7057715766974875,7.650165842759408,-0.03792384682461989,-0.021196558605000974,-0.04797276901820904
3147542,1789025762566000000,224,HEAD_POSE_ESTIMATE,estimated,-2.5548140776646724,5.707015152802387,7.649695617144968,-0.03227127615487512,-0.0212245677358388,-0.04809439254500763
3163542,1789025762582000000,225,HEAD_POSE_ESTIMATE,estimated,-2.5621391766051973,5.703709603280169,7.6495811882278,-0.022445881410353835,-0.019546932738757194,-0.046195742123693824
3175542,1789025762594000000,226,HEAD_POSE_ESTIMATE,estimated,-2.5666653670627473,5.693838995096128,7.652313895545051,-0.011280201863974802,-0.01733301991197786,-0.04582631759948765
3189542,1789025762608000000,227,HEAD_POSE_ESTIMATE,estimated,-2.5700703674861853,5.679888761172548,7.654351965357334,0.0004654583465480936,-0.014485831069581324,-0.04314252127113723
3203542,1789025762622000000,228,HEAD_POSE_ESTIMATE,estimated,-2.568099693606604,5.680942390743108,7.648440457690123,0.012923546742962738,-0.012253942257516226,-0.038657841876352135
3216542,1789025762635000000,229,HEAD_POSE_ESTIMATE,estimated,-2.5676901812288255,5.67954868439614,7.646478434766493,0.020475501369023368,-0.010643512201979682,-0.03378277098699115
3231542,1789025762650000000,230,HEAD_POSE_ESTIMATE,estimated,-2.5687487502940956,5.684462251164295,7.645115887406322,0.02306576322264189,-0.009418388040962684,-0.02571822806425417
3245542,1789025762664000000,231,HEAD_POSE_ESTIMATE,estimated,-2.568726528621104,5.692225802972909,7.637156748783387,0.016787235044462126,-0.007176432173611194,-0.019168448997950685
3259542,1789025762678000000,232,HEAD_POSE_ESTIMATE,estimated,-2.564415721069559,5.703745241289825,7.626877168365077,0.008692093816859295,-0.003491207715398496,-0.012459346647228834
3273542,1789025762692000000,233,HEAD_POSE_ESTIMATE,estimated,-2.564648779319737,5.699708734380967,7.621948673807425,-0.0019979392170717198,0.0013687215835165272,-0.007179356072579157
3289542,1789025762708000000,234,HEAD_POSE_ESTIMATE,estimated,-2.5549943781341846,5.691609098664575,7.6131191086516345,-0.005237856674804316,0.005489217571009939,-0.0005922829846009318
3300542,1789025762719000000,235,HEAD_POSE_ESTIMATE,estimated,-2.546972483611508,5.680424205793683,7.608145309921064,-0.005002565879720612,0.009017916768660672,0.0052054363761201315
3314542,1789025762733000000,236,HEAD_POSE_ESTIMATE,estimated,-2.5504621671593983,5.6749281867219645,7.615956875076686,0.0032648664077948074,0.012996346117750189,0.01384298903514019
3328542,1789025762747000000,237,HEAD_POSE_ESTIMATE,estimated,-2.5517404990060775,5.67994679737567,7.620829077269669,0.007876976203595128,0.017261366548673395,0.018915675661624463
3342542,1789025762761000000,238,HEAD_POSE_ESTIMATE,estimated,-2.5499735101622205,5.6900381563308615,7.620308427590047,0.009071639184092324,0.01961024544900016,0.019288908111487833
3357542,1789025762776000000,239,HEAD_POSE_ESTIMATE,estimated,-2.5436850617715674,5.707753984453169,7.612146377583815,0.010229366131004699,0.021228432328632967,0.017599543294251844
3370542,1789025762789000000,240,HEAD_POSE_ESTIMATE,estimated,-2.5342992682052925,5.7143496060283105,7.603375261692534,0.008603132501672241,0.02161807666075299,0.013822024002564966
3384542,1789025762803000000,241,HEAD_POSE_ESTIMATE,estimated,-2.519808461559594,5.7184445390502745,7.596538747366346,0.008385452556461642,0.022129932564533477,0.011431745178551982
3397542,1789025762816000000,242,HEAD_POSE_ESTIMATE,estimated,-2.511759211237551,5.707335217375998,7.597719530245036,0.009043495583075871,0.02287572750452621,0.012767381131806936
3412542,1789025762831000000,243,HEAD_POSE_ESTIMATE,estimated,-2.504102578375153,5.704701892554992,7.598412958954276,0.013612964243338221,0.02577427523470257,0.018354777690671533
3426542,1789025762845000000,244,HEAD_POSE_ESTIMATE,estimated,-2.5009155236857517,5.697410689563988,7.602901218223797,0.015448391517419533,0.026008691846547954,0.018818925566429695
3440542,1789025762859000000,245,HEAD_POSE_ESTIMATE,estimated,-2.4920874104673305,5.701757324173646,7.589710257022884,0.020359026432025095,0.02378542701707805,0.016353501341625044
3455542,1789025762874000000,246,HEAD_POSE_ESTIMATE,estimated,-2.48666015244016,5.712935772463517,7.56923011313295,0.02850470651057815,0.018125778397364845,0.00796698778496285
3467542,1789025762886000000,247,HEAD_POSE_ESTIMATE,estimated,-2.483283891064391,5.711993460031733,7.549248286447999,0.03785924339732741,0.010687012118266394,0.0015964232592870014
3481542,1789025762900000000,248,HEAD_POSE_ESTIMATE,estimated,-2.476576679544718,5.704632435073553,7.523770910179455,0.0434171586533718,0.0029098265657579612,-0.0020325782615897773
3495542,1789025762914000000,249,HEAD_POSE_ESTIMATE,estimated,-2.4756577104282367,5.680268414282856,7.519806754138591,0.04637512171718569,-0.0017185565232730178,0.0020420594709036123
3509542,1789025762928000000,250,HEAD_POSE_ESTIMATE,estimated,-2.475306541707946,5.674096371819413,7.520785321530401,0.045246621330462033,-0.0034224336389459364,0.005870880153299391
3527542,1789025762946000000,251,HEAD_POSE_ESTIMATE,estimated,-2.4821919793842997,5.676947332294763,7.528377105681351,0.04175477632303132,-0.004194061453296905,0.006975910411268392
3536542,1789025762955000000,252,HEAD_POSE_ESTIMATE,estimated,-2.4908395620940857,5.691570484350403,7.530062095584276,0.036681835584520005,-0.0035952572079631442,0.001979419464989152
3550542,1789025762969000000,253,HEAD_POSE_ESTIMATE,estimated,-2.497862864426319,5.703063848794805,7.525413804762399,0.032117604127658725,-0.004460111527081148,-0.0032028485569885142
3564542,1789025762983000000,254,HEAD_POSE_ESTIMATE,estimated,-2.493074212111149,5.711203205503913,7.522111337178525,0.028472926629784533,-0.004420962522052714,-0.008163721088430819
3579542,1789025762998000000,255,HEAD_POSE_ESTIMATE,estimated,-2.489759669498095,5.717050404283648,7.513739247521425,0.02524224045090011,-0.0045543995297623666,-0.010295213782016166
3591542,1789025763010000000,256,HEAD_POSE_ESTIMATE,estimated,-2.487845097654077,5.714797268418671,7.515166136084518,0.025699776080511983,-0.0038767664968293145,-0.008796775330187844
3605542,1789025763024000000,257,HEAD_POSE_ESTIMATE,estimated,-2.4931966410880992,5.712299225689339,7.516447171210094,0.02581047943262543,-0.004714654790927281,-0.007106671733517337
3619542,1789025763038000000,258,HEAD_POSE_ESTIMATE,estimated,-2.4973500058769793,5.707550766611494,7.515658678695093,0.024185898142710868,-0.00851374138493994,-0.006795871193681245
3633542,1789025763052000000,259,HEAD_POSE_ESTIMATE,estimated,-2.506315202055989,5.703309023237282,7.517460538168579,0.02188719783315152,-0.01840908401421364,-0.010595754119388276
3649542,1789025763068000000,260,HEAD_POSE_ESTIMATE,estimated,-2.507079906940105,5.700826156210621,7.514210913465701,0.016556946127248406,-0.024943882034892957,-0.005991411646559829
3661542,1789025763080000000,261,HEAD_POSE_ESTIMATE,estimated,-2.5057295315422636,5.707409435801363,7.506830957526668,0.010156023316108476,-0.02863180713375009,0.0012007957979708558
3675542,1789025763094000000,262,HEAD_POSE_ESTIMATE,estimated,-2.4988251235243415,5.717392472532105,7.512504110620786,-0.00016705205511423013,-0.029096605459633634,0.015054325311739536
3689542,1789025763108000000,263,HEAD_POSE_ESTIMATE,estimated,-2.4898308731570906,5.7211933918850875,7.51489049939453,-0.009048524005011965,-0.02484078377705091,0.02782337657341241
3704542,1789025763123000000,264,HEAD_POSE_ESTIMATE,estimated,-2.4768324110738504,5.7178071307121385,7.522903703980527,-0.013965455853817518,-0.017286064642266504,0.03642462110735107
3717542,1789025763136000000,265,HEAD_POSE_ESTIMATE,estimated,-2.46706254079207,5.708633925490699,7.5295441114993915,-0.016101620731806814,-0.009551371104903783,0.036106654362260515
3731542,1789025763150000000,266,HEAD_POSE_ESTIMATE,estimated,-2.4562749608908687,5.7120610829586145,7.528706750687842,-0.013316823917973215,-0.00014551520427205536,0.03311163111650092
3745542,1789025763164000000,267,HEAD_POSE_ESTIMATE,estimated,-2.4508492123045524,5.706052029209488,7.523769993385705,-0.0112086459612003,0.007763264882255245,0.02839090702896647
3759542,1789025763178000000,268,HEAD_POSE_ESTIMATE,estimated,-2.4435952300191848,5.699052483143553,7.513770762443404,-0.008856774963857497,0.017060879330047227,0.0264909619433432
3773542,1789025763192000000,269,HEAD_POSE_ESTIMATE,estimated,-2.4332669580108726,5.69098826860555,7.513302562942491,-0.005883605372316754,0.0269466584560945,0.025547299725998385
3788542,1789025763207000000,270,HEAD_POSE_ESTIMATE,estimated,-2.424423951368433,5.686353125989814,7.504212809565655,-0.005336049324588407,0.03393943348081951,0.025181698164098903
3802542,1789025763221000000,271,HEAD_POSE_ESTIMATE,estimated,-2.4171969433084417,5.6892327816701425,7.493510330885312,-0.008273151679081605,0.0363711528037746,0.02300230432455867
3815542,1789025763234000000,272,HEAD_POSE_ESTIMATE,estimated,-2.4214455883611543,5.696840007836542,7.503973083701905,-0.01706614410245813,0.032797970508270616,0.01989035295787949
3830542,1789025763249000000,273,HEAD_POSE_ESTIMATE,estimated,-2.425444300318961,5.707477930902729,7.509619216729766,-0.029328990287620767,0.026655232348757645,0.01673224620226574
3846542,1789025763265000000,274,HEAD_POSE_ESTIMATE,estimated,-2.4274319658032932,5.711200733062844,7.527666310243821,-0.04252658156902199,0.019279026330897,0.015680797119762883
3856542,1789025763275000000,275,HEAD_POSE_ESTIMATE,estimated,-2.431796358142156,5.715788560001241,7.538021594863122,-0.054001100731130326,0.01385586271256278,0.017822908172814705
3870542,1789025763289000000,276,HEAD_POSE_ESTIMATE,estimated,-2.430390805760359,5.725521711373211,7.5528841849381605,-0.06287674111630713,0.008908125629239164,0.020933097383081144
3887542,1789025763306000000,277,HEAD_POSE_ESTIMATE,estimated,-2.4252665501100115,5.725467102258611,7.582639498064284,-0.0671699008093065,0.006631819635726378,0.02504453824540579
3898542,1789025763317000000,278,HEAD_POSE_ESTIMATE,estimated,-2.4202080008209115,5.721256705941361,7.601650470456211,-0.06309359054004307,0.007877046521801292,0.026928447204590047
3912542,1789025763331000000,279,HEAD_POSE_ESTIMATE,estimated,-2.424669741567931,5.72092999710447,7.623266588928594,-0.05392477301088242,0.009029745857559649,0.024607446306625244
3927542,1789025763346000000,280,HEAD_POSE_ESTIMATE,estimated,-2.431927811707633,5.7298368867949225,7.637049693938939,-0.04472380053420837,0.011299181572130603,0.018379949984544022
3940542,1789025763359000000,281,HEAD_POSE_ESTIMATE,estimated,-2.4360037592618737,5.742801812405417,7.642804392542117,-0.036049660366785065,0.013349959738692017,0.011500911297412882
3954542,1789025763373000000,282,HEAD_POSE_ESTIMATE,estimated,-2.446571459166274,5.744689832259506,7.651059156780398,-0.03222333021609809,0.015087026359579012,0.004661844318537654
3968542,1789025763387000000,283,HEAD_POSE_ESTIMATE,estimated,-2.462832452831726,5.731442418875702,7.647635035154863,-0.027322109045929098,0.016811083790135052,-0.0002636553346754029
3982542,1789025763401000000,284,HEAD_POSE_ESTIMATE,estimated,-2.4773091671607497,5.719713014900048,7.642443044604278,-0.022901780789399643,0.017552021125270066,-0.0051286564874832765
3997542,1789025763416000000,285,HEAD_POSE_ESTIMATE,estimated,-2.4927912415572737,5.707555015760096,7.634386571955857,-0.02024230287258318,0.01571256485772941,-0.011295832721802426
4010542,1789025763429000000,286,HEAD_POSE_ESTIMATE,estimated,-2.5027495902652364,5.697556366861081,7.622244488525231,-0.01850124543960841,0.015093906031993731,-0.012281151095495657
4024542,1789025763443000000,287,HEAD_POSE_ESTIMATE,estimated,-2.5151443310369213,5.69702574272655,7.617150700562331,-0.01647212220184171,0.014067677743553516,-0.010735035793430877
4037542,1789025763456000000,288,HEAD_POSE_ESTIMATE,estimated,-2.5218495610341893,5.70504281820809,7.614681986706953,-0.013574802741221997,0.014614000688275747,-0.005069710093367595
4052542,1789025763471000000,289,HEAD_POSE_ESTIMATE,estimated,-2.5289755823614883,5.701410146412063,7.607442012111463,-0.010276220788510955,0.015814438208540057,0.0020632702877715504
4066542,1789025763485000000,290,HEAD_POSE_ESTIMATE,estimated,-2.5335645135359908,5.700488978752767,7.59423938233959,-0.007704209041516108,0.017024103644033114,0.008960618705497641
4080542,1789025763499000000,291,HEAD_POSE_ESTIMATE,estimated,-2.5337862176872754,5.69317673210438,7.583808388030984,-0.0051110322249238276,0.019176764726382814,0.01604932540705938
4094542,1789025763513000000,292,HEAD_POSE_ESTIMATE,estimated,-2.527522985364515,5.6834673058995415,7.576302900662837,-0.002552267578184567,0.019614220924998926,0.022257242618090377
4108542,1789025763527000000,293,HEAD_POSE_ESTIMATE,estimated,-2.5149663074748863,5.674526084259272,7.572253221701626,-0.00286224486559519,0.02089152624909948,0.027648353581850072
4122542,1789025763541000000,294,HEAD_POSE_ESTIMATE,estimated,-2.4992263399722883,5.677563825222087,7.5691054670154285,-0.0066121597281824564,0.02311145414944933,0.03291842450819755
4135542,1789025763554000000,295,HEAD_POSE_ESTIMATE,estimated,-2.4917222099701277,5.695726082329745,7.576691952367997,-0.012491827290965396,0.026054056725314623,0.03825502952721252
4150542,1789025763569000000,296,HEAD_POSE_ESTIMATE,estimated,-2.4758565355299607,5.708664963786778,7.575622203689498,-0.016580451378676885,0.028620775970261227,0.04240429835166711
4165542,1789025763584000000,297,HEAD_POSE_ESTIMATE,estimated,-2.458139785563245,5.705346297991193,7.583651299988628,-0.020376870952267544,0.03189575342165737,0.044035346054079376
4177542,1789025763596000000,298,HEAD_POSE_ESTIMATE,estimated,-2.446044549414746,5.690032715744225,7.592391029167479,-0.02147475453103593,0.03507005188060527,0.04400380867960214
4191542,1789025763610000000,299,HEAD_POSE_ESTIMATE,estimated,-2.434785012627918,5.673316319723858,7.607505203262807,-0.02283576720816297,0.03944159003478672,0.04435095374454506
4205542,1789025763624000000,300,HEAD_POSE_ESTIMATE,estimated,-2.4264082495623964,5.669121756296694,7.618616485329111,-0.02305854389834981,0.04299453925834769,0.04155202895502093
4219542,1789025763638000000,301,HEAD_POSE_ESTIMATE,estimated,-2.4139214720878597,5.676515738805493,7.626528540611172,-0.022548126921387232,0.04252132813034186,0.03572998254203353
4233542,1789025763652000000,302,HEAD_POSE_ESTIMATE,estimated,-2.4080821664643373,5.6883066832272835,7.629529948782142,-0.023094556797082014,0.03919184040926681,0.023353065578814492
4248542,1789025763667000000,303,HEAD_POSE_ESTIMATE,estimated,-2.404693617651364,5.700227363067802,7.633547100094727,-0.020514928703285473,0.031222030014818287,0.011095048488092925
4260542,1789025763679000000,304,HEAD_POSE_ESTIMATE,estimated,-2.4005864914871196,5.69875066397057,7.635752903826595,-0.016258328549051116,0.02076785684182717,0.000626519769218598
4274542,1789025763693000000,305,HEAD_POSE_ESTIMATE,estimated,-2.4088660971351947,5.699174814037842,7.652529923947525,-0.009880536510809054,0.007384652295884712,-0.004241516059226372
4288542,1789025763707000000,306,HEAD_POSE_ESTIMATE,estimated,-2.4163291501544264,5.702773176002541,7.664226094559323,-0.0058200887599429724,-0.0055330383111984235,-0.004771589900544242
4301542,1789025763720000000,307,HEAD_POSE_ESTIMATE,estimated,-2.4233981154801367,5.701451319264797,7.673502095282104,-0.0037772858651704353,-0.017329845120880132,-0.00320171346626273
4316542,1789025763735000000,308,HEAD_POSE_ESTIMATE,estimated,-2.433222868828694,5.710177983511595,7.685731367289039,-0.0035108951012941055,-0.02939648730459383,7.886015081224103e-05
4330542,1789025763749000000,309,HEAD_POSE_ESTIMATE,estimated,-2.444372733791067,5.718786899753,7.6854079517609915,-0.0026573956487843517,-0.03927328864826576,0.0022359608245480973
4345542,1789025763764000000,310,HEAD_POSE_ESTIMATE,estimated,-2.4453560666212586,5.733184177520531,7.6807942265662055,-0.0021690554224110953,-0.04528027634307316,0.002958764140821192
4357542,1789025763776000000,311,HEAD_POSE_ESTIMATE,estimated,-2.4511743361687888,5.7381359818917765,7.675800849888129,-0.0005870881119011136,-0.04488612401140513,0.0027778088247960094
4371542,1789025763790000000,312,HEAD_POSE_ESTIMATE,estimated,-2.454825058886662,5.725772078596562,7.671766177576989,0.00299295492839851,-0.03827776349713198,0.00445658278466591
4386542,1789025763805000000,313,HEAD_POSE_ESTIMATE,estimated,-2.455924124480973,5.706571591199384,7.675270905019633,0.007039369057079521,-0.0268374018379165,0.005359319505039391
4398542,1789025763817000000,314,HEAD_POSE_ESTIMATE,estimated,-2.4606402135391416,5.694930669142029,7.6692158049271075,0.008135464140393015,-0.018710833621004175,0.0033829659725161543
4413542,1789025763832000000,315,HEAD_POSE_ESTIMATE,estimated,-2.4598171301212535,5.69621321491602,7.663876211883227,0.008462041850291304,-0.006966870800902966,-0.0025447945349211087
4427542,1789025763846000000,316,HEAD_POSE_ESTIMATE,estimated,-2.458904910358913,5.697452554848336,7.6416483074010575,0.010346853050199079,0.00330807520255738,-0.00793885760891158
4441542,1789025763860000000,317,HEAD_POSE_ESTIMATE,estimated,-2.4643556754006775,5.6977411047169,7.626039252067395,0.01615502876019936,0.01657210953011954,-0.008954483602962481
4455542,1789025763874000000,318,HEAD_POSE_ESTIMATE,estimated,-2.455417419386916,5.682607710325952,7.611349065150568,0.024011891520856112,0.024166890036914163,-0.005752928207104259
4469542,1789025763888000000,319,HEAD_POSE_ESTIMATE,estimated,-2.4454865391335643,5.6623613739034315,7.605427117434427,0.03021280667206046,0.029574503214508708,-0.0039272591338706635
4486542,1789025763905000000,320,HEAD_POSE_ESTIMATE,estimated,-2.4536762618044197,5.658237319157665,7.595301333056259,0.034462479562786585,0.029287919874166696,-0.007425472985745331
4497542,1789025763916000000,321,HEAD_POSE_ESTIMATE,estimated,-2.459432195102551,5.668074827881573,7.601240411215832,0.03234855592028876,0.02601224372604968,-0.014060822078198741
4506542,1789025763925000000,322,HEAD_POSE_ESTIMATE,estimated,-2.4667147726533574,5.6766295089430026,7.59394777408423,0.03269772418194495,0.0251585419216635,-0.015708414136483155
4523542,1789025763942000000,323,HEAD_POSE_ESTIMATE,estimated,-2.475466290959442,5.6901781383415635,7.586147648374108,0.03067036559617143,0.01598473100975422,-0.02640748442871487
4548542,1789025763967000000,324,HEAD_POSE_ESTIMATE,estimated,-2.48860360978643,5.701365615036682,7.582797268484543,0.032658283132278476,0.005991969144647675,-0.02926310248421416
4563542,1789025763982000000,325,HEAD_POSE_ESTIMATE,estimated,-2.499893790295493,5.707291217278748,7.575733045446731,0.03225397774965581,0.0012009194596212724,-0.024420477571924053
4576542,1789025763995000000,326,HEAD_POSE_ESTIMATE,estimated,-2.5085718769147194,5.7076644875983344,7.570369646414214,0.028448652620895257,-0.0031006305442386416,-0.02020840705431941
4590542,1789025764009000000,327,HEAD_POSE_ESTIMATE,estimated,-2.5184253627880686,5.698358528625304,7.569817344534848,0.020803319617298137,-0.006550409021173288,-0.01868169072467673
4605542,1789025764024000000,328,HEAD_POSE_ESTIMATE,estimated,-2.521238573443246,5.6919849495496475,7.563777586897002,0.016459971559165214,-0.008557579427735874,-0.01920297423346392
4617542,1789025764036000000,329,HEAD_POSE_ESTIMATE,estimated,-2.5175604980365347,5.695246421964344,7.556668843087481,0.012572131410651468,-0.008784804749978116,-0.018798637476611254
4630542,1789025764049000000,330,HEAD_POSE_ESTIMATE,estimated,-2.5198563085081194,5.720300456480748,7.558520103320391,0.008788877871081947,-0.005957298332834374,-0.015750401333143326
4645542,1789025764064000000,331,HEAD_POSE_ESTIMATE,estimated,-2.523608094635969,5.716717035907632,7.553981390068815,0.00529467093824732,-0.0033660005986206744,-0.013433836950856566
4659542,1789025764078000000,332,HEAD_POSE_ESTIMATE,estimated,-2.5219726282159227,5.717339792784165,7.554678772208763,0.0049558085167529615,-0.0024702561457064804,-0.01505345172781611
4674542,1789025764093000000,333,HEAD_POSE_ESTIMATE,estimated,-2.5195379464879313,5.700412581135851,7.553191172752675,0.007203624715223694,-0.003222808631452785,-0.020253280914299763
4687542,1789025764106000000,334,HEAD_POSE_ESTIMATE,estimated,-2.5232741414339417,5.689479073100205,7.548512648412007,0.009881015657310806,-0.004733913979578714,-0.024316403764754455
4702542,1789025764121000000,335,HEAD_POSE_ESTIMATE,estimated,-2.5264790037472467,5.688475702053725,7.544830802385452,0.014738161501007555,-0.0066088546808936366,-0.026927721650677663
4716542,1789025764135000000,336,HEAD_POSE_ESTIMATE,estimated,-2.528631497746999,5.696332476728896,7.543810749748482,0.020590879041929244,-0.008791343669949441,-0.02711705927790222
4730542,1789025764149000000,337,HEAD_POSE_ESTIMATE,estimated,-2.530242252744066,5.693200999211935,7.547370450881025,0.024261830587648824,-0.010233926568152984,-0.02639125600041922
4744542,1789025764163000000,338,HEAD_POSE_ESTIMATE,estimated,-2.535460879313226,5.691955421717821,7.550232042741481,0.02508642648627927,-0.012555744584446913,-0.025234000323279573
4758542,1789025764177000000,339,HEAD_POSE_ESTIMATE,estimated,-2.5415629614584367,5.696961771818502,7.54675733415886,0.023946357933334814,-0.014158451545658784,-0.024020180576617152
4773542,1789025764192000000,340,HEAD_POSE_ESTIMATE,estimated,-2.5473697003734497,5.698707681720425,7.550810450720194,0.02117957327295887,-0.01637287306806373,-0.02256231504510158
4788542,1789025764207000000,341,HEAD_POSE_ESTIMATE,estimated,-2.5520307532552726,5.692465986527689,7.546895248735224,0.020485702277841904,-0.016536748999175784,-0.020147423895489364
4801542,1789025764220000000,342,HEAD_POSE_ESTIMATE,estimated,-2.5555927938573744,5.680532026398506,7.546327606477417,0.02068225291252813,-0.014835998939404762,-0.016998614413653017
4815542,1789025764234000000,343,HEAD_POSE_ESTIMATE,estimated,-2.5642086858369453,5.676080913762921,7.552398711047707,0.021609369739738694,-0.012086647166805945,-0.013769897701457284
4829542,1789025764248000000,344,HEAD_POSE_ESTIMATE,estimated,-2.56927934420037,5.686706382382028,7.556159906157592,0.020427089078167784,-0.00915984085145767,-0.011703787555899379
4842542,1789025764261000000,345,HEAD_POSE_ESTIMATE,estimated,-2.567732646756776,5.709477466765734,7.556709027080808,0.01856871691493642,-0.007621400317157204,-0.01140907479144348
4857542,1789025764276000000,346,HEAD_POSE_ESTIMATE,estimated,-2.5657940862273656,5.733507643129306,7.556965805103274,0.016362319885355855,-0.007315912080767184,-0.014512210033880375
4871542,1789025764290000000,347,HEAD_POSE_ESTIMATE,estimated,-2.554767340451908,5.745558607804636,7.553037931030376,0.013720656486417248,-0.005207584956781629,-0.014129248902710967
4885542,1789025764304000000,348,HEAD_POSE_ESTIMATE,estimated,-2.5478859290338223,5.749245429744417,7.558346802176242,0.00853704947773193,-0.00048533372356879327,-0.007249385444780189
4899542,1789025764318000000,349,HEAD_POSE_ESTIMATE,estimated,-2.5350798402006713,5.747701799739178,7.5655812692369135,0.003978457700727287,0.0075089388499928154,0.0027699930463181803
4913542,1789025764332000000,350,HEAD_POSE_ESTIMATE,estimated,-2.5293167469476905,5.746940956077687,7.576065252044278,0.0013558544895580884,0.01720576482287018,0.01639779045772213
4927542,1789025764346000000,351,HEAD_POSE_ESTIMATE,estimated,-2.5266708121092565,5.740895911158098,7.585089019721715,0.003584332560219249,0.024058805899593333,0.02380630679337229
4941542,1789025764360000000,352,HEAD_POSE_ESTIMATE,estimated,-2.525073846997144,5.734772061417621,7.584267169692098,0.009162876049106462,0.0280307430204531,0.026131888765780303
4951542,1789025764370000000,353,HEAD_POSE_ESTIMATE,estimated,-2.5296319104624265,5.747343657317244,7.577320192934424,0.021055070191034874,0.027533547366502716,0.021315547417973084
4965542,1789025764384000000,354,HEAD_POSE_ESTIMATE,estimated,-2.527869543720892,5.757373321314537,7.5680673085779455,0.028614289977157602,0.025637486498672576,0.013049764951542786
4979542,1789025764398000000,355,HEAD_POSE_ESTIMATE,estimated,-2.5274362003355404,5.765094277356753,7.553450533294675,0.031235122937484528,0.02261202278816181,0.0043727135214769895
4994542,1789025764413000000,356,HEAD_POSE_ESTIMATE,estimated,-2.5357008883021885,5.770311899444865,7.544945338516655,0.025453712651464,0.019206350801675015,-0.0035889863560944245
5007542,1789025764426000000,357,HEAD_POSE_ESTIMATE,estimated,-2.5428133037415965,5.771346723922191,7.5351258044620515,0.01823257919957903,0.014492430826998897,-0.008793087608102143
5022542,1789025764441000000,358,HEAD_POSE_ESTIMATE,estimated,-2.5604887122897555,5.774077471690945,7.518251491847556,0.010930788687921055,0.008548304237631945,-0.011272236921043526
5035542,1789025764454000000,359,HEAD_POSE_ESTIMATE,estimated,-2.570773910590926,5.7773252431641655,7.499928842143788,0.0040426352409866076,0.004778969770605268,-0.008700639311678773
5049542,1789025764468000000,360,HEAD_POSE_ESTIMATE,estimated,-2.5729743917245234,5.7626783582419545,7.4788611405311025,0.002095359601273198,0.0041998495319868125,-0.0005148548348929483
5064542,1789025764483000000,361,HEAD_POSE_ESTIMATE,estimated,-2.5656142299091824,5.730339755363907,7.464150742114772,0.003939249901226657,0.006482598652608772,0.00996912977825333
5078542,1789025764497000000,362,HEAD_POSE_ESTIMATE,estimated,-2.5547982726898235,5.708562051337184,7.443559371889107,0.008616306516948533,0.009462747334857946,0.02372790244970274
5091542,1789025764510000000,363,HEAD_POSE_ESTIMATE,estimated,-2.5516577794043647,5.703771726886537,7.429295444430599,0.019339280877169848,0.014441292986145153,0.029986311696797992
5105542,1789025764524000000,364,HEAD_POSE_ESTIMATE,estimated,-2.5529499040377535,5.6982613771595645,7.414810579200066,0.030037194471522054,0.013730202382096303,0.030164995157744217
5119542,1789025764538000000,365,HEAD_POSE_ESTIMATE,estimated,-2.5552538706852768,5.684076140764586,7.398322393183492,0.03462501940339358,0.005617977704665583,0.025830321644797274
5133542,1789025764552000000,366,HEAD_POSE_ESTIMATE,estimated,-2.5744941311493745,5.681344749471054,7.394146110597164,0.03403652740432091,-0.01119757540044613,0.012998409300958103
5147542,1789025764566000000,367,HEAD_POSE_ESTIMATE,estimated,-2.58659192919192,5.691385479052072,7.390045942494719,0.016674403790903573,-0.03171736333020335,0.01090306293435109
5163542,1789025764582000000,368,HEAD_POSE_ESTIMATE,estimated,-2.5936683131440508,5.707588092376377,7.387108498589836,-0.011042483126314938,-0.05327652355339045,0.01756920895322
5174542,1789025764593000000,369,HEAD_POSE_ESTIMATE,estimated,-2.5917941820767236,5.719044200178537,7.3864449254474005,-0.03873177722948161,-0.06776718064911479,0.0314174504026387
5189542,1789025764608000000,370,HEAD_POSE_ESTIMATE,estimated,-2.592763266435595,5.73056263285064,7.390879519981868,-0.05963107111101819,-0.08016795875372089,0.047926199247146965
5206542,1789025764625000000,371,HEAD_POSE_ESTIMATE,estimated,-2.5741359543835562,5.723512422442163,7.420669626563501,-0.07235342759410969,-0.08903566072020343,0.06573934099841622
5217542,1789025764636000000,372,HEAD_POSE_ESTIMATE,estimated,-2.5589269364010256,5.712553645281173,7.450421190809088,-0.07219119983036508,-0.09087148286596704,0.0776041910353716
5229542,1789025764648000000,373,HEAD_POSE_ESTIMATE,estimated,-2.5543232020444977,5.718487014546803,7.480374958579577,-0.06718457387520595,-0.08922329746892238,0.08836042573160703
5243542,1789025764662000000,374,HEAD_POSE_ESTIMATE,estimated,-2.5419375499026757,5.719358650743289,7.515493376540628,-0.06277835811192588,-0.0844420336103246,0.09669779367022871
5258542,1789025764677000000,375,HEAD_POSE_ESTIMATE,estimated,-2.536945144556731,5.726384534317453,7.541192814349644,-0.058020041354183934,-0.07529541888343812,0.09989776435709749
5273542,1789025764692000000,376,HEAD_POSE_ESTIMATE,estimated,-2.527726459815028,5.729393846032464,7.572214812332255,-0.05581414858014141,-0.06642525491236509,0.09723617913698084
5289542,1789025764708000000,377,HEAD_POSE_ESTIMATE,estimated,-2.51566958365353,5.740897683313053,7.6012437358191445,-0.058066113733585785,-0.05700130646671993,0.08968968327255078
5300542,1789025764719000000,378,HEAD_POSE_ESTIMATE,estimated,-2.498283204455965,5.747024388212893,7.619315898814793,-0.059137359630166954,-0.0481962998280084,0.08073888499237002
5314542,1789025764733000000,379,HEAD_POSE_ESTIMATE,estimated,-2.489489095200084,5.752062192918918,7.6501959459736595,-0.06774712440643127,-0.04211233494437282,0.07188620522487359
5328542,1789025764747000000,380,HEAD_POSE_ESTIMATE,estimated,-2.4762126736697034,5.743034036413488,7.680253577747767,-0.07009640361086136,-0.033703121058891616,0.06908911013191317
5342542,1789025764761000000,381,HEAD_POSE_ESTIMATE,estimated,-2.466424479125619,5.727523182711407,7.7097500129491845,-0.06818220288352848,-0.024259199953713388,0.06865288697983425
5356542,1789025764775000000,382,HEAD_POSE_ESTIMATE,estimated,-2.463936219562234,5.731920109022604,7.738463602949745,-0.062325750020901176,-0.012987345835080736,0.07303906697509274
5370542,1789025764789000000,383,HEAD_POSE_ESTIMATE,estimated,-2.44580299156674,5.7303808180285225,7.756161029960135,-0.04967009525253872,-0.0006764043690071199,0.07705456759224553
5384542,1789025764803000000,384,HEAD_POSE_ESTIMATE,estimated,-2.4290217570694614,5.728665059070433,7.75903268315512,-0.0348354500752069,0.010904347373956893,0.0817396847747392
5398542,1789025764817000000,385,HEAD_POSE_ESTIMATE,estimated,-2.398847433911928,5.73240953922763,7.754033628912679,-0.019425943481059107,0.017472985985109397,0.08674357703992822
5412542,1789025764831000000,386,HEAD_POSE_ESTIMATE,estimated,-2.3776459854513736,5.714090386689664,7.741662438661702,-0.010277049835027745,0.017955393101468743,0.09152470632910314
5426542,1789025764845000000,387,HEAD_POSE_ESTIMATE,estimated,-2.3477549977837358,5.708353900461861,7.7195492077572485,0.0004187410364733425,0.012609333572007485,0.09632290916580465
5440542,1789025764859000000,388,HEAD_POSE_ESTIMATE,estimated,-2.3163744246827203,5.693944841287917,7.703040423290806,0.010664055190848223,0.0012997452878440842,0.09959399910134498
5453542,1789025764872000000,389,HEAD_POSE_ESTIMATE,estimated,-2.2959875277208837,5.700485618473363,7.690314029572717,0.02174029083199025,-0.009504810084644736,0.10229501873921187
5468542,1789025764887000000,390,HEAD_POSE_ESTIMATE,estimated,-2.268936991975969,5.698452482215595,7.664141050573631,0.03231356779680797,-0.02709915570149078,0.09771075613528307
5481542,1789025764900000000,391,HEAD_POSE_ESTIMATE,estimated,-2.2452743121795535,5.70300942866254,7.6330944162676575,0.03903900517990762,-0.0469167097659187,0.0890591068926905
5495542,1789025764914000000,392,HEAD_POSE_ESTIMATE,estimated,-2.2157403894868084,5.710041249844469,7.613482942326731,0.045113478301496986,-0.07189584167020724,0.07750046349202401
5509542,1789025764928000000,393,HEAD_POSE_ESTIMATE,estimated,-2.1878518081483875,5.71208451032603,7.601625959572319,0.04639872224138043,-0.0926739447136809,0.06711091582196635
5523542,1789025764942000000,394,HEAD_POSE_ESTIMATE,estimated,-2.155686195056127,5.721172415120556,7.593206911228686,0.042817265707209326,-0.10426957443574081,0.05809371432016164
5537542,1789025764956000000,395,HEAD_POSE_ESTIMATE,estimated,-2.1284967399391737,5.718956001031756,7.600639024905914,0.036082059617949046,-0.10115784817111961,0.04890127804060765
5551542,1789025764970000000,396,HEAD_POSE_ESTIMATE,estimated,-2.104924325622678,5.7150535439094465,7.607248421733743,0.023782993849852288,-0.09367529621345257,0.0403913765516846
5566542,1789025764985000000,397,HEAD_POSE_ESTIMATE,estimated,-2.0818958931274913,5.702870459035353,7.625383748883572,0.007305720461490905,-0.08022155513776821,0.036766082639346435
5579542,1789025764998000000,398,HEAD_POSE_ESTIMATE,estimated,-2.0684023175370045,5.704979879235512,7.632053479058455,-0.008672341304518497,-0.06556237423156105,0.036919489487132216
5593542,1789025765012000000,399,HEAD_POSE_ESTIMATE,estimated,-2.061000399497203,5.706177934489494,7.643745993608093,-0.015563994747562971,-0.055351361782678465,0.040582442736439725
5606542,1789025765025000000,400,HEAD_POSE_ESTIMATE,estimated,-2.07735325031589,5.707872494350543,7.651491525921115,-0.015925572671290373,-0.04958133890354413,0.041147388737833794
5621542,1789025765040000000,401,HEAD_POSE_ESTIMATE,estimated,-2.0871392293441824,5.704468368402447,7.652509112300335,-0.015437022651640455,-0.04642062022499205,0.03880641051426492
5635542,1789025765054000000,402,HEAD_POSE_ESTIMATE,estimated,-2.100188270898412,5.69635679775378,7.6538740769328415,-0.011664673079550296,-0.05232820437267514,0.030162811594655517
5652542,1789025765071000000,403,HEAD_POSE_ESTIMATE,estimated,-2.0984220824388955,5.694213568304656,7.659721017707406,-0.012499016402191244,-0.05472945001255871,0.023822429860321646
5663542,1789025765082000000,404,HEAD_POSE_ESTIMATE,estimated,-2.0959011355439303,5.700965592749464,7.657146247955421,-0.015868360461261163,-0.059967733791579256,0.01821488746600469
5677542,1789025765096000000,405,HEAD_POSE_ESTIMATE,estimated,-2.1098590532460024,5.714541756746386,7.656324241552233,-0.026361919817492144,-0.06575141768301158,0.014235539062711229
5691542,1789025765110000000,406,HEAD_POSE_ESTIMATE,estimated,-2.123893091313732,5.7255585863748495,7.652931385425715,-0.03345474591671992,-0.06025468574081483,0.01646827809644977
5705542,1789025765124000000,407,HEAD_POSE_ESTIMATE,estimated,-2.1406476563211565,5.725080603223156,7.666991570471449,-0.039171201853165374,-0.047383124879966876,0.01941505981438202
5718542,1789025765137000000,408,HEAD_POSE_ESTIMATE,estimated,-2.1414867840351417,5.724298780201675,7.691805264982367,-0.04348555854709416,-0.02591355580833991,0.02228703512234081
5733542,1789025765152000000,409,HEAD_POSE_ESTIMATE,estimated,-2.129169640606486,5.738144300147526,7.71176518546051,-0.04588762785946185,-0.004977974946797373,0.02344840515282903
5750542,1789025765169000000,410,HEAD_POSE_ESTIMATE,estimated,-2.1101176618501114,5.765585527416806,7.723539911113487,-0.04749433909423059,0.01478496775571448,0.02734949906713428
5759542,1789025765178000000,411,HEAD_POSE_ESTIMATE,estimated,-2.0935979768070947,5.787281142898407,7.718857143513915,-0.04687023060488492,0.022883065259545272,0.03404813429709337
5773542,1789025765192000000,412,HEAD_POSE_ESTIMATE,estimated,-2.078617720841903,5.786913422947216,7.704940117550857,-0.04708572984765199,0.03210176980153867,0.041684733777829046
5788542,1789025765207000000,413,HEAD_POSE_ESTIMATE,estimated,-2.0687099073763515,5.774781849361629,7.6897441608933335,-0.03982393747847317,0.03803109788817148,0.04674288134496319
5802542,1789025765221000000,414,HEAD_POSE_ESTIMATE,estimated,-2.0501770037124114,5.752909083112528,7.6842377224205025,-0.027904235519661362,0.03996047055005423,0.048834088493586746
5816542,1789025765235000000,415,HEAD_POSE_ESTIMATE,estimated,-2.042442624549943,5.756383662853209,7.683467882188953,-0.013220125763435337,0.040252440810242304,0.046703249563269496
5830542,1789025765249000000,416,HEAD_POSE_ESTIMATE,estimated,-2.0291574534221253,5.765140446755311,7.6722082448373365,-0.002608483343466574,0.03409817562949726,0.042133969304845094
5844542,1789025765263000000,417,HEAD_POSE_ESTIMATE,estimated,-2.010249201481718,5.770648109808144,7.659841887385325,0.004745079562380673,0.023690599528289454,0.034044011532949815
5857542,1789025765276000000,418,HEAD_POSE_ESTIMATE,estimated,-1.995205608974717,5.779144324569217,7.6452236695995195,0.009386092277026137,0.013710433086570722,0.028452211370198627
5871542,1789025765290000000,419,HEAD_POSE_ESTIMATE,estimated,-1.9927089715267312,5.776219967555071,7.630481991439381,0.010466536100079854,0.004375807545064922,0.02120679159400497
5885542,1789025765304000000,420,HEAD_POSE_ESTIMATE,estimated,-1.9913683576523977,5.792054641166507,7.607689745732047,0.012239582345092523,-0.008789211618809682,0.00994130476186812
5899542,1789025765318000000,421,HEAD_POSE_ESTIMATE,estimated,-1.99739036555132,5.795606695628032,7.593013475608392,0.013106023933273921,-0.022737991957591363,-0.0039272303256164065
5913542,1789025765332000000,422,HEAD_POSE_ESTIMATE,estimated,-2.0066097091472126,5.8095872598285165,7.578599536534387,0.011602731546892836,-0.039226889257764096,-0.016026469950511043
5928542,1789025765347000000,423,HEAD_POSE_ESTIMATE,estimated,-2.021345454656501,5.786493526769144,7.579542445163467,0.007405546850409755,-0.062200274329117435,-0.02524072038942547
5941542,1789025765360000000,424,HEAD_POSE_ESTIMATE,estimated,-2.0363459414385856,5.767663530838938,7.565858659715914,0.005706884253837661,-0.07943517984772427,-0.027444558919910426
5955542,1789025765374000000,425,HEAD_POSE_ESTIMATE,estimated,-2.0444552171826045,5.756512754066623,7.564107592076032,0.012842198857772255,-0.09479378727693963,-0.02308010088799825
5969542,1789025765388000000,426,HEAD_POSE_ESTIMATE,estimated,-2.0542084137076175,5.744495484962712,7.557417160146653,0.02291447447066449,-0.10442919308169865,-0.017019816297926822
5985542,1789025765404000000,427,HEAD_POSE_ESTIMATE,estimated,-2.0549681486061178,5.731710570700923,7.552019028344012,0.032559425129326226,-0.10941058149922149,-0.009688310009765723
6001542,1789025765420000000,428,HEAD_POSE_ESTIMATE,estimated,-2.056264951991896,5.714809049830983,7.559947458475484,0.038121297932439464,-0.10322384327886763,-0.0043673274682055115
6012542,1789025765431000000,429,HEAD_POSE_ESTIMATE,estimated,-2.0520681570237906,5.698149246267694,7.5653595247423455,0.04090574423366849,-0.1033956042373836,-0.0015452456084313769
6023542,1789025765442000000,430,HEAD_POSE_ESTIMATE,estimated,-2.0547413445823626,5.683227332433218,7.572430823032085,0.035389011946492445,-0.09822301806857502,-0.0009014712993607661
6039542,1789025765458000000,431,HEAD_POSE_ESTIMATE,estimated,-2.067081018710881,5.696229064528992,7.574157781110204,0.021707961823055243,-0.09592777028616094,0.0014486123789571423
6051542,1789025765470000000,432,HEAD_POSE_ESTIMATE,estimated,-2.06557676762085,5.70343165907014,7.587691865944863,0.013131712530284514,-0.09403254388980227,0.0025968773816136157
6065542,1789025765484000000,433,HEAD_POSE_ESTIMATE,estimated,-2.065762460614671,5.700989763240721,7.6139260197328165,0.0013269592896069289,-0.09383114910277476,0.007723872929716367
6079542,1789025765498000000,434,HEAD_POSE_ESTIMATE,estimated,-2.0606837378894745,5.716806558765314,7.633603120173252,-0.013952599562912543,-0.09869089846120341,0.015557559210079177
6093542,1789025765512000000,435,HEAD_POSE_ESTIMATE,estimated,-2.0575970949236675,5.71046626623645,7.671091303018819,-0.03013993621772381,-0.11586745893829291,0.024854796307782534
6107542,1789025765526000000,436,HEAD_POSE_ESTIMATE,estimated,-2.05123190786533,5.71853007837879,7.695527552974815,-0.041467878224233395,-0.1301195484632537,0.04272719287660129
6121542,1789025765540000000,437,HEAD_POSE_ESTIMATE,estimated,-2.0480916817561607,5.704729719046851,7.722811050842702,-0.04758606638859005,-0.13135642921612245,0.06091947161869807
6135542,1789025765554000000,438,HEAD_POSE_ESTIMATE,estimated,-2.038283805445722,5.718803622604757,7.745985336081216,-0.05153428856626537,-0.14205215255859205,0.08126187964579423
6149542,1789025765568000000,439,HEAD_POSE_ESTIMATE,estimated,-2.028819451757216,5.710665085746376,7.776090787666796,-0.05343211499338096,-0.13468374070708805,0.09872618211419913
6165542,1789025765584000000,440,HEAD_POSE_ESTIMATE,estimated,-1.9912546523719858,5.719004719746144,7.819933477333583,-0.06057326867360171,-0.11549412365615859,0.11235496453464124
6176542,1789025765595000000,441,HEAD_POSE_ESTIMATE,estimated,-1.9595919235887116,5.733124278015154,7.854778564127156,-0.0672508488741135,-0.09288692385424831,0.11878588250285332
6190542,1789025765609000000,442,HEAD_POSE_ESTIMATE,estimated,-1.9364643420299017,5.762174790779669,7.8792086687312075,-0.06747484536993383,-0.06461478891559809,0.1212802062110329
6205542,1789025765624000000,443,HEAD_POSE_ESTIMATE,estimated,-1.9145555485747658,5.787486458288384,7.896427578114359,-0.05984258044662878,-0.03050412474999358,0.11700610607733346
6218542,1789025765637000000,444,HEAD_POSE_ESTIMATE,estimated,-1.8998404772673465,5.7810524084485495,7.922255499438803,-0.04667485487265621,-0.002634981381644405,0.10730645811143824
6233542,1789025765652000000,445,HEAD_POSE_ESTIMATE,estimated,-1.8794768870957883,5.770967851364619,7.936737662362928,-0.03129269871626651,0.024750527786514185,0.09697661611137598
6246542,1789025765665000000,446,HEAD_POSE_ESTIMATE,estimated,-1.8834535302805644,5.780310253606067,7.935161819139022,-0.021396254868411766,0.04395144652386382,0.09093099867914818
6261542,1789025765680000000,447,HEAD_POSE_ESTIMATE,estimated,-1.871887384139439,5.808215964682509,7.924822796904435,-0.009123538100716264,0.058395069129607104,0.08363052261388235
6278542,1789025765697000000,448,HEAD_POSE_ESTIMATE,estimated,-1.8706871016729192,5.833067165900494,7.8979106821968195,-0.001491935875626647,0.06645131933814341,0.07759574208092843
6292542,1789025765711000000,449,HEAD_POSE_ESTIMATE,estimated,-1.8649106470816188,5.823459904114427,7.867433552609001,0.01181679915456513,0.06392403013992207,0.06960939432033394
6301542,1789025765720000000,450,HEAD_POSE_ESTIMATE,estimated,-1.854996552607971,5.806856002355033,7.849774627482978,0.02465863397970769,0.0563101570594317,0.061168498137299826
6315542,1789025765734000000,451,HEAD_POSE_ESTIMATE,estimated,-1.8517482761229647,5.771848994690056,7.84001211000929,0.046002908201281306,0.04608293533478002,0.05280314343758929
6329542,1789025765748000000,452,HEAD_POSE_ESTIMATE,estimated,-1.848993619653154,5.760534200522445,7.814753971656156,0.06028495691129981,0.033880717088223385,0.05022813600136661
6344542,1789025765763000000,453,HEAD_POSE_ESTIMATE,estimated,-1.8472915070660143,5.7482542679175594,7.790054362154456,0.07269222496824138,0.024622224587205522,0.05671030715667125
6357542,1789025765776000000,454,HEAD_POSE_ESTIMATE,estimated,-1.8468852677296879,5.74776054506983,7.761165587538945,0.08202175097128095,0.023463556939571962,0.06570158487120908
6371542,1789025765790000000,455,HEAD_POSE_ESTIMATE,estimated,-1.8434842009226262,5.736537684380849,7.73207737755844,0.09562936260270218,0.020522484411912706,0.07103592523605907
6385542,1789025765804000000,456,HEAD_POSE_ESTIMATE,estimated,-1.828271628375687,5.737655622922327,7.694898485548003,0.10709239587051035,0.016498393603605496,0.06840096011473923
6399542,1789025765818000000,457,HEAD_POSE_ESTIMATE,estimated,-1.8387992538651334,5.726285615377278,7.6640997400948185,0.10549440130631396,0.009304014264480569,0.0596014289634963
6413542,1789025765832000000,458,HEAD_POSE_ESTIMATE,estimated,-1.8469995945423678,5.714624750691155,7.639693512940739,0.10097728258989074,0.006088384622954817,0.06285544650755029
6427542,1789025765846000000,459,HEAD_POSE_ESTIMATE,estimated,-1.8409195680415178,5.702911513621032,7.634598888535658,0.08092797504782577,0.0002736083108334429,0.0620621931029534
6441542,1789025765860000000,460,HEAD_POSE_ESTIMATE,estimated,-1.8276598781392743,5.70843043184629,7.634445616890433,0.055371772778444156,-0.0011092055960071241,0.06748360524989377
6455542,1789025765874000000,461,HEAD_POSE_ESTIMATE,estimated,-1.815851413853176,5.727124763927742,7.636033180812462,0.030026350304746038,0.002462373138303138,0.07491749675311342
6469542,1789025765888000000,462,HEAD_POSE_ESTIMATE,estimated,-1.8109969411347409,5.75078085402053,7.636783819702197,0.014482945597211347,0.005349680720514321,0.07682661888469619
6485542,1789025765904000000,463,HEAD_POSE_ESTIMATE,estimated,-1.7990647939480013,5.745855926923194,7.661876290745806,0.012365508438204264,0.00815576060846811,0.08047449741367117
6500542,1789025765919000000,464,HEAD_POSE_ESTIMATE,estimated,-1.7859742408522012,5.737694334221779,7.684063530596893,0.017983579957697594,0.007367555901695249,0.08235809806190995
6508542,1789025765927000000,465,HEAD_POSE_ESTIMATE,estimated,-1.7706005284007333,5.732930301861573,7.698383485728945,0.017991281023017915,0.008318979051406472,0.08832772762482469
6519542,1789025765938000000,466,HEAD_POSE_ESTIMATE,estimated,-1.758431262010295,5.7645639393133195,7.71102643550303,0.019458989101914227,0.007451006474752686,0.08558644561837807
6534542,1789025765953000000,467,HEAD_POSE_ESTIMATE,estimated,-1.7459555401285531,5.807536461065028,7.727488651927869,0.015474406581692055,0.010424022604422075,0.0885591466630087
6549542,1789025765968000000,468,HEAD_POSE_ESTIMATE,estimated,-1.7399569191054092,5.848570571482669,7.7323680534411166,0.01702961375710996,0.009683608281966459,0.08198362998856966
6564542,1789025765983000000,469,HEAD_POSE_ESTIMATE,estimated,-1.7380694724643264,5.876316860110213,7.7404760389899625,0.02308393972153297,0.006354874850816715,0.0742680530021687
6577542,1789025765996000000,470,HEAD_POSE_ESTIMATE,estimated,-1.7294508535520465,5.895246825735832,7.738737731622729,0.02995015514328251,0.0036351749434782865,0.07079306829174463
6592542,1789025766011000000,471,HEAD_POSE_ESTIMATE,estimated,-1.727534714196716,5.911938212208517,7.741835566352096,0.03532473386664503,0.00031325781140626694,0.07441231899316583
6605542,1789025766024000000,472,HEAD_POSE_ESTIMATE,estimated,-1.7233774486006666,5.89446591990199,7.750043407381023,0.04628712121000364,0.003748366715235994,0.08147792471764258
6619542,1789025766038000000,473,HEAD_POSE_ESTIMATE,estimated,-1.7239135453930865,5.879858004945948,7.749589712473976,0.05401404398301752,0.008569179953266526,0.09249215635170854
6634542,1789025766053000000,474,HEAD_POSE_ESTIMATE,estimated,-1.733182107102898,5.887137284807388,7.742386199953773,0.06620718751043339,0.017196228441549815,0.10812821090075843
6648542,1789025766067000000,475,HEAD_POSE_ESTIMATE,estimated,-1.7150250656998958,5.921406886815113,7.724340908884572,0.0760661313263321,0.027058586478085223,0.11265613794060429
6662542,1789025766081000000,476,HEAD_POSE_ESTIMATE,estimated,-1.6971802620209755,5.949024149747711,7.703315477678103,0.08095587872386532,0.03629169157529725,0.10879637771385404
6675542,1789025766094000000,477,HEAD_POSE_ESTIMATE,estimated,-1.688972310698838,5.965064454931985,7.687492020715228,0.0775652687359483,0.04302281560411665,0.09847431360637283
6690542,1789025766109000000,478,HEAD_POSE_ESTIMATE,estimated,-1.6804358181139893,5.969796513716146,7.663073824331795,0.0708571062026254,0.053385693067156466,0.0908437195982651
6704542,1789025766123000000,479,HEAD_POSE_ESTIMATE,estimated,-1.680019389780351,5.964667342002684,7.644971914033122,0.06319081016270078,0.06396254531549758,0.08428798603436796
6718542,1789025766137000000,480,HEAD_POSE_ESTIMATE,estimated,-1.6800708646915743,5.962668839262554,7.623803631461725,0.05528537515787075,0.07231945258982107,0.08125568205294918
6732542,1789025766151000000,481,HEAD_POSE_ESTIMATE,estimated,-1.6734213579894799,5.984046980757509,7.584032120365175,0.054119478958042415,0.07892332117426429,0.0794446283073443
6746542,1789025766165000000,482,HEAD_POSE_ESTIMATE,estimated,-1.6668206902826426,5.994357360791251,7.54276508877783,0.05897546762289769,0.08153524966619885,0.08128531651290308
6760542,1789025766179000000,483,HEAD_POSE_ESTIMATE,estimated,-1.6600232757928945,5.989090638392065,7.503624520949235,0.07351574623944071,0.08064673097219628,0.08758326273436431
6775542,1789025766194000000,484,HEAD_POSE_ESTIMATE,estimated,-1.6545778584102526,5.9552113772674184,7.49733231932697,0.0917003971682804,0.07652216953316578,0.09412486662430816
6788542,1789025766207000000,485,HEAD_POSE_ESTIMATE,estimated,-1.6583494558831755,5.924568460925692,7.492581152103371,0.10159925338615376,0.0702192714459166,0.09711847103551885
6802542,1789025766221000000,486,HEAD_POSE_ESTIMATE,estimated,-1.6585759325859086,5.891215293764859,7.498420282046731,0.10169985795038153,0.059157596972994636,0.09974731738071077
6816542,1789025766235000000,487,HEAD_POSE_ESTIMATE,estimated,-1.6665054297540494,5.875836759964898,7.533272893519988,0.0890234332087681,0.04788552738462493,0.10190100165520326
6830542,1789025766249000000,488,HEAD_POSE_ESTIMATE,estimated,-1.675184301119776,5.865257194555825,7.568581210929565,0.06290496960241826,0.03561511891695271,0.09858660997608609
6844542,1789025766263000000,489,HEAD_POSE_ESTIMATE,estimated,-1.6739387156268353,5.858655174019415,7.626277217374895,0.029609995460147087,0.02468534297547692,0.08809655571306305
6858542,1789025766277000000,490,HEAD_POSE_ESTIMATE,estimated,-1.6693002067900813,5.876212735652716,7.683639992894827,-0.012434448468876286,0.019364232416435586,0.07501269131014941
6872542,1789025766291000000,491,HEAD_POSE_ESTIMATE,estimated,-1.659272711794318,5.924391265376066,7.745601720101934,-0.05337561270319314,0.013240219335627463,0.060982186854625
6888542,1789025766307000000,492,HEAD_POSE_ESTIMATE,estimated,-1.6353293694340858,5.972189983001972,7.827210971893966,-0.09842166971676465,0.01227329220737078,0.05135822962003077
6898542,1789025766317000000,493,HEAD_POSE_ESTIMATE,estimated,-1.6283458377471212,6.006631410477319,7.890932704508536,-0.11856249491014782,0.014233054514827757,0.04628615628896981
6913542,1789025766332000000,494,HEAD_POSE_ESTIMATE,estimated,-1.6126536021424684,6.076856190863305,7.964267884706571,-0.14266725289453222,0.02325889907536462,0.03970734043364912
6927542,1789025766346000000,495,HEAD_POSE_ESTIMATE,estimated,-1.5952207483483187,6.1333439592723495,8.035093491268887,-0.16086864127890965,0.03864348480803229,0.03279080918504155
6941542,1789025766360000000,496,HEAD_POSE_ESTIMATE,estimated,-1.5608028913100924,6.202678566252885,8.075737250387846,-0.15741707096377136,0.05818506902616827,0.029285460288211974
6955542,1789025766374000000,497,HEAD_POSE_ESTIMATE,estimated,-1.520671678272512,6.2321881944626805,8.092446263087034,-0.14377462798524412,0.0784635620082158,0.028046406178935748
6969542,1789025766388000000,498,HEAD_POSE_ESTIMATE,estimated,-1.4755610289323782,6.228241101821973,8.084187273461366,-0.10828431801291552,0.09660832063144414,0.03175211822614685
6984542,1789025766403000000,499,HEAD_POSE_ESTIMATE,estimated,-1.4469458003191984,6.186314500577378,8.058207129753745,-0.05590346003061953,0.10946713531055524,0.038748601653058476
7000542,1789025766419000000,500,HEAD_POSE_ESTIMATE,estimated,-1.4385545552063053,6.115417436840783,8.005547199294572,0.009599433129779796,0.11492399541868666,0.04769747915673932
7010542,1789025766429000000,501,HEAD_POSE_ESTIMATE,estimated,-1.4419308240580553,6.0563510054156895,7.9780229757491234,0.05993434320725113,0.113056395938995,0.05090404026397712
7024542,1789025766443000000,502,HEAD_POSE_ESTIMATE,estimated,-1.4367411873616038,6.0085269961377845,7.921835812571368,0.12434480523631497,0.10593071915540735,0.045956036802485195
7038542,1789025766457000000,503,HEAD_POSE_ESTIMATE,estimated,-1.4277626199737614,5.981504846121113,7.8520389897142495,0.16878524003383705,0.09280915645978224,0.03289509994842141
7052542,1789025766471000000,504,HEAD_POSE_ESTIMATE,estimated,-1.4344924494096083,5.936441969027309,7.787371213745607,0.19085555672151772,0.07613720065563977,0.01727728792709112
7066542,1789025766485000000,505,HEAD_POSE_ESTIMATE,estimated,-1.4379224018071914,5.924748014093809,7.715985802914213,0.19017900818983893,0.05774411479813835,0.004866883486896463
7080542,1789025766499000000,506,HEAD_POSE_ESTIMATE,estimated,-1.4566663530454877,5.92019890059794,7.650236661028011,0.17405465286427518,0.041250519650413396,-0.003957658164052127
7094542,1789025766513000000,507,HEAD_POSE_ESTIMATE,estimated,-1.4859578793924328,5.941391907858441,7.593629873584542,0.1450688054017162,0.032099505501479,-0.004202751318702181
7109542,1789025766528000000,508,HEAD_POSE_ESTIMATE,estimated,-1.5206983176881748,5.95203956125413,7.576475811573716,0.11523573695622603,0.027393705180235775,-0.005971764496016714
7122542,1789025766541000000,509,HEAD_POSE_ESTIMATE,estimated,-1.5472982957812411,5.969001200119647,7.584859489193844,0.0905764575108149,0.029844283907650437,-0.0018428562934168198
7137542,1789025766556000000,510,HEAD_POSE_ESTIMATE,estimated,-1.5597364562485305,5.978582397071848,7.587510693629221,0.06828001754280955,0.03651782807757656,0.0015031476874753232
7151542,1789025766570000000,511,HEAD_POSE_ESTIMATE,estimated,-1.5627349671988304,5.98717284056444,7.5971893153797065,0.06382906075832888,0.041759102598603985,0.0038063205067612477
7165542,1789025766584000000,512,HEAD_POSE_ESTIMATE,estimated,-1.5537712168902849,6.009501067879156,7.602132554385168,0.0694793354873296,0.04686938475355887,0.0018980951834193052
7178542,1789025766597000000,513,HEAD_POSE_ESTIMATE,estimated,-1.5477157186891197,6.013939797067033,7.597959134884613,0.09029493771482794,0.0482173972190069,0.0008586223307814218
7192542,1789025766611000000,514,HEAD_POSE_ESTIMATE,estimated,-1.5502363426478338,6.010051988510873,7.604758620438181,0.10973143251485734,0.04912237616472696,-0.004340670386021291
7209542,1789025766628000000,515,HEAD_POSE_ESTIMATE,estimated,-1.569322491189223,5.98290666252331,7.633227932681882,0.12788823888126286,0.044444349386485955,-0.008695008068733415
7219542,1789025766638000000,516,HEAD_POSE_ESTIMATE,estimated,-1.5807979718829828,5.95908012014519,7.655809501330068,0.1340678490723036,0.037315577454445505,-0.01655999205515449
7233542,1789025766652000000,517,HEAD_POSE_ESTIMATE,estimated,-1.5887072591296407,5.958465588217423,7.7068496904852495,0.13544438264254027,0.024147589291029694,-0.019270434280104585
7248542,1789025766667000000,518,HEAD_POSE_ESTIMATE,estimated,-1.588068495253689,5.993660741376097,7.748221671089371,0.13117831567767546,0.0038817866210797184,-0.022665936419858316
7261542,1789025766680000000,519,HEAD_POSE_ESTIMATE,estimated,-1.5800606407631324,6.033630900596762,7.790975581152343,0.1274476699757149,-0.015358013338018797,-0.023084363556150636
7275542,1789025766694000000,520,HEAD_POSE_ESTIMATE,estimated,-1.5801915015992365,6.090755968336285,7.8558426560171295,0.12324677994081745,-0.030858566408654517,-0.016108998985108904
7289542,1789025766708000000,521,HEAD_POSE_ESTIMATE,estimated,-1.5728696461075806,6.139772926280655,7.923329618095954,0.12303326398418504,-0.04974409864241618,-0.009102009958258918
7304542,1789025766723000000,522,HEAD_POSE_ESTIMATE,estimated,-1.5645187089955006,6.200685877977973,7.991441863252856,0.1235044446885979,-0.07217665470453488,-0.0028550446417674098
7318542,1789025766737000000,523,HEAD_POSE_ESTIMATE,estimated,-1.559866727221544,6.254444799587249,8.069041252074406,0.12707795253995208,-0.09788927194224083,-0.007745110949921025
7331542,1789025766750000000,524,HEAD_POSE_ESTIMATE,estimated,-1.5632767792866038,6.314746328712483,8.12794151919969,0.1344732174495926,-0.12780916119867894,-0.02387889744800335
7345542,1789025766764000000,525,HEAD_POSE_ESTIMATE,estimated,-1.5621379412846947,6.375222597251712,8.16870695285592,0.14839987593122053,-0.16350483854285972,-0.045296431167657365
7359542,1789025766778000000,526,HEAD_POSE_ESTIMATE,estimated,-1.5458878038923651,6.4345162248219285,8.238689364550424,0.1714732612203768,-0.20078909584099025,-0.06307182141342842
7373542,1789025766792000000,527,HEAD_POSE_ESTIMATE,estimated,-1.538542756934006,6.483924436592193,8.2750093370317,0.19798713132271728,-0.2344146041297401,-0.06961417307753633
7387542,1789025766806000000,528,HEAD_POSE_ESTIMATE,estimated,-1.5118309094182256,6.551583611090141,8.344572341620003,0.22565168095135693,-0.26544135884053044,-0.06846142484342521
7401542,1789025766820000000,529,HEAD_POSE_ESTIMATE,estimated,-1.4943169977092654,6.598848802651697,8.41707825360325,0.26055254107216386,-0.2973616981550446,-0.06782246945617097
7415542,1789025766834000000,530,HEAD_POSE_ESTIMATE,estimated,-1.4982891102737563,6.654903988337525,8.396774575782786,0.29673053998969084,-0.3282826335016676,-0.06731927678095768
7428542,1789025766847000000,531,HEAD_POSE_ESTIMATE,estimated,-1.4839671541137582,6.711900069368814,8.452378059953901,0.3239720805552831,-0.3513122694579541,-0.07423612898115571
7443542,1789025766862000000,532,HEAD_POSE_ESTIMATE,estimated,-1.445231397221458,6.814162033594351,8.46149550071945,0.36461167887981033,-0.38442990937380034,-0.08387655618824504
7457542,1789025766876000000,533,HEAD_POSE_ESTIMATE,estimated,-1.419525536750567,6.873374216321511,8.398930256857525,0.403315042099447,-0.42091272282693254,-0.0951126268647869
7469542,1789025766888000000,534,HEAD_POSE_ESTIMATE,estimated,-1.393003863438656,6.905927235128393,8.354620772977931,0.4426422567128692,-0.45067992944214946,-0.09290155942465388
7485542,1789025766904000000,535,HEAD_POSE_ESTIMATE,estimated,-1.361774637403014,6.9391930898328456,8.2711846022803,0.5042753140518236,-0.49217260636133425,-0.09238226306548966
7497542,1789025766916000000,536,HEAD_POSE_ESTIMATE,estimated,-1.3560104843403749,6.959339083520732,8.172699365881153,0.5634630438742672,-0.5295662789042455,-0.08741205816931788
7510542,1789025766929000000,537,HEAD_POSE_ESTIMATE,estimated,-1.3402304372825447,6.970980080215472,8.077304309726532,0.6135172052276313,-0.5582504292088313,-0.09564652959251559
7527542,1789025766946000000,538,HEAD_POSE_ESTIMATE,estimated,-1.3174903146934382,7.006737271448906,7.913404865200963,0.6635799739338923,-0.588049930456057,-0.12232577821958425
7537542,1789025766956000000,539,HEAD_POSE_ESTIMATE,estimated,-1.2705149768239743,7.063420592041112,7.787173289469637,0.6867203684679373,-0.5985609681166392,-0.14278451292394495
7551542,1789025766970000000,540,HEAD_POSE_ESTIMATE,estimated,-1.2431132704943304,7.08687412553498,7.628748278800525,0.7043123215691798,-0.6030293942633221,-0.1633486742349386
7566542,1789025766985000000,541,HEAD_POSE_ESTIMATE,estimated,-1.2010211652698246,7.114674252642588,7.453333425662099,0.7135184403827523,-0.6000421167314256,-0.1859853506785583
7579542,1789025766998000000,542,HEAD_POSE_ESTIMATE,estimated,-1.1757820990051207,7.1193973241150275,7.313043761429161,0.7145558954385696,-0.5972926594631371,-0.21880326464705235
7593542,1789025767012000000,543,HEAD_POSE_ESTIMATE,estimated,-1.1787755171524403,7.112622204735424,7.121307043844171,0.7141114064405022,-0.5942174423465323,-0.2606095865372912
7608542,1789025767027000000,544,HEAD_POSE_ESTIMATE,estimated,-1.181420333506993,7.110318140984636,6.974150942369428,0.7126079792929789,-0.6014230468732974,-0.31443886717848174
7621542,1789025767040000000,545,HEAD_POSE_ESTIMATE,estimated,-1.1693821030584146,7.12373880007883,6.796723205699794,0.7042780283078173,-0.6121827795511117,-0.36272821324025595
7635542,1789025767054000000,546,HEAD_POSE_ESTIMATE,estimated,-1.1707725200114019,7.142903359991628,6.59354740155375,0.6970751556301809,-0.6327325288952248,-0.41174316429702146
7649542,1789025767068000000,547,HEAD_POSE_ESTIMATE,estimated,-1.1492392761230787,7.135394459615324,6.475632161277679,0.7001948032537172,-0.6629077210385421,-0.4441292026216452
7663542,1789025767082000000,548,HEAD_POSE_ESTIMATE,estimated,-1.16793976670104,7.107884401781591,6.283711048777572,0.7023651167308855,-0.6909364799276903,-0.4625796252573975
7677542,1789025767096000000,549,HEAD_POSE_ESTIMATE,estimated,-1.1978855326663782,7.035811143573898,6.120706860401833,0.7048826950174548,-0.7228558036717113,-0.47274016339095887
7691542,1789025767110000000,550,HEAD_POSE_ESTIMATE,estimated,-1.2222449439636431,7.04322693881275,5.955950637797182,0.698697346444301,-0.7625077471422373,-0.4826780424106913
7705542,1789025767124000000,551,HEAD_POSE_ESTIMATE,estimated,-1.2400575539523748,7.065921557685111,5.858713004100054,0.6694597377237144,-0.7882314011429696,-0.48494942084794435
7719542,1789025767138000000,552,HEAD_POSE_ESTIMATE,estimated,-1.2590308470441267,7.128283845591018,5.755491848377051,0.6210218129825436,-0.8139633020788821,-0.4904891429210974
7733542,1789025767152000000,553,HEAD_POSE_ESTIMATE,estimated,-1.2550235789967026,7.215900527770624,5.714711419899048,0.5693216528464312,-0.8346108836300481,-0.4820192388752392
7747542,1789025767166000000,554,HEAD_POSE_ESTIMATE,estimated,-1.250260247319933,7.29319296348674,5.657335513069641,0.5251727839372031,-0.8492911969386315,-0.47136798731274526
7761542,1789025767180000000,555,HEAD_POSE_ESTIMATE,estimated,-1.246088571480957,7.32287085341559,5.597547111905368,0.4927113868112098,-0.8628391872193756,-0.4718272230783092
7775542,1789025767194000000,556,HEAD_POSE_ESTIMATE,estimated,-1.2508516744825458,7.370069324792815,5.589160482861438,0.48081573983075987,-0.8690024783482668,-0.48193564545678685
7789542,1789025767208000000,557,HEAD_POSE_ESTIMATE,estimated,-1.2553629448992487,7.437185426988535,5.580457117773126,0.4604950904366483,-0.8737422199863091,-0.5041411496578444
7805542,1789025767224000000,558,HEAD_POSE_ESTIMATE,estimated,-1.2609146830679197,7.531497654874636,5.588407282215152,0.43492609222561135,-0.8810327653826997,-0.5410309560990202
7816542,1789025767235000000,559,HEAD_POSE_ESTIMATE,estimated,-1.2655038174527584,7.6423314187173075,5.558504400830051,0.4006331145516852,-0.8895218885966084,-0.5809928794182726
7830542,1789025767249000000,560,HEAD_POSE_ESTIMATE,estimated,-1.2543149680794943,7.773395394758411,5.541882783536566,0.37879099074039724,-0.9015310888905268,-0.6173936371499512
7843542,1789025767262000000,561,HEAD_POSE_ESTIMATE,estimated,-1.2568658648372222,7.862596147533217,5.513558958295695,0.37772712648745016,-0.9184969037087931,-0.6422924673599009
7857542,1789025767276000000,562,HEAD_POSE_ESTIMATE,estimated,-1.2509405615567992,7.928563902516382,5.548030609275532,0.3937042805683516,-0.9351173512103442,-0.6554366479954088
7872542,1789025767291000000,563,HEAD_POSE_ESTIMATE,estimated,-1.2355211552548158,7.9897490158589175,5.586442166059256,0.4228993215624014,-0.9511826716316141,-0.6546927041918363
7886542,1789025767305000000,564,HEAD_POSE_ESTIMATE,estimated,-1.2276770121026577,8.011789566813674,5.626269972788433,0.4520267304799665,-0.9675970415325087,-0.6545191796749535
7899542,1789025767318000000,565,HEAD_POSE_ESTIMATE,estimated,-1.2064288488790913,8.063751315930585,5.635345761506817,0.4837619500200366,-0.9770438572161777,-0.6471714477448881
7913542,1789025767332000000,566,HEAD_POSE_ESTIMATE,estimated,-1.1853180088337807,8.116095622574298,5.5796787798085905,0.516995703121338,-0.9878339362400147,-0.6413151541431614
7927542,1789025767346000000,567,HEAD_POSE_ESTIMATE,estimated,-1.1036509508134582,8.178370311981794,5.594597726940141,0.5553669405409883,-0.9934791382015962,-0.6315717131963764
7941542,1789025767360000000,568,HEAD_POSE_ESTIMATE,estimated,-1.0497017746417536,8.163893273489242,5.546559064862081,0.6081391278702507,-1.000742212799955,-0.6297006893288248
7956542,1789025767375000000,569,HEAD_POSE_ESTIMATE,estimated,-0.9797956047195108,8.107444279226439,5.503077805072757,0.668715124855931,-1.0129135347128997,-0.6456377457426109
7969542,1789025767388000000,570,HEAD_POSE_ESTIMATE,estimated,-0.9240754902924029,8.053464297559511,5.427005467991404,0.7092405143267367,-1.0251423729465563,-0.665171924365724
7983542,1789025767402000000,571,HEAD_POSE_ESTIMATE,estimated,-0.8782064761518662,7.992413898000193,5.329276628533359,0.7336312087757816,-1.0397823114540863,-0.6859544638601656
7998542,1789025767417000000,572,HEAD_POSE_ESTIMATE,estimated,-0.8259331834671965,7.98668091081299,5.2088581987526545,0.7399928119451392,-1.066285491265356,-0.6995086273619456
8011542,1789025767430000000,573,HEAD_POSE_ESTIMATE,estimated,-0.7823908025669065,7.9465112843971,5.100486206316176,0.7573138140017177,-1.0867565014620162,-0.6925078754019283
8027542,1789025767446000000,574,HEAD_POSE_ESTIMATE,estimated,-0.7317813562466525,7.920658124651387,4.974903753218801,0.7707692699217474,-1.0924659776015648,-0.6607429364426067
8037542,1789025767456000000,575,HEAD_POSE_ESTIMATE,estimated,-0.7148355180549479,7.916204229651799,4.8739966991349135,0.7884487149933992,-1.0947380182489292,-0.6276497074244375
8052542,1789025767471000000,576,HEAD_POSE_ESTIMATE,estimated,-0.6853686009372187,7.933358181994275,4.798306274532558,0.7861091248270182,-1.0827011005089442,-0.5823625975519093
8066542,1789025767485000000,577,HEAD_POSE_ESTIMATE,estimated,-0.6475398369142781,7.974576656644132,4.740640248731522,0.7602540966581122,-1.072308991125818,-0.5548386853160459
8080542,1789025767499000000,578,HEAD_POSE_ESTIMATE,estimated,-0.6083414716314652,8.086768875040839,4.69479568818019,0.7196846619276643,-1.0736890554586793,-0.5485167912056292
8094542,1789025767513000000,579,HEAD_POSE_ESTIMATE,estimated,-0.5785609403885134,8.209715301158397,4.5864319334528165,0.6589160916582534,-1.0832428334837183,-0.5678090263112877
8108542,1789025767527000000,580,HEAD_POSE_ESTIMATE,estimated,-0.5507815661930171,8.33202233342007,4.498357894094098,0.6100916236496019,-1.086716979887342,-0.5792060678291163
8123542,1789025767542000000,581,HEAD_POSE_ESTIMATE,estimated,-0.5351129974671219,8.434668217108097,4.439157370697787,0.5847170673462181,-1.110476994948974,-0.5992244588043929
8135542,1789025767554000000,582,HEAD_POSE_ESTIMATE,estimated,-0.53894701279267,8.449977339623716,4.380766216414455,0.5889495790258319,-1.1296211144348856,-0.6110882533798043
8150542,1789025767569000000,583,HEAD_POSE_ESTIMATE,estimated,-0.5179216631752143,8.497573790333217,4.3563952591754935,0.6155794576809598,-1.1645499930445808,-0.6166334924262278
8163542,1789025767582000000,584,HEAD_POSE_ESTIMATE,estimated,-0.5547909495867329,8.500337181560841,4.2868394798449465,0.6523775721656759,-1.1913827735787863,-0.6167314319718052
8177542,1789025767596000000,585,HEAD_POSE_ESTIMATE,estimated,-0.558856993306498,8.52015131517371,4.209193437867778,0.6872507994995408,-1.2207621422674366,-0.602077096070627
8191542,1789025767610000000,586,HEAD_POSE_ESTIMATE,estimated,-0.5797681080223056,8.588592505455704,4.094957474914223,0.7285919425834151,-1.253143525221921,-0.5907499795665725
8206542,1789025767625000000,587,HEAD_POSE_ESTIMATE,estimated,-0.5373100200492695,8.684399405099263,3.9637725039274736,0.7528105772562892,-1.2699406913611095,-0.5602818089962378
8218542,1789025767637000000,588,HEAD_POSE_ESTIMATE,estimated,-0.5240438477004574,8.760068696485384,3.84005152286042,0.7601249776369122,-1.285454994724761,-0.5378717027259832
8233542,1789025767652000000,589,HEAD_POSE_ESTIMATE,estimated,-0.5057730131333429,8.78821611927781,3.7366677548815734,0.7421669058865231,-1.3032765358331648,-0.5132288900247706
8247542,1789025767666000000,590,HEAD_POSE_ESTIMATE,estimated,-0.5007885113836408,8.834893836034842,3.663837235073435,0.7325926291497471,-1.3234009274961327,-0.49229909226860347
8260542,1789025767679000000,591,HEAD_POSE_ESTIMATE,estimated,-0.5177456581818268,8.866595434776967,3.565931576037007,0.7207539434118952,-1.3312745665945362,-0.4668258989164946
8275542,1789025767694000000,592,HEAD_POSE_ESTIMATE,estimated,-0.5089852212416285,8.991337717781729,3.5184459748576944,0.7182674074784307,-1.345375413054868,-0.44216367596848055
8288542,1789025767707000000,593,HEAD_POSE_ESTIMATE,estimated,-0.5021500320207236,9.077749758274784,3.443539899535697,0.7245280137771785,-1.341950011394182,-0.41200433711504264
8304542,1789025767723000000,594,HEAD_POSE_ESTIMATE,estimated,-0.44650140364412505,9.149220077599498,3.362314286022923,0.7392982042986674,-1.328383215539616,-0.3801192887618452
8315542,1789025767734000000,595,HEAD_POSE_ESTIMATE,estimated,-0.41841990688087316,9.184334834263362,3.253168630644987,0.7738559213514316,-1.3095358034383096,-0.3535873870033165
8330542,1789025767749000000,596,HEAD_POSE_ESTIMATE,estimated,-0.3459006606869444,9.199538635524572,3.1693374653896345,0.806429680445199,-1.292237584792526,-0.34269160430261936
8344542,1789025767763000000,597,HEAD_POSE_ESTIMATE,estimated,-0.29008754967168776,9.201519462036597,3.058127806721037,0.8262772423813656,-1.2683855417559096,-0.3389514652527464
8358542,1789025767777000000,598,HEAD_POSE_ESTIMATE,estimated,-0.24380875142214598,9.18455758548798,2.9994446774662595,0.8316851703946552,-1.2559195734492972,-0.3514892252875484
8372542,1789025767791000000,599,HEAD_POSE_ESTIMATE,estimated,-0.21252360777020435,9.18785971899949,2.939011500245795,0.8214532814477051,-1.244472115801455,-0.3663705578594132
8386542,1789025767805000000,600,HEAD_POSE_ESTIMATE,estimated,-0.22060262941168474,9.194966078182503,2.865704284789842,0.8026147401914704,-1.2332900027545088,-0.37684007953245013
8400542,1789025767819000000,601,HEAD_POSE_ESTIMATE,estimated,-0.2128955183353291,9.226984597729492,2.7644489259717995,0.7917049953399973,-1.2327049327222694,-0.3813713588350039
8414542,1789025767833000000,602,HEAD_POSE_ESTIMATE,estimated,-0.2515678761144528,9.268658896075243,2.634581502241177,0.7978701388485571,-1.240913152336098,-0.375183344070292
8428542,1789025767847000000,603,HEAD_POSE_ESTIMATE,estimated,-0.22373683137430972,9.302995264804423,2.531643077418403,0.8070621944069399,-1.2474730878718054,-0.36879107274265377
8442542,1789025767861000000,604,HEAD_POSE_ESTIMATE,estimated,-0.23218974836004103,9.297405459852037,2.413573765449638,0.8185753101225718,-1.2487258361830622,-0.3542394259375649
8456542,1789025767875000000,605,HEAD_POSE_ESTIMATE,estimated,-0.2336104837009097,9.277454855594295,2.2949608295147175,0.8302442876357702,-1.2547860860757476,-0.3357901931986881
8470542,1789025767889000000,606,HEAD_POSE_ESTIMATE,estimated,-0.2349045500105959,9.30705710283421,2.167335930719669,0.8214384781191513,-1.262362004313583,-0.32090066890913405
8484542,1789025767903000000,607,HEAD_POSE_ESTIMATE,estimated,-0.24104447516530209,9.366831143347348,2.008140451222088,0.8000659504759693,-1.2719063208132697,-0.3029490269406002
8498542,1789025767917000000,608,HEAD_POSE_ESTIMATE,estimated,-0.2697950692140234,9.442844021256851,1.8632571761851024,0.7688512488704512,-1.277571790694851,-0.2867472996320129
8512542,1789025767931000000,609,HEAD_POSE_ESTIMATE,estimated,-0.3032521707194852,9.50536748525148,1.7203827127987361,0.7326962823006501,-1.2780449186238756,-0.26673869413505613
8528542,1789025767947000000,610,HEAD_POSE_ESTIMATE,estimated,-0.3082933440467345,9.570950893809858,1.602395147358901,0.6952648764043893,-1.2616472658793256,-0.24524093367078278
8539542,1789025767958000000,611,HEAD_POSE_ESTIMATE,estimated,-0.33900634246993544,9.601512007464175,1.4958373336564688,0.6716565856813818,-1.2411554913278848,-0.22621722536729294
8553542,1789025767972000000,612,HEAD_POSE_ESTIMATE,estimated,-0.35848254106255495,9.646251350215389,1.3871723405174456,0.6553230018452658,-1.2101670724181877,-0.2110886698652241
8567542,1789025767986000000,613,HEAD_POSE_ESTIMATE,estimated,-0.3673335232537397,9.696719254755372,1.2781920707475447,0.654502778482532,-1.1681174902539564,-0.19729501960063603
8580542,1789025767999000000,614,HEAD_POSE_ESTIMATE,estimated,-0.37741895954305327,9.708708491879875,1.174960528774641,0.6706795077987496,-1.1269450680410356,-0.18957765000821813
8594542,1789025768013000000,615,HEAD_POSE_ESTIMATE,estimated,-0.3988759517231163,9.697704881464302,1.087309358695046,0.7037187628545394,-1.0900541203404666,-0.18418276696740485
8609542,1789025768028000000,616,HEAD_POSE_ESTIMATE,estimated,-0.4302175245548898,9.666942369164618,0.9883774479275468,0.7361771844297339,-1.0474778169449452,-0.17665300273128423
8623542,1789025768042000000,617,HEAD_POSE_ESTIMATE,estimated,-0.4588025401822092,9.630173492965344,0.8807948343712486,0.7643182244867319,-1.00700529857072,-0.16416211107726542
8636542,1789025768055000000,618,HEAD_POSE_ESTIMATE,estimated,-0.4837286877636645,9.594093038924177,0.7857611840504113,0.7738461036413202,-0.9633266944046364,-0.14579643193250058
8651542,1789025768070000000,619,HEAD_POSE_ESTIMATE,estimated,-0.4505744844876983,9.604488729820977,0.6824573715643982,0.7908132513076551,-0.9333462168811042,-0.13004547488447962
8665542,1789025768084000000,620,HEAD_POSE_ESTIMATE,estimated,-0.42581524340795174,9.601811287651802,0.5733591193620119,0.7797061371086295,-0.894616720951727,-0.11039111805233481
8678542,1789025768097000000,621,HEAD_POSE_ESTIMATE,estimated,-0.41235122378104044,9.589282591441588,0.4602410397814919,0.7521931509493489,-0.8566405223784428,-0.09309184955436559
8692542,1789025768111000000,622,HEAD_POSE_ESTIMATE,estimated,-0.40606240393106124,9.52712059978913,0.38330205417522956,0.723195010539729,-0.8212440268976415,-0.08155112896266312
8706542,1789025768125000000,623,HEAD_POSE_ESTIMATE,estimated,-0.3826088785483532,9.452273956826824,0.28154517253250544,0.6793066332833119,-0.7788007108788478,-0.07078278401403304
8720542,1789025768139000000,624,HEAD_POSE_ESTIMATE,estimated,-0.3975519040568795,9.360065693708846,0.20182255707639318,0.617251146971095,-0.7327732577820975,-0.059581575627996194
8734542,1789025768153000000,625,HEAD_POSE_ESTIMATE,estimated,-0.3770694901797745,9.324815120927532,0.1551309855450521,0.556243024955829,-0.6938045889937482,-0.05014472616831705
8748542,1789025768167000000,626,HEAD_POSE_ESTIMATE,estimated,-0.34123960003608,9.304092423591731,0.04950385881588981,0.48405049610947276,-0.6534259399925975,-0.03962370548170432
8762542,1789025768181000000,627,HEAD_POSE_ESTIMATE,estimated,-0.3338411560684928,9.290662322079585,0.004298527837577448,0.4005877515194033,-0.6110954776175525,-0.028561576159968866
8775542,1789025768194000000,628,HEAD_POSE_ESTIMATE,estimated,-0.3019635969629939,9.27706145149343,-0.050406191884021956,0.3296244788621088,-0.577475430306253,-0.012992682125358477
8789542,1789025768208000000,629,HEAD_POSE_ESTIMATE,estimated,-0.2860457553115034,9.273650280409575,-0.10033497071652764,0.27005054191270533,-0.5389224372845204,0.003920017311936493
8804542,1789025768223000000,630,HEAD_POSE_ESTIMATE,estimated,-0.26496627414627427,9.264466172793744,-0.0674758969558148,0.22153717377518067,-0.4893481011424004,0.023191837104385216
8816542,1789025768235000000,631,HEAD_POSE_ESTIMATE,estimated,-0.261348887691686,9.257431840608845,0.00012499893593753697,0.20491472220347115,-0.4451662995867337,0.0397378763847927
8831542,1789025768250000000,632,HEAD_POSE_ESTIMATE,estimated,-0.24806264136903403,9.265203561057808,0.03826500038966374,0.18234095149443824,-0.389721956450795,0.05522868576552825
8845542,1789025768264000000,633,HEAD_POSE_ESTIMATE,estimated,-0.23546225907720855,9.29301840407916,0.10384741356394506,0.15923172959090048,-0.337110082883378,0.0689347669962484
8857542,1789025768276000000,634,HEAD_POSE_ESTIMATE,estimated,-0.2319144163618029,9.321306604918782,0.1314688159708014,0.13944118004247613,-0.29485228463194596,0.07412782519490149
8871542,1789025768290000000,635,HEAD_POSE_ESTIMATE,estimated,-0.22238616567448782,9.391659983000862,0.17539909159647588,0.1044680268599979,-0.25073942989110565,0.0750532420681479
8885542,1789025768304000000,636,HEAD_POSE_ESTIMATE,estimated,-0.22278349078630014,9.434052079852941,0.20818685211017895,0.08152703281346936,-0.21861117834662028,0.06312736896585355
8899542,1789025768318000000,637,HEAD_POSE_ESTIMATE,estimated,-0.2462347874299421,9.458579893289379,0.25370037212794416,0.058433299846124526,-0.19167614587592316,0.046005828601380465
8913542,1789025768332000000,638,HEAD_POSE_ESTIMATE,estimated,-0.27224440424654267,9.445598180730807,0.3157075081386703,0.028342528771483144,-0.16820396017628075,0.025255639257425782
8928542,1789025768347000000,639,HEAD_POSE_ESTIMATE,estimated,-0.2955324726614248,9.467462817099204,0.351744349619752,0.00991372640955165,-0.15520904664471724,0.0036651579944704093
8941542,1789025768360000000,640,HEAD_POSE_ESTIMATE,estimated,-0.34985554739676905,9.476141887954583,0.38726169046744097,0.0003912843309824018,-0.14731096156285878,-0.013539662309532293
8955542,1789025768374000000,641,HEAD_POSE_ESTIMATE,estimated,-0.37886746125436077,9.533746101518808,0.3717296139334405,-0.005079767517004993,-0.13461598842081304,-0.015024141229669347
8969542,1789025768388000000,642,HEAD_POSE_ESTIMATE,estimated,-0.40676670061532444,9.580721229417213,0.3218005523424517,-0.004512968090050593,-0.12775521011162838,-0.006399523464739849
8983542,1789025768402000000,643,HEAD_POSE_ESTIMATE,estimated,-0.4641451617306763,9.626727130511107,0.29653989381040347,-0.005823478865247073,-0.1163057845780629,0.009068384856159864
8997542,1789025768416000000,644,HEAD_POSE_ESTIMATE,estimated,-0.5029812457882852,9.667250023926398,0.28788809137866855,-0.006792320967134183,-0.10086146735516008,0.02260624705168353
9011542,1789025768430000000,645,HEAD_POSE_ESTIMATE,estimated,-0.56728991313077,9.726160640783624,0.2827079013350256,-0.01372453128803279,-0.09020730425671297,0.030228188248923586
9025542,1789025768444000000,646,HEAD_POSE_ESTIMATE,estimated,-0.5964462436742374,9.810444328793178,0.27549035092376645,-0.020982417248678404,-0.08425412325332535,0.02781354941035861
9039542,1789025768458000000,647,HEAD_POSE_ESTIMATE,estimated,-0.6371426677295732,9.870335022701529,0.3209615708227088,-0.03641982839729517,-0.08305105144221188,0.011952619466944923
9053542,1789025768472000000,648,HEAD_POSE_ESTIMATE,estimated,-0.70711936155014,9.928286321974744,0.3705063346145927,-0.03509290349168355,-0.0944036454110948,-0.0199400499972824
9067542,1789025768486000000,649,HEAD_POSE_ESTIMATE,estimated,-0.778299881456965,10.005068001473411,0.38212423319866584,-0.027559151857854444,-0.1057843268787052,-0.05112874566595345
9081542,1789025768500000000,650,HEAD_POSE_ESTIMATE,estimated,-0.8634732347491751,10.083506847503429,0.40758793021950723,-0.013100535052912728,-0.12312224513336793,-0.07491655026795072
9095542,1789025768514000000,651,HEAD_POSE_ESTIMATE,estimated,-0.938779187854927,10.221557185300721,0.3946015897757421,0.0019295731906760517,-0.13893702973408364,-0.08510488826985725
9109542,1789025768528000000,652,HEAD_POSE_ESTIMATE,estimated,-0.9968578581491689,10.339684691722987,0.3902829737705437,0.007196755327824873,-0.15318935708946976,-0.07836208035444107
9123542,1789025768542000000,653,HEAD_POSE_ESTIMATE,estimated,-1.0486906189277712,10.411785850574395,0.38789927220688203,0.004539437805611592,-0.16410670669748004,-0.060579423610170956
9136542,1789025768555000000,654,HEAD_POSE_ESTIMATE,estimated,-1.0821215670608395,10.405867575117828,0.4508985237369999,0.0014419008628752865,-0.16888167984768765,-0.034851936762761
9150542,1789025768569000000,655,HEAD_POSE_ESTIMATE,estimated,-1.08270721639742,10.398167968306849,0.47594757990466663,-0.00010378971547371081,-0.16945787963252226,-0.012034072316658408
9166542,1789025768585000000,656,HEAD_POSE_ESTIMATE,estimated,-1.0424007302343128,10.36160278556567,0.5152528842282784,-0.004513187702405176,-0.16580805792439282,0.004182876167247094
9177542,1789025768596000000,657,HEAD_POSE_ESTIMATE,estimated,-1.0039893255833805,10.325923853830098,0.5415610893730799,-0.007240399434018089,-0.15804187180383567,0.006984704622357751
9192542,1789025768611000000,658,HEAD_POSE_ESTIMATE,estimated,-0.9511201427906927,10.25153890234226,0.5846215583629834,0.0012324334870110016,-0.14901212732501196,0.00791194673027248
9205542,1789025768624000000,659,HEAD_POSE_ESTIMATE,estimated,-0.933099672554139,10.1816267559709,0.6479807640824566,0.020438077556056138,-0.13876566959639988,0.007601658017299761
9219542,1789025768638000000,660,HEAD_POSE_ESTIMATE,estimated,-0.9068181620619917,10.115478751084941,0.6817847942945946,0.04075383948403224,-0.12568632528496926,0.009145679390046988
9233542,1789025768652000000,661,HEAD_POSE_ESTIMATE,estimated,-0.8688206093436055,10.066070692097092,0.6441075715812734,0.06449041220944857,-0.1156882159150092,0.005493206264188895
9248542,1789025768667000000,662,HEAD_POSE_ESTIMATE,estimated,-0.8251792428641531,9.979005306475116,0.6211119047786948,0.0813835603093017,-0.10297509714376209,0.005282791089787002
9261542,1789025768680000000,663,HEAD_POSE_ESTIMATE,estimated,-0.8168532690583674,9.853200785526656,0.6387782870454081,0.10309310057575417,-0.09418921777565493,0.0025377017049386373
9275542,1789025768694000000,664,HEAD_POSE_ESTIMATE,estimated,-0.822713293625559,9.720101581524396,0.6661750859632845,0.1312261143781637,-0.09268288987073157,-0.011996246085967643
9289542,1789025768708000000,665,HEAD_POSE_ESTIMATE,estimated,-0.798296074536762,9.63346358818657,0.5671094765469912,0.1535214954598213,-0.0956684306851844,-0.03192748920266109
9303542,1789025768722000000,666,HEAD_POSE_ESTIMATE,estimated,-0.8216042911564734,9.565907933292834,0.5288096128464521,0.17727772247212742,-0.10240942956797298,-0.06037306316477953
9319542,1789025768738000000,667,HEAD_POSE_ESTIMATE,estimated,-0.8634478690822978,9.492551902847222,0.47179007534071704,0.20643190635774714,-0.11294752263185692,-0.09844205359268349
9333542,1789025768752000000,668,HEAD_POSE_ESTIMATE,estimated,-0.9293218509359825,9.402913654395254,0.45365750188641185,0.24331311277627277,-0.125891003431649,-0.1269852426114959
9344542,1789025768763000000,669,HEAD_POSE_ESTIMATE,estimated,-0.9808828440424855,9.362946276941297,0.4461062011828255,0.27738287093196495,-0.1369077280845108,-0.14154485972644965
9358542,1789025768777000000,670,HEAD_POSE_ESTIMATE,estimated,-1.0590017643847904,9.315403957503346,0.4289206667896708,0.3019687252224761,-0.14926423244074521,-0.14519795913495168
9372542,1789025768791000000,671,HEAD_POSE_ESTIMATE,estimated,-1.106312737597304,9.313481894252407,0.3982798008619223,0.3088592022755202,-0.16074709542301124,-0.13761007020865956
9388542,1789025768807000000,672,HEAD_POSE_ESTIMATE,estimated,-1.137718067901293,9.320899887442645,0.4016835272737269,0.3166720772412671,-0.1698683719712559,-0.11910244943318873
9399542,1789025768818000000,673,HEAD_POSE_ESTIMATE,estimated,-1.1634375729059194,9.330922252972735,0.39617966753066713,0.3171489294343598,-0.17391547503480495,-0.10044553192870043
9413542,1789025768832000000,674,HEAD_POSE_ESTIMATE,estimated,-1.1727415694007233,9.41589617583979,0.3993327445361419,0.3236770401419135,-0.17603619304422452,-0.08294476678389553
9427542,1789025768846000000,675,HEAD_POSE_ESTIMATE,estimated,-1.1938809312455647,9.571330860366386,0.3361677122729996,0.32748587147796504,-0.17627489382701278,-0.07468041881961626
9441542,1789025768860000000,676,HEAD_POSE_ESTIMATE,estimated,-1.193805607760127,9.757493235622716,0.22467576560386837,0.32544546212103503,-0.17497208133363093,-0.0776451237394701
9455542,1789025768874000000,677,HEAD_POSE_ESTIMATE,estimated,-1.208295059022987,9.945083918953113,0.03433973238219602,0.3219727728706556,-0.16871598220982645,-0.08477003705276635
9469542,1789025768888000000,678,HEAD_POSE_ESTIMATE,estimated,-1.2153942922146403,10.047176115334327,-0.07014180632652875,0.332546420819451,-0.15916358086503765,-0.10352056297768451
9483542,1789025768902000000,679,HEAD_POSE_ESTIMATE,estimated,-1.2136451700693205,10.135385589591804,-0.2204755629804514,0.3400772154365366,-0.14526302578469913,-0.12048911236183237
9497542,1789025768916000000,680,HEAD_POSE_ESTIMATE,estimated,-1.2025623316794598,10.190507869155113,-0.3216309419923685,0.34518300046659,-0.1291024948909968,-0.1355324783426525
9512542,1789025768931000000,681,HEAD_POSE_ESTIMATE,estimated,-1.1658391802285193,10.18989271649899,-0.4270400487111007,0.3589704127336332,-0.12111968196004178,-0.1561956246938262
9527542,1789025768946000000,682,HEAD_POSE_ESTIMATE,estimated,-1.1408459572956777,10.141865372450162,-0.4282473225891671,0.37086631694292765,-0.11294799768022286,-0.16983270889436355
9540542,1789025768959000000,683,HEAD_POSE_ESTIMATE,estimated,-1.1241482803972938,10.064500498259491,-0.45176638592566176,0.37507946465446684,-0.10644028200457435,-0.17465282177425823
9555542,1789025768974000000,684,HEAD_POSE_ESTIMATE,estimated,-1.101357147173967,9.958078706696813,-0.4748034474422982,0.3663439645004506,-0.10123133420924549,-0.18012980054390382
9566542,1789025768985000000,685,HEAD_POSE_ESTIMATE,estimated,-1.0820812546084162,9.882725138134312,-0.47751771905802587,0.3475719051500264,-0.09543936397319602,-0.18226106773093134
9581542,1789025769000000000,686,HEAD_POSE_ESTIMATE,estimated,-1.0393876420157655,9.72432852778427,-0.43111712870743535,0.3181389366707603,-0.07927778731374661,-0.17267913940317767
9594542,1789025769013000000,687,HEAD_POSE_ESTIMATE,estimated,-0.9880091438084128,9.598117540147143,-0.3839918039743694,0.29182707926464413,-0.05935761576880499,-0.15607759828381515
9608542,1789025769027000000,688,HEAD_POSE_ESTIMATE,estimated,-0.9291443507393726,9.490167757150076,-0.3324968947783711,0.24891782058891349,-0.034390022880234676,-0.1327686000971336
9623542,1789025769042000000,689,HEAD_POSE_ESTIMATE,estimated,-0.844566724245669,9.440357770711259,-0.2730722502184457,0.19647527443197085,-0.00660177529347159,-0.10593348659596633
9637542,1789025769056000000,690,HEAD_POSE_ESTIMATE,estimated,-0.7767993924212538,9.463298912443745,-0.2350121393854065,0.14683145445497425,0.020569693777794978,-0.08412048711746295
9649542,1789025769068000000,691,HEAD_POSE_ESTIMATE,estimated,-0.7334253969743566,9.488741478070713,-0.27870988372859745,0.11685740598109405,0.035951674632589276,-0.06960813788669627
9663542,1789025769082000000,692,HEAD_POSE_ESTIMATE,estimated,-0.6597515260974732,9.53114637631203,-0.28466884875513454,0.10443497917965591,0.04353282593525167,-0.06278299244965867
9678542,1789025769097000000,693,HEAD_POSE_ESTIMATE,estimated,-0.5924281895588357,9.595068303921282,-0.3435068646080117,0.09545664926849118,0.04118040273688838,-0.060667760299432494
9691542,1789025769110000000,694,HEAD_POSE_ESTIMATE,estimated,-0.5246759885936534,9.61412369376918,-0.33755030172708783,0.0823119854550652,0.030496456388062324,-0.06564054311065771
9705542,1789025769124000000,695,HEAD_POSE_ESTIMATE,estimated,-0.4645273829953209,9.666432204518696,-0.343133282002813,0.07619555462128047,0.019196139599369375,-0.06637357515869716
9719542,1789025769138000000,696,HEAD_POSE_ESTIMATE,estimated,-0.41640912691282017,9.715058147019949,-0.32439375583546814,0.07267185672540385,0.011608043070948489,-0.059880938426977066
9733542,1789025769152000000,697,HEAD_POSE_ESTIMATE,estimated,-0.3664769123129542,9.789874827561068,-0.30045069075730446,0.061534554395764364,0.011324779122885955,-0.04273610096872192
9748542,1789025769167000000,698,HEAD_POSE_ESTIMATE,estimated,-0.32351744260477755,9.88360717490377,-0.32000845578509385,0.04476729902743465,0.01709426795527431,-0.022150561759481227
9761542,1789025769180000000,699,HEAD_POSE_ESTIMATE,estimated,-0.29787704116934977,9.9618053328615,-0.32064908961497696,0.03552424818795313,0.028375335098421987,-0.00020785147080744956
9775542,1789025769194000000,700,HEAD_POSE_ESTIMATE,estimated,-0.2445866290364438,10.038523123267543,-0.28270949523799077,0.029035430705892765,0.04693270508182435,0.03042024496260678
9789542,1789025769208000000,701,HEAD_POSE_ESTIMATE,estimated,-0.20132723248861373,10.091387830525214,-0.248512912622379,0.02998413831478874,0.0643098874089378,0.05426583347719594
9803542,1789025769222000000,702,HEAD_POSE_ESTIMATE,estimated,-0.1462605506021335,10.13339465416149,-0.23349727441554352,0.035541917714799184,0.07879432930056685,0.06198506827501552
9817542,1789025769236000000,703,HEAD_POSE_ESTIMATE,estimated,-0.09596658109173817,10.171810506468477,-0.19475017181691523,0.03707185998437049,0.08614846759692527,0.054149509920014584
9831542,1789025769250000000,704,HEAD_POSE_ESTIMATE,estimated,-0.06854981983027175,10.185484395639032,-0.1629379890719358,0.04666480363341414,0.08663311167341273,0.03759276869338088
9845542,1789025769264000000,705,HEAD_POSE_ESTIMATE,estimated,-0.0681351484842293,10.139154189781568,-0.11837731173601074,0.05809559564762581,0.08043377065385551,0.017932665197320088
9858542,1789025769277000000,706,HEAD_POSE_ESTIMATE,estimated,-0.06350273303787934,10.072406207354431,-0.11685768710570532,0.07471150663635119,0.07317191941689158,0.002575175996564241
9873542,1789025769292000000,707,HEAD_POSE_ESTIMATE,estimated,-0.06402162695481128,9.956562803758915,-0.13157164399971932,0.1037607973044411,0.07013255040359523,-0.0006135517332268289
9886542,1789025769305000000,708,HEAD_POSE_ESTIMATE,estimated,-0.10746255957542805,9.886215738265028,-0.10637072646524348,0.14296827344276292,0.07077094190617819,0.005056784614340588
9900542,1789025769319000000,709,HEAD_POSE_ESTIMATE,estimated,-0.13077330460934822,9.81018951032296,-0.10243683663979608,0.1852855044199117,0.07462336729364158,0.012581243709412448
9915542,1789025769334000000,710,HEAD_POSE_ESTIMATE,estimated,-0.14675028665448997,9.808276697631316,-0.11703937293151845,0.2273745570488427,0.08004778081280838,0.026433691262359855
9928542,1789025769347000000,711,HEAD_POSE_ESTIMATE,estimated,-0.1480474023137338,9.84211899661839,-0.1571191357106927,0.24893914861169134,0.08688574569923964,0.03769102500652472
9942542,1789025769361000000,712,HEAD_POSE_ESTIMATE,estimated,-0.17406668090828137,9.89955083380098,-0.19301052176995293,0.26821580826068814,0.10022168921242287,0.04717715960474235
9958542,1789025769377000000,713,HEAD_POSE_ESTIMATE,estimated,-0.21289170846339311,10.040591409136438,-0.2648804526478147,0.29258483582707234,0.12079550565694172,0.05475888284792235
9970542,1789025769389000000,714,HEAD_POSE_ESTIMATE,estimated,-0.2540429499077317,10.117342315487313,-0.31735171273061746,0.29564874134233543,0.14258528059919082,0.05561907112998389
9983542,1789025769402000000,715,HEAD_POSE_ESTIMATE,estimated,-0.32005322228138866,10.160795153038686,-0.3366835342589156,0.2833467525332766,0.17219499651836248,0.04675355020776638
9998542,1789025769417000000,716,HEAD_POSE_ESTIMATE,estimated,-0.3985241359320342,10.193925071394744,-0.35420550026031405,0.2688418523266588,0.20938983454237683,0.028162346834543227
10011542,1789025769430000000,717,HEAD_POSE_ESTIMATE,estimated,-0.47827809283796363,10.199153697743327,-0.37338184258305895,0.2578210709612862,0.24435861543272897,0.01645250319738426
10025542,1789025769444000000,718,HEAD_POSE_ESTIMATE,estimated,-0.4996555023235766,10.201755835023173,-0.41868789700026887,0.24835123798419426,0.2715626911034944,0.00876210408994466
10039542,1789025769458000000,719,HEAD_POSE_ESTIMATE,estimated,-0.5159376393864189,10.148942712992536,-0.510989311912054,0.2584462025543013,0.29976565173532754,0.010048941960629105
10053542,1789025769472000000,720,HEAD_POSE_ESTIMATE,estimated,-0.5411730721157952,10.054783874076207,-0.5730274747561988,0.2805451344941061,0.32569233573076173,0.010340545940508771
10067542,1789025769486000000,721,HEAD_POSE_ESTIMATE,estimated,-0.5788079351588838,9.907503246477058,-0.5978584750687896,0.3128152868252822,0.34228005424946945,0.008889675164024566
10081542,1789025769500000000,722,HEAD_POSE_ESTIMATE,estimated,-0.596615562108233,9.757557689086063,-0.7017724690533315,0.33348715604519846,0.3450814039087755,0.0019215002418818297
10095542,1789025769514000000,723,HEAD_POSE_ESTIMATE,estimated,-0.6181810710749628,9.63839529065909,-0.7847082856682839,0.34251857129864666,0.33809370447194004,-0.011413506770199006
10110542,1789025769529000000,724,HEAD_POSE_ESTIMATE,estimated,-0.6432138392949722,9.549015254864138,-0.8566427297492609,0.33538170872239226,0.3212508888934331,-0.02052875969751652
10126542,1789025769545000000,725,HEAD_POSE_ESTIMATE,estimated,-0.6821674775123282,9.459478518707908,-0.9374920701934055,0.32264974302178134,0.3023519592471514,-0.009163809229834757
10135542,1789025769554000000,726,HEAD_POSE_ESTIMATE,estimated,-0.6959987790164907,9.44114197955319,-1.0064623327803917,0.31570878211091646,0.2935979409951651,-0.006007198394776241
10149542,1789025769568000000,727,HEAD_POSE_ESTIMATE,estimated,-0.7440725686960239,9.360875355640037,-1.0484793647688782,0.3076791135096952,0.28033423321265755,0.005319691684008392
10163542,1789025769582000000,728,HEAD_POSE_ESTIMATE,estimated,-0.8161156969089436,9.310267721859296,-1.069491167869003,0.29021310642998666,0.26885886889203703,0.008150680499662874
10177542,1789025769596000000,729,HEAD_POSE_ESTIMATE,estimated,-0.8805934018821199,9.319062736160639,-1.0964686910051848,0.26700236487974005,0.26014849797517714,-0.001863724853012988
10191542,1789025769610000000,730,HEAD_POSE_ESTIMATE,estimated,-0.9326200892356907,9.29908646627429,-1.1289736562038852,0.24863973051803664,0.24530286976190263,-0.01811960431401473
10205542,1789025769624000000,731,HEAD_POSE_ESTIMATE,estimated,-0.9716422522658996,9.262475113000882,-1.1515600851260641,0.22623089092250342,0.22646565274537203,-0.040218750209347086
10218542,1789025769637000000,732,HEAD_POSE_ESTIMATE,estimated,-1.0142053656355303,9.250192809863684,-1.1970766474193921,0.1962511165759457,0.20650007097633732,-0.06427684505003291
10232542,1789025769651000000,733,HEAD_POSE_ESTIMATE,estimated,-1.0149642389367814,9.259656160067498,-1.2537754390832165,0.16949004512182925,0.1889219251848283,-0.09063348699839033
10246542,1789025769665000000,734,HEAD_POSE_ESTIMATE,estimated,-1.0363561808220965,9.292746788422793,-1.2963516893927174,0.13877174010194818,0.17938927260552376,-0.09695898760947556
10260542,1789025769679000000,735,HEAD_POSE_ESTIMATE,estimated,-1.023653953890677,9.341417572916322,-1.3500215704640388,0.10552082525048528,0.1696177295973638,-0.11195862935073247
10275542,1789025769694000000,736,HEAD_POSE_ESTIMATE,estimated,-1.0767837705797372,9.377652452978325,-1.374647805090225,0.057860592976702756,0.1621971536048886,-0.10855396431166131
10289542,1789025769708000000,737,HEAD_POSE_ESTIMATE,estimated,-1.0597031862911774,9.414627479987317,-1.404363538547265,0.021087795431303354,0.1528379309838426,-0.1036350862417237
10302542,1789025769721000000,738,HEAD_POSE_ESTIMATE,estimated,-1.0276893907313709,9.453803598032474,-1.454011149188012,-0.007034715231571127,0.14490547955747493,-0.09244977132427565
10316542,1789025769735000000,739,HEAD_POSE_ESTIMATE,estimated,-0.9851626754387796,9.531952676096392,-1.5092030548961204,-0.028606740666664892,0.13508365124263433,-0.08545639804525092
10330542,1789025769749000000,740,HEAD_POSE_ESTIMATE,estimated,-0.9494484752873276,9.603172580333206,-1.5721076718319145,-0.040431913886476635,0.12614775057425207,-0.07639827169097883
10344542,1789025769763000000,741,HEAD_POSE_ESTIMATE,estimated,-0.9425139313940019,9.669174271448087,-1.6064989392317313,-0.04468051425700942,0.11508439877401955,-0.06861310242104893
10359542,1789025769778000000,742,HEAD_POSE_ESTIMATE,estimated,-0.966476653431954,9.679726441918838,-1.6250858988363963,-0.04418293455435858,0.09663063675365316,-0.06882043509536584
10372542,1789025769791000000,743,HEAD_POSE_ESTIMATE,estimated,-0.9927868254033673,9.671338545212363,-1.644485561514439,-0.025940432293533114,0.08246327472314526,-0.06419778415086076
10391542,1789025769810000000,744,HEAD_POSE_ESTIMATE,estimated,-1.0352164048419343,9.681349865984087,-1.670407307394334,0.02037129848589501,0.07432580979139083,-0.044295226661783094
10399542,1789025769818000000,745,HEAD_POSE_ESTIMATE,estimated,-1.0465551560100081,9.69783139695228,-1.686814840645996,0.03378793405182834,0.0689676679148358,-0.039670182476335726
10412542,1789025769831000000,746,HEAD_POSE_ESTIMATE,estimated,-1.0782288728226272,9.731197461828152,-1.7067786762568056,0.05472059774581451,0.08018545247154948,-0.01871916483904075
10427542,1789025769846000000,747,HEAD_POSE_ESTIMATE,estimated,-1.066675417065974,9.770781452731285,-1.7376719235720097,0.06943134343853963,0.09080340320231109,-0.00027600162154849106
10440542,1789025769859000000,748,HEAD_POSE_ESTIMATE,estimated,-1.0729666195201608,9.812696051841653,-1.7850431075158686,0.0762638688436911,0.1043286041254145,0.009280069719632293
10454542,1789025769873000000,749,HEAD_POSE_ESTIMATE,estimated,-1.0610169146812387,9.81658334862291,-1.8181923717775905,0.06765852394295109,0.11335109862204577,-0.0006310155071310423
10468542,1789025769887000000,750,HEAD_POSE_ESTIMATE,estimated,-1.0673902656725511,9.826834758719325,-1.8684481584118324,0.06606052321582831,0.12129195999112609,-0.013977045173851354
10482542,1789025769901000000,751,HEAD_POSE_ESTIMATE,estimated,-1.0684326043832537,9.824569653309316,-1.8847152182361973,0.07146853550772578,0.1289885160510184,-0.02462180568423266
10496542,1789025769915000000,752,HEAD_POSE_ESTIMATE,estimated,-1.0941126211187897,9.782828603795975,-1.857993902236972,0.08763660858593407,0.13034101372271445,-0.0324516469915086
10510542,1789025769929000000,753,HEAD_POSE_ESTIMATE,estimated,-1.0641851120087835,9.709513845103308,-1.8439409127716437,0.11072102210822979,0.1416469341143242,-0.018919760865982776
10527542,1789025769946000000,754,HEAD_POSE_ESTIMATE,estimated,-1.0343383264098676,9.62717736206083,-1.8510125903351347,0.1335937302822787,0.15736659721026997,-0.0070570080369606785
10537542,1789025769956000000,755,HEAD_POSE_ESTIMATE,estimated,-1.0622586862398942,9.648293641083129,-1.8652821152605041,0.16012483397566543,0.17171825369987917,0.02363420644276466
10550542,1789025769969000000,756,HEAD_POSE_ESTIMATE,estimated,-1.0891083717227807,9.619928299025688,-1.8720822774480768,0.17590023683653946,0.18747066475561605,0.05278067865643615
10565542,1789025769984000000,757,HEAD_POSE_ESTIMATE,estimated,-1.086344609386732,9.533183809532158,-1.8867380361609074,0.1799686840901059,0.2065100653034536,0.08070894342070266
10579542,1789025769998000000,758,HEAD_POSE_ESTIMATE,estimated,-1.090676907139766,9.40425986478322,-1.8660373351165722,0.1752491091911121,0.22893796385922227,0.09826210793366602
10592542,1789025770011000000,759,HEAD_POSE_ESTIMATE,estimated,-1.0796347435621174,9.323074181750659,-1.844754675865355,0.16587824063424567,0.25144884424126873,0.10380758121142339
10608542,1789025770027000000,760,HEAD_POSE_ESTIMATE,estimated,-1.0721904958027462,9.29134634919654,-1.8178832764217097,0.13792566205060688,0.26319215073321944,0.08616626274253576
10620542,1789025770039000000,761,HEAD_POSE_ESTIMATE,estimated,-1.0755211300463523,9.321246824817665,-1.8053949633432955,0.10906732368813554,0.26168484160063094,0.050427013047671075
10634542,1789025770053000000,762,HEAD_POSE_ESTIMATE,estimated,-1.0753581638641903,9.38136661921596,-1.7977673677062729,0.07366803283220916,0.24402173256393647,-0.004343274746774461
10649542,1789025770068000000,763,HEAD_POSE_ESTIMATE,estimated,-1.0549983890010997,9.395295045830931,-1.7834521031166413,0.03945932689252898,0.222071971989402,-0.05114345280362792
10662542,1789025770081000000,764,HEAD_POSE_ESTIMATE,estimated,-1.0432275327305163,9.398657177263562,-1.7954827318622453,0.015922137486451753,0.20122581307751491,-0.081677760972061
10676542,1789025770095000000,765,HEAD_POSE_ESTIMATE,estimated,-1.025692532742248,9.384006088911095,-1.8001843139325642,0.0021149720407397563,0.17980134160634578,-0.0943863506697716
10690542,1789025770109000000,766,HEAD_POSE_ESTIMATE,estimated,-1.029836373895442,9.41546309214396,-1.8017708656641638,-0.014299038954282056,0.16496656629934858,-0.09569581783444965
10704542,1789025770123000000,767,HEAD_POSE_ESTIMATE,estimated,-1.048241564040862,9.432449036427121,-1.7362918933014924,-0.019280060425246826,0.15057172583733894,-0.08780251826901625
10718542,1789025770137000000,768,HEAD_POSE_ESTIMATE,estimated,-1.0583234432696211,9.421153072428742,-1.686750763522757,-0.019145670257726136,0.13677981327743588,-0.07220721581834554
10732542,1789025770151000000,769,HEAD_POSE_ESTIMATE,estimated,-1.0619623900744293,9.431618290215662,-1.6494019876830381,-0.0029300487531831445,0.11952124125407078,-0.05241587608218488
10746542,1789025770165000000,770,HEAD_POSE_ESTIMATE,estimated,-1.0726957390399972,9.46259811372771,-1.6295284899065248,0.0045019837566695215,0.10443386971856579,-0.030991721756018147
10763542,1789025770182000000,771,HEAD_POSE_ESTIMATE,estimated,-1.093452252099342,9.51930674624283,-1.6083675890799727,0.01124250792615201,0.0917835179819832,-0.01211430635842475
10774542,1789025770193000000,772,HEAD_POSE_ESTIMATE,estimated,-1.075637927528581,9.551044140508717,-1.6057691729568058,0.022075776359458957,0.09653362121462428,-0.004687259227127416
10787542,1789025770206000000,773,HEAD_POSE_ESTIMATE,estimated,-1.0577074623705844,9.56575101241127,-1.6026785656073514,0.030301653356724002,0.1000688696748661,-1.6823157625624116e-05
10802542,1789025770221000000,774,HEAD_POSE_ESTIMATE,estimated,-1.0450472506270088,9.590547434206627,-1.6340705384936673,0.02627147165981093,0.09617176377239708,0.0007567615349191741
10814542,1789025770233000000,775,HEAD_POSE_ESTIMATE,estimated,-1.0282536287236272,9.597767704115405,-1.6494642971354472,0.00550308688007847,0.08412992200242442,-0.004384811669162045
10829542,1789025770248000000,776,HEAD_POSE_ESTIMATE,estimated,-1.0097998424281787,9.610469714948985,-1.6979473834204026,-0.004344256314872905,0.0718801301425316,-0.0030352043814553266
10845542,1789025770264000000,777,HEAD_POSE_ESTIMATE,estimated,-0.9788374861317223,9.63097789306107,-1.7242155449831391,-0.0072810349599666925,0.06034367042706472,0.005397059595317863
10858542,1789025770277000000,778,HEAD_POSE_ESTIMATE,estimated,-0.9331902494672298,9.642101373404229,-1.7915846747286726,-0.005162722514540986,0.05694721522945767,0.014242617170614993
10870542,1789025770289000000,779,HEAD_POSE_ESTIMATE,estimated,-0.8764848868842652,9.657331056481079,-1.8450393972758405,0.0030965191440154595,0.05287611384644463,0.023421061516802105
10884542,1789025770303000000,780,HEAD_POSE_ESTIMATE,estimated,-0.8078359793354019,9.685292280146054,-1.941693625302814,0.022145115740949278,0.04522674466836123,0.028952784143548106
10897542,1789025770316000000,781,HEAD_POSE_ESTIMATE,estimated,-0.7742411703004695,9.692652893747145,-2.0253833328107227,0.054147098501789885,0.03556791642704459,0.03729426029356738
10912542,1789025770331000000,782,HEAD_POSE_ESTIMATE,estimated,-0.7404557591719839,9.68737405520188,-2.1036183751603277,0.09930927911149598,0.017513172506917286,0.04839883286013221
10925542,1789025770344000000,783,HEAD_POSE_ESTIMATE,estimated,-0.7135476332798353,9.646887968384117,-2.158816997393236,0.13151936691690785,0.010007739532451234,0.060267389706070464
10940542,1789025770359000000,784,HEAD_POSE_ESTIMATE,estimated,-0.6950860965716432,9.594970354465007,-2.2010171166851142,0.15906528439318265,0.007516056357753112,0.07348805516515895
10954542,1789025770373000000,785,HEAD_POSE_ESTIMATE,estimated,-0.701785995099817,9.531303852943557,-2.2164645299251324,0.17561372716880305,0.01429166709615952,0.09223285664675976
10970542,1789025770389000000,786,HEAD_POSE_ESTIMATE,estimated,-0.697519263684165,9.450949242786306,-2.2270194915405868,0.19146212065653404,0.01876499848648841,0.1012513872714024
10982542,1789025770401000000,787,HEAD_POSE_ESTIMATE,estimated,-0.7028252207086682,9.384730925924044,-2.2230101725654445,0.19619213635336166,0.02001292119321849,0.09979798612604912
10996542,1789025770415000000,788,HEAD_POSE_ESTIMATE,estimated,-0.7007346970122927,9.32679387663465,-2.213273652470079,0.19615118277553942,0.012055086865586038,0.08579299023731421
11012542,1789025770431000000,789,HEAD_POSE_ESTIMATE,estimated,-0.7444037850386811,9.241193905967913,-2.1574502044127883,0.16840496697662807,0.009703423335059424,0.05692444912394895
11024542,1789025770443000000,790,HEAD_POSE_ESTIMATE,estimated,-0.7916359655995111,9.184553284429493,-2.1002931428164544,0.13086377614572806,0.01018130855143187,0.028788011936945142
11038542,1789025770457000000,791,HEAD_POSE_ESTIMATE,estimated,-0.8574414396666409,9.109112864464468,-2.0355307704361976,0.07429397763826019,0.01503961303303163,-0.0015422048094267905
11052542,1789025770471000000,792,HEAD_POSE_ESTIMATE,estimated,-0.9213046548033088,9.098592630801837,-1.9847200091817268,0.0026272820519117487,0.016254019427601366,-0.030453959285044418
11067542,1789025770486000000,793,HEAD_POSE_ESTIMATE,estimated,-1.0076580764723695,9.140384002846647,-1.8845433198809853,-0.0653225396144919,0.021877035799129266,-0.059017942793199975
11080542,1789025770499000000,794,HEAD_POSE_ESTIMATE,estimated,-1.064653494946228,9.231255812556403,-1.803861950801443,-0.11863837245371069,0.03049494992704985,-0.07774506953640604
11094542,1789025770513000000,795,HEAD_POSE_ESTIMATE,estimated,-1.0836953611688487,9.339800203422223,-1.7355234880202839,-0.16852731138553106,0.051234275453815925,-0.09522089361169422
11108542,1789025770527000000,796,HEAD_POSE_ESTIMATE,estimated,-1.08091166237484,9.436719737028662,-1.667545189766208,-0.20131650275396024,0.07765434000260855,-0.09687167696645776
11122542,1789025770541000000,797,HEAD_POSE_ESTIMATE,estimated,-1.063236809391509,9.538738237386122,-1.6302734173602818,-0.21358795901879524,0.10850711654238865,-0.0831904090800258
11136542,1789025770555000000,798,HEAD_POSE_ESTIMATE,estimated,-1.0326933301413899,9.644351407724008,-1.614371112494697,-0.20592201166144364,0.13999392135828298,-0.0512440516548472
11151542,1789025770570000000,799,HEAD_POSE_ESTIMATE,estimated,-1.003648835979257,9.739090355872808,-1.6349809819882797,-0.17610160502863537,0.16641575257657815,-0.014268368358432934
11167542,1789025770586000000,800,HEAD_POSE_ESTIMATE,estimated,-0.9711413797438007,9.806561609070878,-1.6877077078268212,-0.12885226892355423,0.1852952540246847,0.01770958799623159
11178542,1789025770597000000,801,HEAD_POSE_ESTIMATE,estimated,-0.9506820235747658,9.812021260499142,-1.7199238588296142,-0.08802428049453973,0.1926894288894286,0.03416404054882086
11190542,1789025770609000000,802,HEAD_POSE_ESTIMATE,estimated,-0.9212769652606091,9.80809890968523,-1.7562329173851554,-0.039485604170450314,0.19521656574784252,0.044250187261695446
11205542,1789025770624000000,803,HEAD_POSE_ESTIMATE,estimated,-0.8404567868995028,9.785069606306976,-1.8426645993534454,0.018053868360345872,0.19134697172779083,0.04383748347829908
11218542,1789025770637000000,804,HEAD_POSE_ESTIMATE,estimated,-0.7932340323088946,9.753119271753691,-1.8907663793512912,0.05479716208717703,0.18275149665094087,0.037553873787498346
11232542,1789025770651000000,805,HEAD_POSE_ESTIMATE,estimated,-0.7947562114850552,9.703520394383116,-1.9252815240473922,0.0861370898324516,0.16825549170676957,0.020289682467823113
11246542,1789025770665000000,806,HEAD_POSE_ESTIMATE,estimated,-0.8505828902481556,9.645540977217852,-1.9773639126062714,0.10175533061058673,0.15384496149857832,-0.005383295503405647
11260542,1789025770679000000,807,HEAD_POSE_ESTIMATE,estimated,-0.9007094637253512,9.589373291039548,-2.0288906398005557,0.10666387230731597,0.1416474723955206,-0.03357793220954232
11274542,1789025770693000000,808,HEAD_POSE_ESTIMATE,estimated,-0.9556429776570616,9.566250724937365,-2.061409614436319,0.10273492834385665,0.13700773581632975,-0.05909071323373738
11288542,1789025770707000000,809,HEAD_POSE_ESTIMATE,estimated,-1.025118614881195,9.534662278669936,-2.056195945770314,0.09079498468539178,0.1316752727540665,-0.06641870195473258
11302542,1789025770721000000,810,HEAD_POSE_ESTIMATE,estimated,-1.071679053629192,9.502189558612884,-2.053266474991194,0.07497354746295982,0.1268731031560758,-0.06338371124771555
11317542,1789025770736000000,811,HEAD_POSE_ESTIMATE,estimated,-1.072265656197733,9.44931863722634,-2.0520586089352126,0.06585119206166493,0.12212219277513393,-0.04468996653429268
11330542,1789025770749000000,812,HEAD_POSE_ESTIMATE,estimated,-1.0918477326680112,9.390928480638479,-2.0378184066694707,0.049746087468153316,0.11922364593965708,-0.025011180711950635
11344542,1789025770763000000,813,HEAD_POSE_ESTIMATE,estimated,-1.1102445417582734,9.366529445966876,-2.019278194787832,0.026993209336088567,0.11780519936176756,-0.0024233028262923995
11358542,1789025770777000000,814,HEAD_POSE_ESTIMATE,estimated,-1.1302865120779177,9.357624014840823,-2.0194028547123093,0.004929954964865781,0.11727916198518008,0.011857599071488749
11372542,1789025770791000000,815,HEAD_POSE_ESTIMATE,estimated,-1.151189379817682,9.403929471482781,-2.022710345231843,-0.024674134070864693,0.1183010901606094,0.02808180655358285
11386542,1789025770805000000,816,HEAD_POSE_ESTIMATE,estimated,-1.1577148800455759,9.439982572562666,-2.0250598131466044,-0.05240878102629815,0.12203685973576431,0.037009849504896185
11399542,1789025770818000000,817,HEAD_POSE_ESTIMATE,estimated,-1.1597087541245135,9.45947190377015,-2.03863315792447,-0.07102350936343378,0.12727514726168682,0.03724879782605769
11413542,1789025770832000000,818,HEAD_POSE_ESTIMATE,estimated,-1.138220189876712,9.473270991366535,-2.0493677823112337,-0.07989229966427722,0.13405985062208736,0.03478212867250316
11428542,1789025770847000000,819,HEAD_POSE_ESTIMATE,estimated,-1.1117282755206261,9.494251292016962,-2.033360851894206,-0.08303878470932824,0.139713586681592,0.027698779875833236
11441542,1789025770860000000,820,HEAD_POSE_ESTIMATE,estimated,-1.1037130016739671,9.526365633151599,-2.0243376531949773,-0.07011511587731323,0.14492252377082052,0.014929344215279701
11455542,1789025770874000000,821,HEAD_POSE_ESTIMATE,estimated,-1.118634583999951,9.564006175652276,-2.01722526844267,-0.054722880557982155,0.14635112463946218,4.308679228234969e-05
11469542,1789025770888000000,822,HEAD_POSE_ESTIMATE,estimated,-1.1348740582361607,9.600119080704603,-2.0187153674148304,-0.04146259503637328,0.14459696671886466,-0.018984649443830506
11483542,1789025770902000000,823,HEAD_POSE_ESTIMATE,estimated,-1.1524511689623127,9.6193828618434,-2.055636288200793,-0.028845358162020523,0.14088642977796836,-0.03771376869635475
11497542,1789025770916000000,824,HEAD_POSE_ESTIMATE,estimated,-1.1765374167724532,9.648442058227397,-2.079474227163252,-0.023169814542171346,0.13741119585637718,-0.04937245901666397
11511542,1789025770930000000,825,HEAD_POSE_ESTIMATE,estimated,-1.1826231812251924,9.658768788603767,-2.098136386504224,-0.020696667365676016,0.13385282239564775,-0.05598033260156439
11526542,1789025770945000000,826,HEAD_POSE_ESTIMATE,estimated,-1.1504959333434202,9.66829816172704,-2.131947381883881,-0.023613755935499744,0.12940551784907134,-0.059751419753125416
11539542,1789025770958000000,827,HEAD_POSE_ESTIMATE,estimated,-1.143025245134191,9.668629929441547,-2.1410123871282316,-0.0325347141980558,0.12244894532699235,-0.05921393515844378
11553542,1789025770972000000,828,HEAD_POSE_ESTIMATE,estimated,-1.1241626416328236,9.658224556734204,-2.146952000507624,-0.030411780862112072,0.11282006849551247,-0.06787456154426731
11566542,1789025770985000000,829,HEAD_POSE_ESTIMATE,estimated,-1.1119541164653806,9.69767389033813,-2.1779921067777996,-0.03496601134053746,0.10219732069555029,-0.07225884303410292
11580542,1789025770999000000,830,HEAD_POSE_ESTIMATE,estimated,-0.9427907760390102,9.662363089884687,-2.3101478367421038,-0.012779581809743984,0.08611983459514405,-0.08129849396526147
11594542,1789025771013000000,831,HEAD_POSE_ESTIMATE,estimated,-1.1268371321954356,9.66613011445045,-2.238050930588535,0.014674682088715845,0.06989334063986857,-0.08318639161224471
11607542,1789025771026000000,832,HEAD_POSE_ESTIMATE,estimated,-1.235537351228123,9.628857792174815,-2.216200518955511,0.03540721032643984,0.05336199089251888,-0.08353978523697654
11621542,1789025771040000000,833,HEAD_POSE_ESTIMATE,estimated,-1.2764416369958411,9.571069952211285,-2.222327047214326,0.04366495140744469,0.037385487960807554,-0.08679454075148653
11637542,1789025771056000000,834,HEAD_POSE_ESTIMATE,estimated,-1.2896741110465704,9.506486310599344,-2.2087331366506016,0.03285334704321747,0.028175344339123894,-0.08932032059792024
11649542,1789025771068000000,835,HEAD_POSE_ESTIMATE,estimated,-1.3512763947170692,9.46294734782757,-2.1727689590366532,0.026210170321652376,0.01973215745665258,-0.09234533525098397
11665542,1789025771084000000,836,HEAD_POSE_ESTIMATE,estimated,-1.287768529381904,9.450483106725063,-2.180107028175926,-0.0005212625602898742,0.01866598860209473,-0.09896557423826428
11687542,1789025771106000000,837,HEAD_POSE_ESTIMATE,estimated,-1.2657912943142993,9.433863829313813,-2.1552862824518586,-0.030063344389228187,0.015284273324113213,-0.10530302944300368
11701542,1789025771120000000,838,HEAD_POSE_ESTIMATE,estimated,-1.2679412198486752,9.431698079042018,-2.1427621993547645,-0.04763327556828786,0.012457798665756373,-0.1104544694300061
11715542,1789025771134000000,839,HEAD_POSE_ESTIMATE,estimated,-1.243787655960732,9.472447580041875,-2.1568156155529943,-0.06071513164965508,0.005695105584275641,-0.11794519246630432
11729542,1789025771148000000,840,HEAD_POSE_ESTIMATE,estimated,-1.183459471866482,9.52558045716622,-2.194885548946693,-0.07482893989285368,-0.0055673608122352265,-0.12686328057675014
11743542,1789025771162000000,841,HEAD_POSE_ESTIMATE,estimated,-1.1140738109423025,9.575643546667811,-2.2310753489595676,-0.0843101411625713,-0.021735325251633644,-0.13419621633590678
11757542,1789025771176000000,842,HEAD_POSE_ESTIMATE,estimated,-1.0611939580824141,9.609432626793428,-2.2487865051353144,-0.09208988603721761,-0.0382540597307322,-0.1406843386489231
11771542,1789025771190000000,843,HEAD_POSE_ESTIMATE,estimated,-0.928961658161662,9.652244211476383,-2.3188232347199174,-0.09469682230223997,-0.05303288959822753,-0.14259944501200864
11785542,1789025771204000000,844,HEAD_POSE_ESTIMATE,estimated,-0.9510539510973187,9.7285205605039,-2.291448063760284,-0.09991438732375132,-0.06454832720938593,-0.1504060861596287
11802542,1789025771221000000,845,HEAD_POSE_ESTIMATE,estimated,-0.9746874060564594,9.814333059617985,-2.2732450598439167,-0.10909826505888234,-0.08164690470220921,-0.15566865670666674
11813542,1789025771232000000,846,HEAD_POSE_ESTIMATE,estimated,-1.111640202610025,9.836666107660037,-2.1798783206236734,-0.1148447121422182,-0.09191865731959235,-0.17375952320318772
11827542,1789025771246000000,847,HEAD_POSE_ESTIMATE,estimated,-1.1284135645638678,9.87253840085859,-2.1615840671355566,-0.11562586293522764,-0.10136257043521064,-0.18174821315425596
11841542,1789025771260000000,848,HEAD_POSE_ESTIMATE,estimated,-1.1227963431801964,9.880335007803867,-2.1494424488429007,-0.11781827462578776,-0.11005484245602648,-0.18337983407089692
11855542,1789025771274000000,849,HEAD_POSE_ESTIMATE,estimated,-1.1465769319496923,9.87036548998896,-2.1061795270785466,-0.12392527821342807,-0.11813190562162984,-0.1805661837550423
11869542,1789025771288000000,850,HEAD_POSE_ESTIMATE,estimated,-1.1130004739530754,9.824339408867065,-2.0903348239985355,-0.13592713349321006,-0.1252425207604305,-0.1703550130874865
11886542,1789025771305000000,851,HEAD_POSE_ESTIMATE,estimated,-1.0734205295473018,9.733453453182618,-2.0537373053527306,-0.14740910215359213,-0.12967761056370228,-0.15141726342079034
11899542,1789025771318000000,852,HEAD_POSE_ESTIMATE,estimated,-1.0629920072298784,9.662929139310197,-2.0256708349839165,-0.1586612315906644,-0.1338400300595025,-0.13408578978083513
11911542,1789025771330000000,853,HEAD_POSE_ESTIMATE,estimated,-1.0081969472335364,9.615577134282944,-2.0321307977731835,-0.16812977753949132,-0.13280286596027435,-0.11649078228190204
11928542,1789025771347000000,854,HEAD_POSE_ESTIMATE,estimated,-0.9261083220881732,9.567736796037567,-2.0398315032915644,-0.1754677915126049,-0.13022403752750578,-0.1029465646836368
11939542,1789025771358000000,855,HEAD_POSE_ESTIMATE,estimated,-0.8984899404506473,9.572760129929748,-2.0415623280080504,-0.17393852180667613,-0.12586511778447,-0.09289814819301502
11953542,1789025771372000000,856,HEAD_POSE_ESTIMATE,estimated,-0.8365607608852311,9.565071000894298,-2.059126622312782,-0.1596484987242814,-0.11938800328750768,-0.07460803014266915
11966542,1789025771385000000,857,HEAD_POSE_ESTIMATE,estimated,-0.7766571916332403,9.554613327918533,-2.073637851993353,-0.13778086218343827,-0.11127236320011419,-0.056839079201468315
11981542,1789025771400000000,858,HEAD_POSE_ESTIMATE,estimated,-0.6865318754910874,9.55689541023505,-2.111247785453927,-0.10784324264485047,-0.10191531323734736,-0.0379945406138962
11995542,1789025771414000000,859,HEAD_POSE_ESTIMATE,estimated,-0.6432017505601191,9.585350081962321,-2.1212588871165226,-0.0779687301069811,-0.09481494805724892,-0.024475565575576664
12008542,1789025771427000000,860,HEAD_POSE_ESTIMATE,estimated,-0.6415825979173363,9.593256385275579,-2.1032601362874606,-0.05119661061280776,-0.08647441643245145,-0.014250667186600069
12023542,1789025771442000000,861,HEAD_POSE_ESTIMATE,estimated,-0.6907247447547245,9.593100803104823,-2.0645776783100573,-0.02990281757663899,-0.0768295306543959,-0.006049175797809102
12039542,1789025771458000000,862,HEAD_POSE_ESTIMATE,estimated,-0.6306545245670443,9.573524717620032,-2.0820468691146385,-0.01879628659211352,-0.06488103412977052,0.002500128537113727
12051542,1789025771470000000,863,HEAD_POSE_ESTIMATE,estimated,-0.6930349925542887,9.56462736698472,-2.0487076845531345,-0.018689969763965798,-0.05902967377176005,0.001645114643388649
12065542,1789025771484000000,864,HEAD_POSE_ESTIMATE,estimated,-0.7028617690271222,9.54723785057507,-2.043767900421661,-0.02022486646995385,-0.05492744067737076,-0.0016831637669876753
12079542,1789025771498000000,865,HEAD_POSE_ESTIMATE,estimated,-0.7049770225913862,9.526413067917419,-2.0457575066712974,-0.02507845331507327,-0.05317507190681616,-0.006592949610157906
12094542,1789025771513000000,866,HEAD_POSE_ESTIMATE,estimated,-0.7076291131050485,9.478798215979712,-2.0456261242632023,-0.026877637368342394,-0.05424298890039185,-0.012305934530425298
12107542,1789025771526000000,867,HEAD_POSE_ESTIMATE,estimated,-0.6989500339125199,9.436347487295015,-2.045034492384686,-0.02753351918259515,-0.06098933620525601,-0.01847780409267887
12122542,1789025771541000000,868,HEAD_POSE_ESTIMATE,estimated,-0.671869036604903,9.404124443866195,-2.0696186007347586,-0.027070139970454966,-0.07226165074848323,-0.02071424753458868
12132542,1789025771551000000,869,HEAD_POSE_ESTIMATE,estimated,-0.6341122776501839,9.400884822907644,-2.086272910187422,-0.014953648900547028,-0.08535900591086397,-0.024931092479450002
12149542,1789025771568000000,870,HEAD_POSE_ESTIMATE,estimated,-0.5990232597519995,9.411287787961285,-2.12603143340242,-0.004751797929643332,-0.09904646695899924,-0.018343227575011195
12160542,1789025771579000000,871,HEAD_POSE_ESTIMATE,estimated,-0.6017753263280142,9.429443064630055,-2.133829113821569,-0.010607565175805456,-0.10810035804403746,-0.011511442293682153
12173542,1789025771592000000,872,HEAD_POSE_ESTIMATE,estimated,-0.5780337710577702,9.4306358630746,-2.1492687130090666,-0.024877355721166068,-0.11361688651479956,-0.0025008028526084863
12188542,1789025771607000000,873,HEAD_POSE_ESTIMATE,estimated,-0.5689102518087175,9.408687365303127,-2.1545969283796924,-0.05550715496634522,-0.11751045259929278,0.011358776715108897
12201542,1789025771620000000,874,HEAD_POSE_ESTIMATE,estimated,-0.5561651764189274,9.393708424411995,-2.14704425981892,-0.0879279169446385,-0.11787876494093831,0.02709817160210188
12216542,1789025771635000000,875,HEAD_POSE_ESTIMATE,estimated,-0.5687322957837304,9.39944858191629,-2.114240682638579,-0.11829721820356029,-0.11552911430276888,0.04226514194847415
12230542,1789025771649000000,876,HEAD_POSE_ESTIMATE,estimated,-0.579882692752631,9.434654717090673,-2.0927429703895033,-0.14102318299865027,-0.1071695375798025,0.05612710321943558
12245542,1789025771664000000,877,HEAD_POSE_ESTIMATE,estimated,-0.5883519320298117,9.48381430116362,-2.033035672442738,-0.14679587484138068,-0.10045176252713967,0.06258474641471645
12257542,1789025771676000000,878,HEAD_POSE_ESTIMATE,estimated,-0.5556074377706567,9.51193141087126,-2.0190781876523287,-0.1402075286554703,-0.0937278546176916,0.06689178402204922
12273542,1789025771692000000,879,HEAD_POSE_ESTIMATE,estimated,-0.5789588620160419,9.533258159348025,-1.9899692449023958,-0.11786622615584752,-0.09425318699437153,0.06541511416952239
12286542,1789025771705000000,880,HEAD_POSE_ESTIMATE,estimated,-0.555917948158178,9.554066337784162,-1.9715284975280236,-0.0942696982043353,-0.09684970854011522,0.061796502474233767
12300542,1789025771719000000,881,HEAD_POSE_ESTIMATE,estimated,-0.5494890715588769,9.556242765996055,-1.9735025016647625,-0.06841319872280538,-0.10138430872061648,0.05169639553579319
12315542,1789025771734000000,882,HEAD_POSE_ESTIMATE,estimated,-0.5538139584395928,9.537026015990955,-1.9525179388724692,-0.04909544662564319,-0.1073000560343236,0.0393716461509546
12329542,1789025771748000000,883,HEAD_POSE_ESTIMATE,estimated,-0.542882784267892,9.522878501559266,-1.9377604077696986,-0.03683396414967776,-0.11281976353442347,0.02690932321303728
12342542,1789025771761000000,884,HEAD_POSE_ESTIMATE,estimated,-0.5494712138708184,9.518163521892925,-1.9345532785053006,-0.0334701944908573,-0.11469527575364792,0.01751461627599437
12357542,1789025771776000000,885,HEAD_POSE_ESTIMATE,estimated,-0.5516676672274029,9.534145160096639,-1.9189356034385763,-0.04214105197301681,-0.1149540096404039,0.011924947793716386
12370542,1789025771789000000,886,HEAD_POSE_ESTIMATE,estimated,-0.5639741307077892,9.535736318438614,-1.9049590888708559,-0.04858791076421588,-0.1174034070729138,0.000957174310344448
12385542,1789025771804000000,887,HEAD_POSE_ESTIMATE,estimated,-0.572212702635914,9.52642355910413,-1.8914531843979145,-0.048378282107436395,-0.11843680288426836,-0.010349803134264788
12401542,1789025771820000000,888,HEAD_POSE_ESTIMATE,estimated,-0.6233075250592234,9.503969651670465,-1.8917258930701588,-0.04235053374872221,-0.11832906931416928,-0.017216639018701147
12413542,1789025771832000000,889,HEAD_POSE_ESTIMATE,estimated,-0.6513002792246698,9.49817194336759,-1.8781821699815489,-0.030024744124460104,-0.11660430311096232,-0.020464076385062355
12426542,1789025771845000000,890,HEAD_POSE_ESTIMATE,estimated,-0.6827425839150334,9.518237777072942,-1.8893305780380347,-0.02040693903773701,-0.11201196647931995,-0.02049879915855402
12441542,1789025771860000000,891,HEAD_POSE_ESTIMATE,estimated,-0.7242916960598984,9.567458427932909,-1.902007632979279,-0.01174299407243962,-0.10723980846755352,-0.013166082909913099
12454542,1789025771873000000,892,HEAD_POSE_ESTIMATE,estimated,-0.7609227405149185,9.600936459072523,-1.9017513795283143,-0.006257417209590588,-0.10327880871609921,1.8850351809042118e-05
12469542,1789025771888000000,893,HEAD_POSE_ESTIMATE,estimated,-0.7923774100326428,9.604048738454038,-1.90688871121538,0.0001495866108750887,-0.095634575924893,0.015457410549755687
12483542,1789025771902000000,894,HEAD_POSE_ESTIMATE,estimated,-0.8135553879513492,9.602772682154448,-1.9192840408135647,0.004744644874707313,-0.08774489693949898,0.02536072422998777
12496542,1789025771915000000,895,HEAD_POSE_ESTIMATE,estimated,-0.8234670295757569,9.633637506160431,-1.9167862277250178,0.005749768474806176,-0.08057482289646933,0.02642351082757835
12510542,1789025771929000000,896,HEAD_POSE_ESTIMATE,estimated,-0.837423102490545,9.677354462870813,-1.922496868971773,0.007269676052182458,-0.07519091168621513,0.017076942090301778
12525542,1789025771944000000,897,HEAD_POSE_ESTIMATE,estimated,-0.8553516623015843,9.706379683263748,-1.9050541798401062,0.005731095952048738,-0.07249808359515687,0.0005187800884894763
12538542,1789025771957000000,898,HEAD_POSE_ESTIMATE,estimated,-0.8704051142184008,9.723931215957418,-1.8996517343671702,0.00714887819020311,-0.06880257150959852,-0.013730504262592935
12552542,1789025771971000000,899,HEAD_POSE_ESTIMATE,estimated,-0.8841191371602442,9.742139492157738,-1.9378156488783074,0.006986875773083186,-0.06420072541734527,-0.02709428575342201
12567542,1789025771986000000,900,HEAD_POSE_ESTIMATE,estimated,-0.9088816248573017,9.752898444714804,-1.989403938933793,0.007114724396945461,-0.05939028971308339,-0.033252747132030025
12581542,1789025772000000000,901,HEAD_POSE_ESTIMATE,estimated,-0.9179068539546438,9.753957762022113,-2.018712630204388,0.008048152620193623,-0.05601827587301524,-0.03480538180881014
12595542,1789025772014000000,902,HEAD_POSE_ESTIMATE,estimated,-0.937312869123633,9.707597674675998,-2.02243176986274,0.011255803876780874,-0.05179968550554135,-0.02747800757862264
12609542,1789025772028000000,903,HEAD_POSE_ESTIMATE,estimated,-0.9426404883328316,9.647826702143176,-2.022072026420551,0.014329143949596857,-0.051596720277368543,-0.022520181384395942
12623542,1789025772042000000,904,HEAD_POSE_ESTIMATE,estimated,-0.9356727706493446,9.603194026099711,-2.024028359525279,0.018247947047859023,-0.055304349827356096,-0.02073702147433199
12641542,1789025772060000000,905,HEAD_POSE_ESTIMATE,estimated,-0.9196222135874894,9.55886317060061,-2.0223535964485944,0.014692036100914296,-0.06308063383913333,-0.020468136587419722
12654542,1789025772073000000,906,HEAD_POSE_ESTIMATE,estimated,-0.9050951190226243,9.57747397110728,-2.0014053022868894,0.003426712931003858,-0.07287713805573742,-0.0272842515202254
12663542,1789025772082000000,907,HEAD_POSE_ESTIMATE,estimated,-0.8924547659718138,9.585737422733349,-2.0112598111661226,-0.0036906612016990026,-0.080209718846744,-0.034535110611873615
12678542,1789025772097000000,908,HEAD_POSE_ESTIMATE,estimated,-0.8801735983950563,9.570941800814417,-2.0125727005845744,-0.010031830292145718,-0.09291140753597976,-0.04219419424974644
12692542,1789025772111000000,909,HEAD_POSE_ESTIMATE,estimated,-0.8650276869872572,9.554316500134862,-1.9962106222456115,-0.01724260798051548,-0.10525457409624768,-0.04687036185931684
12706542,1789025772125000000,910,HEAD_POSE_ESTIMATE,estimated,-0.8483472375708767,9.558556421723793,-2.0085226425288805,-0.020861947587106612,-0.1143504141605133,-0.04571833786489306
12720542,1789025772139000000,911,HEAD_POSE_ESTIMATE,estimated,-0.8226395130472774,9.584940579539143,-2.005201242150719,-0.02376361097793037,-0.11934187425637137,-0.032825939912090436
12734542,1789025772153000000,912,HEAD_POSE_ESTIMATE,estimated,-0.7865538078555877,9.63718657799017,-1.99120647975499,-0.026392125694624704,-0.12165566771834271,-0.010863364084239045
12748542,1789025772167000000,913,HEAD_POSE_ESTIMATE,estimated,-0.7509225016321548,9.682540888178297,-1.9790131358138563,-0.029734551162267236,-0.12108330905806299,0.01736899608218415
12764542,1789025772183000000,914,HEAD_POSE_ESTIMATE,estimated,-0.7184570252297546,9.725390359453693,-2.0402323043344013,-0.031946084321209704,-0.12163094957178285,0.04390597809530842
12776542,1789025772195000000,915,HEAD_POSE_ESTIMATE,estimated,-0.706513196288578,9.74494551627017,-2.078390204221314,-0.03654137641287,-0.12291378704528247,0.0606812570046363
12789542,1789025772208000000,916,HEAD_POSE_ESTIMATE,estimated,-0.6939895365773469,9.777237019550794,-2.0971172901127515,-0.0349098006047905,-0.12406850582796637,0.07373250007808926
12805542,1789025772224000000,917,HEAD_POSE_ESTIMATE,estimated,-0.6758715181048305,9.801089695633808,-2.1021997860847477,-0.02026191501665351,-0.1247965911194369,0.08411109713872202
12816542,1789025772235000000,918,HEAD_POSE_ESTIMATE,estimated,-0.6755526667025588,9.794472022919106,-2.0790794896017952,-0.009564300229349195,-0.12821371969435086,0.08375318178481907
12830542,1789025772249000000,919,HEAD_POSE_ESTIMATE,estimated,-0.6784516727723894,9.800388542940485,-2.0690402273017106,0.01351052980472277,-0.12808638921586538,0.08582116263284442
12844542,1789025772263000000,920,HEAD_POSE_ESTIMATE,estimated,-0.6785131092358789,9.800067958583902,-2.071527777204612,0.046015670192912736,-0.12685244487888936,0.08831363496986677
12858542,1789025772277000000,921,HEAD_POSE_ESTIMATE,estimated,-0.6882461732002049,9.786846656292546,-2.0570724257698867,0.09545260585238922,-0.12249922294668443,0.08952563302501627
12872542,1789025772291000000,922,HEAD_POSE_ESTIMATE,estimated,-0.7095061102198783,9.785307443356206,-2.015429666255434,0.159380266994861,-0.11978912940406537,0.09340702728754181
12886542,1789025772305000000,923,HEAD_POSE_ESTIMATE,estimated,-0.74004941869384,9.734509341612522,-2.0153837719469947,0.2056944962279544,-0.11354737806409874,0.09477152398866155
12899542,1789025772318000000,924,HEAD_POSE_ESTIMATE,estimated,-0.7610961467737535,9.683210732516361,-2.021058160938158,0.2390556933486215,-0.10344266652660634,0.09296775630537968
12913542,1789025772332000000,925,HEAD_POSE_ESTIMATE,estimated,-0.7758794670811715,9.610889982214587,-2.035088618696078,0.2620862155578567,-0.089903672359389,0.0920946046440896
12927542,1789025772346000000,926,HEAD_POSE_ESTIMATE,estimated,-0.7976380823644043,9.613273761083423,-2.099062344593082,0.27264132435440824,-0.07706642096645591,0.08548693622865641
12941542,1789025772360000000,927,HEAD_POSE_ESTIMATE,estimated,-0.829864765157418,9.644316988660465,-2.144048797829366,0.2738212345490236,-0.06192462085695169,0.07842234556391971
12954542,1789025772373000000,928,HEAD_POSE_ESTIMATE,estimated,-0.853767883273028,9.675405782329825,-2.170053938002265,0.26994279266057575,-0.04938060795028908,0.07331895560269339
12969542,1789025772388000000,929,HEAD_POSE_ESTIMATE,estimated,-0.8874656234189107,9.674448336662678,-2.1919633757173784,0.26556037104256025,-0.03400581867181483,0.07340193869526794
12984542,1789025772403000000,930,HEAD_POSE_ESTIMATE,estimated,-0.9269365602122397,9.658672746498441,-2.199247319606467,0.26092598458052674,-0.018168894697765496,0.07696153916017612
12999542,1789025772418000000,931,HEAD_POSE_ESTIMATE,estimated,-0.9623325964344738,9.637785434871498,-2.1924327458372965,0.26352506823136057,-0.003468779325177776,0.08302596907708597
13012542,1789025772431000000,932,HEAD_POSE_ESTIMATE,estimated,-0.975292281625993,9.61843310586681,-2.187163896815408,0.25594640963115955,0.009409838536611334,0.08781339495230175
13024542,1789025772443000000,933,HEAD_POSE_ESTIMATE,estimated,-0.9829009268012656,9.595400511762605,-2.1784620329968067,0.24131992565712118,0.02330663055361224,0.09232384761533768
13039542,1789025772458000000,934,HEAD_POSE_ESTIMATE,estimated,-0.988641506667314,9.579006265218602,-2.102563027058725,0.21755278536125217,0.04326442129097792,0.0973465579324269
13052542,1789025772471000000,935,HEAD_POSE_ESTIMATE,estimated,-0.9775427248392367,9.552475977403725,-2.0961543279972563,0.18760843419224962,0.058587269859937695,0.09984359883616856
13066542,1789025772485000000,936,HEAD_POSE_ESTIMATE,estimated,-0.9580559942241043,9.518033441916335,-2.0906123096111426,0.14853708777237246,0.07489870673757648,0.1024577880889888
13080542,1789025772499000000,937,HEAD_POSE_ESTIMATE,estimated,-0.959335517001922,9.495972803042939,-2.0635694392259265,0.10728933471760006,0.08897353334252615,0.10383169323039035
13094542,1789025772513000000,938,HEAD_POSE_ESTIMATE,estimated,-0.9476377854193205,9.464134550275016,-2.038416165562464,0.0736015741745912,0.10123034929561016,0.10602360081986888
13109542,1789025772528000000,939,HEAD_POSE_ESTIMATE,estimated,-0.9391058911069813,9.43829906975922,-2.0094221147382445,0.05811325103238658,0.1106659360170854,0.10568304372171869
13123542,1789025772542000000,940,HEAD_POSE_ESTIMATE,estimated,-0.9229227190859928,9.443073561509802,-2.0346303361806672,0.05396729422365904,0.11714450887595444,0.10540578271942044
13137542,1789025772556000000,941,HEAD_POSE_ESTIMATE,estimated,-0.9139396082256781,9.494270090053073,-2.0546983785978585,0.05135541675235598,0.12316568132929456,0.10483340549998418
13153542,1789025772572000000,942,HEAD_POSE_ESTIMATE,estimated,-0.9222663354103815,9.575163707199563,-2.0423313444280367,0.05257634206987124,0.1309147403955664,0.09619266571410727
13165542,1789025772584000000,943,HEAD_POSE_ESTIMATE,estimated,-0.9194800028110973,9.60096620610184,-2.0436982982229006,0.0647457624431977,0.1354039791308958,0.07959329423110925
13178542,1789025772597000000,944,HEAD_POSE_ESTIMATE,estimated,-0.9326081953999352,9.594884137594464,-2.024423778425578,0.07481743442158824,0.14116469662690787,0.057746321372076095
13192542,1789025772611000000,945,HEAD_POSE_ESTIMATE,estimated,-0.9435048444124907,9.585150301728238,-2.019816843735054,0.08102939578201107,0.14415727446010443,0.03231873884411232
13205542,1789025772624000000,946,HEAD_POSE_ESTIMATE,estimated,-0.9832507844490784,9.581174194984282,-1.9815208537399045,0.07534680228905812,0.1484611025329614,0.009220538671978614
13220542,1789025772639000000,947,HEAD_POSE_ESTIMATE,estimated,-1.0222504689027474,9.591500896077374,-1.9206070873275334,0.06100167162948139,0.15533156429595688,-0.011656108507310513
13234542,1789025772653000000,948,HEAD_POSE_ESTIMATE,estimated,-1.0588378797268896,9.623025349883696,-1.883721064595297,0.044747046448440436,0.16024228830778575,-0.023642646675855323
13248542,1789025772667000000,949,HEAD_POSE_ESTIMATE,estimated,-1.106554524272359,9.65408663553062,-1.8529863141624277,0.031081956913899814,0.16436455493283098,-0.0352237840548784
13262542,1789025772681000000,950,HEAD_POSE_ESTIMATE,estimated,-1.1281401864091531,9.70404061616621,-1.8389434561115026,0.025599969531570763,0.1662611481395887,-0.037391129632090535
13276542,1789025772695000000,951,HEAD_POSE_ESTIMATE,estimated,-1.0962976871325423,9.669557592314417,-1.8639973282677116,0.04100480968559287,0.1703355785978294,-0.03936219215023805
13290542,1789025772709000000,952,HEAD_POSE_ESTIMATE,estimated,-1.0811842568124126,9.606901064731153,-1.8532675733762156,0.06387985416897357,0.17436783100005956,-0.02859917502336289
13302542,1789025772721000000,953,HEAD_POSE_ESTIMATE,estimated,-1.0727926050242766,9.539865475708307,-1.8208076853320998,0.08097048439631004,0.17773096736699162,-0.007121647076892516
13317542,1789025772736000000,954,HEAD_POSE_ESTIMATE,estimated,-1.0658390215264233,9.516535504166294,-1.8003029992266737,0.08090187473287233,0.18171660324923453,0.02969476292045039
13331542,1789025772750000000,955,HEAD_POSE_ESTIMATE,estimated,-1.0731200510093384,9.549536711096296,-1.7835781867706098,0.06838946518640705,0.18218319984023074,0.06198934460105352
13345542,1789025772764000000,956,HEAD_POSE_ESTIMATE,estimated,-1.0577772911576004,9.572818512700966,-1.8105818786001682,0.04624163348767518,0.1806303296521745,0.07698638239933361
13360542,1789025772779000000,957,HEAD_POSE_ESTIMATE,estimated,-1.0115732790440561,9.595042972624276,-1.8371268151049347,0.03623061231108422,0.17975100485593512,0.08255496453910606
13373542,1789025772792000000,958,HEAD_POSE_ESTIMATE,estimated,-0.9809708420486941,9.575467809152373,-1.853636230318643,0.03774141484562076,0.18078578462047423,0.08790882155662656
13387542,1789025772806000000,959,HEAD_POSE_ESTIMATE,estimated,-0.9193024461639553,9.565223257289775,-1.8573692440045435,0.04006027854492473,0.18184045652497777,0.08880346058148958
13401542,1789025772820000000,960,HEAD_POSE_ESTIMATE,estimated,-0.8910090265192588,9.565672679136995,-1.8725328441805908,0.04674014961424916,0.18349908680095103,0.07901079099049961
13415542,1789025772834000000,961,HEAD_POSE_ESTIMATE,estimated,-0.8865320741803345,9.578149407454028,-1.8732125701127074,0.058376976873216496,0.18601748644278657,0.059988512737767924
13429542,1789025772848000000,962,HEAD_POSE_ESTIMATE,estimated,-0.9258859776383173,9.595112797458098,-1.9103522744513117,0.07655476108205878,0.18514705087088018,0.0341748426199829
13443542,1789025772862000000,963,HEAD_POSE_ESTIMATE,estimated,-0.9322738917223055,9.614503905076088,-1.9640309357214256,0.10688302598248982,0.18565463699209417,0.0052805738171512965
13457542,1789025772876000000,964,HEAD_POSE_ESTIMATE,estimated,-0.9120235785173398,9.63201421792536,-2.0300271538498005,0.1455054674610599,0.18528651209558264,-0.017817499707702456
13471542,1789025772890000000,965,HEAD_POSE_ESTIMATE,estimated,-0.9049478867638302,9.615073866362737,-2.057990614244407,0.1763173369884926,0.18366773147087923,-0.02829997952157118
13485542,1789025772904000000,966,HEAD_POSE_ESTIMATE,estimated,-0.9024613861633735,9.598019125445166,-2.0697871756049597,0.18856819912944978,0.18155283751157458,-0.02480034235053824
13498542,1789025772917000000,967,HEAD_POSE_ESTIMATE,estimated,-0.9008998070590205,9.56278668111449,-2.0764557012245826,0.18061539261826975,0.17751184528252642,-0.006369079870009279
13512542,1789025772931000000,968,HEAD_POSE_ESTIMATE,estimated,-0.9128037265026725,9.606894815098556,-2.1111423650085297,0.15936586775534037,0.17162426391051183,0.005866698714829481
13528542,1789025772947000000,969,HEAD_POSE_ESTIMATE,estimated,-0.9353505135259503,9.671086171009936,-2.1118013655680947,0.14864899682226781,0.16680604812721125,0.009436000406400817
13539542,1789025772958000000,970,HEAD_POSE_ESTIMATE,estimated,-0.9388732043036555,9.735628952936663,-2.1567952708891136,0.14918200326299944,0.16268253908703983,0.0035195447295885093
13553542,1789025772972000000,971,HEAD_POSE_ESTIMATE,estimated,-0.9257327673472435,9.72850078553534,-2.152743075405922,0.17450090481616598,0.16193202796499243,0.010265676647727137
13567542,1789025772986000000,972,HEAD_POSE_ESTIMATE,estimated,-0.8953063537396845,9.67744043904597,-2.134860674916963,0.2051768405920948,0.16469535674130567,0.02336915049161341
13581542,1789025773000000000,973,HEAD_POSE_ESTIMATE,estimated,-0.8545944942275365,9.619866693333632,-2.1211603196475552,0.21122461843780369,0.1655888785822235,0.03411324315730921
13595542,1789025773014000000,974,HEAD_POSE_ESTIMATE,estimated,-0.8348710703313102,9.599725815113642,-2.141813614991857,0.18670983675142358,0.16465634265535994,0.0407544006577951
13609542,1789025773028000000,975,HEAD_POSE_ESTIMATE,estimated,-0.8217728866916523,9.605493051779266,-2.1774120326630726,0.15743529449238058,0.16621406260305965,0.05159290250803794
13622542,1789025773041000000,976,HEAD_POSE_ESTIMATE,estimated,-0.810176636482446,9.60434992475055,-2.2352159942465653,0.12615475070474866,0.16939680209616806,0.06501761941878874
13639542,1789025773058000000,977,HEAD_POSE_ESTIMATE,estimated,-0.7536068552975074,9.567022960272848,-2.2564296130128354,0.09677586494274495,0.17689106648013725,0.07849302854560808
13650542,1789025773069000000,978,HEAD_POSE_ESTIMATE,estimated,-0.6887333139385421,9.514675753547893,-2.291584234179008,0.08582135108477568,0.18568735648880946,0.07935839955232198
13664542,1789025773083000000,979,HEAD_POSE_ESTIMATE,estimated,-0.637601240113686,9.47127388913873,-2.252313766200493,0.07514205170668062,0.19423535430226424,0.07772835827127741
13678542,1789025773097000000,980,HEAD_POSE_ESTIMATE,estimated,-0.5965212717278884,9.427664845730416,-2.226851714430356,0.06552709540410964,0.2023823377310427,0.07728017299299521
13692542,1789025773111000000,981,HEAD_POSE_ESTIMATE,estimated,-0.5855279046100967,9.410685705185697,-2.237831779962894,0.05653896922307444,0.2043211774462775,0.08480346099752663
13705542,1789025773124000000,982,HEAD_POSE_ESTIMATE,estimated,-0.5636159181756236,9.401411326447565,-2.297701416802298,0.0559739984878743,0.2057584208954667,0.08485624649680809
13719542,1789025773138000000,983,HEAD_POSE_ESTIMATE,estimated,-0.5601902960443894,9.395447615809193,-2.348444712512704,0.0626970281971935,0.2107278735444301,0.07990780850642797
13733542,1789025773152000000,984,HEAD_POSE_ESTIMATE,estimated,-0.5501538919157537,9.362681515273474,-2.3655724568516145,0.0892945068390723,0.22742858662773738,0.06997900511561007
13747542,1789025773166000000,985,HEAD_POSE_ESTIMATE,estimated,-0.5411283524424367,9.271349732982458,-2.381518393711605,0.10233572447677743,0.23522533848234908,0.060785834733381706
13761542,1789025773180000000,986,HEAD_POSE_ESTIMATE,estimated,-0.5006574235766451,9.18114492067558,-2.4183111938169852,0.09134218335289615,0.23934303453169775,0.05034872810768598
13775542,1789025773194000000,987,HEAD_POSE_ESTIMATE,estimated,-0.479649474479337,9.150704994390523,-2.394930551970873,0.044942186662451034,0.2292614559322855,0.04008796045392142
13789542,1789025773208000000,988,HEAD_POSE_ESTIMATE,estimated,-0.45405888952861473,9.144609858438363,-2.432295098058396,-0.006084544891606093,0.22159749712622953,0.036210826613146826
13803542,1789025773222000000,989,HEAD_POSE_ESTIMATE,estimated,-0.4512817922902888,9.145100329251783,-2.4780382241767387,-0.05383586319821047,0.22171898710334767,0.03671114834873623
13816542,1789025773235000000,990,HEAD_POSE_ESTIMATE,estimated,-0.45690696829626704,9.170171579340336,-2.4968319934720733,-0.0804174379108492,0.23855564136741508,0.04906515199941532
13830542,1789025773249000000,991,HEAD_POSE_ESTIMATE,estimated,-0.4616705406244525,9.189073104482794,-2.49287407215139,-0.1028348752624444,0.25538165009800684,0.04583039019489543
13847542,1789025773266000000,992,HEAD_POSE_ESTIMATE,estimated,-0.4601882623659937,9.265906402637697,-2.4228314741989525,-0.12189749655199052,0.2673385872391491,0.02381335357489983
13857542,1789025773276000000,993,HEAD_POSE_ESTIMATE,estimated,-0.42789131636717415,9.32086077672088,-2.3739409396865505,-0.15256080991113524,0.2712543815957108,-0.005291069950066855
13871542,1789025773290000000,994,HEAD_POSE_ESTIMATE,estimated,-0.3908546100907273,9.3954810972352,-2.3389378802465512,-0.17256441498360692,0.2661021872386068,-0.023880885054885427
13887542,1789025773306000000,995,HEAD_POSE_ESTIMATE,estimated,-0.34381010597455575,9.450914147757608,-2.354228563617673,-0.15135082382693701,0.25890366063918224,-0.033647029702831344
13898542,1789025773317000000,996,HEAD_POSE_ESTIMATE,estimated,-0.34039787156644924,9.516358719659266,-2.3560986401313406,-0.133443693184797,0.25154396649203326,-0.04596236209124159
13912542,1789025773331000000,997,HEAD_POSE_ESTIMATE,estimated,-0.3526081658476746,9.577351690022857,-2.3602769197448654,-0.06549822121409499,0.24081514081796393,-0.061574447531022945
13926542,1789025773345000000,998,HEAD_POSE_ESTIMATE,estimated,-0.40631989401041635,9.62066593592267,-2.348744672350628,0.0008386733351204439,0.21396169791348527,-0.07744150839620928
13940542,1789025773359000000,999,HEAD_POSE_ESTIMATE,estimated,-0.4428163104774604,9.648294709155593,-2.3193072115672075,0.05861823102600956,0.1690199781213804,-0.09256272583870684
13955542,1789025773374000000,1000,HEAD_POSE_ESTIMATE,estimated,-0.4663687761389166,9.633564911316077,-2.3117800540972526,0.09390309801260345,0.10425442966774637,-0.10570576632830087
13972542,1789025773391000000,1001,HEAD_POSE_ESTIMATE,estimated,-0.48550368299830987,9.621238290023243,-2.422857780779601,0.11580917886360308,0.04382957047496195,-0.10981744503843499
13983542,1789025773402000000,1002,HEAD_POSE_ESTIMATE,estimated,-0.5238351977641412,9.623746595715204,-2.459434536802027,0.13358563878610175,0.010126935644754378,-0.10490379019566361
13993542,1789025773412000000,1003,HEAD_POSE_ESTIMATE,estimated,-0.5591037323200534,9.641640674031642,-2.475447602106218,0.1427677609109834,-0.011926803422864708,-0.10316678944536646
14007542,1789025773426000000,1004,HEAD_POSE_ESTIMATE,estimated,-0.6481626834523556,9.603227187470026,-2.465351017284539,0.14581258448983492,-0.03869303782337777,-0.10115447308130263
14021542,1789025773440000000,1005,HEAD_POSE_ESTIMATE,estimated,-0.7383794372652974,9.566764833545768,-2.4420222257132607,0.13839950629323405,-0.060602715246628365,-0.10001978261335255
14035542,1789025773454000000,1006,HEAD_POSE_ESTIMATE,estimated,-0.8153276389276674,9.556870681173724,-2.427042060575758,0.11608155698259025,-0.0845607715741244,-0.10601814053024554
14049542,1789025773468000000,1007,HEAD_POSE_ESTIMATE,estimated,-0.8706393452234358,9.577936725003326,-2.4211226466686546,0.09392402759650205,-0.08852033601320589,-0.1007827300672024
14063542,1789025773482000000,1008,HEAD_POSE_ESTIMATE,estimated,-0.9094782155022341,9.620998801831131,-2.455470113237721,0.08145740492747242,-0.07792759211111801,-0.08418235743879528
14076542,1789025773495000000,1009,HEAD_POSE_ESTIMATE,estimated,-0.9375404649955846,9.610689044333721,-2.482731725067522,0.1011839736736564,-0.05715410129552637,-0.060501515944137434
14090542,1789025773509000000,1010,HEAD_POSE_ESTIMATE,estimated,-0.946523385852921,9.544015980453445,-2.485335992559016,0.11172247201036942,-0.03599676669177954,-0.05121220488989591
14105542,1789025773524000000,1011,HEAD_POSE_ESTIMATE,estimated,-0.921063020500672,9.46893230514533,-2.5203182910385826,0.12604999366869904,-0.0006654405877573657,-0.03053782990976318
14122542,1789025773541000000,1012,HEAD_POSE_ESTIMATE,estimated,-0.9508835934393647,9.384638728667957,-2.512285965588333,0.12010366806617512,0.033154375052478445,-0.015937857011925
14132542,1789025773551000000,1013,HEAD_POSE_ESTIMATE,estimated,-0.9481146540699088,9.398557554910472,-2.511820915411219,0.10787116954093953,0.0644663064684149,0.008724617410095429
14146542,1789025773565000000,1014,HEAD_POSE_ESTIMATE,estimated,-0.9275348685075009,9.393001841497233,-2.5241329089980735,0.0904585445032708,0.11119437132780798,0.03601072020434339
14163542,1789025773582000000,1015,HEAD_POSE_ESTIMATE,estimated,-0.8655079132594484,9.373324602808182,-2.524124320206218,0.0685432150409492,0.1655513466197244,0.05269405241422109
14174542,1789025773593000000,1016,HEAD_POSE_ESTIMATE,estimated,-0.8173157667639657,9.348450020772024,-2.536575270909581,0.05545146882526667,0.19979106656090723,0.06109872628271317
14187542,1789025773606000000,1017,HEAD_POSE_ESTIMATE,estimated,-0.7106542101884399,9.320720968484292,-2.4994186739168276,0.04606006482132133,0.23374788456976453,0.05947919950073008
14206542,1789025773625000000,1018,HEAD_POSE_ESTIMATE,estimated,-0.5795544538419917,9.308487086704787,-2.426084002487794,0.026685620783098732,0.26467965520661524,0.062437460767574136
14217542,1789025773636000000,1019,HEAD_POSE_ESTIMATE,estimated,-0.5142869140362296,9.3091366263789,-2.3931737300624776,0.009802153517169808,0.27471056570912167,0.062120034470220374
14229542,1789025773648000000,1020,HEAD_POSE_ESTIMATE,estimated,-0.45683314893632326,9.356889667060736,-2.3864801794467843,-0.018225959448462694,0.2733125786901493,0.05043652872537751
14244542,1789025773663000000,1021,HEAD_POSE_ESTIMATE,estimated,-0.4196901271471984,9.425133036788802,-2.40990522759507,-0.03931625691439072,0.2562696614599702,0.032525181720404944
14258542,1789025773677000000,1022,HEAD_POSE_ESTIMATE,estimated,-0.36332581235150735,9.496126045344498,-2.4103236206618615,-0.04776155650349853,0.23058818254162006,0.01363508433301224
14272542,1789025773691000000,1023,HEAD_POSE_ESTIMATE,estimated,-0.2928589999353385,9.51497499731991,-2.406386338574647,-0.04473318530153829,0.19856317834540652,-0.0011711309699014452
14285542,1789025773704000000,1024,HEAD_POSE_ESTIMATE,estimated,-0.25959809211803875,9.521881962267242,-2.4207074303881964,-0.03431420858923813,0.17003948414372652,-0.0035639891403585317
14300542,1789025773719000000,1025,HEAD_POSE_ESTIMATE,estimated,-0.22389932380275154,9.50630599157885,-2.3800828226660036,-0.025304959352268452,0.1351884953939177,0.006879674915673622
14313542,1789025773732000000,1026,HEAD_POSE_ESTIMATE,estimated,-0.22127607971457694,9.50905545519403,-2.3613218178335265,-0.02062828186721595,0.10456473676839936,0.017210917208978868
14327542,1789025773746000000,1027,HEAD_POSE_ESTIMATE,estimated,-0.22719587610209688,9.514132421769586,-2.3830424466800566,-0.01372274896660195,0.07552483165858827,0.022321783679161662
14342542,1789025773761000000,1028,HEAD_POSE_ESTIMATE,estimated,-0.22930200445076346,9.507543241982493,-2.419590600269979,-0.0026510959874441607,0.040385600760902855,0.024869369245978663
14356542,1789025773775000000,1029,HEAD_POSE_ESTIMATE,estimated,-0.20644689561551588,9.53290320110091,-2.425604024788343,0.012033208018773993,0.010175699591016924,0.02009799944926765
14369542,1789025773788000000,1030,HEAD_POSE_ESTIMATE,estimated,-0.2137184708945935,9.532673787910529,-2.437263072524141,0.024087092288115536,-0.018133188896603772,0.0223457621206111
14383542,1789025773802000000,1031,HEAD_POSE_ESTIMATE,estimated,-0.2289292389852094,9.518482660824843,-2.440631357734272,0.03188216761826043,-0.04706357173986868,0.02807557855513765
14396542,1789025773815000000,1032,HEAD_POSE_ESTIMATE,estimated,-0.262042003528757,9.494961181311092,-2.4332985994988166,0.030946799578883348,-0.07284882887452124,0.03117972735399897
14411542,1789025773830000000,1033,HEAD_POSE_ESTIMATE,estimated,-0.27838626618869516,9.443056786782764,-2.419936753198519,0.020376554229510686,-0.10424762619401295,0.02489151012956203
14427542,1789025773846000000,1034,HEAD_POSE_ESTIMATE,estimated,-0.3054335566641562,9.415322446700667,-2.4417920451409176,0.01584712031638411,-0.12489970523630067,0.02051472478124368
14439542,1789025773858000000,1035,HEAD_POSE_ESTIMATE,estimated,-0.3235583044843548,9.386757754405096,-2.4625656214778866,0.0179900753380121,-0.1301657672123074,0.024476138929022926
14453542,1789025773872000000,1036,HEAD_POSE_ESTIMATE,estimated,-0.350904011750975,9.390298283892543,-2.5012061258199925,0.031011864995839397,-0.12914284152828684,0.04367188577549596
14467542,1789025773886000000,1037,HEAD_POSE_ESTIMATE,estimated,-0.37871172424473226,9.36485401175657,-2.5272924864434154,0.042331426072742144,-0.11738191127044165,0.07054822071191258
14482542,1789025773901000000,1038,HEAD_POSE_ESTIMATE,estimated,-0.3863792983022909,9.33726736044384,-2.5593040916797203,0.04893450362931284,-0.10208088230233484,0.09589700807611447
14495542,1789025773914000000,1039,HEAD_POSE_ESTIMATE,estimated,-0.36454291068835243,9.302227197891309,-2.585937283701787,0.054215827206951284,-0.09056522213079778,0.11803239410310434
14509542,1789025773928000000,1040,HEAD_POSE_ESTIMATE,estimated,-0.3506166776139285,9.299132339614049,-2.6255359562005944,0.05931122831534983,-0.07248057932642896,0.13270637850624292
14523542,1789025773942000000,1041,HEAD_POSE_ESTIMATE,estimated,-0.292584282012794,9.309229090354103,-2.6701634777866374,0.06466631780358269,-0.04955657524643907,0.1429826459898173
14537542,1789025773956000000,1042,HEAD_POSE_ESTIMATE,estimated,-0.25698682888040636,9.341320483036368,-2.7227713845360477,0.06919745642870997,-0.030306258550495825,0.14476365760317952
14551542,1789025773970000000,1043,HEAD_POSE_ESTIMATE,estimated,-0.20378418275806784,9.35565210354296,-2.7618984225486862,0.06508003641667116,-0.013758823105417328,0.13106510318937356
14565542,1789025773984000000,1044,HEAD_POSE_ESTIMATE,estimated,-0.16861609175889783,9.359942071004689,-2.796911003470239,0.06382449792720123,0.001993534785863926,0.11624887863400742
14580542,1789025773999000000,1045,HEAD_POSE_ESTIMATE,estimated,-0.13538227744264775,9.383591059782534,-2.8309336364581994,0.06462019721854696,0.013127102696270026,0.09780373427505265
14594542,1789025774013000000,1046,HEAD_POSE_ESTIMATE,estimated,-0.11614659205815774,9.393592284183326,-2.87029642063059,0.06480558747535291,0.02275668303365148,0.07844751889465447
14609542,1789025774028000000,1047,HEAD_POSE_ESTIMATE,estimated,-0.10262782033298037,9.402154896835162,-2.883123359656157,0.06856087545061317,0.03472365639632652,0.061558524829625684
14623542,1789025774042000000,1048,HEAD_POSE_ESTIMATE,estimated,-0.09232325661928954,9.40050529442329,-2.886708652421512,0.06831022073156579,0.04505750425822657,0.04737381782417499
14637542,1789025774056000000,1049,HEAD_POSE_ESTIMATE,estimated,-0.08085299535939305,9.417811682046205,-2.9002862529301763,0.06008870174412175,0.05394476172809796,0.03942210672584661
14650542,1789025774069000000,1050,HEAD_POSE_ESTIMATE,estimated,-0.07820140636303817,9.438919076852049,-2.9280415318524162,0.046918620910185845,0.05536603594715291,0.02748755091691347
14666542,1789025774085000000,1051,HEAD_POSE_ESTIMATE,estimated,-0.06524841854318482,9.444703744625185,-2.981578643641907,0.03410381502833405,0.053642185472999544,0.011478516742008336
14683542,1789025774102000000,1052,HEAD_POSE_ESTIMATE,estimated,-0.07653962956832222,9.456481571304453,-3.023640530929906,0.02996297474733591,0.052897244480036174,-0.004476682124895903
14696542,1789025774115000000,1053,HEAD_POSE_ESTIMATE,estimated,-0.09003381994345062,9.418286347832247,-3.01368427331667,0.04736380413081224,0.050329579127119335,-0.0023181125164040643
14705542,1789025774124000000,1054,HEAD_POSE_ESTIMATE,estimated,-0.09330836844633843,9.420143177553976,-3.0262066320048913,0.050567672403167625,0.05062418927993502,-0.005528389162053859
14719542,1789025774138000000,1055,HEAD_POSE_ESTIMATE,estimated,-0.1042010628941964,9.395950247277062,-3.0182573558099284,0.056810804902938855,0.05332295550141328,-0.0013600544861124262
14733542,1789025774152000000,1056,HEAD_POSE_ESTIMATE,estimated,-0.12194560645434105,9.431305694917375,-3.0317256454083443,0.05960967865911601,0.054311417652810175,0.003647241575825866
14747542,1789025774166000000,1057,HEAD_POSE_ESTIMATE,estimated,-0.1134043487756313,9.472655554013436,-3.059710821166701,0.05570646912336575,0.05814909640268025,0.003909442658349554
14761542,1789025774180000000,1058,HEAD_POSE_ESTIMATE,estimated,-0.09865365943389359,9.502522843922659,-3.097988388180504,0.049886473882499796,0.06701814647795415,0.006815911738097963
14776542,1789025774195000000,1059,HEAD_POSE_ESTIMATE,estimated,-0.049291732067710994,9.448547941131592,-3.1106736197667053,0.04449468841002939,0.08309427791486641,0.008006198208581786
14789542,1789025774208000000,1060,HEAD_POSE_ESTIMATE,estimated,-0.014996112305014811,9.386539035727978,-3.103710848381944,0.03339747135961109,0.09681804620852358,0.006210799646970159
14807542,1789025774226000000,1061,HEAD_POSE_ESTIMATE,estimated,-0.0023830278564590524,9.3436813344421,-3.042576311318115,0.015870998138486244,0.11607917526676007,0.025772296030978102
14815542,1789025774234000000,1062,HEAD_POSE_ESTIMATE,estimated,0.004788978296262653,9.334781486757196,-3.0207295787279955,0.00977177621311991,0.11801895814735602,0.02664981593236656
14830542,1789025774249000000,1063,HEAD_POSE_ESTIMATE,estimated,0.008853638647245782,9.33530662861639,-2.980450262414053,-0.01779647336288105,0.1234208884566331,0.030329863706971095
14845542,1789025774264000000,1064,HEAD_POSE_ESTIMATE,estimated,0.03444369001176048,9.328857056832383,-2.945714738668558,-0.03504294021284164,0.11845282072110727,0.026167759673976897
14857542,1789025774276000000,1065,HEAD_POSE_ESTIMATE,estimated,0.07616651883823287,9.336370792172554,-2.9377679055010515,-0.041351086411502494,0.11117596689734952,0.025472637672599316
14871542,1789025774290000000,1066,HEAD_POSE_ESTIMATE,estimated,0.12248367053218905,9.296681589039336,-2.908888054459956,-0.047197357710329624,0.10328522643336896,0.025392982981243515
14886542,1789025774305000000,1067,HEAD_POSE_ESTIMATE,estimated,0.18046202287036972,9.219095817099118,-2.8662727648845516,-0.049212621011069164,0.09216830439068378,0.02493509698848912
14899542,1789025774318000000,1068,HEAD_POSE_ESTIMATE,estimated,0.19864432329843576,9.149863188590949,-2.8155285037306337,-0.05163579973116725,0.0777136007073404,0.018456576902531687
14913542,1789025774332000000,1069,HEAD_POSE_ESTIMATE,estimated,0.1815748834246878,9.093132979690319,-2.756366253003024,-0.05487860857259422,0.05925825907657409,0.00507654544782881
14927542,1789025774346000000,1070,HEAD_POSE_ESTIMATE,estimated,0.12286348727565928,9.089214343011125,-2.7210118991303904,-0.05279812153915283,0.04268276221026354,-0.006169428889499461
14941542,1789025774360000000,1071,HEAD_POSE_ESTIMATE,estimated,0.09269428764440439,9.093910580592901,-2.70269514184965,-0.04866246481283748,0.0231401747432111,-0.02043474923795742
14957542,1789025774376000000,1072,HEAD_POSE_ESTIMATE,estimated,0.07210575729134396,9.143124775794346,-2.696606695049801,-0.04251615945631801,0.006764599684091542,-0.03331516060632535
14969542,1789025774388000000,1073,HEAD_POSE_ESTIMATE,estimated,0.055567641499154816,9.150574126842367,-2.687443716911549,-0.03101373881347698,-0.0037080015226230523,-0.03775113140166814
14982542,1789025774401000000,1074,HEAD_POSE_ESTIMATE,estimated,0.02815106101723662,9.133645133165889,-2.6918813096419956,-0.019429239507346298,-0.013674948691897185,-0.042467508357980494
14996542,1789025774415000000,1075,HEAD_POSE_ESTIMATE,estimated,0.014843925602595426,9.086666111989159,-2.674407023166957,-0.01027090985490237,-0.023195665783987598,-0.046481697943228435
15010542,1789025774429000000,1076,HEAD_POSE_ESTIMATE,estimated,-0.009927117103559896,9.097058878682697,-2.66818931492208,-0.006751393599964485,-0.027281561583280323,-0.05116929731950588
15025542,1789025774444000000,1077,HEAD_POSE_ESTIMATE,estimated,-0.04678988849151599,9.136898241891377,-2.645809076467533,-0.006379776872605778,-0.026932277590440257,-0.050943041402796194
15038542,1789025774457000000,1078,HEAD_POSE_ESTIMATE,estimated,-0.07847786874926774,9.18217392597942,-2.635045343625384,-0.00858785719751922,-0.025812412647606378,-0.05274125329230338
15052542,1789025774471000000,1079,HEAD_POSE_ESTIMATE,estimated,-0.09160998295506752,9.194979506253565,-2.615677788893745,-0.002875450712095749,-0.016186556897394237,-0.04381258454606137
15067542,1789025774486000000,1080,HEAD_POSE_ESTIMATE,estimated,-0.08778197688021638,9.197019176604663,-2.5851375063015998,-0.005226797398144405,-0.008804692505706486,-0.028112022523029714
15080542,1789025774499000000,1081,HEAD_POSE_ESTIMATE,estimated,-0.07933871885685548,9.182892602937189,-2.5467858095342604,-0.014203294996007445,-0.009798358589715618,-0.018740613855566343
15094542,1789025774513000000,1082,HEAD_POSE_ESTIMATE,estimated,-0.08450255371110009,9.153077026723878,-2.509364879379782,-0.03263005194857168,-0.01767533662598976,-0.010482077772014093
15108542,1789025774527000000,1083,HEAD_POSE_ESTIMATE,estimated,-0.08962290232712714,9.126457720493788,-2.4739725600241464,-0.055702126818323455,-0.03165410310450136,-0.0037986277941371802
15122542,1789025774541000000,1084,HEAD_POSE_ESTIMATE,estimated,-0.13366786296386168,9.16680089768177,-2.4559249758697126,-0.08656124356641988,-0.05163320641390675,3.55623482817993e-06
15136542,1789025774555000000,1085,HEAD_POSE_ESTIMATE,estimated,-0.20826246818492372,9.296882285482706,-2.4585046710276934,-0.13603596231424867,-0.07708425570431518,-0.0035037053896625433
15150542,1789025774569000000,1086,HEAD_POSE_ESTIMATE,estimated,-0.2696931044121872,9.435839103169792,-2.4665835197076094,-0.172833587448184,-0.10294578594813264,-0.016862371129687144
15165542,1789025774584000000,1087,HEAD_POSE_ESTIMATE,estimated,-0.32802226228317133,9.566983369228069,-2.4323745897438043,-0.19390781583414085,-0.1289957148535924,-0.03499025152743184
15177542,1789025774596000000,1088,HEAD_POSE_ESTIMATE,estimated,-0.3746140153064885,9.611457445094844,-2.4088674345448937,-0.18693652468971364,-0.14713014367647262,-0.053751322504892805
15191542,1789025774610000000,1089,HEAD_POSE_ESTIMATE,estimated,-0.41669338901252095,9.671828922400369,-2.3763491900692566,-0.17201116490119417,-0.1619724861451737,-0.06193132520154613
15206542,1789025774625000000,1090,HEAD_POSE_ESTIMATE,estimated,-0.4623133898435031,9.700466271492537,-2.3683040187119104,-0.14833752785541743,-0.174528121529179,-0.057106849979427506
15219542,1789025774638000000,1091,HEAD_POSE_ESTIMATE,estimated,-0.4948596708565114,9.70403230507247,-2.3255754773351356,-0.12011511483169006,-0.1822745705121069,-0.043634065335350816
15233542,1789025774652000000,1092,HEAD_POSE_ESTIMATE,estimated,-0.5439210234110853,9.68872096834882,-2.28852550429902,-0.09057096542017526,-0.19175662572777255,-0.025363093831283722
15247542,1789025774666000000,1093,HEAD_POSE_ESTIMATE,estimated,-0.5861292840850407,9.664594865010383,-2.3266352076824006,-0.06409427496297185,-0.20393576171486058,-0.0041656369450478355
15261542,1789025774680000000,1094,HEAD_POSE_ESTIMATE,estimated,-0.6094859960402178,9.626743387686895,-2.3228003771997745,-0.04403610377842402,-0.21338957924371957,0.015833054581697936
15275542,1789025774694000000,1095,HEAD_POSE_ESTIMATE,estimated,-0.6215405346876732,9.583868684900406,-2.2964131123825844,-0.04284803823082962,-0.2274188990021397,0.03217264998828945
15290542,1789025774709000000,1096,HEAD_POSE_ESTIMATE,estimated,-0.6120731668237707,9.558667943004359,-2.2535138677089206,-0.03827931847579122,-0.24359389990995223,0.0404227904614544
15302542,1789025774721000000,1097,HEAD_POSE_ESTIMATE,estimated,-0.6134672803045581,9.521590410717689,-2.2358010777688957,-0.031137186581582203,-0.25648072325002613,0.04315816265236642
15318542,1789025774737000000,1098,HEAD_POSE_ESTIMATE,estimated,-0.6283801906402882,9.512885385715345,-2.242798624123668,-0.024637726868520126,-0.2752840946113435,0.04092193181054113
15330542,1789025774749000000,1099,HEAD_POSE_ESTIMATE,estimated,-0.6509541639501203,9.54137619300679,-2.2370146273756646,-0.01708925249333585,-0.2854588957982954,0.03861099350421625
15344542,1789025774763000000,1100,HEAD_POSE_ESTIMATE,estimated,-0.70419006665926,9.632755266300496,-2.256367167821638,-0.0105337760533655,-0.29515787128785126,0.03279510670647753
15360542,1789025774779000000,1101,HEAD_POSE_ESTIMATE,estimated,-0.7718715361358077,9.717992065059189,-2.246536670226345,0.0016786809375635967,-0.303019697312995,0.0202497133482908
15372542,1789025774791000000,1102,HEAD_POSE_ESTIMATE,estimated,-0.8259416657611871,9.75293726871033,-2.2178491944358427,0.0017001909567608043,-0.3078723517595731,0.010902306675497235
15385542,1789025774804000000,1103,HEAD_POSE_ESTIMATE,estimated,-0.8553704301252758,9.742374611571424,-2.212777483712048,-0.020296803449963444,-0.3147541217774248,-1.2358246348981053e-05
15400542,1789025774819000000,1104,HEAD_POSE_ESTIMATE,estimated,-0.8918995337239575,9.701506979576456,-2.1863664759978807,-0.06080182287391892,-0.3233175926666273,-0.010359778387948548
15414542,1789025774833000000,1105,HEAD_POSE_ESTIMATE,estimated,-0.895633659400956,9.648826405156917,-2.1499783885878667,-0.09111121652636503,-0.3314348051894882,-0.031910378738898376
15428542,1789025774847000000,1106,HEAD_POSE_ESTIMATE,estimated,-0.9148443388394981,9.609988845158833,-2.122866045657931,-0.12047728822430949,-0.3346690278352831,-0.04167121344517665
15442542,1789025774861000000,1107,HEAD_POSE_ESTIMATE,estimated,-0.951281705254355,9.592043365620924,-2.0566700719478943,-0.15110906127378443,-0.3360966159260351,-0.03882025557804293
15456542,1789025774875000000,1108,HEAD_POSE_ESTIMATE,estimated,-0.9725449545982952,9.64249297163796,-2.0583856366774733,-0.18506284202692808,-0.3336009204939657,-0.01796611774004805
15468542,1789025774887000000,1109,HEAD_POSE_ESTIMATE,estimated,-0.9923349967663082,9.670661187742617,-2.0465531088936286,-0.20964246168008863,-0.3266970865263468,0.002193650465587355
15481542,1789025774900000000,1110,HEAD_POSE_ESTIMATE,estimated,-0.9879583673832182,9.685490228647687,-1.999020932334624,-0.2192864970465909,-0.32841921437255606,0.025919276563927333
15496542,1789025774915000000,1111,HEAD_POSE_ESTIMATE,estimated,-0.9706642502202028,9.671512146441135,-1.973211295115783,-0.20983416675397282,-0.3335523611883917,0.04856769724820424
15510542,1789025774929000000,1112,HEAD_POSE_ESTIMATE,estimated,-0.9491154658204508,9.65197935440229,-1.9661015427490334,-0.2014313019484676,-0.3414799972253038,0.06651963575200559
15525542,1789025774944000000,1113,HEAD_POSE_ESTIMATE,estimated,-0.8851429065473286,9.658605614485401,-1.9341557024324516,-0.20396551992774212,-0.35618441335827067,0.07668931763511952
15538542,1789025774957000000,1114,HEAD_POSE_ESTIMATE,estimated,-0.8628453927186149,9.676492514582778,-1.9246867756669883,-0.20602538421219047,-0.366986996669435,0.07065163740229474
15552542,1789025774971000000,1115,HEAD_POSE_ESTIMATE,estimated,-0.8734765364564039,9.70660393765042,-1.8998174979963027,-0.21235183993871992,-0.3748658722036498,0.054696937735156895
15567542,1789025774986000000,1116,HEAD_POSE_ESTIMATE,estimated,-0.7187031382338704,9.67355538676852,-2.2175460913388005,-0.22654530850962945,-0.39158964477597175,0.004653980383085452
15580542,1789025774999000000,1117,HEAD_POSE_ESTIMATE,estimated,-0.8270895027926436,9.723881026471307,-2.0282542325614075,-0.21849735404435397,-0.38152591673541714,-0.030127821106232553
15594542,1789025775013000000,1118,HEAD_POSE_ESTIMATE,estimated,-0.8888871866021966,9.755547246805232,-1.8899688727481334,-0.21188717577524252,-0.3645898684121357,-0.061774859309185914
15607542,1789025775026000000,1119,HEAD_POSE_ESTIMATE,estimated,-0.9125412574479767,9.741915181993182,-1.7491490735633854,-0.20167486666310627,-0.34439245116036504,-0.08558390225814196
15621542,1789025775040000000,1120,HEAD_POSE_ESTIMATE,estimated,-0.8904130498853262,9.69517858227525,-1.7087152336811067,-0.20009337520365186,-0.31487532431109583,-0.07652265964445575
15635542,1789025775054000000,1121,HEAD_POSE_ESTIMATE,estimated,-0.8569119235359504,9.649324020418259,-1.677475321935277,-0.21247996091094756,-0.28483952362173676,-0.03726820810242586
15649542,1789025775068000000,1122,HEAD_POSE_ESTIMATE,estimated,-0.7866551509009994,9.628798507554349,-1.7243441566727804,-0.2221751950980209,-0.25368460511858204,0.005734314376087327
15677542,1789025775096000000,1123,HEAD_POSE_ESTIMATE,estimated,-0.6724139320176632,9.629176421605305,-1.775308973187735,-0.19506899306500733,-0.18894871400022356,0.06499008010525492
15689542,1789025775108000000,1124,HEAD_POSE_ESTIMATE,estimated,-0.6237319282947664,9.59173559222754,-1.7347252385316505,-0.1732598097065704,-0.1669302225734243,0.08939127864484736
15702542,1789025775121000000,1125,HEAD_POSE_ESTIMATE,estimated,-0.551476711644261,9.548164611015649,-1.7658631792203945,-0.15017539965928936,-0.13949970387812508,0.10479306195125673
15715542,1789025775134000000,1126,HEAD_POSE_ESTIMATE,estimated,-0.46570297589351495,9.48564797815245,-1.8185275459948826,-0.12564645409355604,-0.11527382008165149,0.10450656639427608
15730542,1789025775149000000,1127,HEAD_POSE_ESTIMATE,estimated,-0.38815468026022043,9.440880574594948,-1.9064435301779947,-0.09269629715378565,-0.09117419539144289,0.08940167007025147
15744542,1789025775163000000,1128,HEAD_POSE_ESTIMATE,estimated,-0.3075876676101419,9.402257899832174,-2.026025706787559,-0.061759775385836435,-0.07270567955262046,0.058067373195729265
15761542,1789025775180000000,1129,HEAD_POSE_ESTIMATE,estimated,-0.23336776938403908,9.336655340505192,-2.1748779456024363,-0.033553600733164546,-0.056765683949743746,0.023236993831386926
15772542,1789025775191000000,1130,HEAD_POSE_ESTIMATE,estimated,-0.06877280050264317,9.31276537592984,-2.4820835273225073,-0.0048071720068124,-0.04290934470910302,-0.01158445229405421
15786542,1789025775205000000,1131,HEAD_POSE_ESTIMATE,estimated,-0.17558577946517118,9.320376333210536,-2.313996462121946,-0.0007099462211776195,-0.03622250371027393,-0.021040735602394087
15800542,1789025775219000000,1132,HEAD_POSE_ESTIMATE,estimated,-0.3352390031673039,9.377326817105132,-2.0383211610386867,-0.014838126962327716,-0.0458372135945434,-0.028408954298648086
15815542,1789025775234000000,1133,HEAD_POSE_ESTIMATE,estimated,-0.3380135989144507,9.397933637067139,-2.069243712371111,-0.025423382320967105,-0.048501746556372544,-0.03177499424000775
15830542,1789025775249000000,1134,HEAD_POSE_ESTIMATE,estimated,-0.33099036974443635,9.423520279524215,-2.0907285475071213,-0.038258385234684465,-0.0476786452960614,-0.02984662656515898
15843542,1789025775262000000,1135,HEAD_POSE_ESTIMATE,estimated,-0.3031648116853258,9.454890567003352,-2.180684097012014,-0.051372168216860074,-0.04953232895153913,-0.029697521620626777
15858542,1789025775277000000,1136,HEAD_POSE_ESTIMATE,estimated,-0.2988809949440209,9.51360243205494,-2.185971834796465,-0.05977558941563274,-0.046010774092546385,-0.029234578638433782
15872542,1789025775291000000,1137,HEAD_POSE_ESTIMATE,estimated,-0.30534662692672204,9.56093464296551,-2.193481417948157,-0.06606775843828788,-0.04507979475134733,-0.03061214968579272
15887542,1789025775306000000,1138,HEAD_POSE_ESTIMATE,estimated,-0.3468705958407786,9.609457192472078,-2.1797911515904036,-0.07380418304609247,-0.04687789698237622,-0.0366891255647919
15898542,1789025775317000000,1139,HEAD_POSE_ESTIMATE,estimated,-0.3571232719530489,9.64107467495855,-2.2101249200288966,-0.0750547166568282,-0.04594821039884153,-0.04800332011579942
15912542,1789025775331000000,1140,HEAD_POSE_ESTIMATE,estimated,-0.3538423667546945,9.650957825876162,-2.258034209254888,-0.07466618406123207,-0.0458750626818343,-0.058751697118732286
15928542,1789025775347000000,1141,HEAD_POSE_ESTIMATE,estimated,-0.34257234629451483,9.629845700236157,-2.299842803544226,-0.0731656151940321,-0.048228004759740754,-0.07088766319769772
15941542,1789025775360000000,1142,HEAD_POSE_ESTIMATE,estimated,-0.3385476678627214,9.59281091701709,-2.318240996375674,-0.07655724066625767,-0.05190596783323116,-0.07969693372873739
15957542,1789025775376000000,1143,HEAD_POSE_ESTIMATE,estimated,-0.33364870752624043,9.575330728980235,-2.336631201086089,-0.08058697905651571,-0.05977463783112234,-0.08751465484527783
15968542,1789025775387000000,1144,HEAD_POSE_ESTIMATE,estimated,-0.32577524389626655,9.564603703454114,-2.3686256923425164,-0.08469009163935529,-0.06518071052503942,-0.0905110988883908
15980542,1789025775399000000,1145,HEAD_POSE_ESTIMATE,estimated,-0.3345923971272699,9.559693118905097,-2.388218099804887,-0.091542073940352,-0.07149929417714644,-0.09802306459555352
15995542,1789025775414000000,1146,HEAD_POSE_ESTIMATE,estimated,-0.34659710158534457,9.60554042780869,-2.4028114673121164,-0.10168393932074567,-0.07476250254225585,-0.11028422317845764
16009542,1789025775428000000,1147,HEAD_POSE_ESTIMATE,estimated,-0.3652642167607712,9.647569923223715,-2.3856774027963303,-0.11130249814062664,-0.0741651023531383,-0.12233222661952205
16023542,1789025775442000000,1148,HEAD_POSE_ESTIMATE,estimated,-0.3599208657398196,9.682885449957931,-2.4039165964131612,-0.1193017604895642,-0.07231306384921472,-0.13610324102780263
16037542,1789025775456000000,1149,HEAD_POSE_ESTIMATE,estimated,-0.3484522209902235,9.70109297173762,-2.3871022992284687,-0.12687721794331244,-0.06925172841422209,-0.1518212920533058
16051542,1789025775470000000,1150,HEAD_POSE_ESTIMATE,estimated,-0.3542301675875936,9.711961226862801,-2.349815102106006,-0.12706194693850914,-0.06840356465609097,-0.16555536353092015
16065542,1789025775484000000,1151,HEAD_POSE_ESTIMATE,estimated,-0.3521867666498142,9.732647073385928,-2.30457331452496,-0.12223367067241032,-0.06768333686623473,-0.17183267901633173
16079542,1789025775498000000,1152,HEAD_POSE_ESTIMATE,estimated,-0.3626614485246851,9.727818610258508,-2.2424676422816443,-0.11297215129441257,-0.07075373342032922,-0.17643801882829868
16093542,1789025775512000000,1153,HEAD_POSE_ESTIMATE,estimated,-0.35348436146218365,9.723475879459572,-2.1940108072285,-0.10453393840272177,-0.07121878886862539,-0.17203119766967556
16107542,1789025775526000000,1154,HEAD_POSE_ESTIMATE,estimated,-0.3523554066576982,9.714281753905727,-2.20382930535616,-0.09343306904168233,-0.07490992925344059,-0.1701884551688275
16121542,1789025775540000000,1155,HEAD_POSE_ESTIMATE,estimated,-0.3559512045563572,9.695620988619087,-2.1979180764634076,-0.08089075750735485,-0.08338486516778049,-0.17314234226436437
16135542,1789025775554000000,1156,HEAD_POSE_ESTIMATE,estimated,-0.36129212131733424,9.677556164140286,-2.1952913622841717,-0.0729257471133027,-0.09746620774082308,-0.18417759942812542
16147542,1789025775566000000,1157,HEAD_POSE_ESTIMATE,estimated,-0.365116569259873,9.665572834569984,-2.182653622616077,-0.06812203401861606,-0.10831356463077828,-0.19246468283922308
16162542,1789025775581000000,1158,HEAD_POSE_ESTIMATE,estimated,-0.3832086903297631,9.660712856895431,-2.186487571416225,-0.05950935205980537,-0.11622773251532505,-0.20044984875668928
16175542,1789025775594000000,1159,HEAD_POSE_ESTIMATE,estimated,-0.41117049438994835,9.649699800937723,-2.1948280698535347,-0.052235266445185904,-0.11927135236886793,-0.20532617274415554
16190542,1789025775609000000,1160,HEAD_POSE_ESTIMATE,estimated,-0.4410082117284257,9.630215346175648,-2.2022093769372146,-0.03461931608300741,-0.11632922254054776,-0.20624840095076
16203542,1789025775622000000,1161,HEAD_POSE_ESTIMATE,estimated,-0.5046876130172866,9.628079495555106,-2.219222524513277,-0.014223747257503644,-0.1090348483010915,-0.20632560379106663
16218542,1789025775637000000,1162,HEAD_POSE_ESTIMATE,estimated,-0.5524240960405467,9.645243312440792,-2.2289711276409507,0.012640878040350679,-0.09658481471769094,-0.20617875279531944
16232542,1789025775651000000,1163,HEAD_POSE_ESTIMATE,estimated,-0.5917353768512076,9.632991176274817,-2.21929780821956,0.034499880696209885,-0.08181125439430302,-0.20165475723601106
16246542,1789025775665000000,1164,HEAD_POSE_ESTIMATE,estimated,-0.6169927986275647,9.606515561647987,-2.2075264814612794,0.05841712871077321,-0.06612357272942387,-0.1927326576638076
16259542,1789025775678000000,1165,HEAD_POSE_ESTIMATE,estimated,-0.6540056130379224,9.576521718904464,-2.179982717628217,0.07467086603046061,-0.05108646029060663,-0.1780175942124393
16274542,1789025775693000000,1166,HEAD_POSE_ESTIMATE,estimated,-0.6840477613413984,9.582992926126384,-2.1820483632173993,0.08800028687095773,-0.03461902838576482,-0.16055448873589231
16289542,1789025775708000000,1167,HEAD_POSE_ESTIMATE,estimated,-0.7087024520915721,9.592952076494104,-2.176574089431233,0.0971586364754595,-0.019310244812729957,-0.1505996411347097
16302542,1789025775721000000,1168,HEAD_POSE_ESTIMATE,estimated,-0.7400680524033103,9.579716498571685,-2.1807465861631674,0.10312504369033003,-0.007351523653933325,-0.1465579370036718
16316542,1789025775735000000,1169,HEAD_POSE_ESTIMATE,estimated,-0.762051789056811,9.586041525845815,-2.1523316448066665,0.11356953993027485,6.956479136899591e-05,-0.15321814741726977
16330542,1789025775749000000,1170,HEAD_POSE_ESTIMATE,estimated,-0.7885991725408267,9.591544911602764,-2.1550728181333954,0.11478209256404555,0.007205667539203179,-0.15773947411136216
16344542,1789025775763000000,1171,HEAD_POSE_ESTIMATE,estimated,-0.8103825474601956,9.588627171882676,-2.1639212820788862,0.10824588775332435,0.01248223607654452,-0.1652733502214152
16359542,1789025775778000000,1172,HEAD_POSE_ESTIMATE,estimated,-0.8214311974564785,9.593041093057328,-2.1536646160699773,0.09986382731514193,0.020199728430229984,-0.1645332983025603
16372542,1789025775791000000,1173,HEAD_POSE_ESTIMATE,estimated,-0.8457753695268748,9.563910734403356,-2.144323929092714,0.09477397968656773,0.025186973145317513,-0.16663101524774054
16385542,1789025775804000000,1174,HEAD_POSE_ESTIMATE,estimated,-0.8526846268862898,9.528672143638365,-2.1410284423588606,0.08927456112251902,0.031708836530126065,-0.16270174005065385
16399542,1789025775818000000,1175,HEAD_POSE_ESTIMATE,estimated,-0.8546814224359867,9.479260410195245,-2.130318958424501,0.08160944342788293,0.04291700357365381,-0.1536178270253508
16414542,1789025775833000000,1176,HEAD_POSE_ESTIMATE,estimated,-0.8749467425645069,9.466638416905933,-2.1235523078016123,0.06669291313847046,0.055466110441930144,-0.13784263122146026
16427542,1789025775846000000,1177,HEAD_POSE_ESTIMATE,estimated,-0.8774061749819113,9.473088663540253,-2.1054868465856997,0.05152744278423255,0.06497296996302374,-0.12303543933790209
16441542,1789025775860000000,1178,HEAD_POSE_ESTIMATE,estimated,-0.8809984103109254,9.466056539408678,-2.1045077612276266,0.03567634596086522,0.07155195397503164,-0.10626201786033566
16456542,1789025775875000000,1179,HEAD_POSE_ESTIMATE,estimated,-0.8638660059645984,9.469568389510227,-2.112556915206225,0.018678236219256662,0.074891248725505,-0.09143693722210804
16469542,1789025775888000000,1180,HEAD_POSE_ESTIMATE,estimated,-0.8842511970674971,9.487638540142918,-2.1345662998940407,-0.00017098136056458666,0.07657854793013386,-0.07764687137788476
16485542,1789025775904000000,1181,HEAD_POSE_ESTIMATE,estimated,-0.8973302047755127,9.537760284593974,-2.143712881467861,-0.012044465622873136,0.07771139925052649,-0.06508506573157175
16496542,1789025775915000000,1182,HEAD_POSE_ESTIMATE,estimated,-0.9246100583404471,9.565224654986135,-2.1485339688016283,-0.013256659678282642,0.07673865261562184,-0.05795780675484114
16510542,1789025775929000000,1183,HEAD_POSE_ESTIMATE,estimated,-0.9458557595867663,9.593899492465871,-2.161101694825161,-0.007432078410055908,0.07645382154395458,-0.048767712261709534
16526542,1789025775945000000,1184,HEAD_POSE_ESTIMATE,estimated,-0.9822514826812947,9.647434966896782,-2.173942596051884,0.004180411649779524,0.07860708058236976,-0.03924526929616373
16538542,1789025775957000000,1185,HEAD_POSE_ESTIMATE,estimated,-1.0050254491868214,9.700373396232457,-2.1833260739129763,0.013990803855149432,0.0842875660507733,-0.03300269920171355
16552542,1789025775971000000,1186,HEAD_POSE_ESTIMATE,estimated,-1.0335065411032083,9.714974552461934,-2.1891149185824323,0.029573525962030396,0.09420899746881621,-0.0251187075325487
16565542,1789025775984000000,1187,HEAD_POSE_ESTIMATE,estimated,-1.0795298352077367,9.69833358089897,-2.2012557377884514,0.049148010515201804,0.1109657389308449,-0.018883113724509452
16580542,1789025775999000000,1188,HEAD_POSE_ESTIMATE,estimated,-1.1260843936091218,9.677277764166442,-2.201858848517921,0.06199539982174802,0.12789219485665232,-0.018847441289412122
16594542,1789025776013000000,1189,HEAD_POSE_ESTIMATE,estimated,-1.123525493156082,9.656627934037992,-2.207590528162968,0.06657132762085967,0.14434305302737974,-0.016657601226980172
16609542,1789025776028000000,1190,HEAD_POSE_ESTIMATE,edge_fit,-1.0997484984880677,9.666797246349358,-2.2177009766374955,0.06692101969078638,0.1564005646293146,-0.020623844104445448
16621542,1789025776040000000,1191,HEAD_POSE_ESTIMATE,edge_fit,-1.0969515602436095,9.666729552377697,-2.2167243455971763,0.07109524078439221,0.16517882835962536,-0.0209745399515913
16635542,1789025776054000000,1192,HEAD_POSE_ESTIMATE,edge_fit,-1.0955702610398868,9.666396533858176,-2.2157932361044304,0.07467284993441176,0.17446923474804768,-0.02271753785620531
16649542,1789025776068000000,1193,HEAD_POSE_ESTIMATE,edge_fit,-1.0946240568743149,9.665013621252307,-2.2192604787043932,0.07688131724901551,0.18271761406150158,-0.02596258200004261
16663542,1789025776082000000,1194,HEAD_POSE_ESTIMATE,edge_fit,-1.0952970693697517,9.662200233698572,-2.2281730001554902,0.077710045618759,0.1899274143796499,-0.030699896542114632
16681542,1789025776100000000,1195,HEAD_POSE_ESTIMATE,edge_fit,-1.0893899916264027,9.662915507636148,-2.2241914287168854,0.0768562365193424,0.19765581288820883,-0.03880862861850754
16696542,1789025776115000000,1196,HEAD_POSE_ESTIMATE,edge_fit,-1.0784525787272756,9.6618371939469,-2.2310932107790458,0.07450645921092516,0.20274074315256851,-0.047474464792584825
16705542,1789025776124000000,1197,HEAD_POSE_ESTIMATE,edge_fit,-1.0737670016445433,9.660068309162199,-2.239163024419122,0.0723434501737724,0.20521679934998593,-0.05349096546702566
16719542,1789025776138000000,1198,HEAD_POSE_ESTIMATE,edge_fit,-1.0631142631837538,9.656552915058219,-2.2565279568913055,0.06792188712578222,0.20815561637894325,-0.06416809637416648
