t_sync_us,capture_time_ns,source_pose_index,source,quality,accel_x_m_s2,accel_y_m_s2,accel_z_m_s2,gyro_x_rad_s,gyro_y_rad_s,gyro_z_rad_s
11472,1789117022508000000,0,HEAD_POSE_ESTIMATE,edge_fit,-0.31130212667634516,7.890644404533633,4.573618479985848,0.9701736020117622,-0.22661984659487933,0.0002392072850722131
23472,1789117022520000000,1,HEAD_POSE_ESTIMATE,edge_fit,-0.30467974751933047,7.976932252779218,4.459775647403496,0.9285570518952057,-0.21446718264196582,-0.014186339322371382
37472,1789117022534000000,2,HEAD_POSE_ESTIMATE,edge_fit,-0.2985465264107054,8.061312312615188,4.351434145635928,0.8835556568131023,-0.20077912244332843,-0.028571860296212708
53472,1789117022550000000,3,HEAD_POSE_ESTIMATE,edge_fit,-0.29459152687565116,8.1491348576037,4.238860994631936,0.8368848210018158,-0.1854643290270432,-0.041771772885027654
70472,1789117022567000000,4,HEAD_POSE_ESTIMATE,edge_fit,-0.28945090913000215,8.228451739874473,4.1422098041960265,0.7928395958058052,-0.1696608713295173,-0.05210450116346767
78472,1789117022575000000,5,HEAD_POSE_ESTIMATE,edge_fit,-0.2837507391860271,8.292906730845427,4.040564988234224,0.7740906796520787,-0.16238633843316147,-0.05565116919163795
90472,1789117022587000000,6,HEAD_POSE_ESTIMATE,edge_fit,-0.2796509750114853,8.364718294098042,3.934273445202576,0.7483806564611262,-0.15149971805901274,-0.059363060041202516
105472,1789117022602000000,7,HEAD_POSE_ESTIMATE,edge_fit,-0.2744750096789936,8.43513788480128,3.8384293539391123,0.7202854740857338,-0.13810266957090966,-0.0612662787107941
119472,1789117022616000000,8,HEAD_POSE_ESTIMATE,edge_fit,-0.2725120095509481,8.504969896092698,3.7363414821215635,0.6981567047507514,-0.12551367398124338,-0.06050286677333579
133472,1789117022630000000,9,HEAD_POSE_ESTIMATE,estimated,-0.2816991904079883,8.565340474288881,3.6556726408846485,0.682000101941452,-0.11371172238508301,-0.06073608348027418
148472,1789117022645000000,10,HEAD_POSE_ESTIMATE,estimated,-0.2830467576291904,8.598189420154508,3.5405201491399145,0.6639339133701568,-0.09742842374439036,-0.05464295773053501
162472,1789117022659000000,11,HEAD_POSE_ESTIMATE,estimated,-0.269410331588145,8.628473850640017,3.407322235683621,0.6490463841334958,-0.08153709212617329,-0.04445527863598635
176472,1789117022673000000,12,HEAD_POSE_ESTIMATE,estimated,-0.26175653065669835,8.67676837037411,3.303325316607403,0.6515270209995911,-0.06635268642315452,-0.02767082566977724
190472,1789117022687000000,13,HEAD_POSE_ESTIMATE,estimated,-0.2573509567886105,8.684470480323927,3.2150647122676634,0.6439422347842608,-0.05486393693572806,-0.016813805916239172
204472,1789117022701000000,14,HEAD_POSE_ESTIMATE,estimated,-0.25269839808173433,8.71506919136362,3.15970447161385,0.664077680333409,-0.048305865190420856,-0.0004902482713990141
217472,1789117022714000000,15,HEAD_POSE_ESTIMATE,estimated,-0.23055267430562162,8.68786713498893,3.025449173715329,0.6468239872391702,-0.040664598005634996,0.011433817836893395
232472,1789117022729000000,16,HEAD_POSE_ESTIMATE,estimated,-0.21641268159991378,8.663764681239448,2.8929402557391977,0.6234898825062609,-0.036299868499736265,0.015829070910914875
244472,1789117022741000000,17,HEAD_POSE_ESTIMATE,estimated,-0.203917254810285,8.655329634703577,2.7810422400062724,0.588711221394103,-0.03557107929961447,0.012717660543887666
259472,1789117022756000000,18,HEAD_POSE_ESTIMATE,estimated,-0.19873271011419621,8.663217473169501,2.677126395741104,0.5251288430204498,-0.03646034549014064,0.0023763210129025512
273472,1789117022770000000,19,HEAD_POSE_ESTIMATE,estimated,-0.20239773586595908,8.68615899437414,2.5944454738567715,0.4671789189903089,-0.03932383721157009,-0.0048269479851432645
288472,1789117022785000000,20,HEAD_POSE_ESTIMATE,estimated,-0.21685535622103458,8.706646023764439,2.5468620652180096,0.3989522509686335,-0.04235758701336875,-0.013523105631560554
301472,1789117022798000000,21,HEAD_POSE_ESTIMATE,estimated,-0.2319291062647803,8.73747204140975,2.492375044129791,0.32959387388145106,-0.04658339698359237,-0.023799116478661612
315472,1789117022812000000,22,HEAD_POSE_ESTIMATE,estimated,-0.24841630053021302,8.782080845830519,2.458800271050215,0.2603294854990062,-0.049660130784356826,-0.0326990705187424
329472,1789117022826000000,23,HEAD_POSE_ESTIMATE,estimated,-0.26892806780846823,8.841886671779394,2.4196290084878247,0.19584517748405667,-0.0535477439298991,-0.044722504952353734
343472,1789117022840000000,24,HEAD_POSE_ESTIMATE,estimated,-0.28495545339176603,8.888823363268202,2.412600295582,0.13618794457457745,-0.05729229700881485,-0.05962968217088507
357472,1789117022854000000,25,HEAD_POSE_ESTIMATE,estimated,-0.2980028506611913,8.948471252724556,2.4197721771329883,0.08838256893556772,-0.059927478273055855,-0.07330865105840484
371472,1789117022868000000,26,HEAD_POSE_ESTIMATE,estimated,-0.3041926708042907,9.003128658306226,2.3962606466471033,0.04187968035285517,-0.06120496890111032,-0.08309431665431606
386472,1789117022883000000,27,HEAD_POSE_ESTIMATE,estimated,-0.3209605963375647,9.042188077051174,2.420814643454994,0.00030084717300651767,-0.06155045738019179,-0.08968328092485658
398472,1789117022895000000,28,HEAD_POSE_ESTIMATE,estimated,-0.3352783361614704,9.067242861293863,2.4298323427687567,-0.030363500454931157,-0.06240905624258089,-0.09170651446147259
411472,1789117022908000000,29,HEAD_POSE_ESTIMATE,estimated,-0.34770853979921423,9.080021637207262,2.4377674860553977,-0.040948886527505106,-0.06269366859081828,-0.08869472326304503
426472,1789117022923000000,30,HEAD_POSE_ESTIMATE,estimated,-0.3603569551159125,9.071514109341932,2.4718805821986543,-0.051549348860019266,-0.06269897726733636,-0.08049876904558712
439472,1789117022936000000,31,HEAD_POSE_ESTIMATE,estimated,-0.3711966897869152,9.053328157969212,2.4942796307437134,-0.05840789508623429,-0.06279578973323612,-0.06912555427607213
454472,1789117022951000000,32,HEAD_POSE_ESTIMATE,estimated,-0.3804436263358588,9.045669423704892,2.5355746737916354,-0.07442180132060168,-0.06380341720936353,-0.054772448500732304
469472,1789117022966000000,33,HEAD_POSE_ESTIMATE,estimated,-0.39365786065877273,9.04899885282534,2.6009402176756993,-0.10123265185686202,-0.06538951792665888,-0.04181981274124708
481472,1789117022978000000,34,HEAD_POSE_ESTIMATE,estimated,-0.40851241916988884,9.052587345227149,2.629397186201105,-0.1264241763665165,-0.06684269988486895,-0.03354708045384382
495472,1789117022992000000,35,HEAD_POSE_ESTIMATE,estimated,-0.430314349482042,9.050026703906902,2.636144568491182,-0.16318938166273153,-0.06734919153335793,-0.029623629183914882
509472,1789117023006000000,36,HEAD_POSE_ESTIMATE,estimated,-0.4495506543962585,9.024772922831925,2.6369797715882557,-0.20992478231281525,-0.06835656388095698,-0.029946317639549448
522472,1789117023019000000,37,HEAD_POSE_ESTIMATE,estimated,-0.45889792383551004,8.984768376768793,2.638605788639742,-0.25392087361555177,-0.06826456285591746,-0.03063198032865001
536472,1789117023033000000,38,HEAD_POSE_ESTIMATE,estimated,-0.4696895376979757,8.936315973112372,2.6323429464071886,-0.31437981710255325,-0.06680450670619095,-0.03113724243865912
550472,1789117023047000000,39,HEAD_POSE_ESTIMATE,estimated,-0.4769076970461534,8.895438558671689,2.6500552600922225,-0.36304028779196085,-0.06413640719131511,-0.02998824983590578
565472,1789117023062000000,40,HEAD_POSE_ESTIMATE,estimated,-0.4832919903576626,8.843848614705507,2.710969097281549,-0.423425231067109,-0.05827638735981801,-0.023720242927749394
583472,1789117023080000000,41,HEAD_POSE_ESTIMATE,estimated,-0.48101994054560676,8.786339346820895,2.8117412477039796,-0.4763724393179451,-0.04877888836223588,-0.008279941098975698
597472,1789117023094000000,42,HEAD_POSE_ESTIMATE,estimated,-0.4807837985972366,8.750923769655312,2.8786929725887376,-0.5236069731969386,-0.04122160420599282,0.002720125538249772
605472,1789117023102000000,43,HEAD_POSE_ESTIMATE,estimated,-0.47836546374364525,8.70767465141903,2.932921728018766,-0.5482022645991899,-0.03679088120450884,0.007922929596034758
621472,1789117023118000000,44,HEAD_POSE_ESTIMATE,estimated,-0.48224427008057724,8.69403240461416,3.0839548231305693,-0.6247015241224891,-0.027503740133731455,0.015767466535319363
633472,1789117023130000000,45,HEAD_POSE_ESTIMATE,estimated,-0.4857670401933664,8.698367356957863,3.19829411586713,-0.6984930466764759,-0.02216168823506696,0.018547805122298998
646472,1789117023143000000,46,HEAD_POSE_ESTIMATE,estimated,-0.48946469791619607,8.703305854095213,3.3000739010975177,-0.7615523809583205,-0.015766190011406164,0.01610535103815352
661472,1789117023158000000,47,HEAD_POSE_ESTIMATE,estimated,-0.4891140209634323,8.715449558475415,3.4776156799755453,-0.8273646297051759,-0.00837864967593483,0.005876655685448308
675472,1789117023172000000,48,HEAD_POSE_ESTIMATE,estimated,-0.48253778543666975,8.71763249134117,3.6099466083922644,-0.878771291291301,-0.0030731086905018377,-0.011604982988769394
689472,1789117023186000000,49,HEAD_POSE_ESTIMATE,estimated,-0.47783851647117775,8.688643969536871,3.8029859972982045,-0.9058367208471331,0.003259840646453327,-0.030427269207424962
703472,1789117023200000000,50,HEAD_POSE_ESTIMATE,estimated,-0.45894108260319116,8.607332138534112,3.906242753391247,-0.9059612591438138,0.009698609658038636,-0.03526588630683196
716472,1789117023213000000,51,HEAD_POSE_ESTIMATE,estimated,-0.4538968486260181,8.534208063054544,4.018080667305352,-0.8999245869331767,0.015723770035515564,-0.039337826096954236
731472,1789117023228000000,52,HEAD_POSE_ESTIMATE,estimated,-0.4442208121443416,8.48046113758644,4.084348552447586,-0.8722117102595325,0.023453546994319154,-0.034687423428413855
746472,1789117023243000000,53,HEAD_POSE_ESTIMATE,estimated,-0.43997259813592743,8.399422714723983,4.159533019531173,-0.8525160365825587,0.032429300722108846,-0.017683580437025448
758472,1789117023255000000,54,HEAD_POSE_ESTIMATE,estimated,-0.4366884791607666,8.310320214423585,4.230319761400777,-0.829760783425726,0.038946496557810587,-0.0013964101635637592
773472,1789117023270000000,55,HEAD_POSE_ESTIMATE,estimated,-0.4325578752083941,8.215087121023215,4.344668576923057,-0.8177962515263055,0.045321760255691484,0.016909958958832304
786472,1789117023283000000,56,HEAD_POSE_ESTIMATE,estimated,-0.41521733135639904,8.116286829112335,4.4368697478241295,-0.8067574556873868,0.047911405027783564,0.026787003904079006
801472,1789117023298000000,57,HEAD_POSE_ESTIMATE,estimated,-0.39713682329692207,7.9996051202873355,4.489455493302095,-0.8167646819306573,0.048438824885046125,0.03224033996678509
815472,1789117023312000000,58,HEAD_POSE_ESTIMATE,estimated,-0.39219524339923467,7.918850579222512,4.603532026892464,-0.8436332123886313,0.044206638116102814,0.02550480434433728
829472,1789117023326000000,59,HEAD_POSE_ESTIMATE,estimated,-0.39348678301763146,7.859389318447079,4.711975257283671,-0.8797779509587156,0.037945199066586784,0.014208561603637168
843472,1789117023340000000,60,HEAD_POSE_ESTIMATE,estimated,-0.4155009536693812,7.805564737629812,4.918624757228385,-0.9245847500312984,0.029737228705137654,0.0013143108144682998
858472,1789117023355000000,61,HEAD_POSE_ESTIMATE,estimated,-0.4426522938624311,7.725553811617174,5.0469593888912305,-0.962395045985539,0.021636830661195157,-0.011864693582025727
871472,1789117023368000000,62,HEAD_POSE_ESTIMATE,estimated,-0.4597361992527138,7.636725144888812,5.177839103505112,-0.9980924749119614,0.016108030190194293,-0.02060389252414312
886472,1789117023383000000,63,HEAD_POSE_ESTIMATE,estimated,-0.4704027727961986,7.5333142029517735,5.368121692838242,-1.03152877296383,0.01283374584904282,-0.025452799696149282
899472,1789117023396000000,64,HEAD_POSE_ESTIMATE,estimated,-0.46577862238184353,7.42337896002765,5.519365043908416,-1.0534794248456854,0.015135214124673063,-0.0202801405629116
909472,1789117023406000000,65,HEAD_POSE_ESTIMATE,estimated,-0.4658863055860601,7.347030396878034,5.679927604851482,-1.0770735063231855,0.01895753254359962,-0.013098215035945484
924472,1789117023421000000,66,HEAD_POSE_ESTIMATE,estimated,-0.4605508230617453,7.244079503320405,5.851144444272381,-1.1134979662276001,0.02382478377362984,0.00033780199342105927
937472,1789117023434000000,67,HEAD_POSE_ESTIMATE,estimated,-0.45944542033122826,7.155395069006513,5.996557157111639,-1.139872016037375,0.026871034522287607,0.008762068363427312
952472,1789117023449000000,68,HEAD_POSE_ESTIMATE,estimated,-0.46663119685941545,7.059402145687353,6.1551479179590824,-1.1570017062083895,0.03110533068404818,0.0158511980674612
966472,1789117023463000000,69,HEAD_POSE_ESTIMATE,estimated,-0.4733067637728777,6.918557175752121,6.337651958309231,-1.1522179936372023,0.03213545303871921,0.016217916581336124
980472,1789117023477000000,70,HEAD_POSE_ESTIMATE,estimated,-0.4718331914301732,6.79519637788033,6.503871979902853,-1.1550205352829928,0.03149252956741213,0.00934687335144533
994472,1789117023491000000,71,HEAD_POSE_ESTIMATE,estimated,-0.47969799349907566,6.769705216606198,6.70780758393227,-1.172520436572616,0.03135870090287617,-0.003753387751431221
1008472,1789117023505000000,72,HEAD_POSE_ESTIMATE,estimated,-0.4714798020124996,6.714602695036168,6.833085199528478,-1.1898130934112585,0.02925331755252814,-0.016968417872253307
1023472,1789117023520000000,73,HEAD_POSE_ESTIMATE,estimated,-0.4769133843940745,6.724080578051911,6.9582787660004355,-1.2114824319394393,0.02256405931041632,-0.03595224934975329
1036472,1789117023533000000,74,HEAD_POSE_ESTIMATE,estimated,-0.5142015018384145,6.678407749943748,7.14434552695827,-1.2366547257275562,0.012595650249234576,-0.05566541425588986
1050472,1789117023547000000,75,HEAD_POSE_ESTIMATE,estimated,-0.5461407639160465,6.635143458206242,7.33683154269756,-1.2310060199338764,0.004019830289891934,-0.07768457949641461
1065472,1789117023562000000,76,HEAD_POSE_ESTIMATE,estimated,-0.5943384018426524,6.626712727189296,7.61456466574622,-1.1988452613998553,-0.001392049416189342,-0.09713143278537335
1078472,1789117023575000000,77,HEAD_POSE_ESTIMATE,estimated,-0.6230380889988936,6.598826724345307,7.791695805174282,-1.1611664615467947,-0.004240219060361135,-0.10891178939323862
1093472,1789117023590000000,78,HEAD_POSE_ESTIMATE,estimated,-0.6693038007356074,6.626778280287934,7.995433397597749,-1.114588059869262,-0.007842795205638227,-0.1158470896267847
1109472,1789117023606000000,79,HEAD_POSE_ESTIMATE,estimated,-0.7267270540560601,6.655350647106819,8.194184816862666,-1.0523166835956765,-0.02283644647659796,-0.117613684744778
1119472,1789117023616000000,80,HEAD_POSE_ESTIMATE,estimated,-0.7734618486119194,6.656894501029346,8.306767816073375,-0.9947443291706709,-0.03496064033120696,-0.11155807421859276
1133472,1789117023630000000,81,HEAD_POSE_ESTIMATE,estimated,-0.7712622959591562,6.591609963474586,8.513959763788602,-0.8940195504395809,-0.0485666405613468,-0.1062302578247509
1148472,1789117023645000000,82,HEAD_POSE_ESTIMATE,estimated,-0.7616437218603092,6.544051732008469,8.685717288721337,-0.7660348301470982,-0.049113459634507806,-0.08708258435047336
1162472,1789117023659000000,83,HEAD_POSE_ESTIMATE,estimated,-0.7755560403420336,6.472815156687912,8.921953075200943,-0.639386729732636,-0.040022317548660945,-0.05638564556561191
1178472,1789117023675000000,84,HEAD_POSE_ESTIMATE,estimated,-0.855993946335175,6.460628085706472,9.14234213964476,-0.5287025519473073,-0.04152864440381394,-0.02996657074761131
1190472,1789117023687000000,85,HEAD_POSE_ESTIMATE,estimated,-0.9269904167420386,6.409606677786369,9.280006994401486,-0.45448893678024366,-0.049917845882856596,-0.005097722894010814
1203472,1789117023700000000,86,HEAD_POSE_ESTIMATE,estimated,-0.965838151569284,6.3914051868214115,9.373169982537933,-0.35952326601237145,-0.06323609604026051,0.030076388808830182
1218472,1789117023715000000,87,HEAD_POSE_ESTIMATE,estimated,-1.0419935622008696,6.389679657246223,9.406649846507555,-0.229904569603159,-0.06927401160371456,0.07138364262086581
1231472,1789117023728000000,88,HEAD_POSE_ESTIMATE,estimated,-1.078276787126818,6.226647508059676,9.341334946951601,-0.11031227013509474,-0.06587117301710028,0.1091522372668669
1245472,1789117023742000000,89,HEAD_POSE_ESTIMATE,estimated,-1.1056236058538271,6.094882449111848,9.279997443961596,0.0183030713692783,-0.0513058156478539,0.13620008368668013
1259472,1789117023756000000,90,HEAD_POSE_ESTIMATE,estimated,-1.1131647150086061,5.866540693939109,9.207405928045299,0.14525160795008463,-0.026398150928337277,0.1543510788039132
1273472,1789117023770000000,91,HEAD_POSE_ESTIMATE,estimated,-1.0664220047436135,5.707084684907168,9.104261488258157,0.23934638839840258,0.004542699156658554,0.15590103374321224
1288472,1789117023785000000,92,HEAD_POSE_ESTIMATE,estimated,-1.0024690565546766,5.6598210341880675,8.916271553360152,0.301592059056893,0.03714717367758855,0.1525896210765067
1302472,1789117023799000000,93,HEAD_POSE_ESTIMATE,estimated,-0.9568654482439898,5.62926909565916,8.688754299417733,0.31807302838223683,0.06736375840809067,0.1473527658852503
1316472,1789117023813000000,94,HEAD_POSE_ESTIMATE,estimated,-0.9267988307226949,5.614710582393353,8.479064369636225,0.3178952838412171,0.09233065354864833,0.14856709596858753
1330472,1789117023827000000,95,HEAD_POSE_ESTIMATE,estimated,-0.8485333574273239,5.571468310051795,8.310218221721662,0.28410891543151995,0.12042032315619575,0.15668969148617717
1345472,1789117023842000000,96,HEAD_POSE_ESTIMATE,estimated,-0.7495302445032699,5.537432618583895,8.174945629870885,0.2135022030404578,0.13562337043946193,0.17235398181233827
1357472,1789117023854000000,97,HEAD_POSE_ESTIMATE,estimated,-0.6200801944432263,5.476707772269495,8.111804473562367,0.14884475791767351,0.13695392353546806,0.1893758357335669
1371472,1789117023868000000,98,HEAD_POSE_ESTIMATE,estimated,-0.5475432361521412,5.533376410820689,8.024121756630501,0.07159588865542275,0.11648381032596533,0.19931016687572395
1384472,1789117023881000000,99,HEAD_POSE_ESTIMATE,estimated,-0.4873354758114934,5.592706043279001,7.989734244616774,0.01432148025397332,0.08233881730290085,0.21537347082958527
1399472,1789117023896000000,100,HEAD_POSE_ESTIMATE,estimated,-0.4560572967292394,5.680584216633189,7.912798057094268,-0.017059182447054275,0.05512676861442891,0.23760682146619308
1413472,1789117023910000000,101,HEAD_POSE_ESTIMATE,estimated,-0.3868656955082282,5.698464276898545,7.881953513859396,-0.04051609553396707,0.03911602970056818,0.25900312290692024
1427472,1789117023924000000,102,HEAD_POSE_ESTIMATE,estimated,-0.3286886818987641,5.7075104644027,7.857657647058637,-0.05573063194187676,0.028625804841855812,0.25756283243205086
1441472,1789117023938000000,103,HEAD_POSE_ESTIMATE,estimated,-0.28441616052444113,5.733692629911777,7.83381179270248,-0.06906615238603568,0.015853728648247255,0.23293558076386112
1457472,1789117023954000000,104,HEAD_POSE_ESTIMATE,estimated,-0.23035607656438561,5.722049493997882,7.8252164135232904,-0.07937607179162906,0.009702013605248416,0.18388148699049617
1469472,1789117023966000000,105,HEAD_POSE_ESTIMATE,estimated,-0.19261951062637778,5.710151424532516,7.832578019977017,-0.08649137058904126,0.004556129939571465,0.14224382342383787
1481472,1789117023978000000,106,HEAD_POSE_ESTIMATE,estimated,-0.15957721677993084,5.676511236845812,7.865574877137918,-0.09302132608969672,-0.003455857541816338,0.09792602246519058
1497472,1789117023994000000,107,HEAD_POSE_ESTIMATE,estimated,-0.1415619227648674,5.685873247629621,7.922456863781026,-0.11595141887355008,-0.01679472848977187,0.05299669323917199
1510472,1789117024007000000,108,HEAD_POSE_ESTIMATE,estimated,-0.1365840051058076,5.7040916828200645,7.9670097122500705,-0.1271701457598094,-0.027412099941182617,0.01403772577333994
1524472,1789117024021000000,109,HEAD_POSE_ESTIMATE,estimated,-0.1659054789278394,5.762255881819287,8.006285151463132,-0.13914888936990694,-0.04258541080125617,-0.018810159564872555
1539472,1789117024036000000,110,HEAD_POSE_ESTIMATE,estimated,-0.17730455542478268,5.804235565716918,8.044841954622454,-0.14102921362108584,-0.059086837064482596,-0.04756491823635495
1552472,1789117024049000000,111,HEAD_POSE_ESTIMATE,estimated,-0.19295863376235275,5.821643342163054,8.07681197809948,-0.14213704999568427,-0.07938960923142925,-0.0639150685262403
1565472,1789117024062000000,112,HEAD_POSE_ESTIMATE,estimated,-0.20050471479072285,5.817973753885216,8.111795329038076,-0.1416191834537538,-0.09748244463522306,-0.07047165861757564
1580472,1789117024077000000,113,HEAD_POSE_ESTIMATE,estimated,-0.2246782588130811,5.839349227715594,8.126785602882963,-0.13491225120009281,-0.10822357680881796,-0.06893833004201061
1594472,1789117024091000000,114,HEAD_POSE_ESTIMATE,estimated,-0.24041253714160524,5.865169461412718,8.150289420688244,-0.13286783410573877,-0.11237065315081816,-0.06330068704048661
1611472,1789117024108000000,115,HEAD_POSE_ESTIMATE,estimated,-0.2500602075896954,5.92770253412494,8.165786692313807,-0.11763482573398606,-0.10756687540042342,-0.06120508883306195
1621472,1789117024118000000,116,HEAD_POSE_ESTIMATE,estimated,-0.2565181464619562,5.959698398090973,8.165362841084157,-0.09506093599870097,-0.09858352258198577,-0.0635439450312798
1635472,1789117024132000000,117,HEAD_POSE_ESTIMATE,estimated,-0.2643974809863982,5.988446194112146,8.15643999543345,-0.061138181341937915,-0.08552972335445276,-0.07955917595263773
1649472,1789117024146000000,118,HEAD_POSE_ESTIMATE,estimated,-0.26280202452703366,5.993616557648134,8.133620773160231,-0.021264160270097383,-0.07189563069498996,-0.08209650026378393
1666472,1789117024163000000,119,HEAD_POSE_ESTIMATE,estimated,-0.2658717467209846,5.9898729918391025,8.07699370078293,0.027196948465270147,-0.05989355371005164,-0.07264107942697987
1678472,1789117024175000000,120,HEAD_POSE_ESTIMATE,estimated,-0.27491440846867593,5.981430537002053,8.03539627931055,0.058552159604833745,-0.05622461213327876,-0.06284057433781838
1690472,1789117024187000000,121,HEAD_POSE_ESTIMATE,estimated,-0.27073745114656145,5.972886082855576,8.001555210026064,0.08613915612149434,-0.05550762854559833,-0.05394554673560037
1705472,1789117024202000000,122,HEAD_POSE_ESTIMATE,estimated,-0.27524951587664087,5.987654849897445,7.940122606420202,0.11334354497295877,-0.0621421195770699,-0.051084445917347086
1717472,1789117024214000000,123,HEAD_POSE_ESTIMATE,estimated,-0.2742138343982797,6.006200127027643,7.8932868045200015,0.1339065873126032,-0.07504905111210144,-0.052105366701398974
1733472,1789117024230000000,124,HEAD_POSE_ESTIMATE,estimated,-0.26265798597300527,5.995662104146406,7.831453114758268,0.15350821097775122,-0.08890608540330684,-0.05455567907995679
1748472,1789117024245000000,125,HEAD_POSE_ESTIMATE,estimated,-0.25067649656760216,6.003322263320541,7.776077981960566,0.16607773286455838,-0.10216372554089984,-0.050644935861452495
1759472,1789117024256000000,126,HEAD_POSE_ESTIMATE,estimated,-0.25498801405942284,6.011713890010034,7.736850841135019,0.1692684115360148,-0.10894846798336243,-0.04578735308862083
1774472,1789117024271000000,127,HEAD_POSE_ESTIMATE,estimated,-0.2630301901222877,6.013967483467977,7.6945875735655,0.1698623922213329,-0.11260140018664311,-0.038509228980533584
1787472,1789117024284000000,128,HEAD_POSE_ESTIMATE,estimated,-0.26086855889107397,6.032398641095405,7.656693528689216,0.16790054811418575,-0.1094723046906995,-0.03354519956977179
1801472,1789117024298000000,129,HEAD_POSE_ESTIMATE,estimated,-0.25420225314086276,6.053621889699104,7.614596795063602,0.16773047632557114,-0.09887556040555417,-0.027897883606768394
1815472,1789117024312000000,130,HEAD_POSE_ESTIMATE,estimated,-0.22343515599592523,6.053838793107264,7.589854349625475,0.17723411486501264,-0.0835389351431845,-0.02400797046910229
1829472,1789117024326000000,131,HEAD_POSE_ESTIMATE,estimated,-0.19216627141568282,6.064452704434107,7.568240001895415,0.18810331527099494,-0.06543673365935367,-0.019538473830746847
1843472,1789117024340000000,132,HEAD_POSE_ESTIMATE,estimated,-0.16113340369912202,6.075396298452756,7.548494041298983,0.1970919537507015,-0.042589733090406194,-0.014920113216030508
1859472,1789117024356000000,133,HEAD_POSE_ESTIMATE,estimated,-0.1274250856385096,6.0677655079202655,7.513947088926778,0.2086806415635794,-0.021244634921205752,-0.011488387445792508
1872472,1789117024369000000,134,HEAD_POSE_ESTIMATE,estimated,-0.09884448167848645,6.0827042153721,7.47106248797203,0.21727055680993407,-0.005377320757337445,-0.017561156845801066
1885472,1789117024382000000,135,HEAD_POSE_ESTIMATE,estimated,-0.09236238466122113,6.089457512142269,7.422473703449014,0.22834194008262496,0.008764266284653169,-0.028674941111317194
1899472,1789117024396000000,136,HEAD_POSE_ESTIMATE,estimated,-0.07919892180013172,6.0662408347734855,7.385286910372633,0.2527002426699302,0.01995126045281455,-0.037026724956533245
1913472,1789117024410000000,137,HEAD_POSE_ESTIMATE,estimated,-0.07021522119525628,6.046038159198923,7.357067844220979,0.27509426389017605,0.02541750892922543,-0.043375269723140555
1927472,1789117024424000000,138,HEAD_POSE_ESTIMATE,estimated,-0.07662070244150487,6.033650571380979,7.345986704333207,0.2863156156596756,0.025676734636148873,-0.045241159087898344
1941472,1789117024438000000,139,HEAD_POSE_ESTIMATE,estimated,-0.08880774770575839,6.0263724868138535,7.331895103021389,0.2788253282965364,0.020777978579536546,-0.04712752815305509
1955472,1789117024452000000,140,HEAD_POSE_ESTIMATE,estimated,-0.10791061333301849,6.009188378217512,7.3217858416542825,0.2579736276851142,0.012305690129975648,-0.04861084606894778
1969472,1789117024466000000,141,HEAD_POSE_ESTIMATE,estimated,-0.1340355469070711,6.024868497136509,7.2856940702937765,0.2263483440974105,0.0018422910179661067,-0.05414006889934825
1982472,1789117024479000000,142,HEAD_POSE_ESTIMATE,estimated,-0.15395578416563632,6.037762805039352,7.257440797417474,0.1875599644028993,-0.007797582040870393,-0.06124890576141909
1996472,1789117024493000000,143,HEAD_POSE_ESTIMATE,estimated,-0.1827170081860257,6.058354802817532,7.274591210764378,0.14683632843777508,-0.014444829451774114,-0.06905030734561655
2010472,1789117024507000000,144,HEAD_POSE_ESTIMATE,estimated,-0.19945929046068264,6.053130682203641,7.300864021674484,0.10066461662945689,-0.020508054224779543,-0.07514694433046747
2024472,1789117024521000000,145,HEAD_POSE_ESTIMATE,estimated,-0.21849102850206356,6.051305498345651,7.345069278052494,0.05052548021161576,-0.025066663085623053,-0.07985242065224146
2038472,1789117024535000000,146,HEAD_POSE_ESTIMATE,estimated,-0.22941006508409292,6.047419734745601,7.401904738867355,0.005578339025476665,-0.024673894434110975,-0.07993066951819724
2052472,1789117024549000000,147,HEAD_POSE_ESTIMATE,estimated,-0.2506063301708282,6.075427164400931,7.448909524977339,-0.033805244623387194,-0.024129632923365157,-0.0780016395999616
2066472,1789117024563000000,148,HEAD_POSE_ESTIMATE,estimated,-0.2683819973598568,6.083044333422999,7.499081011866161,-0.06210491990469071,-0.0225698516961569,-0.07527569312809564
2078472,1789117024575000000,149,HEAD_POSE_ESTIMATE,estimated,-0.2833643996486711,6.079898580960632,7.532563741017068,-0.07571508867512419,-0.02015557176345834,-0.07341807718932916
2092472,1789117024589000000,150,HEAD_POSE_ESTIMATE,estimated,-0.3015606434738343,6.077261672945555,7.574412173635938,-0.09133068078089958,-0.01706467374357289,-0.07482513041129388
2108472,1789117024605000000,151,HEAD_POSE_ESTIMATE,estimated,-0.34116351794440675,6.047021467582937,7.6478749928842475,-0.11174330399990398,-0.015620155657493622,-0.08062557022601001
2119472,1789117024616000000,152,HEAD_POSE_ESTIMATE,estimated,-0.37616956083666747,6.02845536213316,7.695726814556092,-0.13486180996221578,-0.01502176384841046,-0.08788023708532679
2133472,1789117024630000000,153,HEAD_POSE_ESTIMATE,estimated,-0.41396509351602656,6.035735911587428,7.74699604003155,-0.15474806355483786,-0.013826155748542724,-0.09683926363503148
2147472,1789117024644000000,154,HEAD_POSE_ESTIMATE,estimated,-0.44825064367543577,6.036000545959542,7.800526470990641,-0.1715840984652574,-0.011759899536337073,-0.10066747111586408
2161472,1789117024658000000,155,HEAD_POSE_ESTIMATE,estimated,-0.4809568909102834,6.0315705338811165,7.820497717283776,-0.18295820605412547,-0.007541424392445262,-0.09753281033553104
2175472,1789117024672000000,156,HEAD_POSE_ESTIMATE,estimated,-0.5040771405943671,6.00084812462411,7.822730553804849,-0.19372125048826905,-0.0029150197228533905,-0.08875758570858741
2189472,1789117024686000000,157,HEAD_POSE_ESTIMATE,estimated,-0.5217027155712538,5.980928295923465,7.818032686851635,-0.20183192595175492,0.0016424971570968953,-0.0760405994363938
2202472,1789117024699000000,158,HEAD_POSE_ESTIMATE,estimated,-0.535292851540363,5.948358926726515,7.836058849654723,-0.20706372765303924,0.0059665081019447406,-0.0608483264064919
2216472,1789117024713000000,159,HEAD_POSE_ESTIMATE,estimated,-0.5518825324029347,5.9245101232591795,7.870766307197013,-0.21146012769522704,0.011043347499866378,-0.04469800638661752
2230472,1789117024727000000,160,HEAD_POSE_ESTIMATE,estimated,-0.5488262390938033,5.909252362612306,7.871029054744491,-0.21532996425924553,0.014291204382716385,-0.03237365527706419
2244472,1789117024741000000,161,HEAD_POSE_ESTIMATE,estimated,-0.5523860694662919,5.902027225152779,7.8915391456544635,-0.22493458528690205,0.016821276650975093,-0.022752215408680998
2258472,1789117024755000000,162,HEAD_POSE_ESTIMATE,estimated,-0.5533903954464849,5.912137233411392,7.897644467555465,-0.2391479677240271,0.017065352673066598,-0.017921253104489814
2272472,1789117024769000000,163,HEAD_POSE_ESTIMATE,estimated,-0.553504403267661,5.907089826239271,7.901737663495179,-0.2557164817100045,0.01687969355516976,-0.01707836147542219
2285472,1789117024782000000,164,HEAD_POSE_ESTIMATE,estimated,-0.5476663394372465,5.899658042882411,7.8959204746468235,-0.2605600734016875,0.01585324616466309,-0.019321598214694143
2300472,1789117024797000000,165,HEAD_POSE_ESTIMATE,estimated,-0.5460492612859126,5.908194920905582,7.875945179833798,-0.25444773680346466,0.014896816198201651,-0.0202654392255972
2314472,1789117024811000000,166,HEAD_POSE_ESTIMATE,estimated,-0.5508318313487078,5.9020029847697595,7.859107915679573,-0.24000812608994715,0.009545026634028531,-0.022236820186990774
2329472,1789117024826000000,167,HEAD_POSE_ESTIMATE,estimated,-0.5570124319188756,5.868128451051655,7.850111981697449,-0.21941069197101207,0.010191375593020108,-0.01669480814913313
2343472,1789117024840000000,168,HEAD_POSE_ESTIMATE,estimated,-0.5620352860634731,5.840332016728618,7.839124358002789,-0.1987821492322925,0.017283978864108356,-0.006428480081996329
2357472,1789117024854000000,169,HEAD_POSE_ESTIMATE,estimated,-0.5539483058871332,5.827518899293947,7.821200853309719,-0.1820853247905005,0.02934983029335432,0.012939723809903115
2371472,1789117024868000000,170,HEAD_POSE_ESTIMATE,estimated,-0.5516457982096472,5.805122621776921,7.806373093017897,-0.16393655168030163,0.05046538805712474,0.029503474269635732
2387472,1789117024884000000,171,HEAD_POSE_ESTIMATE,estimated,-0.5379400845573306,5.779587182154328,7.777962134039686,-0.14529579867989692,0.08050135394401853,0.0424166389099573
2399472,1789117024896000000,172,HEAD_POSE_ESTIMATE,estimated,-0.5205252686892282,5.737413915883809,7.767933242965682,-0.13494976315283244,0.11173521189072175,0.050420778097960105
2411472,1789117024908000000,173,HEAD_POSE_ESTIMATE,estimated,-0.4961684575008486,5.6959478953389775,7.778637140025827,-0.1303057707077109,0.14588752308217298,0.0565298544965493
2425472,1789117024922000000,174,HEAD_POSE_ESTIMATE,estimated,-0.4782487155406201,5.635644916930456,7.799720256744863,-0.1338289878411334,0.18524494484586765,0.062286861987949506
2439472,1789117024936000000,175,HEAD_POSE_ESTIMATE,estimated,-0.47388810151659183,5.587220057356086,7.824827760031332,-0.14571940855370152,0.2228951659819042,0.06290523437173025
2453472,1789117024950000000,176,HEAD_POSE_ESTIMATE,estimated,-0.47452593657969666,5.583653818984641,7.853440482809553,-0.1512509138239066,0.25464377942132777,0.05967406157748558
2467472,1789117024964000000,177,HEAD_POSE_ESTIMATE,estimated,-0.4954260577043468,5.5950591874316356,7.880553339484914,-0.15806125839061788,0.28006317121217167,0.04991468831572497
2481472,1789117024978000000,178,HEAD_POSE_ESTIMATE,estimated,-0.5029525232890935,5.5916565517305346,7.912194363012646,-0.16582298181918498,0.2946046080344924,0.035134709009671854
2495472,1789117024992000000,179,HEAD_POSE_ESTIMATE,estimated,-0.5409219620208472,5.554228620021983,7.955169516393939,-0.17607149282418721,0.30213209465904695,0.013836853607723318
2509472,1789117025006000000,180,HEAD_POSE_ESTIMATE,estimated,-0.5592047559933543,5.544131966680348,7.953394000558338,-0.184980171781096,0.2962268316065317,-0.001954243965342495
2523472,1789117025020000000,181,HEAD_POSE_ESTIMATE,estimated,-0.5983219365143507,5.539949170911317,7.961815082632453,-0.19419051127282816,0.2819614792938298,-0.013548430172981565
2537472,1789117025034000000,182,HEAD_POSE_ESTIMATE,estimated,-0.6302957791736523,5.510841257712123,7.996227413245108,-0.20243405555013605,0.26677249939781633,-0.015832573783587087
2551472,1789117025048000000,183,HEAD_POSE_ESTIMATE,estimated,-0.6623536753323228,5.489852891288962,8.040225116849108,-0.20379857097427326,0.24695122340486342,-0.011438871347155334
2565472,1789117025062000000,184,HEAD_POSE_ESTIMATE,estimated,-0.709994818465071,5.458354325761036,8.096722538041451,-0.19929985580913698,0.22598570812228258,-0.003388879995726149
2579472,1789117025076000000,185,HEAD_POSE_ESTIMATE,estimated,-0.7615871607851824,5.447987926155238,8.154114828774023,-0.18984156696057528,0.20906265638939087,0.003666390708103504
2593472,1789117025090000000,186,HEAD_POSE_ESTIMATE,estimated,-0.8057607850402374,5.434705638351054,8.192030577264825,-0.17609831903732026,0.18865083036120592,0.010562182128663581
2611472,1789117025108000000,187,HEAD_POSE_ESTIMATE,estimated,-0.819835157999339,5.432333930599104,8.233833371420992,-0.15695159042585063,0.16882297886498504,0.01751946114914631
2619472,1789117025116000000,188,HEAD_POSE_ESTIMATE,estimated,-0.8416998904137489,5.423779586527071,8.25752707061684,-0.14388093463026955,0.16072304450907934,0.02081502413528338
2633472,1789117025130000000,189,HEAD_POSE_ESTIMATE,estimated,-0.8596748859207743,5.416693477681105,8.299943684970266,-0.1307060429946058,0.15263934022454073,0.018828583338180577
2648472,1789117025145000000,190,HEAD_POSE_ESTIMATE,estimated,-0.8808307540736835,5.416658402562806,8.3281337553557,-0.11875290369309298,0.14198864133662822,0.012678602751872804
2662472,1789117025159000000,191,HEAD_POSE_ESTIMATE,estimated,-0.9049937530145687,5.429224051628451,8.351479183185198,-0.11285792473099325,0.1321246866738026,0.006379010576549308
2676472,1789117025173000000,192,HEAD_POSE_ESTIMATE,estimated,-0.9211916276830963,5.438397021243287,8.373354598224811,-0.11517528971959003,0.1229670929216207,0.002795988523547392
2692472,1789117025189000000,193,HEAD_POSE_ESTIMATE,estimated,-0.9342934969101289,5.44280484874914,8.375746633770047,-0.10517539101527895,0.10845866553975943,0.0036313481430989415
2703472,1789117025200000000,194,HEAD_POSE_ESTIMATE,estimated,-0.9514661093709098,5.443852684445137,8.375117440564338,-0.0937319384577106,0.09675942218566462,0.006962725149771568
2717472,1789117025214000000,195,HEAD_POSE_ESTIMATE,estimated,-0.9777347534856348,5.444754412763224,8.36394350962598,-0.07066936946235966,0.07805166068163927,0.016993517490603797
2733472,1789117025230000000,196,HEAD_POSE_ESTIMATE,estimated,-0.9664543139687853,5.447120307113769,8.331424199150323,-0.05441424564664406,0.06567575161850396,0.023165244637297938
2747472,1789117025244000000,197,HEAD_POSE_ESTIMATE,estimated,-0.9610383030784577,5.439583070788521,8.329869771134348,-0.037122468668011846,0.0544613967262258,0.029940392465601293
2759472,1789117025256000000,198,HEAD_POSE_ESTIMATE,estimated,-0.9487822243699732,5.417270502379115,8.327869357921234,-0.019346775594785863,0.04493304146948302,0.03442338976162003
2773472,1789117025270000000,199,HEAD_POSE_ESTIMATE,estimated,-0.9600134203739382,5.400909283082473,8.318915997232894,0.0013333245526316465,0.037456477539969835,0.03645082602170314
2787472,1789117025284000000,200,HEAD_POSE_ESTIMATE,estimated,-0.9753854145798231,5.401415373756174,8.298797765905372,0.02187186048100884,0.029693472245927936,0.03230773067824896
2801472,1789117025298000000,201,HEAD_POSE_ESTIMATE,estimated,-0.9887041852860406,5.393097730639403,8.274283803231103,0.03894642701564322,0.023624869720646483,0.024546469678810905
2814472,1789117025311000000,202,HEAD_POSE_ESTIMATE,estimated,-0.9754194367997193,5.393208177843016,8.237087050984435,0.04597830940133593,0.02229790285754779,0.017214488803475737
2829472,1789117025326000000,203,HEAD_POSE_ESTIMATE,estimated,-0.9782493565964777,5.381342580117845,8.215308547737635,0.05239285165693734,0.019719157596614276,0.0067133984176962775
2843472,1789117025340000000,204,HEAD_POSE_ESTIMATE,estimated,-0.9928096641272335,5.376290016633832,8.189813078512502,0.056929930792516646,0.01540890465163608,-0.004906245106007395
2858472,1789117025355000000,205,HEAD_POSE_ESTIMATE,estimated,-1.009916091365312,5.3585593239799625,8.157059149649939,0.06574122014844813,0.006970104704447033,-0.015061503824489727
2871472,1789117025368000000,206,HEAD_POSE_ESTIMATE,estimated,-1.0270455472481668,5.339344055196553,8.130821760362085,0.07017171917285116,-0.0007782179653209396,-0.025187705404612758
2887472,1789117025384000000,207,HEAD_POSE_ESTIMATE,estimated,-1.0490642783444584,5.326691416308048,8.108235058258323,0.06895472446501559,-0.010508725718592488,-0.037108739779420793
2901472,1789117025398000000,208,HEAD_POSE_ESTIMATE,estimated,-1.0618540259727818,5.324095272735752,8.09272090917028,0.06374993768646382,-0.02173240386498621,-0.04749840247038019
2912472,1789117025409000000,209,HEAD_POSE_ESTIMATE,estimated,-1.0746507268181533,5.312358665697544,8.092237891992028,0.04492971898919293,-0.02664655077041353,-0.055139443121150954
2925472,1789117025422000000,210,HEAD_POSE_ESTIMATE,estimated,-1.0841678185448018,5.310310810694926,8.085504363319453,0.031750827485632856,-0.03330157811208722,-0.05652551165490067
2940472,1789117025437000000,211,HEAD_POSE_ESTIMATE,estimated,-1.094929099272848,5.291913363092198,8.092667294748088,0.022316162438051262,-0.04239704536378385,-0.04703078309025735
2954472,1789117025451000000,212,HEAD_POSE_ESTIMATE,estimated,-1.0912626843985191,5.278544938199368,8.122064063848397,0.028202766874443702,-0.052313893931608006,-0.02590262486324878
2968472,1789117025465000000,213,HEAD_POSE_ESTIMATE,estimated,-1.0877495205818521,5.2574637577042065,8.160422656585885,0.032289562706780406,-0.061688315678277914,-0.0018678385670017937
2982472,1789117025479000000,214,HEAD_POSE_ESTIMATE,estimated,-1.0805120709147296,5.251923836342858,8.194877034169243,0.032512488940806814,-0.07034649781297775,0.017620840850213353
2995472,1789117025492000000,215,HEAD_POSE_ESTIMATE,estimated,-1.0671032337476456,5.260032805852785,8.223555431266862,0.02816971953353463,-0.07708421385097135,0.03171888660453909
3009472,1789117025506000000,216,HEAD_POSE_ESTIMATE,estimated,-1.0401216019840116,5.301788314653854,8.251838425084015,0.020145214612357586,-0.0823297339628937,0.03798969070726829
3025472,1789117025522000000,217,HEAD_POSE_ESTIMATE,estimated,-0.9710898417342232,5.388832117487198,8.267794936912466,0.012346676148733948,-0.08599077689712786,0.03606614026626976
3037472,1789117025534000000,218,HEAD_POSE_ESTIMATE,estimated,-0.9150881612266928,5.446253898690858,8.301586543693281,0.011383160042927538,-0.09147101392867879,0.02840203064600719
3050472,1789117025547000000,219,HEAD_POSE_ESTIMATE,estimated,-0.9012559231987688,5.458335969112325,8.316595458302881,0.005203087203160822,-0.09313922755168277,0.016602770551070258
3065472,1789117025562000000,220,HEAD_POSE_ESTIMATE,estimated,-0.8948635959478072,5.4392568006056665,8.339298366774877,0.01568769905673921,-0.10669049665249654,0.002901169543182045
3079472,1789117025576000000,221,HEAD_POSE_ESTIMATE,estimated,-0.8916129873992767,5.420244433346701,8.351889483948915,0.03485131085791923,-0.12624092082574107,-0.009581311191475211
3093472,1789117025590000000,222,HEAD_POSE_ESTIMATE,estimated,-0.8678397226645198,5.409789362708377,8.369803085423577,0.07226303972730871,-0.1484408468158582,-0.012583060263911356
3106472,1789117025603000000,223,HEAD_POSE_ESTIMATE,estimated,-0.8554263720367036,5.418202660535359,8.376079473001349,0.11945121018082062,-0.1737411651022755,-0.01581201200467664
3122472,1789117025619000000,224,HEAD_POSE_ESTIMATE,estimated,-0.8545266851314979,5.391908705643127,8.381365219766904,0.16811773240550681,-0.20582021717131244,-0.024590761722666325
3134472,1789117025631000000,225,HEAD_POSE_ESTIMATE,estimated,-0.839692792756745,5.399878000472154,8.36935988331153,0.21099401471874227,-0.23821762014492393,-0.03675585263176052
3148472,1789117025645000000,226,HEAD_POSE_ESTIMATE,estimated,-0.8351518979940818,5.393387441690263,8.349462948637731,0.22287659353331415,-0.26506388382851154,-0.050206080189845737
3162472,1789117025659000000,227,HEAD_POSE_ESTIMATE,estimated,-0.8048641695367929,5.418775647996044,8.31080681071199,0.21423165419626972,-0.28204290079193944,-0.05940359588562833
3176472,1789117025673000000,228,HEAD_POSE_ESTIMATE,estimated,-0.7927446343442379,5.402848357691414,8.29119934695166,0.18619775411220332,-0.2884062482224113,-0.06215474111371999
3190472,1789117025687000000,229,HEAD_POSE_ESTIMATE,estimated,-0.7857696478802592,5.386916099100016,8.255604923015767,0.1509767062463792,-0.28459636530744786,-0.060042134010967786
3204472,1789117025701000000,230,HEAD_POSE_ESTIMATE,estimated,-0.7936872747894146,5.36184721060228,8.233787813697477,0.11415468956594718,-0.2733059833364127,-0.05448380815063827
3218472,1789117025715000000,231,HEAD_POSE_ESTIMATE,estimated,-0.7877829745214466,5.347524281962669,8.215896153157015,0.0747543204901349,-0.25917960000428225,-0.05074324676292786
3232472,1789117025729000000,232,HEAD_POSE_ESTIMATE,estimated,-0.7690830373393507,5.388790890235006,8.203504325086676,0.03530292785654727,-0.2463083812178304,-0.044618028739122725
3246472,1789117025743000000,233,HEAD_POSE_ESTIMATE,estimated,-0.7400816135795285,5.419040000030747,8.190716999043138,0.003649625039559108,-0.23775303433792663,-0.038697331144876175
3260472,1789117025757000000,234,HEAD_POSE_ESTIMATE,estimated,-0.7364332327723079,5.445247499885615,8.167995660688938,-0.024461532126134108,-0.22384392817078944,-0.03238804920982882
3274472,1789117025771000000,235,HEAD_POSE_ESTIMATE,estimated,-0.7428738560254959,5.430461977153997,8.144173110590621,-0.03867356285621842,-0.21698230952004668,-0.026557390927858013
3288472,1789117025785000000,236,HEAD_POSE_ESTIMATE,estimated,-0.7374106486177561,5.427064430969771,8.148348294412521,-0.05688174795016236,-0.19856995865931124,-0.025497929875428534
3302472,1789117025799000000,237,HEAD_POSE_ESTIMATE,estimated,-0.7201912393947618,5.438023301102559,8.168587981167912,-0.07290079825655321,-0.17673740128301635,-0.02975769082469011
3316472,1789117025813000000,238,HEAD_POSE_ESTIMATE,estimated,-0.6908707550589045,5.445993430280439,8.202841083220342,-0.09564553061766075,-0.15391931715176602,-0.04618758176518387
3330472,1789117025827000000,239,HEAD_POSE_ESTIMATE,estimated,-0.6636346176382019,5.470611485143656,8.221931149572292,-0.10647978945530355,-0.12853358633950127,-0.056714382016309274
3344472,1789117025841000000,240,HEAD_POSE_ESTIMATE,estimated,-0.631591219118908,5.488795451174036,8.239723306368719,-0.09901640358569863,-0.10223852611340703,-0.05919837397093929
3358472,1789117025855000000,241,HEAD_POSE_ESTIMATE,estimated,-0.5793072211523336,5.519404888766432,8.246279513784616,-0.07958861496716811,-0.07578462367096114,-0.04946083323948004
3372472,1789117025869000000,242,HEAD_POSE_ESTIMATE,estimated,-0.5175699708019994,5.526281524599152,8.255815498347799,-0.046017578694968975,-0.0548342335129963,-0.041925209426037335
3386472,1789117025883000000,243,HEAD_POSE_ESTIMATE,estimated,-0.47554797119122905,5.532503546607509,8.259585305114854,-0.01331918887326104,-0.04159943994982617,-0.03463852008028474
3400472,1789117025897000000,244,HEAD_POSE_ESTIMATE,estimated,-0.42965703586514026,5.5390897734999855,8.263600747019362,0.017670171445593214,-0.037516367136499515,-0.03403403864697965
3410472,1789117025907000000,245,HEAD_POSE_ESTIMATE,estimated,-0.4026369813278875,5.539752538349675,8.258418095274198,0.03465871355904011,-0.04089927277370734,-0.03196062088194418
3425472,1789117025922000000,246,HEAD_POSE_ESTIMATE,estimated,-0.37173287691904716,5.57587662839303,8.243964410001624,0.05603194276095276,-0.046025091512300345,-0.0326401349936827
3438472,1789117025935000000,247,HEAD_POSE_ESTIMATE,estimated,-0.33912035037923516,5.594279315423826,8.233734637308775,0.07395054022424027,-0.05086611041134209,-0.035890880594830636
3452472,1789117025949000000,248,HEAD_POSE_ESTIMATE,estimated,-0.3087897574262421,5.619316140536247,8.229303177054792,0.09061861431988309,-0.050325342765559895,-0.0422846572040604
3466472,1789117025963000000,249,HEAD_POSE_ESTIMATE,estimated,-0.2893449490698462,5.604469330929768,8.218010722339473,0.10367510524152045,-0.05270827129335611,-0.05744209087719864
3481472,1789117025978000000,250,HEAD_POSE_ESTIMATE,estimated,-0.2767071653158803,5.577851670826757,8.201554351997519,0.11053171438974227,-0.05664114722722993,-0.07554515920606622
3495472,1789117025992000000,251,HEAD_POSE_ESTIMATE,estimated,-0.2764727736206731,5.561439289662068,8.181051432141054,0.11211640123145758,-0.05745101469859239,-0.09554481503284297
3509472,1789117026006000000,252,HEAD_POSE_ESTIMATE,estimated,-0.27567579048542745,5.548120811731686,8.165973491318095,0.11120930216289229,-0.06023600629085245,-0.1091089804984549
3522472,1789117026019000000,253,HEAD_POSE_ESTIMATE,estimated,-0.2817755435525743,5.546318384206487,8.145342791014015,0.11227856846668416,-0.06598885479794778,-0.11698444118643692
3537472,1789117026034000000,254,HEAD_POSE_ESTIMATE,estimated,-0.2885686373474599,5.5349420349633105,8.128245037752713,0.11648998140282509,-0.07165217320270666,-0.11807639881196255
3551472,1789117026048000000,255,HEAD_POSE_ESTIMATE,estimated,-0.2931551556522253,5.541233626926187,8.111520749259812,0.11235514578130222,-0.07868193069254396,-0.11843313152525786
3565472,1789117026062000000,256,HEAD_POSE_ESTIMATE,estimated,-0.29541139034296104,5.555525792398764,8.097069934274089,0.10122395155602466,-0.08434351200664454,-0.11927650297930809
3579472,1789117026076000000,257,HEAD_POSE_ESTIMATE,estimated,-0.29334973375827245,5.5870340734836565,8.079386778834706,0.09107879521788384,-0.09039189633623074,-0.12041339920872117
3593472,1789117026090000000,258,HEAD_POSE_ESTIMATE,estimated,-0.29901816545294746,5.612307259196951,8.061468143398638,0.08457896438165649,-0.09659873835440651,-0.12486700890680721
3609472,1789117026106000000,259,HEAD_POSE_ESTIMATE,estimated,-0.30409527857391966,5.639241144657965,8.042192017204373,0.0892524958964163,-0.10247328201592305,-0.13330934509771394
3620472,1789117026117000000,260,HEAD_POSE_ESTIMATE,estimated,-0.30945217944348435,5.648253778996468,8.028102222446593,0.0948245266005361,-0.10442197313954799,-0.14073442654899795
3634472,1789117026131000000,261,HEAD_POSE_ESTIMATE,estimated,-0.3157712387249241,5.665001350530108,8.019892445465333,0.10845026341971174,-0.10747322005831236,-0.15023385493925961
3648472,1789117026145000000,262,HEAD_POSE_ESTIMATE,estimated,-0.32531575722187966,5.6888448468996184,8.021510398742077,0.11325408480062675,-0.10876867655465508,-0.1572980793041954
3662472,1789117026159000000,263,HEAD_POSE_ESTIMATE,estimated,-0.33258867712387435,5.721277209059171,8.022268696223119,0.11200882527746042,-0.11103107124482053,-0.16108558685045235
3676472,1789117026173000000,264,HEAD_POSE_ESTIMATE,estimated,-0.3426204494337546,5.7539931304705,8.00690432218833,0.10296355622299622,-0.11318292786662522,-0.16089361091380508
3690472,1789117026187000000,265,HEAD_POSE_ESTIMATE,estimated,-0.3566520655627953,5.774652492987918,7.989931034865751,0.09529300565877262,-0.11438215807380601,-0.1578839257979147
3704472,1789117026201000000,266,HEAD_POSE_ESTIMATE,estimated,-0.36611624968586953,5.798331859455889,7.969227189554936,0.08706240829295347,-0.11482942169150401,-0.15767341851008274
3718472,1789117026215000000,267,HEAD_POSE_ESTIMATE,estimated,-0.37145880616044524,5.819101676681257,7.957568671899247,0.07790193425432587,-0.11581341320689716,-0.16188892578044384
3732472,1789117026229000000,268,HEAD_POSE_ESTIMATE,estimated,-0.35988606708685206,5.845734231394914,7.9481625803815,0.07295961039370698,-0.11912597205780573,-0.17083120746107996
3746472,1789117026243000000,269,HEAD_POSE_ESTIMATE,estimated,-0.3582698056245096,5.859116267160974,7.942184636268154,0.06863090618056729,-0.12161556193691798,-0.1816651235084448
3759472,1789117026256000000,270,HEAD_POSE_ESTIMATE,estimated,-0.358209298131518,5.893361828828415,7.923069588051137,0.06910820678171146,-0.1265201108642301,-0.1932217399637336
3773472,1789117026270000000,271,HEAD_POSE_ESTIMATE,estimated,-0.351993813291575,5.916270213577104,7.8907475130981855,0.07796511626781047,-0.13162429924908212,-0.19652706075847193
3787472,1789117026284000000,272,HEAD_POSE_ESTIMATE,estimated,-0.3532420772440631,5.924560128971232,7.844579764496158,0.09698241573033863,-0.13728215926957615,-0.19291475261849184
3801472,1789117026298000000,273,HEAD_POSE_ESTIMATE,estimated,-0.34044331662153426,5.9073183104464615,7.804303943239227,0.11455892362795327,-0.1404647836790651,-0.18492261393395448
3815472,1789117026312000000,274,HEAD_POSE_ESTIMATE,estimated,-0.3183983154116776,5.874752868843817,7.7633551170625426,0.13594741635124352,-0.14267241747594933,-0.17003173001564081
3830472,1789117026327000000,275,HEAD_POSE_ESTIMATE,estimated,-0.3002529787916375,5.852310926854395,7.71975636714749,0.15152456923047078,-0.14550482988454425,-0.15914393264277243
3843472,1789117026340000000,276,HEAD_POSE_ESTIMATE,estimated,-0.28891234431407264,5.838187543041947,7.687520770800293,0.15786346303334386,-0.14709109639222068,-0.15397216905818806
3857472,1789117026354000000,277,HEAD_POSE_ESTIMATE,estimated,-0.2639262122900939,5.842010417954424,7.668894755471224,0.15594813402880978,-0.14722954094183524,-0.15634517905571124
3871472,1789117026368000000,278,HEAD_POSE_ESTIMATE,estimated,-0.24467512362448837,5.829602815506274,7.649462506379104,0.14921207069626843,-0.14776022193222788,-0.16511439803360045
3885472,1789117026382000000,279,HEAD_POSE_ESTIMATE,estimated,-0.23353940311774415,5.814994420835249,7.627298831342906,0.13651951551400412,-0.14770253542972459,-0.17767427972614905
3901472,1789117026398000000,280,HEAD_POSE_ESTIMATE,estimated,-0.22428051172360955,5.786122416306663,7.606356249505331,0.1138366000280521,-0.15188128679433277,-0.19945348032732418
3913472,1789117026410000000,281,HEAD_POSE_ESTIMATE,estimated,-0.2297336306208449,5.787115202481113,7.598254767983326,0.09096579110103369,-0.15500816658479194,-0.2160651866676895
3926472,1789117026423000000,282,HEAD_POSE_ESTIMATE,estimated,-0.22754829178563882,5.781900245861575,7.6078244860972895,0.06406933470014563,-0.16048729405979958,-0.23266799166112392
3941472,1789117026438000000,283,HEAD_POSE_ESTIMATE,estimated,-0.22239463317691574,5.789291830029484,7.626771293283132,0.03200117019020583,-0.17084245349916152,-0.2529270508444591
3955472,1789117026452000000,284,HEAD_POSE_ESTIMATE,estimated,-0.23118749888550919,5.802450987174983,7.659113402251365,0.004139929815443443,-0.1822602469449614,-0.26839964271601513
3969472,1789117026466000000,285,HEAD_POSE_ESTIMATE,estimated,-0.23657974135054533,5.800211597047885,7.7010375024236595,-0.019021824753877377,-0.19448477122393895,-0.2840994899347882
3983472,1789117026480000000,286,HEAD_POSE_ESTIMATE,estimated,-0.2545251700340535,5.806033212580831,7.740645034893794,-0.03830756811668801,-0.20937254310546538,-0.30704341307053296
3997472,1789117026494000000,287,HEAD_POSE_ESTIMATE,estimated,-0.28955802632919014,5.8277026919435215,7.785256162538713,-0.054933602522966,-0.22593590689329268,-0.3386864701328538
4011472,1789117026508000000,288,HEAD_POSE_ESTIMATE,estimated,-0.3244412406219877,5.861487036824611,7.826168599787439,-0.06827345306067997,-0.24262912290078203,-0.37195063712081294
4026472,1789117026523000000,289,HEAD_POSE_ESTIMATE,estimated,-0.3589350845017941,5.891037645285385,7.8770587511286285,-0.0762799234279959,-0.2595404952482681,-0.40922271695353474
4038472,1789117026535000000,290,HEAD_POSE_ESTIMATE,estimated,-0.39304198769987025,5.9195964473537455,7.90498144418964,-0.07747831585587324,-0.2732133169815276,-0.43877269845805916
4052472,1789117026549000000,291,HEAD_POSE_ESTIMATE,estimated,-0.43763295870409435,5.926338946263174,7.927697188593959,-0.06941994694505249,-0.2843543642501361,-0.46184771503009175
4067472,1789117026564000000,292,HEAD_POSE_ESTIMATE,estimated,-0.4845237542073105,5.912066955215812,7.950171512226242,-0.048492800035487144,-0.2962017269816319,-0.47384036483599995
4079472,1789117026576000000,293,HEAD_POSE_ESTIMATE,estimated,-0.5128627079847904,5.8863489340519,7.966744353423338,-0.027454118096125614,-0.30621427071756546,-0.4747495150777517
4093472,1789117026590000000,294,HEAD_POSE_ESTIMATE,estimated,-0.5447532381229404,5.8719951533833115,7.982705254438944,0.004014180831937163,-0.31612791211865027,-0.46776603878123035
4108472,1789117026605000000,295,HEAD_POSE_ESTIMATE,estimated,-0.5649532694663015,5.858060047759102,7.980742226054153,0.029071506205073063,-0.32635034064450313,-0.4559644824016794
4121472,1789117026618000000,296,HEAD_POSE_ESTIMATE,estimated,-0.5798837811463295,5.843147592764753,7.965803684908713,0.045837975982719215,-0.3342222980400694,-0.4398427817619124
4135472,1789117026632000000,297,HEAD_POSE_ESTIMATE,estimated,-0.5873323415891718,5.826256403317999,7.9399139031059836,0.05365177076574668,-0.3447684249417192,-0.42968565525059255
4149472,1789117026646000000,298,HEAD_POSE_ESTIMATE,estimated,-0.5842065435279258,5.787128715612917,7.912416730196973,0.05345180205993494,-0.3544656118385222,-0.41992734785823155
4163472,1789117026660000000,299,HEAD_POSE_ESTIMATE,estimated,-0.5855890070912514,5.759283623312358,7.880705674623615,0.042667011630040656,-0.361836142760968,-0.4078254695761655
4177472,1789117026674000000,300,HEAD_POSE_ESTIMATE,estimated,-0.6002256877679452,5.747290378567439,7.868009680421269,0.019210063555685573,-0.37271360033615747,-0.4031486895146322
4191472,1789117026688000000,301,HEAD_POSE_ESTIMATE,estimated,-0.6125813045301858,5.747544417007966,7.846725464091993,-0.010027001484153282,-0.3781466773179376,-0.396438279295207
4205472,1789117026702000000,302,HEAD_POSE_ESTIMATE,estimated,-0.6340655842489215,5.73681871194483,7.846461976365888,-0.03945570283756637,-0.3782540548960402,-0.38796225202592816
4218472,1789117026715000000,303,HEAD_POSE_ESTIMATE,estimated,-0.6610129005337202,5.752118502942309,7.839635073634761,-0.0629489280197969,-0.3744660494917451,-0.37730183321620786
4232472,1789117026729000000,304,HEAD_POSE_ESTIMATE,estimated,-0.6720497222169224,5.761404570286695,7.835287174013214,-0.07657037303769569,-0.36983605470618924,-0.3692672447519529
4246472,1789117026743000000,305,HEAD_POSE_ESTIMATE,estimated,-0.677520034775253,5.760644097770291,7.8339742831540775,-0.08561411495047462,-0.3575777605817754,-0.3539683256160106
4260472,1789117026757000000,306,HEAD_POSE_ESTIMATE,estimated,-0.688328085338122,5.761304563560312,7.832151569694459,-0.09413332263317581,-0.3400998437285992,-0.33584883005320176
4274472,1789117026771000000,307,HEAD_POSE_ESTIMATE,estimated,-0.701526532231634,5.74387742050929,7.828366257780072,-0.10171734789073135,-0.3237834622063581,-0.31482407280419483
4289472,1789117026786000000,308,HEAD_POSE_ESTIMATE,estimated,-0.7239924249263248,5.740585416924234,7.826903140431031,-0.10911025651874623,-0.3001343253917904,-0.2962593455284488
4303472,1789117026800000000,309,HEAD_POSE_ESTIMATE,estimated,-0.7345389187727999,5.742047724167585,7.821669346098042,-0.11269214001851778,-0.27406725067763177,-0.28163349453045694
4316472,1789117026813000000,310,HEAD_POSE_ESTIMATE,estimated,-0.7305597716756362,5.740051728413194,7.834687868401856,-0.11392140226473636,-0.2523473288240698,-0.27478815982831684
4331472,1789117026828000000,311,HEAD_POSE_ESTIMATE,estimated,-0.7193089258174594,5.7146872291700435,7.830832208628083,-0.10794617479913421,-0.22497187978345137,-0.26349216864922165
4345472,1789117026842000000,312,HEAD_POSE_ESTIMATE,estimated,-0.712285534576945,5.671215651121764,7.844462192649901,-0.100670032408252,-0.1987743717373471,-0.25027731920983864
4358472,1789117026855000000,313,HEAD_POSE_ESTIMATE,estimated,-0.7055509678459169,5.62839095177651,7.847722875871918,-0.09638842403564464,-0.17264840369276588,-0.22993975942363343
4372472,1789117026869000000,314,HEAD_POSE_ESTIMATE,estimated,-0.7076026695038173,5.602410253175201,7.852447090834998,-0.0913570550261582,-0.1467248769561321,-0.2097708526573811
4386472,1789117026883000000,315,HEAD_POSE_ESTIMATE,estimated,-0.7256278859158078,5.602374310851731,7.856674610310084,-0.08911582081714522,-0.12223090189669547,-0.19237490312732997
4400472,1789117026897000000,316,HEAD_POSE_ESTIMATE,estimated,-0.73731801324677,5.610159734249182,7.871057992623603,-0.08977764467397724,-0.09534891860858069,-0.17618477044221165
4414472,1789117026911000000,317,HEAD_POSE_ESTIMATE,estimated,-0.737092964123667,5.601724301414875,7.891633878623288,-0.09553540519280228,-0.07664175993680307,-0.16638710020774772
4428472,1789117026925000000,318,HEAD_POSE_ESTIMATE,estimated,-0.7321630982891849,5.5892965620870685,7.926394238436005,-0.10383163293788646,-0.057586663781053905,-0.15370095062144656
4442472,1789117026939000000,319,HEAD_POSE_ESTIMATE,estimated,-0.7315919087794283,5.586994583041403,7.957921152195912,-0.11172420350718161,-0.03807594512570335,-0.13673494247719398
4458472,1789117026955000000,320,HEAD_POSE_ESTIMATE,estimated,-0.7311735933611379,5.5944337048813635,8.007964449420404,-0.11897141678507409,-0.013943708775505865,-0.1103692116878897
4470472,1789117026967000000,321,HEAD_POSE_ESTIMATE,estimated,-0.735430658000549,5.597319353347434,8.040646432983781,-0.11737734771469639,0.003279516048935241,-0.09014479635943054
4483472,1789117026980000000,322,HEAD_POSE_ESTIMATE,estimated,-0.7487660849819346,5.595975829733981,8.078416407153362,-0.10843181628245366,0.023030495923504844,-0.06902797620021238
4497472,1789117026994000000,323,HEAD_POSE_ESTIMATE,estimated,-0.7564179502804448,5.58788181234386,8.108196980304642,-0.09313618813247304,0.04751509122730458,-0.051161008098810565
4511472,1789117027008000000,324,HEAD_POSE_ESTIMATE,estimated,-0.7571440933732303,5.585145097580033,8.132433650385956,-0.07884198777390326,0.06889924590640983,-0.038646543157700206
4525472,1789117027022000000,325,HEAD_POSE_ESTIMATE,estimated,-0.7524266411930439,5.584850634932741,8.148311539537984,-0.06781638034957228,0.0878743575836075,-0.02861668267700985
4539472,1789117027036000000,326,HEAD_POSE_ESTIMATE,estimated,-0.7350259908814507,5.579459969887481,8.169218816502429,-0.06285005065291364,0.10686244161832092,-0.01592816620708495
4553472,1789117027050000000,327,HEAD_POSE_ESTIMATE,estimated,-0.7223589539399331,5.568597269472624,8.18304347795583,-0.06202640180267939,0.11969479951563665,-0.010682033151072468
4568472,1789117027065000000,328,HEAD_POSE_ESTIMATE,estimated,-0.7139164393986736,5.548384789811738,8.196394051140887,-0.06318650416361503,0.12956224658565776,-0.0054468992452045215
4582472,1789117027079000000,329,HEAD_POSE_ESTIMATE,estimated,-0.7038591064270362,5.525732980867092,8.198208442586361,-0.0661970920221504,0.1303226089408818,-0.0032913647504128726
4595472,1789117027092000000,330,HEAD_POSE_ESTIMATE,estimated,-0.7035944522545681,5.512555166378834,8.205477857760265,-0.06959508462943399,0.12863738128104377,-0.003259691965434192
4610472,1789117027107000000,331,HEAD_POSE_ESTIMATE,estimated,-0.6903773410519967,5.503254741572124,8.211025670340632,-0.06902747504084418,0.12203647821797771,0.0006415457579306075
4623472,1789117027120000000,332,HEAD_POSE_ESTIMATE,estimated,-0.6759024615277797,5.48676552162275,8.216713099023577,-0.065532287193947,0.1118330228312881,0.006984088784536769
4636472,1789117027133000000,333,HEAD_POSE_ESTIMATE,estimated,-0.6600815799904776,5.469256749079027,8.223055988571653,-0.05539346371291671,0.1033355027253743,0.02369380005188282
4651472,1789117027148000000,334,HEAD_POSE_ESTIMATE,estimated,-0.6458219806196289,5.442820331785446,8.229548886619241,-0.04085738698051201,0.0929060914716704,0.04505683968597313
4664472,1789117027161000000,335,HEAD_POSE_ESTIMATE,estimated,-0.6310641511038564,5.428161334122204,8.229556760774193,-0.02662375646368401,0.0838753890541715,0.06469101143109042
4678472,1789117027175000000,336,HEAD_POSE_ESTIMATE,estimated,-0.6219215510642245,5.409452735906904,8.236835868580265,-0.013084236592996257,0.07480967065607393,0.08063272573450642
4693472,1789117027190000000,337,HEAD_POSE_ESTIMATE,estimated,-0.6079603639963583,5.411558807403242,8.239720289978615,-0.005611588524834201,0.06549242016525803,0.08842364026277587
4706472,1789117027203000000,338,HEAD_POSE_ESTIMATE,estimated,-0.5872764836553295,5.417583171592733,8.240991952094973,-0.0035847519172827174,0.05904427111291825,0.08963340978818045
4721472,1789117027218000000,339,HEAD_POSE_ESTIMATE,estimated,-0.5642667891404929,5.42844938064525,8.237082063388735,-0.001387984979111986,0.050091528666942206,0.08805503184985371
4733472,1789117027230000000,340,HEAD_POSE_ESTIMATE,estimated,-0.5523540618523037,5.441302784903569,8.234299399388917,-0.000761875181829996,0.04448107372276983,0.08689849156126586
4746472,1789117027243000000,341,HEAD_POSE_ESTIMATE,estimated,-0.5446855508706161,5.445027745372922,8.230391069731283,0.0023720980594105247,0.03914231149488404,0.08235304330894727
4761472,1789117027258000000,342,HEAD_POSE_ESTIMATE,estimated,-0.534951894279268,5.444701923536903,8.22733124935999,0.00639075597560036,0.03225771952841755,0.07367687757622048
4774472,1789117027271000000,343,HEAD_POSE_ESTIMATE,estimated,-0.535962726426311,5.437706450214911,8.224449033254617,0.011461832798135785,0.027277693293137298,0.0658838291501883
4788472,1789117027285000000,344,HEAD_POSE_ESTIMATE,estimated,-0.540695023227581,5.4417680586699895,8.219959813351345,0.013594912769745,0.02359069952524046,0.054984295729658884
4802472,1789117027299000000,345,HEAD_POSE_ESTIMATE,estimated,-0.5430370955633664,5.45877378588698,8.213380542473548,0.01416096812517247,0.021103843476757984,0.04601152207101015
4816472,1789117027313000000,346,HEAD_POSE_ESTIMATE,estimated,-0.547953398343819,5.474047039057704,8.206626940100897,0.013843082422320923,0.020294800898238093,0.04319660987685311
4830472,1789117027327000000,347,HEAD_POSE_ESTIMATE,estimated,-0.5522288233182074,5.474588394647235,8.203515860786272,0.01656945093757801,0.02183762170052394,0.044509450411328186
4845472,1789117027342000000,348,HEAD_POSE_ESTIMATE,estimated,-0.5580784498210655,5.460569179342524,8.199286905944081,0.021352241459112322,0.026043370031840728,0.04963494791075997
4859472,1789117027356000000,349,HEAD_POSE_ESTIMATE,estimated,-0.5603130456565429,5.44471567537173,8.195043256106402,0.025234293322120606,0.03064552205759647,0.05605549518271925
4873472,1789117027370000000,350,HEAD_POSE_ESTIMATE,estimated,-0.5617152522869476,5.432992856716029,8.184875109236467,0.02737270460458819,0.035137111539141626,0.06306259141781612
4886472,1789117027383000000,351,HEAD_POSE_ESTIMATE,estimated,-0.563652672326073,5.432317713695073,8.175856968647855,0.029381203924462362,0.03839812097729287,0.0703110085325219
4900472,1789117027397000000,352,HEAD_POSE_ESTIMATE,estimated,-0.5630925541338734,5.442899724603232,8.161240133744508,0.03224126406686561,0.04246811784820763,0.07865242428286488
4914472,1789117027411000000,353,HEAD_POSE_ESTIMATE,estimated,-0.5632910014477724,5.469414460917061,8.146170109400206,0.0358398324953963,0.04401479530379928,0.08674667063359195
4928472,1789117027425000000,354,HEAD_POSE_ESTIMATE,estimated,-0.5690159971086297,5.4905575834184575,8.12735261827433,0.04016104682936555,0.045739634112235326,0.0909830596971159
4942472,1789117027439000000,355,HEAD_POSE_ESTIMATE,estimated,-0.5741788443558524,5.506175706470346,8.108998125859435,0.04450296552898544,0.04709640216005372,0.09046166398139069
4956472,1789117027453000000,356,HEAD_POSE_ESTIMATE,estimated,-0.5730349375945374,5.512078160849441,8.094163357387039,0.04916251358198792,0.04571992151307273,0.08220193351692204
4970472,1789117027467000000,357,HEAD_POSE_ESTIMATE,estimated,-0.5749394522849121,5.519651202786523,8.075012980523141,0.05293695800472835,0.04634387588614864,0.07464917456427987
4984472,1789117027481000000,358,HEAD_POSE_ESTIMATE,estimated,-0.5745001451140686,5.530825909555781,8.051796778356909,0.056359030584503346,0.0491398701709755,0.06943437366251698
4997472,1789117027494000000,359,HEAD_POSE_ESTIMATE,estimated,-0.580634780286076,5.528308408229945,8.037613637297673,0.059915397340650725,0.051460238924117885,0.0707675765879652
5011472,1789117027508000000,360,HEAD_POSE_ESTIMATE,estimated,-0.5783697677773447,5.523389893732429,8.022347792476955,0.06608424978994615,0.057004718227419045,0.0756355599571313
5025472,1789117027522000000,361,HEAD_POSE_ESTIMATE,estimated,-0.5788993374564955,5.519826773436751,8.009054057657565,0.07393878202473865,0.06559454628408627,0.08340443608645785
5038472,1789117027535000000,362,HEAD_POSE_ESTIMATE,estimated,-0.5736700064287164,5.508658226315647,8.000289663338961,0.07865278137667825,0.07447040232794953,0.0894307764131727
5053472,1789117027550000000,363,HEAD_POSE_ESTIMATE,estimated,-0.5631016843879917,5.510406275624629,7.999822649372434,0.07781985660898848,0.08351034177294621,0.09156771357836219
5066472,1789117027563000000,364,HEAD_POSE_ESTIMATE,estimated,-0.5491259497568164,5.513313766337816,8.004993417609288,0.06981653619108517,0.0910275650397712,0.09079706900922224
5080472,1789117027577000000,365,HEAD_POSE_ESTIMATE,estimated,-0.5336593223792581,5.525785403032837,8.009514022779966,0.05537194238291273,0.09932827136854717,0.08865740256437712
5094472,1789117027591000000,366,HEAD_POSE_ESTIMATE,estimated,-0.5161400255568308,5.539196765289259,8.018532162177388,0.03863100880415258,0.10845674006540597,0.08756843307002378
5107472,1789117027604000000,367,HEAD_POSE_ESTIMATE,estimated,-0.5188100419881121,5.549117689639225,8.032924715986702,0.022784524114686722,0.11540749057279971,0.08547866922313843
5122472,1789117027619000000,368,HEAD_POSE_ESTIMATE,estimated,-0.5155585756357061,5.5629554725501436,8.0500924851696,0.006041212387530938,0.11921539596605171,0.0812453753578107
5136472,1789117027633000000,369,HEAD_POSE_ESTIMATE,estimated,-0.5252436122973586,5.581672458989681,8.066121249147004,-0.006546797310631572,0.121405908001716,0.07709484844165261
5150472,1789117027647000000,370,HEAD_POSE_ESTIMATE,estimated,-0.5301277120941498,5.606546435429941,8.073991627417852,-0.016056611369071595,0.11852169764109126,0.07118330684475581
5164472,1789117027661000000,371,HEAD_POSE_ESTIMATE,estimated,-0.5309571138995379,5.623680999498364,8.085328816029149,-0.023296768900821253,0.11363131454266365,0.0625767715810765
5177472,1789117027674000000,372,HEAD_POSE_ESTIMATE,estimated,-0.530181547827258,5.639146387174804,8.092851405358479,-0.02479663981040744,0.10609622487110949,0.0573736694621127
5192472,1789117027689000000,373,HEAD_POSE_ESTIMATE,estimated,-0.537850482181018,5.64285097315639,8.09971091824285,-0.020308261286907204,0.09610948514949602,0.047150287379466374
5207472,1789117027704000000,374,HEAD_POSE_ESTIMATE,estimated,-0.5489336388885949,5.641462558408621,8.111781805528786,-0.011599470931635143,0.0826571465741084,0.03831958194649561
5219472,1789117027716000000,375,HEAD_POSE_ESTIMATE,estimated,-0.5631215496576616,5.6349672190085744,8.127332990981824,-0.0035040483451034823,0.06933258872497408,0.03063959471962356
5233472,1789117027730000000,376,HEAD_POSE_ESTIMATE,estimated,-0.5794818532230505,5.63796010703028,8.134707178181916,0.001176599681694773,0.05091113376550877,0.023327971222042495
5247472,1789117027744000000,377,HEAD_POSE_ESTIMATE,estimated,-0.5991399848849758,5.641506339962356,8.14388639356563,0.0031944679116430574,0.03135082143674217,0.02054393189602401
5262472,1789117027759000000,378,HEAD_POSE_ESTIMATE,estimated,-0.6151693412220042,5.647382914681443,8.154508703743517,0.007248136958440436,0.012581632076398393,0.02867547472735814
5275472,1789117027772000000,379,HEAD_POSE_ESTIMATE,estimated,-0.6078413754067875,5.662028262970152,8.167147932978404,0.009362456225487757,-0.0023384470088151648,0.0442758799713593
5289472,1789117027786000000,380,HEAD_POSE_ESTIMATE,estimated,-0.6122432887081298,5.656606459745548,8.191143525756557,0.014359916817514952,-0.012505940141171006,0.06639064435775938
5303472,1789117027800000000,381,HEAD_POSE_ESTIMATE,estimated,-0.5969136811080331,5.651925753261355,8.219380254150837,0.02086477457337093,-0.0192337835747484,0.09267501622070633
5317472,1789117027814000000,382,HEAD_POSE_ESTIMATE,estimated,-0.5845572120080578,5.648596534840537,8.25229479306477,0.026990235114217078,-0.02208630870291338,0.11943233690816753
5331472,1789117027828000000,383,HEAD_POSE_ESTIMATE,estimated,-0.583727275715355,5.656050105533184,8.285836456663013,0.03461127279549806,-0.017643089834812685,0.13579758837086006
5345472,1789117027842000000,384,HEAD_POSE_ESTIMATE,estimated,-0.5689224480423676,5.680856278522901,8.303499152552952,0.04308471872826984,-0.008181657402146656,0.14178287742973592
5359472,1789117027856000000,385,HEAD_POSE_ESTIMATE,estimated,-0.5602072258541614,5.712191086486208,8.324380436477393,0.05396691559188275,0.003793518588082856,0.13855296191673797
5373472,1789117027870000000,386,HEAD_POSE_ESTIMATE,estimated,-0.5399301096478993,5.733429865178134,8.348144435245084,0.06295898353177028,0.020888035937543653,0.13313190001486222
5388472,1789117027885000000,387,HEAD_POSE_ESTIMATE,estimated,-0.522465759298213,5.752925850581319,8.375621632121286,0.07503664363316459,0.03832133428293696,0.12871194928653068
5400472,1789117027897000000,388,HEAD_POSE_ESTIMATE,estimated,-0.5058320581984255,5.768844779271708,8.381060289251925,0.08619113102205063,0.054114378359672734,0.12323472956264138
5414472,1789117027911000000,389,HEAD_POSE_ESTIMATE,estimated,-0.49323816220603106,5.783590554525327,8.38630773339339,0.09497192756081006,0.06630106785637863,0.12077689046457087
5429472,1789117027926000000,390,HEAD_POSE_ESTIMATE,estimated,-0.49687430317890907,5.815217257752012,8.371915950177627,0.1081362768252223,0.0768970970640934,0.11440160882998814
5442472,1789117027939000000,391,HEAD_POSE_ESTIMATE,estimated,-0.4940693144223832,5.839057785819575,8.349267001569697,0.12390756594676304,0.08199976011521479,0.10624174211071442
5457472,1789117027954000000,392,HEAD_POSE_ESTIMATE,estimated,-0.49042257784121457,5.859943107001181,8.298207514990915,0.1470331877955503,0.08339233292689634,0.09690804472134606
5470472,1789117027967000000,393,HEAD_POSE_ESTIMATE,estimated,-0.49155307181940955,5.869871993368968,8.257796017503072,0.1673372123130687,0.08208816505748297,0.09044462316022543
5484472,1789117027981000000,394,HEAD_POSE_ESTIMATE,estimated,-0.4894189044282252,5.888943010867058,8.202583561378042,0.18869093451832306,0.07834546046351631,0.0874698548041892
5497472,1789117027994000000,395,HEAD_POSE_ESTIMATE,estimated,-0.49163563043058495,5.898488926387504,8.155855560851302,0.20818861873221547,0.07609839894090978,0.09128923747890524
5512472,1789117028009000000,396,HEAD_POSE_ESTIMATE,estimated,-0.5048835286557999,5.905067979969471,8.106152846970291,0.22443136712549577,0.07114242014604694,0.09507397520517268
5526472,1789117028023000000,397,HEAD_POSE_ESTIMATE,estimated,-0.5167553575935787,5.924162482129024,8.047494997490762,0.23460178103803925,0.06516081646367818,0.09699685712224723
5540472,1789117028037000000,398,HEAD_POSE_ESTIMATE,estimated,-0.5248107488233076,5.936464825821886,8.002442086711929,0.24019285984166006,0.05959240269121467,0.09640438394027466
5554472,1789117028051000000,399,HEAD_POSE_ESTIMATE,estimated,-0.5360578005961953,5.944356814726238,7.960180758558198,0.23996577340782962,0.054418193674196993,0.10072704504394808
5569472,1789117028066000000,400,HEAD_POSE_ESTIMATE,estimated,-0.5350531261962448,5.96510146013321,7.915266629916987,0.234149401522971,0.0501617834739778,0.10727739724783383
5582472,1789117028079000000,401,HEAD_POSE_ESTIMATE,estimated,-0.5357139700676348,5.987259916371683,7.880602868090058,0.226476498894758,0.04799029528094058,0.11327750584970495
5596472,1789117028093000000,402,HEAD_POSE_ESTIMATE,estimated,-0.5347358095736034,6.009047112825323,7.8397940953111895,0.21885580267742288,0.04691370811908379,0.118733366572691
5610472,1789117028107000000,403,HEAD_POSE_ESTIMATE,estimated,-0.5405496608703356,6.036707859478022,7.808032993659468,0.2110463838988477,0.0460915920336171,0.11941188533896502
5624472,1789117028121000000,404,HEAD_POSE_ESTIMATE,estimated,-0.5448080110392696,6.064377784349896,7.756574360358178,0.20763373410043456,0.04473427304316761,0.11635818430457712
5638472,1789117028135000000,405,HEAD_POSE_ESTIMATE,estimated,-0.556516002565173,6.09260864558511,7.69167434954902,0.21548182365211663,0.04319077873609537,0.10933038398536994
5651472,1789117028148000000,406,HEAD_POSE_ESTIMATE,estimated,-0.5682257583905846,6.112993463445889,7.623896472211286,0.22334506952201977,0.041462528757087815,0.1036975555832682
5665472,1789117028162000000,407,HEAD_POSE_ESTIMATE,estimated,-0.580431988491762,6.121214926046724,7.539959944391863,0.23678122392801895,0.040398869921631726,0.09939178443375635
5679472,1789117028176000000,408,HEAD_POSE_ESTIMATE,estimated,-0.5945568136506686,6.124291482068998,7.43975540015606,0.2496179490276045,0.0392141478518656,0.10048993650997098
5693472,1789117028190000000,409,HEAD_POSE_ESTIMATE,estimated,-0.6074955884525126,6.1214214703595475,7.341326199370114,0.2614748830422411,0.039051595936422566,0.09977198080108626
5707472,1789117028204000000,410,HEAD_POSE_ESTIMATE,estimated,-0.6167151481495654,6.119399010649022,7.225746439086316,0.26757704459410103,0.03717600587657145,0.10085895255231184
5719472,1789117028216000000,411,HEAD_POSE_ESTIMATE,estimated,-0.6311110334783495,6.114640570648878,7.125057406685312,0.2646028315911624,0.033004118310860454,0.10266675772372068
5733472,1789117028230000000,412,HEAD_POSE_ESTIMATE,estimated,-0.6448868024610729,6.086759617957155,7.011725985320781,0.25754107971172957,0.028409295362527898,0.10830159198297841
5747472,1789117028244000000,413,HEAD_POSE_ESTIMATE,estimated,-0.6533528350357892,6.0483807915123045,6.911238266542867,0.24523585837426004,0.025349006361620838,0.118874627234374
5760472,1789117028257000000,414,HEAD_POSE_ESTIMATE,estimated,-0.6590620849856352,6.0157346654567485,6.8251183293173465,0.22138363707799472,0.024965077321359466,0.1337622055469995
5774472,1789117028271000000,415,HEAD_POSE_ESTIMATE,estimated,-0.6576355958111979,5.97919975208939,6.753398355719041,0.20005658831704415,0.023875800904640965,0.1491056590427187
5788472,1789117028285000000,416,HEAD_POSE_ESTIMATE,estimated,-0.6568256982159153,5.968310994803901,6.697039366268131,0.16757280445327435,0.02596755172353886,0.16473600979369718
5802472,1789117028299000000,417,HEAD_POSE_ESTIMATE,estimated,-0.6460230605396118,5.965639708003435,6.6636252130225495,0.12372602814886856,0.029550678907756898,0.17771012166492703
5817472,1789117028314000000,418,HEAD_POSE_ESTIMATE,estimated,-0.6363555258296921,5.978973151867021,6.65375093620503,0.07027992229425976,0.0326640952436329,0.18626863242352745
5830472,1789117028327000000,419,HEAD_POSE_ESTIMATE,estimated,-0.6277314042046378,6.000096441680899,6.6584147549307655,0.021025556738274546,0.03838256021818339,0.19273518165300113
5844472,1789117028341000000,420,HEAD_POSE_ESTIMATE,estimated,-0.6107276373840499,6.004938276852737,6.676979620278114,-0.03059397955946377,0.047028563810142865,0.19930035466522097
5858472,1789117028355000000,421,HEAD_POSE_ESTIMATE,estimated,-0.5976591769401325,6.003656232629157,6.711396551774543,-0.0810406357892717,0.058592941264943584,0.20631156920519797
5873472,1789117028370000000,422,HEAD_POSE_ESTIMATE,estimated,-0.5659511898717826,6.0436783073432485,6.7759882651539804,-0.12045298443910407,0.07248266598471619,0.21619796975431071
5886472,1789117028383000000,423,HEAD_POSE_ESTIMATE,estimated,-0.5529153304496768,6.037463442493803,6.853308196373717,-0.1551282043908973,0.08411844562443709,0.22269462869823112
5900472,1789117028397000000,424,HEAD_POSE_ESTIMATE,estimated,-0.5298526761444934,6.064537544128595,6.924882724128807,-0.18999101622858452,0.0970299106267475,0.22756281923938046
5914472,1789117028411000000,425,HEAD_POSE_ESTIMATE,estimated,-0.5126530530592935,6.085249471606589,6.983831116751655,-0.22123623188461802,0.10909926078415974,0.2346438412800967
5928472,1789117028425000000,426,HEAD_POSE_ESTIMATE,estimated,-0.4955326552842486,6.093568992227519,7.0341665468671195,-0.24595688802048726,0.12323730512454187,0.23972670214061162
5942472,1789117028439000000,427,HEAD_POSE_ESTIMATE,estimated,-0.4777640807646668,6.0824849756176445,7.085183302894085,-0.26448187416043484,0.1364581146025684,0.24758363736241437
5956472,1789117028453000000,428,HEAD_POSE_ESTIMATE,estimated,-0.44480596308378517,6.054209112755612,7.145572648524247,-0.28044494684108373,0.14990746024600377,0.2570426004215066
5970472,1789117028467000000,429,HEAD_POSE_ESTIMATE,estimated,-0.41548158308285094,6.025918660000615,7.195019854262301,-0.2940654326716449,0.15874164850069217,0.26549050431183274
5986472,1789117028483000000,430,HEAD_POSE_ESTIMATE,estimated,-0.3868408760163211,5.969807625206423,7.269240116792088,-0.3075443660696533,0.16386602820000878,0.276056740173719
5998472,1789117028495000000,431,HEAD_POSE_ESTIMATE,estimated,-0.35210972809542757,5.953683665527451,7.344222518583002,-0.32583772825043056,0.16777754199424738,0.290707825974458
6012472,1789117028509000000,432,HEAD_POSE_ESTIMATE,estimated,-0.32611846548460555,5.9317935077288215,7.391941336458383,-0.33490957381436254,0.1656472054348325,0.298817870400838
6024472,1789117028521000000,433,HEAD_POSE_ESTIMATE,estimated,-0.29761485402122506,5.92496566152048,7.443049489355239,-0.34157916758315815,0.16224856721032316,0.3055775971074579
6038472,1789117028535000000,434,HEAD_POSE_ESTIMATE,estimated,-0.2580677575019406,5.906108446375959,7.499266276099204,-0.34948888968369024,0.15743991259614915,0.30873468716878044
6052472,1789117028549000000,435,HEAD_POSE_ESTIMATE,estimated,-0.2260977647992397,5.900307296332874,7.5630659847653,-0.3662195903665156,0.15054924041847642,0.30438953446943845
6067472,1789117028564000000,436,HEAD_POSE_ESTIMATE,estimated,-0.1853593481086293,5.888222221793995,7.645787184455239,-0.3877657206589027,0.1412305508965466,0.29598333286906053
6080472,1789117028577000000,437,HEAD_POSE_ESTIMATE,estimated,-0.15619361278439456,5.88518461037617,7.7207303543627,-0.40327936291093475,0.13084177665075541,0.2841937612927029
6094472,1789117028591000000,438,HEAD_POSE_ESTIMATE,estimated,-0.11311193549586437,5.8976213240499975,7.82063043922837,-0.42495341257486813,0.12245573279140441,0.2739532279515424
6110472,1789117028607000000,439,HEAD_POSE_ESTIMATE,estimated,-0.11284772446824314,5.875096802140065,7.889402197037921,-0.42592387448843544,0.11156448689024737,0.26240534714822544
6121472,1789117028618000000,440,HEAD_POSE_ESTIMATE,estimated,-0.10510990722622633,5.845420702871049,7.941939897263295,-0.4153151653441356,0.10288630094595555,0.25393954584654327
6136472,1789117028633000000,441,HEAD_POSE_ESTIMATE,estimated,-0.09939082850106469,5.812255922615062,7.987697615933783,-0.39537919294411694,0.09228582840255045,0.24635492014805946
6149472,1789117028646000000,442,HEAD_POSE_ESTIMATE,estimated,-0.08686201945583868,5.784380362712032,8.033881835642076,-0.36989118406382965,0.08286894110320545,0.2407165443069208
6163472,1789117028660000000,443,HEAD_POSE_ESTIMATE,estimated,-0.06621302087120265,5.771152549071114,8.070613467985183,-0.34123984810029756,0.07304101383789859,0.23408671869924302
6177472,1789117028674000000,444,HEAD_POSE_ESTIMATE,estimated,-0.04771408252190973,5.754137637674758,8.107658455686128,-0.31350276878515576,0.06269955892047568,0.22758910861218895
6191472,1789117028688000000,445,HEAD_POSE_ESTIMATE,estimated,-0.03770360696614444,5.7207021900892805,8.147650257373469,-0.28933707638497197,0.0545666777454406,0.22046622519292655
6208472,1789117028705000000,446,HEAD_POSE_ESTIMATE,estimated,-0.03864204383526515,5.692785184922358,8.178679814759983,-0.26380097253495954,0.04474063253370527,0.20630820070363332
6219472,1789117028716000000,447,HEAD_POSE_ESTIMATE,estimated,-0.028856142214912228,5.661606042791422,8.220268310382389,-0.2555924978364419,0.039924332930415245,0.19140379987636216
6233472,1789117028730000000,448,HEAD_POSE_ESTIMATE,estimated,-0.029127237457137148,5.627412861956022,8.252399058121807,-0.2571864512214952,0.037738382328345484,0.18489146711237062
6247472,1789117028744000000,449,HEAD_POSE_ESTIMATE,estimated,-0.017119537826912445,5.612225474728064,8.29682222625182,-0.2572392411032287,0.03601630097726758,0.1749772152895974
6261472,1789117028758000000,450,HEAD_POSE_ESTIMATE,estimated,-0.0026773163970853497,5.593809577857361,8.343518217626782,-0.2566494691316819,0.03676108510704355,0.1668873294258505
6275472,1789117028772000000,451,HEAD_POSE_ESTIMATE,estimated,0.016175567673903074,5.583897610973654,8.40288275539453,-0.24968279627899498,0.03762331344843949,0.15745943443785038
6289472,1789117028786000000,452,HEAD_POSE_ESTIMATE,estimated,0.030580061622687116,5.550298561094079,8.457432933652157,-0.2375047312433991,0.03892558747318142,0.14471542823574327
6304472,1789117028801000000,453,HEAD_POSE_ESTIMATE,estimated,0.042237064823880094,5.515681183303797,8.514726498656696,-0.2248965910949264,0.04079413135228568,0.12875065719598913
6315472,1789117028812000000,454,HEAD_POSE_ESTIMATE,estimated,0.0547688508966207,5.47844989533151,8.562405744102358,-0.21048611510099569,0.04046337260796304,0.11254857282044847
6330472,1789117028827000000,455,HEAD_POSE_ESTIMATE,estimated,0.04958798842216068,5.432777447109127,8.586201792264303,-0.20057660672414096,0.040174302703362315,0.10172612743023486
6345472,1789117028842000000,456,HEAD_POSE_ESTIMATE,estimated,0.04813200819884422,5.406880577327483,8.61032714874041,-0.18746814522244398,0.03687487440024061,0.0931975412979498
6358472,1789117028855000000,457,HEAD_POSE_ESTIMATE,estimated,0.0484281488502295,5.387687229698173,8.627963107298507,-0.17115901565479127,0.031216062725341796,0.08577533714408826
6373472,1789117028870000000,458,HEAD_POSE_ESTIMATE,estimated,0.048849537988192596,5.368490201628069,8.6441001559221,-0.1516229805384113,0.02200537669470485,0.08067583671789186
6388472,1789117028885000000,459,HEAD_POSE_ESTIMATE,estimated,0.04864994007243248,5.346683181542252,8.651358751694326,-0.12863558622876198,0.012370556460027339,0.07756502437450741
6400472,1789117028897000000,460,HEAD_POSE_ESTIMATE,estimated,0.046174958218951234,5.315608156017777,8.656927470940285,-0.10885474361301786,0.004135441936401856,0.07734622885009862
6414472,1789117028911000000,461,HEAD_POSE_ESTIMATE,estimated,0.04406197428346546,5.279112053282393,8.652309342931801,-0.08572566928883367,-0.0046339597268222925,0.0768492658205332
6428472,1789117028925000000,462,HEAD_POSE_ESTIMATE,estimated,0.03614964048183336,5.237466819299082,8.637793404256037,-0.06363570480324718,-0.010862437562790891,0.07744788333769335
6441472,1789117028938000000,463,HEAD_POSE_ESTIMATE,estimated,0.043202874537823524,5.213942939453375,8.626348412277737,-0.041862905742369484,-0.015605754508534854,0.0758897459662428
6456472,1789117028953000000,464,HEAD_POSE_ESTIMATE,estimated,0.04559753723089622,5.19044052116721,8.607905672117374,-0.019791244172144944,-0.01776035570646488,0.06963912246031351
6469472,1789117028966000000,465,HEAD_POSE_ESTIMATE,estimated,0.04936951326176467,5.164984504438651,8.586597304400147,-0.007639817412949833,-0.016378913911636445,0.06544296181410446
6485472,1789117028982000000,466,HEAD_POSE_ESTIMATE,estimated,0.05813383417754815,5.151208551502287,8.563829727479058,0.0037471743904085716,-0.012525301756044127,0.05973792737704017
6498472,1789117028995000000,467,HEAD_POSE_ESTIMATE,estimated,0.06767512612246743,5.15065194872605,8.553543720647852,0.007639101223179342,-0.008812112067824328,0.05446904975206432
6511472,1789117029008000000,468,HEAD_POSE_ESTIMATE,estimated,0.07755990058532086,5.15251150564846,8.538139421359725,0.005239982718964476,-0.0029804767196979077,0.051465048840818116
6524472,1789117029021000000,469,HEAD_POSE_ESTIMATE,estimated,0.09129314235741637,5.160082524028121,8.527753739502776,0.001990935823445507,0.002765941516582014,0.048831914866732024
6538472,1789117029035000000,470,HEAD_POSE_ESTIMATE,estimated,0.10612224307050228,5.1617620365919,8.514314812277252,-0.0006363740629160648,0.009785819212183256,0.0482967958890125
6552472,1789117029049000000,471,HEAD_POSE_ESTIMATE,estimated,0.12305735740145075,5.1555750687770185,8.496531190604939,0.002552110536489007,0.015343619810421295,0.05081074646327861
6566472,1789117029063000000,472,HEAD_POSE_ESTIMATE,estimated,0.1420855349001778,5.160378545652222,8.479707231446628,0.006617893189582436,0.020517427437942406,0.05490561408340936
6580472,1789117029077000000,473,HEAD_POSE_ESTIMATE,estimated,0.16101318104119455,5.168548244867537,8.461462194974985,0.011032512748721857,0.02317385686103985,0.06057540029190272
6594472,1789117029091000000,474,HEAD_POSE_ESTIMATE,estimated,0.17697429993373304,5.186410138907152,8.441057136976578,0.01770548906341758,0.026074075366199434,0.06888935883481258
6607472,1789117029104000000,475,HEAD_POSE_ESTIMATE,estimated,0.1848637049894209,5.194038362683386,8.41836733369182,0.021122580805325617,0.02590744552784127,0.07294932018668146
6621472,1789117029118000000,476,HEAD_POSE_ESTIMATE,estimated,0.19401159331291712,5.191420279102612,8.392071354243765,0.02390657470424084,0.023261515957978974,0.07154955518806701
6635472,1789117029132000000,477,HEAD_POSE_ESTIMATE,estimated,0.20438195371973336,5.179714682762698,8.37485122027873,0.02966992248189193,0.019309093146348474,0.06433583268607984
6649472,1789117029146000000,478,HEAD_POSE_ESTIMATE,estimated,0.21067706093194963,5.167318379365979,8.361450524780405,0.034259112251489476,0.014082864517268614,0.052694431607825956
6663472,1789117029160000000,479,HEAD_POSE_ESTIMATE,estimated,0.21142204063689338,5.1485550785445655,8.350741231278311,0.03678704107021964,0.0065238155466092,0.0387992320854912
6677472,1789117029174000000,480,HEAD_POSE_ESTIMATE,estimated,0.20209893239864768,5.141560654486355,8.344563716902194,0.03903694276224035,-0.000744543823204071,0.0244699402269346
6691472,1789117029188000000,481,HEAD_POSE_ESTIMATE,estimated,0.18740570200856724,5.136724972710428,8.34031810695748,0.03587781421135496,-0.00844430186065406,0.010779613011086018
6706472,1789117029203000000,482,HEAD_POSE_ESTIMATE,estimated,0.1722516751130874,5.143816109145796,8.341649613128093,0.026928685438817383,-0.016440289321505725,-0.00042827413232931344
6717472,1789117029214000000,483,HEAD_POSE_ESTIMATE,estimated,0.1591358478047835,5.1578943657599385,8.341468493054133,0.016786892078273094,-0.021069491266040033,-0.004965243672288324
6731472,1789117029228000000,484,HEAD_POSE_ESTIMATE,estimated,0.1504935496714151,5.169894236390463,8.342572976264387,0.002664094499257662,-0.025895702588154844,-0.008794755569489748
6745472,1789117029242000000,485,HEAD_POSE_ESTIMATE,estimated,0.1414348269693689,5.170245218070332,8.351748800164902,-0.011575579048912708,-0.028918393121072056,-0.00973504821926696
6759472,1789117029256000000,486,HEAD_POSE_ESTIMATE,estimated,0.13489057085752879,5.167132572549373,8.36127848819397,-0.022343190096458198,-0.03221039159279737,-0.01026576359080114
6773472,1789117029270000000,487,HEAD_POSE_ESTIMATE,estimated,0.12493070535040635,5.167191057098478,8.364761324669251,-0.03033417313872401,-0.033775869290947405,-0.011073530458710948
6788472,1789117029285000000,488,HEAD_POSE_ESTIMATE,estimated,0.1137166124346679,5.1706454638887775,8.363328601189924,-0.033520898376076344,-0.03365229008122542,-0.01201213018988849
6801472,1789117029298000000,489,HEAD_POSE_ESTIMATE,estimated,0.10434232314601302,5.18172867110699,8.353540604329059,-0.028928639847132814,-0.03385367565298255,-0.014004061229554452
6814472,1789117029311000000,490,HEAD_POSE_ESTIMATE,estimated,0.09034473347170315,5.188149911509438,8.336356931452123,-0.01837229265940482,-0.035139636954024944,-0.020407577079216907
6829472,1789117029326000000,491,HEAD_POSE_ESTIMATE,estimated,0.07646115820707573,5.175845426177109,8.3201999124968,-0.002164555730393271,-0.03483431056713809,-0.02269559293309881
6841472,1789117029338000000,492,HEAD_POSE_ESTIMATE,estimated,0.06569888451718071,5.167732096694688,8.301620892927769,0.01244275821382143,-0.033457328098112145,-0.021753058935262234
6856472,1789117029353000000,493,HEAD_POSE_ESTIMATE,estimated,0.05031789154090975,5.163516935768295,8.289461823752479,0.02503742362659312,-0.03210955082425028,-0.017104761264875205
6870472,1789117029367000000,494,HEAD_POSE_ESTIMATE,estimated,0.027893935742198766,5.160942900801783,8.279781292126113,0.03263249301723199,-0.031221204529510365,-0.01322737490879176
6884472,1789117029381000000,495,HEAD_POSE_ESTIMATE,estimated,0.008360999097937777,5.161024381817821,8.270307921122793,0.03472928753944019,-0.029421099622954625,-0.010861256692868013
6898472,1789117029395000000,496,HEAD_POSE_ESTIMATE,estimated,-0.013244447379688502,5.167458442502727,8.266630902037402,0.030044964038065624,-0.0286754924338063,-0.012955728552381801
6912472,1789117029409000000,497,HEAD_POSE_ESTIMATE,estimated,-0.03267361833676076,5.16805920951927,8.267351507316937,0.023394675535811357,-0.028180644750934226,-0.014821528900780074
6924472,1789117029421000000,498,HEAD_POSE_ESTIMATE,estimated,-0.043103413633878936,5.174261223978619,8.268326285869103,0.014121611748052102,-0.027065356451617142,-0.016360650002582158
6940472,1789117029437000000,499,HEAD_POSE_ESTIMATE,estimated,-0.05954622392052444,5.184302801462359,8.278130538853965,0.002805182899146156,-0.026812999946589214,-0.013772952807471888
6953472,1789117029450000000,500,HEAD_POSE_ESTIMATE,estimated,-0.06218718356928014,5.196284436268918,8.291999638243013,-0.005934253849045316,-0.0283823086520426,-0.009273759126794652
6968472,1789117029465000000,501,HEAD_POSE_ESTIMATE,estimated,-0.07517574238911978,5.204615134097938,8.308596463123392,-0.014342141551486732,-0.02989385247609965,-0.002392766505276086
6982472,1789117029479000000,502,HEAD_POSE_ESTIMATE,estimated,-0.08160267042082095,5.21894164003298,8.323058128991178,-0.01937743243461415,-0.030198785162086537,0.004752412164565904
6995472,1789117029492000000,503,HEAD_POSE_ESTIMATE,estimated,-0.08420460942176822,5.226845073550802,8.332198584633268,-0.019380412798077347,-0.031972952390850434,0.009749528048488654
7010472,1789117029507000000,504,HEAD_POSE_ESTIMATE,estimated,-0.08303861349344974,5.231621746471619,8.342329522572543,-0.01577352019424543,-0.03192040376190029,0.017215876550350978
7023472,1789117029520000000,505,HEAD_POSE_ESTIMATE,estimated,-0.08421912529141401,5.23229713851299,8.346153704167572,-0.009739616751100388,-0.029180865134622636,0.02590820684125539
7037472,1789117029534000000,506,HEAD_POSE_ESTIMATE,estimated,-0.07817953865383542,5.2311460548526645,8.344439231044788,-0.002678213751535247,-0.027042255538150102,0.036906615687386096
7051472,1789117029548000000,507,HEAD_POSE_ESTIMATE,estimated,-0.07758483362444674,5.240084956567712,8.341594040026374,0.003857927369266927,-0.02175531136186913,0.04830811167538503
7065472,1789117029562000000,508,HEAD_POSE_ESTIMATE,estimated,-0.0715119800302574,5.257533307658034,8.330867014138176,0.0085756248877107,-0.01332794371892235,0.059831148965750765
7079472,1789117029576000000,509,HEAD_POSE_ESTIMATE,estimated,-0.07215615669069506,5.280245046064534,8.325260114772615,0.01235735407313444,-0.003867970498955407,0.06746302533547117
7093472,1789117029590000000,510,HEAD_POSE_ESTIMATE,estimated,-0.06961728784565925,5.291787866288367,8.318368063662746,0.017817548981334527,0.006854923954019686,0.07683465769870813
7108472,1789117029605000000,511,HEAD_POSE_ESTIMATE,estimated,-0.05979310808510992,5.2982591839227755,8.307792307059659,0.023868623104442925,0.01874231757515519,0.08744395582395813
7120472,1789117029617000000,512,HEAD_POSE_ESTIMATE,estimated,-0.05251220968151739,5.296827840052216,8.298162443518535,0.027014429136584583,0.027513105127001135,0.0956305792748889
7134472,1789117029631000000,513,HEAD_POSE_ESTIMATE,estimated,-0.03952258482768188,5.295042667297316,8.283328762410752,0.029930354489989295,0.03753987870416211,0.10199316483245996
7149472,1789117029646000000,514,HEAD_POSE_ESTIMATE,estimated,-0.03686587935974264,5.297808569495177,8.262007534381185,0.03176214449392425,0.047324882163649204,0.10543834064424464
7162472,1789117029659000000,515,HEAD_POSE_ESTIMATE,estimated,-0.030738889309486872,5.298249300616667,8.242577204689757,0.03234271578541644,0.05571711658423228,0.10468460733334592
7179472,1789117029676000000,516,HEAD_POSE_ESTIMATE,estimated,-0.019720858339238964,5.289347758970275,8.22182776208138,0.03500599401875186,0.0656056240740474,0.10045401889971019
7189472,1789117029686000000,517,HEAD_POSE_ESTIMATE,estimated,-0.019183718393026586,5.285348174143509,8.208909595772235,0.035985723869558756,0.06935342670042598,0.09416736333614768
7203472,1789117029700000000,518,HEAD_POSE_ESTIMATE,estimated,-0.018947445800140086,5.270805381229922,8.196501606719757,0.03347260473875886,0.07302608197821898,0.0889037482421286
7219472,1789117029716000000,519,HEAD_POSE_ESTIMATE,estimated,-0.013172037841961207,5.26565216212309,8.190719005562014,0.028477744421572575,0.07689955927615805,0.08713969817986453
7233472,1789117029730000000,520,HEAD_POSE_ESTIMATE,estimated,-0.01187613105845367,5.273035154528401,8.18456338433851,0.019542879575362576,0.07874316378880905,0.08817296838579612
7249472,1789117029746000000,521,HEAD_POSE_ESTIMATE,estimated,-0.007153791630850712,5.28098006541965,8.181416470014081,0.007767077440904716,0.07917197224576472,0.09216406061480262
7261472,1789117029758000000,522,HEAD_POSE_ESTIMATE,estimated,-0.0033098426918557605,5.285226477085526,8.179339308023502,-0.0010851474419463802,0.08049121743165796,0.09740356350696701
7275472,1789117029772000000,523,HEAD_POSE_ESTIMATE,estimated,-0.0027186480484561043,5.288923198826728,8.182592433244345,-0.007972115936789842,0.07952114297917041,0.10163470780321159
7290472,1789117029787000000,524,HEAD_POSE_ESTIMATE,estimated,-0.001780892172904891,5.284864868730994,8.191512472995326,-0.013876057687588426,0.07674447269513046,0.10488323512210096
7301472,1789117029798000000,525,HEAD_POSE_ESTIMATE,estimated,-0.008226355134433316,5.278025834946869,8.203439461002777,-0.017391618295896402,0.07530897294702343,0.1077807899289688
7315472,1789117029812000000,526,HEAD_POSE_ESTIMATE,estimated,0.0007212612494953141,5.273623017292691,8.217429182707388,-0.02286652219525445,0.07425818194635878,0.10941765454808006
7330472,1789117029827000000,527,HEAD_POSE_ESTIMATE,estimated,0.018174674139528044,5.26151999509273,8.233718666798435,-0.029599022284832337,0.07411033879852195,0.11250615767503303
7344472,1789117029841000000,528,HEAD_POSE_ESTIMATE,estimated,0.03509220397799436,5.2592185635300055,8.243124822204402,-0.03499882995256159,0.07639749673604983,0.11818800052715481
7358472,1789117029855000000,529,HEAD_POSE_ESTIMATE,estimated,0.053501564935978366,5.252503036079245,8.253486143000902,-0.04175766163717286,0.0788425313334545,0.12484368702984983
7372472,1789117029869000000,530,HEAD_POSE_ESTIMATE,estimated,0.06741908722994887,5.242820820900687,8.262230358987095,-0.04591412514006023,0.08114102293964218,0.1320818318581824
7386472,1789117029883000000,531,HEAD_POSE_ESTIMATE,estimated,0.08775685889572948,5.227460975948274,8.276736893683173,-0.04766716814253167,0.08328281731231646,0.13966626267443633
7399472,1789117029896000000,532,HEAD_POSE_ESTIMATE,estimated,0.09629486031277791,5.2169330590439955,8.288391909603366,-0.04889200472662858,0.08342318453268152,0.14407208647720077
7413472,1789117029910000000,533,HEAD_POSE_ESTIMATE,estimated,0.10370712628546923,5.214385731073911,8.296438556803617,-0.04838828481324811,0.08417677524920865,0.1490089912528122
7427472,1789117029924000000,534,HEAD_POSE_ESTIMATE,estimated,0.11676395759477895,5.212764025578727,8.30008043959896,-0.04598671753944406,0.08362791609059213,0.15172824718791186
7441472,1789117029938000000,535,HEAD_POSE_ESTIMATE,estimated,0.13150544553249277,5.216482595538628,8.300744345098902,-0.0417137375657122,0.0819531272458063,0.15091925473843099
7455472,1789117029952000000,536,HEAD_POSE_ESTIMATE,estimated,0.14636109778114625,5.207841906709522,8.302039078416076,-0.03518236674044784,0.08053101265726377,0.14866896827138862
7469472,1789117029966000000,537,HEAD_POSE_ESTIMATE,estimated,0.1531746950330724,5.202031764624663,8.297381134934907,-0.026547008391265697,0.07965169141351891,0.14060584697958725
7483472,1789117029980000000,538,HEAD_POSE_ESTIMATE,estimated,0.1562545399478829,5.187434996847055,8.29322645894699,-0.018164249255615415,0.07834073911037455,0.12713400055247837
7499472,1789117029996000000,539,HEAD_POSE_ESTIMATE,estimated,0.16143907240124775,5.169559706696835,8.296926723767973,-0.009279628022955462,0.07706923892846486,0.10960870697523328
7510472,1789117030007000000,540,HEAD_POSE_ESTIMATE,estimated,0.16105711200244235,5.154934121466472,8.298891741250975,-0.003639206563252188,0.07651954814075695,0.09491888954911283
7524472,1789117030021000000,541,HEAD_POSE_ESTIMATE,estimated,0.16797781355399566,5.140100818862757,8.299158851480675,-0.0006286292808901625,0.07327407073510933,0.07799854028122072
7537472,1789117030034000000,542,HEAD_POSE_ESTIMATE,estimated,0.17785169108868154,5.1361961345991896,8.303288768963528,-0.0008348498157283283,0.07003681496051806,0.0653299678966598
7552472,1789117030049000000,543,HEAD_POSE_ESTIMATE,estimated,0.1801607395898333,5.1321822134660735,8.308653455065057,-0.004193249416732268,0.06317327810672849,0.05245287408812436
7566472,1789117030063000000,544,HEAD_POSE_ESTIMATE,estimated,0.17744757386045185,5.138954518306643,8.314199807543023,-0.010696623216233188,0.052399777735066454,0.04274479244086931
7579472,1789117030076000000,545,HEAD_POSE_ESTIMATE,estimated,0.18127265076038,5.142619747834105,8.335075946634165,-0.01761492029054593,0.04093405804285709,0.03492438611243421
7593472,1789117030090000000,546,HEAD_POSE_ESTIMATE,estimated,0.18007735940695924,5.1569114373860945,8.3557809690576,-0.02807532547880479,0.026235377815474057,0.029283285318916673
7607472,1789117030104000000,547,HEAD_POSE_ESTIMATE,estimated,0.1792367196199488,5.172793340645566,8.379313330153662,-0.040888153396000715,0.009982123130973769,0.02620106648787379
7621472,1789117030118000000,548,HEAD_POSE_ESTIMATE,estimated,0.1746742381480444,5.191771866836337,8.39555902297402,-0.05110398323132251,-0.005547376763265874,0.029742850209762552
7635472,1789117030132000000,549,HEAD_POSE_ESTIMATE,estimated,0.17336591436459067,5.187311907925494,8.407985500332074,-0.059079510842338805,-0.02125138342415022,0.034447082059491964
7650472,1789117030147000000,550,HEAD_POSE_ESTIMATE,estimated,0.17334959655362758,5.175653780448855,8.417965569130486,-0.0599872198869384,-0.03611501107206172,0.0412987376639404
7661472,1789117030158000000,551,HEAD_POSE_ESTIMATE,estimated,0.17612347266420725,5.163434464214696,8.424329246303746,-0.05543117628547466,-0.04639458823958295,0.04723676104763595
7675472,1789117030172000000,552,HEAD_POSE_ESTIMATE,estimated,0.17717964403961506,5.15601924427804,8.432226190878652,-0.044569084819763106,-0.0567003910909751,0.051036850960498356
7690472,1789117030187000000,553,HEAD_POSE_ESTIMATE,estimated,0.17323361677623067,5.141558477357605,8.430470131646697,-0.03201755711104997,-0.06413717822498281,0.053776786800911414
7703472,1789117030200000000,554,HEAD_POSE_ESTIMATE,estimated,0.18056241622932287,5.123240077052405,8.431417501270232,-0.018392405784172935,-0.0695991688456726,0.05289717023215425
7716472,1789117030213000000,555,HEAD_POSE_ESTIMATE,estimated,0.18235961709656942,5.106307147714001,8.42601928586721,-0.008380447612843046,-0.07185775678122029,0.051088917895109796
7731472,1789117030228000000,556,HEAD_POSE_ESTIMATE,estimated,0.1807194319811029,5.084665551184756,8.412062900183335,0.0014055246669322004,-0.07023432880026419,0.0494553830016442
7746472,1789117030243000000,557,HEAD_POSE_ESTIMATE,estimated,0.1821766747105668,5.075067734793018,8.390035319836588,0.007788277505150999,-0.06370303149664057,0.047904990082313616
7759472,1789117030256000000,558,HEAD_POSE_ESTIMATE,estimated,0.1806791162815261,5.063910952551015,8.376547768531193,0.009821735407844055,-0.05727850553788184,0.048853357713899516
7773472,1789117030270000000,559,HEAD_POSE_ESTIMATE,estimated,0.177409441596931,5.045888439799778,8.361296339526527,0.012273828607054475,-0.04840769958853633,0.04984034136951272
7787472,1789117030284000000,560,HEAD_POSE_ESTIMATE,estimated,0.17937658160038103,5.028823207830673,8.351415606730114,0.014914769493040445,-0.03760613483883889,0.04787043123996682
7800472,1789117030297000000,561,HEAD_POSE_ESTIMATE,estimated,0.186379935538326,5.015404729565555,8.347871770737983,0.014716071989329513,-0.029109345857280273,0.044448345374968515
7819472,1789117030316000000,562,HEAD_POSE_ESTIMATE,estimated,0.19580457595647038,5.0076422215452325,8.348867545530554,0.015762434988152257,-0.018797352438203026,0.033298331164052675
7829472,1789117030326000000,563,HEAD_POSE_ESTIMATE,estimated,0.2018033112060339,4.9999154944362525,8.343656326126368,0.013709357631107439,-0.013816476466279017,0.03171578415557066
7842472,1789117030339000000,564,HEAD_POSE_ESTIMATE,estimated,0.20892585727405166,4.994579969161021,8.342358330704618,0.008337315022120985,-0.00842573129157148,0.025395256310515507
7856472,1789117030353000000,565,HEAD_POSE_ESTIMATE,estimated,0.2126619556259961,4.9848198476830445,8.343339416249936,-5.325982142677398e-05,-0.006162826025929167,0.02069990035092674
7870472,1789117030367000000,566,HEAD_POSE_ESTIMATE,estimated,0.20614908406247043,4.992971469921905,8.343711138309798,-0.012885837149138275,-0.003862700408838205,0.0180141071083646
7883472,1789117030380000000,567,HEAD_POSE_ESTIMATE,estimated,0.2000186094218594,5.002710813804422,8.345305788767938,-0.026039029253392115,-0.002269882388541084,0.01715331116777926
7898472,1789117030395000000,568,HEAD_POSE_ESTIMATE,estimated,0.19571240339697465,5.012336618527419,8.35214789127749,-0.03894996647126605,-0.0004983366099076455,0.017183017852355417
7912472,1789117030409000000,569,HEAD_POSE_ESTIMATE,estimated,0.1913645661314939,5.014219509481241,8.356521409383552,-0.04895514997876549,0.0019340169114506758,0.02186407078953749
7925472,1789117030422000000,570,HEAD_POSE_ESTIMATE,estimated,0.20125189788768447,5.000215806559005,8.379240553547035,-0.0566312848797714,0.006042186633112492,0.03186234672227941
7939472,1789117030436000000,571,HEAD_POSE_ESTIMATE,estimated,0.20267961200716628,4.991384205811791,8.387241335237729,-0.05944816605306539,0.011582841404281823,0.03801923437938115
7953472,1789117030450000000,572,HEAD_POSE_ESTIMATE,estimated,0.21183518842770394,5.008077616055223,8.403621429985954,-0.06225451735057704,0.018112496730423134,0.05298421278408335
7968472,1789117030465000000,573,HEAD_POSE_ESTIMATE,estimated,0.21203761862426102,5.015327483600087,8.415343966774415,-0.06242960096038208,0.02448931149198831,0.06073407916007211
7982472,1789117030479000000,574,HEAD_POSE_ESTIMATE,estimated,0.2162088185910762,5.026882408647317,8.42383365757203,-0.06064599964061533,0.03174280931897978,0.06177627629375393
7996472,1789117030493000000,575,HEAD_POSE_ESTIMATE,estimated,0.21609657982908298,5.026904446125384,8.429857716683037,-0.06096031597838144,0.038940623982457005,0.06070000265736306
8010472,1789117030507000000,576,HEAD_POSE_ESTIMATE,estimated,0.22061492451878123,5.0292876182845685,8.434689996079559,-0.059806950277754345,0.044374537192408546,0.05695805861749837
8023472,1789117030520000000,577,HEAD_POSE_ESTIMATE,estimated,0.22687512413585864,5.028512709397401,8.440466860986662,-0.05672030186093459,0.047599861053679984,0.05296149951608467
8037472,1789117030534000000,578,HEAD_POSE_ESTIMATE,estimated,0.2383289327710595,5.0299243946971215,8.451702884090817,-0.05405544859115125,0.05020575191052367,0.04898717089720145
8051472,1789117030548000000,579,HEAD_POSE_ESTIMATE,estimated,0.250555235806373,5.030608827511602,8.453695020556406,-0.04848324401307112,0.04818162476013221,0.04621991215196587
8067472,1789117030564000000,580,HEAD_POSE_ESTIMATE,estimated,0.255846032691593,5.02755731520082,8.454534501980975,-0.04295637727218692,0.04524069421123492,0.04596663776863273
8078472,1789117030575000000,581,HEAD_POSE_ESTIMATE,estimated,0.26129878430595505,5.025424893700824,8.456922246469723,-0.036740881936754115,0.0403395106847633,0.04620854419062218
8093472,1789117030590000000,582,HEAD_POSE_ESTIMATE,estimated,0.2629637294990347,5.018193736006287,8.453649378051372,-0.02734880685264661,0.03309032127709129,0.04997203168773636
8106472,1789117030603000000,583,HEAD_POSE_ESTIMATE,estimated,0.26441788252372,5.020988247049303,8.446458476680277,-0.019667160849755574,0.02546618687277289,0.053745888881786816
8120472,1789117030617000000,584,HEAD_POSE_ESTIMATE,estimated,0.2658057879472804,5.006872267335522,8.445354070281414,-0.014130890651406722,0.017937781840589608,0.055174354877930945
8134472,1789117030631000000,585,HEAD_POSE_ESTIMATE,estimated,0.2667285908571648,4.99413912867117,8.449386756722982,-0.012552182635580793,0.01074059854215474,0.05425609961514535
8148472,1789117030645000000,586,HEAD_POSE_ESTIMATE,estimated,0.27661028997569465,4.982818401053398,8.460614338082047,-0.012860045144921856,0.004288453270946842,0.05060116978705415
8162472,1789117030659000000,587,HEAD_POSE_ESTIMATE,estimated,0.2731815175960265,4.982298920473181,8.466395989102152,-0.013262452517523723,-0.0023980347268593365,0.043977196882588825
8175472,1789117030672000000,588,HEAD_POSE_ESTIMATE,estimated,0.2799649348911116,5.003357772695599,8.477686055233391,-0.01316522111725845,-0.007990013971707673,0.03305087333738768
8190472,1789117030687000000,589,HEAD_POSE_ESTIMATE,estimated,0.2688452089170157,5.016877929662371,8.479477627810843,-0.013289986770392385,-0.011807274314483963,0.023245221921093396
8204472,1789117030701000000,590,HEAD_POSE_ESTIMATE,estimated,0.2635726464645455,5.0277750290769205,8.481041745642639,-0.013176335982511053,-0.014585756514775682,0.014691623837473944
8219472,1789117030716000000,591,HEAD_POSE_ESTIMATE,estimated,0.2661367518885518,5.0272115861728714,8.48435459461418,-0.011865797297112408,-0.015627421243386477,0.010561667476747775
8232472,1789117030729000000,592,HEAD_POSE_ESTIMATE,estimated,0.27553987811014125,5.031526885766464,8.485221421873252,-0.012019601727969682,-0.014176407351360047,0.012827348284648104
8246472,1789117030743000000,593,HEAD_POSE_ESTIMATE,estimated,0.2884067061294198,5.033547906141378,8.483532926080457,-0.012080031367787755,-0.013515029179769366,0.019730691356786366
8260472,1789117030757000000,594,HEAD_POSE_ESTIMATE,estimated,0.29866159009438814,5.041204355609172,8.476696791284999,-0.01293462500635703,-0.013668933202281729,0.029985345514231987
8274472,1789117030771000000,595,HEAD_POSE_ESTIMATE,estimated,0.30342115539206527,5.045791661373357,8.466365870559454,-0.012480555202452765,-0.016266451392760256,0.03719923641374678
8287472,1789117030784000000,596,HEAD_POSE_ESTIMATE,estimated,0.3072280971369289,5.046298482039882,8.452577869975377,-0.00844082626028434,-0.022503661633131958,0.04176440166260799
8301472,1789117030798000000,597,HEAD_POSE_ESTIMATE,estimated,0.3129135080446897,5.040326265313008,8.437962877720244,-0.003941577326771198,-0.03140301000719338,0.043949443139493095
8315472,1789117030812000000,598,HEAD_POSE_ESTIMATE,estimated,0.3132727119602984,5.036278038806281,8.424796802148762,0.0027644047530886277,-0.04322789952813739,0.04124390399341235
8329472,1789117030826000000,599,HEAD_POSE_ESTIMATE,estimated,0.31663735284261324,5.038219839652546,8.41335200319414,0.012092904495605673,-0.05463957175530675,0.03852340715243342
8343472,1789117030840000000,600,HEAD_POSE_ESTIMATE,estimated,0.3146036807165917,5.032763604972929,8.404318679004948,0.020211818831502994,-0.06265624827431865,0.035867060970811646
8357472,1789117030854000000,601,HEAD_POSE_ESTIMATE,estimated,0.3155887987166072,5.025526274240911,8.401159687015937,0.027434894663370263,-0.06790945858169957,0.03316290260736228
8371472,1789117030868000000,602,HEAD_POSE_ESTIMATE,estimated,0.3176792814606284,5.022561811087638,8.39947293891162,0.030037216949941107,-0.06863985800636901,0.031108694243221505
8383472,1789117030880000000,603,HEAD_POSE_ESTIMATE,estimated,0.3199839607578482,5.028415466636825,8.400664801869768,0.02750073501029654,-0.06356122153746273,0.031287862065726216
8397472,1789117030894000000,604,HEAD_POSE_ESTIMATE,estimated,0.3274174699751063,5.03494305360417,8.405867189871909,0.021567006008017642,-0.053229014839971125,0.0335593751236013
8411472,1789117030908000000,605,HEAD_POSE_ESTIMATE,estimated,0.33686031990956555,5.03793221783884,8.409777077949439,0.01431138371560258,-0.041721022574528775,0.034390722915773136
8425472,1789117030922000000,606,HEAD_POSE_ESTIMATE,estimated,0.3514755902693177,5.037118446119042,8.41785228982674,0.006217436155172825,-0.028106520777831764,0.03480820521223277
8439472,1789117030936000000,607,HEAD_POSE_ESTIMATE,estimated,0.3673483953386319,5.031783537546652,8.427752017844758,-0.001191478185532367,-0.01657351714391548,0.0339299923365682
8453472,1789117030950000000,608,HEAD_POSE_ESTIMATE,estimated,0.38358145769552554,5.0248145488132625,8.431459763821511,-0.007804586121712117,-0.006909137952304486,0.032067669493709615
8469472,1789117030966000000,609,HEAD_POSE_ESTIMATE,estimated,0.39359996056061325,5.010138915219574,8.432422714027963,-0.010329399364658107,0.001197530906888858,0.029678688022123242
8480472,1789117030977000000,610,HEAD_POSE_ESTIMATE,estimated,0.3951141806148472,5.006087679429868,8.427886906277976,-0.0071411816441116676,0.0039518736324330945,0.02810380041776631
8495472,1789117030992000000,611,HEAD_POSE_ESTIMATE,estimated,0.40168380161077943,4.998974640784787,8.42594246594241,-0.002083739538667574,0.007622780646355183,0.02825601734775727
8509472,1789117031006000000,612,HEAD_POSE_ESTIMATE,estimated,0.4098175537214488,4.995644419309693,8.42346658319783,0.0023012974747806734,0.009455839820742967,0.028055805964906155
8522472,1789117031019000000,613,HEAD_POSE_ESTIMATE,estimated,0.41714528354215274,4.9922214375011364,8.422236390637394,0.005508970748226488,0.011898511943434232,0.028744049819244
8537472,1789117031034000000,614,HEAD_POSE_ESTIMATE,estimated,0.43026917121296426,5.001372565855984,8.422798883880983,0.00600965963623874,0.013143285250893531,0.029353853049647768
8551472,1789117031048000000,615,HEAD_POSE_ESTIMATE,estimated,0.4363164605584455,5.009662047142213,8.419671514403218,0.004890793353584734,0.013759850958450037,0.0302532167736915
8565472,1789117031062000000,616,HEAD_POSE_ESTIMATE,estimated,0.4365166793547583,5.017434765813542,8.41298041064208,0.004416846122792543,0.012738562354918827,0.03224753932737605
8578472,1789117031075000000,617,HEAD_POSE_ESTIMATE,estimated,0.4342410102108118,5.015492449679939,8.41071184819396,0.002665393296584618,0.011279750007768007,0.03233961193910539
8592472,1789117031089000000,618,HEAD_POSE_ESTIMATE,estimated,0.42641231115147316,5.023555907033744,8.404597985142258,0.004235989274868811,0.0093517939477273,0.030919872732160823
8606472,1789117031103000000,619,HEAD_POSE_ESTIMATE,estimated,0.41928090986525857,5.03531991514406,8.397163486888612,0.005862943813412773,0.0069671395735056395,0.026833371893445146
8620472,1789117031117000000,620,HEAD_POSE_ESTIMATE,estimated,0.41270254969704967,5.0447383525883485,8.38602468914894,0.007371888930817443,0.004106579037057909,0.021871071464119887
8635472,1789117031132000000,621,HEAD_POSE_ESTIMATE,estimated,0.407125093792235,5.04913197794684,8.374928476562477,0.008816928533143024,0.0012411555915148858,0.018256350668658227
8649472,1789117031146000000,622,HEAD_POSE_ESTIMATE,estimated,0.3998926694515517,5.0549370940974585,8.36367812167706,0.00990273354176178,-0.003045050507584971,0.013448209270913144
8663472,1789117031160000000,623,HEAD_POSE_ESTIMATE,estimated,0.39014441790348,5.051195257415544,8.351274502281196,0.008105541831133597,-0.007583290700692904,0.011947619393232224
8677472,1789117031174000000,624,HEAD_POSE_ESTIMATE,estimated,0.38056529411028694,5.047624044393003,8.347951851908398,0.003690945356636924,-0.013758283737137977,0.013572732518807161
8691472,1789117031188000000,625,HEAD_POSE_ESTIMATE,estimated,0.3674738742067478,5.05008486718171,8.344251639820964,-0.003902391489082114,-0.01869842354769143,0.018767593056717165
8706472,1789117031203000000,626,HEAD_POSE_ESTIMATE,estimated,0.35829410079747687,5.048826728833009,8.34548743529556,-0.01262989833558077,-0.022272594975971283,0.0273425313740984
8722472,1789117031219000000,627,HEAD_POSE_ESTIMATE,estimated,0.35345587929432565,5.051831356842332,8.347142790584588,-0.01891048401806478,-0.022753032450700997,0.03725631186804732
8737472,1789117031234000000,628,HEAD_POSE_ESTIMATE,estimated,0.3595997761991441,5.038517458853501,8.355276487481989,-0.018775971431149466,-0.021275468929448007,0.05065490800372195
8746472,1789117031243000000,629,HEAD_POSE_ESTIMATE,estimated,0.3662321901796448,5.035002767760306,8.35921815236027,-0.020040237641824478,-0.019930055851063805,0.05815008999768572
8760472,1789117031257000000,630,HEAD_POSE_ESTIMATE,estimated,0.37611332292864397,5.022400818952228,8.367311319790302,-0.018018128947435676,-0.011623882749003195,0.06640262913865881
8774472,1789117031271000000,631,HEAD_POSE_ESTIMATE,estimated,0.38589874398635615,5.0146843683777345,8.376237091659116,-0.015666913621813168,-0.0015200544934552676,0.07062298118705003
8788472,1789117031285000000,632,HEAD_POSE_ESTIMATE,estimated,0.3928272754705977,5.0122265357882725,8.385250377268072,-0.014483305551566789,0.009628914125121185,0.06947131549011748
8801472,1789117031298000000,633,HEAD_POSE_ESTIMATE,estimated,0.4011268844457318,5.012098362741646,8.389413048210306,-0.0131892134183224,0.019809095525934427,0.06613131251445672
8816472,1789117031313000000,634,HEAD_POSE_ESTIMATE,estimated,0.41353897990463573,5.015038202113771,8.393757220713791,-0.012976190911509214,0.029641117720787806,0.058994016663739685
8829472,1789117031326000000,635,HEAD_POSE_ESTIMATE,estimated,0.42705931299196914,5.008738086441304,8.398540133453553,-0.011703575782532555,0.03632925482564334,0.05304147347406555
8845472,1789117031342000000,636,HEAD_POSE_ESTIMATE,estimated,0.4418370227884876,4.992702114062371,8.403964708938663,-0.010618976335756135,0.040592843807794786,0.05013499914090776
8856472,1789117031353000000,637,HEAD_POSE_ESTIMATE,estimated,0.4507330061961036,4.9923628560986,8.408733293682092,-0.008797314527768883,0.04149026392719316,0.05264590768187145
8871472,1789117031368000000,638,HEAD_POSE_ESTIMATE,estimated,0.46946731002908254,4.9935395955382145,8.411412648315832,-0.011600481979650806,0.03972078690425594,0.05719268672498832
8885472,1789117031382000000,639,HEAD_POSE_ESTIMATE,estimated,0.48000676028663614,5.000724961983335,8.41824759467377,-0.01576431052896061,0.03536710211902396,0.06150267590709043
8899472,1789117031396000000,640,HEAD_POSE_ESTIMATE,estimated,0.49031210646286655,5.012132399692288,8.427081456943288,-0.020063141306976735,0.030000402445724276,0.06493392042015991
8913472,1789117031410000000,641,HEAD_POSE_ESTIMATE,estimated,0.49477628202964274,5.014821926962686,8.438917956697715,-0.023011441258449873,0.022595849971832505,0.06621037311700857
8926472,1789117031423000000,642,HEAD_POSE_ESTIMATE,estimated,0.5051867545165146,5.016536442362758,8.449666680755866,-0.026004543791852453,0.01554141618783276,0.06654045235215109
8941472,1789117031438000000,643,HEAD_POSE_ESTIMATE,estimated,0.5098315752646554,5.014678114749661,8.465200735410637,-0.030256718488594483,0.009244870024106067,0.06534651237415584
8955472,1789117031452000000,644,HEAD_POSE_ESTIMATE,estimated,0.5146314838507902,5.007477639866664,8.480452846958391,-0.03589212206388281,0.0054942248319659985,0.06331086035278775
8969472,1789117031466000000,645,HEAD_POSE_ESTIMATE,estimated,0.5102853870407188,4.996168060678835,8.49258407929884,-0.03809930892094418,0.003426799627374083,0.06014870877123077
8983472,1789117031480000000,646,HEAD_POSE_ESTIMATE,estimated,0.5033960070308017,4.998300260482623,8.49813367497656,-0.03754366761224916,0.0010222323216626486,0.054911704068588925
8997472,1789117031494000000,647,HEAD_POSE_ESTIMATE,estimated,0.5011578293126222,5.010299803888715,8.50810363022547,-0.03424404114583975,0.000832416680139392,0.04832563346231553
9011472,1789117031508000000,648,HEAD_POSE_ESTIMATE,estimated,0.4967141441631701,5.017028592943047,8.51328266265586,-0.027939323138115476,0.0021536975797478673,0.04126460992844361
9025472,1789117031522000000,649,HEAD_POSE_ESTIMATE,estimated,0.4953930608973608,5.019342214155645,8.518137878287273,-0.02082919954840055,0.0046661532730416285,0.034640739156100546
9039472,1789117031536000000,650,HEAD_POSE_ESTIMATE,estimated,0.49579406315038504,5.019670777377277,8.518144851278722,-0.01333703258936346,0.006945809855011827,0.03225948844712923
9053472,1789117031550000000,651,HEAD_POSE_ESTIMATE,estimated,0.4954222599259699,5.013533729185194,8.515109181538161,-0.007670563793587352,0.00855921212570627,0.03184654418960029
9067472,1789117031564000000,652,HEAD_POSE_ESTIMATE,estimated,0.48970700232997644,5.008053253617825,8.505231243023504,-0.0021838966784526637,0.009302459473534868,0.03534501500521225
9081472,1789117031578000000,653,HEAD_POSE_ESTIMATE,estimated,0.48238712864980793,5.003824268229499,8.493543599541841,0.002898977696829072,0.011365494600145977,0.03946728058346901
9095472,1789117031592000000,654,HEAD_POSE_ESTIMATE,estimated,0.4774076362735575,5.003028017637364,8.482014780395062,0.011077288829797114,0.013478212290982334,0.04543671725346951
9109472,1789117031606000000,655,HEAD_POSE_ESTIMATE,estimated,0.47374100504329675,5.001397274275466,8.472720754592002,0.019206033301278576,0.015992882657309703,0.04988624044620742
9122472,1789117031619000000,656,HEAD_POSE_ESTIMATE,estimated,0.4740251646265527,4.9978418522088015,8.460679001701964,0.024666010107355116,0.01914336696506405,0.052812305061998174
9139472,1789117031636000000,657,HEAD_POSE_ESTIMATE,estimated,0.479879704448377,5.0000208888638875,8.446449952372943,0.028957934398322546,0.023904216858643412,0.05392767560476722
9150472,1789117031647000000,658,HEAD_POSE_ESTIMATE,estimated,0.48658800000090574,5.002598321735915,8.436385821995358,0.031164348609849523,0.027427570569158295,0.05315186356190096
9162472,1789117031659000000,659,HEAD_POSE_ESTIMATE,estimated,0.4846735986855459,5.002481110232809,8.421581888060691,0.03282413609956956,0.031128872848664463,0.04950783109477289
9177472,1789117031674000000,660,HEAD_POSE_ESTIMATE,estimated,0.47895991745851474,4.997285937311194,8.404598598468922,0.03551858819993116,0.0329431761887292,0.04058371823905699
9191472,1789117031688000000,661,HEAD_POSE_ESTIMATE,estimated,0.47631323009597887,4.988372696986827,8.392450228486458,0.04015342796308968,0.033289458555990685,0.030419747760367852
9205472,1789117031702000000,662,HEAD_POSE_ESTIMATE,estimated,0.47007082881628753,4.984380109155356,8.386403764043978,0.043208608676963155,0.031222685630537636,0.019666633011650225
9219472,1789117031716000000,663,HEAD_POSE_ESTIMATE,estimated,0.46772724011869893,4.983320706802435,8.385656595593959,0.0435389170292964,0.025534619916565183,0.01085970134311946
9233472,1789117031730000000,664,HEAD_POSE_ESTIMATE,estimated,0.4660216144952857,4.991413014815123,8.389380775624012,0.04162455196643859,0.01762757932071763,0.004870905816949043
9247472,1789117031744000000,665,HEAD_POSE_ESTIMATE,estimated,0.46709692738631897,4.999113515888591,8.392523084914236,0.03759529174909872,0.008667929131998268,0.00357168095965566
9261472,1789117031758000000,666,HEAD_POSE_ESTIMATE,estimated,0.4636663403680639,5.001352571313723,8.399703599953623,0.030467500988867916,-0.00030721272507502054,0.006332024434514554
9275472,1789117031772000000,667,HEAD_POSE_ESTIMATE,estimated,0.45881012217370304,5.003148950810366,8.407637785304642,0.021649142668051954,-0.008714116581655548,0.010344042459949597
9289472,1789117031786000000,668,HEAD_POSE_ESTIMATE,estimated,0.449864481726649,5.014849135013218,8.41320283247487,0.008692403860589136,-0.01845222550860143,0.014035412793754976
9303472,1789117031800000000,669,HEAD_POSE_ESTIMATE,estimated,0.44224271975421214,5.019365093556332,8.422185695722131,-0.0037687168413875942,-0.025662147318158877,0.01655416810764977
9316472,1789117031813000000,670,HEAD_POSE_ESTIMATE,estimated,0.4390191412472029,5.026777139934694,8.432018415405082,-0.014986242523829236,-0.03111979007363916,0.0160781597324869
9331472,1789117031828000000,671,HEAD_POSE_ESTIMATE,estimated,0.43417257336536474,5.03066850327742,8.439476895374662,-0.02188218786929505,-0.03245128824006493,0.01636297543038179
9347472,1789117031844000000,672,HEAD_POSE_ESTIMATE,estimated,0.43969716323607233,5.023256613586046,8.448312498797176,-0.022229463312623824,-0.029654379277769018,0.016116538529545643
9359472,1789117031856000000,673,HEAD_POSE_ESTIMATE,estimated,0.44301728244990235,5.019989524104295,8.451598221725265,-0.016513420260041503,-0.023341404642696743,0.013915970718814962
9371472,1789117031868000000,674,HEAD_POSE_ESTIMATE,estimated,0.4456558221657131,5.027360055405985,8.453566801457768,-0.008478720228313466,-0.014654299975957902,0.010150120846947311
9385472,1789117031882000000,675,HEAD_POSE_ESTIMATE,estimated,0.44832260637019844,5.023905087169612,8.450128925293598,8.843656884725911e-05,-0.004705931832955551,0.004455023837230408
9399472,1789117031896000000,676,HEAD_POSE_ESTIMATE,estimated,0.4425486081770282,5.0226446468226245,8.441845758929041,0.008342281955314538,0.005340679622881304,-0.0012433650997698753
9413472,1789117031910000000,677,HEAD_POSE_ESTIMATE,estimated,0.44307054262032125,5.015145882198723,8.432972979305996,0.013419395354746302,0.012626841036050506,-0.007564377772621043
9429472,1789117031926000000,678,HEAD_POSE_ESTIMATE,estimated,0.4365356040332,5.020240351251818,8.423396866594492,0.019644023018661274,0.018434951008235598,-0.012062319866130204
9441472,1789117031938000000,679,HEAD_POSE_ESTIMATE,estimated,0.4332987322294515,5.0201722822763575,8.417132268980026,0.023084533553390765,0.022092482454425907,-0.012870003859943633
9454472,1789117031951000000,680,HEAD_POSE_ESTIMATE,estimated,0.42771313389455773,5.019791265516655,8.41683124329698,0.025231494354691825,0.0225035722155824,-0.010486791957536051
9469472,1789117031966000000,681,HEAD_POSE_ESTIMATE,estimated,0.42304531307685755,5.006436608265895,8.412411916574564,0.026955829010028666,0.01992661769579308,-0.00833417100369887
9483472,1789117031980000000,682,HEAD_POSE_ESTIMATE,estimated,0.41563217369200456,4.998567370015496,8.407472620419277,0.02674569499859455,0.01642683276190799,-0.0062532534594191905
9496472,1789117031993000000,683,HEAD_POSE_ESTIMATE,estimated,0.4078342212945328,5.0110016946167555,8.403588222132253,0.02370677364298754,0.0134068047478236,-0.003372746274935135
9510472,1789117032007000000,684,HEAD_POSE_ESTIMATE,estimated,0.3986117016302526,5.024152523366704,8.402198299728125,0.019935709990170844,0.012443179127468616,-0.0016431322262210777
9524472,1789117032021000000,685,HEAD_POSE_ESTIMATE,estimated,0.39605669141331445,5.028981726719351,8.403834608044843,0.015411749373634025,0.012438022028253443,-0.001097451455142601
9540472,1789117032037000000,686,HEAD_POSE_ESTIMATE,estimated,0.3974762826908179,5.0281651107223055,8.41108079914891,0.011740193551514051,0.01745034675995407,-0.0006821532821352166
9552472,1789117032049000000,687,HEAD_POSE_ESTIMATE,estimated,0.40323472608779654,5.0275375190290745,8.414408088300396,0.009401841723149057,0.021374348438072094,-0.00262065081296704
9565472,1789117032062000000,688,HEAD_POSE_ESTIMATE,estimated,0.40934073899360873,5.028366189125256,8.419883889319218,0.006152153274903573,0.026283158252874427,-0.0045376197329225435
9579472,1789117032076000000,689,HEAD_POSE_ESTIMATE,estimated,0.41161341330003187,5.038665129026047,8.422654408781119,0.003525260678376474,0.029294507210538112,-0.006112495299519067
9594472,1789117032091000000,690,HEAD_POSE_ESTIMATE,estimated,0.4188779650704268,5.047869325793474,8.424522897326744,0.0027419277122385805,0.03102851870063488,-0.006893321489858803
9608472,1789117032105000000,691,HEAD_POSE_ESTIMATE,estimated,0.4197113022664732,5.046059626914681,8.420800066918815,0.005286674093320611,0.029614226403625096,-0.006867455544778485
9622472,1789117032119000000,692,HEAD_POSE_ESTIMATE,estimated,0.42157146156794056,5.043607352802054,8.416570642080124,0.009046038925221569,0.02556173577480799,-0.006961228645118149
9636472,1789117032133000000,693,HEAD_POSE_ESTIMATE,estimated,0.428911711064885,5.044963373119711,8.414713608238536,0.012142981939134309,0.01982530589058956,-0.0047964398239151015
9650472,1789117032147000000,694,HEAD_POSE_ESTIMATE,estimated,0.4337674804260365,5.045326125201568,8.411961914576976,0.015018684473381175,0.013106087927289194,-0.0022681797275361645
9664472,1789117032161000000,695,HEAD_POSE_ESTIMATE,estimated,0.4345200877714097,5.037460907915548,8.407627657686838,0.01805153848673955,0.005923449864942769,-0.0011978874180022328
9678472,1789117032175000000,696,HEAD_POSE_ESTIMATE,estimated,0.42916765147071234,5.033116452150404,8.401024266487337,0.020218626065096675,-0.0005439083860902651,-0.00018167894954450097
9692472,1789117032189000000,697,HEAD_POSE_ESTIMATE,estimated,0.41975287179284704,5.0382550076775825,8.3936080800965,0.020889461327690123,-0.005126972989466066,-0.0009912966113597495
9706472,1789117032203000000,698,HEAD_POSE_ESTIMATE,estimated,0.41242425875616345,5.052380664269609,8.384164394232515,0.0206013727338423,-0.008689447716364651,-0.005129882153474414
9720472,1789117032217000000,699,HEAD_POSE_ESTIMATE,estimated,0.40142277054527525,5.072637794544791,8.380700443402356,0.021675563401798124,-0.010182887814688192,-0.008446572633739059
9734472,1789117032231000000,700,HEAD_POSE_ESTIMATE,estimated,0.39578439245668284,5.077878964637019,8.376089326684271,0.021837921274855933,-0.008855899694759887,-0.012189995361607652
9749472,1789117032246000000,701,HEAD_POSE_ESTIMATE,estimated,0.3837530713214615,5.088662831156357,8.364086741281268,0.021028918219856415,-0.006015958696254572,-0.013637423058574391
9761472,1789117032258000000,702,HEAD_POSE_ESTIMATE,estimated,0.3751663536343303,5.090626234764951,8.360020169958297,0.02079729010027608,-0.002250175215219902,-0.013648685203227727
9775472,1789117032272000000,703,HEAD_POSE_ESTIMATE,estimated,0.37000092709789933,5.092640255547439,8.355694238051248,0.01902066828231815,0.0030117264112041364,-0.012376693957300408
9790472,1789117032287000000,704,HEAD_POSE_ESTIMATE,estimated,0.3612342388735581,5.100024374568836,8.353116222008524,0.0182207083057019,0.008060308845646163,-0.011146800269578844
9803472,1789117032300000000,705,HEAD_POSE_ESTIMATE,estimated,0.3583807150850865,5.106193019959743,8.34822934306343,0.01683475918864536,0.011774921263178943,-0.009516280232065522
9821472,1789117032318000000,706,HEAD_POSE_ESTIMATE,estimated,0.35359904555501315,5.085606282543454,8.343251790373644,0.012822215512613686,0.015064544465227871,-0.00789326290593732
9841472,1789117032338000000,707,HEAD_POSE_ESTIMATE,estimated,0.3565293857965521,5.073958438608757,8.345035067472185,0.008526710935376932,0.016443428179355492,-0.0037556095604407386
9855472,1789117032352000000,708,HEAD_POSE_ESTIMATE,estimated,0.363989234316198,5.079156379253321,8.349465396182959,0.007020153007458775,0.01569083791757746,-0.00256815177616682
9870472,1789117032367000000,709,HEAD_POSE_ESTIMATE,estimated,0.3685304102791787,5.069927536277313,8.355190953689565,0.003465180615021447,0.012624180588596767,-0.001140949355196465
9884472,1789117032381000000,710,HEAD_POSE_ESTIMATE,estimated,0.37463992202240864,5.064088105991318,8.3606410074308,-0.0032317087306671026,0.009633928737793186,0.0013576987643081932
9897472,1789117032394000000,711,HEAD_POSE_ESTIMATE,estimated,0.37628970767706305,5.059072915425953,8.367498184856347,-0.009750930784776913,0.005999418424005997,0.0038583232701657855
9912472,1789117032409000000,712,HEAD_POSE_ESTIMATE,estimated,0.3769053695057634,5.05688212295871,8.375020618264578,-0.015074140702984311,0.003061605738958527,0.009595296670497314
9926472,1789117032423000000,713,HEAD_POSE_ESTIMATE,estimated,0.3827285772528848,5.054884307048686,8.37979104193344,-0.018101139862028992,0.0016544803153703501,0.015161561875059598
9940472,1789117032437000000,714,HEAD_POSE_ESTIMATE,estimated,0.3814449585823348,5.051400784559637,8.389108421457152,-0.018242020355039038,0.0005073731709995367,0.017192096095771766
9954472,1789117032451000000,715,HEAD_POSE_ESTIMATE,estimated,0.38284372073456174,5.042501967633182,8.396289543700489,-0.017184058476683958,0.00012308306589936906,0.018273981302311885
9968472,1789117032465000000,716,HEAD_POSE_ESTIMATE,estimated,0.38613611362204814,5.034422148990375,8.403287743835856,-0.013416119151588897,0.0010290887030921906,0.01812884359222461
9982472,1789117032479000000,717,HEAD_POSE_ESTIMATE,estimated,0.38973910637882553,5.028659822733451,8.414310668778471,-0.010249095373272238,0.00199609933223646,0.017720288802319496
9996472,1789117032493000000,718,HEAD_POSE_ESTIMATE,estimated,0.3959454932845041,5.030862766624057,8.420224775888862,-0.005938064132716214,0.00332992422429442,0.01697368258161211
10010472,1789117032507000000,719,HEAD_POSE_ESTIMATE,estimated,0.3961516753663684,5.031467755355821,8.427734311343844,-0.0015494092700734908,0.0041647572842671895,0.016347090675377415
10024472,1789117032521000000,720,HEAD_POSE_ESTIMATE,estimated,0.39273466904796966,5.024767551221074,8.429857104831125,0.0034011787015990956,0.005157518573024147,0.01628563146989477
10038472,1789117032535000000,721,HEAD_POSE_ESTIMATE,estimated,0.3897770969076186,5.014913038366319,8.43430836811387,0.007537112240992187,0.004769934061885412,0.017459835089372332
10052472,1789117032549000000,722,HEAD_POSE_ESTIMATE,estimated,0.3872144142736278,5.016167395067376,8.438813417949326,0.007069495376319119,0.004537043193653011,0.019407413875221442
10067472,1789117032564000000,723,HEAD_POSE_ESTIMATE,estimated,0.39332886222069835,5.027389258828122,8.440852993943976,0.0036219187606435304,0.004458024125466358,0.022579547142328224
10080472,1789117032577000000,724,HEAD_POSE_ESTIMATE,estimated,0.3976972703502583,5.043146666881774,8.447015003960201,-0.0005041116107531386,0.0036412195868613735,0.025908258793654604
10094472,1789117032591000000,725,HEAD_POSE_ESTIMATE,estimated,0.39391213079387616,5.055788679870022,8.451636851453385,-0.002804207565511608,0.003339354317331053,0.027782054965101805
10108472,1789117032605000000,726,HEAD_POSE_ESTIMATE,estimated,0.39406952888762464,5.065450273529011,8.456060714669084,-0.0030171487312586915,0.003311415011806422,0.027291011854898573
10122472,1789117032619000000,727,HEAD_POSE_ESTIMATE,estimated,0.3875262260968094,5.072405900334935,8.457876992448469,-0.001550444480623001,0.004265445403971259,0.025927561419177684
10136472,1789117032633000000,728,HEAD_POSE_ESTIMATE,estimated,0.3856374260297797,5.072004144021213,8.458928435964522,0.0037926859362306543,0.005822320733454696,0.02215473390974477
10150472,1789117032647000000,729,HEAD_POSE_ESTIMATE,estimated,0.3847574861050096,5.071138115103429,8.45558029247872,0.011021815310255947,0.007403351526362603,0.020636016532411355
10164472,1789117032661000000,730,HEAD_POSE_ESTIMATE,estimated,0.3844871839379546,5.070328863139356,8.446177944015963,0.018464663880998933,0.009273835401797107,0.020920693611682833
10181472,1789117032678000000,731,HEAD_POSE_ESTIMATE,estimated,0.38607779457802827,5.069898712702557,8.433534835061787,0.026706369672492077,0.011371477415035799,0.02517947447530862
10194472,1789117032691000000,732,HEAD_POSE_ESTIMATE,estimated,0.3864694362596316,5.073640188332133,8.42134789681596,0.030590745676181162,0.012374928635190416,0.028570650791922746
10205472,1789117032702000000,733,HEAD_POSE_ESTIMATE,estimated,0.3863419915723041,5.076545901861913,8.414560549014535,0.03175050839386526,0.01243039033098076,0.03212010030150657
10220472,1789117032717000000,734,HEAD_POSE_ESTIMATE,estimated,0.389835678168332,5.07722908909925,8.401785209773058,0.031183515839806972,0.011566637341401646,0.03678220205201817
10233472,1789117032730000000,735,HEAD_POSE_ESTIMATE,estimated,0.3932063641031601,5.070835071200914,8.391905875321115,0.02875041130602868,0.010738214515964802,0.04028730238555206
10247472,1789117032744000000,736,HEAD_POSE_ESTIMATE,estimated,0.3974420435876555,5.062462063310218,8.382331871306477,0.02754837595893718,0.009577734091393213,0.04232552601993077
10261472,1789117032758000000,737,HEAD_POSE_ESTIMATE,estimated,0.39871164526115993,5.058939970832988,8.374459639982827,0.026324582955830334,0.009262246308114288,0.043599641721296344
10275472,1789117032772000000,738,HEAD_POSE_ESTIMATE,estimated,0.4009420825353332,5.058468021745336,8.366046555637935,0.02730206662934302,0.008970540507996196,0.043079843034663196
10289472,1789117032786000000,739,HEAD_POSE_ESTIMATE,estimated,0.40556411035710493,5.058978788633623,8.357166525550259,0.029768667366006325,0.00941716622162128,0.042357693829792674
10302472,1789117032799000000,740,HEAD_POSE_ESTIMATE,estimated,0.4084484623635156,5.064386428421217,8.348932484798887,0.03224143377097591,0.01037452130600303,0.0426158858628311
10316472,1789117032813000000,741,HEAD_POSE_ESTIMATE,estimated,0.408982837267763,5.066375600123919,8.342328797421635,0.034786717820503,0.011430563934079478,0.0440758549515902
10330472,1789117032827000000,742,HEAD_POSE_ESTIMATE,estimated,0.41191865044004183,5.063953680908682,8.334430015927508,0.03767287574018269,0.011906115673213173,0.0450344362538514
10346472,1789117032843000000,743,HEAD_POSE_ESTIMATE,estimated,0.41566459193542427,5.065843014386754,8.325552101976815,0.038363713293543544,0.011261843968481296,0.04459261092867239
10358472,1789117032855000000,744,HEAD_POSE_ESTIMATE,estimated,0.4223449212619971,5.070901327292027,8.325319399236452,0.037108444086631574,0.009857114470672747,0.04269969704914239
10370472,1789117032867000000,745,HEAD_POSE_ESTIMATE,estimated,0.42570978337081605,5.081381717596399,8.320586307902568,0.033284189264811186,0.008001644277220592,0.041038805937028605
10384472,1789117032881000000,746,HEAD_POSE_ESTIMATE,estimated,0.42824300260866965,5.092207997474215,8.316418833881114,0.02736430933296107,0.00516747481466717,0.04041409328098449
10398472,1789117032895000000,747,HEAD_POSE_ESTIMATE,estimated,0.4318378600448896,5.108303183426455,8.315151186846963,0.02179434903865745,0.0016912749040914334,0.04042693851674014
10413472,1789117032910000000,748,HEAD_POSE_ESTIMATE,estimated,0.4572454608035717,5.1108693771299425,8.31246994116041,0.016250866687065886,-0.0022550580139088176,0.04693655069517789
10426472,1789117032923000000,749,HEAD_POSE_ESTIMATE,estimated,0.4476346067676236,5.109505005988747,8.31121654800253,0.012959279518273099,-0.005197664778088337,0.048340873439629624
10440472,1789117032937000000,750,HEAD_POSE_ESTIMATE,estimated,0.4398679666916634,5.105198412761591,8.308440026396067,0.009343127835161195,-0.007098425526775321,0.05014724439043687
10454472,1789117032951000000,751,HEAD_POSE_ESTIMATE,estimated,0.4396292592345433,5.0971821915223865,8.313015278805153,0.005467116077907866,-0.0082746249312296,0.05428349809763587
10469472,1789117032966000000,752,HEAD_POSE_ESTIMATE,estimated,0.44287966137203133,5.094370606875985,8.320137047636408,0.00031674249118248884,-0.007302182506233054,0.060538777764615616
10482472,1789117032979000000,753,HEAD_POSE_ESTIMATE,estimated,0.45190706765462824,5.097089331853034,8.324395965500901,-0.0025760590868879885,-0.005076887729882476,0.06507228139062426
10496472,1789117032993000000,754,HEAD_POSE_ESTIMATE,estimated,0.46372039769123846,5.103680914404886,8.329361399544757,-0.005571134634872057,-0.0010000768198135154,0.07042026750528158
10524472,1789117033021000000,755,HEAD_POSE_ESTIMATE,estimated,0.47529650173946186,5.108279972312895,8.336946650504489,-0.005154024135092646,0.007523293456534547,0.06986519894745341
10540472,1789117033037000000,756,HEAD_POSE_ESTIMATE,estimated,0.483906121221352,5.112278667561008,8.347008619358583,-0.0038463533119724,0.013328593826191386,0.06259823720384086
10549472,1789117033046000000,757,HEAD_POSE_ESTIMATE,estimated,0.48962406808979614,5.113275318852014,8.347648475961218,-0.0018509955354331362,0.016641321832173282,0.05515173981706307
10563472,1789117033060000000,758,HEAD_POSE_ESTIMATE,estimated,0.497413107202565,5.125150176908199,8.356980880922775,0.0007448504114635534,0.019549452862748857,0.04686966533958656
10577472,1789117033074000000,759,HEAD_POSE_ESTIMATE,estimated,0.5037888161728774,5.1397837812047165,8.364541520054068,0.003973121094497575,0.01959092944305376,0.04164649508391764
10591472,1789117033088000000,760,HEAD_POSE_ESTIMATE,estimated,0.5102635627403891,5.141544541089415,8.374167026941535,0.009001281631025756,0.01800163258998348,0.037979045471193885
10606472,1789117033103000000,761,HEAD_POSE_ESTIMATE,estimated,0.514076249757027,5.140253373188531,8.380917446258577,0.013870532424912768,0.015159856174670435,0.03569186959977087
10619472,1789117033116000000,762,HEAD_POSE_ESTIMATE,estimated,0.5342251456570485,5.136563692413263,8.382807858716705,0.017777820093395832,0.009468947415493766,0.032068342749911646
10633472,1789117033130000000,763,HEAD_POSE_ESTIMATE,estimated,0.5263102760625796,5.127288640059103,8.388555206893486,0.02009590055159535,0.006506210239874154,0.03579403810435031
10646472,1789117033143000000,764,HEAD_POSE_ESTIMATE,estimated,0.5116541324650153,5.126376740126047,8.385263034044323,0.019389772143233786,0.002898633803374356,0.04236575247144354
10661472,1789117033158000000,765,HEAD_POSE_ESTIMATE,estimated,0.5196313992140528,5.130091464260563,8.382375536529475,0.017092282207611983,0.0013700605281242511,0.04875488131680518
10674472,1789117033171000000,766,HEAD_POSE_ESTIMATE,estimated,0.5363635003788965,5.134532522878846,8.383692358390817,0.012698783946440625,0.0011977503656453597,0.05449815538944968
10688472,1789117033185000000,767,HEAD_POSE_ESTIMATE,estimated,0.5498292090687578,5.138590025459546,8.382424593369864,0.008786289253464682,0.0022169774568238858,0.0586633270941469
10704472,1789117033201000000,768,HEAD_POSE_ESTIMATE,estimated,0.5675727713879328,5.13784116639441,8.378580020250526,0.004851684748189895,0.00408256177434834,0.060801196334580816
10716472,1789117033213000000,769,HEAD_POSE_ESTIMATE,estimated,0.5794476947828329,5.132714187499693,8.380436826787104,0.0025860927621948263,0.006748130815656727,0.05960090985877295
10731472,1789117033228000000,770,HEAD_POSE_ESTIMATE,estimated,0.5895110517097041,5.126117080188157,8.376308919422485,0.0015858180704461761,0.010014437546005978,0.05574142130674046
10746472,1789117033243000000,771,HEAD_POSE_ESTIMATE,estimated,0.5989563648277494,5.118254109005827,8.371169708019648,0.0036155542034957723,0.012522206915039148,0.0503338847500667
10758472,1789117033255000000,772,HEAD_POSE_ESTIMATE,estimated,0.6047484422701392,5.121623768956214,8.361474398151355,0.008317694534399268,0.011630131426334707,0.044495411891485814
10773472,1789117033270000000,773,HEAD_POSE_ESTIMATE,estimated,0.6092645200955422,5.118936979020084,8.347388881135856,0.013833921716586402,0.011685163020099445,0.03706635592550512
10787472,1789117033284000000,774,HEAD_POSE_ESTIMATE,estimated,0.6086981452189328,5.115414374348853,8.333937231582311,0.02065711555131888,0.010056161036089986,0.030658565394340944
10801472,1789117033298000000,775,HEAD_POSE_ESTIMATE,estimated,0.6086569606788061,5.104527723172483,8.321122599818956,0.02735091364783056,0.0064970254958295285,0.02370146549520331
10815472,1789117033312000000,776,HEAD_POSE_ESTIMATE,estimated,0.6057378864281149,5.098215051043403,8.318184574776135,0.03382901485594205,0.002934488875075403,0.017769950622545747
10829472,1789117033326000000,777,HEAD_POSE_ESTIMATE,estimated,0.5963712079437022,5.100264701695407,8.311133614810265,0.03635251120455288,-0.0009432527365852158,0.012329359132963241
10841472,1789117033338000000,778,HEAD_POSE_ESTIMATE,estimated,0.5939095545813177,5.105319631853538,8.30483392701599,0.03492077399472787,-0.004419613137002096,0.007522286131042978
10855472,1789117033352000000,779,HEAD_POSE_ESTIMATE,estimated,0.5886078238393576,5.117159471557204,8.304028774761653,0.02857782474474774,-0.008341326960202702,0.001662985291661135
10869472,1789117033366000000,780,HEAD_POSE_ESTIMATE,estimated,0.5794407255556517,5.129819853767619,8.304106882066902,0.02190821739400763,-0.012104064757847354,-0.0018198054793241458
10883472,1789117033380000000,781,HEAD_POSE_ESTIMATE,estimated,0.57974744527915,5.141929904355973,8.304228015515545,0.012992959723265191,-0.015016556088627642,-0.0028227314203494833
10897472,1789117033394000000,782,HEAD_POSE_ESTIMATE,estimated,0.578456725547814,5.148276499302098,8.31253671742819,0.005158909309041288,-0.016469733288226502,-0.0016554688280161114
10911472,1789117033408000000,783,HEAD_POSE_ESTIMATE,estimated,0.576214685564103,5.148435393620946,8.321593895571707,-0.002900415312947055,-0.01701936644800472,0.0006344102107773823
10925472,1789117033422000000,784,HEAD_POSE_ESTIMATE,estimated,0.5800607063185056,5.145522928228606,8.33990856764195,-0.00806415954087277,-0.017024612971276033,0.003491893689559871
10939472,1789117033436000000,785,HEAD_POSE_ESTIMATE,estimated,0.5811136815956247,5.146633030747587,8.353693833894347,-0.010020933992733641,-0.01723688619779214,0.005739531539755489
10953472,1789117033450000000,786,HEAD_POSE_ESTIMATE,estimated,0.5810832702742628,5.152587698109228,8.366766400094582,-0.010218456839751124,-0.01799741633210575,0.009052521799404026
10967472,1789117033464000000,787,HEAD_POSE_ESTIMATE,estimated,0.5825196654006977,5.158467546539019,8.375106635542837,-0.008023008550230288,-0.01819868300394615,0.011417318094987501
10981472,1789117033478000000,788,HEAD_POSE_ESTIMATE,estimated,0.5801156606504798,5.155067919200094,8.37893436045286,-0.002440231317019492,-0.017606479206662064,0.013070120395782828
10995472,1789117033492000000,789,HEAD_POSE_ESTIMATE,estimated,0.5722973097978044,5.148232995178614,8.377453531967767,0.0073475449923452694,-0.018887600835150765,0.012560409859363486
11009472,1789117033506000000,790,HEAD_POSE_ESTIMATE,estimated,0.5678560138706608,5.139735358751415,8.372102004726464,0.015023695082715295,-0.018983245721049653,0.0100979643271904
11023472,1789117033520000000,791,HEAD_POSE_ESTIMATE,estimated,0.5626934193663771,5.137551300279732,8.359209705966494,0.019970976241845205,-0.018047994914146923,0.007001650002123307
11037472,1789117033534000000,792,HEAD_POSE_ESTIMATE,estimated,0.5569843172009967,5.133012600762998,8.351852979230735,0.021154835356997182,-0.01818061428144324,0.0033688481395329627
11051472,1789117033548000000,793,HEAD_POSE_ESTIMATE,estimated,0.5480170131240891,5.129939838442488,8.338466816685298,0.02141854027879551,-0.01691770867852701,0.0016318875400446083
11066472,1789117033563000000,794,HEAD_POSE_ESTIMATE,estimated,0.5391510157271401,5.132075724821961,8.322829599658363,0.019926604901284593,-0.014533897936191956,0.001972879977006443
11079472,1789117033576000000,795,HEAD_POSE_ESTIMATE,estimated,0.5337431122471156,5.132663195830289,8.30957924436146,0.016817661038641928,-0.010519893863497547,0.005008279693511339
11093472,1789117033590000000,796,HEAD_POSE_ESTIMATE,estimated,0.5329907301840656,5.128261789510696,8.297934969317177,0.012958561056904527,-0.006455959652257733,0.0068896813127279554
11107472,1789117033604000000,797,HEAD_POSE_ESTIMATE,estimated,0.535641029329931,5.119081611884005,8.291193024787562,0.009100852074666241,-0.0032278474989127282,0.00947297101135834
11121472,1789117033618000000,798,HEAD_POSE_ESTIMATE,estimated,0.5372677309830393,5.115658283305231,8.284289894522239,0.004733890060166827,9.308004746269698e-05,0.013766094132963137
11135472,1789117033632000000,799,HEAD_POSE_ESTIMATE,estimated,0.5387651910812095,5.113494348122667,8.281424585317563,0.000211305053041068,0.0021838058147094705,0.019881035480466793
11150472,1789117033647000000,800,HEAD_POSE_ESTIMATE,estimated,0.5413272600957707,5.117762734497709,8.286004451759352,-0.002663668612489574,0.003118339732682017,0.026095489769936524
11162472,1789117033659000000,801,HEAD_POSE_ESTIMATE,estimated,0.541771559014781,5.118900627584405,8.28939937705547,-0.002915231235239434,0.0029118616298633836,0.030791888734228657
11176472,1789117033673000000,802,HEAD_POSE_ESTIMATE,estimated,0.5448387098553598,5.12391981556353,8.30750172339959,0.0008295260835357167,0.0019880667223573945,0.034402164068975144
11190472,1789117033687000000,803,HEAD_POSE_ESTIMATE,estimated,0.5474989632951043,5.131193213981462,8.320499562120514,0.0041312885873902505,-4.157331457695434e-05,0.0365751686430608
11204472,1789117033701000000,804,HEAD_POSE_ESTIMATE,estimated,0.5479610747660464,5.135607447590785,8.333757752510287,0.006844394576627168,-0.0024494667809592196,0.038580717143947584
11219472,1789117033716000000,805,HEAD_POSE_ESTIMATE,estimated,0.5472958376031943,5.149159490549517,8.343499240468768,0.007173067758185032,-0.004422733087471562,0.04054180893540845
11232472,1789117033729000000,806,HEAD_POSE_ESTIMATE,estimated,0.5498109826658987,5.162355011854204,8.343234192173414,0.008992189888577048,-0.0066884986744890455,0.04237305426571553
11246472,1789117033743000000,807,HEAD_POSE_ESTIMATE,estimated,0.548152330144946,5.168542826988123,8.338718671963635,0.011541795733908154,-0.008371238899244782,0.04391691472059699
11260472,1789117033757000000,808,HEAD_POSE_ESTIMATE,estimated,0.5446489381866895,5.163843021206007,8.337704122299806,0.015218560996389723,-0.009316288373617011,0.044927569735232015
11274472,1789117033771000000,809,HEAD_POSE_ESTIMATE,estimated,0.5416109985982392,5.162886335477449,8.334438161104405,0.02037106564832467,-0.01024331209211529,0.044508530291836323
11289472,1789117033786000000,810,HEAD_POSE_ESTIMATE,estimated,0.5374197003312888,5.155536679805101,8.32891899324195,0.025452795920856842,-0.009729478355118455,0.04442212855951802
11302472,1789117033799000000,811,HEAD_POSE_ESTIMATE,estimated,0.5383938247293837,5.148150717416223,8.322031828789523,0.029410476609798526,-0.00893623708249009,0.04541872686259735
11316472,1789117033813000000,812,HEAD_POSE_ESTIMATE,estimated,0.5416523283860575,5.1394707418409515,8.321704518043612,0.03314732296568014,-0.0058431562136543455,0.04861707983424218
11329472,1789117033826000000,813,HEAD_POSE_ESTIMATE,estimated,0.5518420901825256,5.13975113474436,8.315404612837606,0.03654970472007411,-0.0026561162642958457,0.0518607672332777
11344472,1789117033841000000,814,HEAD_POSE_ESTIMATE,estimated,0.5599645172798753,5.137032125443819,8.310218672850963,0.03912183038660138,1.611920465003357e-05,0.05477731614977725
11358472,1789117033855000000,815,HEAD_POSE_ESTIMATE,estimated,0.569689241920419,5.139136105699746,8.307197706080636,0.03968278363616553,0.0038605858307560123,0.05698314864309101
11372472,1789117033869000000,816,HEAD_POSE_ESTIMATE,estimated,0.5802533223084109,5.138498339874688,8.308606862515527,0.036972690429726215,0.006595040584597859,0.05844630024885177
11387472,1789117033884000000,817,HEAD_POSE_ESTIMATE,estimated,0.5917977066955689,5.134215338741672,8.317857569142348,0.03212723879388327,0.008064467397262999,0.06005118053486691
11399472,1789117033896000000,818,HEAD_POSE_ESTIMATE,estimated,0.6030173202087228,5.13698555393503,8.328473919751444,0.02569118032655748,0.008221659398714313,0.06088208040369267
11413472,1789117033910000000,819,HEAD_POSE_ESTIMATE,estimated,0.6120676075995761,5.151882879141834,8.340214123330947,0.020471008035437683,0.00625056449562962,0.061657965555854254
11426472,1789117033923000000,820,HEAD_POSE_ESTIMATE,estimated,0.6252068142173608,5.161974298508122,8.351257440130784,0.01761397260246538,0.0020152690263549834,0.06030285957325138
11441472,1789117033938000000,821,HEAD_POSE_ESTIMATE,estimated,0.6397024650727297,5.171068833016947,8.36019197280166,0.01984849462996964,-0.004382108885651943,0.05699745321414188
11455472,1789117033952000000,822,HEAD_POSE_ESTIMATE,estimated,0.6501397801370077,5.164958858143533,8.363062728641012,0.02503592174035048,-0.011045585065687931,0.05352892953039417
11469472,1789117033966000000,823,HEAD_POSE_ESTIMATE,estimated,0.6633633138354104,5.157260517561106,8.35669698309371,0.03364314375676963,-0.018919100532471533,0.0502894790619448
11483472,1789117033980000000,824,HEAD_POSE_ESTIMATE,estimated,0.6759696082690705,5.154472565903764,8.347093715102957,0.04433886748182636,-0.027083613847208844,0.045202112265258144
11496472,1789117033993000000,825,HEAD_POSE_ESTIMATE,estimated,0.6900396513149719,5.16715096146552,8.329801170531464,0.054261064442951076,-0.032378581832077334,0.04401665502948956
11509472,1789117034006000000,826,HEAD_POSE_ESTIMATE,estimated,0.6995113606160819,5.177068750117428,8.306722030846096,0.06390843145193233,-0.03725109096134447,0.03869522394114678
11523472,1789117034020000000,827,HEAD_POSE_ESTIMATE,estimated,0.713644704660162,5.185357230039394,8.279175087247626,0.07486226547074462,-0.0420798391776569,0.029357997895957506
11538472,1789117034035000000,828,HEAD_POSE_ESTIMATE,estimated,0.7269531924437135,5.1831019540454095,8.244022197237605,0.08769253081846697,-0.047583838184516114,0.014576785551869547
11551472,1789117034048000000,829,HEAD_POSE_ESTIMATE,estimated,0.7457185703101283,5.171132474257368,8.209479454756883,0.09915825940660665,-0.05272100477866317,-8.527677713083866e-05
11565472,1789117034062000000,830,HEAD_POSE_ESTIMATE,estimated,0.7645361278526467,5.155787086006957,8.168931287772573,0.10822774529160675,-0.056894975586828864,-0.013562416047560347
11579472,1789117034076000000,831,HEAD_POSE_ESTIMATE,estimated,0.78197605741549,5.13600388762411,8.12750919965156,0.11389169729381798,-0.06317447358572792,-0.026709921396375413
11593472,1789117034090000000,832,HEAD_POSE_ESTIMATE,estimated,0.7994948018930571,5.1241734181141405,8.08791178384367,0.11805837607571591,-0.06612627894658704,-0.03538698289050947
11609472,1789117034106000000,833,HEAD_POSE_ESTIMATE,estimated,0.8144811560346974,5.116667354579142,8.044665000335097,0.11502247774801715,-0.07189505635780283,-0.04622544427400664
11621472,1789117034118000000,834,HEAD_POSE_ESTIMATE,estimated,0.8298717983972879,5.122600151909099,8.016404369220156,0.10651202871216085,-0.0785767951738826,-0.05472536060283949
11634472,1789117034131000000,835,HEAD_POSE_ESTIMATE,estimated,0.8357653739017786,5.129730273430904,8.00723632139133,0.09812886538530739,-0.08751402708548116,-0.06003411612678825
11648472,1789117034145000000,836,HEAD_POSE_ESTIMATE,estimated,0.8429279213320285,5.105626344727883,8.001781983715025,0.08568395272028731,-0.09569887151754283,-0.0652708909164973
11662472,1789117034159000000,837,HEAD_POSE_ESTIMATE,estimated,0.8385262700222885,5.083662982804233,8.007667517529832,0.06642842052015939,-0.10850375413303937,-0.07640903236429854
11676472,1789117034173000000,838,HEAD_POSE_ESTIMATE,estimated,0.8176549557345706,5.091993849581087,8.021741104125727,0.04358435797673928,-0.12094977107832348,-0.09252739129434359
11690472,1789117034187000000,839,HEAD_POSE_ESTIMATE,estimated,0.7904381290011547,5.119423556941663,8.041828174577581,0.018764467796053865,-0.1355621775433544,-0.1159799101483161
11705472,1789117034202000000,840,HEAD_POSE_ESTIMATE,estimated,0.7609013143826551,5.158992194695202,8.081570258017008,-0.007767144748802625,-0.1522379925523694,-0.14746476225185115
11717472,1789117034214000000,841,HEAD_POSE_ESTIMATE,estimated,0.7340723559005401,5.210019375999903,8.107382775164131,-0.025674171457191287,-0.16728008675355208,-0.177032417132349
11732472,1789117034229000000,842,HEAD_POSE_ESTIMATE,estimated,0.6957873204621571,5.248263246112291,8.151239217285836,-0.043667474645983154,-0.1827618028911678,-0.20257074966972322
11749472,1789117034246000000,843,HEAD_POSE_ESTIMATE,estimated,0.6532159731816582,5.269412819525859,8.212114059497123,-0.05376455109759594,-0.19340299945389286,-0.21609333558541277
11758472,1789117034255000000,844,HEAD_POSE_ESTIMATE,estimated,0.6333529431446034,5.270617934485396,8.240148302072289,-0.055892676025910165,-0.19541519917678804,-0.2147623848308726
11772472,1789117034269000000,845,HEAD_POSE_ESTIMATE,estimated,0.6087089329210327,5.304026026647778,8.284922517608873,-0.05133644871997096,-0.1934085691875873,-0.2062178931207538
11787472,1789117034284000000,846,HEAD_POSE_ESTIMATE,estimated,0.5998153212523876,5.346475182580825,8.323083370774496,-0.03877236845677911,-0.18816937452846041,-0.1905205869836063
11801472,1789117034298000000,847,HEAD_POSE_ESTIMATE,estimated,0.5957689151536989,5.392244221555087,8.348252692550176,-0.021897613795457883,-0.17978350467881765,-0.17017226568319285
11815472,1789117034312000000,848,HEAD_POSE_ESTIMATE,estimated,0.6058604081984172,5.4305306545064385,8.366931802146993,-0.005245861902615285,-0.17301291831674195,-0.15270272669013454
11829472,1789117034326000000,849,HEAD_POSE_ESTIMATE,estimated,0.6237556097182398,5.441218689133662,8.382741402345228,0.013604397095983458,-0.16441906154745506,-0.13344427442435436
11843472,1789117034340000000,850,HEAD_POSE_ESTIMATE,estimated,0.6483906935365308,5.4554961252605185,8.38770343628241,0.03147152985381074,-0.1535238874575584,-0.11144706346970668
11857472,1789117034354000000,851,HEAD_POSE_ESTIMATE,estimated,0.6690548087733215,5.454465342465405,8.389939152883189,0.039998431511501426,-0.14481490561614843,-0.09714540495235757
11870472,1789117034367000000,852,HEAD_POSE_ESTIMATE,estimated,0.6911409161883963,5.450984168972159,8.375794286591187,0.04326846968694758,-0.1398389989963135,-0.08796001855736275
11883472,1789117034380000000,853,HEAD_POSE_ESTIMATE,estimated,0.707766346268613,5.464726702661588,8.363897695409689,0.04397471884019167,-0.13328919401716463,-0.07997178239057542
11898472,1789117034395000000,854,HEAD_POSE_ESTIMATE,estimated,0.719119522996578,5.492084348350587,8.342301073707416,0.04271794381577832,-0.13127122546193135,-0.07471370974075715
11912472,1789117034409000000,855,HEAD_POSE_ESTIMATE,estimated,0.7363769804200215,5.494662282180839,8.32293095982141,0.0432203806330221,-0.1291712522961825,-0.06950894422180912
11926472,1789117034423000000,856,HEAD_POSE_ESTIMATE,estimated,0.7613560711510985,5.4938067521582745,8.301630364710228,0.04457032432698055,-0.12708154240270703,-0.05944044577993103
11940472,1789117034437000000,857,HEAD_POSE_ESTIMATE,estimated,0.783440322474461,5.479405292615887,8.273532656889557,0.0460404925020651,-0.1251141079844579,-0.04926733708615114
11954472,1789117034451000000,858,HEAD_POSE_ESTIMATE,estimated,0.8061455934010407,5.447510973007996,8.24471650218501,0.051135964900437626,-0.12218601973292059,-0.034623961095486065
11969472,1789117034466000000,859,HEAD_POSE_ESTIMATE,estimated,0.819162743765878,5.42861100347542,8.214178791493747,0.051817770691097886,-0.11810618895874263,-0.02280945159820022
11983472,1789117034480000000,860,HEAD_POSE_ESTIMATE,estimated,0.8330611763179743,5.429982514767153,8.183853586622222,0.050133539219791114,-0.1137885850533914,-0.013867303841687523
11996472,1789117034493000000,861,HEAD_POSE_ESTIMATE,estimated,0.8512772371116862,5.46062662594825,8.167594104960592,0.046679902547009385,-0.10994615344199728,-0.006603276496623832
12010472,1789117034507000000,862,HEAD_POSE_ESTIMATE,estimated,0.8761121704259531,5.488080948671269,8.14896660942159,0.04218316857581289,-0.10191001264615915,-0.00039322993917540106
12024472,1789117034521000000,863,HEAD_POSE_ESTIMATE,estimated,0.9067985417623713,5.502761451476109,8.144638901239814,0.03900086703377909,-0.09272355525926393,0.002216961689518213
12038472,1789117034535000000,864,HEAD_POSE_ESTIMATE,estimated,0.9392645649916125,5.510495194981868,8.140745291098964,0.035491415164249765,-0.08079133931901024,0.006193331476359572
12053472,1789117034550000000,865,HEAD_POSE_ESTIMATE,estimated,0.9740246990195087,5.530046131345121,8.139600154610383,0.029846433330336267,-0.06769707451338584,0.005351305064570173
12067472,1789117034564000000,866,HEAD_POSE_ESTIMATE,estimated,1.001499910418226,5.547566756439241,8.13460775876132,0.022965566259149365,-0.05533170149489881,0.0030407435697642404
12080472,1789117034577000000,867,HEAD_POSE_ESTIMATE,estimated,1.0309937095964483,5.56623982256269,8.118484007988439,0.017132643410966625,-0.04295753960848541,0.0009927488398541549
12094472,1789117034591000000,868,HEAD_POSE_ESTIMATE,estimated,1.0608394003540054,5.571482376607858,8.107818717471293,0.010821548916993518,-0.03259973209869502,0.00209525638904452
12107472,1789117034604000000,869,HEAD_POSE_ESTIMATE,estimated,1.0792835937077083,5.566981959387846,8.097051557646065,0.009465323465924897,-0.022654219433241127,0.0075419704162685815
12122472,1789117034619000000,870,HEAD_POSE_ESTIMATE,estimated,1.1135284302366342,5.551334861268867,8.083296645811384,0.011063376720599696,-0.010214532733508462,0.01683170894433409
12136472,1789117034633000000,871,HEAD_POSE_ESTIMATE,estimated,1.1432514744607252,5.524200014979391,8.08354985584401,0.016345628887407135,0.001472939184969162,0.031158847357340445
12150472,1789117034647000000,872,HEAD_POSE_ESTIMATE,estimated,1.169587134634524,5.501008795549391,8.074316187508805,0.02426033488028826,0.012134637796367758,0.04086329310673769
12163472,1789117034660000000,873,HEAD_POSE_ESTIMATE,estimated,1.1912535376496614,5.4804654983626975,8.060594729970802,0.031573098738105536,0.02140729690210572,0.04556884778522018
12177472,1789117034674000000,874,HEAD_POSE_ESTIMATE,estimated,1.2041971859976237,5.46059590846347,8.043495794746471,0.03527300681359716,0.02992261472192786,0.04406522751628679
12191472,1789117034688000000,875,HEAD_POSE_ESTIMATE,estimated,1.211462277898751,5.446485143601326,8.02639090218128,0.03895153316015172,0.03554939393205391,0.0369108654432704
12205472,1789117034702000000,876,HEAD_POSE_ESTIMATE,estimated,1.2141694488859491,5.452447290446356,8.003672727308686,0.04232663556847968,0.040197824126124194,0.025390468330986786
12219472,1789117034716000000,877,HEAD_POSE_ESTIMATE,estimated,1.2154796748813572,5.462171182881737,7.996303559255062,0.04614622903289237,0.046024836199335326,0.01090109210174406
12233472,1789117034730000000,878,HEAD_POSE_ESTIMATE,estimated,1.2137545719610727,5.467862533507446,7.986271445960232,0.046812772959582506,0.04832292698137274,-0.005345766643038476
12247472,1789117034744000000,879,HEAD_POSE_ESTIMATE,estimated,1.2008497129394047,5.469525711354102,7.994612810401373,0.04257047935576921,0.048474911859492084,-0.019700097099352668
12261472,1789117034758000000,880,HEAD_POSE_ESTIMATE,estimated,1.1925853910413307,5.475948689255977,7.99668113546373,0.03588753442409381,0.04388890307173582,-0.030250436630775673
12275472,1789117034772000000,881,HEAD_POSE_ESTIMATE,estimated,1.1837842107154164,5.482330319349396,8.005340429657123,0.028419452151511752,0.03794753705918338,-0.03285159058372671
12289472,1789117034786000000,882,HEAD_POSE_ESTIMATE,estimated,1.170973155902412,5.492484856293586,8.005016514759348,0.021716461982850134,0.029161939294781378,-0.033054311081322486
12303472,1789117034800000000,883,HEAD_POSE_ESTIMATE,estimated,1.1578264506927984,5.500056016368878,8.006724492303436,0.015431142163531756,0.017455656936750517,-0.029685466540313923
12317472,1789117034814000000,884,HEAD_POSE_ESTIMATE,estimated,1.1462271969217774,5.507085549524365,8.010021172175882,0.013339488599149215,0.005915913572438659,-0.024253417055080703
12331472,1789117034828000000,885,HEAD_POSE_ESTIMATE,estimated,1.136731423264527,5.52252654278972,8.017475274111268,0.008817488716651358,-0.006713089629706026,-0.018576867835159976
12345472,1789117034842000000,886,HEAD_POSE_ESTIMATE,estimated,1.1270010692260475,5.543797439336871,8.026856645274258,0.005700204726782073,-0.018970020447740224,-0.014889797975799935
12358472,1789117034855000000,887,HEAD_POSE_ESTIMATE,estimated,1.1199732485501834,5.564672820055195,8.035038186723375,0.0031324968740921266,-0.028383854671079886,-0.0141207745009439
12373472,1789117034870000000,888,HEAD_POSE_ESTIMATE,estimated,1.1164469955253296,5.585043466150466,8.034439051579088,0.004100979736769801,-0.03709601770335553,-0.012976297082203892
12388472,1789117034885000000,889,HEAD_POSE_ESTIMATE,estimated,1.120102676442091,5.589131954549033,8.03072206910881,0.008901116232817906,-0.04237494173704391,-0.012411054278196613
12400472,1789117034897000000,890,HEAD_POSE_ESTIMATE,estimated,1.1222399423682803,5.582294450527588,8.025021267881362,0.01716691735321206,-0.04346318095598548,-0.012839805366942268
12414472,1789117034911000000,891,HEAD_POSE_ESTIMATE,estimated,1.1241957725455392,5.583190824749063,8.014510013486465,0.026290930022290666,-0.04249045208659913,-0.012608157801145624
12428472,1789117034925000000,892,HEAD_POSE_ESTIMATE,estimated,1.1268662218561043,5.589150719582688,8.00326167576242,0.03227845296015982,-0.04064632913902328,-0.011667825692869695
12442472,1789117034939000000,893,HEAD_POSE_ESTIMATE,estimated,1.1268674783232382,5.600700545262277,7.990871878715061,0.03374506988757072,-0.03924211645823887,-0.009631651077436243
12455472,1789117034952000000,894,HEAD_POSE_ESTIMATE,estimated,1.1220306835581249,5.589649770996507,7.980172586669653,0.03402585304910437,-0.03816724608912018,-0.005522723220134721
12469472,1789117034966000000,895,HEAD_POSE_ESTIMATE,estimated,1.1215053175088943,5.570459648380832,7.9737074364332505,0.03356278854424266,-0.03583370001968165,-0.0008151334241249677
12483472,1789117034980000000,896,HEAD_POSE_ESTIMATE,estimated,1.1219059559931897,5.549331031564886,7.963383083831649,0.031798053440563454,-0.03250035160718803,0.002133594667134285
12497472,1789117034994000000,897,HEAD_POSE_ESTIMATE,estimated,1.119093539139241,5.5428224593028235,7.966160352963797,0.02838846467650815,-0.02940727173292514,0.0032356606532871483
12511472,1789117035008000000,898,HEAD_POSE_ESTIMATE,estimated,1.1106196332225018,5.5409064462289725,7.9660825271489895,0.02329100864904241,-0.025477295866442623,0.004283424685431401
12525472,1789117035022000000,899,HEAD_POSE_ESTIMATE,estimated,1.0995968490125247,5.541710532311549,7.969122055933304,0.01680866258221506,-0.021005845818798927,0.0045651222601731265
12539472,1789117035036000000,900,HEAD_POSE_ESTIMATE,estimated,1.0888928194500347,5.543481623685414,7.974689824455853,0.011394403907591668,-0.016813641929006938,0.003285676592063432
12553472,1789117035050000000,901,HEAD_POSE_ESTIMATE,estimated,1.0811596084538404,5.551583474267201,7.985862565776414,0.006300650302145785,-0.013079152086174118,0.0016971576712043288
12567472,1789117035064000000,902,HEAD_POSE_ESTIMATE,estimated,1.0720045494771733,5.553014216654291,8.000404177017902,-0.0008585054307361934,-0.009130744929342438,0.0009635029506772256
12581472,1789117035078000000,903,HEAD_POSE_ESTIMATE,estimated,1.0647443170198576,5.555359145980186,8.012895713134446,-0.012802638050996825,-0.004679510255781899,0.0012150710325916966
12595472,1789117035092000000,904,HEAD_POSE_ESTIMATE,estimated,1.0619406594402117,5.556222446351169,8.024420406158457,-0.024743412764939302,-0.000709938631506,0.003319564914523697
12611472,1789117035108000000,905,HEAD_POSE_ESTIMATE,estimated,1.0541575386115403,5.554361445218303,8.035632709697914,-0.03403559173344931,0.002730091859901875,0.0068604728871530865
12621472,1789117035118000000,906,HEAD_POSE_ESTIMATE,estimated,1.0480744441175915,5.558880075290783,8.038040984468704,-0.03730255656330424,0.004170046368589673,0.009771400531612993
12636472,1789117035133000000,907,HEAD_POSE_ESTIMATE,estimated,1.0417178923654904,5.570086296894965,8.040585228555083,-0.03480317625186686,0.00645768305854128,0.013629072915573949
12655472,1789117035152000000,908,HEAD_POSE_ESTIMATE,estimated,1.038494751227149,5.555791114313914,8.040387484406475,-0.017107672531782234,0.009629458909917375,0.019467107772760287
12664472,1789117035161000000,909,HEAD_POSE_ESTIMATE,estimated,1.0347995433994095,5.544969358835912,8.03826482982571,-0.009002884511641192,0.010807369668270443,0.02236218166789362
12676472,1789117035173000000,910,HEAD_POSE_ESTIMATE,estimated,1.0344853337121407,5.517077851801909,8.037383289071053,0.008416229805507061,0.013857952462242164,0.027438171207294387
12691472,1789117035188000000,911,HEAD_POSE_ESTIMATE,estimated,1.0424069229621196,5.505342861511984,8.027315886803347,0.024107076719047195,0.017711750096979905,0.03387873086276697
12704472,1789117035201000000,912,HEAD_POSE_ESTIMATE,estimated,1.048274125904959,5.500885460312107,8.020552832707475,0.035899267727510106,0.02105073850088614,0.03993514842896554
12719472,1789117035216000000,913,HEAD_POSE_ESTIMATE,estimated,1.0527199581135775,5.503823225825412,8.01329661589676,0.043020649178344826,0.025729117680189876,0.04401228728099727
12732472,1789117035229000000,914,HEAD_POSE_ESTIMATE,estimated,1.0541837478479132,5.501440912924903,8.013982254878005,0.042000196806007334,0.029069702473811108,0.04259838364704012
12746472,1789117035243000000,915,HEAD_POSE_ESTIMATE,estimated,1.0590684379189403,5.497972452298841,8.01721712952604,0.03730476297394969,0.032337042635996786,0.0385815508764455
12760472,1789117035257000000,916,HEAD_POSE_ESTIMATE,estimated,1.0656357977500437,5.489365820274031,8.025162675556947,0.0242808870389929,0.033658100014826275,0.033549155646776
12770472,1789117035267000000,917,HEAD_POSE_ESTIMATE,estimated,1.0643580306649647,5.4996876346541494,8.034809696768333,0.0196407498930115,0.03430917392156482,0.030368363748969597
12786472,1789117035283000000,918,HEAD_POSE_ESTIMATE,estimated,1.062122028964378,5.498469780757546,8.04682909434937,0.004499471188774949,0.033580564247251296,0.02513334093000919
12798472,1789117035295000000,919,HEAD_POSE_ESTIMATE,estimated,1.0551226944837715,5.502899005012741,8.05059275054367,-0.0008018116016942207,0.03010051309683348,0.022561640653225204
12812472,1789117035309000000,920,HEAD_POSE_ESTIMATE,estimated,1.0439394722564643,5.499370770310892,8.057402603999554,-0.00337751179061804,0.0248683798859709,0.0213669925156892
12826472,1789117035323000000,921,HEAD_POSE_ESTIMATE,estimated,1.0344975415230406,5.495427883003133,8.060928688870094,-0.0036966584039782816,0.017436764575564867,0.02177551218344228
12841472,1789117035338000000,922,HEAD_POSE_ESTIMATE,estimated,1.023597162808608,5.490842183136192,8.058548027052979,-0.0031757622019113127,0.010222125254924002,0.023034717103188673
12855472,1789117035352000000,923,HEAD_POSE_ESTIMATE,estimated,1.0221041121553136,5.495075828188095,8.068765043846282,-0.0019644739681348275,0.0018465309730787333,0.025777608165693296
12868472,1789117035365000000,924,HEAD_POSE_ESTIMATE,estimated,1.0150152714015563,5.502685891209823,8.077702789535698,-0.0005990880081629986,-0.0038752774633370574,0.02813278812696772
12882472,1789117035379000000,925,HEAD_POSE_ESTIMATE,estimated,1.0160156951496575,5.511385332791306,8.0847080598327,0.0024129705618346174,-0.006417038688290507,0.02897901823078504
12897472,1789117035394000000,926,HEAD_POSE_ESTIMATE,estimated,1.012966111990296,5.518503808328132,8.088745865455737,0.005086544103072156,-0.008539482897003948,0.027897663895697575
12910472,1789117035407000000,927,HEAD_POSE_ESTIMATE,estimated,1.0087905142657616,5.515081884475101,8.084560188297305,0.00989872076462515,-0.008851222145565331,0.022130927569305986
12923472,1789117035420000000,928,HEAD_POSE_ESTIMATE,estimated,1.0036804029411839,5.511264745568355,8.082839624139304,0.014299094995675598,-0.009280782394306832,0.01710290359501793
12938472,1789117035435000000,929,HEAD_POSE_ESTIMATE,estimated,0.9944894896191903,5.511218790473858,8.08163937942272,0.019789504975843888,-0.010794949704500064,0.013992734515741996
12952472,1789117035449000000,930,HEAD_POSE_ESTIMATE,estimated,0.9896778811265575,5.51517297301261,8.085270261613475,0.025574945591595958,-0.012527214702002439,0.017220921445221252
12966472,1789117035463000000,931,HEAD_POSE_ESTIMATE,estimated,0.9757549198336064,5.524241455720816,8.084072867090097,0.029481359218102333,-0.013818644761146567,0.021648807172919605
12979472,1789117035476000000,932,HEAD_POSE_ESTIMATE,estimated,0.9678660425704185,5.533071519064148,8.079440060943671,0.03228444243613257,-0.015120529350039503,0.02723434054868974
12994472,1789117035491000000,933,HEAD_POSE_ESTIMATE,estimated,0.9639245399409522,5.541486980799028,8.080289962668799,0.034647942539482716,-0.018441493550647173,0.03151122146584197
13008472,1789117035505000000,934,HEAD_POSE_ESTIMATE,estimated,0.9554330709132156,5.5369135950178086,8.0709061605262,0.035090828821278154,-0.020090410109021926,0.037141478396922174
13026472,1789117035523000000,935,HEAD_POSE_ESTIMATE,estimated,0.9889670147441236,5.532335895375097,8.067333492333757,0.03396130601146325,-0.018173829140950545,0.04288228755867411
13038472,1789117035535000000,936,HEAD_POSE_ESTIMATE,estimated,0.9976319406119304,5.528254053748267,8.063317374704862,0.031891729231006215,-0.01670948126007456,0.047430033260914696
13049472,1789117035546000000,937,HEAD_POSE_ESTIMATE,estimated,1.008027758707669,5.529610160651246,8.062087821125694,0.027966908493100812,-0.012600651710169912,0.05183987808231951
13066472,1789117035563000000,938,HEAD_POSE_ESTIMATE,estimated,1.0277331888664654,5.551473441468901,8.062116797700867,0.022534218754163674,-0.005393697287641395,0.059374630483181076
13077472,1789117035574000000,939,HEAD_POSE_ESTIMATE,estimated,1.0426264483662304,5.5752600173048625,8.063828818654407,0.018817570798738,0.0010920457350184032,0.06503550364877188
13091472,1789117035588000000,940,HEAD_POSE_ESTIMATE,estimated,1.0588399435392624,5.593616496540053,8.062604810856568,0.016558167777810193,0.005251121785807777,0.06650992285152894
13106472,1789117035603000000,941,HEAD_POSE_ESTIMATE,estimated,1.0795097230918587,5.598766600431552,8.058147204038935,0.014656907326777865,0.007031151154609088,0.06496800913791208
13133472,1789117035630000000,942,HEAD_POSE_ESTIMATE,estimated,1.101852425022219,5.5842196890603315,8.039166610882198,0.015453774501661218,0.007021024439097701,0.06028214532216349
13146472,1789117035643000000,943,HEAD_POSE_ESTIMATE,estimated,1.1106588132996118,5.577595615919775,8.01919104672454,0.019771246968961143,0.008490051234623248,0.05511032501391198
13160472,1789117035657000000,944,HEAD_POSE_ESTIMATE,estimated,1.1167772242094018,5.565842371728532,8.000236860602648,0.028465720455287797,0.007953801309329864,0.04742613803892232
13174472,1789117035671000000,945,HEAD_POSE_ESTIMATE,estimated,1.1125995064760739,5.56057939861172,7.978412426222031,0.042099640273653816,0.009636747626600738,0.03550139150806276
13190472,1789117035687000000,946,HEAD_POSE_ESTIMATE,estimated,1.0987996116363157,5.554489998887021,7.952791365781917,0.05452901516084298,0.009907540263912645,0.026359595205312655
13203472,1789117035700000000,947,HEAD_POSE_ESTIMATE,estimated,1.0946935115132177,5.551240301243205,7.937506628449213,0.0623709198681594,0.010052759308770845,0.020789372864092114
13218472,1789117035715000000,948,HEAD_POSE_ESTIMATE,estimated,1.0886727508329868,5.549280449563118,7.920863511004379,0.06475548148625292,0.012000293013655086,0.021898260811256714
13231472,1789117035728000000,949,HEAD_POSE_ESTIMATE,estimated,1.096460651873506,5.530921340818804,7.899205270704922,0.06176742048297977,0.01732361809933077,0.029266766530791317
13245472,1789117035742000000,950,HEAD_POSE_ESTIMATE,estimated,1.0965707760957202,5.539797561477375,7.892446425162285,0.057652770417715306,0.02099022216959709,0.03303911180329076
13259472,1789117035756000000,951,HEAD_POSE_ESTIMATE,estimated,1.1019080514953035,5.534063922205586,7.887467188328568,0.051464482259028874,0.02488590597138699,0.04044673748739839
13273472,1789117035770000000,952,HEAD_POSE_ESTIMATE,estimated,1.1122796967915292,5.545625943380354,7.87856071743529,0.04178286504524941,0.029290700103035864,0.04485587450629382
13287472,1789117035784000000,953,HEAD_POSE_ESTIMATE,estimated,1.1285324378033812,5.553534933396133,7.874452149030753,0.03140325534477188,0.030260062409403408,0.04645160814545827
13301472,1789117035798000000,954,HEAD_POSE_ESTIMATE,estimated,1.1432886133950586,5.562485133623165,7.876483262174924,0.018702787075470486,0.03007292880643312,0.046156154724843496
13315472,1789117035812000000,955,HEAD_POSE_ESTIMATE,estimated,1.1492045346276238,5.5655155681915485,7.8836531139232955,0.007744727840585378,0.027866148038076504,0.0466967291481777
13329472,1789117035826000000,956,HEAD_POSE_ESTIMATE,estimated,1.1531351339381264,5.567509673216895,7.888809982173535,-0.0006955936389574175,0.022995937168300267,0.04332092831235031
13347472,1789117035844000000,957,HEAD_POSE_ESTIMATE,estimated,1.1485237126118815,5.575406105167014,7.900183884786883,-0.006818817210698732,0.010212225227869744,0.03147853740246246
13359472,1789117035856000000,958,HEAD_POSE_ESTIMATE,estimated,1.1493552586418951,5.575337512877527,7.906435398257844,-0.00846247080228817,0.0034283704637935214,0.024318822111946914
13370472,1789117035867000000,959,HEAD_POSE_ESTIMATE,estimated,1.1504046997553528,5.58151762301571,7.915440955637024,-0.009536239862064637,-0.007258489533116472,0.01464166356206589
13387472,1789117035884000000,960,HEAD_POSE_ESTIMATE,estimated,1.1408023242878549,5.595008995320873,7.932324584482597,-0.013666724416172116,-0.018690407679573043,0.004533332961109766
13396472,1789117035893000000,961,HEAD_POSE_ESTIMATE,estimated,1.1317869989601965,5.589346637041155,7.941458837048412,-0.017129344198901993,-0.025931676941144774,0.0007877404388616517
13411472,1789117035908000000,962,HEAD_POSE_ESTIMATE,estimated,1.1181553220111005,5.591707156582014,7.958064181613314,-0.019605063139688197,-0.030305509391951455,-0.0015890021889518615
13426472,1789117035923000000,963,HEAD_POSE_ESTIMATE,estimated,1.1111443331823567,5.592679864810637,7.979184379312392,-0.019740397492749823,-0.031009326397032497,-0.0006090393191655258
13439472,1789117035936000000,964,HEAD_POSE_ESTIMATE,estimated,1.1060697381041873,5.589670198840061,7.993035894868344,-0.018521894006684646,-0.02842689975850999,0.0004497989248451904
13453472,1789117035950000000,965,HEAD_POSE_ESTIMATE,estimated,1.1044480565418966,5.59845292190976,8.01334650511997,-0.020520881498869523,-0.02474179894642406,0.0018402963751579765
13467472,1789117035964000000,966,HEAD_POSE_ESTIMATE,estimated,1.1053648990705718,5.6066552398729455,8.026954990546432,-0.02329530540473308,-0.01889209834406921,0.001623751808105732
13481472,1789117035978000000,967,HEAD_POSE_ESTIMATE,estimated,1.1107115837029586,5.622688610500078,8.035483298014634,-0.022750913377567492,-0.013816929224159512,-0.0002774633062194344
13496472,1789117035993000000,968,HEAD_POSE_ESTIMATE,estimated,1.1249051247803543,5.635031912253799,8.04304971556822,-0.020023520859682585,-0.008694618855299546,-0.005846224646568428
13512472,1789117036009000000,969,HEAD_POSE_ESTIMATE,estimated,1.1352312837500604,5.627714721951338,8.045106116741904,-0.014795341117321809,-0.0037586057304738424,-0.009120490588423014
13523472,1789117036020000000,970,HEAD_POSE_ESTIMATE,estimated,1.1445544208495166,5.61737817349594,8.045541480294483,-0.00926762604429354,-0.0010847307231159186,-0.011470575599800756
13537472,1789117036034000000,971,HEAD_POSE_ESTIMATE,estimated,1.1397030334582645,5.606811170854678,8.043431717871163,-0.0034354108525673135,0.00023488205403213825,-0.012760592253797174
13551472,1789117036048000000,972,HEAD_POSE_ESTIMATE,estimated,1.1454839733048883,5.5957583446684245,8.036776311043653,0.0032299730801364454,-0.0007856376932467167,-0.010943148167864911
13565472,1789117036062000000,973,HEAD_POSE_ESTIMATE,estimated,1.1465674847160452,5.5955898799227715,8.024542748958892,0.010706111533008026,-0.004522779016815377,-0.007503172675743685
13579472,1789117036076000000,974,HEAD_POSE_ESTIMATE,estimated,1.1505909492846953,5.604042536726667,8.019016029186872,0.019719337303302463,-0.009978585507599596,-0.0021727496671708367
13593472,1789117036090000000,975,HEAD_POSE_ESTIMATE,estimated,1.1544294826671584,5.603891744818645,8.011054807037551,0.027120880059873835,-0.01662586983421501,0.003067332859417287
13608472,1789117036105000000,976,HEAD_POSE_ESTIMATE,estimated,1.165203638383614,5.598216854243345,8.008895062634572,0.032993294089388094,-0.025173533517261402,0.008411069915065066
13621472,1789117036118000000,977,HEAD_POSE_ESTIMATE,estimated,1.1740856569631561,5.584851948114081,8.00462590873855,0.03362388860760643,-0.030605790119461122,0.012051414168950123
13635472,1789117036132000000,978,HEAD_POSE_ESTIMATE,estimated,1.183758374951222,5.588345953959105,8.001312033398534,0.029023945645211425,-0.03442183429200764,0.014804323713211463
13649472,1789117036146000000,979,HEAD_POSE_ESTIMATE,estimated,1.198518418650632,5.598888641633876,7.99540149682871,0.022807700508036138,-0.03470802991022634,0.014549176824728255
13663472,1789117036160000000,980,HEAD_POSE_ESTIMATE,estimated,1.2087406632705038,5.610697600295906,7.989509955682335,0.018384988300624818,-0.03236673778416473,0.011303447845632924
13677472,1789117036174000000,981,HEAD_POSE_ESTIMATE,estimated,1.2148593925058677,5.6258776810788245,7.985821811988651,0.018900793167548263,-0.02575466229658381,0.005142444276761221
13690472,1789117036187000000,982,HEAD_POSE_ESTIMATE,estimated,1.2245813181209115,5.61745598081706,7.981673045862979,0.01927066031422055,-0.01898157056709989,0.0006735428528854418
13704472,1789117036201000000,983,HEAD_POSE_ESTIMATE,estimated,1.2442763997208497,5.61241867443587,7.975594791903698,0.019155221716297428,-0.010181193138252647,-0.0037823691848216695
13718472,1789117036215000000,984,HEAD_POSE_ESTIMATE,estimated,1.2609853486238112,5.601347204929139,7.967480161883734,0.018843935365806627,-0.0019759552180315157,-0.006772500463146582
13732472,1789117036229000000,985,HEAD_POSE_ESTIMATE,estimated,1.2681860414188115,5.600155128278125,7.951222462555602,0.01668148632169347,0.004139369471109849,-0.012150832306953085
13746472,1789117036243000000,986,HEAD_POSE_ESTIMATE,estimated,1.2603870285421745,5.6001808240703514,7.928158986306077,0.01838364245015595,0.006163728582778444,-0.020582681212007146
13760472,1789117036257000000,987,HEAD_POSE_ESTIMATE,estimated,1.2514991372532795,5.598303565830805,7.902429110600688,0.02259765430758643,0.00436840751667275,-0.02875162114758757
13774472,1789117036271000000,988,HEAD_POSE_ESTIMATE,estimated,1.2501768928812922,5.593210947549176,7.886601064998512,0.0309923921008072,-0.00045313145473160486,-0.035065941311221635
13790472,1789117036287000000,989,HEAD_POSE_ESTIMATE,estimated,1.2417481948512399,5.600300463900638,7.878272703530729,0.037409862351116305,-0.007045643683702733,-0.03876797868707301
13801472,1789117036298000000,990,HEAD_POSE_ESTIMATE,estimated,1.2335723554997415,5.612905354980037,7.878543573294307,0.038175383775594526,-0.012622338617786307,-0.03968058020235148
13815472,1789117036312000000,991,HEAD_POSE_ESTIMATE,estimated,1.2172051438740588,5.620891275300776,7.880408084970126,0.037676904882982615,-0.019054178511170725,-0.03841265490676759
13829472,1789117036326000000,992,HEAD_POSE_ESTIMATE,estimated,1.2040335734399954,5.630934770535494,7.888572834679088,0.0358668521118707,-0.024517240996750445,-0.03687832451098896
13843472,1789117036340000000,993,HEAD_POSE_ESTIMATE,estimated,1.1941957390303874,5.648995938292166,7.8820606959491215,0.032836312288615714,-0.028475229202418226,-0.03592224698772294
13859472,1789117036356000000,994,HEAD_POSE_ESTIMATE,estimated,1.1851921086840271,5.662152601016954,7.889733829485352,0.028801595052206835,-0.03126520411223171,-0.03814092431915087
13871472,1789117036368000000,995,HEAD_POSE_ESTIMATE,estimated,1.1759143050394842,5.668815908844853,7.891674315176422,0.022575987671853457,-0.032780701617533915,-0.03975967309271672
13885472,1789117036382000000,996,HEAD_POSE_ESTIMATE,estimated,1.157699606562744,5.6613100623232775,7.903618306413886,0.012915834098162767,-0.034685567706721855,-0.0420871879367923
13900472,1789117036397000000,997,HEAD_POSE_ESTIMATE,estimated,1.138969975337108,5.660252203908886,7.908682949883787,0.00019097735365623852,-0.035416982827886884,-0.043759506319188755
13913472,1789117036410000000,998,HEAD_POSE_ESTIMATE,estimated,1.134704097140827,5.662108467280354,7.91414212222153,-0.00854287589405299,-0.03689575658410453,-0.04668226978850477
13927472,1789117036424000000,999,HEAD_POSE_ESTIMATE,estimated,1.1300632124915253,5.669409415713443,7.92063404367512,-0.015395538411175486,-0.03572116849278443,-0.047265545609742374
13942472,1789117036439000000,1000,HEAD_POSE_ESTIMATE,estimated,1.1242591922364764,5.668640478197025,7.9219586620584534,-0.017493347917139447,-0.03365966037745014,-0.04544302603961029
13954472,1789117036451000000,1001,HEAD_POSE_ESTIMATE,estimated,1.1196710406721644,5.661819189018214,7.920118146253533,-0.013566309957905419,-0.030031424070967653,-0.041579663338449695
13969472,1789117036466000000,1002,HEAD_POSE_ESTIMATE,estimated,1.1163796957720495,5.644048802455749,7.917740638003314,-0.009913082808648188,-0.022697287705537368,-0.03304500661693641
13982472,1789117036479000000,1003,HEAD_POSE_ESTIMATE,estimated,1.1211023063108156,5.634183753039619,7.912437634848857,-0.006574317259211294,-0.016286967269622244,-0.024933851588617304
13996472,1789117036493000000,1004,HEAD_POSE_ESTIMATE,estimated,1.1291383146830887,5.633801354638879,7.917184717180442,-0.004449833529641381,-0.010036577377178594,-0.017581665652889183
14010472,1789117036507000000,1005,HEAD_POSE_ESTIMATE,estimated,1.1347720878342373,5.63817491245526,7.918465636901086,-0.0013388158145539778,-0.006438662109761864,-0.011339426135219342
14027472,1789117036524000000,1006,HEAD_POSE_ESTIMATE,estimated,1.140883919754353,5.6359357330814355,7.921465677024152,0.00166118715912383,-0.0044219997281870855,-0.004972453987559151
14039472,1789117036536000000,1007,HEAD_POSE_ESTIMATE,estimated,1.1382512162944514,5.635323339830502,7.927373928179675,0.0020631866229564835,-0.005503040481690994,-0.0026073338006175196
14051472,1789117036548000000,1008,HEAD_POSE_ESTIMATE,estimated,1.1416773704929228,5.636501669038095,7.931397666752278,0.00019577392074935593,-0.0070191681852847625,-0.0003644078886288198
14065472,1789117036562000000,1009,HEAD_POSE_ESTIMATE,estimated,1.1497618489167563,5.6396957208159995,7.937323836948349,-0.00011625592434421676,-0.00893818382654154,0.0020641945453654317
14079472,1789117036576000000,1010,HEAD_POSE_ESTIMATE,estimated,1.15802041667373,5.643599118360023,7.94686270605977,-0.00039202188213917875,-0.010964166008378816,0.0029254539119158017
14093472,1789117036590000000,1011,HEAD_POSE_ESTIMATE,estimated,1.157420590908532,5.645798793915021,7.956152673399743,0.002383616001704037,-0.011904993276905713,0.003759536354409994
14107472,1789117036604000000,1012,HEAD_POSE_ESTIMATE,estimated,1.154135667637004,5.644446554287093,7.966500123695191,0.005689786343286168,-0.011600284932592133,0.002285779679342215
14121472,1789117036618000000,1013,HEAD_POSE_ESTIMATE,estimated,1.1532373371670943,5.652803569179087,7.974008280726665,0.008274530691394845,-0.01140717527832004,-0.0008427376744662686
14136472,1789117036633000000,1014,HEAD_POSE_ESTIMATE,estimated,1.1578616557585328,5.665330020740615,7.9904130375049895,0.010780933222651402,-0.009191450426907204,-0.0024945910958752227
14149472,1789117036646000000,1015,HEAD_POSE_ESTIMATE,estimated,1.1612636698682843,5.673661781575602,7.998813178768534,0.010424242921862894,-0.007522846126644386,-0.008902097341917936
14164472,1789117036661000000,1016,HEAD_POSE_ESTIMATE,estimated,1.1681262703501727,5.682253260547904,8.003104744894781,0.010983219280158005,-0.00857936451220845,-0.013053739233503843
14179472,1789117036676000000,1017,HEAD_POSE_ESTIMATE,estimated,1.1674302289058434,5.684334186845791,8.009559945160486,0.01048197910577241,-0.011302835921231751,-0.015291235246863334
14190472,1789117036687000000,1018,HEAD_POSE_ESTIMATE,estimated,1.1662975485339733,5.686237062926576,8.009336767255794,0.00949966535343181,-0.016026633888701174,-0.013390614160118034
14206472,1789117036703000000,1019,HEAD_POSE_ESTIMATE,estimated,1.1713416642214036,5.687081939313681,8.003250846480281,0.010057817486718756,-0.022956445994053408,-0.0060708355051467934
14222472,1789117036719000000,1020,HEAD_POSE_ESTIMATE,estimated,1.1823830122356465,5.687159082923781,7.991297468254765,0.014067746207178034,-0.03183847459899715,0.004217884324381353
14234472,1789117036731000000,1021,HEAD_POSE_ESTIMATE,estimated,1.188452491165734,5.67755459678538,7.974642997818364,0.02559778344980285,-0.039916527934199086,0.015402989767941912
14244472,1789117036741000000,1022,HEAD_POSE_ESTIMATE,estimated,1.1906927387094481,5.677244251664257,7.962383162890107,0.03694549869845941,-0.047322340946848666,0.022069871746866965
14259472,1789117036756000000,1023,HEAD_POSE_ESTIMATE,estimated,1.2040164301988037,5.679688068729845,7.940813682577289,0.04978682961034084,-0.05430498873091565,0.027031825876237862
14273472,1789117036770000000,1024,HEAD_POSE_ESTIMATE,estimated,1.2137076656528853,5.678329136030922,7.922236688301564,0.06059370247357504,-0.06290953707954461,0.02367348065178788
14287472,1789117036784000000,1025,HEAD_POSE_ESTIMATE,estimated,1.230660094844498,5.679754290263244,7.901240382322624,0.06615609076818571,-0.06890749256776191,0.01744809423025149
14301472,1789117036798000000,1026,HEAD_POSE_ESTIMATE,estimated,1.2366749794975065,5.68225975139252,7.8759898140073625,0.0664335166277042,-0.07327947827539755,0.011734046092067204
14315472,1789117036812000000,1027,HEAD_POSE_ESTIMATE,estimated,1.2353913828928011,5.69163307679211,7.8506927483203235,0.062028855952245714,-0.07549706358288501,0.005644197559111902
14329472,1789117036826000000,1028,HEAD_POSE_ESTIMATE,estimated,1.2336814847932187,5.701171550111065,7.82860182047319,0.054028474316145034,-0.07610151306630811,0.0037525778569319312
14346472,1789117036843000000,1029,HEAD_POSE_ESTIMATE,estimated,1.235879144405997,5.702711190312107,7.822231913160363,0.045826241611346144,-0.07340661809865814,0.00677892506319067
14358472,1789117036855000000,1030,HEAD_POSE_ESTIMATE,estimated,1.2388799396269863,5.70336677097148,7.819727739184313,0.03943094316904232,-0.0692973057906675,0.00818858604723663
14369472,1789117036866000000,1031,HEAD_POSE_ESTIMATE,estimated,1.2501566397792574,5.698551435385402,7.815546716995381,0.03494833249147634,-0.06409311708456156,0.01783449195470414
14385472,1789117036882000000,1032,HEAD_POSE_ESTIMATE,estimated,1.2569313555438528,5.687030702461607,7.812960590153341,0.029255002823652353,-0.05405822159125733,0.024400062745493042
14396472,1789117036893000000,1033,HEAD_POSE_ESTIMATE,estimated,1.264388922746558,5.686635158615178,7.816410597070649,0.02953728992166182,-0.04727075736041483,0.02879458977309944
14411472,1789117036908000000,1034,HEAD_POSE_ESTIMATE,estimated,1.272614049443133,5.686879137061011,7.819066122464814,0.028596825673415285,-0.03631329817072155,0.029764549588830094
14426472,1789117036923000000,1035,HEAD_POSE_ESTIMATE,estimated,1.2824100773857356,5.692312630059132,7.822298523438909,0.027243041518443395,-0.026705578201796004,0.02845190997153041
14443472,1789117036940000000,1036,HEAD_POSE_ESTIMATE,estimated,1.2890935951643652,5.702826107953182,7.829577284185336,0.02326530120434697,-0.015058523145680664,0.022988802629791014
14459472,1789117036956000000,1037,HEAD_POSE_ESTIMATE,estimated,1.2978824483213371,5.707735832494272,7.837411990786204,0.01619839150237754,-0.004747579698301954,0.01268179384339193
14481472,1789117036978000000,1038,HEAD_POSE_ESTIMATE,estimated,1.3317203945154488,5.698500161942987,7.847824857408755,0.013715909714145524,0.00664141430916448,0.006135375465250113
14495472,1789117036992000000,1039,HEAD_POSE_ESTIMATE,estimated,1.3511960164271666,5.6986552971164794,7.848163923726606,0.0147423284949437,0.01301218742925226,0.011052767144256405
14510472,1789117037007000000,1040,HEAD_POSE_ESTIMATE,estimated,1.3661204164281202,5.702587331707876,7.84507923009415,0.014236089678117424,0.01358302484909807,0.014522199887595084
14524472,1789117037021000000,1041,HEAD_POSE_ESTIMATE,estimated,1.3782317836095017,5.713752123894992,7.835479689991558,0.012313937558729856,0.012640952011138521,0.014720333987488912
14537472,1789117037034000000,1042,HEAD_POSE_ESTIMATE,estimated,1.3829963216935723,5.728605416522802,7.831978136563325,0.011389439053355686,0.009493122285087226,0.011972551234593818
14552472,1789117037049000000,1043,HEAD_POSE_ESTIMATE,estimated,1.3939957337885227,5.740271120125481,7.828425360991264,0.010457258916855429,0.00762086037445394,0.004169805821866941
14566472,1789117037063000000,1044,HEAD_POSE_ESTIMATE,estimated,1.4009573301348628,5.744609763968104,7.829108477440495,0.009752527523940168,0.004329734295283259,-0.008543643601687937
14580472,1789117037077000000,1045,HEAD_POSE_ESTIMATE,estimated,1.403009042127897,5.737992118682058,7.82493205035761,0.006370528788063832,-0.0024954732037465884,-0.023895954768108296
14594472,1789117037091000000,1046,HEAD_POSE_ESTIMATE,estimated,1.3813852952469377,5.749298191197775,7.832111165009302,0.002880352696414222,-0.009648961044791,-0.03576595263547255
14608472,1789117037105000000,1047,HEAD_POSE_ESTIMATE,estimated,1.3590340097802232,5.750158657861436,7.834705508567506,-0.0027565422323817313,-0.017405787836865208,-0.046195704923710834
14622472,1789117037119000000,1048,HEAD_POSE_ESTIMATE,estimated,1.3338338040959237,5.765239202993424,7.837450079610931,-0.008997794790454646,-0.021752247449919937,-0.05189834328384116
14636472,1789117037133000000,1049,HEAD_POSE_ESTIMATE,estimated,1.311858276481053,5.7776828539537,7.841773760264001,-0.011298367066474328,-0.02488673822058387,-0.05174929549864906
14650472,1789117037147000000,1050,HEAD_POSE_ESTIMATE,estimated,1.2880691816947045,5.789811207923751,7.847857776009884,-0.010846745713248961,-0.02375996173409185,-0.04866890801888802
14664472,1789117037161000000,1051,HEAD_POSE_ESTIMATE,estimated,1.275181748867022,5.79816589261648,7.851623992758736,-0.010250846545523704,-0.019406414040542115,-0.04072892568163593
14678472,1789117037175000000,1052,HEAD_POSE_ESTIMATE,estimated,1.2693035349258976,5.784365075769297,7.85838654554089,-0.010514088629654268,-0.013189161927457504,-0.030757242603236538
14693472,1789117037190000000,1053,HEAD_POSE_ESTIMATE,estimated,1.2637694039105363,5.765189142561638,7.861359376524412,-0.008556656954172652,-0.004848409506784422,-0.02054916410874525
14706472,1789117037203000000,1054,HEAD_POSE_ESTIMATE,estimated,1.259479678944263,5.749090420187132,7.862060889869129,-0.001954949233976493,0.003795097343249685,-0.013992626320441461
14720472,1789117037217000000,1055,HEAD_POSE_ESTIMATE,estimated,1.2544850119331907,5.741641999589813,7.857488787415028,0.00522595436832302,0.011887658760482473,-0.01226568287663175
14734472,1789117037231000000,1056,HEAD_POSE_ESTIMATE,estimated,1.2530401334950199,5.7428403113676865,7.851096170966433,0.015400188902435198,0.020566793438347362,-0.011634860359926915
14748472,1789117037245000000,1057,HEAD_POSE_ESTIMATE,estimated,1.2448119018044903,5.743303289791818,7.848991647190062,0.022912388013884365,0.02644160214893207,-0.013330669169579559
14762472,1789117037259000000,1058,HEAD_POSE_ESTIMATE,estimated,1.2444875142818004,5.7456537715667215,7.849203152909729,0.026363526150723217,0.028309468549696484,-0.016400206614140912
14776472,1789117037273000000,1059,HEAD_POSE_ESTIMATE,estimated,1.2393161511541149,5.743617394382253,7.84836927089864,0.026014557579797162,0.026638409432679217,-0.018671737209853847
14790472,1789117037287000000,1060,HEAD_POSE_ESTIMATE,estimated,1.232648981171232,5.745262102469502,7.8431704179516455,0.024117567101122273,0.02299116153021786,-0.018604356565524106
14804472,1789117037301000000,1061,HEAD_POSE_ESTIMATE,estimated,1.2278148812664607,5.744969827991099,7.838419159690173,0.022845801545341216,0.019025751564818637,-0.017167027448377007
14818472,1789117037315000000,1062,HEAD_POSE_ESTIMATE,estimated,1.225466905351433,5.742139792898269,7.835956417441266,0.021332859555165885,0.016092335676333412,-0.01198371206494701
14832472,1789117037329000000,1063,HEAD_POSE_ESTIMATE,estimated,1.22473187173638,5.7481064529409815,7.832186094285685,0.018488577392568473,0.01141895888936187,-0.007971799027161733
14846472,1789117037343000000,1064,HEAD_POSE_ESTIMATE,estimated,1.2281448100161625,5.751483071042371,7.832879788244205,0.015754483647919055,0.005874853608886429,-0.004537831527732483
14860472,1789117037357000000,1065,HEAD_POSE_ESTIMATE,estimated,1.2316423641672365,5.7638119827669145,7.831983751730331,0.012517074580268397,0.003012635791421425,-0.0022099802332632423
14874472,1789117037371000000,1066,HEAD_POSE_ESTIMATE,estimated,1.2296399074902973,5.772084789993723,7.827425668815018,0.012651045624730618,-0.000325096372013304,-0.000949781720878972
14888472,1789117037385000000,1067,HEAD_POSE_ESTIMATE,estimated,1.2332022693620552,5.778495599934662,7.8240662771762555,0.014881120932368642,-0.002299023027338015,0.00012811481248777823
14902472,1789117037399000000,1068,HEAD_POSE_ESTIMATE,estimated,1.2355256621644393,5.7717480450862695,7.820472010507568,0.018323510377372045,-0.0022633482433408077,0.0022488908735744744
14916472,1789117037413000000,1069,HEAD_POSE_ESTIMATE,estimated,1.234298308998981,5.77223062766781,7.821630808391014,0.017039439292610432,-0.0023945936522140805,0.005607994558959658
14930472,1789117037427000000,1070,HEAD_POSE_ESTIMATE,estimated,1.2290284820479662,5.776473685376391,7.820960090784318,0.013693382702918918,-0.0024745470340108264,0.008560113411570272
14944472,1789117037441000000,1071,HEAD_POSE_ESTIMATE,estimated,1.2179220088600926,5.78744845788981,7.812147001757332,0.010809854907041238,-0.0017090787818844037,0.010239937419571427
14956472,1789117037453000000,1072,HEAD_POSE_ESTIMATE,estimated,1.210027018022751,5.795999302926066,7.808384319960373,0.010018223181865972,-0.0013004950422184866,0.008672792636962679
14971472,1789117037468000000,1073,HEAD_POSE_ESTIMATE,estimated,1.204316748053079,5.79585232410422,7.803287423578818,0.010560096391697934,0.0009323679754102104,0.008759263748245955
14986472,1789117037483000000,1074,HEAD_POSE_ESTIMATE,estimated,1.2091830776716317,5.780705225873943,7.805357640171254,0.012191402168619948,0.005532178608372015,0.010561538762779734
14997472,1789117037494000000,1075,HEAD_POSE_ESTIMATE,estimated,1.214447335024988,5.773042614308212,7.810846802850794,0.013032256764500639,0.008762094410085568,0.013653405048176083
15012472,1789117037509000000,1076,HEAD_POSE_ESTIMATE,estimated,1.2235686775392693,5.7775834854426105,7.817270865382502,0.008157417419706759,0.014073416054050132,0.01947653236625119
15027472,1789117037524000000,1077,HEAD_POSE_ESTIMATE,estimated,1.2265068060862783,5.790683243022943,7.819106396321438,1.170116803654357e-05,0.019183433503642666,0.026138170170159642
15040472,1789117037537000000,1078,HEAD_POSE_ESTIMATE,estimated,1.2290248094641019,5.798482832210645,7.818396767888719,-0.005323819058075791,0.022973208498925726,0.030718821498213467
15053472,1789117037550000000,1079,HEAD_POSE_ESTIMATE,estimated,1.2365507035912346,5.796282707588914,7.816148739719337,-0.007659653325696786,0.026586738386193142,0.03517744953343811
15068472,1789117037565000000,1080,HEAD_POSE_ESTIMATE,estimated,1.2511049514870063,5.782411040675791,7.81732986154127,-0.006980996551462403,0.030034170006377182,0.03825552100591723
15079472,1789117037576000000,1081,HEAD_POSE_ESTIMATE,estimated,1.2604669468564864,5.7729229880173065,7.813302081118186,-0.005094289361139118,0.030748284743057505,0.03927967212463869
15093472,1789117037590000000,1082,HEAD_POSE_ESTIMATE,estimated,1.2688946946040653,5.764808521041499,7.812365890659493,-0.002277938927798461,0.031383028792409756,0.03959219666699626
15107472,1789117037604000000,1083,HEAD_POSE_ESTIMATE,estimated,1.2719445633385953,5.762373261226262,7.8112078026862575,0.0016427453054686629,0.02995404276423345,0.034907751755454436
15121472,1789117037618000000,1084,HEAD_POSE_ESTIMATE,estimated,1.271413442992513,5.764969214909475,7.80345815837421,0.0062740098757991985,0.025639238250689637,0.02692096338750838
15136472,1789117037633000000,1085,HEAD_POSE_ESTIMATE,estimated,1.2640308595750294,5.77314327765795,7.806152889807826,0.01294320110434786,0.021097398326414947,0.014086846030578831
15149472,1789117037646000000,1086,HEAD_POSE_ESTIMATE,estimated,1.2596837497537634,5.776942509382226,7.806842842080189,0.014683262625283298,0.016186248595620675,0.003887190057504976
15164472,1789117037661000000,1087,HEAD_POSE_ESTIMATE,estimated,1.2573331889491517,5.784232695624562,7.808152854039697,0.011350578365549757,0.010431311951031301,-0.00262684394355737
15177472,1789117037674000000,1088,HEAD_POSE_ESTIMATE,estimated,1.2565491973914584,5.785623605315646,7.813676248513805,0.0011371151180122469,0.00533938639106321,-0.001270620191229318
15191472,1789117037688000000,1089,HEAD_POSE_ESTIMATE,estimated,1.2522549653363741,5.788372045543692,7.817584315691289,-0.0073807254345413026,0.00013526845193655518,0.0018337547436045826
15205472,1789117037702000000,1090,HEAD_POSE_ESTIMATE,estimated,1.250295561288003,5.789305564129361,7.821894362063738,-0.013780384828178777,-0.004914644124218006,0.00550669233810311
15219472,1789117037716000000,1091,HEAD_POSE_ESTIMATE,estimated,1.2482284395592165,5.794149647704605,7.82433526508492,-0.01541606113427583,-0.007440928961817166,0.008701360280888781
15233472,1789117037730000000,1092,HEAD_POSE_ESTIMATE,estimated,1.2451452316133063,5.806668648829991,7.826912146403157,-0.011533041466467376,-0.008438030023985325,0.01089146798525912
15247472,1789117037744000000,1093,HEAD_POSE_ESTIMATE,estimated,1.2493941665646358,5.799755741368866,7.826910903660722,-0.005526029641257241,-0.007805749529402053,0.01196108358184501
15261472,1789117037758000000,1094,HEAD_POSE_ESTIMATE,estimated,1.251790693181906,5.791966065773917,7.81915923761511,0.001409687623163275,-0.00412685156115633,0.00942216137327522
15275472,1789117037772000000,1095,HEAD_POSE_ESTIMATE,estimated,1.2573908198031232,5.775118529851743,7.812813901437496,0.010393002932520474,0.0003274467260750828,0.0027223924730806173
15289472,1789117037786000000,1096,HEAD_POSE_ESTIMATE,estimated,1.2550889944146302,5.775647699566291,7.799931323991334,0.016268142918255315,0.0050259156035153876,-0.006135927608465952
15303472,1789117037800000000,1097,HEAD_POSE_ESTIMATE,estimated,1.2543127873274247,5.775794796548756,7.789640603633176,0.02023439818009575,0.00940426989319813,-0.015540411086840835
15316472,1789117037813000000,1098,HEAD_POSE_ESTIMATE,estimated,1.2482896108262136,5.780625559476377,7.788018154738398,0.0190307852389749,0.013277790117739047,-0.024036899784363398
15331472,1789117037828000000,1099,HEAD_POSE_ESTIMATE,estimated,1.2471545193184255,5.775517810296099,7.786199071848552,0.015014074532385045,0.01530349862854055,-0.027893212191939947
15346472,1789117037843000000,1100,HEAD_POSE_ESTIMATE,estimated,1.2410933742817936,5.7741553190310615,7.784976543182164,0.00789880365974226,0.016038756565528563,-0.026501017262693844
15357472,1789117037854000000,1101,HEAD_POSE_ESTIMATE,estimated,1.2353027638021596,5.776855664622858,7.787483303086158,-0.0010682849465648396,0.013565656830452836,-0.020957860689179368
15372472,1789117037869000000,1102,HEAD_POSE_ESTIMATE,estimated,1.227894843288037,5.794089407659426,7.79472609073076,-0.00918702543757176,0.010647097138107412,-0.013580010786859267
15386472,1789117037883000000,1103,HEAD_POSE_ESTIMATE,estimated,1.2179272675550796,5.804682775679354,7.808698041166178,-0.015462124186027175,0.007342657974056765,-0.009493826554572139
15400472,1789117037897000000,1104,HEAD_POSE_ESTIMATE,estimated,1.2062437664573158,5.814094779734688,7.818778156346753,-0.018406975705686467,0.004735852337944188,-0.008661963637169015
15414472,1789117037911000000,1105,HEAD_POSE_ESTIMATE,estimated,1.1983534274138372,5.809344527694159,7.828860880594993,-0.022703373508290613,0.0014599925137327536,-0.010547741900350162
15429472,1789117037926000000,1106,HEAD_POSE_ESTIMATE,estimated,1.1969038492430062,5.810800925011007,7.833824395981096,-0.02572584575120721,-0.00024523227735180896,-0.012488427865344754
15441472,1789117037938000000,1107,HEAD_POSE_ESTIMATE,estimated,1.1916902073992286,5.8146612447097334,7.835893151199884,-0.025698833416086156,-0.0018461503633500525,-0.01381870640311254
15455472,1789117037952000000,1108,HEAD_POSE_ESTIMATE,estimated,1.1864088922729896,5.823454173943341,7.842241941971616,-0.022172233972432873,-0.001994402554921381,-0.013803967671306202
15469472,1789117037966000000,1109,HEAD_POSE_ESTIMATE,estimated,1.1773507042741804,5.820515181260502,7.845857691650208,-0.01624260302315634,-0.00074870116263934,-0.013213289307396174
15483472,1789117037980000000,1110,HEAD_POSE_ESTIMATE,estimated,1.1688155845998658,5.814357707469715,7.852520054606769,-0.008124468716934842,0.0008784571972057551,-0.01276226605433527
15498472,1789117037995000000,1111,HEAD_POSE_ESTIMATE,estimated,1.1670437914458005,5.803782538128326,7.852930676863482,-0.0020188871938311374,0.0031639047745422606,-0.011325002476891336
15511472,1789117038008000000,1112,HEAD_POSE_ESTIMATE,estimated,1.1717614433507337,5.801394755547537,7.853790257296648,0.0033550598660717556,0.006383523920665535,-0.009328009725754325
15525472,1789117038022000000,1113,HEAD_POSE_ESTIMATE,estimated,1.177716916902697,5.8015896564125855,7.84891981783578,0.006889696104497438,0.010399086285770465,-0.004474627944379526
15539472,1789117038036000000,1114,HEAD_POSE_ESTIMATE,estimated,1.1836376487817237,5.796901843774751,7.841134742212609,0.010440904720900536,0.01191408456151917,0.0011602647843554214
15553472,1789117038050000000,1115,HEAD_POSE_ESTIMATE,estimated,1.1828658564405274,5.7880997784467,7.832276475853396,0.011137788925612081,0.015398557718934886,0.005169357780502772
15567472,1789117038064000000,1116,HEAD_POSE_ESTIMATE,estimated,1.1800800937720832,5.782627072158437,7.821933392415438,0.008561211222361448,0.0166340186652671,0.006130699983162131
15580472,1789117038077000000,1117,HEAD_POSE_ESTIMATE,estimated,1.1819753330901368,5.778762816028162,7.815682970658218,0.0032265324918403005,0.017045443289577498,0.004442599515857306
15596472,1789117038093000000,1118,HEAD_POSE_ESTIMATE,estimated,1.1876951379599192,5.775874902796998,7.816234243014546,-0.0026010174048391793,0.015749580988151487,0.0010880284338288298
15607472,1789117038104000000,1119,HEAD_POSE_ESTIMATE,estimated,1.1907897433781303,5.773575471578638,7.81860454864063,-0.006710382843837052,0.014523979387737475,0.0007787415818285332
15624472,1789117038121000000,1120,HEAD_POSE_ESTIMATE,estimated,1.2027703601074708,5.76636013113969,7.812181009245761,-0.01064659759698869,0.01141555262576083,0.0014481332778698125
15636472,1789117038133000000,1121,HEAD_POSE_ESTIMATE,estimated,1.2058898057963008,5.75711785116638,7.815243867521494,-0.012375148550864242,0.008457438250809649,0.004445117990425692
15648472,1789117038145000000,1122,HEAD_POSE_ESTIMATE,estimated,1.2032589677387275,5.75011677858068,7.8164215768524725,-0.013228277773462336,0.004840993638944504,0.005028342869860458
15663472,1789117038160000000,1123,HEAD_POSE_ESTIMATE,estimated,1.2053662953013051,5.740920503304625,7.822217751481866,-0.013175498508043629,0.0018418073688297402,0.002900152376768439
15676472,1789117038173000000,1124,HEAD_POSE_ESTIMATE,estimated,1.205389018795907,5.745088876431704,7.832501493395547,-0.011051002434768089,-6.484483750959033e-05,-0.0012179789214179042
15690472,1789117038187000000,1125,HEAD_POSE_ESTIMATE,estimated,1.2068021210166278,5.753404331627504,7.840716924450222,-0.011044483212931408,-0.00044372390138587586,-0.004053522622262623
15705472,1789117038202000000,1126,HEAD_POSE_ESTIMATE,estimated,1.2085014378353176,5.758956195770513,7.852203150564064,-0.01456093135544784,0.001306327664569354,-0.005986662703668
15718472,1789117038215000000,1127,HEAD_POSE_ESTIMATE,estimated,1.2077931026244797,5.77176500957964,7.8527098686404315,-0.01763997506334157,0.0035065408609423567,-0.0062610603812762195
15733472,1789117038230000000,1128,HEAD_POSE_ESTIMATE,estimated,1.214070876764356,5.782803787071011,7.866302563242142,-0.021732111065733667,0.006329362848164071,-0.0052423892734466395
15747472,1789117038244000000,1129,HEAD_POSE_ESTIMATE,estimated,1.2159150276558985,5.788340912009731,7.870434791710351,-0.024378606473075562,0.008894548929819723,-0.002578524765490898
15760472,1789117038257000000,1130,HEAD_POSE_ESTIMATE,estimated,1.2186826151073011,5.790796451865779,7.87294089192004,-0.025544347589956506,0.012289190138663584,0.0007805781937347044
15775472,1789117038272000000,1131,HEAD_POSE_ESTIMATE,estimated,1.2189390519459267,5.794264120992412,7.87305913635448,-0.02572307983902002,0.014247187335035322,0.004453292490170437
15789472,1789117038286000000,1132,HEAD_POSE_ESTIMATE,estimated,1.2259952419653317,5.784940221434297,7.872570876257683,-0.022328564547117638,0.016601482778527923,0.009233395827911729
15802472,1789117038299000000,1133,HEAD_POSE_ESTIMATE,estimated,1.2330815066010292,5.776484966633259,7.866617526979664,-0.016434723190415043,0.018014848612203378,0.013170530745462651
15817472,1789117038314000000,1134,HEAD_POSE_ESTIMATE,estimated,1.2467748186797896,5.77413458560571,7.855802729054976,-0.01007146259819715,0.019594770159800334,0.014332948456319784
15830472,1789117038327000000,1135,HEAD_POSE_ESTIMATE,estimated,1.254519932338317,5.77048582401153,7.850103867094679,-0.003993303747832124,0.020388722924665755,0.011993321421400333
15844472,1789117038341000000,1136,HEAD_POSE_ESTIMATE,estimated,1.2634071448585396,5.767129171896567,7.835047757310361,0.002347291827711561,0.02164891716983053,0.007491356734637881
15859472,1789117038356000000,1137,HEAD_POSE_ESTIMATE,estimated,1.2686430060271843,5.753059932299882,7.830427700764106,0.008575137357352259,0.02290946329799731,0.0006069762118866849
15872472,1789117038369000000,1138,HEAD_POSE_ESTIMATE,estimated,1.2740003255731458,5.740649845889929,7.8296365732747395,0.012886659360180838,0.02341899966513232,-0.005644006176140302
15883472,1789117038380000000,1139,HEAD_POSE_ESTIMATE,estimated,1.2751208870044295,5.734654774718652,7.82894278297988,0.014024704419820786,0.023475507132749856,-0.011338417779615731
15897472,1789117038394000000,1140,HEAD_POSE_ESTIMATE,estimated,1.2739068615875015,5.738328271844031,7.827345807155766,0.010632853392958507,0.022186240918285343,-0.017410869105337567
15911472,1789117038408000000,1141,HEAD_POSE_ESTIMATE,estimated,1.2634668526618391,5.740583369111899,7.823321953198047,0.004911224156480042,0.01873176569273662,-0.022766867007408233
15925472,1789117038422000000,1142,HEAD_POSE_ESTIMATE,estimated,1.2507061051391664,5.7400589854093695,7.819310907412315,-0.001084072873511701,0.014118102451903538,-0.02596570606370267
15940472,1789117038437000000,1143,HEAD_POSE_ESTIMATE,estimated,1.2328285175946443,5.744316001075362,7.819199937937345,-0.007293865049367257,0.009064371629626077,-0.02700781377913904
15953472,1789117038450000000,1144,HEAD_POSE_ESTIMATE,estimated,1.2275966624617698,5.7362855655971305,7.836985558668619,-0.01022997288080379,0.0042085709524588965,-0.025852176952491403
15967472,1789117038464000000,1145,HEAD_POSE_ESTIMATE,estimated,1.216977320413737,5.736140381731414,7.8481470539413065,-0.013214386495025798,0.00036700478487226406,-0.025376524752236732
15983472,1789117038480000000,1146,HEAD_POSE_ESTIMATE,estimated,1.2036095793358363,5.740873756937003,7.861906285396168,-0.016403176362901065,-0.001203117516594864,-0.025188065030052303
15996472,1789117038493000000,1147,HEAD_POSE_ESTIMATE,estimated,1.1963378138752836,5.751357200546031,7.871781905916395,-0.019666478699040736,0.0003168290367843811,-0.02505182277267157
16008472,1789117038505000000,1148,HEAD_POSE_ESTIMATE,estimated,1.1920781745094653,5.751702868745344,7.876677502964176,-0.02156188352851702,0.003298617363311783,-0.025350282015178142
16024472,1789117038521000000,1149,HEAD_POSE_ESTIMATE,estimated,1.1889671680618463,5.754250769942773,7.877157235044792,-0.020050124253194967,0.006500409771047599,-0.026946076150394422
16036472,1789117038533000000,1150,HEAD_POSE_ESTIMATE,estimated,1.1882399956530485,5.754295110218496,7.871808595483237,-0.015661277423497755,0.008172087453377011,-0.028620541766302125
16050472,1789117038547000000,1151,HEAD_POSE_ESTIMATE,estimated,1.1858997437689307,5.762203092406516,7.869020781663457,-0.008740480634926029,0.009693730955233598,-0.031251965564532455
16068472,1789117038565000000,1152,HEAD_POSE_ESTIMATE,estimated,1.1833750308865878,5.756986237120605,7.86738713815071,-0.0021056028989776044,0.009075237255667196,-0.033751111812070154
16077472,1789117038574000000,1153,HEAD_POSE_ESTIMATE,estimated,1.1785973918496793,5.74664207647389,7.872593716379256,0.0016768325623708568,0.007068598840343872,-0.03607664605052114
16091472,1789117038588000000,1154,HEAD_POSE_ESTIMATE,estimated,1.1788288466261043,5.735464510750118,7.881632084834625,0.008841233343183121,0.0021739553965210295,-0.03910313199543716
16105472,1789117038602000000,1155,HEAD_POSE_ESTIMATE,estimated,1.1785222708840466,5.733353405016992,7.884593903133414,0.011576464492975638,-0.0025647433592571292,-0.037986647034108666
16119472,1789117038616000000,1156,HEAD_POSE_ESTIMATE,estimated,1.1813621482965158,5.731207924062868,7.884553809190447,0.010477827750144449,-0.006133500614376249,-0.03310404849946489
16133472,1789117038630000000,1157,HEAD_POSE_ESTIMATE,estimated,1.1780115150629478,5.7381109881018615,7.881064316413338,0.0032673287164052462,-0.009095862178587752,-0.023339681484093763
16147472,1789117038644000000,1158,HEAD_POSE_ESTIMATE,estimated,1.1722951439012628,5.73652978538784,7.8747342825957345,-0.006436814609388717,-0.010107538098604471,-0.012382541514148238
16161472,1789117038658000000,1159,HEAD_POSE_ESTIMATE,estimated,1.1705724552454844,5.737301056641182,7.867254077613512,-0.01361488630957869,-0.009217326680965449,-0.00451811034188653
16174472,1789117038671000000,1160,HEAD_POSE_ESTIMATE,estimated,1.1743237179957262,5.729850882662205,7.868735328584003,-0.01794960123679593,-0.006950009252503276,0.0019587669757514903
16189472,1789117038686000000,1161,HEAD_POSE_ESTIMATE,estimated,1.1751595119885025,5.729510607430423,7.8614227890895405,-0.012041958614345096,-0.0025924640685060603,-0.0016351611454867197
16202472,1789117038699000000,1162,HEAD_POSE_ESTIMATE,estimated,1.1751749781588208,5.705536347917641,7.8692799158583835,-0.004027955228530476,0.0024150248506557897,-0.008960929065242571
16217472,1789117038714000000,1163,HEAD_POSE_ESTIMATE,estimated,1.168160134164642,5.6951755630135565,7.874523189180333,0.009020986804080058,0.008729826972066186,-0.025857035031137707
16231472,1789117038728000000,1164,HEAD_POSE_ESTIMATE,estimated,1.1629421636639037,5.6811258596662375,7.871182615507889,0.016302311377506692,0.013100820799671203,-0.03761493808356178
16245472,1789117038742000000,1165,HEAD_POSE_ESTIMATE,estimated,1.1504325595724363,5.689558448944257,7.857461377978276,0.018386921444286507,0.017397763427570573,-0.04923259203206262
16259472,1789117038756000000,1166,HEAD_POSE_ESTIMATE,estimated,1.1330114085633216,5.708123271094704,7.841664510170821,0.016959250235669344,0.020736035412685736,-0.05630120239876787
16273472,1789117038770000000,1167,HEAD_POSE_ESTIMATE,estimated,1.1209263606264943,5.715565651721912,7.841789156974686,0.013861752309336972,0.02323166726855666,-0.05834957385686527
16287472,1789117038784000000,1168,HEAD_POSE_ESTIMATE,estimated,1.1040247059675408,5.710003541628966,7.847154007095377,0.010574226509640147,0.02413566669838139,-0.05609120748027817
16301472,1789117038798000000,1169,HEAD_POSE_ESTIMATE,estimated,1.0956807683077892,5.699686518347143,7.85872127301166,0.0014703259149680277,0.024735575079193915,-0.046897944118797406
16315472,1789117038812000000,1170,HEAD_POSE_ESTIMATE,estimated,1.0968210704142916,5.693720468214528,7.875937432385282,-0.012761279337945634,0.023247745275226973,-0.032105874136005526
16333472,1789117038830000000,1171,HEAD_POSE_ESTIMATE,estimated,1.1050633280251263,5.6902802029013,7.888520249333398,-0.025036286195498164,0.020525890581154282,-0.011653373847839266
16341472,1789117038838000000,1172,HEAD_POSE_ESTIMATE,estimated,1.1048534696826473,5.695020326500786,7.890638154194694,-0.028375928626624986,0.01827068656052185,0.001576458644572871
16356472,1789117038853000000,1173,HEAD_POSE_ESTIMATE,estimated,1.1035275182433515,5.714215223875933,7.887657769626129,-0.025020994636584474,0.018531905267269545,0.018542480000587003
16371472,1789117038868000000,1174,HEAD_POSE_ESTIMATE,estimated,1.1020454621317728,5.72366160096314,7.887365851231955,-0.01831975967246288,0.02068725225210309,0.027512342386038467
16386472,1789117038883000000,1175,HEAD_POSE_ESTIMATE,estimated,1.108987498520853,5.732290986987596,7.890059547396842,-0.012495865162822008,0.023707153020526058,0.028095639862013237
16398472,1789117038895000000,1176,HEAD_POSE_ESTIMATE,estimated,1.1128070327912174,5.727726558265746,7.896956346944965,-0.008380395606741753,0.02706157248172986,0.02035148513107244
16412472,1789117038909000000,1177,HEAD_POSE_ESTIMATE,estimated,1.1171333738299754,5.724142572248769,7.899819243251986,-0.006688274464504438,0.030062003740089785,0.009073394601425469
16427472,1789117038924000000,1178,HEAD_POSE_ESTIMATE,estimated,1.112768109354246,5.724169011314226,7.901689277055656,-0.004427248285157207,0.03114742969818304,-0.0022864374597017976
16440472,1789117038937000000,1179,HEAD_POSE_ESTIMATE,estimated,1.1063452208274234,5.734578036945519,7.9046275154902,-0.0037717896765582727,0.029916913619613225,-0.008516958684614865
16454472,1789117038951000000,1180,HEAD_POSE_ESTIMATE,estimated,1.097244840004464,5.7392023162770744,7.901820552222853,0.0025132429338815938,0.02715240735379288,-0.012160622613260293
16469472,1789117038966000000,1181,HEAD_POSE_ESTIMATE,estimated,1.0768725425305103,5.74574963633038,7.899925404219268,0.010638364629842308,0.021140049663250598,-0.016003575108565333
16482472,1789117038979000000,1182,HEAD_POSE_ESTIMATE,estimated,1.065036990100106,5.746909194622513,7.897713452501911,0.01582142570152699,0.013383501137853323,-0.017947861875880693
16496472,1789117038993000000,1183,HEAD_POSE_ESTIMATE,estimated,1.0563108370659224,5.739656466867566,7.896546759821158,0.01720678375630214,0.0028961820167657084,-0.013698118309518654
16510472,1789117039007000000,1184,HEAD_POSE_ESTIMATE,estimated,1.047566796883465,5.731078619344675,7.894474538774505,0.014630122609179017,-0.008345250377947984,-0.00451062549977381
16524472,1789117039021000000,1185,HEAD_POSE_ESTIMATE,estimated,1.0440968506253794,5.721465292034683,7.888368776476878,0.011388423954974513,-0.016399851581159454,0.006410420563836218
16542472,1789117039039000000,1186,HEAD_POSE_ESTIMATE,estimated,1.0437698917918814,5.7143961176719404,7.885979788123225,0.006054294187311771,-0.02065909614326138,0.021777040520834425
16553472,1789117039050000000,1187,HEAD_POSE_ESTIMATE,estimated,1.0421869509285209,5.717194061045259,7.881265581545818,0.0019178740037328894,-0.01995082832929281,0.029891148859261873
16569472,1789117039066000000,1188,HEAD_POSE_ESTIMATE,estimated,1.0440057503852356,5.72131416971381,7.88158537158269,-0.0036148967421552047,-0.014887545762149996,0.034161511577295196
16582472,1789117039079000000,1189,HEAD_POSE_ESTIMATE,estimated,1.0467101698040266,5.725889097843067,7.885566738054889,-0.006534947188354544,-0.006758359307899878,0.02982607386589896
16593472,1789117039090000000,1190,HEAD_POSE_ESTIMATE,estimated,1.053246451072017,5.727628660322305,7.892699771080064,-0.00605529345981027,0.0028254754712651194,0.025945101253692763
16606472,1789117039103000000,1191,HEAD_POSE_ESTIMATE,estimated,1.0631865867502641,5.731860064588597,7.898088366431717,-0.003554775024892783,0.015878469358461548,0.023212972833106717
16622472,1789117039119000000,1192,HEAD_POSE_ESTIMATE,estimated,1.0697280811941037,5.733343270926931,7.905050442344936,-0.0005213309808980108,0.02949737943584595,0.02036103334722724
16635472,1789117039132000000,1193,HEAD_POSE_ESTIMATE,estimated,1.076858530089799,5.731713121543358,7.90630393765436,0.001938903619945951,0.04062339879716901,0.018801117832727452
16649472,1789117039146000000,1194,HEAD_POSE_ESTIMATE,estimated,1.0776777868274647,5.739039809856612,7.9101328195306015,0.004811759624879866,0.04912813069431468,0.014359087378420607
16663472,1789117039160000000,1195,HEAD_POSE_ESTIMATE,estimated,1.0847662877078363,5.74765265776008,7.915929668393528,0.006128062804776665,0.051301753734638744,0.010322546714565532
16677472,1789117039174000000,1196,HEAD_POSE_ESTIMATE,estimated,1.0860315893916397,5.764985772311294,7.926010497066065,0.0049491697553718395,0.048241514799384676,0.008200339268294029
16691472,1789117039188000000,1197,HEAD_POSE_ESTIMATE,estimated,1.094460022339896,5.7846987219126325,7.930403030994744,0.004735890896833604,0.04310794755914633,0.010010722032238732
16704472,1789117039201000000,1198,HEAD_POSE_ESTIMATE,estimated,1.097593526554704,5.793208533353085,7.9331521464187835,0.00551758220928499,0.035901752088491994,0.01482334454655512
16719472,1789117039216000000,1199,HEAD_POSE_ESTIMATE,estimated,1.0987290146665127,5.801982296911062,7.9315623476624975,0.008447703758412067,0.027753071556818727,0.018693847229156384
16733472,1789117039230000000,1200,HEAD_POSE_ESTIMATE,estimated,1.1018119016087033,5.8046666207511,7.932307333075555,0.013377480024257246,0.020514166810954627,0.022572788131715236
16747472,1789117039244000000,1201,HEAD_POSE_ESTIMATE,estimated,1.1106414653566585,5.818777605635225,7.921322134201194,0.020070730724968934,0.01356529510144863,0.02331057397842585
16760472,1789117039257000000,1202,HEAD_POSE_ESTIMATE,estimated,1.1165174707504617,5.833953980770623,7.907938346575736,0.027786054575896384,0.010949337292242864,0.021490792076876594
16775472,1789117039272000000,1203,HEAD_POSE_ESTIMATE,estimated,1.1171699494671323,5.840225302291436,7.888331835625392,0.03594291420103887,0.009007130705721424,0.01871904991323895
16790472,1789117039287000000,1204,HEAD_POSE_ESTIMATE,estimated,1.116696551772969,5.834886081319189,7.865029312357785,0.04557976591021273,0.010731895845488263,0.016207867402542268
16802472,1789117039299000000,1205,HEAD_POSE_ESTIMATE,estimated,1.1149440696202537,5.821763685311298,7.845496921919487,0.051614813485742594,0.01458475623269569,0.01400954314463521
16818472,1789117039315000000,1206,HEAD_POSE_ESTIMATE,estimated,1.1200705881980118,5.808289497301725,7.833277732465234,0.05684945179946838,0.021137299527531347,0.013344711503866513
16830472,1789117039327000000,1207,HEAD_POSE_ESTIMATE,estimated,1.1257884663062836,5.805103313385846,7.824172384489973,0.05869162812482947,0.028530267172372326,0.011574935303623206
16843472,1789117039340000000,1208,HEAD_POSE_ESTIMATE,estimated,1.1291088280447095,5.797109105308677,7.815563430674857,0.057406632029909914,0.035512944949281706,0.005380707801902614
16857472,1789117039354000000,1209,HEAD_POSE_ESTIMATE,estimated,1.127403131607855,5.797162697845655,7.806504154433598,0.05455034480403084,0.04177821075634841,-0.0064959154083348005
16871472,1789117039368000000,1210,HEAD_POSE_ESTIMATE,estimated,1.1298552048560877,5.799430000942858,7.800044107960123,0.048379630797216265,0.046442681009353205,-0.02149720841368183
16885472,1789117039382000000,1211,HEAD_POSE_ESTIMATE,estimated,1.1269541878348828,5.812378664981509,7.792248040094038,0.04004206978392446,0.04771938996753463,-0.03775147063349965
16899472,1789117039396000000,1212,HEAD_POSE_ESTIMATE,estimated,1.1231807959505353,5.826838271161925,7.7928245985879006,0.03154874802157033,0.044504347722993415,-0.052972847352716866
16913472,1789117039410000000,1213,HEAD_POSE_ESTIMATE,estimated,1.1076374082505094,5.8332759899034405,7.791348725944624,0.022664643097460063,0.03779081139203828,-0.06304940462118327
16927472,1789117039424000000,1214,HEAD_POSE_ESTIMATE,estimated,1.0812186106054513,5.832476759394254,7.795415871880307,0.017096156775456513,0.02732656700543243,-0.07161008011025184
16941472,1789117039438000000,1215,HEAD_POSE_ESTIMATE,estimated,1.0580069125554357,5.833718412947878,7.794575175451199,0.014595884043881848,0.013509989323263851,-0.07456100546195753
16955472,1789117039452000000,1216,HEAD_POSE_ESTIMATE,estimated,1.0376554685611266,5.839553643128937,7.799914638788157,0.016002130421764172,-0.0026376377840577254,-0.0758560701130081
16969472,1789117039466000000,1217,HEAD_POSE_ESTIMATE,estimated,1.0257088805529575,5.841998441002245,7.801931240360753,0.019807064922493987,-0.018587353200120678,-0.0720316413482141
16983472,1789117039480000000,1218,HEAD_POSE_ESTIMATE,estimated,1.01082402202828,5.837378971737807,7.798071657984915,0.025445025723294757,-0.03141567366502065,-0.06393394440760687
16997472,1789117039494000000,1219,HEAD_POSE_ESTIMATE,estimated,1.0018519177262752,5.824091512215307,7.791994744569531,0.03158379034308285,-0.03832466265270362,-0.05346356353031503
17011472,1789117039508000000,1220,HEAD_POSE_ESTIMATE,estimated,0.9971523008150288,5.817745128829645,7.785626790114705,0.036072154664442094,-0.04129499613452628,-0.04334490811597072
17026472,1789117039523000000,1221,HEAD_POSE_ESTIMATE,estimated,0.9956667794125816,5.824303231683973,7.776450645027549,0.036519718490003905,-0.0374049169522075,-0.036944097748144986
17038472,1789117039535000000,1222,HEAD_POSE_ESTIMATE,estimated,1.0097139259622796,5.837492938275875,7.780057777293608,0.029752459280045024,-0.031484719863320236,-0.03830108612141419
17052472,1789117039549000000,1223,HEAD_POSE_ESTIMATE,estimated,1.0191184125551684,5.851819276897136,7.773814995793212,0.022207934220527328,-0.02001791046194086,-0.040501761568014966
17068472,1789117039565000000,1224,HEAD_POSE_ESTIMATE,estimated,1.0347996960926968,5.855830502035555,7.765883680465806,0.01551397587476876,-0.004131778239528423,-0.04072331514823208
17082472,1789117039579000000,1225,HEAD_POSE_ESTIMATE,estimated,1.0450772866061724,5.849152119588376,7.765274199485029,0.012704697685629884,0.009373389317771139,-0.037432979850969134
17096472,1789117039593000000,1226,HEAD_POSE_ESTIMATE,estimated,1.0600951819443354,5.838146932701518,7.759763201655564,0.012343031103583778,0.023649205914778915,-0.03202569128795719
17107472,1789117039604000000,1227,HEAD_POSE_ESTIMATE,estimated,1.068593149580704,5.847926098366527,7.751823773651889,0.014583272430342447,0.03446379423647279,-0.02572686286715409
17121472,1789117039618000000,1228,HEAD_POSE_ESTIMATE,estimated,1.073999608537614,5.848069560269572,7.744186424203525,0.016881654634072003,0.04362363960809334,-0.0245468513697921
17135472,1789117039632000000,1229,HEAD_POSE_ESTIMATE,estimated,1.077435374853483,5.846334539945467,7.729360013845525,0.018066370911330492,0.04803177045609994,-0.028931928157777464
17148472,1789117039645000000,1230,HEAD_POSE_ESTIMATE,estimated,1.0805276105026893,5.857276344616126,7.706029103412851,0.016146498857162874,0.04967881156984428,-0.03633629344860625
17163472,1789117039660000000,1231,HEAD_POSE_ESTIMATE,estimated,1.0852572332603998,5.859673202659281,7.680540395752817,0.013367226647582832,0.05096869064354162,-0.04474721647269075
17177472,1789117039674000000,1232,HEAD_POSE_ESTIMATE,estimated,1.089257084484535,5.853073818692768,7.678192632979881,0.011089317428016355,0.05123938913362546,-0.049832577190778396
17191472,1789117039688000000,1233,HEAD_POSE_ESTIMATE,estimated,1.0870426538554059,5.8355410651205615,7.680263283162916,0.00968032465082206,0.052716921116872005,-0.05555798747507914
17205472,1789117039702000000,1234,HEAD_POSE_ESTIMATE,estimated,1.0788055229424702,5.831047257426642,7.686227377400429,0.007079573046909829,0.05437858794356622,-0.06186923407476157
17220472,1789117039717000000,1235,HEAD_POSE_ESTIMATE,estimated,1.0674362553424739,5.834820010392861,7.698819245848777,8.939048117500182e-06,0.0566776119059323,-0.07209834946791109
17233472,1789117039730000000,1236,HEAD_POSE_ESTIMATE,estimated,1.0552630161254457,5.846238160839067,7.716433892056471,-0.009395427277821392,0.058955474045321525,-0.08246546762892128
17246472,1789117039743000000,1237,HEAD_POSE_ESTIMATE,estimated,1.0317340325383337,5.86000589376193,7.736704532902539,-0.01932804839406241,0.06095621750547014,-0.09469238227301685
17260472,1789117039757000000,1238,HEAD_POSE_ESTIMATE,estimated,1.0068414347702621,5.872908938435883,7.767839918530161,-0.027543683017272624,0.06519138173514151,-0.10749163880573753
17274472,1789117039771000000,1239,HEAD_POSE_ESTIMATE,estimated,0.9735117177211168,5.877276367379371,7.805390034198105,-0.03885397478965312,0.06669107341998859,-0.11891738528373452
17289472,1789117039786000000,1240,HEAD_POSE_ESTIMATE,estimated,0.9353442210417029,5.8755351214242015,7.856989984579797,-0.04976634942411741,0.06779331684172195,-0.1296186216189537
17302472,1789117039799000000,1241,HEAD_POSE_ESTIMATE,estimated,0.9012463906993357,5.878672028813209,7.906005189938461,-0.06099283622844247,0.06906624508099889,-0.13985550897541035
17316472,1789117039813000000,1242,HEAD_POSE_ESTIMATE,estimated,0.8651639945583292,5.893595185333573,7.951761501398233,-0.07105860720457013,0.07024908557910654,-0.15111762412496368
17330472,1789117039827000000,1243,HEAD_POSE_ESTIMATE,estimated,0.8288610703867078,5.91687490630236,7.981955532214944,-0.07302536078761619,0.07085530219851843,-0.15849831663995545
17343472,1789117039840000000,1244,HEAD_POSE_ESTIMATE,estimated,0.7940859161592115,5.928545310701678,7.995617024740601,-0.06405482388640067,0.07129882325366078,-0.15713202041968272
17358472,1789117039855000000,1245,HEAD_POSE_ESTIMATE,estimated,0.7581399779730058,5.9340342497944665,7.995209737045198,-0.04504383973541434,0.07052854812772467,-0.15031129237777074
17373472,1789117039870000000,1246,HEAD_POSE_ESTIMATE,estimated,0.7262156926348515,5.928880230699016,7.989026376301778,-0.020381895644882048,0.06953423381124503,-0.13753371329486452
17386472,1789117039883000000,1247,HEAD_POSE_ESTIMATE,estimated,0.6992210879201918,5.926441229474233,7.976086455111385,0.004472943220380395,0.06795532920630616,-0.12435645340579787
17399472,1789117039896000000,1248,HEAD_POSE_ESTIMATE,estimated,0.6856439962457561,5.9116009180237,7.974810580897068,0.027344925475145145,0.06535114559062193,-0.11184002842229937
17413472,1789117039910000000,1249,HEAD_POSE_ESTIMATE,estimated,0.6763890624005992,5.911294700778473,7.954780127562099,0.04495529249360175,0.06351663506713714,-0.10094026244103525
17427472,1789117039924000000,1250,HEAD_POSE_ESTIMATE,estimated,0.676016550060574,5.920350442056635,7.923344572397786,0.05613981459819744,0.061932220256474796,-0.0907101610490689
17441472,1789117039938000000,1251,HEAD_POSE_ESTIMATE,estimated,0.6728016564364226,5.913860156488753,7.89061355033028,0.06329164181279687,0.0631612898718692,-0.08316953745326297
17455472,1789117039952000000,1252,HEAD_POSE_ESTIMATE,estimated,0.6705520510829164,5.902694600593613,7.866729180672587,0.06737970017799805,0.0664050370475084,-0.07706823428904169
17469472,1789117039966000000,1253,HEAD_POSE_ESTIMATE,estimated,0.6611241449891145,5.891227180785051,7.842902028632242,0.06728571015845532,0.07113549855982038,-0.07625993928787306
17483472,1789117039980000000,1254,HEAD_POSE_ESTIMATE,estimated,0.6548831290979292,5.889427777154232,7.824201467597732,0.06168191129501938,0.07833241434505035,-0.08303213865309557
17497472,1789117039994000000,1255,HEAD_POSE_ESTIMATE,estimated,0.6442188128171227,5.895376982621129,7.812738178653601,0.05360788581911505,0.08791065648381895,-0.09731792672633992
17511472,1789117040008000000,1256,HEAD_POSE_ESTIMATE,estimated,0.625917406873542,5.905352451782637,7.801014358135237,0.041829118762604575,0.0952663655337516,-0.11311086142033627
17525472,1789117040022000000,1257,HEAD_POSE_ESTIMATE,estimated,0.598999251052192,5.913962863561356,7.793160819571747,0.03060414575459419,0.10013598992052895,-0.12964350291586202
17539472,1789117040036000000,1258,HEAD_POSE_ESTIMATE,estimated,0.5712586314815318,5.926932951438383,7.779975270240515,0.025039268394920825,0.1016948475743514,-0.14101578577724394
17553472,1789117040050000000,1259,HEAD_POSE_ESTIMATE,estimated,0.5394072901563551,5.928400756712011,7.769251521398652,0.020185188044996343,0.10152555855119297,-0.15131913614560027
17566472,1789117040063000000,1260,HEAD_POSE_ESTIMATE,estimated,0.5075476620349682,5.928866873080048,7.761155567482152,0.017954341928496743,0.10044415365352119,-0.15720880511664
17580472,1789117040077000000,1261,HEAD_POSE_ESTIMATE,estimated,0.47232170005105867,5.923458464655567,7.74939013242883,0.019383195767593845,0.09894655510124015,-0.15850435610303684
17594472,1789117040091000000,1262,HEAD_POSE_ESTIMATE,estimated,0.4323020691508632,5.913640729073852,7.734970754898936,0.022790955801251706,0.09654304180963978,-0.15675238587298662
17609472,1789117040106000000,1263,HEAD_POSE_ESTIMATE,estimated,0.41010790605525343,5.904248350925558,7.71164136201479,0.026228015598767307,0.09275536195949569,-0.1504533252967336
17622472,1789117040119000000,1264,HEAD_POSE_ESTIMATE,estimated,0.37608679066094314,5.897253754670789,7.691712149919283,0.029795040646256446,0.09058100194643717,-0.14433918691081735
17638472,1789117040135000000,1265,HEAD_POSE_ESTIMATE,estimated,0.33901231559518,5.894993327470452,7.667067856815646,0.03486655434423337,0.08704833588867779,-0.13667085436644313
17650472,1789117040147000000,1266,HEAD_POSE_ESTIMATE,estimated,0.30968875454515865,5.890301234882747,7.651390271733539,0.03937286888733623,0.0854495334708027,-0.13329005421567194
17665472,1789117040162000000,1267,HEAD_POSE_ESTIMATE,estimated,0.27086187207172957,5.884204597888987,7.636946717790007,0.0406332122400276,0.085123699062254,-0.13375105101978055
17676472,1789117040173000000,1268,HEAD_POSE_ESTIMATE,estimated,0.25741837913914783,5.8800018543579196,7.637641789464111,0.038754283102117995,0.0857157277932531,-0.14501073650246996
17691472,1789117040188000000,1269,HEAD_POSE_ESTIMATE,estimated,0.22920701602431126,5.877933004097519,7.635525101486788,0.032109355332990586,0.08846121074861309,-0.15176927003140986
17706472,1789117040203000000,1270,HEAD_POSE_ESTIMATE,estimated,0.19684651076966692,5.877503623809607,7.640252119860953,0.0224319484093934,0.09138882489868451,-0.1501698494624626
17717472,1789117040214000000,1271,HEAD_POSE_ESTIMATE,estimated,0.16298217352333105,5.877179846227308,7.636843953268698,0.014387644196788958,0.09279517427888484,-0.14459313019176526
17733472,1789117040230000000,1272,HEAD_POSE_ESTIMATE,estimated,0.13796107839174265,5.8765022180681905,7.64372689811288,0.0052366646903456255,0.0947217128947527,-0.13362154040663207
17747472,1789117040244000000,1273,HEAD_POSE_ESTIMATE,estimated,0.1061736431507784,5.879145468021306,7.661958507409785,-0.003139773456676469,0.0979135479653159,-0.123499093198978
17760472,1789117040257000000,1274,HEAD_POSE_ESTIMATE,estimated,0.09221150562782339,5.889351110671608,7.677188437764759,-0.00998811200751951,0.10066605578223552,-0.11817759917612441
17775472,1789117040272000000,1275,HEAD_POSE_ESTIMATE,estimated,0.07191781051883075,5.895077916860743,7.7028727919973035,-0.016928740567953217,0.10436579707982781,-0.11656616870650893
17788472,1789117040285000000,1276,HEAD_POSE_ESTIMATE,estimated,0.06732480074183539,5.8997707598016,7.719966043812885,-0.02109096137664026,0.10514424405087312,-0.1190724752740835
17803472,1789117040300000000,1277,HEAD_POSE_ESTIMATE,estimated,0.03814409849120712,5.905133243940204,7.734660744561875,-0.023566405174706987,0.1012186368016649,-0.1191403346226891
17818472,1789117040315000000,1278,HEAD_POSE_ESTIMATE,estimated,0.005365900850248018,5.899944003521217,7.748666817844107,-0.02290604075706797,0.09326571451757051,-0.1183826981608362
17831472,1789117040328000000,1279,HEAD_POSE_ESTIMATE,estimated,-0.017849955770988038,5.897870010978833,7.757591668797501,-0.01993349120228399,0.08467491760600244,-0.11635234158599303
17844472,1789117040341000000,1280,HEAD_POSE_ESTIMATE,estimated,-0.05806070945688009,5.899585057396696,7.7684888507679934,-0.014937815039167354,0.07222189484523622,-0.111696677743819
17859472,1789117040356000000,1281,HEAD_POSE_ESTIMATE,estimated,-0.0775097393591206,5.907844262686057,7.781510560589712,-0.011087918494775499,0.058879013377620366,-0.1072858249055168
17873472,1789117040370000000,1282,HEAD_POSE_ESTIMATE,estimated,-0.09471808898694718,5.902949923837578,7.786257052549011,-0.007285549152210431,0.047903979315523496,-0.0994728663849682
17886472,1789117040383000000,1283,HEAD_POSE_ESTIMATE,estimated,-0.09640152296871003,5.895326391740139,7.796428911622381,-0.0036586160263136496,0.03760891017319172,-0.0886956942880424
17899472,1789117040396000000,1284,HEAD_POSE_ESTIMATE,estimated,-0.09063606760958322,5.88034929329635,7.805941754791725,-0.0038692869727621846,0.030503104198442526,-0.07327508487587375
17914472,1789117040411000000,1285,HEAD_POSE_ESTIMATE,estimated,-0.09940865470157291,5.867870595195805,7.815291294522038,-0.004191895293554602,0.02237956973993039,-0.06342909346229615
17928472,1789117040425000000,1286,HEAD_POSE_ESTIMATE,estimated,-0.10334732728617665,5.857003479594713,7.823678350274031,-0.00975245315897356,0.01932196267745311,-0.05785740809896808
17942472,1789117040439000000,1287,HEAD_POSE_ESTIMATE,estimated,-0.10144504143002882,5.852573897121909,7.826270575634316,-0.018595901354989435,0.02236228715205881,-0.053791020003076485
17956472,1789117040453000000,1288,HEAD_POSE_ESTIMATE,estimated,-0.10120339144086102,5.851711397907973,7.8363984306152785,-0.03013545608592758,0.028676055025794085,-0.04796878681740493
17970472,1789117040467000000,1289,HEAD_POSE_ESTIMATE,estimated,-0.09720924566397733,5.855564930304104,7.844216563615155,-0.04002323911377646,0.03837625450333845,-0.044085733975324434
17983472,1789117040480000000,1290,HEAD_POSE_ESTIMATE,estimated,-0.09005828195651228,5.855085608415473,7.8514044722166885,-0.04625509719180579,0.048922756550506874,-0.04336846434585384
17997472,1789117040494000000,1291,HEAD_POSE_ESTIMATE,estimated,-0.08225783147368852,5.843035396580148,7.869208784895022,-0.046747119477087914,0.058899767972456114,-0.04619029491296669
18011472,1789117040508000000,1292,HEAD_POSE_ESTIMATE,estimated,-0.06750627083411405,5.8275069513424596,7.882917589993347,-0.044898732587222684,0.0700418374236455,-0.050521813307699365
18025472,1789117040522000000,1293,HEAD_POSE_ESTIMATE,estimated,-0.06292674230608875,5.805334609766808,7.903323313545114,-0.041728706163010415,0.08365418754698792,-0.05747812564358426
18039472,1789117040536000000,1294,HEAD_POSE_ESTIMATE,estimated,-0.06085211077134888,5.786819773079807,7.913953661173943,-0.03694433566679899,0.09375382636407834,-0.06595428441871126
18053472,1789117040550000000,1295,HEAD_POSE_ESTIMATE,estimated,-0.07918933857499483,5.785918409068573,7.917352244391213,-0.031309423873849954,0.09911350034084182,-0.07546743256642839
18067472,1789117040564000000,1296,HEAD_POSE_ESTIMATE,estimated,-0.1170298088292257,5.7985613541178544,7.914672864151187,-0.025626251281067828,0.09963008966329552,-0.08660958860745237
18081472,1789117040578000000,1297,HEAD_POSE_ESTIMATE,estimated,-0.14825684894120808,5.808569050322275,7.9145519887010565,-0.019527845522113136,0.09527473958456083,-0.09630705748482449
18095472,1789117040592000000,1298,HEAD_POSE_ESTIMATE,estimated,-0.18049284059300125,5.809392966345464,7.91852885109304,-0.01730215873980647,0.08688810311987334,-0.10542721963877656
18109472,1789117040606000000,1299,HEAD_POSE_ESTIMATE,estimated,-0.20954740336841526,5.8096307855024225,7.930225926639151,-0.01691642491992357,0.07842431096588476,-0.10918116200409911
18122472,1789117040619000000,1300,HEAD_POSE_ESTIMATE,estimated,-0.23578967713802657,5.813060189674146,7.936692021678905,-0.016166451069012516,0.0690565792702432,-0.10741798560101862
18136472,1789117040633000000,1301,HEAD_POSE_ESTIMATE,estimated,-0.2587218620060487,5.827683235491821,7.943122726309504,-0.016077934370872342,0.06251575435732534,-0.09908063045382873
18150472,1789117040647000000,1302,HEAD_POSE_ESTIMATE,estimated,-0.28177804763775655,5.8346315976381575,7.941482266596278,-0.013358487300135278,0.05948984084114939,-0.08907016837162689
18164472,1789117040661000000,1303,HEAD_POSE_ESTIMATE,estimated,-0.3054024937695655,5.845114741827176,7.935727245298177,-0.009540371831792294,0.06072076936974098,-0.07806509069198694
18178472,1789117040675000000,1304,HEAD_POSE_ESTIMATE,estimated,-0.32201116255710066,5.855691867218964,7.927770688361205,-0.002118586209020558,0.06731237375242893,-0.07429017492036637
18193472,1789117040690000000,1305,HEAD_POSE_ESTIMATE,estimated,-0.3286140153239998,5.868642446196564,7.916812907888028,0.003926787434489444,0.07559893567447494,-0.07050598404728228
18207472,1789117040704000000,1306,HEAD_POSE_ESTIMATE,estimated,-0.32723601785971074,5.875007159999876,7.903641305863099,0.01041385733191906,0.08652392042999188,-0.07003550218575563
18221472,1789117040718000000,1307,HEAD_POSE_ESTIMATE,estimated,-0.31831186390072247,5.868367158902072,7.893005939584481,0.016419140818172206,0.09740235864124916,-0.06825625877313662
18234472,1789117040731000000,1308,HEAD_POSE_ESTIMATE,estimated,-0.3100648131473165,5.854465901825496,7.88040086861654,0.026472732091227247,0.106850988277091,-0.06827939931914938
18249472,1789117040746000000,1309,HEAD_POSE_ESTIMATE,estimated,-0.30389305406772493,5.842124466328347,7.864894436753179,0.03652393133406612,0.11193536323233558,-0.06823939126887126
18262472,1789117040759000000,1310,HEAD_POSE_ESTIMATE,estimated,-0.2994673526704793,5.83965832873698,7.849795926518972,0.04390886438657753,0.11510669117923172,-0.06896412189591847
18276472,1789117040773000000,1311,HEAD_POSE_ESTIMATE,estimated,-0.3155863246611751,5.856932449690321,7.839510402396842,0.0491933541503611,0.11753410453216329,-0.06930962514417412
18290472,1789117040787000000,1312,HEAD_POSE_ESTIMATE,estimated,-0.317720090735731,5.866142636796256,7.836016289782146,0.049812500267174015,0.1143710658861742,-0.07352171070169636
18303472,1789117040800000000,1313,HEAD_POSE_ESTIMATE,estimated,-0.32089700479386135,5.87222568307458,7.830144361884057,0.04618289197329717,0.10645390597244467,-0.08163239470045013
18318472,1789117040815000000,1314,HEAD_POSE_ESTIMATE,estimated,-0.31352917736548036,5.862096569389633,7.833401501650899,0.03807874511963315,0.09394875716046268,-0.09409342472212887
18332472,1789117040829000000,1315,HEAD_POSE_ESTIMATE,estimated,-0.30631292426396906,5.849248362686437,7.835726821162843,0.02410256023954917,0.07863512971911286,-0.10344432327684346
18346472,1789117040843000000,1316,HEAD_POSE_ESTIMATE,estimated,-0.29417323114820015,5.821697461944936,7.849327922584464,0.008497577348722047,0.06350003972066938,-0.10737654390070417
18359472,1789117040856000000,1317,HEAD_POSE_ESTIMATE,estimated,-0.2845831003881327,5.795509615821236,7.85907257806673,-0.004784501388782255,0.04846810064333242,-0.10900557965310985
18373472,1789117040870000000,1318,HEAD_POSE_ESTIMATE,estimated,-0.2835415007097837,5.776260166052363,7.877145702471045,-0.011664691030385742,0.03492575761203196,-0.10595268135319451
18387472,1789117040884000000,1319,HEAD_POSE_ESTIMATE,estimated,-0.28975610559632353,5.76424050592178,7.898354886308244,-0.014412192809254008,0.021700564833090425,-0.10460030580959445
18401472,1789117040898000000,1320,HEAD_POSE_ESTIMATE,estimated,-0.29025527480122293,5.7562167096060755,7.912250334915745,-0.013859999499561775,0.009999300874565655,-0.10364445838387214
18415472,1789117040912000000,1321,HEAD_POSE_ESTIMATE,estimated,-0.29593157353459754,5.772886031959605,7.923999527063457,-0.012468865548667036,-0.0010062481309140105,-0.10312531334438106
18429472,1789117040926000000,1322,HEAD_POSE_ESTIMATE,estimated,-0.29664564455431386,5.775002032577067,7.931094195168587,-0.010557344396700615,-0.009363679896189872,-0.10508420103304536
18443472,1789117040940000000,1323,HEAD_POSE_ESTIMATE,estimated,-0.2966958260746932,5.772377350071981,7.932434550704359,-0.00475655948919445,-0.015616775720522256,-0.11273002878528258
18457472,1789117040954000000,1324,HEAD_POSE_ESTIMATE,estimated,-0.3115618946495962,5.771750891588627,7.931897722731276,0.006411039299155095,-0.020618890003216806,-0.12919981787644597
18470472,1789117040967000000,1325,HEAD_POSE_ESTIMATE,estimated,-0.33130309647896405,5.787888915567293,7.928054527039564,0.019733760266460853,-0.022573121161790832,-0.15065664994508265
18485472,1789117040982000000,1326,HEAD_POSE_ESTIMATE,estimated,-0.3673412360333469,5.810800605625164,7.928378592089418,0.03196731849038769,-0.025159258608422146,-0.1767578950630907
18499472,1789117040996000000,1327,HEAD_POSE_ESTIMATE,estimated,-0.41835697109361164,5.837230396686624,7.922999794722782,0.042679368583146714,-0.026768650430931767,-0.20388876772526918
18512472,1789117041009000000,1328,HEAD_POSE_ESTIMATE,estimated,-0.45627232217599045,5.8344595611971,7.919831223256499,0.05116861014019529,-0.02505142565141969,-0.21781073823964445
18527472,1789117041024000000,1329,HEAD_POSE_ESTIMATE,estimated,-0.4963794515154303,5.829003759733862,7.907106494770716,0.061406140402756874,-0.021810490637160385,-0.22265471292781533
18541472,1789117041038000000,1330,HEAD_POSE_ESTIMATE,estimated,-0.53059265843766,5.823852301190704,7.895111961627602,0.07031394738445564,-0.017232752200606456,-0.21827928486622092
18554472,1789117041051000000,1331,HEAD_POSE_ESTIMATE,estimated,-0.5807065586464459,5.8335987624203485,7.884520496660769,0.07828677206948417,-0.011193666120963742,-0.21650556084298253
18569472,1789117041066000000,1332,HEAD_POSE_ESTIMATE,estimated,-0.6206830542104624,5.826552575427723,7.886953754098311,0.0811906009265803,-0.004371607722659516,-0.21377326409291428
18583472,1789117041080000000,1333,HEAD_POSE_ESTIMATE,estimated,-0.6458440163338233,5.827573245163815,7.89011287976246,0.07794398984732408,0.0009527487330042924,-0.21019189866579052
18596472,1789117041093000000,1334,HEAD_POSE_ESTIMATE,estimated,-0.6634491595379135,5.842506210475693,7.89782019920332,0.06949512301363509,0.0038262038482741044,-0.2099575182844175
18611472,1789117041108000000,1335,HEAD_POSE_ESTIMATE,estimated,-0.685857793162141,5.878655640387105,7.900228303615116,0.058609186249967235,0.0071595331381701125,-0.21345927096501283
18625472,1789117041122000000,1336,HEAD_POSE_ESTIMATE,estimated,-0.7256537181754873,5.928190503956629,7.891936681404591,0.05379258064818511,0.00854442200426263,-0.21894392707501015
18637472,1789117041134000000,1337,HEAD_POSE_ESTIMATE,estimated,-0.7677805402652637,5.94244498379231,7.8988287826477706,0.057532190878857546,0.009579780303719126,-0.22699864662217278
18652472,1789117041149000000,1338,HEAD_POSE_ESTIMATE,estimated,-0.8044297530747317,5.93590962838177,7.900022624961638,0.0679766884006479,0.007082614975514719,-0.23135376329886853
18669472,1789117041166000000,1339,HEAD_POSE_ESTIMATE,estimated,-0.8397148267444958,5.930369529630068,7.901789552033951,0.08087514541229865,0.0020763204086818882,-0.23194314199777327
18682472,1789117041179000000,1340,HEAD_POSE_ESTIMATE,estimated,-0.8884110215596721,5.959488201631542,7.894206325142442,0.09018192887868262,-0.0025891270373241894,-0.2300579326775052
18694472,1789117041191000000,1341,HEAD_POSE_ESTIMATE,estimated,-0.9247349884754856,5.994155544674836,7.888142953970948,0.09876804055845724,-0.009622492197067565,-0.22490397115691174
18704472,1789117041201000000,1342,HEAD_POSE_ESTIMATE,estimated,-0.9478798316357728,6.019317684031065,7.887349755597189,0.10563282477039837,-0.016707310594959734,-0.2202356365329837
18718472,1789117041215000000,1343,HEAD_POSE_ESTIMATE,estimated,-0.9873744371881759,6.049942454041398,7.877410892291203,0.11187742921709677,-0.030984482478156494,-0.20955485435065851
18732472,1789117041229000000,1344,HEAD_POSE_ESTIMATE,estimated,-1.0101622956043836,6.062864217695541,7.89255477786649,0.11347976311316148,-0.04454879910010585,-0.19788671880651015
18746472,1789117041243000000,1345,HEAD_POSE_ESTIMATE,estimated,-1.0273014789528907,6.0860573464632575,7.905535499013349,0.109223060321028,-0.058423371130017616,-0.1834168738839366
18760472,1789117041257000000,1346,HEAD_POSE_ESTIMATE,estimated,-1.0602988264922364,6.11113401797404,7.911117307084455,0.10393720206070822,-0.07072722854900816,-0.16443106588617837
18774472,1789117041271000000,1347,HEAD_POSE_ESTIMATE,estimated,-1.0882144093722683,6.141453162751674,7.917023035699681,0.09645701572827423,-0.0841057522294308,-0.14383083256144014
18789472,1789117041286000000,1348,HEAD_POSE_ESTIMATE,estimated,-1.0701127046621255,6.1684584555838935,7.926728129292246,0.09902478300601786,-0.09324257818773465,-0.13296723895740403
18802472,1789117041299000000,1349,HEAD_POSE_ESTIMATE,estimated,-1.0658599199863033,6.2000329128505705,7.918817725587397,0.10055726331249538,-0.1000622487502496,-0.12463223220519659
18815472,1789117041312000000,1350,HEAD_POSE_ESTIMATE,estimated,-1.0463047434327415,6.231227108461505,7.911562267819542,0.10632908713849475,-0.10640103525985305,-0.12373742128214872
18830472,1789117041327000000,1351,HEAD_POSE_ESTIMATE,estimated,-1.0760528193708148,6.264085583348022,7.890922423793098,0.12070304968392319,-0.10558417846906228,-0.12306429030937291
18844472,1789117041341000000,1352,HEAD_POSE_ESTIMATE,estimated,-1.094420739234653,6.279929036734281,7.86914720275509,0.13638371019258436,-0.09961661766266555,-0.12500994364509246
18858472,1789117041355000000,1353,HEAD_POSE_ESTIMATE,estimated,-1.111790802272291,6.27301046767434,7.857277005078177,0.15573134341849781,-0.09038230184065833,-0.13006992661741856
18872472,1789117041369000000,1354,HEAD_POSE_ESTIMATE,estimated,-1.128175890256627,6.283290525235521,7.8431214118453765,0.1707576165370433,-0.07849385029273613,-0.13427913598205732
18886472,1789117041383000000,1355,HEAD_POSE_ESTIMATE,estimated,-1.1492179951027945,6.3104007714910155,7.829335062888472,0.17976140048611805,-0.06524002510990447,-0.13476419637675394
18900472,1789117041397000000,1356,HEAD_POSE_ESTIMATE,estimated,-1.1778976773611034,6.345528506675481,7.798721011093366,0.18522770464915722,-0.050001862279187785,-0.12943388364529407
18914472,1789117041411000000,1357,HEAD_POSE_ESTIMATE,estimated,-1.1832319924333923,6.358282554005713,7.779537452919451,0.1882459826320359,-0.034594076218572814,-0.12221066487128286
18928472,1789117041425000000,1358,HEAD_POSE_ESTIMATE,estimated,-1.1911285833720433,6.377462770851361,7.753009601815901,0.1873818237369619,-0.01699206762726747,-0.11038926366257512
18942472,1789117041439000000,1359,HEAD_POSE_ESTIMATE,estimated,-1.1959058101581235,6.396920180411101,7.731944605591073,0.18159692241121572,0.0035062086644099193,-0.09614122247625492
18955472,1789117041452000000,1360,HEAD_POSE_ESTIMATE,estimated,-1.1893713890801867,6.4138617903734705,7.72760403458139,0.17319718037034246,0.02188612793509829,-0.08195661926278879
18970472,1789117041467000000,1361,HEAD_POSE_ESTIMATE,estimated,-1.1807784709724543,6.433206429009017,7.723766583301362,0.16478656657142784,0.04035432226597449,-0.06630726610503647
18983472,1789117041480000000,1362,HEAD_POSE_ESTIMATE,estimated,-1.1805410008549027,6.451501908360316,7.711598902236934,0.158458691649012,0.0539806545903907,-0.05381574744681809
18996472,1789117041493000000,1363,HEAD_POSE_ESTIMATE,estimated,-1.1782336530048467,6.473603552888868,7.701604822453893,0.1544814690818027,0.06622238181024563,-0.04352950535866667
19011472,1789117041508000000,1364,HEAD_POSE_ESTIMATE,estimated,-1.1708675584278714,6.500746070108711,7.686976242290195,0.15605512573745076,0.07560790532808663,-0.03601570439029619
19025472,1789117041522000000,1365,HEAD_POSE_ESTIMATE,estimated,-1.1686552479355206,6.525307045001869,7.6797185927201275,0.16108712269950348,0.08047595081546591,-0.032261759218236354
19039472,1789117041536000000,1366,HEAD_POSE_ESTIMATE,estimated,-1.1639654578828786,6.54514763688798,7.6732917731179295,0.17367143180256875,0.08367629673899986,-0.030597804925189466
19053472,1789117041550000000,1367,HEAD_POSE_ESTIMATE,estimated,-1.1617109708411062,6.5573745558614185,7.6622919086725,0.18624328244196384,0.08300044912482661,-0.0289598385390321
19067472,1789117041564000000,1368,HEAD_POSE_ESTIMATE,estimated,-1.162241784304764,6.56404657688201,7.6339573222321295,0.202728680025633,0.08113962210661935,-0.027704593447350195
19080472,1789117041577000000,1369,HEAD_POSE_ESTIMATE,estimated,-1.168008828030968,6.5776785312969865,7.63702366827106,0.2138659430545239,0.078403223821124,-0.0256524979015912
19095472,1789117041592000000,1370,HEAD_POSE_ESTIMATE,estimated,-1.1675162027373311,6.614476778393221,7.6716170996066,0.2237486255516218,0.07380010920409061,-0.025326493765136876
19109472,1789117041606000000,1371,HEAD_POSE_ESTIMATE,estimated,-1.1789909667849001,6.657921710146105,7.672819961208427,0.23557312869212405,0.06992534378711489,-0.026504116880874302
19123472,1789117041620000000,1372,HEAD_POSE_ESTIMATE,estimated,-1.1913468270972343,6.710648066880345,7.679597771584138,0.2439956606053116,0.0672391214079563,-0.025543697993489437
19136472,1789117041633000000,1373,HEAD_POSE_ESTIMATE,estimated,-1.1977109298192032,6.76476649498872,7.701571571121565,0.2455790023460884,0.0682371993109966,-0.023023576039695667
19150472,1789117041647000000,1374,HEAD_POSE_ESTIMATE,estimated,-1.2070971317644494,6.818763048122912,7.7039321966965755,0.25223639667850917,0.07116253284612958,-0.018407793030168238
19165472,1789117041662000000,1375,HEAD_POSE_ESTIMATE,estimated,-1.215452997783158,6.876803529312247,7.683834051688029,0.2657232787254813,0.07675519192219886,-0.012232489591871723
19182472,1789117041679000000,1376,HEAD_POSE_ESTIMATE,estimated,-1.2128799363730167,6.918010636744113,7.657792494030855,0.2865288539243296,0.08474029631482569,-0.0036132912610041517
19195472,1789117041692000000,1377,HEAD_POSE_ESTIMATE,estimated,-1.2093108749085686,6.9514016701622365,7.612261811623999,0.30374190766835946,0.0944333932331672,0.005642714274517937
19204472,1789117041701000000,1378,HEAD_POSE_ESTIMATE,estimated,-1.2174875807560868,6.987048348832885,7.575478389296974,0.3153772882711289,0.10310096236995646,0.01579672196832097
19221472,1789117041718000000,1379,HEAD_POSE_ESTIMATE,estimated,-1.20696339576045,7.017372588286755,7.505503441318404,0.3352791922507939,0.11559914470494992,0.026246586992078352
19233472,1789117041730000000,1380,HEAD_POSE_ESTIMATE,estimated,-1.206214852915779,7.035489225444471,7.435432770587988,0.347376250216745,0.12586654600907632,0.03362239151947627
19246472,1789117041743000000,1381,HEAD_POSE_ESTIMATE,estimated,-1.1980181424784857,7.079861521106386,7.362807516209705,0.3576484142952926,0.13302957634791737,0.035649083953725846
19260472,1789117041757000000,1382,HEAD_POSE_ESTIMATE,estimated,-1.186082438182333,7.098463369437773,7.28046896659189,0.3677265583764456,0.13659445974049106,0.03045157786643017
19274472,1789117041771000000,1383,HEAD_POSE_ESTIMATE,estimated,-1.1737300318935437,7.088223670056649,7.18140471212378,0.3776244565527898,0.13879742062212214,0.019283055094199048
19288472,1789117041785000000,1384,HEAD_POSE_ESTIMATE,estimated,-1.159403357875848,7.087074133034409,7.104148563166931,0.38211159603735445,0.13549803458404724,0.005682275500251591
19302472,1789117041799000000,1385,HEAD_POSE_ESTIMATE,estimated,-1.1466196659748054,7.1111881110146715,7.072479974075253,0.3903132152571107,0.12885963490764266,-0.0064113512615468615
19316472,1789117041813000000,1386,HEAD_POSE_ESTIMATE,estimated,-1.150110543866205,7.149666274907497,7.019479733905339,0.40155011117290595,0.1222702346036679,-0.024674798017587703
19330472,1789117041827000000,1387,HEAD_POSE_ESTIMATE,estimated,-1.1533010959862366,7.220290987218075,6.972870952108304,0.39816561288024793,0.10969680678636114,-0.0392558792170831
19345472,1789117041842000000,1388,HEAD_POSE_ESTIMATE,estimated,-1.1578443201307222,7.289748180026038,6.922406821268171,0.4010241403403906,0.09191764698952987,-0.05226994393383082
19357472,1789117041854000000,1389,HEAD_POSE_ESTIMATE,estimated,-1.160914528689976,7.3203842814664215,6.879372838198716,0.4041208155750327,0.07802826485031628,-0.056775046769718174
19371472,1789117041868000000,1390,HEAD_POSE_ESTIMATE,estimated,-1.160353019997352,7.32974778378647,6.811001627928173,0.40222766806495563,0.058058854442760786,-0.06011619372516195
19386472,1789117041883000000,1391,HEAD_POSE_ESTIMATE,estimated,-1.1602304272158037,7.3622998980395,6.751366631050945,0.3965662525819618,0.03741713280714772,-0.06098843081102546
19399472,1789117041896000000,1392,HEAD_POSE_ESTIMATE,estimated,-1.1708519567997566,7.37551869797534,6.6854393578785585,0.389440883935224,0.017354890924054168,-0.06337065889423454
19413472,1789117041910000000,1393,HEAD_POSE_ESTIMATE,estimated,-1.1932242898072825,7.387979167380418,6.612457502799185,0.3771225066610609,-0.003209425630006957,-0.07182514288212531
19430472,1789117041927000000,1394,HEAD_POSE_ESTIMATE,estimated,-1.215054396583231,7.3566393625819595,6.528606190579313,0.3695506706604401,-0.024846405016741575,-0.08456909479936126
19439472,1789117041936000000,1395,HEAD_POSE_ESTIMATE,estimated,-1.2282414743027326,7.353884093641358,6.464475068414669,0.36726926898215556,-0.03615852065861239,-0.09256812152195114
19454472,1789117041951000000,1396,HEAD_POSE_ESTIMATE,estimated,-1.2500161155571456,7.325604979237246,6.396598425247417,0.37214034083343733,-0.050060351754432866,-0.10348747901697938
19468472,1789117041965000000,1397,HEAD_POSE_ESTIMATE,estimated,-1.2659910271467585,7.318745023386033,6.3458622805059175,0.3755668263305987,-0.059405042893535945,-0.1108334577252332
19482472,1789117041979000000,1398,HEAD_POSE_ESTIMATE,estimated,-1.2872024688322332,7.296834270213377,6.284358040226935,0.37151694623286335,-0.06670862907596989,-0.116576703994564
19495472,1789117041992000000,1399,HEAD_POSE_ESTIMATE,estimated,-1.3081292217485025,7.250720995583425,6.21351453451799,0.3601144960718919,-0.07570663116776587,-0.12250003203697211
19510472,1789117042007000000,1400,HEAD_POSE_ESTIMATE,estimated,-1.3271156175514613,7.21647216005371,6.161284033924287,0.3462505207644054,-0.08172696571020432,-0.12449878562252185
19524472,1789117042021000000,1401,HEAD_POSE_ESTIMATE,estimated,-1.3360150735723244,7.202193736718012,6.107536666560657,0.33367902236891034,-0.08453446547331153,-0.1226689122117945
19539472,1789117042036000000,1402,HEAD_POSE_ESTIMATE,estimated,-1.3491491972791654,7.192254602307799,6.070202795759431,0.31914544479259227,-0.08881657831309166,-0.11630525387631288
19553472,1789117042050000000,1403,HEAD_POSE_ESTIMATE,estimated,-1.3510734435472642,7.22766108121803,6.0933155997560995,0.32159112250993904,-0.08892538177790142,-0.10988916571460332
19566472,1789117042063000000,1404,HEAD_POSE_ESTIMATE,estimated,-1.3563444431642344,7.210421623297032,6.091090671726719,0.31404101947131385,-0.08763004204650414,-0.10046829530119274
19580472,1789117042077000000,1405,HEAD_POSE_ESTIMATE,estimated,-1.3590846331598256,7.227535083280713,6.107153739652452,0.3042730318190298,-0.0903809056443326,-0.0935705924703402
19594472,1789117042091000000,1406,HEAD_POSE_ESTIMATE,estimated,-1.3682200908641093,7.258561151010629,6.110243189225168,0.285284240107168,-0.09179634538601308,-0.0878783196647805
19609472,1789117042106000000,1407,HEAD_POSE_ESTIMATE,estimated,-1.3802770614488657,7.315060357116005,6.106919287160974,0.2682767555717079,-0.09601833105102753,-0.08595393984054957
19623472,1789117042120000000,1408,HEAD_POSE_ESTIMATE,estimated,-1.3899093946851386,7.327058312096964,6.086242105812624,0.25724126053379887,-0.09783796908202327,-0.08441486098596883
19636472,1789117042133000000,1409,HEAD_POSE_ESTIMATE,estimated,-1.3910715773067899,7.332539384953042,6.074732977397673,0.25849871876281394,-0.10258999856281492,-0.08808714062899968
19650472,1789117042147000000,1410,HEAD_POSE_ESTIMATE,estimated,-1.3892293948279313,7.338664995736714,6.0514218959189785,0.25413620896137695,-0.10597467471572286,-0.09171526206475973
19664472,1789117042161000000,1411,HEAD_POSE_ESTIMATE,estimated,-1.3783462224890712,7.3489587700148915,6.049389317704781,0.24706607989132373,-0.10904407240875764,-0.09368401867981009
19678472,1789117042175000000,1412,HEAD_POSE_ESTIMATE,estimated,-1.37147185182231,7.3590076243510705,6.012066481885271,0.23676770481967946,-0.11119653326092722,-0.09180226354971442
19692472,1789117042189000000,1413,HEAD_POSE_ESTIMATE,estimated,-1.3645547230228758,7.351844512935832,5.959290704109702,0.23193975269175993,-0.11020241745926108,-0.08526262130206681
19706472,1789117042203000000,1414,HEAD_POSE_ESTIMATE,estimated,-1.3544734935848262,7.355237416630588,5.894176125838128,0.23184911479143297,-0.10635330385691928,-0.0721589775065098
19719472,1789117042216000000,1415,HEAD_POSE_ESTIMATE,estimated,-1.3379223116492893,7.342367651897933,5.840739215672163,0.23251660044146455,-0.10014948491335929,-0.05718884653301543
19733472,1789117042230000000,1416,HEAD_POSE_ESTIMATE,estimated,-1.3077103953020124,7.370920505466665,5.811094953206588,0.22360490119793777,-0.09380272627425872,-0.044074517877853756
19747472,1789117042244000000,1417,HEAD_POSE_ESTIMATE,estimated,-1.2676888976794063,7.4017796647819765,5.790837209242874,0.2048054744806272,-0.09062948282661368,-0.03570671187758897
19761472,1789117042258000000,1418,HEAD_POSE_ESTIMATE,estimated,-1.2317555667936928,7.444160511268894,5.756200939780423,0.1840704673033735,-0.09134630554342306,-0.032342077287845224
19775472,1789117042272000000,1419,HEAD_POSE_ESTIMATE,estimated,-1.2024307140546304,7.495105662025385,5.729212761111925,0.1597087376494187,-0.09301006853657791,-0.03037788859198213
19790472,1789117042287000000,1420,HEAD_POSE_ESTIMATE,estimated,-1.1794042542018124,7.5249892127951785,5.707042250564547,0.14952058522975104,-0.10011073114979659,-0.035843235391520865
19804472,1789117042301000000,1421,HEAD_POSE_ESTIMATE,estimated,-1.160836767527566,7.567594855915858,5.7182374047766915,0.14686217755596315,-0.11010990505009918,-0.04677770557256745
19818472,1789117042315000000,1422,HEAD_POSE_ESTIMATE,estimated,-1.1550301297148822,7.596931290220468,5.7430927895468535,0.15378737622524713,-0.12600184939790685,-0.06274633954040731
19831472,1789117042328000000,1423,HEAD_POSE_ESTIMATE,estimated,-1.1505508455372022,7.629206481771022,5.758901311715661,0.15354419980992254,-0.14325197418763636,-0.07755181123947401
19844472,1789117042341000000,1424,HEAD_POSE_ESTIMATE,estimated,-1.1372657054436552,7.667008237761961,5.775821838659835,0.15317212362721344,-0.1597330795583812,-0.08760192508971269
19859472,1789117042356000000,1425,HEAD_POSE_ESTIMATE,estimated,-1.125141135225482,7.707354725334489,5.776238761201579,0.15585781578626132,-0.179207795619092,-0.09360850329725329
19873472,1789117042370000000,1426,HEAD_POSE_ESTIMATE,estimated,-1.1288331236545113,7.716628975313406,5.746218386817915,0.16653736317909848,-0.1948608138934638,-0.09598334525017929
19887472,1789117042384000000,1427,HEAD_POSE_ESTIMATE,estimated,-1.1344683892618588,7.720747528435243,5.718911509900319,0.17840886223237043,-0.20769512059217435,-0.10001238490729175
19902472,1789117042399000000,1428,HEAD_POSE_ESTIMATE,estimated,-1.1390194655694983,7.725193988938371,5.716045038590393,0.18806104108777333,-0.21926993819461782,-0.10634637423705948
19914472,1789117042411000000,1429,HEAD_POSE_ESTIMATE,estimated,-1.1272373750091182,7.77205362694627,5.75155515414218,0.19259818417478358,-0.22566778649580269,-0.11271066978966462
19928472,1789117042425000000,1430,HEAD_POSE_ESTIMATE,estimated,-1.1223737757904773,7.845920058681118,5.781447764945179,0.1982389252708626,-0.23613874869253976,-0.1261201345118008
19943472,1789117042440000000,1431,HEAD_POSE_ESTIMATE,estimated,-1.1271551604753398,7.922826559472914,5.771642263847561,0.20683268615918926,-0.24906468836345427,-0.1394447347906488
19955472,1789117042452000000,1432,HEAD_POSE_ESTIMATE,estimated,-1.1369180331401716,7.973122817891669,5.745622848263002,0.22377304344735902,-0.2598557883906476,-0.1485279070756991
19970472,1789117042467000000,1433,HEAD_POSE_ESTIMATE,estimated,-1.1510606650867101,7.971057938969501,5.694068358912614,0.2516951524411166,-0.2705947323675454,-0.15423833593440123
19986472,1789117042483000000,1434,HEAD_POSE_ESTIMATE,estimated,-1.1686122556041447,7.942329989170647,5.640289778546783,0.28956664080900196,-0.2823756843340259,-0.1605193635353581
20000472,1789117042497000000,1435,HEAD_POSE_ESTIMATE,estimated,-1.1771231458839133,7.875009677456984,5.5872632566471045,0.33192971865155235,-0.2928813004998465,-0.1672953058215013
20012472,1789117042509000000,1436,HEAD_POSE_ESTIMATE,estimated,-1.175984416285682,7.828640313749289,5.54382175801307,0.3649996637630179,-0.300762407251198,-0.17117369335339058
20022472,1789117042519000000,1437,HEAD_POSE_ESTIMATE,estimated,-1.1703483120853935,7.795745470607039,5.492603596969455,0.38938592070120226,-0.3050076453593157,-0.17353328898266568
20036472,1789117042533000000,1438,HEAD_POSE_ESTIMATE,estimated,-1.1642878069417504,7.789755719972037,5.445801722923377,0.42132235418199804,-0.3136507885880178,-0.17274528333624822
20051472,1789117042548000000,1439,HEAD_POSE_ESTIMATE,estimated,-1.162401710580807,7.776581230144163,5.344423314684502,0.4403070098755072,-0.32264561963691185,-0.17133076809618233
20065472,1789117042562000000,1440,HEAD_POSE_ESTIMATE,estimated,-1.1578650047027494,7.7671990451091295,5.2663448767486365,0.44195246908535196,-0.3358265907288729,-0.17258012677472476
20079472,1789117042576000000,1441,HEAD_POSE_ESTIMATE,estimated,-1.1664784828205501,7.749143406208216,5.157362526919839,0.4308143761895257,-0.35171864173753914,-0.17661936552257412
20093472,1789117042590000000,1442,HEAD_POSE_ESTIMATE,estimated,-1.1894085065226772,7.72378550316667,5.072850530260772,0.40749618678326704,-0.37313034048905663,-0.18524996484658418
20107472,1789117042604000000,1443,HEAD_POSE_ESTIMATE,estimated,-1.1981143354004709,7.744904141633547,5.051098552812675,0.3869826829916441,-0.39864066872357345,-0.1978878454114857
20121472,1789117042618000000,1444,HEAD_POSE_ESTIMATE,estimated,-1.1970543049907563,7.802397289586393,5.058715472757402,0.3667036263234821,-0.42449293744293143,-0.21105660246751787
20135472,1789117042632000000,1445,HEAD_POSE_ESTIMATE,estimated,-1.202694044684568,7.869678368048012,5.072740557680908,0.35378539253084745,-0.4500785403173505,-0.22762679775212738
20149472,1789117042646000000,1446,HEAD_POSE_ESTIMATE,estimated,-1.2307240988754609,7.9281682480991105,5.047347546186003,0.34056515183236535,-0.4733253758499459,-0.24307062160006698
20163472,1789117042660000000,1447,HEAD_POSE_ESTIMATE,estimated,-1.2609678021434432,7.9812043594618105,5.013054689443173,0.334701142117445,-0.49707973867122146,-0.25925272132319843
20177472,1789117042674000000,1448,HEAD_POSE_ESTIMATE,estimated,-1.2963590092340596,8.010427199919311,4.974630740355688,0.3245750403861738,-0.5188962514055057,-0.2756486827323057
20191472,1789117042688000000,1449,HEAD_POSE_ESTIMATE,estimated,-1.3168529174204915,8.02339571262645,4.951327981353687,0.32390593032915976,-0.5331536841080287,-0.28507337985756365
20206472,1789117042703000000,1450,HEAD_POSE_ESTIMATE,estimated,-1.3388348186725558,8.032618476607498,4.91953973457789,0.33158010461746873,-0.551505758676886,-0.2900530208285105
20221472,1789117042718000000,1451,HEAD_POSE_ESTIMATE,estimated,-1.3512291582133642,8.04145469554619,4.905894952925062,0.3424604244546459,-0.5672467565245503,-0.28800944223773123
20233472,1789117042730000000,1452,HEAD_POSE_ESTIMATE,estimated,-1.3615574990062405,8.073979185873226,4.880069959051628,0.3589505931749474,-0.5776876004176674,-0.2826599630081638
20247472,1789117042744000000,1453,HEAD_POSE_ESTIMATE,estimated,-1.3700172836973241,8.114618774603606,4.8577473630355374,0.37804040952058704,-0.5940587136689913,-0.2781327873920362
20261472,1789117042758000000,1454,HEAD_POSE_ESTIMATE,estimated,-1.373042063246439,8.18035034851733,4.8244659186428684,0.40054152807541143,-0.607345995346888,-0.27486329853211305
20275472,1789117042772000000,1455,HEAD_POSE_ESTIMATE,estimated,-1.390819599827202,8.247647846683952,4.7744695119470855,0.42017651897466307,-0.6303464214524935,-0.27863110748021613
20290472,1789117042787000000,1456,HEAD_POSE_ESTIMATE,estimated,-1.396494035277029,8.320697937989268,4.720466412000323,0.43144008094764746,-0.6483694050390724,-0.2801020376757997
20301472,1789117042798000000,1457,HEAD_POSE_ESTIMATE,estimated,-1.4042097624466536,8.364255596918687,4.686036372976406,0.4356612499321922,-0.663337685557883,-0.2826167716047752
20316472,1789117042813000000,1458,HEAD_POSE_ESTIMATE,estimated,-1.4355756776947068,8.400090895227352,4.685633822832293,0.4310260156544986,-0.6839431939028613,-0.28517574296056014
20330472,1789117042827000000,1459,HEAD_POSE_ESTIMATE,estimated,-1.4561971863410725,8.427473450359042,4.693343746466401,0.41857049250681666,-0.7032519360206837,-0.2924200406274543
20344472,1789117042841000000,1460,HEAD_POSE_ESTIMATE,estimated,-1.4621209837600033,8.44922489437912,4.705629987443656,0.41058485131065964,-0.7256264891757264,-0.30974523979666035
20358472,1789117042855000000,1461,HEAD_POSE_ESTIMATE,estimated,-1.4847532365591696,8.500219380415102,4.703272190157038,0.40279049901447433,-0.7416819151479725,-0.33248437985017343
20371472,1789117042868000000,1462,HEAD_POSE_ESTIMATE,estimated,-1.4932782635292743,8.536887891208922,4.702291695008986,0.3947801208563675,-0.7509145940483543,-0.3557589052373021
20387472,1789117042884000000,1463,HEAD_POSE_ESTIMATE,estimated,-1.4982649411225073,8.571104184495375,4.676833466366816,0.38696321575073594,-0.7587673088147338,-0.3862072800254297
20399472,1789117042896000000,1464,HEAD_POSE_ESTIMATE,estimated,-1.4981357451717814,8.587398258037755,4.655388603097302,0.38519726526556924,-0.7615489146547736,-0.40710228486368594
20413472,1789117042910000000,1465,HEAD_POSE_ESTIMATE,estimated,-1.4974294325158104,8.585849364322264,4.645952320134176,0.37345303514042955,-0.7677457630706086,-0.42667521316108725
20427472,1789117042924000000,1466,HEAD_POSE_ESTIMATE,estimated,-1.5208267979706807,8.564290344338765,4.613504981335424,0.35876279447423687,-0.7672695894012765,-0.4365836979743379
20441472,1789117042938000000,1467,HEAD_POSE_ESTIMATE,estimated,-1.5254089798842416,8.537665954831132,4.5863686247945346,0.34428758645564383,-0.774790828137007,-0.4416205456269
20456472,1789117042953000000,1468,HEAD_POSE_ESTIMATE,estimated,-1.5289827587134674,8.521333774453867,4.560253869319183,0.33262162955249247,-0.7782668059745231,-0.43370888983033506
20470472,1789117042967000000,1469,HEAD_POSE_ESTIMATE,estimated,-1.509956116112098,8.507439097325797,4.543283598552453,0.3238460734348096,-0.7865357437342656,-0.4267384845136232
20483472,1789117042980000000,1470,HEAD_POSE_ESTIMATE,estimated,-1.494056642620675,8.50905407184694,4.524121051064362,0.3184643808904252,-0.7935277651390896,-0.4187597853824504
20498472,1789117042995000000,1471,HEAD_POSE_ESTIMATE,estimated,-1.462097897196223,8.50287039373869,4.492468384461043,0.32289369905197757,-0.8067554967962203,-0.41254483258223135
20511472,1789117043008000000,1472,HEAD_POSE_ESTIMATE,estimated,-1.4155875598836727,8.529928497068529,4.4612146436340945,0.3348024186164308,-0.8288174115828857,-0.42507260812318215
20525472,1789117043022000000,1473,HEAD_POSE_ESTIMATE,estimated,-1.3761289261355039,8.548962490764186,4.4314719399392,0.34210792436169474,-0.841008652455547,-0.43017145219550645
20539472,1789117043036000000,1474,HEAD_POSE_ESTIMATE,estimated,-1.345986587027419,8.561627024208615,4.4159391587845045,0.35286028456764257,-0.8579715317921293,-0.43905977331096185
20553472,1789117043050000000,1475,HEAD_POSE_ESTIMATE,estimated,-1.3107465755651222,8.555529251769096,4.394534894518758,0.363772881357706,-0.8723708845983233,-0.4374348007026037
20566472,1789117043063000000,1476,HEAD_POSE_ESTIMATE,estimated,-1.290378513329895,8.555308932616844,4.393978660220955,0.36668815411552075,-0.8816453790235215,-0.42676752593752393
20581472,1789117043078000000,1477,HEAD_POSE_ESTIMATE,estimated,-1.254429327095125,8.585619790694293,4.378206616102791,0.360753676174083,-0.9003259983572875,-0.40807268008653586
20593472,1789117043090000000,1478,HEAD_POSE_ESTIMATE,estimated,-1.2146332784183942,8.63444033421701,4.334221783845129,0.36041828510191803,-0.9206636665446154,-0.39036816702750265
20608472,1789117043105000000,1479,HEAD_POSE_ESTIMATE,estimated,-1.1830199050465524,8.673032798860923,4.323216671687835,0.35192226996580017,-0.9214463422271629,-0.36705365613551333
20624472,1789117043121000000,1480,HEAD_POSE_ESTIMATE,estimated,-1.1327212980815835,8.696302473454336,4.349269700302791,0.3391759621120476,-0.919374941876722,-0.35337736968224726
20636472,1789117043133000000,1481,HEAD_POSE_ESTIMATE,estimated,-1.094718607491409,8.704104293138975,4.350857342618658,0.33091434095034783,-0.9206252440969147,-0.3528300355524577
20650472,1789117043147000000,1482,HEAD_POSE_ESTIMATE,estimated,-1.0569672340815355,8.718687026316267,4.356358022515869,0.3154171506861721,-0.9201207672009843,-0.36408998352236466
20664472,1789117043161000000,1483,HEAD_POSE_ESTIMATE,estimated,-1.0254808773642592,8.731473376820567,4.370323741736524,0.2973738242995869,-0.9231567098807221,-0.39001104060245256
20677472,1789117043174000000,1484,HEAD_POSE_ESTIMATE,estimated,-1.0084054147517187,8.764032987292996,4.366981620528085,0.28046021188104425,-0.9328545403801632,-0.42239539344479216
20692472,1789117043189000000,1485,HEAD_POSE_ESTIMATE,estimated,-0.9793338790365071,8.801336409758147,4.338242376258316,0.26488078097646195,-0.9392467728358022,-0.45184967846496915
20710472,1789117043207000000,1486,HEAD_POSE_ESTIMATE,estimated,-0.949003976707966,8.833729325543892,4.304780671376774,0.25275373438099796,-0.9501461808247024,-0.4722530708534579
20720472,1789117043217000000,1487,HEAD_POSE_ESTIMATE,estimated,-0.9337628580248878,8.856060948842066,4.241836861175061,0.24834450022361237,-0.9544511206365089,-0.4783646412928991
20732472,1789117043229000000,1488,HEAD_POSE_ESTIMATE,estimated,-0.9025957854552015,8.870620317111356,4.1810648358858105,0.2519825069239001,-0.9616040358084249,-0.46961883751269207
20747472,1789117043244000000,1489,HEAD_POSE_ESTIMATE,estimated,-0.8798752044247464,8.845352710986985,4.123885563440032,0.26950862288757826,-0.9744916010241875,-0.4587845518169529
20760472,1789117043257000000,1490,HEAD_POSE_ESTIMATE,estimated,-0.8648162972511251,8.834556897415702,4.045686482224066,0.29094791233746176,-0.9849020979603543,-0.4432387868984387
20774472,1789117043271000000,1491,HEAD_POSE_ESTIMATE,estimated,-0.8393279361436852,8.806399523281971,3.9864973135785475,0.3046691819442421,-0.9842705609719198,-0.4237807441655345
20788472,1789117043285000000,1492,HEAD_POSE_ESTIMATE,estimated,-0.8289172429371549,8.810207478395577,3.9318183623887553,0.3195498877899919,-0.981415601444922,-0.4055646036018488
20802472,1789117043299000000,1493,HEAD_POSE_ESTIMATE,estimated,-0.818690023047008,8.832101839138899,3.857562852651086,0.3299378238793748,-0.9709580383301137,-0.38820373781991757
20815472,1789117043312000000,1494,HEAD_POSE_ESTIMATE,estimated,-0.8222751249309382,8.871281363893443,3.7864133405723717,0.3336523351228349,-0.9564725054278689,-0.3784393738378762
20830472,1789117043327000000,1495,HEAD_POSE_ESTIMATE,estimated,-0.8265288091636098,8.878015952432849,3.7614972402979183,0.3360047182455733,-0.9614637309064099,-0.3892320783382746
20844472,1789117043341000000,1496,HEAD_POSE_ESTIMATE,estimated,-0.827696227279741,8.871679758049247,3.724065922470944,0.34034004321743166,-0.9740418532374748,-0.4061368843709829
20858472,1789117043355000000,1497,HEAD_POSE_ESTIMATE,estimated,-0.8259273820424868,8.859484900173543,3.664140514427589,0.3400357222319857,-0.9756067721020095,-0.4239200692509723
20874472,1789117043371000000,1498,HEAD_POSE_ESTIMATE,estimated,-0.8153562022417795,8.830741863612246,3.648471495212437,0.336086769634039,-0.9709081361850765,-0.4324458736369398
20886472,1789117043383000000,1499,HEAD_POSE_ESTIMATE,estimated,-0.8125232528568835,8.833599520137316,3.618249853738682,0.33151820225941037,-0.9692817853389903,-0.4337413013996575
20900472,1789117043397000000,1500,HEAD_POSE_ESTIMATE,estimated,-0.8190187490814459,8.844277661799374,3.5773607218072248,0.32264974987051237,-0.9674230770064868,-0.42702989530920427
20914472,1789117043411000000,1501,HEAD_POSE_ESTIMATE,estimated,-0.825709754134637,8.890571821807692,3.5273069537675705,0.31590184578198177,-0.9674029069231613,-0.4095331451585581
20927472,1789117043424000000,1502,HEAD_POSE_ESTIMATE,estimated,-0.8342451569240196,8.939356742773695,3.4728243731745034,0.3074669928093491,-0.9663590676109255,-0.39239603144877044
20942472,1789117043439000000,1503,HEAD_POSE_ESTIMATE,estimated,-0.8308004702778542,9.003085117548308,3.398072541383759,0.29191535296497995,-0.959388442405056,-0.37273060736913416
20956472,1789117043453000000,1504,HEAD_POSE_ESTIMATE,estimated,-0.8128800388961822,9.056473152044372,3.3552983676744392,0.2776610740086082,-0.9532606252674718,-0.3595673867083363
20971472,1789117043468000000,1505,HEAD_POSE_ESTIMATE,estimated,-0.7868724810435327,9.130609036560905,3.3156685079418864,0.2586631246134707,-0.9461382830567341,-0.351875056865977
20982472,1789117043479000000,1506,HEAD_POSE_ESTIMATE,estimated,-0.7824651597933087,9.174715946449291,3.2711790529596074,0.2424051640364262,-0.9414905666408027,-0.3521557788770072
20997472,1789117043494000000,1507,HEAD_POSE_ESTIMATE,estimated,-0.7720609678670614,9.230449040132932,3.248617879783483,0.23472934120982056,-0.9446283750283433,-0.3626350465106759
21011472,1789117043508000000,1508,HEAD_POSE_ESTIMATE,estimated,-0.7641234101000325,9.282357246664255,3.2131458504322827,0.22482162199690628,-0.9365292143618963,-0.3699065492894785
21025472,1789117043522000000,1509,HEAD_POSE_ESTIMATE,estimated,-0.7763197038840288,9.323829848410412,3.1747221488952837,0.2154088229726851,-0.9280901468839754,-0.3736554726207508
21039472,1789117043536000000,1510,HEAD_POSE_ESTIMATE,estimated,-0.7696246418144841,9.351250420189556,3.1247785007118534,0.20579364915717277,-0.9128827372329688,-0.3679608311167474
21053472,1789117043550000000,1511,HEAD_POSE_ESTIMATE,estimated,-0.7578922040490266,9.377508631850008,3.0694796758825813,0.1922146079783252,-0.8907945854610408,-0.34917898029249467
21066472,1789117043563000000,1512,HEAD_POSE_ESTIMATE,estimated,-0.7341372178493357,9.392827707493751,3.024277797534914,0.17756463096515418,-0.8731335148460794,-0.3284846103171048
21080472,1789117043577000000,1513,HEAD_POSE_ESTIMATE,estimated,-0.705068553080368,9.402644357265553,2.9828794972913184,0.16544726804767235,-0.8515179812940799,-0.3014762153148319
21095472,1789117043592000000,1514,HEAD_POSE_ESTIMATE,estimated,-0.6778520230970897,9.391398215055261,2.962154846412696,0.16829777076894764,-0.8417545506611068,-0.28361496808186804
21110472,1789117043607000000,1515,HEAD_POSE_ESTIMATE,estimated,-0.6368846568463289,9.38077484638313,2.947525126635388,0.1706740016096376,-0.8177164558524115,-0.26694245474550493
21123472,1789117043620000000,1516,HEAD_POSE_ESTIMATE,estimated,-0.5998592972957564,9.364795163573687,2.931847591862953,0.17826837921742528,-0.7981281802142471,-0.2621643822786984
21138472,1789117043635000000,1517,HEAD_POSE_ESTIMATE,estimated,-0.586303035251284,9.383891974127488,2.911429374453449,0.18889957999865722,-0.7843518992875624,-0.2745775694901768
21151472,1789117043648000000,1518,HEAD_POSE_ESTIMATE,estimated,-0.5778419992412983,9.381824532217516,2.8885842576113507,0.19861154500049594,-0.7741057467182029,-0.2916983481106947
21165472,1789117043662000000,1519,HEAD_POSE_ESTIMATE,estimated,-0.5711920847269574,9.36314859554334,2.852843138539154,0.20440911895874128,-0.764165936216487,-0.3088127489171049
21179472,1789117043676000000,1520,HEAD_POSE_ESTIMATE,estimated,-0.5508350995034604,9.334128579202716,2.8214129262014573,0.20481782134760362,-0.7560056466916185,-0.32220445553239285
21193472,1789117043690000000,1521,HEAD_POSE_ESTIMATE,estimated,-0.5432140449459802,9.305948073173882,2.7879725700432547,0.2013283245744491,-0.744872576801845,-0.3292039053624204
21208472,1789117043705000000,1522,HEAD_POSE_ESTIMATE,estimated,-0.5532259581496689,9.278648800364538,2.7687438668472977,0.19236889186331213,-0.7276978186214522,-0.3251553114696558
21220472,1789117043717000000,1523,HEAD_POSE_ESTIMATE,estimated,-0.5548984630612342,9.26495904228231,2.7510030969255834,0.17923726295066383,-0.7116516330404598,-0.31354544928067246
21233472,1789117043730000000,1524,HEAD_POSE_ESTIMATE,estimated,-0.5692903130798393,9.265124288296713,2.7353010904271544,0.17499845013228488,-0.6998751514061761,-0.2991307936738845
21248472,1789117043745000000,1525,HEAD_POSE_ESTIMATE,estimated,-0.54899758232303,9.280507948989312,2.7056043746111755,0.17447459415724947,-0.6782545032993846,-0.28376522148912725
21262472,1789117043759000000,1526,HEAD_POSE_ESTIMATE,estimated,-0.5363529703270781,9.29140021963168,2.679306896595496,0.185752568009068,-0.66448406715337,-0.276570999780552
21276472,1789117043773000000,1527,HEAD_POSE_ESTIMATE,estimated,-0.5640229427297548,9.324240534419785,2.6635715651903435,0.2094114387846364,-0.6511948679775966,-0.278594330381529
21290472,1789117043787000000,1528,HEAD_POSE_ESTIMATE,estimated,-0.503968239201978,9.348340192904141,2.622546739879343,0.22511284038096266,-0.6298423365789139,-0.27693156776066513
21304472,1789117043801000000,1529,HEAD_POSE_ESTIMATE,estimated,-0.45579637721142885,9.364375119324317,2.5864984326010476,0.23228038645396984,-0.6130517040412312,-0.2818027072047774
21318472,1789117043815000000,1530,HEAD_POSE_ESTIMATE,estimated,-0.42006819546919194,9.371711726740434,2.5560129661108473,0.23105594776076352,-0.5988099485512658,-0.2914902872224245
21332472,1789117043829000000,1531,HEAD_POSE_ESTIMATE,estimated,-0.37878288802733495,9.383163618695189,2.5249955294226396,0.22547888318129425,-0.5965919689502003,-0.30148746222708567
21347472,1789117043844000000,1532,HEAD_POSE_ESTIMATE,estimated,-0.3944512640286413,9.40312311105513,2.494741281350409,0.22119607867947513,-0.5947744392713707,-0.30656445184376563
21359472,1789117043856000000,1533,HEAD_POSE_ESTIMATE,estimated,-0.43174949068567603,9.43090905328075,2.4708631825559824,0.21496137177751284,-0.5911945905821884,-0.3045457038875119
21374472,1789117043871000000,1534,HEAD_POSE_ESTIMATE,estimated,-0.4712689917802897,9.419256519166893,2.4517738189792486,0.21489324466545334,-0.5901874628975314,-0.29842961298917886
21390472,1789117043887000000,1535,HEAD_POSE_ESTIMATE,estimated,-0.5727286708615623,9.399042380890322,2.4739074744621448,0.22368045632317018,-0.592074676706552,-0.2881460048064856
21400472,1789117043897000000,1536,HEAD_POSE_ESTIMATE,estimated,-0.5826174212042282,9.414140245817759,2.4494795655589012,0.23094335481779113,-0.5877432476582486,-0.2744227854706166
21414472,1789117043911000000,1537,HEAD_POSE_ESTIMATE,estimated,-0.6156353132062922,9.473013578861966,2.4217766292708207,0.24153388465542014,-0.5836296628134021,-0.2595521511230456
21428472,1789117043925000000,1538,HEAD_POSE_ESTIMATE,estimated,-0.6691538982862433,9.525506086695772,2.4096504517539854,0.24631385098631675,-0.5814204025566808,-0.24979773715602283
21442472,1789117043939000000,1539,HEAD_POSE_ESTIMATE,estimated,-0.7312970568159234,9.562705426450956,2.3914215467556144,0.24870275130526762,-0.5819869017910426,-0.24249168338587387
21456472,1789117043953000000,1540,HEAD_POSE_ESTIMATE,estimated,-0.8069005085932811,9.503791923393877,2.411488863012852,0.25296013538040985,-0.5821605409918446,-0.24504762659895452
21470472,1789117043967000000,1541,HEAD_POSE_ESTIMATE,estimated,-0.8569206562861688,9.442273310157345,2.4425846983488597,0.255081279418461,-0.5854898989191275,-0.24308151813719656
21484472,1789117043981000000,1542,HEAD_POSE_ESTIMATE,estimated,-0.9263517404393777,9.418078164815519,2.494191692890388,0.24618231788803008,-0.5806468184817185,-0.23346296070932737
21500472,1789117043997000000,1543,HEAD_POSE_ESTIMATE,estimated,-1.0051291301900727,9.400760627966072,2.592202614313726,0.2267228835161599,-0.5795463273223584,-0.21875811252034305
21512472,1789117044009000000,1544,HEAD_POSE_ESTIMATE,estimated,-1.0285883862460987,9.402869010408418,2.646652779358409,0.21285038119328129,-0.5858267699362283,-0.21659863427197812
21525472,1789117044022000000,1545,HEAD_POSE_ESTIMATE,estimated,-1.093289304861491,9.379140649369464,2.7295802925758927,0.1978424809120364,-0.5867631997810893,-0.21043869628037679
21539472,1789117044036000000,1546,HEAD_POSE_ESTIMATE,estimated,-1.1683233819111798,9.354353303268063,2.7969269244699775,0.18329522927560976,-0.5898746538678183,-0.19649883559654815
21553472,1789117044050000000,1547,HEAD_POSE_ESTIMATE,estimated,-1.2262347304177412,9.3049034322698,2.8578496902537083,0.1720135218180386,-0.5934091320671552,-0.18116525995602664
21567472,1789117044064000000,1548,HEAD_POSE_ESTIMATE,estimated,-1.2812279479458781,9.263966207313976,2.926446093160071,0.16445325279446046,-0.5981262518283053,-0.15425239528125537
21581472,1789117044078000000,1549,HEAD_POSE_ESTIMATE,estimated,-1.3742575210148944,9.216091995606828,2.998580585570677,0.16439405739243299,-0.6033392741375503,-0.119246738740164
21594472,1789117044091000000,1550,HEAD_POSE_ESTIMATE,estimated,-1.5438581536395415,9.159676226537313,3.0892308719988666,0.17433857083560933,-0.6090921655439138,-0.0760756525142451
21609472,1789117044106000000,1551,HEAD_POSE_ESTIMATE,estimated,-1.6236614962126308,9.161439710321662,3.1162297234979053,0.17793544525765279,-0.5998797206682461,-0.037235513816918614
21623472,1789117044120000000,1552,HEAD_POSE_ESTIMATE,estimated,-1.5062312987179467,9.219492050873377,3.0198782476795594,0.1825776527094563,-0.5912296093476328,-0.01250215562914831
21636472,1789117044133000000,1553,HEAD_POSE_ESTIMATE,estimated,-1.4700476386518024,9.28092981882271,2.9743692026640485,0.19125483189329195,-0.5850342578645074,0.004142920495628494
21650472,1789117044147000000,1554,HEAD_POSE_ESTIMATE,estimated,-1.4592455581282984,9.29779590602164,2.9405559125812033,0.1993833420074672,-0.5800201648943363,0.009845218401272319
21663472,1789117044160000000,1555,HEAD_POSE_ESTIMATE,estimated,-1.5150109777942284,9.27858271730235,2.953772255300306,0.19142594320793166,-0.5842729811825952,-2.0145513442349812e-05
21677472,1789117044174000000,1556,HEAD_POSE_ESTIMATE,estimated,-1.5496439557725754,9.265579601724081,2.9625734339846606,0.1688395765258737,-0.5811128114991067,-0.012829140257603646
21692472,1789117044189000000,1557,HEAD_POSE_ESTIMATE,estimated,-1.595321584294179,9.324726386030072,2.9737631768479678,0.13506295444220692,-0.5828923618433136,-0.04347189140180495
21710472,1789117044207000000,1558,HEAD_POSE_ESTIMATE,estimated,-1.6821973248809226,9.36876437913567,3.0110819733636993,0.09169204941517138,-0.5931541065205809,-0.09897053490207881
21720472,1789117044217000000,1559,HEAD_POSE_ESTIMATE,estimated,-1.7351591897244318,9.400207671849275,3.049324675245913,0.068835590649461,-0.5965102527635026,-0.12962510944338793
21729472,1789117044226000000,1560,HEAD_POSE_ESTIMATE,estimated,-1.7519864378879597,9.38765331402556,3.0632640060418677,0.056131091318979504,-0.6000860917261341,-0.1476783803018772
21744472,1789117044241000000,1561,HEAD_POSE_ESTIMATE,estimated,-1.772782466585849,9.40570124009279,3.0956488632956565,0.03182825494556885,-0.6148082551560003,-0.18195084975177195
21757472,1789117044254000000,1562,HEAD_POSE_ESTIMATE,estimated,-1.8031819594122345,9.381636097633672,3.126286481148058,0.02477210575506142,-0.6203471125649043,-0.19331271914094433
21772472,1789117044269000000,1563,HEAD_POSE_ESTIMATE,estimated,-1.8354873842006363,9.328469676461799,3.1556142922163457,0.027517938242900372,-0.6247925309837002,-0.1919396999335863
21786472,1789117044283000000,1564,HEAD_POSE_ESTIMATE,estimated,-1.879184217044427,9.289029811158764,3.196474494202347,0.03504081902248407,-0.6206526680972937,-0.1854638654000769
21800472,1789117044297000000,1565,HEAD_POSE_ESTIMATE,estimated,-1.9313130838207424,9.247866159902024,3.241841674465695,0.04791327965226144,-0.6128211259074003,-0.16823316313657738
21814472,1789117044311000000,1566,HEAD_POSE_ESTIMATE,estimated,-1.940802006363166,9.22137595899151,3.2535678733077837,0.060582931980985535,-0.6023510667786892,-0.14642130341790272
21828472,1789117044325000000,1567,HEAD_POSE_ESTIMATE,estimated,-1.8369894165312481,9.256605642268445,3.2017012225643247,0.06588126886407376,-0.596597704888413,-0.12565643449930367
21842472,1789117044339000000,1568,HEAD_POSE_ESTIMATE,estimated,-1.6685879727018258,9.302838783313355,3.101356756924071,0.07485875867186056,-0.6029948685621094,-0.09815228864655663
21856472,1789117044353000000,1569,HEAD_POSE_ESTIMATE,estimated,-1.6439557886650216,9.317919118572,3.104235701065345,0.06963948540268479,-0.5915819315165375,-0.0745147107278054
21870472,1789117044367000000,1570,HEAD_POSE_ESTIMATE,estimated,-1.6163514357592135,9.31600301466935,3.0984232308602078,0.07055290167201826,-0.5809579052907484,-0.05715818028762037
21885472,1789117044382000000,1571,HEAD_POSE_ESTIMATE,estimated,-1.6026703853607236,9.30642053544444,3.0973753954480054,0.07703634946369692,-0.5645712569438889,-0.04476111847988879
21898472,1789117044395000000,1572,HEAD_POSE_ESTIMATE,estimated,-1.5555209860677417,9.308561763152065,3.055421943519761,0.08920141308506198,-0.5587838967785244,-0.04618609024537367
21913472,1789117044410000000,1573,HEAD_POSE_ESTIMATE,estimated,-1.5303724777571897,9.270276090747782,3.024121446749153,0.10795902746145339,-0.5486649247310917,-0.05217069608751208
21927472,1789117044424000000,1574,HEAD_POSE_ESTIMATE,estimated,-1.5209217321666744,9.21918467491462,3.0119587108915806,0.12890973975422082,-0.5424286126793093,-0.06516959810286466
21941472,1789117044438000000,1575,HEAD_POSE_ESTIMATE,estimated,-1.522717253671174,9.178319594632136,3.001276606090476,0.15314157336376827,-0.5455173882776932,-0.08396420494491648
21955472,1789117044452000000,1576,HEAD_POSE_ESTIMATE,estimated,-1.5080258193416023,9.15598822731672,2.9681319604906338,0.16979791618832382,-0.5411682741879523,-0.09864222889673949
21968472,1789117044465000000,1577,HEAD_POSE_ESTIMATE,estimated,-1.4950890478312249,9.159162049453053,2.887075419125325,0.17877915951258383,-0.5375203723898496,-0.11144644667083954
21983472,1789117044480000000,1578,HEAD_POSE_ESTIMATE,estimated,-1.4958732873422937,9.162005599042153,2.8276612006275395,0.18663975802781851,-0.5404545027449343,-0.12018127007591295
21997472,1789117044494000000,1579,HEAD_POSE_ESTIMATE,estimated,-1.497014598704971,9.15833335958078,2.7693369550502056,0.19174527832138544,-0.5439099765314984,-0.12153193027980311
22012472,1789117044509000000,1580,HEAD_POSE_ESTIMATE,estimated,-1.496477365456627,9.167516139598046,2.712023975536085,0.19283839780714146,-0.5514467543469737,-0.11610691642113981
22025472,1789117044522000000,1581,HEAD_POSE_ESTIMATE,estimated,-1.5151865375459037,9.182982133082886,2.6963250590497467,0.19273787198732772,-0.5580734884539037,-0.10738673047322359
22040472,1789117044537000000,1582,HEAD_POSE_ESTIMATE,estimated,-1.5079651751798897,9.229848606979319,2.647627929592962,0.18478634817398137,-0.5591296257662898,-0.09276617346057639
22057472,1789117044554000000,1583,HEAD_POSE_ESTIMATE,estimated,-1.4898131869279752,9.297008095462642,2.6196348788214285,0.17265797512499897,-0.558218716022292,-0.07301719729061534
22068472,1789117044565000000,1584,HEAD_POSE_ESTIMATE,estimated,-1.4734633219037825,9.33926774208429,2.5959057505819243,0.1634464757788442,-0.5550720910890289,-0.056866646706775305
22080472,1789117044577000000,1585,HEAD_POSE_ESTIMATE,estimated,-1.4464098180797078,9.374793369093988,2.557803772052304,0.15764323649439294,-0.5450762226425764,-0.040228707127001745
22095472,1789117044592000000,1586,HEAD_POSE_ESTIMATE,estimated,-1.4450551288768292,9.401663911519242,2.5260425065738596,0.1448103544624351,-0.5274241289465895,-0.02000114056956532
22108472,1789117044605000000,1587,HEAD_POSE_ESTIMATE,estimated,-1.4336247393102908,9.409717157138767,2.507960193206738,0.1363004916579554,-0.5090255177617198,-0.0047787809511632496
22122472,1789117044619000000,1588,HEAD_POSE_ESTIMATE,estimated,-1.423641912704009,9.417205534449517,2.477327445249003,0.12828392194128577,-0.48190007559800535,0.005156176544853407
22137472,1789117044634000000,1589,HEAD_POSE_ESTIMATE,estimated,-1.3911051361437017,9.436230352279333,2.461961092209132,0.12669995213329627,-0.45220193312568946,0.010361560375255785
22150472,1789117044647000000,1590,HEAD_POSE_ESTIMATE,estimated,-1.3780870023105622,9.456064254012283,2.4428321285312293,0.1194054079884592,-0.42252541956309647,0.01541023941159014
22164472,1789117044661000000,1591,HEAD_POSE_ESTIMATE,estimated,-1.3624432640860633,9.42023102551967,2.5741931314499267,0.12841523396561988,-0.39501957750879224,0.016495954409625025
22178472,1789117044675000000,1592,HEAD_POSE_ESTIMATE,estimated,-1.2720636700563321,9.482732328421564,2.395932932891771,0.13051572684824858,-0.36323947302098725,0.014362326435422722
22192472,1789117044689000000,1593,HEAD_POSE_ESTIMATE,estimated,-1.2111501775215303,9.514195195945712,2.2652796301828855,0.13137732578732914,-0.336967305571614,0.015311987352833872
22206472,1789117044703000000,1594,HEAD_POSE_ESTIMATE,estimated,-1.174073589432908,9.509970432710576,2.2192184042149763,0.12393991147250798,-0.31573758840117183,0.017167964727706538
22222472,1789117044719000000,1595,HEAD_POSE_ESTIMATE,estimated,-1.1546178736581043,9.519310511082354,2.1693483454294444,0.10659937884994193,-0.3007415967011527,0.024481591532973596
22234472,1789117044731000000,1596,HEAD_POSE_ESTIMATE,estimated,-1.1550666123327802,9.53213724083549,2.161039329186873,0.08656333638932319,-0.29231974590358895,0.029978342757370182
22248472,1789117044745000000,1597,HEAD_POSE_ESTIMATE,estimated,-1.1539612150911536,9.563142994804801,2.1560331316108354,0.058795008639080555,-0.28223999533658306,0.034412497912258824
22273472,1789117044770000000,1598,HEAD_POSE_ESTIMATE,estimated,-1.1363325154495003,9.599180503029613,2.173856916944175,0.01995140997583715,-0.2741384233971969,0.032187697844749154
22286472,1789117044783000000,1599,HEAD_POSE_ESTIMATE,estimated,-1.1015416315274904,9.597452276804978,2.193936365374328,0.010259833980002811,-0.26810335508110084,0.02824648414340858
22299472,1789117044796000000,1600,HEAD_POSE_ESTIMATE,estimated,-1.0891692443673777,9.587888822915959,2.207232339136744,0.009946496732858797,-0.2596981726021623,0.024867489428229687
22314472,1789117044811000000,1601,HEAD_POSE_ESTIMATE,estimated,-1.075997535101136,9.538845010749663,2.241837380472842,0.02125915783197131,-0.24501567111666325,0.02332562900342042
22329472,1789117044826000000,1602,HEAD_POSE_ESTIMATE,estimated,-1.0643777096285258,9.48745563606829,2.260129953836466,0.03401993800548085,-0.22565287743849025,0.02206449779738919
22343472,1789117044840000000,1603,HEAD_POSE_ESTIMATE,estimated,-1.0370300578368414,9.43890498910652,2.2592343702593496,0.05018872506720525,-0.2078765128400872,0.027826373082670077
22356472,1789117044853000000,1604,HEAD_POSE_ESTIMATE,estimated,-1.0150776506142076,9.393807658598584,2.2895355922406737,0.06515455723484166,-0.18667052127043846,0.03887159740338731
22371472,1789117044868000000,1605,HEAD_POSE_ESTIMATE,estimated,-0.9859687452686179,9.312056263515577,2.371646129324494,0.0821046129875255,-0.15849063376667663,0.05199955142680625
22384472,1789117044881000000,1606,HEAD_POSE_ESTIMATE,estimated,-0.9527620099629117,9.321793985852214,2.264323617395925,0.09298982689406216,-0.1502595515265594,0.052793645878284924
22399472,1789117044896000000,1607,HEAD_POSE_ESTIMATE,estimated,-0.9021384029426576,9.36134495744319,2.1136581395335314,0.1068424476776359,-0.15224481908249027,0.05873348362881578
22413472,1789117044910000000,1608,HEAD_POSE_ESTIMATE,estimated,-0.8749826807089404,9.363953994856072,2.132701970524521,0.1111546110897232,-0.14950479378308212,0.05830322412687927
22429472,1789117044926000000,1609,HEAD_POSE_ESTIMATE,estimated,-0.8603777243996111,9.376887804476077,2.173420100661971,0.11343763385859319,-0.14243555011027195,0.05857009633282457
22439472,1789117044936000000,1610,HEAD_POSE_ESTIMATE,estimated,-0.8672946918281544,9.412768003170394,2.1311966137221363,0.11124055406382855,-0.13764042838746193,0.05502165993758754
22453472,1789117044950000000,1611,HEAD_POSE_ESTIMATE,estimated,-0.8706152783824415,9.475535659649402,2.110787824531434,0.10912812675999314,-0.13044037284247378,0.0566623458572367
22468472,1789117044965000000,1612,HEAD_POSE_ESTIMATE,estimated,-0.8691517152480482,9.553354444985747,2.098396385894636,0.11035467891704474,-0.11995830460130837,0.05873117381734836
22481472,1789117044978000000,1613,HEAD_POSE_ESTIMATE,estimated,-0.8515794203536058,9.61580076252284,2.102400182110836,0.11705300992391882,-0.10605380658802877,0.05804328550746836
22495472,1789117044992000000,1614,HEAD_POSE_ESTIMATE,estimated,-0.8244569191234784,9.695390932105616,2.1030280824803405,0.1371014892473411,-0.09108786423907692,0.05461702050806684
22509472,1789117045006000000,1615,HEAD_POSE_ESTIMATE,estimated,-0.7891351431189025,9.760490989580983,2.137959727201103,0.15660054911164056,-0.07277532839202305,0.046460041554741746
22525472,1789117045022000000,1616,HEAD_POSE_ESTIMATE,estimated,-0.7523652311998708,9.839394217205081,2.130848563833923,0.17294769148347602,-0.05047266565831154,0.03531710102928918
22540472,1789117045037000000,1617,HEAD_POSE_ESTIMATE,estimated,-0.7234151236095703,9.848089812177149,2.1149159822637373,0.1834447013646698,-0.029917721655349405,0.02044308256394481
22551472,1789117045048000000,1618,HEAD_POSE_ESTIMATE,estimated,-0.7076545658368624,9.844323376624018,2.0668841182926054,0.19213971890394685,-0.01734058743607647,0.013935062591165925
22565472,1789117045062000000,1619,HEAD_POSE_ESTIMATE,estimated,-0.6980861056048674,9.822490021875716,2.064113767901237,0.2020446596283932,0.003537097405832874,0.012034843796030644
22579472,1789117045076000000,1620,HEAD_POSE_ESTIMATE,estimated,-0.6800749863491741,9.803752409697422,2.0652984290785024,0.20605385905547952,0.0268347858762923,0.02228401803939673
22593472,1789117045090000000,1621,HEAD_POSE_ESTIMATE,estimated,-0.6368533914358802,9.751672634555797,2.1161669400833127,0.21118796485365918,0.054095480203262936,0.03593447299070474
22607472,1789117045104000000,1622,HEAD_POSE_ESTIMATE,estimated,-0.5942883602691124,9.705887585195237,2.155782839259405,0.2099233608430183,0.0769932081663443,0.0443890668677569
22622472,1789117045119000000,1623,HEAD_POSE_ESTIMATE,estimated,-0.5366587892731589,9.627882227166674,2.212885464735712,0.20635274715103158,0.09942734627400238,0.05330852437921377
22636472,1789117045133000000,1624,HEAD_POSE_ESTIMATE,estimated,-0.4673051937020434,9.548901986883328,2.3241972536450834,0.2076351955161877,0.12487351357456428,0.05724567830006609
22650472,1789117045147000000,1625,HEAD_POSE_ESTIMATE,estimated,-0.47926051510368733,9.549406920172531,2.1294055489927546,0.19496012117081532,0.13387752229947675,0.05389379898171093
22664472,1789117045161000000,1626,HEAD_POSE_ESTIMATE,estimated,-0.5012813692685487,9.536719155690397,1.9758653923081462,0.19430839443464476,0.14256165501372153,0.042876695445471825
22678472,1789117045175000000,1627,HEAD_POSE_ESTIMATE,estimated,-0.5192179367386491,9.533174888214713,1.891359327463171,0.20469729253154545,0.15257003778017775,0.030955215086249578
22693472,1789117045190000000,1628,HEAD_POSE_ESTIMATE,estimated,-0.5460241376577311,9.536574855111077,1.8854696868551861,0.228126519810247,0.16522728667087946,0.014287526862972086
22711472,1789117045208000000,1629,HEAD_POSE_ESTIMATE,estimated,-0.5715268981150075,9.576483466399742,1.853862973632913,0.23915856544269773,0.17131338401676807,-0.019787532657611653
22723472,1789117045220000000,1630,HEAD_POSE_ESTIMATE,estimated,-0.5775240173119476,9.614419001820353,1.8489899003474852,0.2389345989639925,0.17350573359028673,-0.047274391846202767
22745472,1789117045242000000,1631,HEAD_POSE_ESTIMATE,estimated,-0.57890715838798,9.641330601508413,1.8490863052903765,0.23783886534542542,0.17170748737839636,-0.0953708692270001
22759472,1789117045256000000,1632,HEAD_POSE_ESTIMATE,estimated,-0.5654933145427856,9.597855681914533,1.8505393352353265,0.23326761301711416,0.17275371205991366,-0.12185463709701151
22773472,1789117045270000000,1633,HEAD_POSE_ESTIMATE,estimated,-0.541790019016461,9.548807267498963,1.8908780435128043,0.21248243355640126,0.1682142558430555,-0.15386497255079426
22786472,1789117045283000000,1634,HEAD_POSE_ESTIMATE,estimated,-0.5497987775006394,9.502301588170713,1.9542416557525804,0.1925072510401903,0.16256998581448937,-0.17296344021719467
22803472,1789117045300000000,1635,HEAD_POSE_ESTIMATE,estimated,-0.516664383485204,9.423164511349162,2.0959742203502856,0.17487559754524948,0.15396527254336925,-0.18159389306629709
22811472,1789117045308000000,1636,HEAD_POSE_ESTIMATE,estimated,-0.5313521748471547,9.394716422613056,2.073792926808754,0.17717135200039882,0.15186795792973729,-0.16365135056159621
22826472,1789117045323000000,1637,HEAD_POSE_ESTIMATE,estimated,-0.5177138237583546,9.363911425165412,2.15610213661785,0.17106153142854502,0.14424703826491272,-0.14105248969589515
22839472,1789117045336000000,1638,HEAD_POSE_ESTIMATE,estimated,-0.5198461569684595,9.378647813031977,2.1544244499879115,0.16885549825122512,0.14198587294413717,-0.11356387145682362
22854472,1789117045351000000,1639,HEAD_POSE_ESTIMATE,estimated,-0.5042803550934538,9.40775594144177,2.138898041354377,0.15961611418230895,0.13687550124859352,-0.07524935327630766
22867472,1789117045364000000,1640,HEAD_POSE_ESTIMATE,estimated,-0.555053171806803,9.50721968824975,1.900049822159877,0.15475984068081416,0.14149835327690055,-0.056030260706101835
22882472,1789117045379000000,1641,HEAD_POSE_ESTIMATE,estimated,-0.5353629991529419,9.585748152243823,1.8323337082304012,0.13888501952731852,0.13800150064426403,-0.04128316560545623
22896472,1789117045393000000,1642,HEAD_POSE_ESTIMATE,estimated,-0.5397061271816934,9.666873499545675,1.7902530489512698,0.1289153186672702,0.1335784251684034,-0.03783089075077114
22910472,1789117045407000000,1643,HEAD_POSE_ESTIMATE,estimated,-0.532631230465981,9.668051279325137,1.7870421469923718,0.13596999516932262,0.13099585123578544,-0.023507471359593326
22923472,1789117045420000000,1644,HEAD_POSE_ESTIMATE,estimated,-0.5415361769335295,9.641511224846383,1.7910221375242146,0.16832203591220724,0.13257349552222533,-0.0017476473605060729
22939472,1789117045436000000,1645,HEAD_POSE_ESTIMATE,estimated,-0.5475185880178712,9.66496791814142,1.7587294757732135,0.19277549784410913,0.13094085425387703,0.009025693513707812
22953472,1789117045450000000,1646,HEAD_POSE_ESTIMATE,estimated,-0.5421512777251114,9.644141101110035,1.7707525262392192,0.24611012730885112,0.13229653169793978,0.024738414514277197
22966472,1789117045463000000,1647,HEAD_POSE_ESTIMATE,estimated,-0.513626637199232,9.615042860399214,1.7481073910640144,0.28821658890073915,0.13026102165407888,0.03847715057085122
22980472,1789117045477000000,1648,HEAD_POSE_ESTIMATE,estimated,-0.46900657572178467,9.574119044234513,1.6890347882110248,0.315791283530451,0.12644888793640346,0.04868795527393405
22994472,1789117045491000000,1649,HEAD_POSE_ESTIMATE,estimated,-0.43227366050283317,9.550399522353073,1.5966593507073465,0.33362887626374277,0.12241533555028984,0.05342515654665372
23008472,1789117045505000000,1650,HEAD_POSE_ESTIMATE,estimated,-0.4119931267793907,9.544271724359874,1.5441662725597405,0.3189414492449614,0.11444477713665643,0.044231402561157616
23025472,1789117045522000000,1651,HEAD_POSE_ESTIMATE,estimated,-0.42274480253593927,9.566670080096774,1.5089303634877127,0.2742354603904316,0.10479101946059573,0.032368368133002666
23039472,1789117045536000000,1652,HEAD_POSE_ESTIMATE,estimated,-0.43365052755381656,9.591617216291954,1.4837703175778745,0.2138887592343464,0.09409412784535295,0.014676695528941642
23050472,1789117045547000000,1653,HEAD_POSE_ESTIMATE,estimated,-0.4325129843255287,9.61611345224136,1.474995375377332,0.14540485541167725,0.08425582785017596,0.003264559504108357
23067472,1789117045564000000,1654,HEAD_POSE_ESTIMATE,estimated,-0.44207302523687403,9.67551194922772,1.4821715885953217,0.0798292474892134,0.07949403594670389,0.010629903762589658
23079472,1789117045576000000,1655,HEAD_POSE_ESTIMATE,estimated,-0.44259659185519745,9.72538769998761,1.4494280970004563,0.05267569923627909,0.08218468681455794,0.031491139738121156
23092472,1789117045589000000,1656,HEAD_POSE_ESTIMATE,estimated,-0.4449447356138382,9.74613918319099,1.440032954604523,0.04261255073353238,0.0907106562739233,0.06307156120999952
23105472,1789117045602000000,1657,HEAD_POSE_ESTIMATE,estimated,-0.4230517680103297,9.737575066082222,1.4447091235612366,0.04555114017986891,0.1006096349928334,0.09232697538874675
23120472,1789117045617000000,1658,HEAD_POSE_ESTIMATE,estimated,-0.409811686765516,9.688640458578147,1.458995671914787,0.0472232334097646,0.1130575904700749,0.11646345957788894
23135472,1789117045632000000,1659,HEAD_POSE_ESTIMATE,estimated,-0.3989455907735823,9.603870240767488,1.4742747740956736,0.045817613235677554,0.12158928684459641,0.12738557644284915
23148472,1789117045645000000,1660,HEAD_POSE_ESTIMATE,estimated,-0.3831474260213928,9.574055285376394,1.4496749674946547,0.03592326673785802,0.1292740521450146,0.12665406906032442
23162472,1789117045659000000,1661,HEAD_POSE_ESTIMATE,estimated,-0.37707777825897293,9.53342567308628,1.4161112288261022,0.021441776749153103,0.13812042589779872,0.12246067634279371
23177472,1789117045674000000,1662,HEAD_POSE_ESTIMATE,estimated,-0.3734304797887196,9.515251832962576,1.4138661208543324,-0.006663465188325432,0.1443144447524446,0.11312000009217468
23190472,1789117045687000000,1663,HEAD_POSE_ESTIMATE,estimated,-0.3738507367581637,9.509896506215473,1.392205403601591,-0.025009164202152264,0.1523665938393636,0.10555035664512737
23205472,1789117045702000000,1664,HEAD_POSE_ESTIMATE,estimated,-0.37516348373790526,9.554995352827598,1.3739896594091605,-0.04279509758173452,0.16003764619293856,0.09757149678706126
23218472,1789117045715000000,1665,HEAD_POSE_ESTIMATE,estimated,-0.3825717679676013,9.631503448148194,1.381073098349576,-0.0645478599059007,0.1675890181779589,0.09743389989662171
23233472,1789117045730000000,1666,HEAD_POSE_ESTIMATE,estimated,-0.3975223171689417,9.670838102985448,1.4065160064291637,-0.09288107319612601,0.17593688262437737,0.09715255339267224
23247472,1789117045744000000,1667,HEAD_POSE_ESTIMATE,estimated,-0.3923954078688735,9.74680722339612,1.4257614897509217,-0.10998076680792679,0.183642231764064,0.10134103926716055
23261472,1789117045758000000,1668,HEAD_POSE_ESTIMATE,estimated,-0.3821525935931822,9.842406337333815,1.4486108361478127,-0.12277037024808773,0.19698060932061978,0.11285467880105174
23275472,1789117045772000000,1669,HEAD_POSE_ESTIMATE,estimated,-0.38103525449185605,9.915929239482507,1.4752361168161656,-0.14486886085775702,0.21288519005611586,0.12416385211528959
23289472,1789117045786000000,1670,HEAD_POSE_ESTIMATE,estimated,-0.3897430338629404,9.966159176759582,1.517334242349599,-0.1555758106060907,0.22839501241599594,0.13206557748662803
23303472,1789117045800000000,1671,HEAD_POSE_ESTIMATE,estimated,-0.3944159352153904,10.005469330957206,1.5524028615170664,-0.15420642258565456,0.24302268314474335,0.1351984355397465
23317472,1789117045814000000,1672,HEAD_POSE_ESTIMATE,estimated,-0.4132168783860707,10.052035260914488,1.5935575108802396,-0.14513195206222745,0.2582905665815971,0.13784788033227732
23331472,1789117045828000000,1673,HEAD_POSE_ESTIMATE,estimated,-0.4306744551850621,10.100543365054945,1.6083783915566308,-0.127818614203538,0.2670182859750755,0.1314218019412065
23347472,1789117045844000000,1674,HEAD_POSE_ESTIMATE,estimated,-0.4533442417631596,10.129496662749327,1.6024231232201043,-0.09783954049973835,0.2685141031506067,0.11572696828212857
23358472,1789117045855000000,1675,HEAD_POSE_ESTIMATE,estimated,-0.47610481856140574,10.131584117443678,1.6148197308747392,-0.06576486076764246,0.26551880911078585,0.10016273641859716
23372472,1789117045869000000,1676,HEAD_POSE_ESTIMATE,estimated,-0.49242150765472187,10.101298772308182,1.6038373847691225,-0.02620756010922718,0.2557121528340729,0.07650162370056313
23386472,1789117045883000000,1677,HEAD_POSE_ESTIMATE,estimated,-0.5135575397297427,10.064418915292192,1.540182539341754,0.015739874554443756,0.24172350928948763,0.05553380508278925
23400472,1789117045897000000,1678,HEAD_POSE_ESTIMATE,estimated,-0.5270872397518321,10.023972076532495,1.5140200189143627,0.057844977355127496,0.22563487590726053,0.043375262001521586
23414472,1789117045911000000,1679,HEAD_POSE_ESTIMATE,estimated,-0.541190556441815,9.951922692792486,1.4839171041884023,0.09832814127736926,0.20809735024713918,0.04418517818630911
23429472,1789117045926000000,1680,HEAD_POSE_ESTIMATE,estimated,-0.5698046895126994,9.868949969263385,1.4347412155587218,0.14289140716799859,0.19407707404979124,0.061695918004333966
23442472,1789117045939000000,1681,HEAD_POSE_ESTIMATE,estimated,-0.570468560850248,9.767913997932078,1.4030436334284975,0.17940692771577627,0.1819923434097068,0.0792935885100552
23456472,1789117045953000000,1682,HEAD_POSE_ESTIMATE,estimated,-0.5654119055780474,9.636320838702,1.3538994614799842,0.21872668046711669,0.17506204137897977,0.10523928394827073
23470472,1789117045967000000,1683,HEAD_POSE_ESTIMATE,estimated,-0.5487123557018829,9.547524141209044,1.3162864024863559,0.2409624346247831,0.16958797359588498,0.11907583296272095
23484472,1789117045981000000,1684,HEAD_POSE_ESTIMATE,estimated,-0.5232447892882895,9.462700045834294,1.267789969189401,0.25840570831840043,0.16260016890963722,0.12311408584584055
23498472,1789117045995000000,1685,HEAD_POSE_ESTIMATE,estimated,-0.5055912162542611,9.369354570410163,1.2244068275835638,0.26722904080894594,0.1561282674666308,0.11795258733046003
23512472,1789117046009000000,1686,HEAD_POSE_ESTIMATE,estimated,-0.48737545893892104,9.333266429162055,1.1957806981680186,0.24732782978930365,0.15065975102670304,0.10690987257845057
23526472,1789117046023000000,1687,HEAD_POSE_ESTIMATE,estimated,-0.47773351393156055,9.33817956906763,1.1646905856581635,0.21259139724800483,0.14665564020175198,0.09284662722663099
23542472,1789117046039000000,1688,HEAD_POSE_ESTIMATE,estimated,-0.49095513371348654,9.383170239490118,1.1445534890914169,0.174295601573701,0.1426851408292434,0.07439343242547743
23554472,1789117046051000000,1689,HEAD_POSE_ESTIMATE,estimated,-0.494500662636594,9.41903688483642,1.1154090507205492,0.14437995295447748,0.14797482132406878,0.07108790241911843
23568472,1789117046065000000,1690,HEAD_POSE_ESTIMATE,estimated,-0.5056019813566621,9.461888154434446,1.1013506508359334,0.12189471114687812,0.15256854048425617,0.06649010025858003
23582472,1789117046079000000,1691,HEAD_POSE_ESTIMATE,estimated,-0.49599577273249773,9.506365350878474,1.087348628657137,0.10460677829317905,0.15795093282313158,0.06369620351303472
23596472,1789117046093000000,1692,HEAD_POSE_ESTIMATE,estimated,-0.4696084025421667,9.543662368902895,1.0722709706551812,0.10821389833228594,0.1635967690997383,0.06625789800524251
23610472,1789117046107000000,1693,HEAD_POSE_ESTIMATE,estimated,-0.4419883717888844,9.58293865215453,1.052384381046417,0.11166458941924767,0.16675254618127636,0.06547744914804846
23623472,1789117046120000000,1694,HEAD_POSE_ESTIMATE,estimated,-0.41065735264825914,9.61329308207817,1.0180836600211631,0.11446908653070817,0.16751472880947252,0.06009852140855906
23637472,1789117046134000000,1695,HEAD_POSE_ESTIMATE,estimated,-0.38919161279289394,9.610046347017159,0.9669803476458998,0.11597138314516775,0.16604814082035788,0.048743669335912086
23651472,1789117046148000000,1696,HEAD_POSE_ESTIMATE,estimated,-0.3735940471418526,9.609597032830834,0.916457829152211,0.1096231096768979,0.1586547630876591,0.02974202181154822
23667472,1789117046164000000,1697,HEAD_POSE_ESTIMATE,estimated,-0.3682684242290178,9.59505554664078,0.8639252975905177,0.09419786533207135,0.1490316839534869,0.011882209726886367
23679472,1789117046176000000,1698,HEAD_POSE_ESTIMATE,estimated,-0.3765448238634158,9.587326943311107,0.8185116671738683,0.07408476106015198,0.14028242608184074,-0.0018244790505027588
23692472,1789117046189000000,1699,HEAD_POSE_ESTIMATE,estimated,-0.3716652823062015,9.569764357133561,0.7712547953210532,0.04667461770738272,0.12996784500868197,-0.010490113969488393
23707472,1789117046204000000,1700,HEAD_POSE_ESTIMATE,estimated,-0.36843828631779424,9.562938485149079,0.7450594318256072,0.012413542011322528,0.11797776342171684,-0.014402114603855569
23719472,1789117046216000000,1701,HEAD_POSE_ESTIMATE,estimated,-0.368245766982681,9.55896446303108,0.7180987102454445,-0.015027384552263367,0.1070530129108188,-0.017117209305348196
23733472,1789117046230000000,1702,HEAD_POSE_ESTIMATE,estimated,-0.3757845372022935,9.580085234533133,0.684692847460873,-0.039697479954139504,0.09594769320621732,-0.01955809173782058
23747472,1789117046244000000,1703,HEAD_POSE_ESTIMATE,estimated,-0.4016710778091623,9.59609534306987,0.6650136613302393,-0.06556379262851028,0.08369513136069001,-0.027286693099181122
23761472,1789117046258000000,1704,HEAD_POSE_ESTIMATE,estimated,-0.43091445973207865,9.621490297215308,0.6578219034062212,-0.09025677837929236,0.07101451176241738,-0.04167053745038845
23775472,1789117046272000000,1705,HEAD_POSE_ESTIMATE,estimated,-0.4610820192237106,9.656024458506028,0.6609562414657582,-0.1156871150733407,0.05775038698590276,-0.06561294820574368
23790472,1789117046287000000,1706,HEAD_POSE_ESTIMATE,estimated,-0.49730328149800995,9.706583536752953,0.6997853104681293,-0.13587098753386628,0.04899126491018933,-0.08779792958071098
23803472,1789117046300000000,1707,HEAD_POSE_ESTIMATE,estimated,-0.5245103833380473,9.747201201516644,0.7361654632826452,-0.1484973996220459,0.04382404333728884,-0.10516793947559172
23817472,1789117046314000000,1708,HEAD_POSE_ESTIMATE,estimated,-0.5535562802943148,9.800562312078858,0.7840879873730188,-0.16212026899477391,0.04056086639402378,-0.12106472444634779
23831472,1789117046328000000,1709,HEAD_POSE_ESTIMATE,estimated,-0.5680491534495912,9.847657793031647,0.8292161680753807,-0.1624899159488319,0.04032647702614494,-0.1290732455883282
23845472,1789117046342000000,1710,HEAD_POSE_ESTIMATE,estimated,-0.5979224841148469,9.876934699426554,0.8730321587217306,-0.15426892571645948,0.04075731684238239,-0.12968828381662958
23859472,1789117046356000000,1711,HEAD_POSE_ESTIMATE,estimated,-0.6246667962745215,9.891149634234573,0.8988021134922595,-0.13683705333927898,0.0389695591487587,-0.12164632469510513
23873472,1789117046370000000,1712,HEAD_POSE_ESTIMATE,estimated,-0.6482872298302352,9.89246149078349,0.92239768036364,-0.11115253847059842,0.03890053835452879,-0.10557325769264352
23886472,1789117046383000000,1713,HEAD_POSE_ESTIMATE,estimated,-0.66088680790941,9.890532639852395,0.9297294800681102,-0.08411648425920477,0.036658041192317956,-0.0875600700665801
23901472,1789117046398000000,1714,HEAD_POSE_ESTIMATE,estimated,-0.6701737603100258,9.881443526069026,0.9349083121152628,-0.054338327659399256,0.03198652623291506,-0.06685887302681694
23915472,1789117046412000000,1715,HEAD_POSE_ESTIMATE,estimated,-0.6672016878218923,9.862216446232857,0.935252965430831,-0.02658183761732829,0.028572851501349875,-0.04484055540224008
23929472,1789117046426000000,1716,HEAD_POSE_ESTIMATE,estimated,-0.6576697733700376,9.84493134818233,0.9204965886095082,-0.0038652352354822234,0.023559614607381704,-0.02544503252694065
23943472,1789117046440000000,1717,HEAD_POSE_ESTIMATE,estimated,-0.650688616305066,9.827073176645749,0.8957278940366726,0.014537483959985146,0.020185772426186264,-0.00953718915559541
23957472,1789117046454000000,1718,HEAD_POSE_ESTIMATE,estimated,-0.6473812150312425,9.82426982656539,0.8638499156914103,0.02662923467183569,0.016116119251391593,-0.0006175409097295511
23971472,1789117046468000000,1719,HEAD_POSE_ESTIMATE,estimated,-0.6470141782800811,9.815145184755693,0.841804764763784,0.0348009458124993,0.013585515739120112,0.00415610803879456
23987472,1789117046484000000,1720,HEAD_POSE_ESTIMATE,estimated,-0.6443384822229551,9.793903070690881,0.817779754362005,0.03632656949162048,0.013485092735869576,0.007745306642775166
23999472,1789117046496000000,1721,HEAD_POSE_ESTIMATE,estimated,-0.6422938094357603,9.770097395872146,0.8010563809409286,0.035676744319298404,0.014656065011885237,0.008335582088039431
24012472,1789117046509000000,1722,HEAD_POSE_ESTIMATE,estimated,-0.6401831563292798,9.74940553781983,0.7861484712824275,0.029512237420713593,0.0175313336829492,0.005771320104940067
24026472,1789117046523000000,1723,HEAD_POSE_ESTIMATE,estimated,-0.6333673127197995,9.732464252798149,0.7744710317545083,0.021342939646851324,0.022116350435902835,0.0003181085460896126
24039472,1789117046536000000,1724,HEAD_POSE_ESTIMATE,estimated,-0.6237499702844931,9.718785762734068,0.7617779960172171,0.013186272186168102,0.02667302824437349,-0.003614546379287717
24054472,1789117046551000000,1725,HEAD_POSE_ESTIMATE,estimated,-0.6169162208029891,9.69565440287261,0.7552632052102097,0.0055012492952418125,0.03262696770375762,-0.009074822100540735
24067472,1789117046564000000,1726,HEAD_POSE_ESTIMATE,estimated,-0.6132464515285561,9.67661707524544,0.7594404338372105,-0.0023504622129586956,0.03690344681709029,-0.01242781082750061
24081472,1789117046578000000,1727,HEAD_POSE_ESTIMATE,estimated,-0.6093258558410054,9.66421128090395,0.7653203039543345,-0.013332415060464512,0.040704368082080306,-0.014567590519858417
24096472,1789117046593000000,1728,HEAD_POSE_ESTIMATE,estimated,-0.6108992717467464,9.65414096236705,0.7740668235497846,-0.02561271839349218,0.04318474682753723,-0.012433956068693179
24110472,1789117046607000000,1729,HEAD_POSE_ESTIMATE,estimated,-0.6092847445974965,9.65301606385199,0.7929808366308178,-0.03570352871159078,0.043592372939679165,-0.010624508189292146
24123472,1789117046620000000,1730,HEAD_POSE_ESTIMATE,estimated,-0.6058728711032981,9.652285898727005,0.8122218865880967,-0.043682042194622905,0.040587010719473716,-0.009373509959992019
24137472,1789117046634000000,1731,HEAD_POSE_ESTIMATE,estimated,-0.6009919874713495,9.648768347808574,0.8499530167388921,-0.0494248262024707,0.036751823194129944,-0.00980273706541188
24151472,1789117046648000000,1732,HEAD_POSE_ESTIMATE,estimated,-0.599728701458038,9.649069588531413,0.8857023042657439,-0.05245898646286881,0.03211038869203693,-0.010474929696191581
24165472,1789117046662000000,1733,HEAD_POSE_ESTIMATE,estimated,-0.5954150425853724,9.654551513290732,0.9286147945694218,-0.05257398449157327,0.0266263867710311,-0.011748769804509368
24179472,1789117046676000000,1734,HEAD_POSE_ESTIMATE,estimated,-0.5981712662756555,9.666267096847845,0.9666880992093762,-0.05251890970343929,0.02202928273533996,-0.014055168787596455
24193472,1789117046690000000,1735,HEAD_POSE_ESTIMATE,estimated,-0.6018843961381009,9.680524010799004,0.9955916527494187,-0.05015665207755031,0.017731440998546663,-0.0161866802247163
24207472,1789117046704000000,1736,HEAD_POSE_ESTIMATE,estimated,-0.6151272446411823,9.697581533731212,1.0134548885249546,-0.04824990264716242,0.013423369095974575,-0.01990256480299572
24220472,1789117046717000000,1737,HEAD_POSE_ESTIMATE,estimated,-0.6196167623149524,9.717107488026548,1.0278416701902915,-0.048484576260751054,0.010465048799208392,-0.022425599314462447
24234472,1789117046731000000,1738,HEAD_POSE_ESTIMATE,estimated,-0.6204996064837442,9.739249151621113,1.0358585008388073,-0.05166393775050293,0.006063250126184243,-0.022706985188162686
24249472,1789117046746000000,1739,HEAD_POSE_ESTIMATE,estimated,-0.6131651180849398,9.763548553803005,1.0411236599737985,-0.051974579235904705,0.0018294306934664654,-0.020023003272607545
24263472,1789117046760000000,1740,HEAD_POSE_ESTIMATE,estimated,-0.6073177643023682,9.782120479325817,1.0421919755649542,-0.0502768035627972,-0.0016429379192942463,-0.015805789934001127
24276472,1789117046773000000,1741,HEAD_POSE_ESTIMATE,estimated,-0.6011931206756287,9.792410100574964,1.0497354190547263,-0.05055003961036995,-0.005305891926072718,-0.010052209974266608
24291472,1789117046788000000,1742,HEAD_POSE_ESTIMATE,estimated,-0.5955475122191864,9.809271148026527,1.0428705003258252,-0.04455230804165335,-0.008733850857071561,-0.006771334188849923
24303472,1789117046800000000,1743,HEAD_POSE_ESTIMATE,estimated,-0.5954138741435797,9.820783535043612,1.0344021292465988,-0.034201433595040014,-0.011862611824013197,-0.007187395900253695
24318472,1789117046815000000,1744,HEAD_POSE_ESTIMATE,estimated,-0.5994828981591503,9.836364823282508,1.0208577160812649,-0.018923872298447393,-0.016109331194840343,-0.01156282983117082
24332472,1789117046829000000,1745,HEAD_POSE_ESTIMATE,estimated,-0.6054665304249449,9.844570652726333,1.0062714349731183,-0.0038350736320602367,-0.01899753657092688,-0.015150621200614072
24347472,1789117046844000000,1746,HEAD_POSE_ESTIMATE,estimated,-0.609496766793759,9.838153205106648,0.9882472793208646,0.013751266204095924,-0.02189557706177853,-0.01915177015577876
24359472,1789117046856000000,1747,HEAD_POSE_ESTIMATE,estimated,-0.616709135299248,9.824806178672478,0.9848437614058476,0.0275470200582227,-0.024434197137840476,-0.02112641845851183
24373472,1789117046870000000,1748,HEAD_POSE_ESTIMATE,estimated,-0.6249972300929452,9.815082345069113,0.9798661667535604,0.04162554644509314,-0.02614498336718046,-0.021691560993425014
24388472,1789117046885000000,1749,HEAD_POSE_ESTIMATE,estimated,-0.6360969746084566,9.801101549272522,0.9666698568197278,0.05147083186814014,-0.02551517090081258,-0.0211310455986079
24400472,1789117046897000000,1750,HEAD_POSE_ESTIMATE,estimated,-0.644958401675621,9.784253215422817,0.9596291976031158,0.05623041045834059,-0.02235176046774111,-0.02024347364739524
24414472,1789117046911000000,1751,HEAD_POSE_ESTIMATE,estimated,-0.6507077252383133,9.758199524161762,0.9578496880838469,0.060105760071103166,-0.018601401988526407,-0.018671848217972558
24429472,1789117046926000000,1752,HEAD_POSE_ESTIMATE,estimated,-0.6574318561875092,9.733273311595903,0.9609808454259725,0.059974582555077996,-0.012730955264183405,-0.01675266015956984
24442472,1789117046939000000,1753,HEAD_POSE_ESTIMATE,estimated,-0.660220912957932,9.70994096217316,0.9638221278504553,0.055164870361551134,-0.007279956072278337,-0.015721350836160983
24457472,1789117046954000000,1754,HEAD_POSE_ESTIMATE,estimated,-0.6558361338494592,9.681094907576156,0.973821706215077,0.04739450661304702,-0.0014256797762065576,-0.015560247355064947
24470472,1789117046967000000,1755,HEAD_POSE_ESTIMATE,estimated,-0.6518810348115961,9.664303811951541,0.9850059627024769,0.03520448601248872,0.002007374541872374,-0.01879109149524518
24484472,1789117046981000000,1756,HEAD_POSE_ESTIMATE,estimated,-0.6522146365905391,9.650604412203949,1.0087631000366835,0.02128910404739047,0.005396700613405096,-0.023465693168116072
24498472,1789117046995000000,1757,HEAD_POSE_ESTIMATE,estimated,-0.6506965804672281,9.638835271480854,1.0317718917131784,0.009955314280714877,0.007637288269318287,-0.02997801516588179
24512472,1789117047009000000,1758,HEAD_POSE_ESTIMATE,estimated,-0.649236306037708,9.64124795669249,1.047452539113382,-0.0014987636685998465,0.00952277808950017,-0.03427974674797635
24526472,1789117047023000000,1759,HEAD_POSE_ESTIMATE,estimated,-0.6522935080212701,9.651595573686132,1.0746134539252281,-0.011109877912752395,0.010341789992458217,-0.03602801845807319
24542472,1789117047039000000,1760,HEAD_POSE_ESTIMATE,estimated,-0.6557771801097655,9.670456132643523,1.0972469321124614,-0.017171995910834903,0.011112830796003538,-0.0342334680940088
24554472,1789117047051000000,1761,HEAD_POSE_ESTIMATE,estimated,-0.6596683969195744,9.684859962815894,1.1020174426316807,-0.02160860163028595,0.011809377251312878,-0.029088908755562193
24567472,1789117047064000000,1762,HEAD_POSE_ESTIMATE,estimated,-0.6621732109224082,9.698256676966452,1.1070975996777157,-0.023038066967185907,0.013224307344781982,-0.020897721055876537
24581472,1789117047078000000,1763,HEAD_POSE_ESTIMATE,estimated,-0.663377844486843,9.725950719681292,1.1113911973030124,-0.021422609052861974,0.012875902046871186,-0.012897130776789082
24595472,1789117047092000000,1764,HEAD_POSE_ESTIMATE,estimated,-0.6680156609467804,9.752160032431782,1.117913708795919,-0.01880825652195931,0.013139965427700578,-0.006964002800261606
24609472,1789117047106000000,1765,HEAD_POSE_ESTIMATE,estimated,-0.6689182661816994,9.774003878379995,1.117121575420255,-0.01143394082650109,0.011946476405617343,-0.0030446164773778725
24623472,1789117047120000000,1766,HEAD_POSE_ESTIMATE,estimated,-0.6712044106087217,9.790772744188729,1.1150669071619137,-0.00023448883629092354,0.008696406982761713,-0.0022210990484994196
24637472,1789117047134000000,1767,HEAD_POSE_ESTIMATE,estimated,-0.6758403823746751,9.806325016194645,1.116791570833207,0.010796095114119322,0.006097259353183668,-0.004024927301630256
24651472,1789117047148000000,1768,HEAD_POSE_ESTIMATE,estimated,-0.6823843086984488,9.821337117497105,1.1132407398685125,0.024508845157940756,0.004454075198734281,-0.006892125732203044
24664472,1789117047161000000,1769,HEAD_POSE_ESTIMATE,estimated,-0.6904133976384097,9.826457105915091,1.0932094686392329,0.039599359238922466,0.00450242567267091,-0.01027866771391098
24679472,1789117047176000000,1770,HEAD_POSE_ESTIMATE,estimated,-0.6986642904997565,9.828292848953492,1.0787829554381483,0.05691410924892722,0.006266893406663618,-0.01518336978895711
24693472,1789117047190000000,1771,HEAD_POSE_ESTIMATE,estimated,-0.7063268284514461,9.824336119461007,1.0630948909899418,0.07178271001206482,0.008249703657700039,-0.01869645868625204
24709472,1789117047206000000,1772,HEAD_POSE_ESTIMATE,estimated,-0.7088010630070568,9.819914646992135,1.0367583620287903,0.08386863869922723,0.011169991741655656,-0.019748828807627333
24720472,1789117047217000000,1773,HEAD_POSE_ESTIMATE,estimated,-0.7098749438147243,9.818805674321652,1.0191972424392162,0.08875099247307434,0.014074348601511442,-0.016896485523401637
24735472,1789117047232000000,1774,HEAD_POSE_ESTIMATE,estimated,-0.7059916828770665,9.809475342991732,0.9986581339606093,0.09162498176689336,0.015807934771109273,-0.010484759275203617
24748472,1789117047245000000,1775,HEAD_POSE_ESTIMATE,estimated,-0.7043840642529144,9.802080347653801,0.9788205311996407,0.09194028172034299,0.01777997139124521,-0.00217028895566376
24763472,1789117047260000000,1776,HEAD_POSE_ESTIMATE,estimated,-0.7025844768719509,9.79288673131347,0.9486803181991768,0.09247210319593643,0.01888171671221772,0.006840742623391251
24777472,1789117047274000000,1777,HEAD_POSE_ESTIMATE,estimated,-0.6971718862433864,9.790314383614668,0.9245898506956276,0.09439832598676735,0.019935128718541896,0.013351380529338479
24790472,1789117047287000000,1778,HEAD_POSE_ESTIMATE,estimated,-0.6835826717563992,9.785209733990799,0.9068165686245633,0.09462224273158046,0.02136701627852233,0.0179215829540545
24804472,1789117047301000000,1779,HEAD_POSE_ESTIMATE,estimated,-0.6708623746977086,9.780145206428532,0.8891792777045546,0.09597572058994758,0.022800409813950408,0.020699704188940876
24819472,1789117047316000000,1780,HEAD_POSE_ESTIMATE,estimated,-0.6556679893795869,9.774180104210144,0.8678923323562929,0.09890174055223466,0.023366062922649214,0.022551390546183808
24832472,1789117047329000000,1781,HEAD_POSE_ESTIMATE,estimated,-0.6417615306175171,9.768722513361208,0.8504334570894194,0.09870995889520069,0.02515297469292261,0.022607895042422443
24846472,1789117047343000000,1782,HEAD_POSE_ESTIMATE,estimated,-0.6293707094362945,9.755963187447636,0.8338720852259136,0.09690154684798584,0.028266980150409553,0.02274519232936378
24859472,1789117047356000000,1783,HEAD_POSE_ESTIMATE,estimated,-0.6221405414062784,9.739072337266876,0.8197408388345261,0.0947118223387331,0.031240965419921735,0.021277224465937182
24873472,1789117047370000000,1784,HEAD_POSE_ESTIMATE,estimated,-0.6132145743736341,9.722350035712056,0.8084562487358021,0.09478296923197085,0.034170322318306086,0.019564535992625115
24888472,1789117047385000000,1785,HEAD_POSE_ESTIMATE,estimated,-0.6028711828986806,9.705582274626297,0.7970192710331832,0.0908836422830842,0.03708186806887607,0.015612345348771935
24902472,1789117047399000000,1786,HEAD_POSE_ESTIMATE,estimated,-0.5927851058457209,9.690425864420495,0.7894990053106861,0.08349494648457428,0.03901274250872991,0.011346520445603386
24916472,1789117047413000000,1787,HEAD_POSE_ESTIMATE,estimated,-0.5847981673778374,9.678923010864771,0.7822528316865949,0.07688713987997574,0.040968696630914375,0.0034711233153816444
24930472,1789117047427000000,1788,HEAD_POSE_ESTIMATE,estimated,-0.5770397617137811,9.674052138197933,0.7761121320065903,0.06728445734794762,0.04006056967673514,-0.004282044811943346
24944472,1789117047441000000,1789,HEAD_POSE_ESTIMATE,estimated,-0.5715643966218436,9.674469131190552,0.7689181432766227,0.05462652331349954,0.03673502079590192,-0.011205447961412842
24957472,1789117047454000000,1790,HEAD_POSE_ESTIMATE,estimated,-0.5690132364379241,9.670232369234437,0.7622827350062074,0.040092929971611034,0.03395203193376051,-0.017138921426736228
24972472,1789117047469000000,1791,HEAD_POSE_ESTIMATE,estimated,-0.5674689755259884,9.675512115713857,0.7499673532194577,0.024261838993144772,0.027753445038196684,-0.019931981952541783
24985472,1789117047482000000,1792,HEAD_POSE_ESTIMATE,estimated,-0.5740338319273988,9.678316150166715,0.7499423235149024,0.011960058498645636,0.021146061033919736,-0.018263031490460668
24999472,1789117047496000000,1793,HEAD_POSE_ESTIMATE,estimated,-0.574418021566944,9.684607142671112,0.7452057843671581,0.0016578047716880543,0.01292694712761411,-0.013358753615308088
25013472,1789117047510000000,1794,HEAD_POSE_ESTIMATE,estimated,-0.5808659619795031,9.694386407871011,0.7349910084025418,-0.0038208680338080807,0.004845378103918448,-0.006005474073285235
25027472,1789117047524000000,1795,HEAD_POSE_ESTIMATE,estimated,-0.5801861317054141,9.70869635036482,0.7362287499347029,-0.0065153881724150636,-0.0025352140041495965,-0.00031458121878598345
25040472,1789117047537000000,1796,HEAD_POSE_ESTIMATE,estimated,-0.5810883558677593,9.726621230626328,0.7299071621093914,-0.006816348991890064,-0.009215522606968847,0.0027804188968226598
25055472,1789117047552000000,1797,HEAD_POSE_ESTIMATE,estimated,-0.5893268369290695,9.742310382307457,0.721528055665058,-0.00548672359011634,-0.0156470274423753,0.0015588760670230523
25068472,1789117047565000000,1798,HEAD_POSE_ESTIMATE,estimated,-0.5957361437676888,9.750960593096769,0.7108747750057226,-0.0033404886481560414,-0.02083481957252235,-0.005842799480508223
25081472,1789117047578000000,1799,HEAD_POSE_ESTIMATE,estimated,-0.6092165060126267,9.759512361622923,0.7066300581385584,-0.0011819849969047155,-0.02451060388437548,-0.01461886595566149
25095472,1789117047592000000,1800,HEAD_POSE_ESTIMATE,estimated,-0.6312388177607018,9.769064594291846,0.7089081689634575,-0.0015807348225592582,-0.026757241027572553,-0.025045457682496004
25109472,1789117047606000000,1801,HEAD_POSE_ESTIMATE,estimated,-0.6492362586892924,9.766680124175453,0.7133119805871506,-0.0009818904609909284,-0.02708789823966882,-0.03269133830445353
25123472,1789117047620000000,1802,HEAD_POSE_ESTIMATE,estimated,-0.6736547855876801,9.762774204986224,0.7218854305496156,-0.0017180417966846091,-0.025934316193059255,-0.036504709581639115
25137472,1789117047634000000,1803,HEAD_POSE_ESTIMATE,estimated,-0.6922821034609822,9.766653133492254,0.723331910048613,-0.007228797677082416,-0.02340344836146255,-0.03519909439596135
25151472,1789117047648000000,1804,HEAD_POSE_ESTIMATE,estimated,-0.7044199292289438,9.770635201173778,0.7240459051968102,-0.009345796562384597,-0.01880115994596564,-0.030130514354750833
25165472,1789117047662000000,1805,HEAD_POSE_ESTIMATE,estimated,-0.7132334627400833,9.771989471743623,0.7199142900162744,-0.009097694030127734,-0.013124457303167459,-0.023048702170291948
25181472,1789117047678000000,1806,HEAD_POSE_ESTIMATE,estimated,-0.7102514874549215,9.762244825502426,0.7181378631518417,-0.004688687714498817,-0.008833175184649293,-0.013736437510912419
25194472,1789117047691000000,1807,HEAD_POSE_ESTIMATE,estimated,-0.7068854356883985,9.752541757352848,0.7195898987802317,-0.0003923093270735599,-0.004772936968976011,-0.006616188403165477
25206472,1789117047703000000,1808,HEAD_POSE_ESTIMATE,estimated,-0.7025364968903459,9.743632902842673,0.7265302002360062,0.0038805764828766533,-0.0016021006732564748,-0.0009397395174725642
25223472,1789117047720000000,1809,HEAD_POSE_ESTIMATE,estimated,-0.6927653632285439,9.738496810409613,0.7322264565267291,0.00598815462015446,0.0018843337769530802,0.006037979099387426
25234472,1789117047731000000,1810,HEAD_POSE_ESTIMATE,estimated,-0.6891139420191692,9.743966423365498,0.7374895620791349,0.005240888992745004,0.0026663147485375027,0.010024721164152445
25247472,1789117047744000000,1811,HEAD_POSE_ESTIMATE,estimated,-0.6764992426205074,9.75119430799295,0.7352332653329805,0.0025675667570093444,0.00431066005578127,0.01591376553877203
25262472,1789117047759000000,1812,HEAD_POSE_ESTIMATE,estimated,-0.6629372442003106,9.761021382463095,0.7360410325871408,-0.0004397580335954039,0.005573640055787096,0.020837562179933544
25275472,1789117047772000000,1813,HEAD_POSE_ESTIMATE,estimated,-0.6517810910045153,9.763977230911003,0.7336667449684197,-0.0033208875354733386,0.0060786248628513515,0.024847419461661704
25290472,1789117047787000000,1814,HEAD_POSE_ESTIMATE,estimated,-0.6394265622368368,9.765292168012648,0.7341441294056892,-0.0057590119078016425,0.007114456429738361,0.026573053729131796
25304472,1789117047801000000,1815,HEAD_POSE_ESTIMATE,estimated,-0.6309303407835376,9.764927303247084,0.7373179198269963,-0.006934817634744498,0.008315745737388284,0.02335927317734271
25319472,1789117047816000000,1816,HEAD_POSE_ESTIMATE,estimated,-0.6220867609176365,9.765296286695337,0.7417594371864232,-0.006189423134569057,0.009728477083081727,0.01625970893799671
25331472,1789117047828000000,1817,HEAD_POSE_ESTIMATE,estimated,-0.6154903002026785,9.766513904416158,0.7428822109991478,-0.005614293709034758,0.010583982714078824,0.009295059005838295
25345472,1789117047842000000,1818,HEAD_POSE_ESTIMATE,estimated,-0.616113725769723,9.771366655303305,0.7404513488579684,-0.0017029479664137823,0.011316042093638831,0.0028121524304776813
25359472,1789117047856000000,1819,HEAD_POSE_ESTIMATE,estimated,-0.6188117708791919,9.774765786712303,0.7341462249016374,0.004438758242668368,0.011065813584464283,-0.0017364879139571514
25373472,1789117047870000000,1820,HEAD_POSE_ESTIMATE,estimated,-0.6254491691940394,9.778405684824031,0.7322303447105648,0.010488257896087295,0.01068161226899098,-0.004102640610553231
25386472,1789117047883000000,1821,HEAD_POSE_ESTIMATE,estimated,-0.6361157996075384,9.778973596320716,0.7273042930420203,0.013508177472243612,0.00889086715059926,-0.0046699409907117
25400472,1789117047897000000,1822,HEAD_POSE_ESTIMATE,estimated,-0.6429029681548861,9.77403055701428,0.7271301845186221,0.013927257021572874,0.007137263254858069,-0.004281183078843046
25415472,1789117047912000000,1823,HEAD_POSE_ESTIMATE,estimated,-0.6524912946449841,9.767919691977909,0.7262649248608332,0.010229844936515386,0.004011291533243408,-0.004110265687107444
25430472,1789117047927000000,1824,HEAD_POSE_ESTIMATE,estimated,-0.6555518496516043,9.7633326081032,0.7300993326741222,0.003972494512196496,0.0005542929678347538,-0.003454177041399716
25442472,1789117047939000000,1825,HEAD_POSE_ESTIMATE,estimated,-0.6600467260518454,9.760932534139972,0.7309618159997117,-0.0012215987207272233,-0.0014752154849554777,-0.0021023978063126475
25456472,1789117047953000000,1826,HEAD_POSE_ESTIMATE,estimated,-0.6620626607038209,9.756530353038515,0.7377708309202774,-0.006419129193722404,-0.0030186689908178674,-0.00043442739078287685
25470472,1789117047967000000,1827,HEAD_POSE_ESTIMATE,estimated,-0.6644215918023026,9.746557912666518,0.7427044596585801,-0.008868903566373178,-0.003828958398177505,0.002111387785294852
25484472,1789117047981000000,1828,HEAD_POSE_ESTIMATE,estimated,-0.6687696851684902,9.730801057078843,0.7540223579053019,-0.010181413306358446,-0.002383298210267931,0.005779081929983873
25499472,1789117047996000000,1829,HEAD_POSE_ESTIMATE,estimated,-0.6711743804808853,9.714971188182888,0.7605342503777173,-0.009310539412348091,0.0009096340150614427,0.010746552215872387
25512472,1789117048009000000,1830,HEAD_POSE_ESTIMATE,estimated,-0.6729505489818822,9.708908556304106,0.7677823399623068,-0.009087455166791714,0.003999073743257219,0.01444913288966283
25525472,1789117048022000000,1831,HEAD_POSE_ESTIMATE,estimated,-0.6692066040203791,9.704704428590853,0.7726676195614741,-0.009838506480865771,0.007281982003308024,0.016235079100954588
25539472,1789117048036000000,1832,HEAD_POSE_ESTIMATE,estimated,-0.6625705411017795,9.70521262320006,0.7810104408421488,-0.012933064642752415,0.010625164058325882,0.017226704411622818
25554472,1789117048051000000,1833,HEAD_POSE_ESTIMATE,estimated,-0.6592210403730642,9.709899541885381,0.7882202897195741,-0.01767819115214153,0.014408210355040594,0.01398533598949967
25568472,1789117048065000000,1834,HEAD_POSE_ESTIMATE,estimated,-0.6564361055009822,9.718761827830606,0.7947686626193591,-0.02240263583582857,0.016822221111305956,0.010435159253646902
25581472,1789117048078000000,1835,HEAD_POSE_ESTIMATE,estimated,-0.6581217268382755,9.730040315319558,0.8005102531364064,-0.027476338464999674,0.018795056313397316,0.005737625263320146
25595472,1789117048092000000,1836,HEAD_POSE_ESTIMATE,estimated,-0.663820006768224,9.751156211725126,0.8052960463064975,-0.03391161613755404,0.020423918565004553,0.0014520839414856148
25610472,1789117048107000000,1837,HEAD_POSE_ESTIMATE,estimated,-0.6744933115306108,9.768562784081023,0.8112291612163111,-0.03574858270178466,0.021189597145168642,-0.0008628502905060064
25624472,1789117048121000000,1838,HEAD_POSE_ESTIMATE,estimated,-0.6799042773961225,9.781225203824132,0.8149963324814624,-0.03331989792279762,0.020432575233166786,-0.0007116708763876651
25637472,1789117048134000000,1839,HEAD_POSE_ESTIMATE,estimated,-0.6799429807688587,9.792170998649906,0.8189391721295909,-0.027625104946063826,0.01956878922420912,0.001853480591212727
25652472,1789117048149000000,1840,HEAD_POSE_ESTIMATE,estimated,-0.6821705481715818,9.80355581086822,0.8248550290505736,-0.02011055876999013,0.018210978779455312,0.005231788438362132
25667472,1789117048164000000,1841,HEAD_POSE_ESTIMATE,estimated,-0.6787087321093905,9.811433412352942,0.8308030206480785,-0.011035397704750087,0.0163794246617421,0.007464070714200404
25678472,1789117048175000000,1842,HEAD_POSE_ESTIMATE,estimated,-0.6750291470214529,9.815674155912623,0.8337678616306724,-0.003728283968533386,0.01571627193189517,0.00983740757665308
25692472,1789117048189000000,1843,HEAD_POSE_ESTIMATE,estimated,-0.6694325226501991,9.821442027555383,0.8372296831850229,0.0009260418554915193,0.015097613120215077,0.009828691063879938
25706472,1789117048203000000,1844,HEAD_POSE_ESTIMATE,estimated,-0.6639635821783909,9.822835120510067,0.8344699236284397,0.0052614596995024,0.0144586303338711,0.010119517520208085
25720472,1789117048217000000,1845,HEAD_POSE_ESTIMATE,estimated,-0.6574842392836415,9.824656228572112,0.8361529005566439,0.010274446077285906,0.014688625235217394,0.010791491682403414
25734472,1789117048231000000,1846,HEAD_POSE_ESTIMATE,estimated,-0.6474421260925058,9.812985656577887,0.8394957333754789,0.016744360272598798,0.0158472005468377,0.016363153540001844
25749472,1789117048246000000,1847,HEAD_POSE_ESTIMATE,estimated,-0.6332569944396432,9.802397706490504,0.8428214998388606,0.02565497067544439,0.017387659983195983,0.025688581506943635
25761472,1789117048258000000,1848,HEAD_POSE_ESTIMATE,estimated,-0.6208303648774434,9.79350448462902,0.8486337111987953,0.03308727973149976,0.018992046697314097,0.033526647648552704
25775472,1789117048272000000,1849,HEAD_POSE_ESTIMATE,estimated,-0.6029788409907934,9.788215264346753,0.8502000636302705,0.04057120427228116,0.020513262896218524,0.043595944314964045
25789472,1789117048286000000,1850,HEAD_POSE_ESTIMATE,estimated,-0.5933171985072856,9.782952139730805,0.8492551166311867,0.04754533099262695,0.022048930697555702,0.04695337174001194
25803472,1789117048300000000,1851,HEAD_POSE_ESTIMATE,estimated,-0.5749332485948905,9.780667876027477,0.8366496730478278,0.055168364573304485,0.0217396955478802,0.04427006157909209
25817472,1789117048314000000,1852,HEAD_POSE_ESTIMATE,estimated,-0.5631139718729407,9.779520040230693,0.8243997988840408,0.06261717060997679,0.0201281428934365,0.035759100444584024
25831472,1789117048328000000,1853,HEAD_POSE_ESTIMATE,estimated,-0.551883937303793,9.775630444901354,0.8094480043556154,0.06533867448136824,0.018472981129759855,0.02264681301506613
25845472,1789117048342000000,1854,HEAD_POSE_ESTIMATE,estimated,-0.5509399322519599,9.773729147179383,0.7961379663204486,0.06601599773380774,0.01647606747566449,0.01034022434618431
25859472,1789117048356000000,1855,HEAD_POSE_ESTIMATE,estimated,-0.5577314592978175,9.772954769022615,0.7844642152332306,0.06524058023755672,0.013507705056805267,-0.0015063273663645555
25873472,1789117048370000000,1856,HEAD_POSE_ESTIMATE,estimated,-0.5597703430547205,9.76884319058587,0.7657330433747364,0.065978084624,0.010287066532411496,-0.0073496799433227745
25887472,1789117048384000000,1857,HEAD_POSE_ESTIMATE,estimated,-0.5724135473944002,9.767104914336546,0.7426630421125238,0.06621524923155747,0.007211244371297946,-0.010121123818588412
25901472,1789117048398000000,1858,HEAD_POSE_ESTIMATE,estimated,-0.5797305926251043,9.773723623103642,0.7206630741340397,0.06877252719743668,0.003127156866892556,-0.010458213778687832
25915472,1789117048412000000,1859,HEAD_POSE_ESTIMATE,estimated,-0.5794888944210164,9.775570282974044,0.7015670357502757,0.0740254507537876,-0.00022177042992018868,-0.006531022297356567
25929472,1789117048426000000,1860,HEAD_POSE_ESTIMATE,estimated,-0.5776215825458862,9.76447119114727,0.6839742870238332,0.07746750543163153,-0.0033819328773065454,-0.0026245025539574254
25945472,1789117048442000000,1861,HEAD_POSE_ESTIMATE,estimated,-0.5711928615425733,9.747938294204701,0.661901533869073,0.07767596181760729,-0.004338535946882093,0.001464101726112108
25955472,1789117048452000000,1862,HEAD_POSE_ESTIMATE,estimated,-0.5676529071312298,9.739938737425256,0.6465318070806487,0.077774812002222,-0.0038684269885433083,0.0050916305319001175
25969472,1789117048466000000,1863,HEAD_POSE_ESTIMATE,estimated,-0.5650635177237893,9.735839739888995,0.6323764832972165,0.07358719136830023,-0.002208521531244401,0.005327821495332519
25985472,1789117048482000000,1864,HEAD_POSE_ESTIMATE,estimated,-0.5661172964157315,9.72715724273548,0.621949913103238,0.06664653156561674,0.0015716780891969074,0.0023611848250281193
25998472,1789117048495000000,1865,HEAD_POSE_ESTIMATE,estimated,-0.5694137100345725,9.723207262480372,0.6048797327085937,0.06015040598823033,0.006759389488818801,-0.004411011586871491
26010472,1789117048507000000,1866,HEAD_POSE_ESTIMATE,estimated,-0.5720668634125136,9.71466732122132,0.5954214244996623,0.05085271084694622,0.010525120812081745,-0.011626255502441894
26025472,1789117048522000000,1867,HEAD_POSE_ESTIMATE,estimated,-0.5714618733660548,9.710461533979478,0.5784272505006355,0.03744863831358541,0.013811402079340788,-0.020877819115191123
26039472,1789117048536000000,1868,HEAD_POSE_ESTIMATE,estimated,-0.5704969707847253,9.715797260311799,0.5614874966054182,0.022165831177676815,0.015469853402048457,-0.030663042391057015
26054472,1789117048551000000,1869,HEAD_POSE_ESTIMATE,estimated,-0.5738408885588915,9.725361020874805,0.5413442934423129,0.008101186406761824,0.01475267040925661,-0.03716044574461669
26068472,1789117048565000000,1870,HEAD_POSE_ESTIMATE,estimated,-0.5903344178565963,9.741243299777269,0.5366399798250964,-0.0034798189066905126,0.011342895173912761,-0.03967511337424523
26080472,1789117048577000000,1871,HEAD_POSE_ESTIMATE,estimated,-0.6033750174495143,9.756086635979136,0.5269169948212772,-0.011664814268778422,0.007760245965835829,-0.04001247643936207
26094472,1789117048591000000,1872,HEAD_POSE_ESTIMATE,estimated,-0.6233392773577637,9.774399352510752,0.5202736624967592,-0.017532275569578756,0.0005027685204948005,-0.03779611796603826
26108472,1789117048605000000,1873,HEAD_POSE_ESTIMATE,estimated,-0.6518065160522786,9.794396899168184,0.5232956752978114,-0.015819833482950938,-0.005753545405380683,-0.032013301611950484
26122472,1789117048619000000,1874,HEAD_POSE_ESTIMATE,estimated,-0.6786880743309723,9.816662551956753,0.5253300143316342,-0.010960281831323668,-0.009671262852504454,-0.025639512629781015
26136472,1789117048633000000,1875,HEAD_POSE_ESTIMATE,estimated,-0.7023833090663123,9.837378005317259,0.5277837252523612,-0.0031556087366266103,-0.0125077141738235,-0.02029548902154997
26150472,1789117048647000000,1876,HEAD_POSE_ESTIMATE,estimated,-0.7166982683205305,9.859038956273302,0.523658263669531,0.007537527970236172,-0.011780382196861656,-0.018326621745025706
26164472,1789117048661000000,1877,HEAD_POSE_ESTIMATE,estimated,-0.7333999626607502,9.887179287118174,0.5224629142201546,0.016368769166189838,-0.009078341121307768,-0.020689382037277146
26180472,1789117048677000000,1878,HEAD_POSE_ESTIMATE,estimated,-0.7532094725528011,9.921965519554567,0.5188745471694832,0.02802320969229548,-0.0015058233369619162,-0.02384516569610446
26192472,1789117048689000000,1879,HEAD_POSE_ESTIMATE,estimated,-0.760918368745456,9.923798009005127,0.5168170873693487,0.035361086526621906,0.005391262353862981,-0.027078569107092068
26205472,1789117048702000000,1880,HEAD_POSE_ESTIMATE,estimated,-0.7714098131872924,9.924593579837381,0.5154077102568239,0.048425239334423664,0.013829657262357952,-0.026826838478353574
26220472,1789117048717000000,1881,HEAD_POSE_ESTIMATE,estimated,-0.7790475313086578,9.922024831180314,0.5175496401709775,0.06836005246298063,0.023223004713492465,-0.019546949674202736
26234472,1789117048731000000,1882,HEAD_POSE_ESTIMATE,estimated,-0.7838429223311225,9.92031674774629,0.5239082569430125,0.08808274069664467,0.031478655776973924,-0.007370176591513189
26247472,1789117048744000000,1883,HEAD_POSE_ESTIMATE,estimated,-0.7798302645315931,9.923915142165287,0.5257613151926419,0.1089034284905429,0.03773763765577756,0.011274321517513331
26262472,1789117048759000000,1884,HEAD_POSE_ESTIMATE,estimated,-0.7695876220508139,9.927929745725836,0.5313547689154924,0.13586875615144717,0.04388302721712564,0.03612407218472331
26276472,1789117048773000000,1885,HEAD_POSE_ESTIMATE,estimated,-0.7461075803036388,9.917213897418984,0.5225133973213241,0.1586483652059246,0.04803658158476983,0.06045598404119997
26290472,1789117048787000000,1886,HEAD_POSE_ESTIMATE,estimated,-0.7329834750768062,9.91134966284533,0.525078435367104,0.18081972127470636,0.05102545249475305,0.07975214125369139
26303472,1789117048800000000,1887,HEAD_POSE_ESTIMATE,estimated,-0.7122108036990737,9.906004844138081,0.5059210116828988,0.19963843192058103,0.05372515382357295,0.0906249301713359
26317472,1789117048814000000,1888,HEAD_POSE_ESTIMATE,estimated,-0.6913793975431484,9.904222984760612,0.5011332676826068,0.21680215507594847,0.05978526232676771,0.09644569705066491
26332472,1789117048829000000,1889,HEAD_POSE_ESTIMATE,estimated,-0.668372959705425,9.905346992655517,0.4911557180450825,0.2318980685270025,0.06322997225980657,0.09694306352563677
26345472,1789117048842000000,1890,HEAD_POSE_ESTIMATE,estimated,-0.6447285214097203,9.904619999241728,0.4678671543009868,0.24356508093889748,0.06430216710729496,0.0918394191025028
26359472,1789117048856000000,1891,HEAD_POSE_ESTIMATE,estimated,-0.6197650013385007,9.898611566499765,0.4314102617625519,0.25624457145260265,0.06397181787855827,0.08625104690408057
26373472,1789117048870000000,1892,HEAD_POSE_ESTIMATE,estimated,-0.5937081206930754,9.903644099555253,0.39156695973282074,0.2651871061375834,0.06121783695509477,0.08025755239789338
26389472,1789117048886000000,1893,HEAD_POSE_ESTIMATE,estimated,-0.5649465319866032,9.909615132448993,0.32345423980830484,0.27984775909070003,0.055765910812272695,0.07622825339083718
26400472,1789117048897000000,1894,HEAD_POSE_ESTIMATE,estimated,-0.541677066189555,9.915993326113442,0.2701724306711455,0.2895161906190771,0.04921281474786491,0.07317185922906712
26414472,1789117048911000000,1895,HEAD_POSE_ESTIMATE,estimated,-0.5130162588602571,9.899059998815547,0.20537641372006102,0.3021368019322033,0.04034852543151415,0.07089491193168075
26428472,1789117048925000000,1896,HEAD_POSE_ESTIMATE,estimated,-0.4903145474153419,9.887954555122471,0.13457143161084983,0.3095589446830662,0.028635167630734964,0.0666767517371412
26442472,1789117048939000000,1897,HEAD_POSE_ESTIMATE,estimated,-0.4699656129209409,9.871078689579045,0.06489288859467529,0.31371479411550024,0.01509436617139864,0.06360273741693229
26457472,1789117048954000000,1898,HEAD_POSE_ESTIMATE,estimated,-0.44162146596800733,9.845411699492551,-0.005466477036189618,0.32528679371911373,0.0037807427288624896,0.06496938694742217
26472472,1789117048969000000,1899,HEAD_POSE_ESTIMATE,estimated,-0.4194859097806034,9.813430155605731,-0.07264649971690817,0.3346650816388728,-0.006507674177109851,0.06808263001754994
26483472,1789117048980000000,1900,HEAD_POSE_ESTIMATE,estimated,-0.40736496872550715,9.783643053891492,-0.12981331943691804,0.3371673797814304,-0.014728221763635951,0.0695578233056639
26498472,1789117048995000000,1901,HEAD_POSE_ESTIMATE,estimated,-0.39642861367187027,9.738069379446756,-0.1936292769400843,0.3402229917259846,-0.025220924883003138,0.06889725277941817
26512472,1789117049009000000,1902,HEAD_POSE_ESTIMATE,estimated,-0.39541901339040486,9.715327079690773,-0.24756655454641113,0.33506274589469714,-0.03675927207101401,0.06691908853762028
26526472,1789117049023000000,1903,HEAD_POSE_ESTIMATE,estimated,-0.38176660728118783,9.707561723206986,-0.30260507933001163,0.31955988809467456,-0.04904368753047145,0.06267401566540702
26539472,1789117049036000000,1904,HEAD_POSE_ESTIMATE,estimated,-0.3665986821095689,9.71230234314558,-0.345519073434865,0.29841781117199484,-0.06081463626156289,0.0568978575634112
26551472,1789117049048000000,1905,HEAD_POSE_ESTIMATE,estimated,-0.35768884955393865,9.699378104912933,-0.387281331031332,0.27237006250924006,-0.06928763434132411,0.049353593393352865
26566472,1789117049063000000,1906,HEAD_POSE_ESTIMATE,estimated,-0.3571888679837892,9.68173131142779,-0.40803598982321954,0.2440958309679053,-0.07515362320771611,0.042552380075115144
26581472,1789117049078000000,1907,HEAD_POSE_ESTIMATE,estimated,-0.36485789630403925,9.672496115086206,-0.4277867153242376,0.22105299714419785,-0.07679892436443087,0.03801050896454144
26594472,1789117049091000000,1908,HEAD_POSE_ESTIMATE,estimated,-0.36909916032802,9.68493728539127,-0.44517919837729925,0.21029149758895752,-0.07546259885458761,0.03893134903213686
26608472,1789117049105000000,1909,HEAD_POSE_ESTIMATE,estimated,-0.3722570645109959,9.695815765640429,-0.4512366825592902,0.19945440703803746,-0.07135529399060196,0.03871986400506976
26622472,1789117049119000000,1910,HEAD_POSE_ESTIMATE,estimated,-0.3707799880540503,9.701299097284494,-0.4574256026348077,0.19694595138913834,-0.06292912294151423,0.04056092333910652
26636472,1789117049133000000,1911,HEAD_POSE_ESTIMATE,estimated,-0.36762532877638776,9.709950044101522,-0.4733926351679952,0.20047940061518849,-0.053632346148743903,0.04468153450039141
26650472,1789117049147000000,1912,HEAD_POSE_ESTIMATE,estimated,-0.3621844753320357,9.728777356651973,-0.4976785166119911,0.2031478339127866,-0.04355701440981913,0.049023582777894564
26663472,1789117049160000000,1913,HEAD_POSE_ESTIMATE,estimated,-0.34952891010363574,9.751161516963124,-0.5279085363055451,0.2035788702827867,-0.03539898792263743,0.05136093994250221
26678472,1789117049175000000,1914,HEAD_POSE_ESTIMATE,estimated,-0.3398622628843842,9.777395954494349,-0.5517251519541877,0.19952741584971243,-0.02756163484443106,0.048960934518485724
26692472,1789117049189000000,1915,HEAD_POSE_ESTIMATE,estimated,-0.3349085827130243,9.793107401290177,-0.5821950877816874,0.1948406779192823,-0.021618652863265926,0.04171328314021188
26707472,1789117049204000000,1916,HEAD_POSE_ESTIMATE,estimated,-0.341028109321641,9.813939947248643,-0.6171899867883842,0.1940709088072741,-0.01523663735785479,0.03469021633563279
26719472,1789117049216000000,1917,HEAD_POSE_ESTIMATE,estimated,-0.3462839718280207,9.831776687952084,-0.6506573035863947,0.19248867406686385,-0.01085694155438155,0.02752056073813924
26734472,1789117049231000000,1918,HEAD_POSE_ESTIMATE,estimated,-0.3475121884669078,9.857923152643686,-0.6955948975412288,0.1962535150135429,-0.00566825083028284,0.021373581552343052
26748472,1789117049245000000,1919,HEAD_POSE_ESTIMATE,estimated,-0.34346063081071654,9.869225547332231,-0.730524275738392,0.2115162488373378,-0.0034821992437504435,0.015929257831361912
26761472,1789117049258000000,1920,HEAD_POSE_ESTIMATE,estimated,-0.34323035168805255,9.869093871925308,-0.7744281755716428,0.22957747357778197,-0.0028309225251316916,0.012618593790695236
26775472,1789117049272000000,1921,HEAD_POSE_ESTIMATE,estimated,-0.3446977436353489,9.84863343563458,-0.8240237975787188,0.2572570254655521,-0.002308277623680721,0.012963596205821128
26789472,1789117049286000000,1922,HEAD_POSE_ESTIMATE,estimated,-0.345587154777959,9.837611582307344,-0.8624144436437997,0.28354483908768435,-0.004830994603420649,0.01402786729909584
26803472,1789117049300000000,1923,HEAD_POSE_ESTIMATE,estimated,-0.34455508904572,9.827716958342107,-0.910925164656225,0.30447057816603107,-0.00982946278339023,0.012734677223919993
26817472,1789117049314000000,1924,HEAD_POSE_ESTIMATE,estimated,-0.3478880705086894,9.81610134705918,-0.9584446561833412,0.319336587435775,-0.016921939252695792,0.008767200001178818
26831472,1789117049328000000,1925,HEAD_POSE_ESTIMATE,estimated,-0.3482377941928283,9.807857069487465,-1.0102916220869376,0.32944360088969393,-0.026712550976115173,0.004857103881629941
26845472,1789117049342000000,1926,HEAD_POSE_ESTIMATE,estimated,-0.3442868631407861,9.798794964259377,-1.0699244373670664,0.33460034040102093,-0.03679824817301358,0.000149505940191044
26861472,1789117049358000000,1927,HEAD_POSE_ESTIMATE,estimated,-0.3350867658621877,9.800692523270458,-1.1259595361857448,0.33796563474787383,-0.04667454881265947,-0.00626879634251785
26873472,1789117049370000000,1928,HEAD_POSE_ESTIMATE,estimated,-0.33475015933534935,9.779828151557096,-1.1626408563832122,0.34526226921476355,-0.052608962036888814,-0.011873170872713643
26887472,1789117049384000000,1929,HEAD_POSE_ESTIMATE,estimated,-0.33615138740450823,9.754532715778494,-1.180159910918737,0.35171014834909514,-0.059172306647436036,-0.019945171847527535
26902472,1789117049399000000,1930,HEAD_POSE_ESTIMATE,estimated,-0.33811502503260166,9.719995428951568,-1.2085701879765163,0.3486831051389181,-0.06570760385145388,-0.02508694233055337
26915472,1789117049412000000,1931,HEAD_POSE_ESTIMATE,estimated,-0.33841376444143406,9.667039101652751,-1.1903195898786545,0.35357796408705805,-0.07285640557459841,-0.031336615700262575
26929472,1789117049426000000,1932,HEAD_POSE_ESTIMATE,estimated,-0.34862325580746195,9.646272666312795,-1.2803701367628464,0.3375913831485943,-0.07415119292649085,-0.034617498283758694
26942472,1789117049439000000,1933,HEAD_POSE_ESTIMATE,estimated,-0.35809599506224343,9.621248547068717,-1.3632410020458128,0.3191301419084338,-0.07503729996227931,-0.033261021635043145
26956472,1789117049453000000,1934,HEAD_POSE_ESTIMATE,estimated,-0.37454923247664046,9.593286865641156,-1.4441560842741792,0.29901504173585974,-0.07907405982524081,-0.026240687969096246
26970472,1789117049467000000,1935,HEAD_POSE_ESTIMATE,estimated,-0.387204107014871,9.574140137378754,-1.501355173045001,0.27370072229494286,-0.08180601215845713,-0.011900701831102487
26986472,1789117049483000000,1936,HEAD_POSE_ESTIMATE,estimated,-0.40967803878046877,9.578172620823265,-1.5520911502355206,0.24780468100957484,-0.0803050681789757,0.0030819171666339722
27001472,1789117049498000000,1937,HEAD_POSE_ESTIMATE,estimated,-0.40499222524759165,9.568870064832264,-1.5435330627774657,0.22341484882361196,-0.0765674739039569,0.017731535184425846
27025472,1789117049522000000,1938,HEAD_POSE_ESTIMATE,estimated,-0.4014760615429414,9.548186884733301,-1.5393486265793461,0.19456556228108995,-0.06291511934755128,0.029664841968880095
27038472,1789117049535000000,1939,HEAD_POSE_ESTIMATE,estimated,-0.40021712301300555,9.523432585401942,-1.571864567986411,0.18411847886339217,-0.05044415189012403,0.02928351045391565
27050472,1789117049547000000,1940,HEAD_POSE_ESTIMATE,estimated,-0.39514082487113655,9.551234982458107,-1.5721317161858859,0.1769785469149358,-0.04073358556459604,0.02577149952320124
27064472,1789117049561000000,1941,HEAD_POSE_ESTIMATE,estimated,-0.3827457230523707,9.57254152634386,-1.5530400273611689,0.1563538408370895,-0.029434464859653564,0.014534856148056365
27079472,1789117049576000000,1942,HEAD_POSE_ESTIMATE,estimated,-0.3781723718634364,9.586789833167462,-1.5201269990428004,0.12858567439809035,-0.016740422851931804,-0.0010254902359339956
27093472,1789117049590000000,1943,HEAD_POSE_ESTIMATE,estimated,-0.3789113957927331,9.588366861697741,-1.4742299516952246,0.09547691289582631,-0.00602050302307903,-0.016456515366839945
27110472,1789117049607000000,1944,HEAD_POSE_ESTIMATE,estimated,-0.38515729880606314,9.615742642209865,-1.4255314262591845,0.06026781924651352,0.006975691506635903,-0.028028561202594508
27122472,1789117049619000000,1945,HEAD_POSE_ESTIMATE,estimated,-0.3797427621209672,9.62282095121608,-1.3663988866787682,0.023139546605861375,0.01596738535273024,-0.035501443930206635
27134472,1789117049631000000,1946,HEAD_POSE_ESTIMATE,estimated,-0.38557108786385297,9.636322886494225,-1.3957957419574596,0.018367818579457518,0.022396689990023137,-0.03905587412943343
27148472,1789117049645000000,1947,HEAD_POSE_ESTIMATE,estimated,-0.39056904326196834,9.636628995437079,-1.4564130216768914,0.02422655684111515,0.024779332897635523,-0.03866560699332733
27163472,1789117049660000000,1948,HEAD_POSE_ESTIMATE,estimated,-0.39973536035086726,9.614110117134308,-1.4414972753000457,0.03468406230814208,0.02931010945116646,-0.033397369487350635
27177472,1789117049674000000,1949,HEAD_POSE_ESTIMATE,estimated,-0.41014975262892034,9.633911684720935,-1.442838103367862,0.04947314972817971,0.03495316926118563,-0.0205083945072697
27191472,1789117049688000000,1950,HEAD_POSE_ESTIMATE,estimated,-0.4195208890891343,9.655899760749222,-1.4393774214625938,0.06229836830147938,0.03659659104272296,-0.012447986433939998
27207472,1789117049704000000,1951,HEAD_POSE_ESTIMATE,estimated,-0.43105494913554865,9.654383042303065,-1.4331791515786918,0.06878581448292084,0.03397603880381876,-0.01016107949197191
27219472,1789117049716000000,1952,HEAD_POSE_ESTIMATE,estimated,-0.43272883590371686,9.633706940101339,-1.4232834277454627,0.06948495160316212,0.028197983957224088,-0.014664012611750042
27232472,1789117049729000000,1953,HEAD_POSE_ESTIMATE,estimated,-0.4290368937912102,9.598364355704248,-1.4352723051920908,0.06961640985183551,0.019655204527193684,-0.03168739117795017
27246472,1789117049743000000,1954,HEAD_POSE_ESTIMATE,estimated,-0.4166053715330062,9.574954188864078,-1.431012692758772,0.06565433444525519,0.011819934539346148,-0.04518008495349123
27260472,1789117049757000000,1955,HEAD_POSE_ESTIMATE,estimated,-0.39798427676960046,9.563823538468895,-1.408667500968362,0.056008074696787584,0.0034251970604147076,-0.0525001797839206
27275472,1789117049772000000,1956,HEAD_POSE_ESTIMATE,estimated,-0.3877939853223673,9.586297368803725,-1.3742709016678303,0.04209760697601983,0.0006447853609010929,-0.046790127307623525
27290472,1789117049787000000,1957,HEAD_POSE_ESTIMATE,estimated,-0.3993489202042607,9.575114133376145,-1.3409045156226904,0.030189646578760127,-0.004497538938016398,-0.03293733953031149
27303472,1789117049800000000,1958,HEAD_POSE_ESTIMATE,estimated,-0.3999512122442857,9.577217119603164,-1.3255426278905165,0.014712912599969308,-0.009083206543755242,-0.017095574326543236
27318472,1789117049815000000,1959,HEAD_POSE_ESTIMATE,estimated,-0.40396752934288777,9.584956667380547,-1.320750057378598,-0.002805422667197018,-0.01580755951286737,-0.0015624058449043485
27332472,1789117049829000000,1960,HEAD_POSE_ESTIMATE,estimated,-0.41153300129975545,9.610785502000459,-1.326083020273662,-0.0185786913226925,-0.024419908726437553,0.010428506994879676
27346472,1789117049843000000,1961,HEAD_POSE_ESTIMATE,estimated,-0.38643022335293564,9.63349223948942,-1.3102885710395502,-0.030222397712749063,-0.03375348923098761,0.01685650222930479
27359472,1789117049856000000,1962,HEAD_POSE_ESTIMATE,estimated,-0.3807839966929026,9.646945928189156,-1.29403216688385,-0.036343168671669576,-0.04122018323156256,0.01937653501971493
27373472,1789117049870000000,1963,HEAD_POSE_ESTIMATE,estimated,-0.3871377293886014,9.67677786857293,-1.2852687733663113,-0.03867653171328224,-0.04709424428780626,0.010494191270881754
27388472,1789117049885000000,1964,HEAD_POSE_ESTIMATE,estimated,-0.42246749509585285,9.719206860584594,-1.270067206808432,-0.03066735328535259,-0.0508032084368054,-0.010680854563027163
27402472,1789117049899000000,1965,HEAD_POSE_ESTIMATE,estimated,-0.45491523608977835,9.780286176359054,-1.2662329678746467,-0.016998451208600666,-0.053231678173815765,-0.036757245854489244
27415472,1789117049912000000,1966,HEAD_POSE_ESTIMATE,estimated,-0.48102743241416,9.806693456399842,-1.2767387328788384,0.010440719153832793,-0.05161598110789857,-0.0571074378805175
27430472,1789117049927000000,1967,HEAD_POSE_ESTIMATE,estimated,-0.48927299155797727,9.806492453522711,-1.2856770909134894,0.0462401728442576,-0.04811958858287318,-0.07059335498385838
27443472,1789117049940000000,1968,HEAD_POSE_ESTIMATE,estimated,-0.49181912700659464,9.795603655542486,-1.3132291345878992,0.07421795807905407,-0.04267396486846808,-0.06633215607218865
27458472,1789117049955000000,1969,HEAD_POSE_ESTIMATE,estimated,-0.47019287047057556,9.769625144660223,-1.3475689919561769,0.0921043848007668,-0.03555249161047505,-0.041033759734320774
27471472,1789117049968000000,1970,HEAD_POSE_ESTIMATE,estimated,-0.4587747228116309,9.759827231129384,-1.3786206651539263,0.10230213804992525,-0.03150477468306355,-0.019072949029729412
27486472,1789117049983000000,1971,HEAD_POSE_ESTIMATE,estimated,-0.44072454629049695,9.73040653651861,-1.4270446262314864,0.11065542880765235,-0.03102717632646895,-0.000343702996134463
27502472,1789117049999000000,1972,HEAD_POSE_ESTIMATE,estimated,-0.4229266092651902,9.693124620002145,-1.4722408485199483,0.11423990699121414,-0.03797366781546724,0.010068489665542463
27513472,1789117050010000000,1973,HEAD_POSE_ESTIMATE,estimated,-0.4058357511378876,9.647661512130357,-1.5024006942420625,0.12161993844833544,-0.044283781857507296,0.01442913533290505
27527472,1789117050024000000,1974,HEAD_POSE_ESTIMATE,estimated,-0.38512349421253483,9.617824123906441,-1.5401381495677573,0.13119682843115166,-0.05321238158247688,0.017811650844875432
27540472,1789117050037000000,1975,HEAD_POSE_ESTIMATE,estimated,-0.3753922909399859,9.601918686855305,-1.5791484529261857,0.13413783035324175,-0.06046165683412668,0.018915813147835334
27554472,1789117050051000000,1976,HEAD_POSE_ESTIMATE,estimated,-0.3762334986180005,9.603341628031204,-1.6229914319969576,0.1307450663062652,-0.06414031591182431,0.016182429821730255
27569472,1789117050066000000,1977,HEAD_POSE_ESTIMATE,estimated,-0.38317112823398364,9.60240029988951,-1.6708887979323737,0.12397566566493436,-0.06755611769135735,0.01109053942781423
27582472,1789117050079000000,1978,HEAD_POSE_ESTIMATE,estimated,-0.3892147558921679,9.610549240833677,-1.7108314948049346,0.11583484676875923,-0.07061020177891174,0.0029083996530466713
27596472,1789117050093000000,1979,HEAD_POSE_ESTIMATE,estimated,-0.3886829686046594,9.610142362746098,-1.7480253848952438,0.10963866823379247,-0.07551574618638479,-0.009297070814040726
27610472,1789117050107000000,1980,HEAD_POSE_ESTIMATE,estimated,-0.38564794326143226,9.613030321497925,-1.7780720718170762,0.10258122773741361,-0.08028239674254872,-0.01964702962197526
27623472,1789117050120000000,1981,HEAD_POSE_ESTIMATE,estimated,-0.3818211508023664,9.644053986608649,-1.7793151824688858,0.09857835294447978,-0.0850266431418295,-0.02815169708244051
27638472,1789117050135000000,1982,HEAD_POSE_ESTIMATE,estimated,-0.3976189969506636,9.685920372044148,-1.7940528650213143,0.0943038723239696,-0.09187473836905846,-0.03570039286277336
27652472,1789117050149000000,1983,HEAD_POSE_ESTIMATE,estimated,-0.40976511850077774,9.714246477067293,-1.8233562338090163,0.09349496920748356,-0.09882485227487747,-0.04244740690631524
27666472,1789117050163000000,1984,HEAD_POSE_ESTIMATE,estimated,-0.4332250252193648,9.733393229946639,-1.8723543881026228,0.09719943306349076,-0.10520618698953665,-0.0500220262509886
27679472,1789117050176000000,1985,HEAD_POSE_ESTIMATE,estimated,-0.45758416106677696,9.748182972588122,-1.9121689227739829,0.10862801669251183,-0.11203308010570907,-0.05889767257483978
27693472,1789117050190000000,1986,HEAD_POSE_ESTIMATE,estimated,-0.48266020163776757,9.733908459770767,-1.9430514591744776,0.12570376185269208,-0.11830020322822417,-0.06965700913241957
27708472,1789117050205000000,1987,HEAD_POSE_ESTIMATE,estimated,-0.49860476706212103,9.689042871738586,-1.9674216231306674,0.14226831000971166,-0.12089964166446418,-0.07325166044405677
27721472,1789117050218000000,1988,HEAD_POSE_ESTIMATE,estimated,-0.518692882682332,9.64044809237368,-1.981985189680883,0.14852629587072777,-0.11885753968346544,-0.07023463679242764
27735472,1789117050232000000,1989,HEAD_POSE_ESTIMATE,estimated,-0.5381278039421613,9.587969824910788,-2.0004499293234557,0.14506150095146536,-0.11493350053689975,-0.0616993175218292
27749472,1789117050246000000,1990,HEAD_POSE_ESTIMATE,estimated,-0.5600260740981474,9.554670347391857,-2.022815096841147,0.13746771168853794,-0.10904328834313207,-0.05157213284174156
27763472,1789117050260000000,1991,HEAD_POSE_ESTIMATE,estimated,-0.5854782500086134,9.524339206662207,-2.0508034568684144,0.12771910621874102,-0.1015748329558742,-0.04056078518310523
27777472,1789117050274000000,1992,HEAD_POSE_ESTIMATE,estimated,-0.6098366803302006,9.516758453479868,-2.077713211154278,0.11718480008998902,-0.09469347932580494,-0.031270559635100045
27791472,1789117050288000000,1993,HEAD_POSE_ESTIMATE,estimated,-0.6298711917418035,9.510744120288793,-2.0948754337657505,0.09942376856470111,-0.08798485719194225,-0.027687150304633888
27805472,1789117050302000000,1994,HEAD_POSE_ESTIMATE,estimated,-0.633292599630097,9.516687879749453,-2.098959602939224,0.08121100205220001,-0.08335636774044615,-0.029051997756388406
27819472,1789117050316000000,1995,HEAD_POSE_ESTIMATE,estimated,-0.6481690490701877,9.53203077963937,-2.0974560359989836,0.06335612568892993,-0.07771533016664915,-0.03404994247047444
27833472,1789117050330000000,1996,HEAD_POSE_ESTIMATE,estimated,-0.657858558442523,9.561983922058687,-2.1007356732890488,0.046966316934606164,-0.0739671452551585,-0.05041138105166358
27846472,1789117050343000000,1997,HEAD_POSE_ESTIMATE,estimated,-0.6749325373213251,9.591843946480589,-2.0940854781309173,0.03787347368467818,-0.06975260487752026,-0.06836021198364677
27861472,1789117050358000000,1998,HEAD_POSE_ESTIMATE,estimated,-0.6981627394387314,9.613519935961289,-2.0889470706222775,0.03604720342653118,-0.0646687949859228,-0.08503800474637585
27875472,1789117050372000000,1999,HEAD_POSE_ESTIMATE,estimated,-0.7198524141054988,9.618897360990482,-2.0844384314072806,0.0466460940109744,-0.05969040987701746,-0.09827381425770457
27887472,1789117050384000000,2000,HEAD_POSE_ESTIMATE,estimated,-0.7514343135827039,9.61695641287783,-2.0788019794423804,0.05758917071171309,-0.056315624116559895,-0.10311951717690855
27902472,1789117050399000000,2001,HEAD_POSE_ESTIMATE,estimated,-0.7680736709677396,9.600016257081556,-2.0631210572970367,0.06456766305660754,-0.05353183549528632,-0.09954168347409274
27916472,1789117050413000000,2002,HEAD_POSE_ESTIMATE,estimated,-0.7902687902535244,9.57040830724546,-2.046934088735511,0.06464868738668728,-0.05129187588820596,-0.08042196571956373
27930472,1789117050427000000,2003,HEAD_POSE_ESTIMATE,estimated,-0.8121472217610278,9.540414651937583,-2.0302200007626796,0.05921644930023945,-0.05090522446921325,-0.061130449528424086
27944472,1789117050441000000,2004,HEAD_POSE_ESTIMATE,estimated,-0.819926909987022,9.508880545058561,-2.0298125059595318,0.04811595723552365,-0.0497081892428069,-0.042168399555295805
27957472,1789117050454000000,2005,HEAD_POSE_ESTIMATE,estimated,-0.8261935571375147,9.480510126513687,-2.0200113074605355,0.03175268149757793,-0.050488760567999044,-0.029357141017683615
27971472,1789117050468000000,2006,HEAD_POSE_ESTIMATE,estimated,-0.8405257779864181,9.454154614013076,-2.008381143480162,0.015423735266568357,-0.04879082027100895,-0.02030039273981656
27985472,1789117050482000000,2007,HEAD_POSE_ESTIMATE,estimated,-0.8566042054050345,9.44989474232616,-1.9832606910749457,0.001176403456897783,-0.044209781710183645,-0.01878566020326719
27999472,1789117050496000000,2008,HEAD_POSE_ESTIMATE,estimated,-0.8727633011809823,9.454233861808934,-1.971890806868899,-0.008306506553230633,-0.03759905840232022,-0.026483952934715747
28009472,1789117050506000000,2009,HEAD_POSE_ESTIMATE,estimated,-0.8886229095389607,9.44398305497596,-1.964910339957522,-0.014445744824347538,-0.029819083083169804,-0.03220912005662616
28025472,1789117050522000000,2010,HEAD_POSE_ESTIMATE,estimated,-0.9133255656176722,9.449459597393298,-1.9627995006151848,-0.022910996614997237,-0.016018257587567322,-0.03588082841148573
28037472,1789117050534000000,2011,HEAD_POSE_ESTIMATE,estimated,-0.9317104505904985,9.47473058537315,-1.9735786503794035,-0.03070793498348142,-0.0055005630295102215,-0.03414121038318832
28052472,1789117050549000000,2012,HEAD_POSE_ESTIMATE,estimated,-0.9510314790450519,9.504612814470084,-1.9944681342826553,-0.03524059519968661,0.007134866497026423,-0.02739924156268453
28067472,1789117050564000000,2013,HEAD_POSE_ESTIMATE,estimated,-0.962860139312895,9.523656457364535,-2.0159857982171325,-0.03871432771280769,0.016471914964682387,-0.02548246752474312
28079472,1789117050576000000,2014,HEAD_POSE_ESTIMATE,estimated,-0.9740994715242249,9.532429232972378,-2.0262581765384113,-0.03751573966892597,0.022958815032390258,-0.024825101283653485
28093472,1789117050590000000,2015,HEAD_POSE_ESTIMATE,estimated,-0.9804360604905604,9.54057044839165,-2.0338071818681076,-0.029216231106798853,0.025993701883842108,-0.028026256165644352
28108472,1789117050605000000,2016,HEAD_POSE_ESTIMATE,estimated,-0.9675214037367754,9.547745428550257,-2.0362011305741974,-0.017321682467373565,0.02922448394583119,-0.029834466944865495
28121472,1789117050618000000,2017,HEAD_POSE_ESTIMATE,estimated,-0.9581542280124247,9.546595738517192,-2.034350584690655,-0.009083614731983634,0.03262201722618296,-0.028390213059306287
28137472,1789117050634000000,2018,HEAD_POSE_ESTIMATE,estimated,-0.9565442265956805,9.55690040597085,-2.0383258065372316,-0.003621067368683473,0.03618189834828285,-0.021146008211987245
28150472,1789117050647000000,2019,HEAD_POSE_ESTIMATE,estimated,-0.9595762070033029,9.561699542812104,-2.054163305661444,-0.004930911332592717,0.03991527931665821,-0.011655540833699156
28164472,1789117050661000000,2020,HEAD_POSE_ESTIMATE,estimated,-0.957226107153625,9.572304346342563,-2.0651013776243476,-0.0125255231523605,0.04370793653203782,0.0010641756133790065
28180472,1789117050677000000,2021,HEAD_POSE_ESTIMATE,estimated,-0.9367481654230655,9.58831153998689,-2.078372901795796,-0.026375056356791757,0.05640186620956022,0.01167023703734469
28192472,1789117050689000000,2022,HEAD_POSE_ESTIMATE,estimated,-0.9235499693175688,9.589402297615601,-2.0807936278985677,-0.0450152102916055,0.06695560339641426,0.015262080825942752
28206472,1789117050703000000,2023,HEAD_POSE_ESTIMATE,estimated,-0.8957225552032259,9.597416252299753,-2.0611690982796746,-0.05828518519124144,0.0789596322937139,0.015749213356552685
28220472,1789117050717000000,2024,HEAD_POSE_ESTIMATE,estimated,-0.8784708983157727,9.587352914510399,-2.0452003731305117,-0.06284598670512706,0.09295997415634505,0.011493399556855802
28234472,1789117050731000000,2025,HEAD_POSE_ESTIMATE,estimated,-0.8665281059518624,9.57540277163612,-2.0287817446472056,-0.05805065904806467,0.10743817249855293,0.0003097441136337586
28249472,1789117050746000000,2026,HEAD_POSE_ESTIMATE,estimated,-0.8569236580024999,9.559776537220364,-2.0137662403592964,-0.04626666141856961,0.12270299658551073,-0.015194487695279446
28263472,1789117050760000000,2027,HEAD_POSE_ESTIMATE,estimated,-0.8471660979067752,9.542914430940591,-2.0046566085360356,-0.028451369482829395,0.1327317748259269,-0.02859407432033743
28276472,1789117050773000000,2028,HEAD_POSE_ESTIMATE,estimated,-0.8551842729549076,9.538695678104817,-2.0052311448743287,-0.012179481822956136,0.13947515190275586,-0.03464498079441899
28291472,1789117050788000000,2029,HEAD_POSE_ESTIMATE,estimated,-0.8496209897698013,9.518014636947841,-1.9978563685145145,-0.0010503624394599506,0.14133598806528666,-0.03221404623918429
28306472,1789117050803000000,2030,HEAD_POSE_ESTIMATE,estimated,-0.8381891102137645,9.492275779195914,-2.0110119204637114,-0.0058940959576672365,0.13539387993916102,-0.021530833347728442
28319472,1789117050816000000,2031,HEAD_POSE_ESTIMATE,estimated,-0.8196996335783684,9.476875842222642,-2.011115536872162,-0.019084418112546627,0.12727051059133193,-0.004605310537834138
28331472,1789117050828000000,2032,HEAD_POSE_ESTIMATE,estimated,-0.7946227395528174,9.47469065366056,-2.001746783167083,-0.029875565321398102,0.11701372954527978,0.01060454188180703
28346472,1789117050843000000,2033,HEAD_POSE_ESTIMATE,estimated,-0.7814799374393551,9.49893071245683,-2.0041485637317753,-0.040110930160965716,0.10261327171339833,0.02395966988731318
28360472,1789117050857000000,2034,HEAD_POSE_ESTIMATE,estimated,-0.7730419664409092,9.544904480519534,-2.0040944154078657,-0.04932608354208043,0.09000270983493137,0.03126342325568545
28374472,1789117050871000000,2035,HEAD_POSE_ESTIMATE,estimated,-0.7642007759422226,9.573204116938394,-2.011216216095859,-0.05125374177359877,0.0782754976034828,0.029345885678769022
28387472,1789117050884000000,2036,HEAD_POSE_ESTIMATE,estimated,-0.757954416827768,9.594970855164632,-2.019522150045446,-0.04580845505306839,0.07148491257098968,0.022240020676418018
28401472,1789117050898000000,2037,HEAD_POSE_ESTIMATE,estimated,-0.7456013964792498,9.606490079188436,-2.041686163747791,-0.03592676423463226,0.06665447399799537,0.01691486789185987
28415472,1789117050912000000,2038,HEAD_POSE_ESTIMATE,estimated,-0.7334711880306873,9.614001362437802,-2.0663331902644253,-0.023841521330794226,0.06768010850739928,0.017215199386561502
28429472,1789117050926000000,2039,HEAD_POSE_ESTIMATE,estimated,-0.721641231417848,9.612894039263233,-2.078949022378061,-0.018949300966655015,0.07491072478583258,0.02280410485899261
28443472,1789117050940000000,2040,HEAD_POSE_ESTIMATE,estimated,-0.7128027807177185,9.599790574317044,-2.0791258636248084,-0.0155061777090658,0.0814526240235843,0.028729582886971042
28457472,1789117050954000000,2041,HEAD_POSE_ESTIMATE,estimated,-0.6865152230986193,9.581431441718125,-2.0756156214575494,-0.006977468500420375,0.0909063172173523,0.032376515116884115
28470472,1789117050967000000,2042,HEAD_POSE_ESTIMATE,estimated,-0.6550481941686901,9.557672467215998,-2.0691751577869844,0.0013816632506977713,0.10134979996190735,0.03447254076773939
28484472,1789117050981000000,2043,HEAD_POSE_ESTIMATE,estimated,-0.6149453039984782,9.545419642858118,-2.0627181837514623,0.00943020676103862,0.11150474251149851,0.03191851206823592
28498472,1789117050995000000,2044,HEAD_POSE_ESTIMATE,estimated,-0.5879512580776458,9.542811125968854,-2.0573078391558415,0.013191162851344824,0.11473288806146208,0.025400399957708316
28512472,1789117051009000000,2045,HEAD_POSE_ESTIMATE,estimated,-0.5630903768042551,9.5373374465849,-2.055580376057773,0.013957963145784425,0.11455962865452646,0.019605098455891284
28526472,1789117051023000000,2046,HEAD_POSE_ESTIMATE,estimated,-0.551159678178301,9.52891138868656,-2.0693195419214243,0.00888232886283749,0.1091012102983176,0.013170790485656038
28543472,1789117051040000000,2047,HEAD_POSE_ESTIMATE,estimated,-0.5468363747235483,9.540662784543152,-2.0793825253927545,-0.004683689713189072,0.0952773859285132,0.004979007128082234
28554472,1789117051051000000,2048,HEAD_POSE_ESTIMATE,estimated,-0.5491419229661227,9.544975600261475,-2.0863989489718415,-0.02148727785869424,0.0832078178264417,-0.00487510226392486
28568472,1789117051065000000,2049,HEAD_POSE_ESTIMATE,estimated,-0.5594511289840869,9.562313979539942,-2.0730413742371336,-0.03790201533487337,0.067678124237528,-0.011548110171925943
28582472,1789117051079000000,2050,HEAD_POSE_ESTIMATE,estimated,-0.569091043408038,9.57000099586853,-2.0517801013941996,-0.050812594548813206,0.05175913874438364,-0.013942257042658545
28596472,1789117051093000000,2051,HEAD_POSE_ESTIMATE,estimated,-0.5720289784275582,9.567869154674337,-2.025212231606243,-0.06016231941681318,0.03655272979855116,-0.009835085496337874
28610472,1789117051107000000,2052,HEAD_POSE_ESTIMATE,estimated,-0.5680239865473921,9.565874035676032,-2.001052645068908,-0.0609134336823535,0.02333402683616505,-0.0066047834971265495
28624472,1789117051121000000,2053,HEAD_POSE_ESTIMATE,estimated,-0.5697154450388604,9.576155570998687,-1.9750470597233927,-0.056154149885736394,0.011582643869927306,0.000591210633430375
28638472,1789117051135000000,2054,HEAD_POSE_ESTIMATE,estimated,-0.5799342990356278,9.598336428851697,-1.9623919008614243,-0.04820447177255432,0.0028792429947856668,0.008905001410093445
28652472,1789117051149000000,2055,HEAD_POSE_ESTIMATE,estimated,-0.5891742248492358,9.600041893251248,-1.9457226750905914,-0.037941017426466654,-0.004351614442959496,0.01974881334214279
28667472,1789117051164000000,2056,HEAD_POSE_ESTIMATE,estimated,-0.5817912480943626,9.601409757468668,-1.9278354275244562,-0.0335068241749499,-0.010617891725469154,0.03449372711444705
28682472,1789117051179000000,2057,HEAD_POSE_ESTIMATE,estimated,-0.5753668269933486,9.605359665157307,-1.9083269258344866,-0.03181709849251851,-0.016705804778527233,0.04720900688572962
28694472,1789117051191000000,2058,HEAD_POSE_ESTIMATE,estimated,-0.5672705009747545,9.610677557917551,-1.8922131773958402,-0.03323839669276262,-0.022649344557038098,0.05608471802865754
28706472,1789117051203000000,2059,HEAD_POSE_ESTIMATE,estimated,-0.5679672261484274,9.616313031507925,-1.8812157757100696,-0.03114288910067884,-0.027292140471278318,0.05821065671393978
28720472,1789117051217000000,2060,HEAD_POSE_ESTIMATE,estimated,-0.5678242165952473,9.635139809351328,-1.8663075126035806,-0.024668877738390504,-0.027015200390547785,0.054344604530820254
28735472,1789117051232000000,2061,HEAD_POSE_ESTIMATE,estimated,-0.5807579288768511,9.662703339918187,-1.8642688226090045,-0.01502665604415966,-0.024029065843455308,0.041202911598274175
28748472,1789117051245000000,2062,HEAD_POSE_ESTIMATE,estimated,-0.5965201816057577,9.666887610402105,-1.8766640888336577,-0.003855494984831171,-0.01761500499561698,0.027741480093905573
28762472,1789117051259000000,2063,HEAD_POSE_ESTIMATE,estimated,-0.6140102941608937,9.666584492694412,-1.8875083053744814,0.007939661976510321,-0.008828253477001152,0.01801129074238437
28776472,1789117051273000000,2064,HEAD_POSE_ESTIMATE,estimated,-0.6395356716019774,9.665339115709493,-1.9031577947570995,0.01620690083997087,-0.0019869490426421025,0.016142336386822716
28791472,1789117051288000000,2065,HEAD_POSE_ESTIMATE,estimated,-0.657485502784653,9.656354253738895,-1.9128490267756943,0.02092298217539868,0.008460134006931857,0.013368156119973693
28804472,1789117051301000000,2066,HEAD_POSE_ESTIMATE,estimated,-0.6702373991090624,9.640200254977268,-1.924902291248897,0.023012012764440745,0.017558757021140407,0.015367815337196115
28818472,1789117051315000000,2067,HEAD_POSE_ESTIMATE,estimated,-0.6649574289387693,9.635117113460304,-1.9260627144049496,0.021700656061477603,0.02622245951618792,0.020752391386088434
28832472,1789117051329000000,2068,HEAD_POSE_ESTIMATE,estimated,-0.6577584127378714,9.633572760612363,-1.93271988618327,0.016924003099679435,0.03520482164104506,0.029850323505344917
28846472,1789117051343000000,2069,HEAD_POSE_ESTIMATE,estimated,-0.6415336353702732,9.635001435490151,-1.9396431341762501,0.01581975168842669,0.04696222342714954,0.03471798197712851
28860472,1789117051357000000,2070,HEAD_POSE_ESTIMATE,estimated,-0.6395434673919096,9.630578531860262,-1.9507766432459253,0.022506431520944115,0.056231514304783375,0.03409933336121108
28874472,1789117051371000000,2071,HEAD_POSE_ESTIMATE,estimated,-0.6394523130667299,9.61742286312726,-1.954449471469253,0.02909465797000023,0.0631448194515675,0.030145579017933077
28888472,1789117051385000000,2072,HEAD_POSE_ESTIMATE,estimated,-0.6496064077288014,9.616960840873872,-1.966161651300147,0.042805119466405465,0.06873873713153561,0.018451889777877553
28902472,1789117051399000000,2073,HEAD_POSE_ESTIMATE,estimated,-0.6498670465036055,9.61972764639278,-1.970574904242338,0.052857758887895304,0.07141931488577354,0.005158181825263085
28916472,1789117051413000000,2074,HEAD_POSE_ESTIMATE,estimated,-0.6433828520858182,9.594064246115837,-1.965294484619988,0.061393267908338746,0.07254381853927167,-0.013868710720813126
28930472,1789117051427000000,2075,HEAD_POSE_ESTIMATE,estimated,-0.6452864487827025,9.56441383275782,-1.9667511297760252,0.06313139574616947,0.07082488187132965,-0.02416442651504417
28944472,1789117051441000000,2076,HEAD_POSE_ESTIMATE,estimated,-0.6494473819971665,9.53458952739545,-1.9680699892508084,0.0594465871816814,0.0655835062770788,-0.025689152212622877
28960472,1789117051457000000,2077,HEAD_POSE_ESTIMATE,estimated,-0.6525226696612305,9.50012602102555,-1.9718517642795337,0.047554932870064036,0.059462328114760606,-0.014994131631031733
28974472,1789117051471000000,2078,HEAD_POSE_ESTIMATE,estimated,-0.650972343598925,9.478579368115165,-1.9733333998333085,0.030414776200416997,0.051401776165353165,-0.001248599234376874
28984472,1789117051481000000,2079,HEAD_POSE_ESTIMATE,estimated,-0.6465177992435154,9.479935114935957,-1.9788830840244263,0.013053259985204973,0.044420194996098804,0.01218176634729139
28999472,1789117051496000000,2080,HEAD_POSE_ESTIMATE,estimated,-0.6351042756803429,9.497661557650813,-1.9696851203188375,-0.008376227222883054,0.0357130657924849,0.027330673393513086
29012472,1789117051509000000,2081,HEAD_POSE_ESTIMATE,estimated,-0.6212984033903245,9.499787777173298,-1.9714981512502678,-0.02477181155752165,0.027681192641099164,0.040977293386698296
29027472,1789117051524000000,2082,HEAD_POSE_ESTIMATE,estimated,-0.575486806724371,9.510993027437946,-1.9578058390942479,-0.0330699450488403,0.01871400171588428,0.05056344233016801
29040472,1789117051537000000,2083,HEAD_POSE_ESTIMATE,estimated,-0.5430175626522249,9.52726682291218,-1.9433039847926619,-0.033963649022533446,0.012642404779576337,0.055448418678866705
29054472,1789117051551000000,2084,HEAD_POSE_ESTIMATE,estimated,-0.5304238293640314,9.570815361181365,-1.936717827970943,-0.031481927981059005,0.003270150133032257,0.06053915800586372
29068472,1789117051565000000,2085,HEAD_POSE_ESTIMATE,estimated,-0.5265677873040525,9.609454343486705,-1.9356154316375047,-0.027605909711702525,-0.006371709585373645,0.05853364082617766
29082472,1789117051579000000,2086,HEAD_POSE_ESTIMATE,estimated,-0.5265595170470851,9.648320298241181,-1.9356362904750817,-0.025041519340334037,-0.010849999522255968,0.05119970044529194
29096472,1789117051593000000,2087,HEAD_POSE_ESTIMATE,estimated,-0.5328757019964977,9.653984208102688,-1.933675368096592,-0.018029333858239068,-0.009188932672737269,0.039094108054814884
29110472,1789117051607000000,2088,HEAD_POSE_ESTIMATE,estimated,-0.5333891972204209,9.652896415603498,-1.9345912867117612,-0.005505833342590189,-0.005424782044704669,0.02277563731954958
29123472,1789117051620000000,2089,HEAD_POSE_ESTIMATE,estimated,-0.5214289805058134,9.628428517501286,-1.918109239050198,0.011511486897998514,1.9343608019519543e-05,0.00876385654869937
29138472,1789117051635000000,2090,HEAD_POSE_ESTIMATE,estimated,-0.4896777836901138,9.574871907389417,-1.876928547567376,0.033949015319505484,0.009630094776650859,-0.0029762500627440527
29151472,1789117051648000000,2091,HEAD_POSE_ESTIMATE,estimated,-0.4680322630983094,9.54832863450789,-1.8437459613508793,0.04371597006095677,0.01762458746517305,-0.00611650302570216
29166472,1789117051663000000,2092,HEAD_POSE_ESTIMATE,estimated,-0.4579269831061264,9.55275671034233,-1.8184051116393873,0.03321412452213839,0.021260478798621592,0.004769247867016947
29180472,1789117051677000000,2093,HEAD_POSE_ESTIMATE,estimated,-0.43708203070720897,9.57640750689279,-1.8046895867972221,0.012168902516137637,0.016090255207410333,0.014971523597912621
29194472,1789117051691000000,2094,HEAD_POSE_ESTIMATE,estimated,-0.41125212444839415,9.555746325956488,-1.7972766291768256,-0.026141335613961446,0.0064643058233817795,0.024639392090978256
29208472,1789117051705000000,2095,HEAD_POSE_ESTIMATE,estimated,-0.3810721505668153,9.5364438071848,-1.7773265685782247,-0.05995764565175011,-0.010918725997666008,0.034643801142176606
29222472,1789117051719000000,2096,HEAD_POSE_ESTIMATE,estimated,-0.34476973366441177,9.530979848000007,-1.7469704135714736,-0.08561275650943319,-0.032903127732967295,0.045873650978930564
29236472,1789117051733000000,2097,HEAD_POSE_ESTIMATE,estimated,-0.31554480139585217,9.531787160737549,-1.7207958813810091,-0.11010213774357057,-0.05848291136282256,0.05993320218186496
29249472,1789117051746000000,2098,HEAD_POSE_ESTIMATE,estimated,-0.27521787851961643,9.552471711099106,-1.654213906942617,-0.13099989671252107,-0.0827408430431733,0.07153223541184867
29263472,1789117051760000000,2099,HEAD_POSE_ESTIMATE,estimated,-0.2825803434454457,9.599581553659965,-1.6242192157368247,-0.1371054991390967,-0.10908007929855747,0.07361643465478229
29278472,1789117051775000000,2100,HEAD_POSE_ESTIMATE,estimated,-0.3406977278057103,9.661444644010428,-1.6235322244515171,-0.1333980324822802,-0.13264889740749894,0.06725490385281234
29291472,1789117051788000000,2101,HEAD_POSE_ESTIMATE,estimated,-0.3803117308417674,9.695287653433505,-1.6218972913724687,-0.11053347009925305,-0.1489576643212939,0.05125779633573627
29305472,1789117051802000000,2102,HEAD_POSE_ESTIMATE,estimated,-0.42496503797772867,9.707153438121228,-1.6562911163535767,-0.07489911956377159,-0.16370207729280128,0.0207465206775456
29318472,1789117051815000000,2103,HEAD_POSE_ESTIMATE,estimated,-0.4738887184808748,9.699753705789304,-1.6581996154308278,-0.03743886785047383,-0.16998128529467083,-0.007845159345572979
29332472,1789117051829000000,2104,HEAD_POSE_ESTIMATE,estimated,-0.5054293780293623,9.702655301252252,-1.6428244346092318,-0.0017650671509893685,-0.17236167279618236,-0.038051391011719254
29347472,1789117051844000000,2105,HEAD_POSE_ESTIMATE,estimated,-0.5417150639685566,9.703368204035028,-1.635214483692056,0.02485296178123437,-0.1656667815437067,-0.050468644106767754
29359472,1789117051856000000,2106,HEAD_POSE_ESTIMATE,estimated,-0.5635027295988824,9.69884334873189,-1.6290700173473018,0.03158998907650538,-0.15341533888361011,-0.04869712425858537
29374472,1789117051871000000,2107,HEAD_POSE_ESTIMATE,estimated,-0.6004659453247359,9.724114792727088,-1.6309854352023436,0.04235827493663841,-0.13293149204271193,-0.045907641360610846
29388472,1789117051885000000,2108,HEAD_POSE_ESTIMATE,estimated,-0.6469188264603487,9.748041296182137,-1.6517278481126982,0.05128271646654151,-0.10768504361631588,-0.045454982318108274
29402472,1789117051899000000,2109,HEAD_POSE_ESTIMATE,estimated,-0.6676366776171883,9.736933657702048,-1.6548436171758873,0.05821529313960294,-0.07830572163065348,-0.037780154153552806
29416472,1789117051913000000,2110,HEAD_POSE_ESTIMATE,estimated,-0.6626809269702078,9.690053572486665,-1.673333913442458,0.06628403757709386,-0.05226318832536179,-0.029492487650017295
29429472,1789117051926000000,2111,HEAD_POSE_ESTIMATE,estimated,-0.6654262199910765,9.671443734207708,-1.6828982969768393,0.06367250484842467,-0.028880255268374188,-0.024190918764834538
29443472,1789117051940000000,2112,HEAD_POSE_ESTIMATE,estimated,-0.6387969574397863,9.671833157302988,-1.6888575495474458,0.056868056316488225,-0.009729624747139563,-0.021745016625129274
29457472,1789117051954000000,2113,HEAD_POSE_ESTIMATE,estimated,-0.6581093121072351,9.676630711591127,-1.694933993938292,0.05197952390110725,0.006350310355091546,-0.027014647530905527
29471472,1789117051968000000,2114,HEAD_POSE_ESTIMATE,estimated,-0.6712782201311371,9.678568039778744,-1.6970954818644266,0.04737778225308775,0.014006693036846188,-0.03553022859737029
29485472,1789117051982000000,2115,HEAD_POSE_ESTIMATE,estimated,-0.7036791670235003,9.671868239135154,-1.7101241679447607,0.04471401354744806,0.016807022839191665,-0.04854747697178211
29498472,1789117051995000000,2116,HEAD_POSE_ESTIMATE,estimated,-0.7267229305346078,9.661013506367821,-1.7288781794765382,0.04885719232334204,0.012297517630407288,-0.06107027625778103
29512472,1789117052009000000,2117,HEAD_POSE_ESTIMATE,estimated,-0.7365296067992602,9.65290862936936,-1.7440115933110483,0.046547873985359596,0.004611558035592006,-0.06540335807813043
29527472,1789117052024000000,2118,HEAD_POSE_ESTIMATE,estimated,-0.7249837742006257,9.631396771711147,-1.768706446566567,0.04720357221526326,-0.006164652251217477,-0.053914017996059646
29541472,1789117052038000000,2119,HEAD_POSE_ESTIMATE,estimated,-0.7026592890466834,9.599758224837906,-1.781895234617316,0.04777907381099628,-0.019945093144858313,-0.03483108570239999
29555472,1789117052052000000,2120,HEAD_POSE_ESTIMATE,estimated,-0.6628970350995708,9.560418677308547,-1.792361568911735,0.05186716889911613,-0.031233576394133645,-0.005141294697110237
29569472,1789117052066000000,2121,HEAD_POSE_ESTIMATE,estimated,-0.6252503945146918,9.530144447123863,-1.789371361184527,0.05627712995003367,-0.04443724437062543,0.016201326742769483
29583472,1789117052080000000,2122,HEAD_POSE_ESTIMATE,estimated,-0.5948585461813961,9.500519157383756,-1.8082307731259768,0.05892674723688032,-0.05656794369590686,0.03487870937352927
29597472,1789117052094000000,2123,HEAD_POSE_ESTIMATE,estimated,-0.5578880548414404,9.480778323296454,-1.8191546939267569,0.06179139498280726,-0.0642811312438757,0.04371467404891394
29611472,1789117052108000000,2124,HEAD_POSE_ESTIMATE,estimated,-0.5248720860228284,9.461053573666417,-1.8322261504383022,0.06123041238542169,-0.06862031859753057,0.05204732835719333
29624472,1789117052121000000,2125,HEAD_POSE_ESTIMATE,estimated,-0.4860758891840801,9.448686533881505,-1.8635201787483624,0.05548406733507665,-0.06874357970929766,0.056742342655096506
29638472,1789117052135000000,2126,HEAD_POSE_ESTIMATE,estimated,-0.4617910489787007,9.4587389299754,-1.8895271275953944,0.04283402457331628,-0.06283818352916415,0.06327713011203782
29652472,1789117052149000000,2127,HEAD_POSE_ESTIMATE,estimated,-0.4425234008490619,9.47738250215227,-1.9067868640095775,0.023316236797329887,-0.05557538900855897,0.06266286438316011
29666472,1789117052163000000,2128,HEAD_POSE_ESTIMATE,estimated,-0.43646725982384615,9.49968628042997,-1.8984838899239334,0.0032323882812801265,-0.04714043486824437,0.056973998339842596
29678472,1789117052175000000,2129,HEAD_POSE_ESTIMATE,estimated,-0.43344168635538943,9.515794719206927,-1.8945475080444956,-0.01479426155613725,-0.04167124393524922,0.046520672792316926
29694472,1789117052191000000,2130,HEAD_POSE_ESTIMATE,estimated,-0.43014760006966735,9.5384230477771,-1.9075581169896143,-0.028974292228160024,-0.03543970969297723,0.02719444729315329
29707472,1789117052204000000,2131,HEAD_POSE_ESTIMATE,estimated,-0.42486471575696483,9.559991319020702,-1.9056840826689574,-0.038379456084544704,-0.03274138160680364,0.010359270493360738
29721472,1789117052218000000,2132,HEAD_POSE_ESTIMATE,estimated,-0.42640651251865724,9.584087844199424,-1.9026046856436023,-0.04340005861820063,-0.0317179873441877,-0.005998993276863137
29735472,1789117052232000000,2133,HEAD_POSE_ESTIMATE,estimated,-0.43130143078508637,9.594711994961093,-1.9025874760665653,-0.040340804699558225,-0.034140125574887895,-0.014995184493971503
29749472,1789117052246000000,2134,HEAD_POSE_ESTIMATE,estimated,-0.45698908312169934,9.590431972012558,-1.91097891897271,-0.036174935751994555,-0.03731139004706297,-0.02251512485373175
29763472,1789117052260000000,2135,HEAD_POSE_ESTIMATE,estimated,-0.4741495367042212,9.581456627367976,-1.9165337157333255,-0.033372447050322676,-0.04029877901397948,-0.029070562925172065
29776472,1789117052273000000,2136,HEAD_POSE_ESTIMATE,estimated,-0.4928649234736724,9.577477208474043,-1.9138766254973383,-0.03496614350700655,-0.043358032100416076,-0.03561117317748364
29790472,1789117052287000000,2137,HEAD_POSE_ESTIMATE,estimated,-0.507759577092329,9.572827784112057,-1.9106638076922624,-0.03824949502090063,-0.04555237152791541,-0.03958996331962288
29805472,1789117052302000000,2138,HEAD_POSE_ESTIMATE,estimated,-0.5201407131005256,9.566365730699072,-1.9138153606185841,-0.04307704064346893,-0.04698286935702964,-0.041108653284856966
29819472,1789117052316000000,2139,HEAD_POSE_ESTIMATE,estimated,-0.5270766349428608,9.555876956754647,-1.9088431300327355,-0.0514883558736443,-0.0452253534523415,-0.04013338776327473
29832472,1789117052329000000,2140,HEAD_POSE_ESTIMATE,estimated,-0.533589377258714,9.554890957721032,-1.9152327549268797,-0.057159963474866904,-0.04314422476708646,-0.038285776762630994
29846472,1789117052343000000,2141,HEAD_POSE_ESTIMATE,estimated,-0.5449247891828939,9.57448436932825,-1.9132600772036552,-0.06024079212848805,-0.039405723158058896,-0.03542332054925567
29860472,1789117052357000000,2142,HEAD_POSE_ESTIMATE,estimated,-0.5580808124061775,9.612737150334937,-1.908490044643788,-0.06094998196893563,-0.03650143631242744,-0.036468113235916436
29874472,1789117052371000000,2143,HEAD_POSE_ESTIMATE,estimated,-0.5650072257342891,9.636757937090739,-1.9091868129653649,-0.0644400859248764,-0.03242948487550879,-0.03579302967662522
29888472,1789117052385000000,2144,HEAD_POSE_ESTIMATE,estimated,-0.5634226471992572,9.65716576169395,-1.9067951578676217,-0.06952986160159036,-0.029956676564157514,-0.035758650255089355
29902472,1789117052399000000,2145,HEAD_POSE_ESTIMATE,estimated,-0.5583079335393126,9.683127823235003,-1.9140627534760473,-0.07562587790033605,-0.028720483026823545,-0.03385128261351156
29916472,1789117052413000000,2146,HEAD_POSE_ESTIMATE,estimated,-0.5454787547727352,9.718748521689168,-1.9069447401328092,-0.08243580379670905,-0.0286993873983467,-0.029710041638145907
29930472,1789117052427000000,2147,HEAD_POSE_ESTIMATE,estimated,-0.5339461657571338,9.734592083362513,-1.894775465660072,-0.08756362326453487,-0.02930596511456211,-0.026362405463240556
29945472,1789117052442000000,2148,HEAD_POSE_ESTIMATE,estimated,-0.5335597494020187,9.732488706380995,-1.8865169733621079,-0.09032842292272475,-0.029424305100373898,-0.024533736932308464
29958472,1789117052455000000,2149,HEAD_POSE_ESTIMATE,estimated,-0.5473741922500766,9.724800548434239,-1.8883949728720864,-0.09195957578540297,-0.02964354249984517,-0.024568174159158965
29972472,1789117052469000000,2150,HEAD_POSE_ESTIMATE,estimated,-0.561494991866666,9.725746027134594,-1.8968452723257823,-0.09026637253683147,-0.028143830941937332,-0.027499655826678168
29986472,1789117052483000000,2151,HEAD_POSE_ESTIMATE,estimated,-0.5741740221510963,9.727777145257317,-1.9144001585234054,-0.08635794065500337,-0.026787816603107313,-0.032840955713821236
30000472,1789117052497000000,2152,HEAD_POSE_ESTIMATE,estimated,-0.5902634167174778,9.733998066598476,-1.9305680149073912,-0.07650640443953405,-0.022019556376919634,-0.036927583719188854
30014472,1789117052511000000,2153,HEAD_POSE_ESTIMATE,estimated,-0.5995492045687887,9.716432512989964,-1.9515880473172011,-0.061912791531138066,-0.01605698316272431,-0.04143985787584839
30025472,1789117052522000000,2154,HEAD_POSE_ESTIMATE,estimated,-0.6084081682760178,9.693755438257952,-1.9587895722851787,-0.04357417485590171,-0.010188922733412714,-0.042206785497111224
30039472,1789117052536000000,2155,HEAD_POSE_ESTIMATE,estimated,-0.620141377790654,9.663069031446465,-1.9730077212526553,-0.02065383200681867,-0.0019112360068606344,-0.03878624849841552
30053472,1789117052550000000,2156,HEAD_POSE_ESTIMATE,estimated,-0.6316703363198463,9.643375625591132,-1.9817279157605097,0.003986869260653834,0.006175906710399683,-0.03353069474796354
30067472,1789117052564000000,2157,HEAD_POSE_ESTIMATE,estimated,-0.6491155380805547,9.630201321547764,-1.9905170746946697,0.024164420893888237,0.012582870497837994,-0.027055408704437182
30081472,1789117052578000000,2158,HEAD_POSE_ESTIMATE,estimated,-0.6537352587496756,9.613157363506472,-1.9921819963970102,0.038366449359277646,0.018674636584819205,-0.01831679537916185
30095472,1789117052592000000,2159,HEAD_POSE_ESTIMATE,estimated,-0.6431937217887758,9.60680239585328,-2.004978946343331,0.045156085886034376,0.02264667163427502,-0.005380942112174349
30109472,1789117052606000000,2160,HEAD_POSE_ESTIMATE,estimated,-0.6223727366383226,9.606644648937515,-1.9941795866458292,0.04333182942049022,0.02707067926002779,0.007886512402251957
30124472,1789117052621000000,2161,HEAD_POSE_ESTIMATE,estimated,-0.5924023059577709,9.607037341450168,-1.9869321248132217,0.03462519181248718,0.03297728721994729,0.020145840503004508
30138472,1789117052635000000,2162,HEAD_POSE_ESTIMATE,estimated,-0.5791680888217339,9.618570731454524,-1.9738271726601992,0.023572250514574174,0.038556273667899085,0.028274585404672408
30151472,1789117052648000000,2163,HEAD_POSE_ESTIMATE,estimated,-0.5810534705441585,9.62588849895042,-1.9818805568078908,0.01199290777404903,0.044240230022253704,0.03128729178118481
30165472,1789117052662000000,2164,HEAD_POSE_ESTIMATE,estimated,-0.5864483396864069,9.635807967706944,-1.987139130147395,-0.0007664441553362364,0.05038640341166103,0.02831299599355396
30181472,1789117052678000000,2165,HEAD_POSE_ESTIMATE,estimated,-0.5918820409851702,9.65422186174194,-1.999052931237331,-0.008740616207274374,0.05848287690669718,0.018995310209211858
30193472,1789117052690000000,2166,HEAD_POSE_ESTIMATE,estimated,-0.6052446550716751,9.650709290358614,-2.0135664782756,-0.008849286645710445,0.06467614097301663,0.008536766254831485
30208472,1789117052705000000,2167,HEAD_POSE_ESTIMATE,estimated,-0.617850665442533,9.646870749352447,-2.0326210825643103,-0.004475649352896099,0.07217174303127688,-0.00037392081518642907
30220472,1789117052717000000,2168,HEAD_POSE_ESTIMATE,estimated,-0.6244078945584155,9.636034253738778,-2.0461373400222196,0.0011806109924482125,0.07734087074313309,-0.007440365421098526
30234472,1789117052731000000,2169,HEAD_POSE_ESTIMATE,estimated,-0.6320847555488822,9.598783110924602,-2.061170808441795,0.009250144488395824,0.08390041889246795,-0.012029617283877
30249472,1789117052746000000,2170,HEAD_POSE_ESTIMATE,estimated,-0.6513233190457082,9.5647620661849,-2.064394502655679,0.013485569735359363,0.09183940996892674,-0.013012293911984066
30263472,1789117052760000000,2171,HEAD_POSE_ESTIMATE,estimated,-0.6659739612770236,9.537827797028575,-2.067352107568916,0.015530646378749577,0.09846899193552902,-0.010757153748161915
30277472,1789117052774000000,2172,HEAD_POSE_ESTIMATE,estimated,-0.6808513364675941,9.505446386326481,-2.074219266248316,0.015463349193477716,0.10625634850829425,-0.005499945405914087
30291472,1789117052788000000,2173,HEAD_POSE_ESTIMATE,estimated,-0.6861406166324667,9.474988524751431,-2.0744291678597815,0.014321180774457062,0.11316658620010289,0.0022110016077907142
30307472,1789117052804000000,2174,HEAD_POSE_ESTIMATE,estimated,-0.6702334857627698,9.460807854377686,-2.0524567238799816,0.012454910667131181,0.12074107053362972,0.010109351416531789
30319472,1789117052816000000,2175,HEAD_POSE_ESTIMATE,estimated,-0.6534029603988749,9.460096931772448,-2.041029155802272,0.012474877507636288,0.12607001894568884,0.01575683526598187
30331472,1789117052828000000,2176,HEAD_POSE_ESTIMATE,estimated,-0.6431241081253656,9.455009110053266,-2.0276158934100943,0.00881751750289803,0.12967330363658677,0.019379473464862126
30345472,1789117052842000000,2177,HEAD_POSE_ESTIMATE,estimated,-0.6384781231756915,9.456699938120028,-2.0237873775024915,0.00017046784215018535,0.1317488281564228,0.02199059993145478
30359472,1789117052856000000,2178,HEAD_POSE_ESTIMATE,estimated,-0.6393860347359277,9.481713092775706,-2.0195752724724385,-0.01230070021947038,0.13186177220965783,0.021827844330522685
30373472,1789117052870000000,2179,HEAD_POSE_ESTIMATE,estimated,-0.6423102504908924,9.512104206056357,-2.016454180629421,-0.02563601247875482,0.13009778019808868,0.020101965328879524
30388472,1789117052885000000,2180,HEAD_POSE_ESTIMATE,estimated,-0.6500253851086139,9.531056314954885,-2.0066371009174513,-0.03914772431278832,0.12748533308245377,0.01671482807076823
30401472,1789117052898000000,2181,HEAD_POSE_ESTIMATE,estimated,-0.6454426578576955,9.547444565375766,-1.992894070766768,-0.04952245964516594,0.1230715297857256,0.014240203566708036
30415472,1789117052912000000,2182,HEAD_POSE_ESTIMATE,estimated,-0.6401151337468647,9.556727890063307,-1.9771969802355096,-0.058231897715531444,0.11932797099736553,0.012499605346622322
30428472,1789117052925000000,2183,HEAD_POSE_ESTIMATE,estimated,-0.6218905337333414,9.583660190484428,-1.9477392048475861,-0.06069289696340856,0.11854859119443284,0.013732304052683242
30443472,1789117052940000000,2184,HEAD_POSE_ESTIMATE,estimated,-0.6104502400107256,9.613870205403476,-1.9280801951020627,-0.059378437882847086,0.11997599906337028,0.01833878467274976
30457472,1789117052954000000,2185,HEAD_POSE_ESTIMATE,estimated,-0.6086210711826482,9.623540308919212,-1.9242947387132028,-0.05622974912948673,0.12174266564601989,0.026205387490837475
30470472,1789117052967000000,2186,HEAD_POSE_ESTIMATE,estimated,-0.6113631531408082,9.632090687133813,-1.9230641339609809,-0.05028201314157599,0.12517272206630783,0.0347905834678409
30485472,1789117052982000000,2187,HEAD_POSE_ESTIMATE,estimated,-0.6077170876605638,9.629495243625913,-1.9198284846990907,-0.041080758469292655,0.1306911583682213,0.04498804751557773
30501472,1789117052998000000,2188,HEAD_POSE_ESTIMATE,estimated,-0.6000328817303933,9.616373662072254,-1.914125116980833,-0.030979884023590417,0.13815600180609633,0.05218071461773737
30512472,1789117053009000000,2189,HEAD_POSE_ESTIMATE,estimated,-0.5955461787611598,9.622969254410464,-1.90618790435123,-0.02457177695475742,0.1453316632554556,0.05392766028222658
30525472,1789117053022000000,2190,HEAD_POSE_ESTIMATE,estimated,-0.5802344350328258,9.621992199424696,-1.8935981072217127,-0.018199146176958267,0.1508777434841645,0.05021064328190475
30539472,1789117053036000000,2191,HEAD_POSE_ESTIMATE,estimated,-0.5636817009141221,9.61990183391511,-1.881754290997748,-0.013044792817315286,0.15595055962455126,0.041572560372948285
30553472,1789117053050000000,2192,HEAD_POSE_ESTIMATE,estimated,-0.5487948461365495,9.613817515243497,-1.8731523430466648,-0.0054060288882861246,0.16138254049037418,0.027385140469825275
30567472,1789117053064000000,2193,HEAD_POSE_ESTIMATE,estimated,-0.530453730117104,9.611732101276237,-1.8721547164395644,0.0019593482660622196,0.1653042685205682,0.013654965424177132
30582472,1789117053079000000,2194,HEAD_POSE_ESTIMATE,estimated,-0.5136832266052141,9.616631031225923,-1.8666265456104678,0.009545916618597945,0.16702394966043305,0.001490504209312851
30595472,1789117053092000000,2195,HEAD_POSE_ESTIMATE,estimated,-0.5252152224093208,9.637046206113855,-1.8715314154200193,0.014010364807438119,0.1687537896791512,-0.003689160529072612
30609472,1789117053106000000,2196,HEAD_POSE_ESTIMATE,estimated,-0.5259019927461474,9.651070402317956,-1.872327912490666,0.01602054988123076,0.16707439609353578,-0.006934995440955996
30625472,1789117053122000000,2197,HEAD_POSE_ESTIMATE,estimated,-0.5086086434505647,9.673746965011352,-1.873858167950444,0.015372433448193846,0.16252188241804685,-0.008790786296101636
30637472,1789117053134000000,2198,HEAD_POSE_ESTIMATE,estimated,-0.489363399689449,9.687378406487564,-1.8760806829741974,0.012514422605813338,0.1558286888685882,-0.006566887377954816
30650472,1789117053147000000,2199,HEAD_POSE_ESTIMATE,estimated,-0.48071396160271324,9.69728397261513,-1.8795215298678396,0.011326723652878927,0.14818359475644685,-0.005451043544543224
30664472,1789117053161000000,2200,HEAD_POSE_ESTIMATE,estimated,-0.4687067922612109,9.694777445370674,-1.8856576037517683,0.010264249815122839,0.13906238626445397,-0.003996850653298097
30677472,1789117053174000000,2201,HEAD_POSE_ESTIMATE,estimated,-0.47030496309224384,9.676336367033784,-1.8955454040575144,0.012167231806399545,0.131053664674407,-0.0045712652740350366
30691472,1789117053188000000,2202,HEAD_POSE_ESTIMATE,estimated,-0.47973299737096337,9.664174459913248,-1.8979409969486964,0.012572909376300083,0.12188016686088969,-0.007488546923289964
30707472,1789117053204000000,2203,HEAD_POSE_ESTIMATE,estimated,-0.5098525552950106,9.648344308461033,-1.89963507239639,0.010555642235599823,0.1134823421982775,-0.0112157210632635
30722472,1789117053219000000,2204,HEAD_POSE_ESTIMATE,estimated,-0.5282465060547602,9.633075855592729,-1.904064853731582,0.008629921209755953,0.10698963835501767,-0.01319581810249949
30734472,1789117053231000000,2205,HEAD_POSE_ESTIMATE,estimated,-0.5324070359288078,9.629171752995688,-1.9041533378238225,0.00817470070646433,0.1036566614334787,-0.013267411936167555
30746472,1789117053243000000,2206,HEAD_POSE_ESTIMATE,estimated,-0.5285792635094351,9.615327652950567,-1.898786621199289,0.005760440474527395,0.10477525580956457,-0.00948801595386178
30761472,1789117053258000000,2207,HEAD_POSE_ESTIMATE,estimated,-0.5255568222823982,9.600802834974107,-1.8880478619480547,0.002226638083090458,0.10864365274800719,-0.003092562075552959
30774472,1789117053271000000,2208,HEAD_POSE_ESTIMATE,estimated,-0.5237913196839866,9.586431111723423,-1.8841723568226472,-0.0020499320173593253,0.11210828955619614,0.004326196401967214
30787472,1789117053284000000,2209,HEAD_POSE_ESTIMATE,estimated,-0.5233626026932438,9.584541621137484,-1.8765686619688602,-0.005283872475534869,0.11750052654868422,0.009775503751934875
30802472,1789117053299000000,2210,HEAD_POSE_ESTIMATE,estimated,-0.5273619546599548,9.595181685487534,-1.8727337441080776,-0.007481549738884874,0.12346663061294924,0.014129145660374178
30817472,1789117053314000000,2211,HEAD_POSE_ESTIMATE,estimated,-0.5348755546636613,9.615199943702713,-1.8764574055993184,-0.006407820425990144,0.1262427830277674,0.01593396151034986
30830472,1789117053327000000,2212,HEAD_POSE_ESTIMATE,estimated,-0.5315826676215636,9.619147317059554,-1.8724038839675265,-0.002939763994496401,0.1306599406481131,0.017393957695029598
30844472,1789117053341000000,2213,HEAD_POSE_ESTIMATE,estimated,-0.5199749433932094,9.625582413351108,-1.85907467909445,-3.123318616802947e-05,0.13603010530020346,0.017494582102309406
30858472,1789117053355000000,2214,HEAD_POSE_ESTIMATE,estimated,-0.5119633575071232,9.624706275554262,-1.8513590438202292,0.0012614538561185266,0.14173767698324605,0.015291487477479807
30872472,1789117053369000000,2215,HEAD_POSE_ESTIMATE,estimated,-0.5117485876102479,9.63519144396456,-1.840730896730286,-0.0004729078173309725,0.14519208396614044,0.011661696639535835
30886472,1789117053383000000,2216,HEAD_POSE_ESTIMATE,estimated,-0.5103445518434039,9.646387581245904,-1.832189456114678,-0.00494685092391889,0.15188969179843043,0.0033115171216653696
30901472,1789117053398000000,2217,HEAD_POSE_ESTIMATE,estimated,-0.5232176201124611,9.658283044090052,-1.8242253585097825,-0.010372550338262626,0.1624131251345332,-0.005566027158584561
30915472,1789117053412000000,2218,HEAD_POSE_ESTIMATE,estimated,-0.5323743884959933,9.652034277550749,-1.815258568768101,-0.01568149652108532,0.17366801432774057,-0.015741196919400468
30928472,1789117053425000000,2219,HEAD_POSE_ESTIMATE,estimated,-0.5414555557600522,9.638906194021267,-1.8041936299907477,-0.016544401986984168,0.1843453963032651,-0.021891713430820015
30942472,1789117053439000000,2220,HEAD_POSE_ESTIMATE,estimated,-0.5400258542320026,9.618345218208187,-1.791858153608127,-0.015515224125168144,0.19743860140623454,-0.02380498728245389
30958472,1789117053455000000,2221,HEAD_POSE_ESTIMATE,estimated,-0.5443270819388656,9.607567333532291,-1.7764205419364818,-0.00983651652864152,0.2144848798594281,-0.020931830967868045
30970472,1789117053467000000,2222,HEAD_POSE_ESTIMATE,estimated,-0.5448728945324882,9.5994088464505,-1.7666808585301035,-0.004619350482199715,0.2249678231999181,-0.01672360484834993
30983472,1789117053480000000,2223,HEAD_POSE_ESTIMATE,estimated,-0.542115530841246,9.589981391406482,-1.761372856010057,0.00036509204845577115,0.23550461684251958,-0.01103350527672611
30997472,1789117053494000000,2224,HEAD_POSE_ESTIMATE,estimated,-0.5201825200920022,9.583087196198033,-1.7604734656633665,0.0036236969332109877,0.2464996236274687,-0.00504687797479007
31011472,1789117053508000000,2225,HEAD_POSE_ESTIMATE,estimated,-0.4981958020568756,9.577820856548518,-1.7608396692000456,0.0031974306980987505,0.25494594523106073,0.0005921861807273843
31027472,1789117053524000000,2226,HEAD_POSE_ESTIMATE,estimated,-0.460904821114647,9.574509509994632,-1.7718010519729996,-0.003381207084991029,0.2649714987354051,0.006040560566037282
31039472,1789117053536000000,2227,HEAD_POSE_ESTIMATE,estimated,-0.4355002685249437,9.573246143315572,-1.7773036994023244,-0.011130880529184336,0.27122874942919223,0.007998840643784946
31052472,1789117053549000000,2228,HEAD_POSE_ESTIMATE,estimated,-0.41067116098575407,9.580505220909075,-1.7846742358533838,-0.02366313069973052,0.27836866569722624,0.010760210351702581
31068472,1789117053565000000,2229,HEAD_POSE_ESTIMATE,estimated,-0.371701138118898,9.599055771560018,-1.7826648145765074,-0.03386647827231527,0.28415340094424013,0.010844150930500023
31080472,1789117053577000000,2230,HEAD_POSE_ESTIMATE,estimated,-0.3408312790305027,9.607993066836341,-1.788018077001088,-0.036588226688937346,0.28832769942956565,0.009457400101843712
31094472,1789117053591000000,2231,HEAD_POSE_ESTIMATE,estimated,-0.30363658119278375,9.644774420292153,-1.7842815530186933,-0.03249794644954949,0.2923647796062041,0.008967281265749154
31109472,1789117053606000000,2232,HEAD_POSE_ESTIMATE,estimated,-0.2724912800820795,9.665795509252497,-1.7837694039854457,-0.024552775579665776,0.29114722716261815,0.006375223869324735
31122472,1789117053619000000,2233,HEAD_POSE_ESTIMATE,estimated,-0.24401990194514583,9.677403338227272,-1.7850215653575576,-0.015532141929038436,0.2833653502612751,0.001545676867387914
31137472,1789117053634000000,2234,HEAD_POSE_ESTIMATE,estimated,-0.22046042904284513,9.681805150834483,-1.7912879687514804,-0.004501832245675783,0.27346637083754755,-0.0064984064115503355
31150472,1789117053647000000,2235,HEAD_POSE_ESTIMATE,estimated,-0.20817728418689826,9.689709735709542,-1.7954927978591686,0.0010423774270244062,0.26237838051283163,-0.019246380231172144
31165472,1789117053662000000,2236,HEAD_POSE_ESTIMATE,estimated,-0.20800900948893156,9.699542875079018,-1.8110159145970748,0.005647059087244827,0.24651781002411444,-0.03527591918670426
31178472,1789117053675000000,2237,HEAD_POSE_ESTIMATE,estimated,-0.21020485066312694,9.712452923351547,-1.8151727524065753,0.006924405512720819,0.23025256604514574,-0.05020045036107919
31193472,1789117053690000000,2238,HEAD_POSE_ESTIMATE,estimated,-0.21952111323627882,9.71224945658623,-1.820259922040418,0.009487599774305352,0.21723879349596475,-0.06034267954227011
31207472,1789117053704000000,2239,HEAD_POSE_ESTIMATE,estimated,-0.23841378154337328,9.714417031499643,-1.814751639487475,0.011132695324921426,0.20328254477610128,-0.06691406142418466
31222472,1789117053719000000,2240,HEAD_POSE_ESTIMATE,estimated,-0.24571762732538616,9.709723059360655,-1.8167898083530665,0.014013098438307815,0.18709658611164437,-0.07035826844843264
31234472,1789117053731000000,2241,HEAD_POSE_ESTIMATE,estimated,-0.2564896761811394,9.713871293346603,-1.8201779054916938,0.022013970994162847,0.17805453435128632,-0.07138584077859363
31248472,1789117053745000000,2242,HEAD_POSE_ESTIMATE,estimated,-0.2661588593454196,9.715440849739617,-1.83256150274185,0.03161732065214829,0.16615247768247923,-0.07196745456715439
31262472,1789117053759000000,2243,HEAD_POSE_ESTIMATE,estimated,-0.25805410862771005,9.716099536782309,-1.84356447562199,0.04069477835143499,0.15524374231052973,-0.07017194587607638
31276472,1789117053773000000,2244,HEAD_POSE_ESTIMATE,estimated,-0.25044675186013365,9.712797519162088,-1.8549938141935292,0.0514990474710023,0.1435720980565865,-0.06670188793039483
31290472,1789117053787000000,2245,HEAD_POSE_ESTIMATE,estimated,-0.2481562094058982,9.698966870770471,-1.8668946684733632,0.05649855120982836,0.13513701143728732,-0.06132959400595387
31306472,1789117053803000000,2246,HEAD_POSE_ESTIMATE,estimated,-0.25560469474769465,9.686002828753551,-1.881312173173531,0.05700485836231422,0.1224415339860024,-0.054957304468844864
31319472,1789117053816000000,2247,HEAD_POSE_ESTIMATE,estimated,-0.27485008309887804,9.676750099303652,-1.8973903541882706,0.050762339068923655,0.11046767055934256,-0.051730710401551805
31331472,1789117053828000000,2248,HEAD_POSE_ESTIMATE,estimated,-0.27781318034519864,9.66515023608575,-1.9168524354353413,0.044565241975046556,0.09895095604921823,-0.04799732474252149
31347472,1789117053844000000,2249,HEAD_POSE_ESTIMATE,estimated,-0.28158431440625026,9.658150280470375,-1.9380685677279288,0.03722895402191095,0.08754858932584922,-0.04382084948486427
31360472,1789117053857000000,2250,HEAD_POSE_ESTIMATE,estimated,-0.28272285580466283,9.660347464989176,-1.962271647096383,0.03295561825941505,0.0768820691285205,-0.040862896141032085
31371472,1789117053868000000,2251,HEAD_POSE_ESTIMATE,estimated,-0.274866470550706,9.635462650903781,-1.9791645397863278,0.03289416584527729,0.07180169087369957,-0.04069402544053243
31385472,1789117053882000000,2252,HEAD_POSE_ESTIMATE,estimated,-0.2737203071450363,9.605065650891476,-1.9996718288378132,0.03943601706670611,0.06698785320786896,-0.0374688817165798
31400472,1789117053897000000,2253,HEAD_POSE_ESTIMATE,estimated,-0.27929034773828176,9.573625990850118,-2.0161045187417415,0.04728410543101833,0.06401897199125585,-0.031713189725077466
31414472,1789117053911000000,2254,HEAD_POSE_ESTIMATE,estimated,-0.296083382442368,9.544090369362705,-2.0326103868482277,0.05810420959400306,0.05947231006153899,-0.023207811988086753
31430472,1789117053927000000,2255,HEAD_POSE_ESTIMATE,estimated,-0.3067020314085832,9.522406662027368,-2.0419947300096286,0.06540060294742037,0.05828284276345288,-0.016230142329716427
31441472,1789117053938000000,2256,HEAD_POSE_ESTIMATE,estimated,-0.3101739853217917,9.511007864998215,-2.051941202715692,0.06649287111734549,0.060108083944760984,-0.012522965754726759
31455472,1789117053952000000,2257,HEAD_POSE_ESTIMATE,estimated,-0.3105865328337555,9.515346867904638,-2.0600642366724635,0.06106618697192794,0.05929343735817591,-0.011229664168795998
31469472,1789117053966000000,2258,HEAD_POSE_ESTIMATE,estimated,-0.29861292152639807,9.520496854253238,-2.0642634127138573,0.050264162958616534,0.06366613004146326,-0.012412207085076654
31483472,1789117053980000000,2259,HEAD_POSE_ESTIMATE,estimated,-0.2758286413084367,9.535964792185318,-2.0633938058808274,0.03389072992642451,0.07092683917138685,-0.015202146748010776
31497472,1789117053994000000,2260,HEAD_POSE_ESTIMATE,estimated,-0.270815444089363,9.545339110906797,-2.0481419381602763,0.011816951021954784,0.08010604721070812,-0.018013769632700773
31511472,1789117054008000000,2261,HEAD_POSE_ESTIMATE,estimated,-0.27492714963419085,9.542074269720699,-2.039512169799812,-0.00968566400306923,0.08912245222803485,-0.019005985939454344
31525472,1789117054022000000,2262,HEAD_POSE_ESTIMATE,estimated,-0.28786073200951023,9.548442824048948,-2.0238697281904154,-0.026064408136004392,0.09940197537697829,-0.01697122180178762
31540472,1789117054037000000,2263,HEAD_POSE_ESTIMATE,estimated,-0.2929097843420346,9.561215720198387,-2.012638092541573,-0.03663545036637074,0.1124053266919704,-0.014372411075722359
31553472,1789117054050000000,2264,HEAD_POSE_ESTIMATE,estimated,-0.284225307178188,9.576566956446527,-2.0075311061507466,-0.039431687633589466,0.12479618454247617,-0.011765658940956712
31567472,1789117054064000000,2265,HEAD_POSE_ESTIMATE,estimated,-0.28339803459153934,9.590984894921045,-1.9961044483094093,-0.032896471481793074,0.13844174432980366,-0.009254619059733344
31581472,1789117054078000000,2266,HEAD_POSE_ESTIMATE,estimated,-0.2676208662421385,9.592784432711076,-1.9881726055489812,-0.02247947109020499,0.14940302892166502,-0.004206890530776102
31595472,1789117054092000000,2267,HEAD_POSE_ESTIMATE,estimated,-0.22691956851708248,9.577743846777812,-1.9893126592983115,-0.011535089044560572,0.15569317921221332,0.004752643820650593
31610472,1789117054107000000,2268,HEAD_POSE_ESTIMATE,estimated,-0.2054161865656251,9.569969669766135,-1.9996373881363103,-0.002514092104666183,0.16395887252549915,0.01239770134922554
31624472,1789117054121000000,2269,HEAD_POSE_ESTIMATE,estimated,-0.1646472070596347,9.55831614148376,-2.009614925551168,0.005337980123854423,0.16768985387109095,0.015100335137163896
31637472,1789117054134000000,2270,HEAD_POSE_ESTIMATE,estimated,-0.1508287267870296,9.55213341519874,-2.0173409058295655,0.00898591341484764,0.1736963184997703,0.015584448960681849
31651472,1789117054148000000,2271,HEAD_POSE_ESTIMATE,estimated,-0.13715896273662417,9.553705821645126,-2.023541478925482,0.009993690746692202,0.1782385940743354,0.01580749605621721
31666472,1789117054163000000,2272,HEAD_POSE_ESTIMATE,estimated,-0.12181317165219102,9.567800085709626,-2.0372581682170736,0.0076584030774645,0.1805870140215554,0.013056055040341229
31683472,1789117054180000000,2273,HEAD_POSE_ESTIMATE,estimated,-0.14092694227703328,9.585921150980042,-2.0365461012526067,0.0011052454035099185,0.18248133873775468,0.008181563913041805
31696472,1789117054193000000,2274,HEAD_POSE_ESTIMATE,estimated,-0.17428337268751992,9.592784140553526,-2.0347095297699025,-0.004098678475909735,0.17920582864491366,0.0019462316409898208
31706472,1789117054203000000,2275,HEAD_POSE_ESTIMATE,estimated,-0.2068292900430875,9.599375690861473,-2.0313010974544468,-0.005732068951922742,0.1741772627633885,-0.004897265193478893
31722472,1789117054219000000,2276,HEAD_POSE_ESTIMATE,estimated,-0.26414612019815786,9.5942939846224,-2.033539947501439,-0.0036732348527145223,0.16312823471379903,-0.01754634807805965
31732472,1789117054229000000,2277,HEAD_POSE_ESTIMATE,estimated,-0.2854238649520944,9.58372138910882,-2.035732183418229,-0.00048826065015829885,0.1552227388303972,-0.032436669754000794
31746472,1789117054243000000,2278,HEAD_POSE_ESTIMATE,estimated,-0.3484185218979949,9.578516532772982,-2.035828650543878,0.005530432393541155,0.14649768423698875,-0.05298112450706296
31760472,1789117054257000000,2279,HEAD_POSE_ESTIMATE,estimated,-0.40089208874162036,9.569202385863159,-2.035932863041944,0.011859152407695889,0.1352420447601473,-0.06943066596200699
31774472,1789117054271000000,2280,HEAD_POSE_ESTIMATE,estimated,-0.44545775495718365,9.571476571653891,-2.0458416711265173,0.017725235742449736,0.12542000688461108,-0.08212041255282686
31789472,1789117054286000000,2281,HEAD_POSE_ESTIMATE,estimated,-0.4832669434812723,9.575490371954485,-2.0574251314543943,0.0177827744706569,0.11258891498919464,-0.08681599977497226
31803472,1789117054300000000,2282,HEAD_POSE_ESTIMATE,estimated,-0.46684577408170574,9.57714644588529,-2.0777610512586553,0.014469061765365155,0.10144892881185816,-0.08516380230136063
31819472,1789117054316000000,2283,HEAD_POSE_ESTIMATE,estimated,-0.46715362077931943,9.566146727181483,-2.0931567042312733,0.009889582495431344,0.09110639675698401,-0.0742329260532751
31830472,1789117054327000000,2284,HEAD_POSE_ESTIMATE,estimated,-0.4797537684730779,9.550874347268492,-2.10339876607023,0.009109062776391542,0.08118027988636156,-0.062027934263623546
31844472,1789117054341000000,2285,HEAD_POSE_ESTIMATE,estimated,-0.46623596396884165,9.546335138871465,-2.119873971241837,0.010421451880091678,0.07016563899080694,-0.04839048060840838
31858472,1789117054355000000,2286,HEAD_POSE_ESTIMATE,estimated,-0.4814013499187222,9.54636969972375,-2.128277229567842,0.013022958227244266,0.05388062942337983,-0.03997294134211547
31872472,1789117054369000000,2287,HEAD_POSE_ESTIMATE,estimated,-0.5111928323791475,9.557423327138926,-2.141187027244013,0.020069998537739303,0.03886575383481628,-0.03321786311034964
31885472,1789117054382000000,2288,HEAD_POSE_ESTIMATE,estimated,-0.5347260644301961,9.57056873330251,-2.1637807163501064,0.028364591354798095,0.023391612941474453,-0.03455519319871527
31900472,1789117054397000000,2289,HEAD_POSE_ESTIMATE,estimated,-0.5628659290090019,9.576220891847985,-2.2089003178590363,0.03819358606510572,0.003854789157404396,-0.041355618387627226
31914472,1789117054411000000,2290,HEAD_POSE_ESTIMATE,estimated,-0.5952604065797189,9.591867628343016,-2.255847543171552,0.04361346328610296,-0.015136740057227193,-0.06030833881550808
31929472,1789117054426000000,2291,HEAD_POSE_ESTIMATE,estimated,-0.6365395066574474,9.618508420950505,-2.3094387589584473,0.050062789108830066,-0.03556254402374003,-0.08346657632577313
31943472,1789117054440000000,2292,HEAD_POSE_ESTIMATE,estimated,-0.6808275950741909,9.642218749838186,-2.340114326795403,0.0545820819802332,-0.054336909577573485,-0.1052614821102723
31956472,1789117054453000000,2293,HEAD_POSE_ESTIMATE,estimated,-0.743471595401725,9.654713381910373,-2.364943618671005,0.05853236403711792,-0.07055249590831465,-0.12118105969459461
31971472,1789117054468000000,2294,HEAD_POSE_ESTIMATE,estimated,-0.8013017102679661,9.655527079200704,-2.383743133806461,0.06422488926658426,-0.08349506387071001,-0.1296450155176485
31986472,1789117054483000000,2295,HEAD_POSE_ESTIMATE,estimated,-0.8703810446581539,9.64463690168234,-2.383526646693252,0.07004780957303641,-0.08506068920582,-0.12691416541639208
31999472,1789117054496000000,2296,HEAD_POSE_ESTIMATE,estimated,-0.9063034478367935,9.660386848364645,-2.3765618815426452,0.07739826986061168,-0.08302375249917207,-0.11312733083378847
32009472,1789117054506000000,2297,HEAD_POSE_ESTIMATE,estimated,-0.9376071111669197,9.662227417689703,-2.3798124340408626,0.08117735116389498,-0.07377990118820796,-0.09603668039089601
32024472,1789117054521000000,2298,HEAD_POSE_ESTIMATE,estimated,-0.9671650298044783,9.631287952957818,-2.3825060831271685,0.08228754974900497,-0.05551065723321996,-0.0726245693399172
32037472,1789117054534000000,2299,HEAD_POSE_ESTIMATE,estimated,-1.0034463564070217,9.597516117418044,-2.368263416706655,0.07702795456283343,-0.035233836739644385,-0.05045628972877076
32052472,1789117054549000000,2300,HEAD_POSE_ESTIMATE,estimated,-1.013801553257096,9.566425534218327,-2.373936059377904,0.06895758518275512,-0.012559816747162552,-0.03594413271249045
32065472,1789117054562000000,2301,HEAD_POSE_ESTIMATE,estimated,-1.0229665742004794,9.545600666214975,-2.3881467461828843,0.05922981265665625,0.007379264973422444,-0.03456729520241404
32079472,1789117054576000000,2302,HEAD_POSE_ESTIMATE,estimated,-1.0305328425941904,9.525919475089438,-2.38531654091294,0.051802240092287496,0.02963843117544697,-0.03909096574590311
32094472,1789117054591000000,2303,HEAD_POSE_ESTIMATE,estimated,-1.0403774762665567,9.4826513171391,-2.398553111725435,0.04974144782075478,0.04662787290077214,-0.05238802445014931
32108472,1789117054605000000,2304,HEAD_POSE_ESTIMATE,estimated,-1.0284926194953274,9.432036825846243,-2.4051494615184206,0.05973429690987587,0.059453950601804605,-0.0619089763797339
32121472,1789117054618000000,2305,HEAD_POSE_ESTIMATE,estimated,-1.0167673398629016,9.381251624167872,-2.4098234265654526,0.0727819790226936,0.06931695771577692,-0.06866711549590314
32135472,1789117054632000000,2306,HEAD_POSE_ESTIMATE,estimated,-1.0282737168019564,9.35798327228619,-2.414804970418459,0.08925595631216472,0.07820337564501906,-0.07196608147075378
32151472,1789117054648000000,2307,HEAD_POSE_ESTIMATE,estimated,-1.0307157511174958,9.328697440441909,-2.4092616106955274,0.09857834738831982,0.08640435377900764,-0.07439087507220318
32163472,1789117054660000000,2308,HEAD_POSE_ESTIMATE,estimated,-1.0325985494404888,9.30119413350266,-2.40429277619599,0.10196566383589246,0.09256690474870305,-0.07262643028135095
32176472,1789117054673000000,2309,HEAD_POSE_ESTIMATE,estimated,-1.0036428802418813,9.287604596037093,-2.4092158616256523,0.09396495718480179,0.09603523400160284,-0.06795582141407716
32191472,1789117054688000000,2310,HEAD_POSE_ESTIMATE,estimated,-0.9743914727775648,9.293826172693068,-2.4066351647619797,0.07812252647451622,0.0973482740983941,-0.058772252958900824
32205472,1789117054702000000,2311,HEAD_POSE_ESTIMATE,estimated,-0.9442646223882264,9.338266607201072,-2.408927849667617,0.059450980723965104,0.09411208017743986,-0.04952449324224106
32219472,1789117054716000000,2312,HEAD_POSE_ESTIMATE,estimated,-0.9191952403070136,9.426676269285627,-2.401971006736213,0.04161123176782343,0.08946399021121504,-0.04185920480835376
32234472,1789117054731000000,2313,HEAD_POSE_ESTIMATE,estimated,-0.9076871682990719,9.534851330170747,-2.4108494419169753,0.030255184677193018,0.08046246877407982,-0.03444955574006676
32246472,1789117054743000000,2314,HEAD_POSE_ESTIMATE,estimated,-0.9138377685522752,9.627590289749813,-2.4143339960253005,0.026976625878559982,0.07130657747312696,-0.03293255687438803
32261472,1789117054758000000,2315,HEAD_POSE_ESTIMATE,estimated,-0.9135350114937197,9.724182663428634,-2.4283627015460105,0.03647192720542802,0.061512624608415674,-0.04529570686115867
32275472,1789117054772000000,2316,HEAD_POSE_ESTIMATE,estimated,-0.9148263710936384,9.801374062257546,-2.4775723512371552,0.05435897553257266,0.052905541546915597,-0.05473866244578978
32290472,1789117054787000000,2317,HEAD_POSE_ESTIMATE,estimated,-0.9078319699839519,9.835702468949503,-2.5128906620002875,0.08205907558220445,0.045637010635788386,-0.06147606017647058
32303472,1789117054800000000,2318,HEAD_POSE_ESTIMATE,estimated,-0.8941135771381865,9.817223369084601,-2.529063465915996,0.10888826253239343,0.040190055936465324,-0.06330168530131339
32317472,1789117054814000000,2319,HEAD_POSE_ESTIMATE,estimated,-0.8705422370887972,9.744337746453148,-2.5315872454207646,0.12969951343960273,0.03593235447095359,-0.05286750193123373
32331472,1789117054828000000,2320,HEAD_POSE_ESTIMATE,estimated,-0.8370047439313428,9.679183450389896,-2.516045164482459,0.1391122948260629,0.033559865337133565,-0.030918655344709882
32346472,1789117054843000000,2321,HEAD_POSE_ESTIMATE,estimated,-0.8088301797315647,9.587565418822551,-2.515092331413302,0.14216584902103813,0.027983915182926745,-0.004605334780314873
32359472,1789117054856000000,2322,HEAD_POSE_ESTIMATE,estimated,-0.7814383489073864,9.52338916466385,-2.536858856194875,0.1358328577370332,0.02316070007500767,0.025858769034511463
32374472,1789117054871000000,2323,HEAD_POSE_ESTIMATE,estimated,-0.7119889314971413,9.44198451035853,-2.520540852311907,0.12794953487579547,0.013107743843663458,0.059807694771475996
32386472,1789117054883000000,2324,HEAD_POSE_ESTIMATE,estimated,-0.6447248925846513,9.391698523510634,-2.4624521689059162,0.12114358704638357,0.001651497318878109,0.08089604424586185
32400472,1789117054897000000,2325,HEAD_POSE_ESTIMATE,estimated,-0.563837074808114,9.363025024235737,-2.4235123312940043,0.11437234546698533,-0.012024325256164791,0.09199119091415263
32414472,1789117054911000000,2326,HEAD_POSE_ESTIMATE,estimated,-0.5084665329016392,9.359762580585592,-2.4424033920359145,0.10687351352291238,-0.02498382861351597,0.09432667916484677
32428472,1789117054925000000,2327,HEAD_POSE_ESTIMATE,estimated,-0.4668870042054437,9.382345908674589,-2.46273383980676,0.09885315099215614,-0.04083560717750667,0.0837362555557072
32443472,1789117054940000000,2328,HEAD_POSE_ESTIMATE,estimated,-0.4518543451791641,9.410959557881243,-2.4867215924729646,0.09304777414901443,-0.05567730765384795,0.06282559910625775
32456472,1789117054953000000,2329,HEAD_POSE_ESTIMATE,estimated,-0.43687552684651365,9.441960583145887,-2.502525206491614,0.09570235382556481,-0.06786746954730677,0.034885692961789234
32468472,1789117054965000000,2330,HEAD_POSE_ESTIMATE,estimated,-0.4528752805628377,9.464073003173803,-2.520200787406243,0.10092754374950433,-0.07624433858045068,0.0146102926693893
32483472,1789117054980000000,2331,HEAD_POSE_ESTIMATE,estimated,-0.4485983986227118,9.463613342210362,-2.5244715377292692,0.10526215775353452,-0.08408358914167711,-0.0016744015268272548
32502472,1789117054999000000,2332,HEAD_POSE_ESTIMATE,estimated,-0.45282187877244684,9.47519269744641,-2.5139911772249026,0.10995725363631022,-0.08778603127419492,-0.018109813203509365
32516472,1789117055013000000,2333,HEAD_POSE_ESTIMATE,estimated,-0.4518982386918974,9.473160282741375,-2.5000786721371013,0.10708262301382072,-0.09203703149513737,-0.024071335286018562
32524472,1789117055021000000,2334,HEAD_POSE_ESTIMATE,estimated,-0.45214418057505223,9.464160687148105,-2.500413961486598,0.10409231309473721,-0.09338050186128587,-0.023617879844958747
32538472,1789117055035000000,2335,HEAD_POSE_ESTIMATE,estimated,-0.4715765648362175,9.461910798656323,-2.483648106898673,0.09626549670290646,-0.09833135188817105,-0.029223862541115243
32552472,1789117055049000000,2336,HEAD_POSE_ESTIMATE,estimated,-0.5072442231333633,9.463489707486302,-2.4774368288621944,0.08601928544517634,-0.10589606323214389,-0.03658495839362275
32566472,1789117055063000000,2337,HEAD_POSE_ESTIMATE,estimated,-0.5445768703438522,9.480836791063357,-2.478231893121153,0.07356626978727061,-0.11203875363647074,-0.039042283405814115
32580472,1789117055077000000,2338,HEAD_POSE_ESTIMATE,estimated,-0.5826096663789274,9.51752360488728,-2.4586217761663938,0.05946333617832639,-0.11658196494965162,-0.03822386445864804
32594472,1789117055091000000,2339,HEAD_POSE_ESTIMATE,estimated,-0.6032435904981605,9.513447882909103,-2.409475237094769,0.04333462046752205,-0.11729366292081092,-0.025288700914120704
32608472,1789117055105000000,2340,HEAD_POSE_ESTIMATE,estimated,-0.6258934002989931,9.507045842635081,-2.360948995207857,0.02688680042307951,-0.11494716544907772,-0.004886073099416065
32622472,1789117055119000000,2341,HEAD_POSE_ESTIMATE,estimated,-0.6705737276105947,9.482397709379777,-2.3959988648245183,0.017104866360615027,-0.10771392019164071,0.015823080551577037
32636472,1789117055133000000,2342,HEAD_POSE_ESTIMATE,estimated,-0.7015326438222542,9.470151617390647,-2.3961883499832823,0.011425406788184789,-0.10027705427918321,0.022028043074055335
32650472,1789117055147000000,2343,HEAD_POSE_ESTIMATE,estimated,-0.7167044307862679,9.472224149162148,-2.4092296988735384,0.007314946340003636,-0.08909486574431859,0.03109045731293792
32664472,1789117055161000000,2344,HEAD_POSE_ESTIMATE,estimated,-0.7101955060728611,9.449281909699705,-2.3901953645285827,0.0032040143299311916,-0.0756707215454627,0.027086904655602075
32677472,1789117055174000000,2345,HEAD_POSE_ESTIMATE,estimated,-0.6973075397270636,9.425076869208647,-2.395134112277871,-0.0008882103149385434,-0.061182333170896636,0.021418317519285385
32692472,1789117055189000000,2346,HEAD_POSE_ESTIMATE,estimated,-0.6761373010094669,9.396384270942196,-2.372780098030918,0.0003767324324559353,-0.044763595010754706,0.017714949371772055
32706472,1789117055203000000,2347,HEAD_POSE_ESTIMATE,estimated,-0.6623807512047507,9.361138671977896,-2.33827661644561,-0.003033650063378915,-0.028402807005955398,0.013488458833826001
32718472,1789117055215000000,2348,HEAD_POSE_ESTIMATE,estimated,-0.6580568356153345,9.373136907585996,-2.280103877193724,-0.0058685489845868135,-0.019822583271089166,0.012529449092679253
32733472,1789117055230000000,2349,HEAD_POSE_ESTIMATE,estimated,-0.6345927903494507,9.389211700481232,-2.222480529986664,-0.026977684427341664,-0.006215435062624067,-5.3907628842190855e-05
32748472,1789117055245000000,2350,HEAD_POSE_ESTIMATE,estimated,-0.5926550215540007,9.43576269436595,-2.152772193742124,-0.06794628389663004,0.012739531703209917,-0.017640771094568124
32763472,1789117055260000000,2351,HEAD_POSE_ESTIMATE,estimated,-0.5369571666273052,9.505254857203502,-2.103244939427829,-0.11228025831908252,0.03679052238557725,-0.027970496002740132
32777472,1789117055274000000,2352,HEAD_POSE_ESTIMATE,estimated,-0.48693203091532233,9.579416484666911,-2.0728287701553536,-0.1651444560541311,0.06588022190677467,-0.02985831810865704
32788472,1789117055285000000,2353,HEAD_POSE_ESTIMATE,estimated,-0.4556562949034684,9.631630400204635,-2.0517123911576376,-0.20033324325327911,0.09212018766662403,-0.025962804817076773
32802472,1789117055299000000,2354,HEAD_POSE_ESTIMATE,estimated,-0.44152755288337764,9.680036961646085,-1.9789584892598524,-0.21213020269290045,0.1155399484826693,-0.02046882279154772
32816472,1789117055313000000,2355,HEAD_POSE_ESTIMATE,estimated,-0.4394304653061765,9.664339381696172,-1.946217849523114,-0.19274716091462357,0.13573197517462854,-0.012878678358272428
32830472,1789117055327000000,2356,HEAD_POSE_ESTIMATE,estimated,-0.4704941220534472,9.689279150418162,-1.8928303169374001,-0.1477086791841372,0.1424276487293005,-0.0031452802489720794
32843472,1789117055340000000,2357,HEAD_POSE_ESTIMATE,estimated,-0.4654891250479404,9.726069569992845,-1.867000852785519,-0.09641868764482217,0.13932863125131437,0.0034030358663850913
32858472,1789117055355000000,2358,HEAD_POSE_ESTIMATE,estimated,-0.4565893268230844,9.778124834193042,-1.893861211517669,-0.027075288228316695,0.12641820001313536,0.010250092719803632
32871472,1789117055368000000,2359,HEAD_POSE_ESTIMATE,estimated,-0.4480819086248273,9.753207617502923,-1.923908414190779,0.04403433783398249,0.10300112070443576,0.012131752989156626
32885472,1789117055382000000,2360,HEAD_POSE_ESTIMATE,estimated,-0.46725326297324765,9.691907340568143,-2.0400267607449694,0.11287026692759373,0.08126648789071092,0.020941901864288417
32899472,1789117055396000000,2361,HEAD_POSE_ESTIMATE,estimated,-0.4827270755962274,9.619819633299626,-2.0807413880143444,0.1624530120485731,0.049981941962479334,0.009385100171978161
32913472,1789117055410000000,2362,HEAD_POSE_ESTIMATE,estimated,-0.5077636977236079,9.590162364372429,-2.1638215324089747,0.18573313721801427,0.02688611667957702,-0.003661672156966861
32927472,1789117055424000000,2363,HEAD_POSE_ESTIMATE,estimated,-0.5575955392933294,9.567872298449744,-2.2293959968829014,0.19696949471755731,0.0025890208152748056,-0.015953505917782034
32943472,1789117055440000000,2364,HEAD_POSE_ESTIMATE,estimated,-0.6044942827163086,9.568361922837717,-2.2928708462133778,0.18660120156017604,-0.017250595062673332,-0.028297142693605955
32956472,1789117055453000000,2365,HEAD_POSE_ESTIMATE,estimated,-0.6306560831103406,9.553902625118019,-2.353619303716009,0.1781227366292493,-0.032979756397249496,-0.019022838575074863
32969472,1789117055466000000,2366,HEAD_POSE_ESTIMATE,estimated,-0.6606474721102675,9.547791964472143,-2.407717938782044,0.17227121045766203,-0.04684522522913617,-0.009114704802369507
32986472,1789117055483000000,2367,HEAD_POSE_ESTIMATE,estimated,-0.6946499184277414,9.527472101498047,-2.4801239616952535,0.17477803177433548,-0.06079981622013615,-0.007095193783748395
33009472,1789117055506000000,2368,HEAD_POSE_ESTIMATE,estimated,-0.7249771123345191,9.528972525405637,-2.5256571343697978,0.19734656303958656,-0.0783164719947316,-0.03013141776346132
33024472,1789117055521000000,2369,HEAD_POSE_ESTIMATE,estimated,-0.7466565512260241,9.517603263206599,-2.5772783842469154,0.19347983084151463,-0.0766158679795825,-0.03760533492677846
33037472,1789117055534000000,2370,HEAD_POSE_ESTIMATE,estimated,-0.7622557900676742,9.50177139531528,-2.597374322741906,0.18390607989592803,-0.07286502099301741,-0.03797199112733179
33051472,1789117055548000000,2371,HEAD_POSE_ESTIMATE,estimated,-0.7697569670741318,9.526571821434882,-2.610404894049719,0.17129580925482707,-0.05853171907019249,-0.030258778461020708
33066472,1789117055563000000,2372,HEAD_POSE_ESTIMATE,estimated,-0.7793590950300063,9.517303347598615,-2.6229095427136198,0.1623363574333905,-0.03592739016688813,-0.01148221267318638
33078472,1789117055575000000,2373,HEAD_POSE_ESTIMATE,estimated,-0.7831356891967349,9.50236027936317,-2.6281467702395305,0.1568074550190475,-0.013456814189797658,0.009000283540941349
33093472,1789117055590000000,2374,HEAD_POSE_ESTIMATE,estimated,-0.7706483843240389,9.444597036168577,-2.6151319204397945,0.15047298512566337,0.008897647162808657,0.02768542280034438
33109472,1789117055606000000,2375,HEAD_POSE_ESTIMATE,estimated,-0.7153144986731523,9.428822624953032,-2.5981325545284646,0.14066195894483804,0.0256780308433345,0.03400946609315649
33121472,1789117055618000000,2376,HEAD_POSE_ESTIMATE,estimated,-0.6965218574783377,9.414678885144896,-2.636208399095434,0.13432162923941998,0.02547921888504339,0.022330304943099285
33134472,1789117055631000000,2377,HEAD_POSE_ESTIMATE,estimated,-0.6646714038829494,9.385539829203497,-2.6938421439115117,0.13608795905069102,0.018971990446392164,0.0035157920821654474
33148472,1789117055645000000,2378,HEAD_POSE_ESTIMATE,estimated,-0.6534621157516753,9.33030836200006,-2.6969348610748876,0.12826336562565682,0.013609718142221356,-0.010354499113948047
33162472,1789117055659000000,2379,HEAD_POSE_ESTIMATE,estimated,-0.6455729135263474,9.270714802499766,-2.6953281939071427,0.11793710361801159,0.005190938082026783,-0.02255447802858095
33177472,1789117055674000000,2380,HEAD_POSE_ESTIMATE,estimated,-0.6370843788305639,9.218479402089647,-2.6890855467346966,0.10150570048085862,-0.008303086138722628,-0.035810215164181224
33192472,1789117055689000000,2381,HEAD_POSE_ESTIMATE,estimated,-0.6595623918686069,9.198064642140366,-2.7506388581224264,0.08194401562829426,-0.018903610082385718,-0.034854123834934005
33205472,1789117055702000000,2382,HEAD_POSE_ESTIMATE,estimated,-0.6641796262923667,9.196582497122204,-2.7900958430605343,0.06273829342231634,-0.032962793074530664,-0.02639679008704715
33221472,1789117055718000000,2383,HEAD_POSE_ESTIMATE,estimated,-0.6462544083193881,9.198397546413789,-2.83439999684705,0.04245378773295214,-0.04752936064367806,0.0023608962128083937
33234472,1789117055731000000,2384,HEAD_POSE_ESTIMATE,estimated,-0.6389632801437426,9.183219913545638,-2.8644815195214415,0.0363207311056371,-0.06131654772471347,0.021816927233215173
33251472,1789117055748000000,2385,HEAD_POSE_ESTIMATE,estimated,-0.6271173599946714,9.169586199810588,-2.876437666477831,0.0355265537013707,-0.07762745272761773,0.029613086275776787
33266472,1789117055763000000,2386,HEAD_POSE_ESTIMATE,estimated,-0.6491307460470969,9.170159633509815,-2.850862314371748,0.037774477326856404,-0.09255882582744268,0.012975107908023632
33287472,1789117055784000000,2387,HEAD_POSE_ESTIMATE,estimated,-0.7024644561755196,9.185425558273376,-2.8698476698199418,0.034552578418504926,-0.10585471242994653,-0.010454515035499016
33301472,1789117055798000000,2388,HEAD_POSE_ESTIMATE,estimated,-0.7685121397386799,9.22999315697345,-2.888621911131287,0.02838135058523591,-0.10954099916306986,-0.036499668726897416
33315472,1789117055812000000,2389,HEAD_POSE_ESTIMATE,estimated,-0.8040757458219938,9.252346891135696,-2.8920498744767515,0.019007377235620352,-0.10780462635545356,-0.05274471257870293
33329472,1789117055826000000,2390,HEAD_POSE_ESTIMATE,estimated,-0.8449168638240013,9.26155031686135,-2.893505475819443,0.013458568531605524,-0.09972645953022125,-0.06035552854362095
33343472,1789117055840000000,2391,HEAD_POSE_ESTIMATE,estimated,-0.8770117405735791,9.258197291592811,-2.88757602697446,0.012250261717891103,-0.08700692053405192,-0.06062781761488571
33356472,1789117055853000000,2392,HEAD_POSE_ESTIMATE,estimated,-0.8895665860846486,9.222640737106103,-2.860097535273884,0.012149835781072217,-0.07371535802654296,-0.05111394493719738
33372472,1789117055869000000,2393,HEAD_POSE_ESTIMATE,estimated,-0.9177476547265789,9.210180376276593,-2.8687429317369193,0.017837151326423214,-0.058062589649264765,-0.043631370059569664
33386472,1789117055883000000,2394,HEAD_POSE_ESTIMATE,estimated,-0.9345314661037301,9.217597071770625,-2.902580289427236,0.026052668436556032,-0.0472101686252191,-0.03908307908045965
33397472,1789117055894000000,2395,HEAD_POSE_ESTIMATE,estimated,-0.962522763437791,9.257337815566755,-2.931269717587114,0.03181635336262334,-0.034322277714725104,-0.032451441190443304
33412472,1789117055909000000,2396,HEAD_POSE_ESTIMATE,estimated,-1.003371772450026,9.314185054462822,-3.0165647880380546,0.0451553853392507,-0.02728817951874913,-0.03086442310303273
33429472,1789117055926000000,2397,HEAD_POSE_ESTIMATE,estimated,-1.0153780982906575,9.357119454406915,-3.0584106510393956,0.060764442819201334,-0.01783187157875023,-0.029483797693840547
33442472,1789117055939000000,2398,HEAD_POSE_ESTIMATE,estimated,-1.0211155336324402,9.378265653875248,-3.084885315868092,0.07180083799631508,-0.012622664386703668,-0.02896304686918721
33454472,1789117055951000000,2399,HEAD_POSE_ESTIMATE,estimated,-1.029154009415329,9.387510599978736,-3.122378024614356,0.07562319426650806,-0.009030443759396769,-0.02581813600685133
33468472,1789117055965000000,2400,HEAD_POSE_ESTIMATE,estimated,-1.02515496506873,9.400449475051929,-3.157026987579843,0.07481608321417525,-0.005932245011567566,-0.01608389132620338
33482472,1789117055979000000,2401,HEAD_POSE_ESTIMATE,estimated,-1.0084290703960035,9.411724326885453,-3.174258540922154,0.0722422590864837,-0.0022918060863003496,-0.0017810060901370295
33496472,1789117055993000000,2402,HEAD_POSE_ESTIMATE,estimated,-0.9984848874638594,9.470801232105186,-3.223370055111318,0.06836834875247212,0.0007940515162071543,0.015309623050758734
33510472,1789117056007000000,2403,HEAD_POSE_ESTIMATE,estimated,-0.9661493119830667,9.508076513034,-3.2673074581243102,0.06225798397053865,0.006134643871680552,0.03060581626566473
33524472,1789117056021000000,2404,HEAD_POSE_ESTIMATE,estimated,-0.9267296211073675,9.53332659607389,-3.2964036754442096,0.0541503084343728,0.012781488626880453,0.044770903327811855
33539472,1789117056036000000,2405,HEAD_POSE_ESTIMATE,estimated,-0.8664394067379522,9.475082654304346,-3.303857541906828,0.052795167543580816,0.023684108710571236,0.058164748105595326
33552472,1789117056049000000,2406,HEAD_POSE_ESTIMATE,estimated,-0.8166042917762284,9.397079862884684,-3.2970490999858564,0.05287491896941604,0.03286570615885605,0.06532500281333642
33563472,1789117056060000000,2407,HEAD_POSE_ESTIMATE,estimated,-0.7755841698015467,9.31686907863818,-3.294290317342135,0.04631399972620579,0.03977040135693581,0.06809472210684729
33577472,1789117056074000000,2408,HEAD_POSE_ESTIMATE,estimated,-0.7203152041702064,9.250572580637415,-3.2604406119780633,0.03433618606570815,0.04873689398630475,0.07079241234499059
33591472,1789117056088000000,2409,HEAD_POSE_ESTIMATE,estimated,-0.6768499774405999,9.216127686034001,-3.2272845502472225,0.01107839817947029,0.054752484525359475,0.06926115905447647
33605472,1789117056102000000,2410,HEAD_POSE_ESTIMATE,estimated,-0.641115026545382,9.215934182961062,-3.1952113508947404,-0.01989749891874342,0.05967998461967317,0.06418038982152169
33620472,1789117056117000000,2411,HEAD_POSE_ESTIMATE,estimated,-0.6155946628014701,9.229229616509715,-3.170045952327463,-0.0528392077186763,0.06231525261617541,0.05593897064898564
33633472,1789117056130000000,2412,HEAD_POSE_ESTIMATE,estimated,-0.5864921297996881,9.226809781869093,-3.1452254826655555,-0.08992092834906454,0.06609432677600612,0.04940487283238435
33647472,1789117056144000000,2413,HEAD_POSE_ESTIMATE,estimated,-0.5559298800591507,9.23560912581441,-3.100888724395121,-0.12300958576177104,0.06850684075659529,0.04419926554804791
33662472,1789117056159000000,2414,HEAD_POSE_ESTIMATE,estimated,-0.5285504467651942,9.26169025544297,-3.0339793969998725,-0.14798528667887326,0.06757176047378619,0.03334172135789322
33674472,1789117056171000000,2415,HEAD_POSE_ESTIMATE,estimated,-0.5238105387654131,9.256350317996713,-3.0004312037630125,-0.1572456631273259,0.06797201603092698,0.0282299412246351
33689472,1789117056186000000,2416,HEAD_POSE_ESTIMATE,estimated,-0.5178211688960129,9.293344800800371,-2.909024363865851,-0.16355028693581092,0.0641854961007166,0.014028515614438066
33703472,1789117056200000000,2417,HEAD_POSE_ESTIMATE,estimated,-0.525508902452323,9.343703746877676,-2.8652057467485275,-0.1620411270611689,0.05697292968399098,-0.0034747704811442645
33717472,1789117056214000000,2418,HEAD_POSE_ESTIMATE,estimated,-0.5467764257338049,9.427669636992983,-2.845022868569093,-0.1564836793905406,0.04892089116118244,-0.02778160783232477
33730472,1789117056227000000,2419,HEAD_POSE_ESTIMATE,estimated,-0.5617185764923829,9.484752828428059,-2.8229190422393042,-0.14223382468368526,0.03681527290719879,-0.051262645139241836
33745472,1789117056242000000,2420,HEAD_POSE_ESTIMATE,estimated,-0.5925333452993375,9.487313729941254,-2.801976916275735,-0.13027603258133155,0.021946954356807973,-0.07578785390067913
33758472,1789117056255000000,2421,HEAD_POSE_ESTIMATE,estimated,-0.6131334302127921,9.452065004579374,-2.757151265910112,-0.12095282310834446,0.007012822687490735,-0.09142675562301632
33773472,1789117056270000000,2422,HEAD_POSE_ESTIMATE,estimated,-0.6353858641120276,9.420501068533643,-2.7169957232167126,-0.11071152200740435,-0.0071574261371665894,-0.09954081723031183
33787472,1789117056284000000,2423,HEAD_POSE_ESTIMATE,estimated,-0.688370911727632,9.405277925466262,-2.6696314882084473,-0.09956380743375798,-0.020018949411196675,-0.09821562036558383
33803472,1789117056300000000,2424,HEAD_POSE_ESTIMATE,estimated,-0.7238220047768351,9.4125312927026,-2.614166628551354,-0.09516727082108137,-0.03380182404788857,-0.09069617020891184
33814472,1789117056311000000,2425,HEAD_POSE_ESTIMATE,estimated,-0.7392747743501473,9.42690274175886,-2.5766292406120166,-0.08793352970258228,-0.041501540222192344,-0.08449445605858649
33829472,1789117056326000000,2426,HEAD_POSE_ESTIMATE,estimated,-0.7315461267610317,9.430661058379771,-2.539991719896606,-0.08217946332579644,-0.04942007629732459,-0.07006741888044397
33842472,1789117056339000000,2427,HEAD_POSE_ESTIMATE,estimated,-0.7187741752846862,9.435179515847317,-2.5137866894120844,-0.07509748128734046,-0.053498117588467835,-0.05035949294490337
33857472,1789117056354000000,2428,HEAD_POSE_ESTIMATE,estimated,-0.6988675703385854,9.414204414806344,-2.5013360640356375,-0.07075787727867144,-0.057809029515802815,-0.021375697078161622
33871472,1789117056368000000,2429,HEAD_POSE_ESTIMATE,estimated,-0.6847072645229422,9.39866665727372,-2.4748910538162847,-0.06935713939613436,-0.0599439071134873,0.006890457909901232
33884472,1789117056381000000,2430,HEAD_POSE_ESTIMATE,estimated,-0.6746744768074544,9.390225878064141,-2.430927008503552,-0.06538577927961013,-0.06052853294519803,0.03186645510501548
33898472,1789117056395000000,2431,HEAD_POSE_ESTIMATE,estimated,-0.6786210522626713,9.380947450075272,-2.4070229256198976,-0.06205814964706709,-0.06082399296774439,0.041952843497603705
33912472,1789117056409000000,2432,HEAD_POSE_ESTIMATE,estimated,-0.6766023329904347,9.401079790106483,-2.3747441750619736,-0.04928093322476746,-0.05750044836755185,0.04453824160088698
33926472,1789117056423000000,2433,HEAD_POSE_ESTIMATE,estimated,-0.6653899670103344,9.432202214280434,-2.376743976793817,-0.035223245085208216,-0.05143136499596884,0.03763397647505979
33942472,1789117056439000000,2434,HEAD_POSE_ESTIMATE,estimated,-0.6648729745788625,9.476209189067372,-2.3902543196875934,-0.014346309094071608,-0.043010497686065,0.02772397432496962
33954472,1789117056451000000,2435,HEAD_POSE_ESTIMATE,estimated,-0.6584760280948042,9.49135156591767,-2.394649261477563,7.356425812121566e-05,-0.03562204926987197,0.0010319430123955401
33967472,1789117056464000000,2436,HEAD_POSE_ESTIMATE,estimated,-0.6634662513132723,9.480434039073263,-2.419007431521296,0.0161619790998144,-0.027578006591810398,-0.02023893928642206
33982472,1789117056479000000,2437,HEAD_POSE_ESTIMATE,estimated,-0.6753551882008196,9.482629862638078,-2.445630775890173,0.026273751732864933,-0.01688928951620894,-0.03582414465809537
33996472,1789117056493000000,2438,HEAD_POSE_ESTIMATE,estimated,-0.6973169286230511,9.486933367624511,-2.4767798908233263,0.029774434070585224,-0.008700436764473728,-0.0433361100964612
34010472,1789117056507000000,2439,HEAD_POSE_ESTIMATE,estimated,-0.7089048361244424,9.478070839877102,-2.493671259715984,0.03395038778895427,0.0039271587846062585,-0.031061478658049185
34027472,1789117056524000000,2440,HEAD_POSE_ESTIMATE,estimated,-0.7078393761421549,9.456483624462715,-2.4976523684363086,0.0398500481236261,0.016648382996197156,-0.011561833475807292
34041472,1789117056538000000,2441,HEAD_POSE_ESTIMATE,estimated,-0.7074638856107639,9.443674495015019,-2.4938891622914583,0.048085504522783484,0.025804534973755126,0.018820562249091285
34051472,1789117056548000000,2442,HEAD_POSE_ESTIMATE,estimated,-0.7051424471891214,9.427139407746292,-2.4906032752355505,0.055646061251954856,0.030278360476224914,0.04105111339702436
34070472,1789117056567000000,2443,HEAD_POSE_ESTIMATE,estimated,-0.6902151483107631,9.3940479378006,-2.512720210126017,0.05912036880822209,0.02627311502225859,0.03588234321316165
34083472,1789117056580000000,2444,HEAD_POSE_ESTIMATE,estimated,-0.6908689259129519,9.386868202140217,-2.5315215511629368,0.05723704642429575,0.02080618019446497,0.02935783388469872
34095472,1789117056592000000,2445,HEAD_POSE_ESTIMATE,estimated,-0.6950221208882184,9.370039332845089,-2.534641501383865,0.05812605952688667,0.017383482099781657,0.024978373023352162
34105472,1789117056602000000,2446,HEAD_POSE_ESTIMATE,estimated,-0.6999673817348754,9.368729206465298,-2.5469388829596555,0.044467424397094765,0.009844959925650165,0.0036204083951474654
34120472,1789117056617000000,2447,HEAD_POSE_ESTIMATE,estimated,-0.7498972198900644,9.369851487160505,-2.5478119269808976,0.03325912225307527,0.0010422097457979645,-0.019469106536258322
34134472,1789117056631000000,2448,HEAD_POSE_ESTIMATE,estimated,-0.7786382739782687,9.378557594548534,-2.5480177451007195,0.02731117444737199,-0.0065492449263558974,-0.04438279922792991
34149472,1789117056646000000,2449,HEAD_POSE_ESTIMATE,estimated,-0.8311996533663225,9.414582383539148,-2.554120980094432,0.028135083310547395,-0.01244715608278987,-0.06096615088851439
34162472,1789117056659000000,2450,HEAD_POSE_ESTIMATE,estimated,-0.8543241154777204,9.444231563687538,-2.569760036667982,0.030813813333618406,-0.014080085499398421,-0.06321624240832864
34176472,1789117056673000000,2451,HEAD_POSE_ESTIMATE,estimated,-0.8451072436355732,9.453168043972918,-2.57066869528146,0.03803312475786877,-0.012976285694109215,-0.0511995758652838
34190472,1789117056687000000,2452,HEAD_POSE_ESTIMATE,estimated,-0.8409017745383592,9.452237118299275,-2.5866278298749417,0.03673985697513118,-0.011538176143347312,-0.042879522188599264
34203472,1789117056700000000,2453,HEAD_POSE_ESTIMATE,estimated,-0.8369750114234635,9.456205297259357,-2.621758250935178,0.038914574721420264,-0.006345603993902902,-0.02290787593336464
34219472,1789117056716000000,2454,HEAD_POSE_ESTIMATE,estimated,-0.8175827494371269,9.4554024766362,-2.6590121709636803,0.04151978141005521,0.0013509168834089833,0.00047519101727692335
34232472,1789117056729000000,2455,HEAD_POSE_ESTIMATE,estimated,-0.8016068823827158,9.422825089103704,-2.66625665062675,0.036481320051417625,0.006224428938119896,0.011728282831489696
34246472,1789117056743000000,2456,HEAD_POSE_ESTIMATE,estimated,-0.7742718338319465,9.398693601429434,-2.649963412786498,0.02960376802540356,0.010960380305293869,0.027508324195683824
34260472,1789117056757000000,2457,HEAD_POSE_ESTIMATE,estimated,-0.7413292110043608,9.373626215671278,-2.638342550264319,0.017279443178929987,0.013540460731488905,0.037572294283943694
34274472,1789117056771000000,2458,HEAD_POSE_ESTIMATE,estimated,-0.722591527425333,9.358303596339814,-2.6356156540024522,0.009158683966440205,0.01719294282815916,0.054914820810601304
34289472,1789117056786000000,2459,HEAD_POSE_ESTIMATE,estimated,-0.7008529242532957,9.357517721092012,-2.6359802328848687,-0.0025417665660312527,0.018527434771190725,0.06553998927513552
34301472,1789117056798000000,2460,HEAD_POSE_ESTIMATE,estimated,-0.6916365058495321,9.360458594933448,-2.639986716056002,-0.008379169823941683,0.017915282083637477,0.06367806625660472
34315472,1789117056812000000,2461,HEAD_POSE_ESTIMATE,estimated,-0.6947810579217097,9.355521678410529,-2.6549372566264817,-0.011714117523476475,0.012992162485684305,0.04712001550231861
34329472,1789117056826000000,2462,HEAD_POSE_ESTIMATE,estimated,-0.6910876143056611,9.319942362982719,-2.6647287519328726,-0.01267949932302013,0.007310970531341717,0.027196346558811587
34343472,1789117056840000000,2463,HEAD_POSE_ESTIMATE,estimated,-0.7045258390214858,9.295375674881045,-2.6651716331170916,-0.014951136439790009,0.00253416627089346,0.003638668567637413
34357472,1789117056854000000,2464,HEAD_POSE_ESTIMATE,estimated,-0.7181303543152767,9.27844711781628,-2.660165883751328,-0.014776378959165408,0.00041368071219545445,-0.020458131133688086
34371472,1789117056868000000,2465,HEAD_POSE_ESTIMATE,estimated,-0.7370928621566701,9.275652898284617,-2.6542134350691815,-0.014421944546071007,-3.44526614977846e-05,-0.038741895089033355
34386472,1789117056883000000,2466,HEAD_POSE_ESTIMATE,estimated,-0.7734022598798165,9.28652663475549,-2.6456591364268034,-0.015205529106792523,0.0012710993906726107,-0.05307939282983363
34399472,1789117056896000000,2467,HEAD_POSE_ESTIMATE,estimated,-0.7858226853960651,9.304504367149022,-2.6531386079259325,-0.01839267735858325,0.005275356743929518,-0.056087292572011095
34412472,1789117056909000000,2468,HEAD_POSE_ESTIMATE,estimated,-0.7832169238872755,9.327853131593182,-2.6624534689709276,-0.026583887961072236,0.010657953554777498,-0.05285072285593276
34428472,1789117056925000000,2469,HEAD_POSE_ESTIMATE,estimated,-0.7571668972335072,9.35813022257156,-2.685313116799493,-0.03392235976339744,0.015793500120821653,-0.03917957743568515
34440472,1789117056937000000,2470,HEAD_POSE_ESTIMATE,estimated,-0.7338354349592775,9.379287833219344,-2.696870496962247,-0.037331243273179326,0.019261085395408353,-0.020404883925683563
34454472,1789117056951000000,2471,HEAD_POSE_ESTIMATE,estimated,-0.7165688890882624,9.399295686111195,-2.7110278350336796,-0.04291579411793149,0.02014379123201951,0.0008147577612567758
34469472,1789117056966000000,2472,HEAD_POSE_ESTIMATE,estimated,-0.6981747454115234,9.425532281736514,-2.704912139121041,-0.04641350701364366,0.017128947766240514,0.020585413005413892
34482472,1789117056979000000,2473,HEAD_POSE_ESTIMATE,estimated,-0.687870193777331,9.438675772454541,-2.70358770738385,-0.04590366553930049,0.011919446123261115,0.03256376408817437
34496472,1789117056993000000,2474,HEAD_POSE_ESTIMATE,estimated,-0.6816407013957005,9.448489802734736,-2.711569000863812,-0.04165149901016758,0.003939844757470581,0.034566211718416215
34510472,1789117057007000000,2475,HEAD_POSE_ESTIMATE,estimated,-0.6741249379245304,9.45133775441881,-2.722397172798091,-0.028278948751029768,-0.002899963134355525,0.03257384722855259
34524472,1789117057021000000,2476,HEAD_POSE_ESTIMATE,estimated,-0.6651046495164684,9.453188372650466,-2.749750591570536,-0.011742497106045094,-0.008213940076231108,0.025622964049027967
34538472,1789117057035000000,2477,HEAD_POSE_ESTIMATE,estimated,-0.6741259058409956,9.424495342703649,-2.7763789242382293,0.006544247243518295,-0.009612256562474652,0.011577069971550327
34552472,1789117057049000000,2478,HEAD_POSE_ESTIMATE,estimated,-0.6849166077735149,9.386254928992287,-2.792591777832726,0.027694365804333394,-0.012297416535392836,-0.004694994742838966
34566472,1789117057063000000,2479,HEAD_POSE_ESTIMATE,estimated,-0.7018654187491737,9.348407001658154,-2.8174459398189535,0.051054526663159766,-0.01444721265207426,-0.01928212584379993
34580472,1789117057077000000,2480,HEAD_POSE_ESTIMATE,estimated,-0.721338287093229,9.317284493679518,-2.840979948406613,0.06796081699331488,-0.017812804535056445,-0.027004192123920214
34594472,1789117057091000000,2481,HEAD_POSE_ESTIMATE,estimated,-0.7415520833043646,9.326715167920572,-2.8591097090690716,0.08678387732869218,-0.019689968368601398,-0.02500149664738936
34608472,1789117057105000000,2482,HEAD_POSE_ESTIMATE,estimated,-0.7604921442586107,9.342320626104309,-2.877338018343042,0.10288759426606534,-0.02341909002778146,-0.019465857032276115
34622472,1789117057119000000,2483,HEAD_POSE_ESTIMATE,estimated,-0.775501415251319,9.347350529030173,-2.896866810601251,0.116115228040491,-0.028893910298396087,-0.01287467518206564
34636472,1789117057133000000,2484,HEAD_POSE_ESTIMATE,estimated,-0.7833653480050223,9.341424264517446,-2.927257118186354,0.12544659669706984,-0.0361231827931884,-0.006423350060163931
34650472,1789117057147000000,2485,HEAD_POSE_ESTIMATE,estimated,-0.7836967012526822,9.343064738761253,-2.973997634705448,0.12575240863934078,-0.04315502513151512,7.512877535528031e-05
34664472,1789117057161000000,2486,HEAD_POSE_ESTIMATE,estimated,-0.7833143119070929,9.332974057755195,-2.9954570977897954,0.11928993378789818,-0.05006904326928151,0.006741177928403619
34678472,1789117057175000000,2487,HEAD_POSE_ESTIMATE,estimated,-0.7894467536993788,9.306564784185863,-3.0117401164228115,0.11010938259475161,-0.05500869842165835,0.012173233756329605
34692472,1789117057189000000,2488,HEAD_POSE_ESTIMATE,estimated,-0.7871665187315946,9.289557847742936,-3.0176270309274784,0.10354809143195216,-0.05621748084013189,0.017977525711033754
34705472,1789117057202000000,2489,HEAD_POSE_ESTIMATE,estimated,-0.7943667891505256,9.273419084711797,-3.014009890975174,0.09006302147118413,-0.05457689841439592,0.02185430175457347
34720472,1789117057217000000,2490,HEAD_POSE_ESTIMATE,estimated,-0.7816165976988895,9.25631505911645,-3.0152081402068274,0.06974114920593119,-0.04959126613834325,0.02474315325500639
34734472,1789117057231000000,2491,HEAD_POSE_ESTIMATE,estimated,-0.7695066911774108,9.282839634105757,-3.0092015015793017,0.04990085922788195,-0.041783666242613614,0.03131243720604293
34749472,1789117057246000000,2492,HEAD_POSE_ESTIMATE,estimated,-0.747914988450065,9.289882743311617,-3.006963457905875,0.029416993752315598,-0.0336850681549345,0.03748142839550533
34762472,1789117057259000000,2493,HEAD_POSE_ESTIMATE,estimated,-0.7365057002781692,9.267518728523479,-3.006559857654575,0.01571791348038538,-0.02692935088498303,0.0455675860726528
34776472,1789117057273000000,2494,HEAD_POSE_ESTIMATE,estimated,-0.7130307656472744,9.230676154818113,-2.9933380302961523,-0.0014282791405654544,-0.02061032511320466,0.04839146072407414
34790472,1789117057287000000,2495,HEAD_POSE_ESTIMATE,estimated,-0.6935686167650892,9.226945728303384,-2.973885982334586,-0.020130466833979725,-0.016372655977213758,0.04934800730998271
34805472,1789117057302000000,2496,HEAD_POSE_ESTIMATE,estimated,-0.6822921210478462,9.242899245210667,-2.9241715935214527,-0.04036791823425801,-0.011782736304121431,0.04738894773187839
34817472,1789117057314000000,2497,HEAD_POSE_ESTIMATE,estimated,-0.6775010856159295,9.271264602421077,-2.896073286112888,-0.058285549282419115,-0.010042066847791341,0.0410272271398916
34831472,1789117057328000000,2498,HEAD_POSE_ESTIMATE,estimated,-0.6796124361547481,9.28384461409071,-2.8684481296474007,-0.07624173548294651,-0.005201111079422482,0.04079520392638644
34845472,1789117057342000000,2499,HEAD_POSE_ESTIMATE,estimated,-0.7032460658821865,9.29084574546553,-2.8436457923824583,-0.08405367702535864,-0.00039396867665858606,0.03985712003798382
34859472,1789117057356000000,2500,HEAD_POSE_ESTIMATE,estimated,-0.7196676671252822,9.295413238441675,-2.8314705058054432,-0.0807913507496334,0.003586373736847712,0.0370729178535537
34873472,1789117057370000000,2501,HEAD_POSE_ESTIMATE,estimated,-0.7430595853524113,9.309377922482629,-2.814443171850137,-0.06791758603157212,0.00617487438748885,0.026462246552422727
34887472,1789117057384000000,2502,HEAD_POSE_ESTIMATE,estimated,-0.7541181423294725,9.31841868231549,-2.7815307671297638,-0.0554514176900299,0.008513299257596176,0.013555759780681603
34902472,1789117057399000000,2503,HEAD_POSE_ESTIMATE,estimated,-0.7761216775858278,9.334350625965342,-2.7543192654327924,-0.047647221036238835,0.008839956637966873,-0.001065425985347769
34914472,1789117057411000000,2504,HEAD_POSE_ESTIMATE,estimated,-0.7849159889923968,9.333233274016074,-2.738353322687709,-0.046788332650681996,0.007890752321998016,-0.018144271927282584
34929472,1789117057426000000,2505,HEAD_POSE_ESTIMATE,estimated,-0.7982301345195176,9.327214195466647,-2.7223621677992718,-0.04619127843992154,0.006160252898921915,-0.02728211130725467
34943472,1789117057440000000,2506,HEAD_POSE_ESTIMATE,estimated,-0.8204058657961004,9.326916236412371,-2.717844179941074,-0.05027621549995537,0.004019744826180971,-0.030302337765766137
34957472,1789117057454000000,2507,HEAD_POSE_ESTIMATE,estimated,-0.8375842381385273,9.335924917767587,-2.7023355329928846,-0.060577592193360064,0.0026132845347964654,-0.02468669587647934
34971472,1789117057468000000,2508,HEAD_POSE_ESTIMATE,estimated,-0.8465740680894707,9.316803083181236,-2.683064281478272,-0.0698342441398082,0.0021393662445419563,-0.0076256759965745895
34985472,1789117057482000000,2509,HEAD_POSE_ESTIMATE,estimated,-0.838750541075997,9.29167832069579,-2.6523108393686967,-0.08029770246619457,0.003964846997118738,0.015412844740581085
34999472,1789117057496000000,2510,HEAD_POSE_ESTIMATE,estimated,-0.817582347807745,9.274791607619083,-2.625386026216198,-0.09270359522997898,0.008396519170985146,0.04155090100115504
35013472,1789117057510000000,2511,HEAD_POSE_ESTIMATE,estimated,-0.7962304653538197,9.292364596171677,-2.6032902703223266,-0.10192655739008048,0.01567509275998825,0.06162879895066613
35027472,1789117057524000000,2512,HEAD_POSE_ESTIMATE,estimated,-0.7599201857381335,9.317322816935151,-2.57903999989936,-0.10643602301978645,0.024499966890560755,0.0726501398406185
35040472,1789117057537000000,2513,HEAD_POSE_ESTIMATE,estimated,-0.7425734848509682,9.343620877961229,-2.564830908773769,-0.10575746348734029,0.0340850655013393,0.07540270535371656
35054472,1789117057551000000,2514,HEAD_POSE_ESTIMATE,estimated,-0.7350268160264622,9.39761514340409,-2.564979101774312,-0.10270085431997351,0.04126695297407414,0.0679687233919545
35068472,1789117057565000000,2515,HEAD_POSE_ESTIMATE,estimated,-0.7438912419178554,9.452147052297123,-2.5732550281525417,-0.09913508700492944,0.04856355338562945,0.05393717443572352
35082472,1789117057579000000,2516,HEAD_POSE_ESTIMATE,estimated,-0.7562166421254539,9.51455070426023,-2.574728572503058,-0.0888234811783535,0.055712122405094,0.03482403687171462
35096472,1789117057593000000,2517,HEAD_POSE_ESTIMATE,estimated,-0.7538501792503309,9.540192647464103,-2.565760272263795,-0.07101592307944163,0.06481695075288761,0.011654319180042306
35110472,1789117057607000000,2518,HEAD_POSE_ESTIMATE,estimated,-0.7330351934971244,9.539608256665089,-2.550825328421296,-0.04348830426618883,0.07337426254479278,-0.011220195892903748
35124472,1789117057621000000,2519,HEAD_POSE_ESTIMATE,estimated,-0.6974511545254402,9.52261783767718,-2.539552783184364,-0.020298705490363052,0.08003251666012523,-0.02354326729725662
35137472,1789117057634000000,2520,HEAD_POSE_ESTIMATE,estimated,-0.6629746124782372,9.529498453833327,-2.5450766896949317,-0.010379343554326367,0.08709875854768688,-0.02269602616647354
35151472,1789117057648000000,2521,HEAD_POSE_ESTIMATE,estimated,-0.632749049638064,9.526289587549021,-2.5511374626432084,-0.006408320826779576,0.08769451370570852,-0.012314413385334788
35165472,1789117057662000000,2522,HEAD_POSE_ESTIMATE,estimated,-0.6188221122435401,9.502807942601455,-2.5852422682769935,-0.002839785880917649,0.08062597671525362,0.008925378910459296
35178472,1789117057675000000,2523,HEAD_POSE_ESTIMATE,estimated,-0.6054175779058298,9.468147601047008,-2.6140136980916546,0.001445448944639423,0.06977444175342189,0.026421552476037655
35192472,1789117057689000000,2524,HEAD_POSE_ESTIMATE,estimated,-0.5764326899055963,9.450399215163838,-2.6341050305970235,-0.000905116929870201,0.05485096556726614,0.04231144352449773
35206472,1789117057703000000,2525,HEAD_POSE_ESTIMATE,estimated,-0.5255467601566488,9.445718342596894,-2.639945179930795,-0.003030912205284029,0.040376249983088815,0.05298894519550348
35220472,1789117057717000000,2526,HEAD_POSE_ESTIMATE,estimated,-0.47052714819578423,9.469519037975521,-2.631158905308809,-0.0018281035273267825,0.026909158915885373,0.05982982319238664
35234472,1789117057731000000,2527,HEAD_POSE_ESTIMATE,estimated,-0.45004457927683883,9.515823128385646,-2.64373989055348,0.004084297668384527,0.014284208056556938,0.06688614946334602
35249472,1789117057746000000,2528,HEAD_POSE_ESTIMATE,estimated,-0.445078671486347,9.556376817635792,-2.6741773866662646,0.01498583313801125,0.0038418915963962202,0.06652994841736633
35263472,1789117057760000000,2529,HEAD_POSE_ESTIMATE,estimated,-0.4645152120473842,9.600650754483386,-2.705638145617476,0.031953162882300074,-0.003389644845239405,0.05748659989310515
35278472,1789117057775000000,2530,HEAD_POSE_ESTIMATE,estimated,-0.5130690897512138,9.615073021045053,-2.728913751527996,0.0686522348599892,-0.0027107593745683473,0.03761585449762979
35290472,1789117057787000000,2531,HEAD_POSE_ESTIMATE,estimated,-0.5441919095812795,9.614053612480141,-2.738960725629328,0.10141535949973578,-0.00028836266503996354,0.01696510973161601
35305472,1789117057802000000,2532,HEAD_POSE_ESTIMATE,estimated,-0.5682099792101496,9.590842947075174,-2.752485598461774,0.12782790225194032,0.0008830282565556692,-0.0076851788224145375
35317472,1789117057814000000,2533,HEAD_POSE_ESTIMATE,estimated,-0.5772537922371137,9.551418220364315,-2.7638179692392546,0.13828910740028905,-5.600749094307539e-05,-0.02768985980999272
35331472,1789117057828000000,2534,HEAD_POSE_ESTIMATE,estimated,-0.5919967683854563,9.533727290378096,-2.7732349582006175,0.13604717546468634,-0.00512026012382519,-0.03991881701832695
35347472,1789117057844000000,2535,HEAD_POSE_ESTIMATE,estimated,-0.6374234665156964,9.509167583880547,-2.796197102259712,0.1284935990824887,-0.014469526702529953,-0.045937661489267034
35361472,1789117057858000000,2536,HEAD_POSE_ESTIMATE,estimated,-0.6705133727808774,9.476092046044169,-2.836584228331635,0.11977011293455428,-0.02792084366541876,-0.043612140459628246
35372472,1789117057869000000,2537,HEAD_POSE_ESTIMATE,estimated,-0.6919559032827146,9.420563512119877,-2.8594346703121927,0.11132889198349671,-0.03783579136509789,-0.04013103884951437
35386472,1789117057883000000,2538,HEAD_POSE_ESTIMATE,estimated,-0.7077292803596736,9.353233228878572,-2.863169403100288,0.0978698610928336,-0.04654988215178757,-0.030994146706598568
35399472,1789117057896000000,2539,HEAD_POSE_ESTIMATE,estimated,-0.695242466849674,9.298576276267458,-2.862373306711906,0.08817226632452503,-0.05271864301963475,-0.011407790519145306
35413472,1789117057910000000,2540,HEAD_POSE_ESTIMATE,estimated,-0.6668674975153713,9.253753517248645,-2.8755843589332044,0.08462404111880566,-0.057557839526620434,0.018446192824522884
35428472,1789117057925000000,2541,HEAD_POSE_ESTIMATE,estimated,-0.6285064859285723,9.21698308224336,-2.8842094437109704,0.08212851974151432,-0.06110541095334099,0.051959521253033124
35442472,1789117057939000000,2542,HEAD_POSE_ESTIMATE,estimated,-0.6121332324416174,9.189616539881797,-2.897729677323716,0.08078960470845628,-0.06273677789957566,0.07345380597238733
35456472,1789117057953000000,2543,HEAD_POSE_ESTIMATE,estimated,-0.6121981660348615,9.179758709670699,-2.914995795524232,0.08767970993967192,-0.0619882529700086,0.08213920177108808
35471472,1789117057968000000,2544,HEAD_POSE_ESTIMATE,estimated,-0.614728361049441,9.143022657184972,-2.9148012757782373,0.0972653353084532,-0.06049648405438273,0.07328594893772665
35484472,1789117057981000000,2545,HEAD_POSE_ESTIMATE,estimated,-0.6290099159107456,9.118117328845376,-2.906993224926949,0.10100764660617631,-0.06028664729300057,0.05246981636349649
35498472,1789117057995000000,2546,HEAD_POSE_ESTIMATE,estimated,-0.646169138119028,9.091285254157066,-2.901681837101474,0.09976421092432336,-0.061321279957695936,0.01985084258408466
35512472,1789117058009000000,2547,HEAD_POSE_ESTIMATE,estimated,-0.6635940918868632,9.103743831993137,-2.889247741697997,0.09450198457006496,-0.060836412896888244,-0.012254662221270442
35526472,1789117058023000000,2548,HEAD_POSE_ESTIMATE,estimated,-0.6905282562481883,9.12037980591749,-2.8672433234453107,0.08461419830944934,-0.060579569249700635,-0.040120503242770035
35541472,1789117058038000000,2549,HEAD_POSE_ESTIMATE,estimated,-0.7350617222612208,9.142050706987346,-2.8527819373377628,0.06539898172837308,-0.0635663026103822,-0.0558188803277655
35554472,1789117058051000000,2550,HEAD_POSE_ESTIMATE,estimated,-0.7517203958772243,9.160665053945129,-2.8366049588523463,0.047214404371526776,-0.0672447103910165,-0.0653873239911882
35568472,1789117058065000000,2551,HEAD_POSE_ESTIMATE,estimated,-0.7773353366600655,9.168608896677236,-2.813223711457181,0.027910658746843606,-0.07421196859853754,-0.0632147744491407
35581472,1789117058078000000,2552,HEAD_POSE_ESTIMATE,estimated,-0.7787816970648631,9.17085037762756,-2.7961888488047935,0.00967466557296221,-0.08264935703750748,-0.04875766865934867
35595472,1789117058092000000,2553,HEAD_POSE_ESTIMATE,estimated,-0.7656553369201496,9.202317240698594,-2.7783515933789795,-0.008048553962204923,-0.0911419903294133,-0.0249163655629711
35609472,1789117058106000000,2554,HEAD_POSE_ESTIMATE,estimated,-0.7419586464042964,9.232604618529255,-2.757597960782212,-0.02443529623384942,-0.0980780472898613,0.001539601669740146
35623472,1789117058120000000,2555,HEAD_POSE_ESTIMATE,estimated,-0.7279368543612248,9.277507030635592,-2.7475036710021654,-0.04038268539541176,-0.1033804388591136,0.024156656053552116
35637472,1789117058134000000,2556,HEAD_POSE_ESTIMATE,estimated,-0.7144031324479647,9.302875030141125,-2.7426969160967927,-0.05135880473024691,-0.10777477131673814,0.03694295435343376
35651472,1789117058148000000,2557,HEAD_POSE_ESTIMATE,estimated,-0.711801856955798,9.327515981528883,-2.7323455071406646,-0.05285479046486852,-0.10754503699430944,0.03647532208108647
35665472,1789117058162000000,2558,HEAD_POSE_ESTIMATE,estimated,-0.7003270301243432,9.333326085237662,-2.7154708516229134,-0.04683213177665976,-0.10235302529108067,0.02803431374622884
35679472,1789117058176000000,2559,HEAD_POSE_ESTIMATE,estimated,-0.6761931061868204,9.3490878086301,-2.6969488388479186,-0.03710186690090165,-0.09288043576679206,0.006288669266232987
35693472,1789117058190000000,2560,HEAD_POSE_ESTIMATE,estimated,-0.6497821995816849,9.35415095916274,-2.6755629068333118,-0.028479475437713737,-0.08079351707677486,-0.008204953858102477
35707472,1789117058204000000,2561,HEAD_POSE_ESTIMATE,estimated,-0.6328176171488781,9.348269805543191,-2.6387904868407706,-0.02151476444138611,-0.06425162339527782,-0.0077924776415688336
35721472,1789117058218000000,2562,HEAD_POSE_ESTIMATE,estimated,-0.6043227858931317,9.341413255831869,-2.612205177832798,-0.019434643920147047,-0.056304220120261,-0.008966311420932238
35735472,1789117058232000000,2563,HEAD_POSE_ESTIMATE,estimated,-0.5889455176876377,9.336037999365523,-2.612881461480482,-0.020297261123810178,-0.051040125073902,0.0045339520918357525
35750472,1789117058247000000,2564,HEAD_POSE_ESTIMATE,estimated,-0.5891156907492724,9.363609933278132,-2.625424002594912,-0.028167925072215924,-0.052242458974169605,0.02756301831461415
35762472,1789117058259000000,2565,HEAD_POSE_ESTIMATE,estimated,-0.5709575326361371,9.364201419223546,-2.617216701880625,-0.03009703749611167,-0.052908022961977046,0.035074660751289684
35776472,1789117058273000000,2566,HEAD_POSE_ESTIMATE,estimated,-0.5514745446309496,9.403735503448893,-2.6231024659884286,-0.04369003977919267,-0.05902499962815109,0.043503669814380995
35790472,1789117058287000000,2567,HEAD_POSE_ESTIMATE,estimated,-0.5178778012321779,9.447894958771395,-2.6378778549732163,-0.05402449761893983,-0.06835820975460524,0.044029365609705655
35804472,1789117058301000000,2568,HEAD_POSE_ESTIMATE,estimated,-0.504200091009755,9.499223282671386,-2.6638568513472913,-0.054463820376975225,-0.08066561263450156,0.03781614121631335
35814472,1789117058311000000,2569,HEAD_POSE_ESTIMATE,estimated,-0.5163146415317451,9.534706586060949,-2.686988192137256,-0.05002214522025533,-0.09071441761637923,0.029819439011193122
35827472,1789117058324000000,2570,HEAD_POSE_ESTIMATE,estimated,-0.5827659373621425,9.549972208552944,-2.7064820465477717,-0.033457204048930225,-0.10008198363799244,0.023580764326619937
35842472,1789117058339000000,2571,HEAD_POSE_ESTIMATE,estimated,-0.6415650993785328,9.586608486089718,-2.7439019522492853,-0.002503500611379584,-0.1160425184312416,0.0011851453309553225
35856472,1789117058353000000,2572,HEAD_POSE_ESTIMATE,estimated,-0.7230069537897601,9.561485743736998,-2.7697164813382784,0.029765098214133638,-0.12573174784866548,-0.021002095829490166
35870472,1789117058367000000,2573,HEAD_POSE_ESTIMATE,estimated,-0.784720010503255,9.524385843229402,-2.782288865143803,0.0588570815655064,-0.13201959884167727,-0.03244036866394578
35883472,1789117058380000000,2574,HEAD_POSE_ESTIMATE,estimated,-0.8245094343407143,9.490372984157196,-2.829690763817774,0.09918073198158202,-0.1375591507347518,-0.0472047864426548
35898472,1789117058395000000,2575,HEAD_POSE_ESTIMATE,estimated,-0.8537524484459732,9.44030388630216,-2.850610171089346,0.132880257659862,-0.1373601039722678,-0.04140808040644785
35912472,1789117058409000000,2576,HEAD_POSE_ESTIMATE,estimated,-0.8702577831517416,9.376035879026645,-2.8531636750291507,0.16473683762995672,-0.13342994234575634,-0.03248611686946593
35926472,1789117058423000000,2577,HEAD_POSE_ESTIMATE,estimated,-0.8880359000619271,9.292786503512744,-2.846397610463839,0.1793032303955703,-0.12429503605850808,-0.017724227666571293
35939472,1789117058436000000,2578,HEAD_POSE_ESTIMATE,estimated,-0.8976344272278117,9.216517145506891,-2.853609038224926,0.17688959652433267,-0.11063005249011505,-0.0022172840902762803
35954472,1789117058451000000,2579,HEAD_POSE_ESTIMATE,estimated,-0.8782799741522787,9.137328260890849,-2.8491958814766374,0.16656310288599643,-0.09102483691835782,0.026464042488149507
35968472,1789117058465000000,2580,HEAD_POSE_ESTIMATE,estimated,-0.833599311472486,9.081550577247144,-2.8426411371337847,0.1393983774753499,-0.07125073723541477,0.05289042514670594
35982472,1789117058479000000,2581,HEAD_POSE_ESTIMATE,estimated,-0.770383250765647,9.033168134931055,-2.8287658095245747,0.09928006476399,-0.04894771911523232,0.07726105556183945
35996472,1789117058493000000,2582,HEAD_POSE_ESTIMATE,estimated,-0.6876952550871568,8.99453530515228,-2.8016077865268048,0.05872126829288306,-0.03017818258195075,0.09511264245308522
36010472,1789117058507000000,2583,HEAD_POSE_ESTIMATE,estimated,-0.6215068072522529,8.940629813562596,-2.784517623840723,0.007447564760925917,-0.012085814591948517,0.10026923220406904
36025472,1789117058522000000,2584,HEAD_POSE_ESTIMATE,estimated,-0.5518226521160349,8.896907546739564,-2.746429886786555,-0.0465555116673068,0.0023091431306990953,0.08937798299647015
36038472,1789117058535000000,2585,HEAD_POSE_ESTIMATE,estimated,-0.5158833358131754,8.852887891200828,-2.7228387577919366,-0.08913435322256043,0.010995308666988049,0.0670044878899022
36052472,1789117058549000000,2586,HEAD_POSE_ESTIMATE,estimated,-0.4812844132391818,8.834957810839077,-2.7037332420208005,-0.1234647306309916,0.019902178149244085,0.04023375273484495
36066472,1789117058563000000,2587,HEAD_POSE_ESTIMATE,estimated,-0.4685210438016435,8.834847456971515,-2.6659670212641697,-0.1548630667949898,0.025169636948790614,0.012887343269885313
36080472,1789117058577000000,2588,HEAD_POSE_ESTIMATE,estimated,-0.4636306946938824,8.83549097696991,-2.641811103443845,-0.17928573339905823,0.027392924773585736,-0.009344753078925915
36094472,1789117058591000000,2589,HEAD_POSE_ESTIMATE,estimated,-0.45453934530161577,8.85342333114908,-2.6297711979188865,-0.2031753986068354,0.026702896718742715,-0.024297263018785493
36108472,1789117058605000000,2590,HEAD_POSE_ESTIMATE,estimated,-0.453793741394357,8.881440440615352,-2.6164682997569484,-0.22591665561221966,0.02192642235890037,-0.03495968558753344
36122472,1789117058619000000,2591,HEAD_POSE_ESTIMATE,estimated,-0.4436387945469612,8.901568811448316,-2.603198002041186,-0.2432715188028207,0.01314654157420065,-0.043952969778270845
36137472,1789117058634000000,2592,HEAD_POSE_ESTIMATE,estimated,-0.42206765169151805,8.911096925097528,-2.5760474993726636,-0.2598386986525029,0.0011063780001114934,-0.04933055249063099
36151472,1789117058648000000,2593,HEAD_POSE_ESTIMATE,estimated,-0.41846740009355277,8.91944764518555,-2.542274749893719,-0.2687435711561862,-0.01445636054063633,-0.052457547348812354
36165472,1789117058662000000,2594,HEAD_POSE_ESTIMATE,estimated,-0.4263588030221093,8.945619533270085,-2.4920114451503856,-0.27480878574916623,-0.030751393512326027,-0.05089778840919972
36179472,1789117058676000000,2595,HEAD_POSE_ESTIMATE,estimated,-0.44063166153234534,8.973036708562864,-2.4453377500601903,-0.28652552580868457,-0.04376320449947415,-0.05392344400422711
36193472,1789117058690000000,2596,HEAD_POSE_ESTIMATE,estimated,-0.4537164287980179,9.026798753242582,-2.392208997994593,-0.28898636039178993,-0.05532774572715726,-0.05344618227202353
36207472,1789117058704000000,2597,HEAD_POSE_ESTIMATE,estimated,-0.48086534621158833,9.075803045894897,-2.3568853846743885,-0.29329691832248533,-0.06299735128520303,-0.05354117477087321
36222472,1789117058719000000,2598,HEAD_POSE_ESTIMATE,estimated,-0.48502425533345117,9.09205428343878,-2.2883436382101965,-0.29644415536615465,-0.06525288082155932,-0.05549781043931807
36236472,1789117058733000000,2599,HEAD_POSE_ESTIMATE,estimated,-0.4971647454324077,9.107285415860137,-2.2438740351089703,-0.30046735726609136,-0.06303566779368716,-0.056125503436361815
36250472,1789117058747000000,2600,HEAD_POSE_ESTIMATE,estimated,-0.4946109454432942,9.191406213498514,-2.2086045589972736,-0.30938571004916005,-0.05839671667340832,-0.061213660447102615
36264472,1789117058761000000,2601,HEAD_POSE_ESTIMATE,estimated,-0.5034400841709312,9.303895722411472,-2.177160113006805,-0.3184679420948124,-0.051971302313783795,-0.06660914422670519
36278472,1789117058775000000,2602,HEAD_POSE_ESTIMATE,estimated,-0.5207782565027439,9.389933212447797,-2.1408236587843987,-0.3329534641522628,-0.045582338896018045,-0.07087962931167346
36292472,1789117058789000000,2603,HEAD_POSE_ESTIMATE,estimated,-0.5263712939799907,9.454491765639924,-2.09649868932621,-0.3325425322744559,-0.03761606985912749,-0.07301989540599567
36305472,1789117058802000000,2604,HEAD_POSE_ESTIMATE,estimated,-0.5540367824900001,9.522389548300124,-2.0610789556063853,-0.32007516675821734,-0.030292850569075568,-0.07171589717840578
36320472,1789117058817000000,2605,HEAD_POSE_ESTIMATE,estimated,-0.5720627953837918,9.627460410293757,-2.029133043287178,-0.3010642340792654,-0.024338799447168418,-0.06678713679049401
36331472,1789117058828000000,2606,HEAD_POSE_ESTIMATE,estimated,-0.5889287016215417,9.679944171427831,-1.9946764531722985,-0.2857793357415081,-0.020229908044901265,-0.06131533503970458
36346472,1789117058843000000,2607,HEAD_POSE_ESTIMATE,estimated,-0.6122230607816146,9.761173506163335,-1.9785061682274931,-0.2779256787023883,-0.01908604270005965,-0.06307643065296081
36360472,1789117058857000000,2608,HEAD_POSE_ESTIMATE,estimated,-0.6121554154032808,9.861159229034739,-1.949354013758458,-0.2751186816199239,-0.01757064589311353,-0.0645442240115248
36374472,1789117058871000000,2609,HEAD_POSE_ESTIMATE,estimated,-0.6255183084079826,10.01395009855357,-1.9271187176719546,-0.29148133223683564,-0.0180516262963981,-0.07747994122427705
36388472,1789117058885000000,2610,HEAD_POSE_ESTIMATE,estimated,-0.649446382087102,10.128329493403115,-1.9199116755276378,-0.3056831447204479,-0.017681779155518013,-0.09362180113435775
36401472,1789117058898000000,2611,HEAD_POSE_ESTIMATE,estimated,-0.6765783619418191,10.213556426580675,-1.8869732431561563,-0.30729055633512353,-0.01567843760339923,-0.10550585393108267
36416472,1789117058913000000,2612,HEAD_POSE_ESTIMATE,estimated,-0.7233247985471526,10.324063070752995,-1.8456755595886005,-0.28746273040551984,-0.010535267784421124,-0.10962818979257684
36429472,1789117058926000000,2613,HEAD_POSE_ESTIMATE,estimated,-0.790341671953835,10.38926277286571,-1.8152367943487941,-0.26292381257862985,-0.005495368699589534,-0.11045230851059523
36443472,1789117058940000000,2614,HEAD_POSE_ESTIMATE,estimated,-0.8302696577535703,10.424505720379184,-1.775124092746123,-0.23836715558655988,0.0015300952013404137,-0.11278254628027791
36458472,1789117058955000000,2615,HEAD_POSE_ESTIMATE,estimated,-0.8713706123995575,10.405506909995733,-1.771945362839481,-0.2066936199087801,0.010519999905151269,-0.11910771819465589
36470472,1789117058967000000,2616,HEAD_POSE_ESTIMATE,estimated,-0.9152421778480853,10.41595609659595,-1.785777059007778,-0.17846334120476798,0.01815760896923374,-0.12464768529285761
36484472,1789117058981000000,2617,HEAD_POSE_ESTIMATE,estimated,-0.9321621229801114,10.362453405086837,-1.829950139607075,-0.15037602475792214,0.02607960636281194,-0.1281555869871612
36498472,1789117058995000000,2618,HEAD_POSE_ESTIMATE,estimated,-0.9448466216413305,10.306883231326166,-1.8430547709163183,-0.13749153239793624,0.03329662165667726,-0.1333380325232307
36512472,1789117059009000000,2619,HEAD_POSE_ESTIMATE,estimated,-0.9658998999888976,10.263770523925606,-1.8437730245524777,-0.1383758273740417,0.042036283809771084,-0.14009157469456968
36526472,1789117059023000000,2620,HEAD_POSE_ESTIMATE,estimated,-1.0282210785298713,10.219210121115795,-1.8264060439489813,-0.13838584360104791,0.05222581543962132,-0.14544956437547904
36540472,1789117059037000000,2621,HEAD_POSE_ESTIMATE,estimated,-1.0671657948208817,10.152241397065131,-1.8146932906933484,-0.12825495815724208,0.06182984403070448,-0.14337993228695375
36553472,1789117059050000000,2622,HEAD_POSE_ESTIMATE,estimated,-1.1058155832575072,10.054276520938087,-1.8206472862004586,-0.11281007743779663,0.07345136647005601,-0.12907039999788325
36567472,1789117059064000000,2623,HEAD_POSE_ESTIMATE,estimated,-1.1285446857659416,9.984290971978949,-1.8199072459996797,-0.0914546587929775,0.08796111744931667,-0.1060346619698265
36583472,1789117059080000000,2624,HEAD_POSE_ESTIMATE,estimated,-1.146861184215871,9.874275265912797,-1.8167730447362214,-0.05959380836744283,0.10294198747427842,-0.08027633830741675
36595472,1789117059092000000,2625,HEAD_POSE_ESTIMATE,estimated,-1.1837479590994215,9.832869794755995,-1.8635516088645527,-0.02035915738786953,0.11369830969595432,-0.06068376056840418
36608472,1789117059105000000,2626,HEAD_POSE_ESTIMATE,estimated,-1.202518458244005,9.756735641362908,-1.9104276450319533,0.005885473117413697,0.12103713255348957,-0.045233584553115345
36622472,1789117059119000000,2627,HEAD_POSE_ESTIMATE,estimated,-1.219793387951817,9.722422354768895,-1.9268996669512444,0.019946489719806722,0.12787296765561149,-0.03662898293971329
36636472,1789117059133000000,2628,HEAD_POSE_ESTIMATE,estimated,-1.248347505293288,9.739068711254223,-1.950235903588239,0.013528634300535036,0.13346068454503301,-0.04170536084970849
36650472,1789117059147000000,2629,HEAD_POSE_ESTIMATE,estimated,-1.2682057080824507,9.752172669794874,-1.9360515668496387,0.011089639320804602,0.1387509249117616,-0.04261343153091325
36664472,1789117059161000000,2630,HEAD_POSE_ESTIMATE,estimated,-1.283356589812424,9.742584528587964,-1.9350233064584799,0.009416263567150406,0.14860025166122984,-0.03995032498418513
36677472,1789117059174000000,2631,HEAD_POSE_ESTIMATE,estimated,-1.2974450325083093,9.668517286336261,-1.951064604586591,0.01469638251656869,0.15912799261278213,-0.032714060613465226
36692472,1789117059189000000,2632,HEAD_POSE_ESTIMATE,estimated,-1.3064688782633471,9.676120965839575,-1.9765904086136576,0.022398066508299532,0.1755345907589315,-0.023468630456413616
36709472,1789117059206000000,2633,HEAD_POSE_ESTIMATE,estimated,-1.2651899208675272,9.694537889787167,-1.9823130367363606,0.034558537217263895,0.19472917966244024,-0.015378498432409715
36720472,1789117059217000000,2634,HEAD_POSE_ESTIMATE,estimated,-1.2592448343774703,9.707215262221109,-2.0412602780035978,0.05349106881221784,0.21103836368020157,-0.004184982377746253
36732472,1789117059229000000,2635,HEAD_POSE_ESTIMATE,estimated,-1.24334036179812,9.681388777015073,-2.052656754136161,0.06438048241024298,0.2222535846359181,0.006049199138504921
36747472,1789117059244000000,2636,HEAD_POSE_ESTIMATE,estimated,-1.2293503759220945,9.598657955353646,-2.0818797374779714,0.06279826438098311,0.23466355067256592,0.009188995929348217
36759472,1789117059256000000,2637,HEAD_POSE_ESTIMATE,estimated,-1.227992806658388,9.528659292869001,-2.087922879490653,0.050631767407499424,0.2408863117364184,0.003396903023727521
36773472,1789117059270000000,2638,HEAD_POSE_ESTIMATE,estimated,-1.241740998872368,9.438082673044669,-2.1028112586708327,0.032890966273190665,0.2449975446136634,-0.010000929645664122
36787472,1789117059284000000,2639,HEAD_POSE_ESTIMATE,estimated,-1.258049245953245,9.364054555073539,-2.0927212627561538,0.01251725967679696,0.24685957907605893,-0.027340116406177613
36801472,1789117059298000000,2640,HEAD_POSE_ESTIMATE,estimated,-1.2815811593762114,9.308552492755226,-2.107794505006898,-0.010957067625365262,0.24677292342330343,-0.042729429414103494
36815472,1789117059312000000,2641,HEAD_POSE_ESTIMATE,estimated,-1.2956895674503512,9.302845436181753,-2.1136132852976837,-0.03195157125304062,0.24939148971157746,-0.05263987198258918
36832472,1789117059329000000,2642,HEAD_POSE_ESTIMATE,estimated,-1.3017331711823497,9.3289058055666,-2.0473709876934367,-0.0456166306849758,0.2538005864761855,-0.06070737163585458
36842472,1789117059339000000,2643,HEAD_POSE_ESTIMATE,estimated,-1.304873411401047,9.345619479589784,-2.0222338717739268,-0.05111710659478048,0.25501250615853127,-0.06286591669998354
36856472,1789117059353000000,2644,HEAD_POSE_ESTIMATE,estimated,-1.3126656949395101,9.386461415932514,-2.024834942847131,-0.05248680625740885,0.2593314699183296,-0.06077878053644434
36870472,1789117059367000000,2645,HEAD_POSE_ESTIMATE,estimated,-1.3094478936813732,9.410621162851822,-1.9979243324145735,-0.05519035010007547,0.25987106549682354,-0.05647370032859859
36885472,1789117059382000000,2646,HEAD_POSE_ESTIMATE,estimated,-1.3012033772492595,9.41750642113765,-1.9836903557444978,-0.06022233721312402,0.2545611322169922,-0.04798659799399985
36899472,1789117059396000000,2647,HEAD_POSE_ESTIMATE,estimated,-1.2762236435802052,9.41047661381756,-1.9659176879457385,-0.07150598044698425,0.24708056092713696,-0.0364747755632082
36913472,1789117059410000000,2648,HEAD_POSE_ESTIMATE,estimated,-1.25534593900982,9.425266370961344,-1.9755365563203604,-0.08058831068552642,0.23771730780309888,-0.023621902512310982
36927472,1789117059424000000,2649,HEAD_POSE_ESTIMATE,estimated,-1.2203171745744261,9.446560821642512,-1.9639516476096246,-0.08607964178289389,0.2233336501713191,-0.014486392989579362
36940472,1789117059437000000,2650,HEAD_POSE_ESTIMATE,estimated,-1.1895759680047076,9.459268566157014,-1.9458793665372223,-0.08833491161366323,0.2060935079480998,-0.010133986724207986
36954472,1789117059451000000,2651,HEAD_POSE_ESTIMATE,estimated,-1.1552411974901216,9.475233859548382,-1.9264290435159312,-0.09110820101206643,0.19455831031231122,-0.00997530629439374
36969472,1789117059466000000,2652,HEAD_POSE_ESTIMATE,estimated,-1.128213572621912,9.486684895587416,-1.891870035403811,-0.09070370405002756,0.17702208510980397,-0.010400958163333212
36983472,1789117059480000000,2653,HEAD_POSE_ESTIMATE,estimated,-1.1047763732433877,9.500637350739341,-1.8700103397651404,-0.08969027547299975,0.16290161769229042,-0.014951924614819234
36996472,1789117059493000000,2654,HEAD_POSE_ESTIMATE,estimated,-1.0955749581108425,9.51465568381172,-1.8674284962092358,-0.08848905121300463,0.15223733753474122,-0.019281733722759806
37010472,1789117059507000000,2655,HEAD_POSE_ESTIMATE,estimated,-1.0867477223519098,9.540463807837362,-1.8566324420242584,-0.08416773928022905,0.1410317156845614,-0.024861069749938215
37026472,1789117059523000000,2656,HEAD_POSE_ESTIMATE,estimated,-1.085510950798715,9.570206406938068,-1.8641206456005597,-0.0723036259641839,0.12608677559867826,-0.031859770876325105
37038472,1789117059535000000,2657,HEAD_POSE_ESTIMATE,estimated,-1.081061687325695,9.578386802412844,-1.8707509284090327,-0.06448499781140642,0.11516508255407444,-0.03858662350566426
37051472,1789117059548000000,2658,HEAD_POSE_ESTIMATE,estimated,-1.0832122221499174,9.596452396110594,-1.8709545785774524,-0.05287711174997554,0.1018444455194076,-0.04245695390026762
37069472,1789117059566000000,2659,HEAD_POSE_ESTIMATE,estimated,-1.1025043219759172,9.618206322843005,-1.8986992880899805,-0.032322926624258244,0.08297093286128979,-0.04118039865033938
37078472,1789117059575000000,2660,HEAD_POSE_ESTIMATE,estimated,-1.1127953324385462,9.63407705220676,-1.9110843775280186,-0.01882501175692709,0.06835269766951346,-0.037573853020358976
37092472,1789117059589000000,2661,HEAD_POSE_ESTIMATE,estimated,-1.1212601643621698,9.643685480820459,-1.9215299242369988,0.00014688587694377273,0.05140823691004282,-0.029070722320073232
37107472,1789117059604000000,2662,HEAD_POSE_ESTIMATE,estimated,-1.1331351339770626,9.639215280484272,-1.938043784847197,0.02150552053841104,0.034091196867421805,-0.019890869190652024
37120472,1789117059617000000,2663,HEAD_POSE_ESTIMATE,estimated,-1.1394917591524936,9.632788645226196,-1.9572981009610577,0.042478243613736165,0.02108921705635898,-0.010181956589077334
37135472,1789117059632000000,2664,HEAD_POSE_ESTIMATE,estimated,-1.1531354725103395,9.626452274958288,-1.9752238123039396,0.06436398075520475,0.004045059297175359,-0.0007942061540925123
37149472,1789117059646000000,2665,HEAD_POSE_ESTIMATE,estimated,-1.1542485159110665,9.614073988808718,-1.9876235259910557,0.07982485617554297,-0.0040692259008781855,0.008372875723676626
37162472,1789117059659000000,2666,HEAD_POSE_ESTIMATE,estimated,-1.1719387131508898,9.605937981575924,-1.9981539231027003,0.09224078624814898,-0.006279637588648233,0.016272353103872966
37176472,1789117059673000000,2667,HEAD_POSE_ESTIMATE,estimated,-1.19767194771894,9.60536262203985,-2.0238378201420772,0.10212245331896677,-0.01278803385091379,0.024303305780681652
37190472,1789117059687000000,2668,HEAD_POSE_ESTIMATE,estimated,-1.2235435054840118,9.611583326503606,-1.9879603174664873,0.10905616165728471,-0.003675046047360407,0.028808592805354458
37204472,1789117059701000000,2669,HEAD_POSE_ESTIMATE,estimated,-1.2537308042164976,9.609609478934585,-2.004119621260635,0.11577127635490639,0.015683447675859705,0.03087245926490434
37218472,1789117059715000000,2670,HEAD_POSE_ESTIMATE,estimated,-1.2673685059830446,9.599039353278565,-2.0016396120233777,0.12619314861056016,0.03908498654475618,0.026674820315596384
37232472,1789117059729000000,2671,HEAD_POSE_ESTIMATE,estimated,-1.2819299798958705,9.589902908958154,-1.994467854248366,0.13366790710939508,0.07584451061826274,0.027521099883097262
37246472,1789117059743000000,2672,HEAD_POSE_ESTIMATE,estimated,-1.2794556485286113,9.577682963046811,-2.0032228393553795,0.1377479773432343,0.11745048210893524,0.032368184972488175
37261472,1789117059758000000,2673,HEAD_POSE_ESTIMATE,estimated,-1.2760189655145235,9.553411532070589,-2.010263339018255,0.1451520267570322,0.17050131731424778,0.046514591565252277
37274472,1789117059771000000,2674,HEAD_POSE_ESTIMATE,estimated,-1.2544483976697842,9.541613120419585,-1.9999604484497684,0.14675930045819252,0.21596282463705754,0.059793221673542195
37289472,1789117059786000000,2675,HEAD_POSE_ESTIMATE,estimated,-1.2215718154642405,9.5269416721337,-2.00985137531493,0.14949922000440394,0.2725770927387583,0.07319448923988466
37302472,1789117059799000000,2676,HEAD_POSE_ESTIMATE,estimated,-1.1832998221549738,9.524915876681522,-2.0191593661296823,0.15033225470370332,0.3233838392625182,0.08344966455800747
37316472,1789117059813000000,2677,HEAD_POSE_ESTIMATE,estimated,-1.1331760518422997,9.533872617286955,-2.028168365075215,0.15271798094645103,0.37315132626144487,0.08986104933114103
37330472,1789117059827000000,2678,HEAD_POSE_ESTIMATE,estimated,-1.058813163043367,9.536365701325035,-2.0364954948669105,0.15146005561707715,0.4147161547790579,0.09330478683341205
37344472,1789117059841000000,2679,HEAD_POSE_ESTIMATE,estimated,-0.9928347124892168,9.532235505183909,-2.056507167493018,0.1481043089533453,0.44765148448088143,0.0936065592121732
37358472,1789117059855000000,2680,HEAD_POSE_ESTIMATE,estimated,-0.919266869099343,9.530056142211112,-2.0906748660280208,0.14462315655097682,0.4712636403869497,0.09447978465823514
37373472,1789117059870000000,2681,HEAD_POSE_ESTIMATE,estimated,-0.8502599434629389,9.54324932975624,-2.1310907731500808,0.13957803506476557,0.48693309023517367,0.09624056639096569
37386472,1789117059883000000,2682,HEAD_POSE_ESTIMATE,estimated,-0.7916062691970096,9.55371905547227,-2.1644219230983386,0.1334103890667466,0.48960177194007004,0.09465752446192865
37400472,1789117059897000000,2683,HEAD_POSE_ESTIMATE,estimated,-0.7207847726769883,9.561247413436366,-2.1926055134010727,0.13076722827961815,0.4834003248894899,0.08891926556668789
37414472,1789117059911000000,2684,HEAD_POSE_ESTIMATE,estimated,-0.6546650908739748,9.549610660336374,-2.226767601381645,0.1314852914820857,0.46538164470542376,0.08338564556047484
37428472,1789117059925000000,2685,HEAD_POSE_ESTIMATE,estimated,-0.5851303613782117,9.532889198304945,-2.270653928772851,0.13204359203285435,0.4343240893970461,0.07828979189076274
37442472,1789117059939000000,2686,HEAD_POSE_ESTIMATE,estimated,-0.5065537804454745,9.512011968091487,-2.308855640055889,0.12964816938284732,0.39354645725718584,0.07806756959644298
37456472,1789117059953000000,2687,HEAD_POSE_ESTIMATE,estimated,-0.4495135529456871,9.498008128968662,-2.360956085089388,0.12957447011956924,0.34722840578885866,0.07466058822735734
37470472,1789117059967000000,2688,HEAD_POSE_ESTIMATE,estimated,-0.39743354182374674,9.490961918974731,-2.4043176048688903,0.1302729608932587,0.29956786422540166,0.0728034396001767
37484472,1789117059981000000,2689,HEAD_POSE_ESTIMATE,estimated,-0.3733472375760783,9.485449383955087,-2.4467272790493033,0.12961895131840281,0.24687296346178306,0.07148183728631503
37497472,1789117059994000000,2690,HEAD_POSE_ESTIMATE,estimated,-0.35468316298189184,9.477296372567364,-2.4830876666536064,0.12825266685745776,0.20791310009534444,0.07274581708864103
37511472,1789117060008000000,2691,HEAD_POSE_ESTIMATE,estimated,-0.35265404404945544,9.467384220753289,-2.525813890671998,0.12477233109716598,0.16572849284085694,0.07545595402201308
37525472,1789117060022000000,2692,HEAD_POSE_ESTIMATE,estimated,-0.3726453710402973,9.480521096515002,-2.555024842960746,0.1210436592759699,0.12908930261615162,0.07996992363894251
37540472,1789117060037000000,2693,HEAD_POSE_ESTIMATE,estimated,-0.3989255378129968,9.50846731702657,-2.5799193950251595,0.11412964107951613,0.09716680793813974,0.084614611393751
37554472,1789117060051000000,2694,HEAD_POSE_ESTIMATE,estimated,-0.4277551952738038,9.523696013542912,-2.6062658706914905,0.10451611165317277,0.07607285091573145,0.08711722227569431
37568472,1789117060065000000,2695,HEAD_POSE_ESTIMATE,estimated,-0.4602477062789522,9.542851553557238,-2.616952292060388,0.09640532089023411,0.060439300959730394,0.08665473210827694
37581472,1789117060078000000,2696,HEAD_POSE_ESTIMATE,estimated,-0.4972377560745717,9.561349369363835,-2.6255072407360145,0.09206562770459717,0.05365366479628379,0.08085784453078983
37595472,1789117060092000000,2697,HEAD_POSE_ESTIMATE,estimated,-0.5456425737239016,9.594975330317173,-2.6359780705855207,0.09394165249884663,0.04737230069010128,0.06879698348449989
37610472,1789117060107000000,2698,HEAD_POSE_ESTIMATE,estimated,-0.6064993727863921,9.603413932641933,-2.6447566454109097,0.09845528570269309,0.05011098712258639,0.057000946600367204
37624472,1789117060121000000,2699,HEAD_POSE_ESTIMATE,estimated,-0.6596640114235897,9.601268029682842,-2.65814592293403,0.10227764168160072,0.059307320069503004,0.04706455209861
37638472,1789117060135000000,2700,HEAD_POSE_ESTIMATE,estimated,-0.7177685798841524,9.558309554212027,-2.6740328274430873,0.10531515572003133,0.06410439195882231,0.03937733267222966
37652472,1789117060149000000,2701,HEAD_POSE_ESTIMATE,estimated,-0.7659797037517893,9.512687935475716,-2.690459650168239,0.11055048204362027,0.0744363546493515,0.0381488209727878
37667472,1789117060164000000,2702,HEAD_POSE_ESTIMATE,estimated,-0.809072682145118,9.4524813670285,-2.714637387224755,0.11642621124595558,0.09216810207401811,0.04340742899766411
37679472,1789117060176000000,2703,HEAD_POSE_ESTIMATE,estimated,-0.84491795690697,9.412396581202588,-2.73254022031589,0.1200861172848599,0.10392054521306655,0.053654817539338706
37692472,1789117060189000000,2704,HEAD_POSE_ESTIMATE,estimated,-0.8799899037693041,9.369808125373938,-2.743995993364962,0.12204391122371969,0.12047786883041396,0.06174864376564462
37706472,1789117060203000000,2705,HEAD_POSE_ESTIMATE,estimated,-0.9113386411759485,9.32464408436632,-2.75880751205019,0.12166072397972952,0.1382075511980847,0.06506446127456707
37720472,1789117060217000000,2706,HEAD_POSE_ESTIMATE,estimated,-0.9490913521946042,9.273020266487901,-2.7825611481903825,0.1163525514554793,0.15149136503150326,0.06743158499284166
37734472,1789117060231000000,2707,HEAD_POSE_ESTIMATE,estimated,-0.9902316699642342,9.22772184436228,-2.7978678963204127,0.10731564470177735,0.16309621819350817,0.06899247297232233
37748472,1789117060245000000,2708,HEAD_POSE_ESTIMATE,estimated,-1.0316756655470871,9.203099182670009,-2.8080413744715322,0.09599616159631037,0.17274275840459255,0.07172201806865482
37762472,1789117060259000000,2709,HEAD_POSE_ESTIMATE,estimated,-1.0549854623264039,9.18020036053498,-2.81225430404469,0.08297495062205469,0.18168060627807192,0.08155634656492815
37776472,1789117060273000000,2710,HEAD_POSE_ESTIMATE,estimated,-1.0601743761497942,9.169364615262598,-2.811457718895732,0.07216852192024259,0.19038566970243803,0.09302927879794433
37790472,1789117060287000000,2711,HEAD_POSE_ESTIMATE,estimated,-1.0228568970329277,9.179978421006235,-2.8054079723982137,0.0564194828717255,0.20014430741144146,0.11068815087335641
37804472,1789117060301000000,2712,HEAD_POSE_ESTIMATE,estimated,-0.9945336986545696,9.203881143583603,-2.800596949057791,0.038247270859670605,0.20538892457341362,0.12854180055291226
37819472,1789117060316000000,2713,HEAD_POSE_ESTIMATE,estimated,-0.9543906877973863,9.246327503156934,-2.7957100937827626,0.01882359481537084,0.2097286936015626,0.15018721631778395
37832472,1789117060329000000,2714,HEAD_POSE_ESTIMATE,estimated,-0.898447463330186,9.27120951652851,-2.800034946637676,0.0024036665943219563,0.21316859099181093,0.17413663329861048
37845472,1789117060342000000,2715,HEAD_POSE_ESTIMATE,estimated,-0.8477035330929914,9.28492841491653,-2.7973493521578696,-0.008396513452102296,0.21266836693661645,0.19272354314578527
37857472,1789117060354000000,2716,HEAD_POSE_ESTIMATE,estimated,-0.8182220532155111,9.276019044760382,-2.790739504588358,-0.014758369974454443,0.21081975451910953,0.206473669614876
37872472,1789117060369000000,2717,HEAD_POSE_ESTIMATE,estimated,-0.7889894362151906,9.28202167549661,-2.791241018114185,-0.016080979602704683,0.20645079303573013,0.21293891399136028
37886472,1789117060383000000,2718,HEAD_POSE_ESTIMATE,estimated,-0.7348971086580155,9.298140518114616,-2.7867806330013547,-0.01320261843248699,0.20143529415755998,0.21560480050206915
37903472,1789117060400000000,2719,HEAD_POSE_ESTIMATE,estimated,-0.6882492770606439,9.314505992228145,-2.788531688246861,-0.00896700140500678,0.19717718307920204,0.21952219316727312
37915472,1789117060412000000,2720,HEAD_POSE_ESTIMATE,estimated,-0.605762604592961,9.329076407520525,-2.794808670160239,-0.005311261383266409,0.1942972162670864,0.22674349332390736
37928472,1789117060425000000,2721,HEAD_POSE_ESTIMATE,estimated,-0.5605204828761934,9.338841874687764,-2.802866924634552,-0.0007085943220980944,0.1889626494662251,0.23460251649567612
37944472,1789117060441000000,2722,HEAD_POSE_ESTIMATE,estimated,-0.570008663046927,9.331646493064707,-2.825226067512535,0.00618311407409012,0.1835016814621105,0.2401758628789555
37957472,1789117060454000000,2723,HEAD_POSE_ESTIMATE,estimated,-0.5718815336634361,9.335011251532151,-2.837155115646171,0.007637213084941232,0.18130200731658452,0.2479354692235254
37969472,1789117060466000000,2724,HEAD_POSE_ESTIMATE,estimated,-0.5409955134049423,9.354759071167024,-2.8443339356540727,0.0096764970138391,0.181630097409234,0.2538445650024368
37982472,1789117060479000000,2725,HEAD_POSE_ESTIMATE,estimated,-0.4788764020707377,9.393967826600939,-2.846101108228708,0.013580567781587243,0.18153391313017367,0.2559871411227668
37997472,1789117060494000000,2726,HEAD_POSE_ESTIMATE,estimated,-0.4183400004558998,9.463510201586917,-2.8541137921342186,0.016114737590025574,0.18022121915485864,0.25713059788880943
38011472,1789117060508000000,2727,HEAD_POSE_ESTIMATE,estimated,-0.360310097440003,9.513307526883889,-2.864275852140968,0.024718596275846178,0.17713295018060743,0.25180840695653894
38028472,1789117060525000000,2728,HEAD_POSE_ESTIMATE,estimated,-0.34597675470667216,9.55072969340571,-2.8792761569027125,0.045935208329745035,0.17353746029993025,0.24193080355503016
38041472,1789117060538000000,2729,HEAD_POSE_ESTIMATE,estimated,-0.3150819678291417,9.558519985757366,-2.8901258761165782,0.06834826144779463,0.16801350772620205,0.22858334176034248
38052472,1789117060549000000,2730,HEAD_POSE_ESTIMATE,estimated,-0.2678348879263592,9.570345062949984,-2.8912434902656607,0.09235985912704701,0.16215371397719322,0.21554357420682116
38065472,1789117060562000000,2731,HEAD_POSE_ESTIMATE,estimated,-0.2577549817232786,9.559285902237157,-2.9018268295860064,0.11531270500109714,0.15830879364256828,0.20741960667864212
38080472,1789117060577000000,2732,HEAD_POSE_ESTIMATE,estimated,-0.2574776788361747,9.534636216287083,-2.907810785511709,0.13702553293890993,0.15020724163488006,0.19586030328314358
38094472,1789117060591000000,2733,HEAD_POSE_ESTIMATE,estimated,-0.25744730123705684,9.511945390349908,-2.9184075280378474,0.15452189158353588,0.14146198817496533,0.1870278357012229
38108472,1789117060605000000,2734,HEAD_POSE_ESTIMATE,estimated,-0.24007747256941686,9.485734479153486,-2.9394862075750074,0.1693430635785342,0.12982029631495015,0.17368599247165992
38122472,1789117060619000000,2735,HEAD_POSE_ESTIMATE,estimated,-0.2237486957328081,9.458555265869471,-2.952857937023178,0.17885792178177426,0.11692759001072271,0.1581964966410078
38136472,1789117060633000000,2736,HEAD_POSE_ESTIMATE,estimated,-0.18187099206398794,9.448068056417132,-2.96205989407706,0.18310185827712477,0.10444359000370072,0.1417979293503557
38150472,1789117060647000000,2737,HEAD_POSE_ESTIMATE,estimated,-0.19539443207604107,9.452381803632194,-2.9793471026045033,0.17969333111501049,0.09615006365849821,0.1291153845858776
38165472,1789117060662000000,2738,HEAD_POSE_ESTIMATE,estimated,-0.21343495306458904,9.455594281628727,-3.0037819689298075,0.17425543363045404,0.08859128265996753,0.11541188024059296
38180472,1789117060677000000,2739,HEAD_POSE_ESTIMATE,estimated,-0.18416188559340663,9.464668715209253,-3.0198524231044215,0.17076566897076462,0.07769278195100504,0.1004148506383406
38193472,1789117060690000000,2740,HEAD_POSE_ESTIMATE,estimated,-0.15253431097738612,9.501592655515038,-3.0446386453043632,0.16773143371758975,0.07048519177097437,0.08610373368804185
38206472,1789117060703000000,2741,HEAD_POSE_ESTIMATE,estimated,-0.14689340803208117,9.572092896411856,-3.0689370931105255,0.1674899355020118,0.060265341780187644,0.07619413758559011
38220472,1789117060717000000,2742,HEAD_POSE_ESTIMATE,estimated,-0.08730507718342095,9.64548928036725,-3.0910680978525056,0.17221238636511912,0.04392427527353629,0.0735030540068745
38234472,1789117060731000000,2743,HEAD_POSE_ESTIMATE,estimated,-0.007043995409482862,9.675642735609387,-3.1139831883632363,0.1754207581758011,0.026248204636327925,0.07746735942948006
38249472,1789117060746000000,2744,HEAD_POSE_ESTIMATE,estimated,0.0702709578130768,9.698537456995972,-3.139099164141848,0.18113578839930833,0.00546132416589225,0.08613831003114016
38263472,1789117060760000000,2745,HEAD_POSE_ESTIMATE,estimated,0.19052827351778168,9.701351577885214,-3.1512432276720186,0.1861992656284617,-0.019733898542736623,0.0973020017874432
38277472,1789117060774000000,2746,HEAD_POSE_ESTIMATE,estimated,0.3216543127782542,9.653674643066086,-3.1503310693161435,0.1972462823015071,-0.04373272821799262,0.10858667575778214
38291472,1789117060788000000,2747,HEAD_POSE_ESTIMATE,estimated,0.4277213746044246,9.569558665958004,-3.1469375627088074,0.20038105590693625,-0.06805849575141505,0.11627694905772068
38304472,1789117060801000000,2748,HEAD_POSE_ESTIMATE,estimated,0.5184563915944749,9.487528104111389,-3.132078266188113,0.19412865038436777,-0.08893662483863694,0.12198606303367683
38317472,1789117060814000000,2749,HEAD_POSE_ESTIMATE,estimated,0.6168827810293361,9.408083544674497,-3.118875919559098,0.1748329205456954,-0.1066471925332772,0.12420819595130038
38332472,1789117060829000000,2750,HEAD_POSE_ESTIMATE,estimated,0.7541779392116267,9.292945869770229,-3.0943461106401773,0.14420546200629067,-0.12742141676360197,0.11979512833160115
38346472,1789117060843000000,2751,HEAD_POSE_ESTIMATE,estimated,0.8657709234767579,9.189672440847817,-3.080148656077577,0.10929240946221319,-0.1468343035624816,0.10882626609143475
38359472,1789117060856000000,2752,HEAD_POSE_ESTIMATE,estimated,0.9626600703971244,9.103419071386867,-3.0576727685679446,0.07550721613199861,-0.1682862938861931,0.08933728408830172
38374472,1789117060871000000,2753,HEAD_POSE_ESTIMATE,estimated,1.0143163464482674,8.986437953654912,-3.046309078754107,0.044738821406341445,-0.19062242599452572,0.0651308974986887
38388472,1789117060885000000,2754,HEAD_POSE_ESTIMATE,estimated,1.0249323433812088,8.898347752411594,-3.015252088557171,0.022608560965173836,-0.21354240487030926,0.041610818824922256
38401472,1789117060898000000,2755,HEAD_POSE_ESTIMATE,estimated,1.0350851053446677,8.842668572283138,-3.0022998406685226,0.005819548807425897,-0.23601616903012626,0.022243537431718263
38415472,1789117060912000000,2756,HEAD_POSE_ESTIMATE,estimated,1.0308841930508552,8.840956652545522,-2.996133451232266,0.000793568119431341,-0.2602285141570161,0.00483121481891606
38429472,1789117060926000000,2757,HEAD_POSE_ESTIMATE,estimated,1.0328755254537023,8.853521647628632,-2.9933806919817187,-0.00012267046227021708,-0.2809113110383133,-0.0050496153289592135
38443472,1789117060940000000,2758,HEAD_POSE_ESTIMATE,estimated,1.075688647370328,8.86316940790317,-2.9900001685425504,-3.8629113400447384e-05,-0.2982370831798226,-0.007196323569593355
38457472,1789117060954000000,2759,HEAD_POSE_ESTIMATE,estimated,1.1015005129560973,8.868678571315137,-3.002176476560359,-0.0006294439313821039,-0.31182738613121647,0.002743756471689202
38471472,1789117060968000000,2760,HEAD_POSE_ESTIMATE,estimated,1.1347855243248461,8.900196898757047,-3.0108585213377594,-0.01066427566614491,-0.3231645347240149,0.02113580595968037
38484472,1789117060981000000,2761,HEAD_POSE_ESTIMATE,estimated,1.1836001763781097,8.93112570512715,-3.0120129091081806,-0.026956832315444865,-0.3302627032785979,0.044359983532406215
38498472,1789117060995000000,2762,HEAD_POSE_ESTIMATE,estimated,1.2240139900242921,8.96662392302596,-3.008830245627702,-0.05869687840528829,-0.3464089936003269,0.06270610219628517
38512472,1789117061009000000,2763,HEAD_POSE_ESTIMATE,estimated,1.2646204375970738,9.047340377294201,-3.017395248854156,-0.09121126903755883,-0.3588669788633088,0.07693508613284394
38526472,1789117061023000000,2764,HEAD_POSE_ESTIMATE,estimated,1.3546400770406541,9.139700347416357,-2.998620604383296,-0.12207673462267998,-0.3751125771736403,0.0759009380741942
38540472,1789117061037000000,2765,HEAD_POSE_ESTIMATE,estimated,1.4345049026668681,9.235587083683933,-2.9985777187059846,-0.143277911868711,-0.3913873108840853,0.07439696472350527
38554472,1789117061051000000,2766,HEAD_POSE_ESTIMATE,estimated,1.5819797207909703,9.277986101081384,-2.9837325824422063,-0.1550550594042372,-0.416342706715163,0.051306920965879244
38568472,1789117061065000000,2767,HEAD_POSE_ESTIMATE,estimated,1.497731055816677,9.319772373196288,-2.995922950747082,-0.15295234733391438,-0.4122510461883387,0.03001579590645061
38582472,1789117061079000000,2768,HEAD_POSE_ESTIMATE,estimated,1.4472075905659232,9.33184333635015,-2.994161370276191,-0.14050553833085602,-0.4165909258747974,0.010132573938627536
38596472,1789117061093000000,2769,HEAD_POSE_ESTIMATE,estimated,1.3998035085192657,9.31166832668839,-2.984599709982194,-0.11930029420833159,-0.43047739736609947,-0.006483821642718932
38611472,1789117061108000000,2770,HEAD_POSE_ESTIMATE,estimated,1.3924457349905226,9.278929346271529,-2.9584840363501375,-0.0916977722475475,-0.4468510573122614,-0.017615127271077002
38626472,1789117061123000000,2771,HEAD_POSE_ESTIMATE,estimated,1.3969860677802948,9.226260631537235,-2.932993367679689,-0.06577437244860469,-0.46676240587730583,-0.024243326414242896
38642472,1789117061139000000,2772,HEAD_POSE_ESTIMATE,estimated,1.449800970599733,9.22811304550044,-2.903191503986171,-0.05234786484326407,-0.49162795893300526,-0.016220599870563516
38665472,1789117061162000000,2773,HEAD_POSE_ESTIMATE,estimated,1.4956573143131506,9.18529996126003,-2.864687783888918,-0.037359857824595465,-0.5207603679781327,-0.023522661093631183
38677472,1789117061174000000,2774,HEAD_POSE_ESTIMATE,estimated,1.486819794522747,9.203323497964094,-2.868264126198665,-0.04807656368464329,-0.5421131384785481,-0.039252108918486656
38692472,1789117061189000000,2775,HEAD_POSE_ESTIMATE,estimated,1.4891800874895507,9.253126698243113,-2.8710943194227796,-0.05625712006964376,-0.562197091397754,-0.07002868749300963
38706472,1789117061203000000,2776,HEAD_POSE_ESTIMATE,estimated,1.4797956377686008,9.30894785867691,-2.8754922722908707,-0.061784623794007794,-0.5762007266599911,-0.10699795090031539
38720472,1789117061217000000,2777,HEAD_POSE_ESTIMATE,estimated,1.4572244004386907,9.376385964192421,-2.8785272979358725,-0.05714185180102481,-0.5812738502836807,-0.14349469201220313
38734472,1789117061231000000,2778,HEAD_POSE_ESTIMATE,estimated,1.4259605877905974,9.450181335719922,-2.8984444256511828,-0.03919608569506757,-0.5818057742569306,-0.17713233457928446
38749472,1789117061246000000,2779,HEAD_POSE_ESTIMATE,estimated,1.3591877747904118,9.530319845485238,-2.9280734752234414,-0.014166456255546153,-0.5720695293896201,-0.2024451174619337
38762472,1789117061259000000,2780,HEAD_POSE_ESTIMATE,estimated,1.3129700012150851,9.613941878019572,-2.959476929627701,0.015589314243246697,-0.5528365996845255,-0.21383104781595344
38776472,1789117061273000000,2781,HEAD_POSE_ESTIMATE,estimated,1.144112945925725,9.604225284806953,-2.995923410877377,0.03356523174112725,-0.5474892852072918,-0.21784992021646504
38790472,1789117061287000000,2782,HEAD_POSE_ESTIMATE,estimated,0.932553648460394,9.591321829572628,-3.0629982261187716,0.05425923163703559,-0.5528738642116547,-0.20779269563319436
38804472,1789117061301000000,2783,HEAD_POSE_ESTIMATE,estimated,0.8819741279519826,9.563593502797032,-3.1158007015822844,0.07613152783863873,-0.5390075594775932,-0.18433118628753162
38818472,1789117061315000000,2784,HEAD_POSE_ESTIMATE,estimated,0.8357599976486133,9.507138871383475,-3.1710002655932947,0.09030167467309536,-0.529735597469288,-0.1499415815835345
38832472,1789117061329000000,2785,HEAD_POSE_ESTIMATE,estimated,0.7972512288322232,9.445970046704756,-3.217139230645788,0.09587373836770671,-0.518183195993391,-0.10932345811638985
38846472,1789117061343000000,2786,HEAD_POSE_ESTIMATE,estimated,0.7844866752043312,9.377048182956887,-3.255809097233582,0.09660208203332812,-0.503667698389141,-0.06492760206691481
38860472,1789117061357000000,2787,HEAD_POSE_ESTIMATE,estimated,0.7799307861652623,9.312336849362563,-3.3018392837260606,0.09089596051384796,-0.48940201116241827,-0.027573013167883714
38874472,1789117061371000000,2788,HEAD_POSE_ESTIMATE,estimated,0.7211467728301695,9.245660988360113,-3.326212229273178,0.08905356923431124,-0.48255493294211116,0.006881903264858448
38889472,1789117061386000000,2789,HEAD_POSE_ESTIMATE,estimated,0.7324431144765281,9.17061985643547,-3.3684230699556417,0.08215229488449825,-0.4652928330881706,0.029049161992647194
38900472,1789117061397000000,2790,HEAD_POSE_ESTIMATE,estimated,0.7399877389856978,9.12181453955583,-3.4022142989381976,0.07916793454450302,-0.44779612722642825,0.034614916992087894
38914472,1789117061411000000,2791,HEAD_POSE_ESTIMATE,estimated,0.7248178845948862,9.050269538626601,-3.418044710191538,0.0671714518220929,-0.4328390576456721,0.02693414843433405
38929472,1789117061426000000,2792,HEAD_POSE_ESTIMATE,estimated,0.7311868707108548,8.970058395932384,-3.4258929526653996,0.0468786392400902,-0.4141529161232639,0.009410882561985037
38943472,1789117061440000000,2793,HEAD_POSE_ESTIMATE,estimated,0.6947063124502568,8.91609296449993,-3.423795306221127,0.016833959228397016,-0.3960890432134694,-0.016512736597906676
38956472,1789117061453000000,2794,HEAD_POSE_ESTIMATE,estimated,0.6456242759272812,8.907049417562188,-3.414744105608267,-0.016877067465979036,-0.38093179332812466,-0.04068067782178761
38970472,1789117061467000000,2795,HEAD_POSE_ESTIMATE,estimated,0.5929449125516317,8.920649690617681,-3.4035878287017813,-0.04892623766051131,-0.35991691309926005,-0.061432237534169994
38988472,1789117061485000000,2796,HEAD_POSE_ESTIMATE,estimated,0.48394086643060713,8.9704552755137,-3.3460775722861444,-0.08107378179975015,-0.33453395896458715,-0.08219494753919804
38999472,1789117061496000000,2797,HEAD_POSE_ESTIMATE,estimated,0.4627806940049859,8.98245510846093,-3.3278246583823643,-0.09454652607990623,-0.31468507703000576,-0.08406995847300856
39011472,1789117061508000000,2798,HEAD_POSE_ESTIMATE,estimated,0.45191473446871133,9.034912041427898,-3.315778007578823,-0.09891528192523487,-0.297853088989911,-0.08459093816765792
39026472,1789117061523000000,2799,HEAD_POSE_ESTIMATE,estimated,0.4246233562017581,9.114026171134297,-3.2820779612907365,-0.10041101018625256,-0.270521357745956,-0.0799258450495678
39038472,1789117061535000000,2800,HEAD_POSE_ESTIMATE,estimated,0.38944109304121527,9.171091256343628,-3.2582268788106523,-0.09668676016880473,-0.24344306466278515,-0.06994943809306081
39053472,1789117061550000000,2801,HEAD_POSE_ESTIMATE,estimated,0.31227511884415693,9.267755999703663,-3.2289513461591834,-0.08922359226203162,-0.22002896875045402,-0.06377413360819466
39067472,1789117061564000000,2802,HEAD_POSE_ESTIMATE,estimated,0.2892228722635991,9.369744417011928,-3.2239554988846444,-0.08419055449331311,-0.1984548017029072,-0.05793180996460134
39081472,1789117061578000000,2803,HEAD_POSE_ESTIMATE,estimated,0.21670492958775617,9.48461070841819,-3.2102799517262692,-0.08189708317774416,-0.17690226699464986,-0.050251016041444246
39098472,1789117061595000000,2804,HEAD_POSE_ESTIMATE,estimated,0.13687833638775293,9.58883229957803,-3.196843194254572,-0.09106013256762031,-0.14966127225499118,-0.04397599452813382
39109472,1789117061606000000,2805,HEAD_POSE_ESTIMATE,estimated,0.09007974963052146,9.62924178044065,-3.189673419155678,-0.09652863648674004,-0.1420259386246155,-0.03511356302011677
39122472,1789117061619000000,2806,HEAD_POSE_ESTIMATE,estimated,0.042268407415543385,9.676304685484652,-3.1730993420209384,-0.09722108736791721,-0.12816199021792762,-0.025132579452172912
39136472,1789117061633000000,2807,HEAD_POSE_ESTIMATE,estimated,-0.03767791580541613,9.67557855778169,-3.1494190267988165,-0.09529883708107574,-0.10911836161187562,-0.015176933266166103
39150472,1789117061647000000,2808,HEAD_POSE_ESTIMATE,estimated,-0.09639200618502292,9.637666729766249,-3.1363038546462807,-0.08508354801982035,-0.09166755800416024,-0.010202206512970763
39166472,1789117061663000000,2809,HEAD_POSE_ESTIMATE,estimated,-0.18629503485770232,9.582794094069596,-3.1001332919179476,-0.07062733553272996,-0.06946362401416048,-0.007266309225928573
39177472,1789117061674000000,2810,HEAD_POSE_ESTIMATE,estimated,-0.2393168655655885,9.539671912213628,-3.07810980046967,-0.058841855470862785,-0.05271259345317632,-0.010891336602214337
39192472,1789117061689000000,2811,HEAD_POSE_ESTIMATE,estimated,-0.31163120254258064,9.43223224785913,-3.0511037205845333,-0.047152892267024335,-0.03315227769052175,-0.010276971382488894
39206472,1789117061703000000,2812,HEAD_POSE_ESTIMATE,estimated,-0.36831349001608604,9.324164704453567,-3.0444055989435608,-0.036993787571418565,-0.01217814255757568,-0.0034754426685098864
39221472,1789117061718000000,2813,HEAD_POSE_ESTIMATE,estimated,-0.3927072112437444,9.20705250778717,-3.0420612811356014,-0.03398656889247461,0.004029379149849892,0.007760298226195999
39234472,1789117061731000000,2814,HEAD_POSE_ESTIMATE,estimated,-0.4354189744994199,9.13996959008993,-3.0366700022331905,-0.038921301257828715,0.0180670036950733,0.022979261204539542
39248472,1789117061745000000,2815,HEAD_POSE_ESTIMATE,estimated,-0.45230142657093936,9.071602784404034,-3.041318328808913,-0.03924514092448013,0.0296532396160517,0.0381993609960542
39261472,1789117061758000000,2816,HEAD_POSE_ESTIMATE,estimated,-0.47945771034813117,9.032937500564737,-3.0356878031608234,-0.0380188463120243,0.03954905671068608,0.05141293103678619
39275472,1789117061772000000,2817,HEAD_POSE_ESTIMATE,estimated,-0.497515890281805,9.025201107315622,-3.0344854378920547,-0.03131949451824236,0.051379574414094964,0.06700043423425486
39289472,1789117061786000000,2818,HEAD_POSE_ESTIMATE,estimated,-0.45346030448111474,9.032602593807132,-3.0571928738082317,-0.01916597686607347,0.058940178960200484,0.06923467375775753
39303472,1789117061800000000,2819,HEAD_POSE_ESTIMATE,estimated,-0.4570856583092183,9.043605331039625,-3.0709742842844783,-0.005310931808726463,0.06446290812464772,0.06388892127085737
39317472,1789117061814000000,2820,HEAD_POSE_ESTIMATE,estimated,-0.44505330713179186,9.064957467635246,-3.0969612076908097,0.00981539605206022,0.06944482276868776,0.04962416393240321
39332472,1789117061829000000,2821,HEAD_POSE_ESTIMATE,estimated,-0.44283965778379036,9.121974029860866,-3.11718280251788,0.010826692507653543,0.0690188036014771,0.015763103389397737
39346472,1789117061843000000,2822,HEAD_POSE_ESTIMATE,estimated,-0.4113756103389298,9.153509746746428,-3.161648651680379,0.011918417498497032,0.06794597873378497,-0.00783362048260993
39358472,1789117061855000000,2823,HEAD_POSE_ESTIMATE,estimated,-0.4260125914108375,9.16689795321314,-3.172460251972096,-0.0014137314948795296,0.0647694535418608,-0.03482002429013764
39373472,1789117061870000000,2824,HEAD_POSE_ESTIMATE,estimated,-0.45813682790392846,9.206432219282352,-3.176317393077868,-0.020832756917925126,0.060202424028544595,-0.05856810219779426
39387472,1789117061884000000,2825,HEAD_POSE_ESTIMATE,estimated,-0.5474612596637042,9.258216692341247,-3.1549915278312723,-0.0398503745783932,0.05619715736045006,-0.07518529605507362
39401472,1789117061898000000,2826,HEAD_POSE_ESTIMATE,estimated,-0.6360680447628392,9.304843726448615,-3.130865704821403,-0.05622707711066403,0.05468255141611699,-0.08196980996118684
39414472,1789117061911000000,2827,HEAD_POSE_ESTIMATE,estimated,-0.7146379403509848,9.337667437382658,-3.116055748378527,-0.07085071264887488,0.05230191622131781,-0.08848165146610351
39427472,1789117061924000000,2828,HEAD_POSE_ESTIMATE,estimated,-0.8180880719799799,9.382550292420632,-3.090365400625101,-0.08027813731029433,0.050940229722480405,-0.09003155679003216
39442472,1789117061939000000,2829,HEAD_POSE_ESTIMATE,estimated,-0.9323886486953885,9.429146629938597,-3.063092943418057,-0.080844710755792,0.05061525974952451,-0.08203841328827952
39452472,1789117061949000000,2830,HEAD_POSE_ESTIMATE,estimated,-0.9724929039401371,9.433549878218507,-3.047218278443697,-0.07727124638661344,0.051534185460370016,-0.07452095043491483
39467472,1789117061964000000,2831,HEAD_POSE_ESTIMATE,estimated,-1.0183061500702921,9.455145371442695,-3.0415428636238087,-0.06043255031531059,0.056561688170836386,-0.05701593385033026
39481472,1789117061978000000,2832,HEAD_POSE_ESTIMATE,estimated,-1.081975914372432,9.460951187134002,-3.007888467679428,-0.04451289822260912,0.058108923234385976,-0.030146814307892015
39495472,1789117061992000000,2833,HEAD_POSE_ESTIMATE,estimated,-1.0979308293611207,9.437196449762247,-2.985547642042176,-0.031082448727527256,0.06005930329699016,-0.003241799642300245
39509472,1789117062006000000,2834,HEAD_POSE_ESTIMATE,estimated,-1.096177813621607,9.409477269163709,-2.9745658644418587,-0.015087253145094336,0.060528936011757614,0.030849141094423087
39522472,1789117062019000000,2835,HEAD_POSE_ESTIMATE,estimated,-1.049796480067703,9.389470716068303,-2.976075826815839,0.00012224840399228275,0.0568398617132341,0.061942427917893964
39537472,1789117062034000000,2836,HEAD_POSE_ESTIMATE,estimated,-1.0106931320136274,9.384321339586862,-2.9670308489206234,0.0162874278992815,0.051504706180521165,0.09369256761660881
39551472,1789117062048000000,2837,HEAD_POSE_ESTIMATE,estimated,-0.959091223185111,9.374666334110833,-2.9602979601979764,0.03125948529136642,0.04314595952931769,0.11507040693446788
39565472,1789117062062000000,2838,HEAD_POSE_ESTIMATE,estimated,-0.8694107512476028,9.375196882214938,-2.962215324846673,0.04199188634133103,0.032615283915505236,0.12197338015719424
39579472,1789117062076000000,2839,HEAD_POSE_ESTIMATE,estimated,-0.850030069566175,9.388203060403336,-2.9298713782758363,0.05189095219466131,0.018128994682512924,0.12048265104621675
39593472,1789117062090000000,2840,HEAD_POSE_ESTIMATE,estimated,-0.8305632219692753,9.40306710545352,-2.892858840056724,0.057366533048897154,0.002689474909040649,0.10967709739244608
39607472,1789117062104000000,2841,HEAD_POSE_ESTIMATE,estimated,-0.7969683834104456,9.429642403622768,-2.8832999333399623,0.06009382062136853,-0.01250042616248338,0.09758596889494166
39621472,1789117062118000000,2842,HEAD_POSE_ESTIMATE,estimated,-0.7721348557963019,9.453886174323834,-2.8664913182265113,0.06327055699087172,-0.029125505288826202,0.085791437717188
39635472,1789117062132000000,2843,HEAD_POSE_ESTIMATE,estimated,-0.7716932351916148,9.453793627611612,-2.8382193711163755,0.06812192569780304,-0.04485607558561785,0.0797926225754447
39650472,1789117062147000000,2844,HEAD_POSE_ESTIMATE,estimated,-0.7830062534232594,9.450707191863568,-2.823284148080632,0.07171697764017453,-0.05951906535188155,0.07374168647614308
39663472,1789117062160000000,2845,HEAD_POSE_ESTIMATE,estimated,-0.7737722975194209,9.445023231739883,-2.8206272126052654,0.07359631042156069,-0.07109791882261574,0.07332251373393937
39678472,1789117062175000000,2846,HEAD_POSE_ESTIMATE,estimated,-0.7661349088252745,9.449945054959224,-2.8306803718158284,0.07354290765076128,-0.08349491817309923,0.08337018532168472
39692472,1789117062189000000,2847,HEAD_POSE_ESTIMATE,estimated,-0.7697912964963467,9.446412091265808,-2.843805316355217,0.07254856236814025,-0.09260494572856526,0.09019179438530826
39707472,1789117062204000000,2848,HEAD_POSE_ESTIMATE,estimated,-0.783473245846249,9.428234182374057,-2.8510904428474824,0.07488837369654694,-0.09829289003168575,0.09415212595937358
39719472,1789117062216000000,2849,HEAD_POSE_ESTIMATE,estimated,-0.8004811259908677,9.39846844677656,-2.8640628544247275,0.07703313977905799,-0.09963878714676638,0.09327872000585652
39733472,1789117062230000000,2850,HEAD_POSE_ESTIMATE,estimated,-0.8022022677199653,9.390379927855196,-2.8886786271326654,0.07670190411490185,-0.09755164299800874,0.08338846639398914
39749472,1789117062246000000,2851,HEAD_POSE_ESTIMATE,estimated,-0.7976598303750358,9.380475313943188,-2.915086442092665,0.07587891975579684,-0.08748495753850136,0.06527014142384924
39761472,1789117062258000000,2852,HEAD_POSE_ESTIMATE,estimated,-0.80817274671757,9.375470274344426,-2.927671258981785,0.0753440004839991,-0.07411191238377257,0.04601579208372258
39775472,1789117062272000000,2853,HEAD_POSE_ESTIMATE,estimated,-0.7983938610359649,9.38214317193589,-2.9416161499139637,0.07693694401923469,-0.05730759169143756,0.03072416007484314
39789472,1789117062286000000,2854,HEAD_POSE_ESTIMATE,estimated,-0.809068693440923,9.385300884242355,-2.9709725441517802,0.0754068284023666,-0.037053766764910165,0.01845231663372
39803472,1789117062300000000,2855,HEAD_POSE_ESTIMATE,estimated,-0.8024448517848448,9.3747773534314,-3.006196887649004,0.06951931950524826,-0.01205991640567609,0.010886909622142851
39818472,1789117062315000000,2856,HEAD_POSE_ESTIMATE,estimated,-0.8089382643167826,9.358214045634549,-3.011548844709988,0.06268841737301926,0.013675743954014892,0.014098175667190101
39832472,1789117062329000000,2857,HEAD_POSE_ESTIMATE,estimated,-0.7963898824393205,9.350254810844257,-3.0275898374431107,0.05067396527821638,0.038117619387388064,0.017092508662672753
39845472,1789117062342000000,2858,HEAD_POSE_ESTIMATE,estimated,-0.7873161123406005,9.352355109635443,-3.0251604068289515,0.03337768235812365,0.06331540430359003,0.019899198897763554
39859472,1789117062356000000,2859,HEAD_POSE_ESTIMATE,estimated,-0.77853686952517,9.346595130573654,-3.0155759585391513,0.010396894498085028,0.08886753576247133,0.018733756732610515
39874472,1789117062371000000,2860,HEAD_POSE_ESTIMATE,estimated,-0.7452080991035102,9.367232895748575,-3.023375194064009,-0.01355611407472244,0.11429077419001676,0.007215284242035901
39889472,1789117062386000000,2861,HEAD_POSE_ESTIMATE,estimated,-0.7233948268256174,9.399689836654385,-3.0043636323869123,-0.03475162114924065,0.13413475269653144,-0.011639511971686547
39901472,1789117062398000000,2862,HEAD_POSE_ESTIMATE,estimated,-0.7123875789279219,9.42379979934345,-2.988472477737533,-0.047954422968168764,0.14463546433770513,-0.03556526646771771
39914472,1789117062411000000,2863,HEAD_POSE_ESTIMATE,estimated,-0.7067899644351749,9.427826830829217,-2.9524150831645186,-0.057698568913745515,0.1499518541517645,-0.06077967299343921
39929472,1789117062426000000,2864,HEAD_POSE_ESTIMATE,estimated,-0.7129869978720664,9.438078403820137,-2.8964720683337273,-0.06944445308001848,0.14702216082092465,-0.08271510121777631
39943472,1789117062440000000,2865,HEAD_POSE_ESTIMATE,estimated,-0.7076853991174121,9.446665936119825,-2.856330310443573,-0.07647846310387692,0.13434298668424505,-0.09153622260696367
39957472,1789117062454000000,2866,HEAD_POSE_ESTIMATE,estimated,-0.6950710714944262,9.461227308266375,-2.823041568253833,-0.08175351883909764,0.11881564195121766,-0.08824421979500877
39971472,1789117062468000000,2867,HEAD_POSE_ESTIMATE,estimated,-0.6929201692786826,9.453762260500751,-2.767242296510228,-0.08891222655125841,0.0992471573172984,-0.07214659791506768
39985472,1789117062482000000,2868,HEAD_POSE_ESTIMATE,estimated,-0.6906371495527681,9.443027592091154,-2.7130148461249877,-0.09494932882061408,0.07723632680360902,-0.0503120773175823
39998472,1789117062495000000,2869,HEAD_POSE_ESTIMATE,estimated,-0.6725382847844201,9.453434897799086,-2.6749673592061387,-0.10744898248039553,0.06448977314883936,-0.0232910667024405
40012472,1789117062509000000,2870,HEAD_POSE_ESTIMATE,estimated,-0.6501234129095224,9.448183620571074,-2.6536319239865493,-0.11599032745051178,0.053469689543843575,-0.00023402051732452045
40027472,1789117062524000000,2871,HEAD_POSE_ESTIMATE,estimated,-0.6248028484843963,9.457847574769191,-2.600480369213172,-0.12202664445903054,0.045388996039669595,0.016541366851065022
40040472,1789117062537000000,2872,HEAD_POSE_ESTIMATE,estimated,-0.5999321876059425,9.453186184169313,-2.5500245430082598,-0.12756715894686055,0.04554667724245886,0.017832326017474306
40054472,1789117062551000000,2873,HEAD_POSE_ESTIMATE,estimated,-0.5661138824339382,9.448532597752322,-2.5111507310877874,-0.11903011889732405,0.045381381905663154,0.013277744481033624
40067472,1789117062564000000,2874,HEAD_POSE_ESTIMATE,estimated,-0.5354974536395597,9.458497104638985,-2.4674952906013963,-0.0978055045473733,0.04366949774686161,0.0035766476166605374
40082472,1789117062579000000,2875,HEAD_POSE_ESTIMATE,estimated,-0.5025044218218498,9.461413190104576,-2.453205694478359,-0.0752880785945678,0.037605799187231496,-0.004103025787037473
40095472,1789117062592000000,2876,HEAD_POSE_ESTIMATE,estimated,-0.47409816389381654,9.46279069691629,-2.4507476785254485,-0.0542263305232769,0.027406849317232036,-0.008567096965124548
40109472,1789117062606000000,2877,HEAD_POSE_ESTIMATE,estimated,-0.46263830241661996,9.435313742018709,-2.463865406550285,-0.03379523456241156,0.015075807856292887,-0.01019712325450611
40123472,1789117062620000000,2878,HEAD_POSE_ESTIMATE,estimated,-0.4562185961728664,9.398640787693244,-2.4619505818813714,-0.01622116710687083,0.002412684896071321,-0.010781039932821954
40137472,1789117062634000000,2879,HEAD_POSE_ESTIMATE,estimated,-0.44906297835330805,9.352777189711814,-2.4681854681905957,-0.004458136123233046,-0.011180634717631031,-0.008401058141535024
40151472,1789117062648000000,2880,HEAD_POSE_ESTIMATE,estimated,-0.43282063834871143,9.310865618434082,-2.484531486047878,0.001867066641108095,-0.020299377309890145,-0.006082914614766526
40165472,1789117062662000000,2881,HEAD_POSE_ESTIMATE,estimated,-0.4233889563964482,9.284299905924248,-2.480131878019472,0.002651927949967991,-0.027536733662373213,-0.0036863628663522186
40183472,1789117062680000000,2882,HEAD_POSE_ESTIMATE,estimated,-0.422162193282426,9.282851420198911,-2.4801092035066414,-0.004200161600056512,-0.03163690275099734,-0.0036793225424461536
40193472,1789117062690000000,2883,HEAD_POSE_ESTIMATE,estimated,-0.42184845803306326,9.264268105749103,-2.4772038096677704,-0.009182113359201353,-0.035187802986688534,-0.002630074414384871
40206472,1789117062703000000,2884,HEAD_POSE_ESTIMATE,estimated,-0.4350588067954495,9.265891106583624,-2.4984880730046166,-0.017997017613427976,-0.03906259954382461,-0.004981353442935027
40220472,1789117062717000000,2885,HEAD_POSE_ESTIMATE,estimated,-0.45153289963835297,9.28666955553957,-2.5148245287112525,-0.022478319823931465,-0.04553202481436609,-0.00906201904318836
40234472,1789117062731000000,2886,HEAD_POSE_ESTIMATE,estimated,-0.4699536641653512,9.308657513183437,-2.5299977914822356,-0.026189922954620047,-0.05333649151791334,-0.013327273142723233
40247472,1789117062744000000,2887,HEAD_POSE_ESTIMATE,estimated,-0.48271903316940756,9.341010128386255,-2.543008835204345,-0.026149697648758664,-0.06064439606447091,-0.013904870048588713
40261472,1789117062758000000,2888,HEAD_POSE_ESTIMATE,estimated,-0.4945448221246197,9.372654085649204,-2.5599634330000405,-0.02410190491459923,-0.0692348331526595,-0.007180460989712662
40275472,1789117062772000000,2889,HEAD_POSE_ESTIMATE,estimated,-0.4952263198278334,9.4057328681893,-2.5773757216419613,-0.02508366821315269,-0.0746184858051284,-0.0002720398831598811
40289472,1789117062786000000,2890,HEAD_POSE_ESTIMATE,estimated,-0.4919942703746637,9.447841980535962,-2.5912737423492604,-0.021580240816429373,-0.07847043023855785,0.011290634696342401
40303472,1789117062800000000,2891,HEAD_POSE_ESTIMATE,estimated,-0.4696001505916994,9.455968665005104,-2.613625693675761,-0.013873322349117752,-0.07789568442419166,0.025284750128462107
40317472,1789117062814000000,2892,HEAD_POSE_ESTIMATE,estimated,-0.45387720583301194,9.481531485374633,-2.6489290375962513,0.000356933801188248,-0.07453507613865172,0.04493141815787092
40331472,1789117062828000000,2893,HEAD_POSE_ESTIMATE,estimated,-0.4365464818241169,9.484349967871925,-2.6571304408941354,0.010318665069454405,-0.06827678178490285,0.06331307582653059
40346472,1789117062843000000,2894,HEAD_POSE_ESTIMATE,estimated,-0.4048713970286213,9.481523248106058,-2.6596803325702987,0.01537210607532548,-0.06170393664550734,0.07899334213824477
40358472,1789117062855000000,2895,HEAD_POSE_ESTIMATE,estimated,-0.38936733707175913,9.484634318280742,-2.6610976054469355,0.011995480629704989,-0.05920322895968044,0.08673888426134671
40372472,1789117062869000000,2896,HEAD_POSE_ESTIMATE,estimated,-0.3822794790268648,9.497035989915506,-2.657134426023125,0.004030715117139614,-0.058734598148972854,0.08545366141579111
40385472,1789117062882000000,2897,HEAD_POSE_ESTIMATE,estimated,-0.3690117052134607,9.504754590911878,-2.658761349632212,-0.010228109703944022,-0.06260797796300906,0.07440762331172061
40400472,1789117062897000000,2898,HEAD_POSE_ESTIMATE,estimated,-0.3730319249485666,9.516740522522019,-2.650198680002889,-0.02297062694720352,-0.06744063304054668,0.05860113731691732
40415472,1789117062912000000,2899,HEAD_POSE_ESTIMATE,estimated,-0.3794876426231638,9.516093920739397,-2.6423494079488523,-0.03102873498279043,-0.0706775183090024,0.03998769648950256
40428472,1789117062925000000,2900,HEAD_POSE_ESTIMATE,estimated,-0.4113466024329859,9.514058651717018,-2.627204072514041,-0.03116765364446228,-0.07070301063621394,0.025846670204418477
40441472,1789117062938000000,2901,HEAD_POSE_ESTIMATE,estimated,-0.43742403446040756,9.505971220067574,-2.616900509812697,-0.02452164524703438,-0.06590003362647825,0.016884557170305202
40455472,1789117062952000000,2902,HEAD_POSE_ESTIMATE,estimated,-0.45867906155381033,9.493005720885717,-2.611909412027302,-0.008876323685852509,-0.056800372054214295,0.015908711840349133
40470472,1789117062967000000,2903,HEAD_POSE_ESTIMATE,estimated,-0.4635364948229289,9.485215791915383,-2.619593278264336,0.0073555958315196426,-0.04642911806522122,0.020162927990601043
40483472,1789117062980000000,2904,HEAD_POSE_ESTIMATE,estimated,-0.4586804483004262,9.478272954683108,-2.632916807574757,0.02181539134376807,-0.03366876432626593,0.029844853306317087
40497472,1789117062994000000,2905,HEAD_POSE_ESTIMATE,estimated,-0.4117497783155797,9.462549397098536,-2.657657979454761,0.029673760047946623,-0.021347944216558435,0.04496555191007708
40511472,1789117063008000000,2906,HEAD_POSE_ESTIMATE,estimated,-0.3685609087923788,9.451516715615284,-2.671271598365381,0.03316739174461081,-0.005251599364669758,0.05805377436503296
40525472,1789117063022000000,2907,HEAD_POSE_ESTIMATE,estimated,-0.3083958886753869,9.439764355768471,-2.6857133611367874,0.03345735796828275,0.011606853869551261,0.06605397076024287
40538472,1789117063035000000,2908,HEAD_POSE_ESTIMATE,estimated,-0.25834348209741814,9.426433343220326,-2.68987199473396,0.03109557278632312,0.026079942173633384,0.06684097687183237
40553472,1789117063050000000,2909,HEAD_POSE_ESTIMATE,estimated,-0.20344728639772686,9.400441917632408,-2.6908690751847057,0.026185134569875184,0.04031781085073107,0.06719626089037029
40567472,1789117063064000000,2910,HEAD_POSE_ESTIMATE,estimated,-0.1599279053190547,9.384893018024524,-2.674479133858817,0.0199408524167959,0.05120223886100462,0.06568222860968627
40580472,1789117063077000000,2911,HEAD_POSE_ESTIMATE,estimated,-0.1198550331550027,9.36948914715741,-2.663812160936542,0.011488931268487603,0.05643695512349714,0.06140485094102999
40594472,1789117063091000000,2912,HEAD_POSE_ESTIMATE,estimated,-0.08793423681794532,9.360173335931934,-2.6508305823288336,0.003285449477470569,0.05739837683451517,0.05869834983194916
40608472,1789117063105000000,2913,HEAD_POSE_ESTIMATE,estimated,-0.05793436631484075,9.347003098880338,-2.6440483303850058,-0.005498748402039792,0.053434966083454986,0.05576995895969563
40622472,1789117063119000000,2914,HEAD_POSE_ESTIMATE,estimated,-0.04062548470081595,9.34233826816102,-2.628738575748349,-0.021689018950480723,0.03886669458318519,0.04914548302594593
40636472,1789117063133000000,2915,HEAD_POSE_ESTIMATE,estimated,-0.04273562988734833,9.334799519704255,-2.6129461335450292,-0.041607088953259465,0.022293181678685225,0.04310524874387849
40650472,1789117063147000000,2916,HEAD_POSE_ESTIMATE,estimated,-0.0694848131864742,9.335858530991619,-2.5807861482398615,-0.060968432050927245,0.0023535473838742407,0.03251918567159902
40664472,1789117063161000000,2917,HEAD_POSE_ESTIMATE,estimated,-0.10591436790796596,9.335079848995168,-2.5514746078091974,-0.07985233991579221,-0.021566751180631706,0.01807206592878539
40679472,1789117063176000000,2918,HEAD_POSE_ESTIMATE,estimated,-0.15966802933019725,9.336494208090093,-2.524444300758216,-0.0937884645932529,-0.043078216086003575,-0.0025474594234010566
40691472,1789117063188000000,2919,HEAD_POSE_ESTIMATE,estimated,-0.20225640419618168,9.352886393393579,-2.5072396723642374,-0.09826483784007044,-0.057894652495300826,-0.018920415514033014
40705472,1789117063202000000,2920,HEAD_POSE_ESTIMATE,estimated,-0.2572414928612151,9.373778926209537,-2.4831934351035962,-0.09628433859173452,-0.072285355197177,-0.03366614208456415
40717472,1789117063214000000,2921,HEAD_POSE_ESTIMATE,estimated,-0.2773463086505412,9.38736177667203,-2.4685124740238082,-0.0872197337083014,-0.07832261993151267,-0.04377939337576229
40733472,1789117063230000000,2922,HEAD_POSE_ESTIMATE,estimated,-0.3125925611847522,9.38722497358359,-2.4554376210236426,-0.08146428947113467,-0.08438600920493745,-0.04073138268088724
40748472,1789117063245000000,2923,HEAD_POSE_ESTIMATE,estimated,-0.3474068830324593,9.398969778497023,-2.4588700172723206,-0.08076131275247134,-0.08733924404802829,-0.024449271668981504
40760472,1789117063257000000,2924,HEAD_POSE_ESTIMATE,estimated,-0.371667018567117,9.41279094792278,-2.458150714838456,-0.083438717124404,-0.08814780383504525,-0.007925102258560999
40774472,1789117063271000000,2925,HEAD_POSE_ESTIMATE,estimated,-0.3876433433932369,9.436923476728017,-2.4645796602638006,-0.09395024991349392,-0.088624359353004,0.014021427558209842
40789472,1789117063286000000,2926,HEAD_POSE_ESTIMATE,estimated,-0.381038652338882,9.466651150189586,-2.4722977805215938,-0.10237871359834771,-0.08840823202576974,0.033857983055259264
40801472,1789117063298000000,2927,HEAD_POSE_ESTIMATE,estimated,-0.3694143816458261,9.487870082558915,-2.468067170492122,-0.10194843259299466,-0.08510970590701056,0.04585272277753977
40815472,1789117063312000000,2928,HEAD_POSE_ESTIMATE,estimated,-0.35252955590898993,9.524958553090572,-2.4679039882274196,-0.09497093962598606,-0.08214744653414903,0.05105836940557283
40830472,1789117063327000000,2929,HEAD_POSE_ESTIMATE,estimated,-0.31894286936323446,9.556260562241969,-2.4679403117606413,-0.07869082977512862,-0.07533286737411861,0.051511099121976094
40843472,1789117063340000000,2930,HEAD_POSE_ESTIMATE,estimated,-0.3043425119700634,9.577996249293749,-2.475720319778581,-0.056875319557018335,-0.06721247526968441,0.04635329884151868
40858472,1789117063355000000,2931,HEAD_POSE_ESTIMATE,estimated,-0.29616842897944273,9.592777177126438,-2.498072727545731,-0.029677700524251283,-0.06040500048165242,0.035441629585553296
40871472,1789117063368000000,2932,HEAD_POSE_ESTIMATE,estimated,-0.2778054350955982,9.598936745762353,-2.5063638888961384,-0.006966858174774636,-0.052748058800303664,0.02659448033717709
40885472,1789117063382000000,2933,HEAD_POSE_ESTIMATE,estimated,-0.26643659847425755,9.588391686483735,-2.5486193739590677,0.016657143685843166,-0.04160182586638628,0.01847491986647938
40902472,1789117063399000000,2934,HEAD_POSE_ESTIMATE,estimated,-0.24720974745934332,9.56954992261129,-2.5829484696663703,0.03828992556605728,-0.028413213523896644,0.017642392293340144
40913472,1789117063410000000,2935,HEAD_POSE_ESTIMATE,estimated,-0.23607590199746376,9.550284888885004,-2.595525543265926,0.04981481829183356,-0.019071545187876935,0.020306161567464825
40927472,1789117063424000000,2936,HEAD_POSE_ESTIMATE,estimated,-0.2130562332898728,9.512981024355641,-2.616639666671259,0.05929423786554692,-0.009799148236163796,0.023084486996534537
40940472,1789117063437000000,2937,HEAD_POSE_ESTIMATE,estimated,-0.19648160373746493,9.465192835109512,-2.6344063329800016,0.06771511908122943,-0.0019920942644154342,0.02735509743828866
40954472,1789117063451000000,2938,HEAD_POSE_ESTIMATE,estimated,-0.18904809228985528,9.41995063231786,-2.6500990534418403,0.06790352517397354,0.0010670323930572299,0.01944350846429468
40969472,1789117063466000000,2939,HEAD_POSE_ESTIMATE,estimated,-0.18817137255855246,9.383204809768506,-2.676947634637587,0.06031434210179472,0.0005615198839381292,0.003637571906050993
40982472,1789117063479000000,2940,HEAD_POSE_ESTIMATE,estimated,-0.19123268913468205,9.347667036515775,-2.6905044601927517,0.04483962799851269,-0.005267137833365773,-0.01390762819508504
40996472,1789117063493000000,2941,HEAD_POSE_ESTIMATE,estimated,-0.19374280732393911,9.316159269444984,-2.698511860620082,0.030354012429541926,-0.012643577984499369,-0.03653489509886985
41010472,1789117063507000000,2942,HEAD_POSE_ESTIMATE,estimated,-0.2059885433154678,9.279912185888673,-2.6992811789349282,0.0006709082033687648,-0.023863358619889537,-0.05680341213640987
41024472,1789117063521000000,2943,HEAD_POSE_ESTIMATE,estimated,-0.2148954395863701,9.254980396157144,-2.675688001617553,-0.03347197764624493,-0.035917160051037324,-0.06881697422393314
41038472,1789117063535000000,2944,HEAD_POSE_ESTIMATE,estimated,-0.22044124869869372,9.242969341120974,-2.660525788547045,-0.06831558456672185,-0.04720282907526576,-0.072310934342314
41052472,1789117063549000000,2945,HEAD_POSE_ESTIMATE,estimated,-0.23287983314694966,9.24793500413015,-2.616368363137653,-0.1037399280393678,-0.05794298259868113,-0.07081524265486504
41066472,1789117063563000000,2946,HEAD_POSE_ESTIMATE,estimated,-0.23966544166565346,9.267130422324716,-2.5846694800072076,-0.13817566319043764,-0.06664531346122313,-0.06207272438356108
41080472,1789117063577000000,2947,HEAD_POSE_ESTIMATE,estimated,-0.24699777179332416,9.292279658173914,-2.5508153923164127,-0.16744493368146118,-0.07449052787951008,-0.0563370188592507
41094472,1789117063591000000,2948,HEAD_POSE_ESTIMATE,estimated,-0.2667335985845872,9.326365131841786,-2.5206317643475598,-0.1917162404875497,-0.08168617035008666,-0.05249388886587713
41107472,1789117063604000000,2949,HEAD_POSE_ESTIMATE,estimated,-0.28396246875795295,9.365401853103181,-2.485432241045718,-0.21149374028124795,-0.09106002769801384,-0.05730797254573303
41122472,1789117063619000000,2950,HEAD_POSE_ESTIMATE,estimated,-0.3149762275908963,9.395400376138744,-2.4482929323247036,-0.2263146014747256,-0.10011587639628412,-0.07495519360269126
41136472,1789117063633000000,2951,HEAD_POSE_ESTIMATE,estimated,-0.3434699566447304,9.399768596889578,-2.399120716009976,-0.2312929148278315,-0.10918650245673373,-0.10083690848650798
41151472,1789117063648000000,2952,HEAD_POSE_ESTIMATE,estimated,-0.38790841863059244,9.410087299217766,-2.337118586333519,-0.2346731595362492,-0.11623297154899322,-0.13350034541502906
41164472,1789117063661000000,2953,HEAD_POSE_ESTIMATE,estimated,-0.4334082849188428,9.427604631476957,-2.2883908529398385,-0.24031699983831392,-0.12103420975671714,-0.16381998228390093
41178472,1789117063675000000,2954,HEAD_POSE_ESTIMATE,estimated,-0.5008848908107745,9.448387891248318,-2.243222327335114,-0.24252832651393957,-0.12029821157487734,-0.1879918747991752
41192472,1789117063689000000,2955,HEAD_POSE_ESTIMATE,estimated,-0.5599524989041585,9.47173983492087,-2.1972456421599937,-0.24167460559813628,-0.11608295435890188,-0.20768563322976655
41206472,1789117063703000000,2956,HEAD_POSE_ESTIMATE,estimated,-0.6322179840257975,9.479260615231567,-2.149446277820561,-0.23959241449990604,-0.10942528609005306,-0.22234805545490993
41221472,1789117063718000000,2957,HEAD_POSE_ESTIMATE,estimated,-0.693181273849399,9.475226593247777,-2.108082715525863,-0.24261372479033652,-0.1007085436817082,-0.22926606780717257
41234472,1789117063731000000,2958,HEAD_POSE_ESTIMATE,estimated,-0.730948283274612,9.458427383445073,-2.0861878394591034,-0.2447504711088972,-0.08956067731070441,-0.230140902156671
41247472,1789117063744000000,2959,HEAD_POSE_ESTIMATE,estimated,-0.7580341781825032,9.45462043360918,-2.0481099494625257,-0.2537696710259904,-0.07982539018203674,-0.22265712862161915
41261472,1789117063758000000,2960,HEAD_POSE_ESTIMATE,estimated,-0.7954329734143502,9.469873328379425,-2.0089528111947863,-0.26752381106006184,-0.07248365579438093,-0.21183353329623708
41275472,1789117063772000000,2961,HEAD_POSE_ESTIMATE,estimated,-0.8311142237703846,9.48475461032506,-1.9826988351419281,-0.2903867015816272,-0.07026400531948819,-0.20307488284909989
41290472,1789117063787000000,2962,HEAD_POSE_ESTIMATE,estimated,-0.8827990360367349,9.492876980325688,-1.9558545360707387,-0.30426121202418466,-0.0717732733218498,-0.1963291004540465
41303472,1789117063800000000,2963,HEAD_POSE_ESTIMATE,estimated,-0.9155557296154393,9.49751439827424,-1.9351390760185363,-0.3102297581100171,-0.07710989825521375,-0.1903293388631008
41317472,1789117063814000000,2964,HEAD_POSE_ESTIMATE,estimated,-0.9367569612443359,9.496694220503073,-1.9160404518480219,-0.3069254553698498,-0.08364920853659506,-0.18839809517908668
41331472,1789117063828000000,2965,HEAD_POSE_ESTIMATE,estimated,-0.9509460434934949,9.488724056217388,-1.8938786249353943,-0.3003864898278056,-0.09045246438589653,-0.18535295780772582
41347472,1789117063844000000,2966,HEAD_POSE_ESTIMATE,estimated,-0.9429627466479895,9.524226885082575,-1.887223230932634,-0.2806051019693169,-0.09796450458109221,-0.18146959942222063
41360472,1789117063857000000,2967,HEAD_POSE_ESTIMATE,estimated,-0.9648122146656486,9.548212216127695,-1.8512147417064388,-0.26884009202585973,-0.1037845091665339,-0.17416688278145587
41372472,1789117063869000000,2968,HEAD_POSE_ESTIMATE,estimated,-0.9852811204431284,9.586259786915836,-1.823464649380534,-0.2558310989758216,-0.11039029147641823,-0.16891622714658763
41387472,1789117063884000000,2969,HEAD_POSE_ESTIMATE,estimated,-1.0083485120563123,9.58632536800159,-1.820678449780429,-0.2406007956830972,-0.12409555433082999,-0.17168772305749092
41399472,1789117063896000000,2970,HEAD_POSE_ESTIMATE,estimated,-1.0364810764622336,9.603899554970905,-1.7923980053654618,-0.22237509103009287,-0.13130004130007703,-0.17362708078550618
41414472,1789117063911000000,2971,HEAD_POSE_ESTIMATE,estimated,-1.0540632727640022,9.60954103691982,-1.764093516217968,-0.2025678475869155,-0.14075501560051915,-0.16942615835529976
41428472,1789117063925000000,2972,HEAD_POSE_ESTIMATE,estimated,-1.063638314024204,9.600472499610033,-1.7447433806161186,-0.18498309642145805,-0.1474465739262899,-0.16305515079568417
41452472,1789117063949000000,2973,HEAD_POSE_ESTIMATE,estimated,-1.0310656793801585,9.586488591097723,-1.7601509537665385,-0.16308318021463253,-0.15940041338762573,-0.15131993983270808
41466472,1789117063963000000,2974,HEAD_POSE_ESTIMATE,estimated,-1.0442669549226662,9.599793637742613,-1.742781362110704,-0.15788208237876655,-0.16115797971747559,-0.14416429694318864
41479472,1789117063976000000,2975,HEAD_POSE_ESTIMATE,estimated,-1.042041568845661,9.627322315752904,-1.747862296448604,-0.15832946036164555,-0.16220984082812243,-0.13785654854363102
41495472,1789117063992000000,2976,HEAD_POSE_ESTIMATE,estimated,-1.03663840338049,9.632203905205946,-1.7702168406090597,-0.15391699950230184,-0.15831512652912585,-0.12705912211620415
41507472,1789117064004000000,2977,HEAD_POSE_ESTIMATE,estimated,-1.0479577164759226,9.650050198446976,-1.7695517032733512,-0.15543843490637643,-0.15367984864520337,-0.12215557618120522
41521472,1789117064018000000,2978,HEAD_POSE_ESTIMATE,estimated,-1.050810893761157,9.651009688600082,-1.7795448289624334,-0.16193176234209028,-0.14378083673220976,-0.11793373218959895
41535472,1789117064032000000,2979,HEAD_POSE_ESTIMATE,estimated,-1.0541961620379496,9.660760348150765,-1.7815033292021418,-0.1639163110090154,-0.13490709023578915,-0.11943636125260082
41549472,1789117064046000000,2980,HEAD_POSE_ESTIMATE,estimated,-1.040499295106092,9.699498102401385,-1.8193382150424526,-0.1652025588065469,-0.12063063052518341,-0.11552831463613035
41563472,1789117064060000000,2981,HEAD_POSE_ESTIMATE,estimated,-1.0907460214564837,9.679160904724986,-1.7409057385034294,-0.16259679627434315,-0.11216994474090525,-0.10906891201831719
41577472,1789117064074000000,2982,HEAD_POSE_ESTIMATE,estimated,-1.1620341802033602,9.655943926837338,-1.6606155781335628,-0.16566988305642877,-0.1081550608241392,-0.10418058081372823
41591472,1789117064088000000,2983,HEAD_POSE_ESTIMATE,estimated,-1.1858895665274156,9.648922138634646,-1.660270748348298,-0.16327272811384935,-0.09930677038968717,-0.090557248847899
41605472,1789117064102000000,2984,HEAD_POSE_ESTIMATE,estimated,-1.2242561178180418,9.607290203812605,-1.6548993982332207,-0.15448661884975742,-0.09112939727488545,-0.07326658844194389
41619472,1789117064116000000,2985,HEAD_POSE_ESTIMATE,estimated,-1.2479461229368052,9.606055232113516,-1.6414195051465554,-0.15878783075334574,-0.08504992311909353,-0.0615358687448394
41633472,1789117064130000000,2986,HEAD_POSE_ESTIMATE,estimated,-1.2606884518595252,9.607388056463236,-1.6475979391959608,-0.1617766900753682,-0.08111551100774682,-0.050117364681414124
41647472,1789117064144000000,2987,HEAD_POSE_ESTIMATE,estimated,-1.251265986211458,9.616852106766014,-1.6455182484298223,-0.1622896859461303,-0.0798075111977814,-0.03720895448660462
41660472,1789117064157000000,2988,HEAD_POSE_ESTIMATE,estimated,-1.2449255623525195,9.63770583322423,-1.6452680982909076,-0.1598296005682762,-0.07993159840326819,-0.025354785386355612
41675472,1789117064172000000,2989,HEAD_POSE_ESTIMATE,estimated,-1.2477689407623294,9.688012403860995,-1.632847151260613,-0.1546977091865643,-0.0813667768966013,-0.01672383040059748
41689472,1789117064186000000,2990,HEAD_POSE_ESTIMATE,estimated,-1.2479443063388698,9.740357312273431,-1.622504786165595,-0.1418388381365456,-0.08433460014402541,-0.015909051228364945
41704472,1789117064201000000,2991,HEAD_POSE_ESTIMATE,estimated,-1.245464326600725,9.779417393034056,-1.614910438169401,-0.12598116157866174,-0.09027313212272073,-0.019129744788893142
41717472,1789117064214000000,2992,HEAD_POSE_ESTIMATE,estimated,-1.242709795060104,9.803405804648607,-1.5933850250874153,-0.11180870991343089,-0.09738325563166998,-0.023507600350441995
41731472,1789117064228000000,2993,HEAD_POSE_ESTIMATE,estimated,-1.2373274769856037,9.847541768387776,-1.587423895655808,-0.10409962406550224,-0.1042782366817591,-0.023195019216374582
41745472,1789117064242000000,2994,HEAD_POSE_ESTIMATE,estimated,-1.229833820008849,9.87245010590334,-1.572559657129255,-0.10025737770173059,-0.1116810365878062,-0.017910970590151797
41759472,1789117064256000000,2995,HEAD_POSE_ESTIMATE,estimated,-1.227732803546671,9.868113003086757,-1.5400564799963896,-0.09985135438473054,-0.11843734234541442,-0.005498189368587798
41772472,1789117064269000000,2996,HEAD_POSE_ESTIMATE,estimated,-1.2209290321706225,9.833649224337261,-1.5198156550502753,-0.09837662873471813,-0.124664081971319,0.006046330230339344
41786472,1789117064283000000,2997,HEAD_POSE_ESTIMATE,estimated,-1.211844231831888,9.805181144674481,-1.498612000750099,-0.09761762598170723,-0.12810185248410977,0.01984244316845604
41800472,1789117064297000000,2998,HEAD_POSE_ESTIMATE,estimated,-1.2041578274291391,9.781602249215208,-1.4764029481428282,-0.09515962321042075,-0.12829536893823093,0.030357739317529907
41814472,1789117064311000000,2999,HEAD_POSE_ESTIMATE,estimated,-1.1904265799775295,9.780108879410696,-1.4549399639392677,-0.09026398120628505,-0.12396239576698136,0.039337944434960054
41828472,1789117064325000000,3000,HEAD_POSE_ESTIMATE,estimated,-1.189732954802912,9.760525679715984,-1.4316919347828938,-0.08038335128362407,-0.11789708278580038,0.039999189807321804
41842472,1789117064339000000,3001,HEAD_POSE_ESTIMATE,estimated,-1.1910990082233703,9.748630117155308,-1.4254045571572176,-0.06387322270131493,-0.10987087785654685,0.036323819257704025
41856472,1789117064353000000,3002,HEAD_POSE_ESTIMATE,estimated,-1.196782157070029,9.729308594384465,-1.4186524911793539,-0.04859193014356915,-0.09805066790015825,0.027942129441034982
41870472,1789117064367000000,3003,HEAD_POSE_ESTIMATE,estimated,-1.1945986021686419,9.716349327001476,-1.404103691211966,-0.037565414122062206,-0.08583839815058918,0.013808748096445849
41885472,1789117064382000000,3004,HEAD_POSE_ESTIMATE,estimated,-1.2013728514582545,9.70309713234329,-1.3858989188550936,-0.02817479112844207,-0.0721504408048918,0.0023708783069134585
41898472,1789117064395000000,3005,HEAD_POSE_ESTIMATE,estimated,-1.2138838295503065,9.689447350849752,-1.3716456519656213,-0.02410493437856964,-0.0598137148790132,-0.0036906189414283477
41912472,1789117064409000000,3006,HEAD_POSE_ESTIMATE,estimated,-1.2089091989396907,9.672324505928893,-1.3571945425303866,-0.02221967984811568,-0.04702792964251807,-0.005140671560515996
41927472,1789117064424000000,3007,HEAD_POSE_ESTIMATE,estimated,-1.2167099138198876,9.653681310491827,-1.3491368846639893,-0.02303335619396388,-0.03328706130998863,0.000553962823940984
41942472,1789117064439000000,3008,HEAD_POSE_ESTIMATE,estimated,-1.209147834266621,9.646265390503023,-1.3324917677626906,-0.024284054675838697,-0.0191192294616269,0.012774475748910179
41954472,1789117064451000000,3009,HEAD_POSE_ESTIMATE,estimated,-1.1949984082901128,9.654605830917856,-1.3122650264672644,-0.025053301898841484,-0.008450592755122369,0.030973322414838335
41968472,1789117064465000000,3010,HEAD_POSE_ESTIMATE,estimated,-1.1744845889758146,9.636394711240186,-1.2934489871430859,-0.025349101495855432,0.003137452845182011,0.05091418763505173
41984472,1789117064481000000,3011,HEAD_POSE_ESTIMATE,estimated,-1.1322193155639517,9.611071328867798,-1.273198689778432,-0.02640868557375198,0.014934210003285051,0.07058039924178411
41996472,1789117064493000000,3012,HEAD_POSE_ESTIMATE,estimated,-1.099794224768983,9.593950261597351,-1.2576254039199035,-0.027059905563934637,0.024537340197720633,0.08401130071804438
42011472,1789117064508000000,3013,HEAD_POSE_ESTIMATE,estimated,-1.06408042959158,9.599482074277635,-1.2311405234454738,-0.025450132094881207,0.032806371846974006,0.09056155620628327
42026472,1789117064523000000,3014,HEAD_POSE_ESTIMATE,estimated,-1.0145489397481398,9.616750286713813,-1.2068211156617736,-0.024122100712550658,0.03789725753200982,0.09148089391096195
42038472,1789117064535000000,3015,HEAD_POSE_ESTIMATE,estimated,-0.9787987093286055,9.63168116617062,-1.1900127109259235,-0.021203960009541375,0.03870051253667877,0.08386814094607026
42052472,1789117064549000000,3016,HEAD_POSE_ESTIMATE,estimated,-0.9442323620278081,9.640335001611957,-1.1697733651191085,-0.020533227472922695,0.037396731709114776,0.07378506681406168
42067472,1789117064564000000,3017,HEAD_POSE_ESTIMATE,estimated,-0.9217322394026117,9.66591232164686,-1.1573617899177862,-0.02002515572797068,0.031022717777604302,0.06059470526400429
42080472,1789117064577000000,3018,HEAD_POSE_ESTIMATE,estimated,-0.8987697445346857,9.690349140001565,-1.1494197854866963,-0.01832298096134069,0.022184144752652075,0.045940999509060686
42094472,1789117064591000000,3019,HEAD_POSE_ESTIMATE,estimated,-0.8722143580539039,9.706761471275824,-1.145746786673497,-0.018141171405663053,0.01246593469882938,0.032445396280488176
42107472,1789117064604000000,3020,HEAD_POSE_ESTIMATE,estimated,-0.8694827866038828,9.712559405874096,-1.1432626574097,-0.016586177240012184,-0.0007566782934648577,0.018015897478000933
42122472,1789117064619000000,3021,HEAD_POSE_ESTIMATE,estimated,-0.8650809642915738,9.715793555065302,-1.1417584258543731,-0.011179128441276753,-0.01814039529061957,0.0016989364763516188
42137472,1789117064634000000,3022,HEAD_POSE_ESTIMATE,estimated,-0.875363998934183,9.718042132634423,-1.1493807471191104,-0.0033420472940931365,-0.03459558290260865,-0.012063166356742911
42150472,1789117064647000000,3023,HEAD_POSE_ESTIMATE,estimated,-0.8924542956833166,9.717490361064641,-1.1513658365198265,0.007247324275770804,-0.04944643848139094,-0.02196663941426244
42165472,1789117064662000000,3024,HEAD_POSE_ESTIMATE,estimated,-0.9128469549528968,9.711114189401146,-1.1501919219540442,0.020356183585993642,-0.06506845162714443,-0.030149616436151702
42181472,1789117064678000000,3025,HEAD_POSE_ESTIMATE,estimated,-0.938121286922504,9.69450169046073,-1.1536391128469552,0.036842743093930444,-0.07906225643984303,-0.03520737710517482
42193472,1789117064690000000,3026,HEAD_POSE_ESTIMATE,estimated,-0.9614221777224092,9.676697432743232,-1.1541802564584793,0.04796377581691286,-0.08786582278249322,-0.033817131213588654
42206472,1789117064703000000,3027,HEAD_POSE_ESTIMATE,estimated,-0.9893580416567912,9.653287626926,-1.1672361723379368,0.05499686531511937,-0.09373269471184965,-0.028215350275590606
42221472,1789117064718000000,3028,HEAD_POSE_ESTIMATE,estimated,-1.0137329383650282,9.636268202991939,-1.174641071569767,0.05600842810830551,-0.09667721561040162,-0.01971268883324428
42234472,1789117064731000000,3029,HEAD_POSE_ESTIMATE,estimated,-1.0320688885778053,9.634714822025176,-1.174447913151751,0.053611738117367705,-0.0965096743798206,-0.009698683304617617
42247472,1789117064744000000,3030,HEAD_POSE_ESTIMATE,estimated,-1.0436786909946583,9.642356640077411,-1.1842171427161912,0.04771709378693525,-0.09369455546955614,-0.001260319848635828
42262472,1789117064759000000,3031,HEAD_POSE_ESTIMATE,estimated,-1.0619208318295024,9.651104573171288,-1.1935379952801421,0.03746809991394659,-0.08463239129910212,0.0068684891610205495
42276472,1789117064773000000,3032,HEAD_POSE_ESTIMATE,estimated,-1.0763876182559466,9.674909384062865,-1.1975822842010124,0.023040582415992644,-0.0755372269635464,0.012080456008101764
42290472,1789117064787000000,3033,HEAD_POSE_ESTIMATE,estimated,-1.0897159018638538,9.709541582670713,-1.2012697566611297,0.010177523614832668,-0.06381330765484583,0.012965312345819413
42304472,1789117064801000000,3034,HEAD_POSE_ESTIMATE,estimated,-1.1045102981366317,9.73626861240589,-1.2059387617141102,0.0037399564721523576,-0.05144948787700186,0.008618682256441142
42317472,1789117064814000000,3035,HEAD_POSE_ESTIMATE,estimated,-1.1155575822457746,9.747769806422314,-1.2016658326768166,0.001435450403454183,-0.04040807539347805,-0.00011817197528180244
42332472,1789117064829000000,3036,HEAD_POSE_ESTIMATE,estimated,-1.1271980060679092,9.764988090771947,-1.1975062477300236,0.0021996743967852466,-0.027119172241263707,-0.008775396498680752
42348472,1789117064845000000,3037,HEAD_POSE_ESTIMATE,estimated,-1.1350902854010714,9.784125596941843,-1.1881546543570451,0.00831074416380589,-0.014136078465091165,-0.01682035982220842
42359472,1789117064856000000,3038,HEAD_POSE_ESTIMATE,estimated,-1.1387210778314223,9.798058961838299,-1.1828443048578006,0.017825927871248877,-0.004820778851821089,-0.02122588933899862
42372472,1789117064869000000,3039,HEAD_POSE_ESTIMATE,estimated,-1.1394020583483737,9.808134792229755,-1.1686748029276945,0.03288422462537691,0.0032579928949966947,-0.024285006899610547
42388472,1789117064885000000,3040,HEAD_POSE_ESTIMATE,estimated,-1.1412442467289439,9.805579569024724,-1.1578792775818507,0.05302670659031432,0.010695472531103855,-0.02334131315412252
42399472,1789117064896000000,3041,HEAD_POSE_ESTIMATE,estimated,-1.1441565893353443,9.798703326246548,-1.1529330927293284,0.06800217855590225,0.014619792582607791,-0.019033405962063574
42414472,1789117064911000000,3042,HEAD_POSE_ESTIMATE,estimated,-1.1449365417757331,9.792388280200134,-1.138497072616911,0.08560795086571124,0.016092608347766962,-0.01362775237104476
42429472,1789117064926000000,3043,HEAD_POSE_ESTIMATE,estimated,-1.1451288617078712,9.784101076152975,-1.1422501500417823,0.098151497790562,0.01276985355699512,-0.007279588144444038
42442472,1789117064939000000,3044,HEAD_POSE_ESTIMATE,estimated,-1.1474391880639183,9.781651176543352,-1.1402252077568837,0.10531801444201509,0.006396855034549882,0.001436218033311652
42455472,1789117064952000000,3045,HEAD_POSE_ESTIMATE,estimated,-1.1460482493442703,9.777804691821459,-1.1549944575731386,0.1062438238863029,0.00018976091663462988,0.009234191113687857
42469472,1789117064966000000,3046,HEAD_POSE_ESTIMATE,estimated,-1.1439776773218508,9.771327728644042,-1.1808639477015357,0.10554572828321576,-0.008305863653386654,0.019711738675977468
42483472,1789117064980000000,3047,HEAD_POSE_ESTIMATE,estimated,-1.1423738941531292,9.761303165848169,-1.207207450758121,0.10277960560277768,-0.016570657268609724,0.030680695037087667
42497472,1789117064994000000,3048,HEAD_POSE_ESTIMATE,estimated,-1.1370193929565027,9.746182732310178,-1.2322524667399086,0.10209040272410126,-0.022948366920977653,0.04230853240917678
42511472,1789117065008000000,3049,HEAD_POSE_ESTIMATE,estimated,-1.1329098183443007,9.720274979945088,-1.2669368949101123,0.09937127591644712,-0.02820252855956388,0.054355261947752906
42525472,1789117065022000000,3050,HEAD_POSE_ESTIMATE,estimated,-1.121973959087064,9.686593079713214,-1.293756772181342,0.09386532928638136,-0.03205117927317663,0.06717094705646826
42539472,1789117065036000000,3051,HEAD_POSE_ESTIMATE,estimated,-1.1068636926972844,9.642690939410912,-1.3209506288383113,0.08944936952754463,-0.03135708980059707,0.07711341574316517
42554472,1789117065051000000,3052,HEAD_POSE_ESTIMATE,estimated,-1.094498082810483,9.603467104147297,-1.3471456571446334,0.08409311044648557,-0.02999445669450376,0.08440027149206174
42567472,1789117065064000000,3053,HEAD_POSE_ESTIMATE,estimated,-1.0777674241045334,9.567476584208782,-1.369729197659588,0.07851816161645585,-0.024341833066734167,0.08247231706377932
42582472,1789117065079000000,3054,HEAD_POSE_ESTIMATE,estimated,-1.0679762889736966,9.526009982224267,-1.383804148487945,0.06759359230528436,-0.014167379063576128,0.07069266623843752
42595472,1789117065092000000,3055,HEAD_POSE_ESTIMATE,estimated,-1.0579024623182813,9.50345553897315,-1.3875455690106622,0.056549441639647056,-0.0029537634669435514,0.04949973375162153
42610472,1789117065107000000,3056,HEAD_POSE_ESTIMATE,estimated,-1.0561720584917784,9.486723373309362,-1.378365292990643,0.04025721533451762,0.010969283437959946,0.02474158443818325
42624472,1789117065121000000,3057,HEAD_POSE_ESTIMATE,estimated,-1.0599780261764569,9.482346368892058,-1.3647727303377126,0.02243740529637157,0.025562578042143815,0.0007006405247426289
42637472,1789117065134000000,3058,HEAD_POSE_ESTIMATE,estimated,-1.0696649335502086,9.483822817382004,-1.3489989042188717,0.007136303140414192,0.03883590657804297,-0.016511753554582072
42652472,1789117065149000000,3059,HEAD_POSE_ESTIMATE,estimated,-1.0769454647283836,9.487948903223801,-1.3240878664175082,-0.008750009182203007,0.052965799203108344,-0.02624050122919018
42666472,1789117065163000000,3060,HEAD_POSE_ESTIMATE,estimated,-1.0973278047205053,9.490478617425557,-1.2919138909066246,-0.022996617669198242,0.06529383184691688,-0.026320061254728758
42679472,1789117065176000000,3061,HEAD_POSE_ESTIMATE,estimated,-1.0986523094985012,9.492462553313276,-1.2730368653766402,-0.033190150910838837,0.07288541999501856,-0.016562552947351095
42693472,1789117065190000000,3062,HEAD_POSE_ESTIMATE,estimated,-1.0960883078047914,9.501032521889247,-1.250685799053172,-0.04508273724623309,0.07816356212142399,-0.002946974149095268
42707472,1789117065204000000,3063,HEAD_POSE_ESTIMATE,estimated,-1.0793752197982645,9.519338128849,-1.2290301649984925,-0.056390776696102554,0.07948139430971637,0.012965174271609661
42720472,1789117065217000000,3064,HEAD_POSE_ESTIMATE,estimated,-1.0668122623763916,9.538190272663535,-1.213938274962826,-0.06754807623450168,0.0782386156038456,0.02683333704319522
42735472,1789117065232000000,3065,HEAD_POSE_ESTIMATE,estimated,-1.0498197617754839,9.563890821602094,-1.2016353466626044,-0.07624905246905757,0.07543233118260195,0.035245728917528966
42748472,1789117065245000000,3066,HEAD_POSE_ESTIMATE,estimated,-1.0329265685106583,9.57893042710154,-1.184082762746865,-0.0810652548097614,0.07216210824658766,0.036605868987598364
42762472,1789117065259000000,3067,HEAD_POSE_ESTIMATE,estimated,-1.0193724305203367,9.593368732823473,-1.1673356071519125,-0.08306079744116879,0.06745017700371883,0.03357199462133223
42777472,1789117065274000000,3068,HEAD_POSE_ESTIMATE,estimated,-1.0122099293508386,9.618397908387626,-1.1549174132186473,-0.08274741448541878,0.06556594242969199,0.024435546846519517
42790472,1789117065287000000,3069,HEAD_POSE_ESTIMATE,estimated,-1.014126470615968,9.631360828256371,-1.1462741460630497,-0.08050294809010805,0.061274886439787624,0.01895367249994688
42804472,1789117065301000000,3070,HEAD_POSE_ESTIMATE,estimated,-1.0140218578320699,9.648148314838963,-1.1410461116528339,-0.07777237766521308,0.057135553456114097,0.01394348554560923
42818472,1789117065315000000,3071,HEAD_POSE_ESTIMATE,estimated,-1.021723312230502,9.678628862792298,-1.133909809139558,-0.07793259072586749,0.053237235980420634,0.013262027523327722
42832472,1789117065329000000,3072,HEAD_POSE_ESTIMATE,estimated,-1.0319069323337702,9.70603635938981,-1.1285131308342642,-0.07601239174485482,0.049157830994073184,0.01136483921111775
42845472,1789117065342000000,3073,HEAD_POSE_ESTIMATE,estimated,-1.0464136113744908,9.731246653926222,-1.1230030310671422,-0.07444562031405337,0.04602591039269419,0.009551070449388575
42859472,1789117065356000000,3074,HEAD_POSE_ESTIMATE,edge_fit,-1.0724877146221952,9.746384611650045,-1.1159108956400163,-0.07030446174558615,0.04473468263349828,0.0044174749634702465
42873472,1789117065370000000,3075,HEAD_POSE_ESTIMATE,edge_fit,-1.0967154867738331,9.763177361137151,-1.1074099762788097,-0.06405455649155345,0.04520680071961776,0.0009125975149769749
42887472,1789117065384000000,3076,HEAD_POSE_ESTIMATE,edge_fit,-1.1243980093662105,9.780086416864181,-1.0943603154093324,-0.05664905913764867,0.04676696144302845,-0.002798111392744326
42901472,1789117065398000000,3077,HEAD_POSE_ESTIMATE,edge_fit,-1.152305300376471,9.79627018213287,-1.0873906622259255,-0.048081562719450625,0.04942533775212307,-0.006748310566063346
42915472,1789117065412000000,3078,HEAD_POSE_ESTIMATE,edge_fit,-1.1800741742923944,9.8124061420359,-1.0808948833938417,-0.03835078088521187,0.053183701723531096,-0.010916415140561284
42930472,1789117065427000000,3079,HEAD_POSE_ESTIMATE,edge_fit,-1.2135668902700965,9.828388982399119,-1.0815300430034622,-0.026644064815969377,0.05841993107512819,-0.01564736960712951
42943472,1789117065440000000,3080,HEAD_POSE_ESTIMATE,edge_fit,-1.241564342117565,9.842357188730245,-1.08200516124957,-0.01541566388718592,0.06398231667986723,-0.019945538739240733
42957472,1789117065454000000,3081,HEAD_POSE_ESTIMATE,edge_fit,-1.2681657323917623,9.857477208700478,-1.0858233835422113,-0.002189270802644078,0.07103131945380671,-0.0247893867688236
42971472,1789117065468000000,3082,HEAD_POSE_ESTIMATE,edge_fit,-1.2933644075744866,9.872942650666708,-1.0881934432323304,0.012209399623478652,0.07917783278398963,-0.02983646893192977
