tracking_time_ns,capture_time_ns,pose_sample_index,source,phase,peak_relative_0_100,contact_strength,palm_relative_0_100,index_relative_0_100,middle_relative_0_100,ring_relative_0_100,little_relative_0_100,thumb_relative_0_100,endpoint_hold
0,1789117022496528000,,video_contact_only,No contact,0,0,0,0,0,0,0,0,False
20005000,1789117022516533000,,video_contact_only,No contact,0,0,0,0,0,0,0,0,False
80005000,1789117022576533000,3,video_contact_and_recorded_pose,No contact,0,0,0,0,0,0,0,0,False
160009000,1789117022656537000,9,video_contact_and_recorded_pose,No contact,0,0,0,0,0,0,0,0,False
180009000,1789117022676537000,10,video_contact_and_recorded_pose,No contact,0,0,0,0,0,0,0,0,False
200010000,1789117022696538000,11,video_contact_and_recorded_pose,No contact,0,0,0,0,0,0,0,0,False
260014000,1789117022756542000,16,video_contact_and_recorded_pose,No contact,0,0,0,0,0,0,0,0,False
300019000,1789117022796547000,19,video_contact_and_recorded_pose,No contact,0,0,0,0,0,0,0,0,False
320019000,1789117022816547000,20,video_contact_and_recorded_pose,No contact,0,0,0,0,0,0,0,0,False
340019000,1789117022836547000,21,video_contact_and_recorded_pose,No contact,0,0,0,0,0,0,0,0,False
380019000,1789117022876547000,24,video_contact_and_recorded_pose,No contact,0,0,0,0,0,0,0,0,False
440023000,1789117022936551000,29,video_contact_and_recorded_pose,No contact,0,0,0,0,0,0,0,0,False
480023000,1789117022976551000,32,video_contact_and_recorded_pose,No contact,0,0,0,0,0,0,0,0,False
500028000,1789117022996556000,33,video_contact_and_recorded_pose,No contact,0,0,0,0,0,0,0,0,False
540028000,1789117023036556000,36,video_contact_and_recorded_pose,No contact,0,0,0,0,0,0,0,0,False
560028000,1789117023056556000,37,video_contact_and_recorded_pose,No contact,0,0,0,0,0,0,0,0,False
620033000,1789117023116561000,41,video_contact_and_recorded_pose,No contact,0,0,0,0,0,0,0,0,False
660033000,1789117023156561000,45,video_contact_and_recorded_pose,No contact,0,0,0,0,0,0,0,0,False
720037000,1789117023216565000,49,video_contact_and_recorded_pose,No contact,0,0,0,0,0,0,0,0,False
760037000,1789117023256565000,52,video_contact_and_recorded_pose,No contact,0,0,0,0,0,0,0,0,False
800042000,1789117023296570000,55,video_contact_and_recorded_pose,No contact,0,0,0,0,0,0,0,0,False
820042000,1789117023316570000,56,video_contact_and_recorded_pose,No contact,0,0,0,0,0,0,0,0,False
840042000,1789117023336570000,57,video_contact_and_recorded_pose,No contact,0,0,0,0,0,0,0,0,False
860042000,1789117023356570000,59,video_contact_and_recorded_pose,No contact,0,0,0,0,0,0,0,0,False
900046000,1789117023396574000,62,video_contact_and_recorded_pose,No contact,0,0,0,0,0,0,0,0,False
940047000,1789117023436575000,65,video_contact_and_recorded_pose,No contact,0,0,0,0,0,0,0,0,False
1020051000,1789117023516579000,71,video_contact_and_recorded_pose,No contact,0,0,0,0,0,0,0,0,False
1040051000,1789117023536579000,72,video_contact_and_recorded_pose,No contact,0,0,0,0,0,0,0,0,False
1060051000,1789117023556579000,73,video_contact_and_recorded_pose,No contact,0,0,0,0,0,0,0,0,False
1080056000,1789117023576584000,75,video_contact_and_recorded_pose,No contact,0,0,0,0,0,0,0,0,False
1120056000,1789117023616584000,78,video_contact_and_recorded_pose,No contact,0,0,0,0,0,0,0,0,False
1180060000,1789117023676588000,82,video_contact_and_recorded_pose,No contact,0,0,0,0,0,0,0,0,False
1200060000,1789117023696588000,83,video_contact_and_recorded_pose,No contact,0,0,0,0,0,0,0,0,False
1260060000,1789117023756588000,88,video_contact_and_recorded_pose,No contact,0,0,0,0,0,0,0,0,False
1300065000,1789117023796593000,91,video_contact_and_recorded_pose,No contact,0,0,0,0,0,0,0,0,False
1320065000,1789117023816593000,92,video_contact_and_recorded_pose,No contact,0,0,0,0,0,0,0,0,False
1340065000,1789117023836593000,93,video_contact_and_recorded_pose,No contact,0,0,0,0,0,0,0,0,False
1380070000,1789117023876598000,96,video_contact_and_recorded_pose,No contact,0,0,0,0,0,0,0,0,False
1420070000,1789117023916598000,,video_contact_only,No contact,0,0,0,0,0,0,0,0,False
1460070000,1789117023956598000,,video_contact_only,No contact,0,0,0,0,0,0,0,0,False
1500074000,1789117023996602000,,video_contact_only,No contact,0,0,0,0,0,0,0,0,False
1540074000,1789117024036602000,,video_contact_only,No contact,0,0,0,0,0,0,0,0,False
1620079000,1789117024116607000,,video_contact_only,No contact,0,0,0,0,0,0,0,0,False
1640079000,1789117024136607000,,video_contact_only,No contact,0,0,0,0,0,0,0,0,False
1660079000,1789117024156607000,,video_contact_only,No contact,0,0,0,0,0,0,0,0,False
1700084000,1789117024196612000,,video_contact_only,No contact,0,0,0,0,0,0,0,0,False
1760084000,1789117024256612000,124,video_contact_and_recorded_pose,No contact,0,0,0,0,0,0,0,0,False
1780088000,1789117024276616000,125,video_contact_and_recorded_pose,No contact,0,0,0,0,0,0,0,0,False
1800088000,1789117024296616000,127,video_contact_and_recorded_pose,No contact,0,0,0,0,0,0,0,0,False
1840088000,1789117024336616000,129,video_contact_and_recorded_pose,No contact,0,0,0,0,0,0,0,0,False
1940093000,1789117024436621000,137,video_contact_and_recorded_pose,No contact,0,0,0,0,0,0,0,0,False
1980097000,1789117024476625000,139,video_contact_and_recorded_pose,No contact,0,0,0,0,0,0,0,0,False
2020097000,1789117024516625000,142,video_contact_and_recorded_pose,No contact,0,0,0,0,0,0,0,0,False
2040098000,1789117024536626000,144,video_contact_and_recorded_pose,No contact,0,0,0,0,0,0,0,0,False
2080102000,1789117024576630000,147,video_contact_and_recorded_pose,No contact,0,0,0,0,0,0,0,0,False
2120102000,1789117024616630000,150,video_contact_and_recorded_pose,No contact,0,0,0,0,0,0,0,0,False
2160107000,1789117024656635000,,video_contact_only,No contact,0,0,0,0,0,0,0,0,False
2180107000,1789117024676635000,,video_contact_only,No contact,0,0,0,0,0,0,0,0,False
2200107000,1789117024696635000,,video_contact_only,No contact,0,0,0,0,0,0,0,0,False
2220107000,1789117024716635000,,video_contact_only,No contact,0,0,0,0,0,0,0,0,False
2240107000,1789117024736635000,,video_contact_only,No contact,0,0,0,0,0,0,0,0,False
2300111000,1789117024796639000,,video_contact_only,Reach for kettle,0,3.5647377531810846e-08,0,0,0,0,0,0,False
2340111000,1789117024836639000,,video_contact_only,Reach for kettle,0.4,0.004482460527028594,0,0.4,0.4,0.4,0,0.4,False
2360116000,1789117024856644000,,video_contact_only,Reach for kettle,0.8,0.009874916701065072,0.4,0.8,0.8,0.4,0.4,0.8,False
2380116000,1789117024876644000,,video_contact_only,Reach for kettle,1.2,0.017194543310290064,0.4,1.2,1.2,0.8,0.4,1.2,False
2420116000,1789117024916644000,,video_contact_only,Reach for kettle,3.1,0.03710419261927503,0.8,3.1,2.4,2,1.2,2.7,False
2480121000,1789117024976649000,,video_contact_only,Reach for kettle,6.3,0.07821955242725612,2,6.3,5.5,3.9,2.4,5.5,False
2520121000,1789117025016649000,,video_contact_only,Reach for kettle,9,0.11162534333056974,2.7,9,7.5,5.5,3.5,7.8,False
2560125000,1789117025056653000,,video_contact_only,Reach for kettle,11.8,0.14863269109425095,3.5,11.8,10.2,7.5,4.7,10.6,False
2580125000,1789117025076653000,,video_contact_only,Reach for kettle,13.3,0.16816219711303698,4.3,13.3,11.4,8.6,5.1,11.8,False
2620125000,1789117025116653000,,video_contact_only,Reach for kettle,16.5,0.20863340693867577,5.1,16.5,14.1,10.6,6.7,14.9,False
2700130000,1789117025196658000,,video_contact_only,Reach for kettle,23.1,0.29162893831930264,7.1,23.1,19.6,14.5,9,20.8,False
2720130000,1789117025216658000,,video_contact_only,Reach for kettle,24.7,0.31205294323292576,7.8,24.7,21.2,15.7,9.8,22,False
2760134000,1789117025256662000,,video_contact_only,Reach for kettle,28.2,0.351616281428953,8.6,28.2,23.9,17.6,11,25.1,False
2800135000,1789117025296663000,,video_contact_only,Reach for kettle,31,0.3886009900737302,9.4,31,26.3,19.6,12.2,27.5,False
2820135000,1789117025316663000,,video_contact_only,Reach for kettle,32.5,0.4058055535449343,9.8,32.5,27.5,20.4,12.9,28.6,False
2860139000,1789117025356667000,,video_contact_only,Reach for kettle,34.9,0.43699993464054576,10.6,34.9,29.8,22,13.7,31,False
2880139000,1789117025376667000,,video_contact_only,Reach for kettle,36.1,0.4507294014849492,11,36.1,30.6,22.7,14.1,31.8,False
2940144000,1789117025436672000,,video_contact_only,Reach for kettle,38.4,0.48291243617855695,11.8,38.4,32.9,24.3,15.3,34.1,False
2980144000,1789117025476672000,212,video_contact_and_recorded_pose,Reach for kettle,41.2,0.49557326627457887,12.2,41.2,33.3,24.3,14.1,34.9,False
3020144000,1789117025516672000,214,video_contact_and_recorded_pose,Grasp kettle,41.6,0.5000000053847015,12.2,41.6,33.7,24.3,14.5,35.3,False
3060148000,1789117025556676000,217,video_contact_and_recorded_pose,Grasp kettle,41.6,0.5004112220382662,12.2,41.6,33.7,24.3,14.5,35.3,False
3100148000,1789117025596676000,,video_contact_only,Grasp kettle,40,0.5016095633338632,12.5,40,34.1,25.1,15.7,35.7,False
3140153000,1789117025636681000,,video_contact_only,Grasp kettle,40,0.5035515787812658,12.5,40,34.1,25.5,15.7,35.7,False
3180153000,1789117025676681000,,video_contact_only,Grasp kettle,40.4,0.506193040226871,12.5,40.4,34.5,25.5,16.1,36.1,False
3200153000,1789117025696681000,,video_contact_only,Grasp kettle,40.4,0.5077624689650548,12.5,40.4,34.5,25.5,16.1,36.1,False
3260158000,1789117025756686000,,video_contact_only,Grasp kettle,40.8,0.5134004651438684,12.5,40.8,34.9,25.9,16.1,36.5,False
3300158000,1789117025796686000,,video_contact_only,Grasp kettle,41.2,0.5178784954922611,12.9,41.2,35.3,25.9,16.5,36.9,False
3320158000,1789117025816686000,,video_contact_only,Grasp kettle,41.6,0.5203170012080816,12.9,41.6,35.3,26.3,16.5,36.9,False
3340162000,1789117025836690000,,video_contact_only,Grasp kettle,41.6,0.5228817359762069,12.9,41.6,35.3,26.3,16.5,37.3,False
3400162000,1789117025896690000,,video_contact_only,Grasp kettle,42.4,0.5312739836703952,12.9,42.4,36.1,26.7,16.9,37.6,False
3420162000,1789117025916690000,,video_contact_only,Grasp kettle,42.7,0.5342863569237576,13.3,42.7,36.1,26.7,16.9,38,False
3480167000,1789117025976695000,,video_contact_only,Grasp kettle,43.5,0.5438926402235478,13.3,43.5,36.9,27.5,17.3,38.4,False
3500167000,1789117025996695000,,video_contact_only,Grasp kettle,43.5,0.5472656959175561,13.3,43.5,37.3,27.5,17.3,38.8,False
3540171000,1789117026036699000,,video_contact_only,Grasp kettle,44.3,0.5542365392468517,13.7,44.3,37.6,27.8,17.3,39.2,False
3560172000,1789117026056700000,,video_contact_only,Grasp kettle,44.7,0.5578228749089189,13.7,44.7,37.6,27.8,17.6,39.6,False
3620176000,1789117026116704000,,video_contact_only,Grasp kettle,45.5,0.5689207918955738,14.1,45.5,38.4,28.6,18,40.4,False
3660176000,1789117026156704000,,video_contact_only,Grasp kettle,45.9,0.5765464832639948,14.1,45.9,39.2,29,18,40.8,False
3680176000,1789117026176704000,,video_contact_only,Grasp kettle,46.3,0.5804111958384226,14.1,46.3,39.2,29,18.4,41.2,False
3700176000,1789117026196704000,,video_contact_only,Grasp kettle,46.7,0.5843031966472868,14.5,46.7,39.6,29.4,18.4,41.6,False
3760181000,1789117026256709000,,video_contact_only,Grasp kettle,47.5,0.5960892419585274,14.5,47.5,40.4,29.8,18.8,42.4,False
3800181000,1789117026296709000,,video_contact_only,Grasp kettle,48.2,0.6039821559297558,14.9,48.2,40.8,30.2,18.8,42.7,False
3840185000,1789117026336713000,,video_contact_only,Grasp kettle,49,0.6118537874317922,14.9,49,41.6,30.6,19.2,43.5,False
3860185000,1789117026356713000,,video_contact_only,Grasp kettle,49,0.6157672637888709,15.3,49,42,31,19.2,43.5,False
3900186000,1789117026396714000,,video_contact_only,Grasp kettle,49.8,0.6235231827183041,15.3,49.8,42.4,31.4,19.6,44.3,False
3980190000,1789117026476718000,,video_contact_only,Grasp kettle,51,0.6385973732428585,15.7,51,43.1,32.2,20,45.1,False
4000190000,1789117026496718000,,video_contact_only,Grasp kettle,51.4,0.6422425850350748,15.7,51.4,43.5,32.2,20,45.5,False
4040195000,1789117026536723000,,video_contact_only,Grasp kettle,51.8,0.6493478368217265,16.1,51.8,43.9,32.5,20.4,45.9,False
4080195000,1789117026576723000,,video_contact_only,Grasp kettle,52.5,0.6561676733773697,16.1,52.5,44.3,32.9,20.8,46.7,False
4120199000,1789117026616727000,,video_contact_only,Grasp kettle,52.9,0.6626598918390868,16.5,52.9,45.1,33.3,20.8,47.1,False
4140199000,1789117026636727000,,video_contact_only,Grasp kettle,52.9,0.6657689045896631,16.5,52.9,45.1,33.3,20.8,47.1,False
4160199000,1789117026656727000,,video_contact_only,Grasp kettle,53.3,0.6687794520938479,16.5,53.3,45.5,33.7,21.2,47.5,False
4200204000,1789117026696732000,,video_contact_only,Grasp kettle,53.7,0.6744839674555501,16.5,53.7,45.9,33.7,21.2,47.8,False
4260204000,1789117026756732000,,video_contact_only,Grasp kettle,54.5,0.6821644493622054,16.9,54.5,46.3,34.1,21.6,48.2,False
4300208000,1789117026796736000,,video_contact_only,Grasp kettle,54.9,0.6866379511976919,16.9,54.9,46.7,34.5,21.6,48.6,False
4320209000,1789117026816737000,,video_contact_only,Grasp kettle,54.9,0.6886639874648786,16.9,54.9,46.7,34.5,21.6,48.6,False
4400213000,1789117026896741000,,video_contact_only,Grasp kettle,55.3,0.6952365699268293,17.3,55.3,47.1,34.9,22,49.4,False
4440213000,1789117026936741000,,video_contact_only,Grasp kettle,55.7,0.6975272734910013,17.3,55.7,47.5,34.9,22,49.4,False
4460213000,1789117026956741000,,video_contact_only,Grasp kettle,55.7,0.69840464173868,17.3,55.7,47.5,35.3,22,49.4,False
4480213000,1789117026976741000,,video_contact_only,Grasp kettle,55.7,0.6990960646043788,17.3,55.7,47.5,35.3,22,49.4,False
4540218000,1789117027036746000,,video_contact_only,Lift kettle,55.7,0.7000000008153876,17.3,55.7,47.5,35.3,22,49.8,False
4580218000,1789117027076746000,,video_contact_only,Lift kettle,55.7,0.700027553978356,17.3,55.7,47.5,35.3,22,49.8,False
4600222000,1789117027096750000,,video_contact_only,Lift kettle,55.7,0.7000615589404432,17.3,55.7,47.5,35.3,22,49.8,False
4620222000,1789117027116750000,,video_contact_only,Lift kettle,55.7,0.7001088428343458,17.3,55.7,47.5,35.3,22,49.8,False
4660223000,1789117027156751000,,video_contact_only,Lift kettle,55.7,0.7002426805672378,17.3,55.7,47.5,35.3,22,49.8,False
4700227000,1789117027196755000,,video_contact_only,Lift kettle,56.1,0.7004279125181833,17.3,56.1,47.5,35.3,22,49.8,False
4760227000,1789117027256755000,,video_contact_only,Lift kettle,56.1,0.7007994968850388,17.3,56.1,47.5,35.3,22,49.8,False
4780227000,1789117027276755000,,video_contact_only,Lift kettle,56.1,0.7009477738860993,17.3,56.1,47.5,35.3,22,49.8,False
4820232000,1789117027316760000,,video_contact_only,Lift kettle,56.1,0.7012801148443564,17.3,56.1,47.5,35.3,22,49.8,False
4840232000,1789117027336760000,,video_contact_only,Lift kettle,56.1,0.7014638436075422,17.3,56.1,47.5,35.3,22,49.8,False
4900236000,1789117027396764000,350,video_contact_and_recorded_pose,Lift kettle,51,0.7020836231775943,17.3,51,47.8,33.7,19.6,48.2,False
4940236000,1789117027436764000,353,video_contact_and_recorded_pose,Lift kettle,50.6,0.7025524399031693,17.3,50.6,47.8,33.7,19.2,48.2,False
4980241000,1789117027476769000,355,video_contact_and_recorded_pose,Lift kettle,50.2,0.7030644775675369,17.3,50.2,47.5,33.7,20,47.5,False
5000241000,1789117027496769000,357,video_contact_and_recorded_pose,Lift kettle,50.2,0.7033362815256496,17.3,50.2,47.1,33.7,20.4,47.5,False
5040241000,1789117027536769000,360,video_contact_and_recorded_pose,Lift kettle,49.8,0.7039107869833645,17.3,49.8,47.1,34.1,20.4,47.1,False
5080246000,1789117027576774000,363,video_contact_and_recorded_pose,Lift kettle,49.8,0.7045255897559501,17.3,49.8,47.1,34.1,20.4,47.1,False
5120246000,1789117027616774000,,video_contact_only,Lift kettle,56.1,0.7051793615845295,17.3,56.1,47.8,35.3,22.4,49.8,False
5140246000,1789117027636774000,,video_contact_only,Lift kettle,56.5,0.7055205217594592,17.3,56.5,47.8,35.3,22.4,50.2,False
5180250000,1789117027676778000,,video_contact_only,Lift kettle,56.5,0.706230729434793,17.3,56.5,47.8,35.7,22.4,50.2,False
5220250000,1789117027716778000,,video_contact_only,Lift kettle,56.5,0.7069769750934766,17.3,56.5,47.8,35.7,22.4,50.2,False
5280255000,1789117027776783000,,video_contact_only,Lift kettle,56.5,0.7081615772454782,17.3,56.5,47.8,35.7,22.4,50.2,False
5300255000,1789117027796783000,,video_contact_only,Lift kettle,56.5,0.7085731939764423,17.3,56.5,48.2,35.7,22.4,50.2,False
5340255000,1789117027836783000,,video_contact_only,Lift kettle,56.5,0.7094207183618972,17.6,56.5,48.2,35.7,22.4,50.2,False
5400260000,1789117027896788000,,video_contact_only,Lift kettle,56.9,0.7107506437980604,17.6,56.9,48.2,35.7,22.4,50.2,False
5440260000,1789117027936788000,,video_contact_only,Lift kettle,56.9,0.7116744926765491,17.6,56.9,48.2,35.7,22.4,50.6,False
5460260000,1789117027956788000,,video_contact_only,Lift kettle,56.9,0.7121471678571301,17.6,56.9,48.2,35.7,22.4,50.6,False
5480264000,1789117027976792000,,video_contact_only,Lift kettle,56.9,0.7126269110729042,17.6,56.9,48.2,35.7,22.4,50.6,False
5540264000,1789117028036792000,,video_contact_only,Lift kettle,56.9,0.7141062152739046,17.6,56.9,48.6,36.1,22.4,50.6,False
5580269000,1789117028076797000,,video_contact_only,Lift kettle,57.3,0.7151247124035128,17.6,57.3,48.6,36.1,22.4,50.6,False
5620269000,1789117028116797000,401,video_contact_and_recorded_pose,Lift kettle,49.8,0.716167445852579,17.6,49,49.8,35.3,20.4,46.3,False
5640269000,1789117028136797000,403,video_contact_and_recorded_pose,Lift kettle,49.4,0.7166975813264536,17.6,49,49.4,35.3,20.8,46.7,False
5680273000,1789117028176801000,406,video_contact_and_recorded_pose,Lift kettle,49.8,0.7177747645368958,17.6,49.8,49,36.1,22.7,47.1,False
5720273000,1789117028216801000,409,video_contact_and_recorded_pose,Lift kettle,51,0.7188732669392728,17.6,51,49,36.5,22.7,47.8,False
5760278000,1789117028256806000,412,video_contact_and_recorded_pose,Lift kettle,50.6,0.7199921617367814,17.6,50.6,48.6,36.5,22.7,47.8,False
5800278000,1789117028296806000,415,video_contact_and_recorded_pose,Lift kettle,49,0.7211299946632892,17.6,47.8,45.1,34.5,20.4,49,False
5820278000,1789117028316806000,416,video_contact_and_recorded_pose,Lift kettle,49.4,0.7217056978838895,17.6,47.8,49.4,35.3,20.8,48.2,False
5860283000,1789117028356811000,419,video_contact_and_recorded_pose,Lift kettle,51.4,0.7228700903694967,17.6,47.8,51.4,36.1,21.2,47.1,False
5940283000,1789117028436811000,425,video_contact_and_recorded_pose,Lift kettle,50.6,0.7252458332824439,18,48.2,49.8,38,22.7,50.6,False
5960287000,1789117028456815000,426,video_contact_and_recorded_pose,Lift kettle,51.4,0.7258488766584383,18,48.2,49,38,22.7,51.4,False
5980287000,1789117028476815000,427,video_contact_and_recorded_pose,Lift kettle,49.4,0.7264551008379228,18,48.2,49.4,35.7,19.2,49.4,False
6020287000,1789117028516815000,430,video_contact_and_recorded_pose,Lift kettle,49.8,0.7276768651138315,18,47.8,49.8,35.3,19.2,47.8,False
6040287000,1789117028536815000,432,video_contact_and_recorded_pose,Lift kettle,50.2,0.7282921115964925,18,47.8,50.2,35.3,19.6,47.5,False
6080292000,1789117028576820000,435,video_contact_and_recorded_pose,Lift kettle,50.2,0.7295307546573687,18,47.8,50.2,35.7,19.6,48.2,False
6120292000,1789117028616820000,438,video_contact_and_recorded_pose,Lift kettle,53.3,0.7307789242418526,18,48.2,49.8,38.8,23.9,53.3,False
6160297000,1789117028656825000,440,video_contact_and_recorded_pose,Lift kettle,53.3,0.7320357576191794,18,48.6,49.8,38.8,23.9,53.3,False
6180297000,1789117028676825000,442,video_contact_and_recorded_pose,Lift kettle,53.3,0.7326669187815029,18,48.6,49.8,39.2,23.9,53.3,False
6220297000,1789117028716825000,,video_contact_only,Lift kettle,58.4,0.7339341525964339,18,58.4,49.8,36.9,23.1,52.2,False
6260301000,1789117028756829000,,video_contact_only,Lift kettle,58.8,0.7352070838722797,18,58.8,49.8,36.9,23.1,52.2,False
6300301000,1789117028796829000,,video_contact_only,Lift kettle,58.8,0.736484283495316,18,58.8,49.8,36.9,23.1,52.2,False
6360306000,1789117028856834000,,video_contact_only,Lift kettle,58.8,0.738405915440205,18,58.8,50.2,37.3,23.1,52.2,False
6400306000,1789117028896834000,,video_contact_only,Lift kettle,59.2,0.7396889653530573,18,59.2,50.2,37.3,23.1,52.5,False
6420306000,1789117028916834000,,video_contact_only,Lift kettle,59.2,0.7403306704488675,18,59.2,50.2,37.3,23.1,52.5,False
6440306000,1789117028936834000,,video_contact_only,Lift kettle,59.2,0.7409722998950915,18.4,59.2,50.2,37.3,23.1,52.5,False
6480310000,1789117028976838000,,video_contact_only,Lift kettle,59.2,0.742254872772077,18.4,59.2,50.2,37.3,23.1,52.5,False
6520311000,1789117029016839000,,video_contact_only,Lift kettle,59.2,0.7435352849160731,18.4,59.2,50.6,37.3,23.5,52.5,False
6580315000,1789117029076843000,471,video_contact_and_recorded_pose,Lift kettle,52.9,0.7454495424270022,18.4,50.6,51,36.1,20.8,52.9,False
6620315000,1789117029116843000,474,video_contact_and_recorded_pose,Lift kettle,53.7,0.7467196226618351,18.4,51,50.6,36.1,21.2,53.7,False
6640320000,1789117029136848000,475,video_contact_and_recorded_pose,Lift kettle,54.1,0.7473525785001972,18.4,51,50.6,36.1,21.2,54.1,False
6660320000,1789117029156848000,476,video_contact_and_recorded_pose,Lift kettle,54.1,0.7479836853120089,18.4,51,50.6,36.1,21.2,54.1,False
6720320000,1789117029216848000,481,video_contact_and_recorded_pose,Lift kettle,55.3,0.7498653939103442,18.4,51,50.6,36.1,21.2,55.3,False
6760324000,1789117029256852000,484,video_contact_and_recorded_pose,Lift kettle,55.7,0.7511088455475115,18.4,51.4,50.2,36.1,20.8,55.7,False
6800324000,1789117029296852000,487,video_contact_and_recorded_pose,Lift kettle,56.1,0.7523418863820073,18.4,51,50.2,36.1,20.8,56.1,False
6820325000,1789117029316853000,488,video_contact_and_recorded_pose,Lift kettle,56.1,0.7529542130747339,18.4,51,50.2,36.1,21.2,56.1,False
6860329000,1789117029356857000,491,video_contact_and_recorded_pose,Lift kettle,56.1,0.7541697433972887,18.4,51,50.2,36.5,21.2,56.1,False
6880329000,1789117029376857000,492,video_contact_and_recorded_pose,Lift kettle,56.1,0.7547725625258753,18.4,51,50.2,36.1,21.2,56.1,False
6940334000,1789117029436862000,497,video_contact_and_recorded_pose,Lift kettle,56.5,0.7565598659487669,18.8,51.8,50.6,36.1,20.8,56.5,False
6980334000,1789117029476862000,500,video_contact_and_recorded_pose,Lift kettle,56.5,0.7577320818858261,18.8,52.2,50.6,36.1,20.8,56.5,False
7040338000,1789117029536866000,504,video_contact_and_recorded_pose,Lift kettle,56.9,0.7594587541755172,18.8,52.5,50.6,36.1,20.8,56.9,False
7080338000,1789117029576866000,507,video_contact_and_recorded_pose,Lift kettle,57.3,0.7605869016218978,18.8,52.5,50.6,36.1,20.8,57.3,False
7120338000,1789117029616866000,510,video_contact_and_recorded_pose,Lift kettle,57.3,0.7616953670220107,18.8,52.9,51,36.1,21.2,57.3,False
7160343000,1789117029656871000,513,video_contact_and_recorded_pose,Lift kettle,57.6,0.762783110519277,18.8,52.9,51,36.5,21.2,57.6,False
7180343000,1789117029676871000,514,video_contact_and_recorded_pose,Lift kettle,57.6,0.7633187253681847,18.8,52.9,51,36.5,21.2,57.6,False
7240347000,1789117029736875000,,video_contact_only,Lift kettle,61.2,0.7648911582287315,18.8,61.2,51.8,38.4,23.9,54.1,False
7260348000,1789117029756876000,,video_contact_only,Lift kettle,61.2,0.7654032981228528,18.8,61.2,51.8,38.4,23.9,54.1,False
7300348000,1789117029796876000,,video_contact_only,Lift kettle,61.2,0.7664086540448742,18.8,61.2,52.2,38.4,23.9,54.5,False
7340352000,1789117029836880000,,video_contact_only,Lift kettle,61.2,0.7673879646992584,18.8,61.2,52.2,38.4,23.9,54.5,False
7400352000,1789117029896880000,530,video_contact_and_recorded_pose,Lift kettle,55.7,0.76880519651328,18.8,53.3,53.3,39.2,23.9,55.7,False
7440357000,1789117029936885000,533,video_contact_and_recorded_pose,Lift kettle,55.7,0.7697140265018141,18.8,53.3,52.9,38.8,22.7,55.7,False
7480357000,1789117029976885000,535,video_contact_and_recorded_pose,Lift kettle,55.7,0.7705924883593405,18.8,53.3,53.3,38.8,23.5,55.7,False
7500357000,1789117029996885000,537,video_contact_and_recorded_pose,Lift kettle,56.1,0.7710200075085489,18.8,53.3,53.3,38.8,23.9,56.1,False
7520361000,1789117030016889000,538,video_contact_and_recorded_pose,Lift kettle,56.1,0.7714396061550132,18.8,53.7,53.3,38.8,23.9,56.1,False
7580362000,1789117030076890000,543,video_contact_and_recorded_pose,Lift kettle,56.5,0.7726486776690925,19.2,54.5,53.3,39.2,24.3,56.5,False
7620366000,1789117030116894000,546,video_contact_and_recorded_pose,Lift kettle,57.3,0.7734120764505726,19.2,54.5,52.9,39.2,24.7,57.3,False
7660366000,1789117030156894000,548,video_contact_and_recorded_pose,Lift kettle,57.6,0.7741398591504682,19.2,54.1,52.9,39.2,24.7,57.6,False
7700366000,1789117030196894000,551,video_contact_and_recorded_pose,Lift kettle,58.8,0.7748309293837223,19.2,54.1,52.9,39.6,25.1,58.8,False
7720371000,1789117030216899000,553,video_contact_and_recorded_pose,Lift kettle,59.2,0.7751624119618853,19.2,53.7,52.9,40,25.1,59.2,False
7740371000,1789117030236899000,554,video_contact_and_recorded_pose,Lift kettle,59.2,0.7754841919260232,19.2,53.7,52.9,40,25.1,59.2,False
7800371000,1789117030296899000,559,video_contact_and_recorded_pose,Lift kettle,59.6,0.7763903523055822,19.2,54.1,52.9,40,25.1,59.6,False
7820375000,1789117030316903000,560,video_contact_and_recorded_pose,Lift kettle,59.6,0.7766722452418239,19.2,54.1,52.9,40.4,25.1,59.6,False
7860375000,1789117030356903000,563,video_contact_and_recorded_pose,Lift kettle,59.6,0.7772047116085202,19.2,54.5,52.5,40.4,25.5,59.6,False
7900375000,1789117030396903000,566,video_contact_and_recorded_pose,Lift kettle,59.2,0.7776945929690622,19.2,55.3,52.5,40.8,25.9,59.2,False
7980380000,1789117030476908000,572,video_contact_and_recorded_pose,Lift kettle,58,0.7785419501423068,19.2,56.5,51.8,41.6,26.3,58,False
8020385000,1789117030516913000,574,video_contact_and_recorded_pose,Lift kettle,57.3,0.7788970653702483,19.2,57.3,51.4,42,26.7,57.3,False
8040385000,1789117030536913000,576,video_contact_and_recorded_pose,Lift kettle,57.6,0.7790569415726127,19.2,57.6,51,42,26.7,56.5,False
8080385000,1789117030576913000,579,video_contact_and_recorded_pose,Lift kettle,57.6,0.7793406444098331,19.2,57.6,51,42,26.7,56.1,False
8120389000,1789117030616917000,582,video_contact_and_recorded_pose,Lift kettle,57.3,0.7795753234186625,19.2,57.3,50.6,42,26.7,56.1,False
8160389000,1789117030656917000,585,video_contact_and_recorded_pose,Lift kettle,56.1,0.7797597571150671,19.2,51,46.3,39.2,23.5,56.1,False
8180389000,1789117030676917000,586,video_contact_and_recorded_pose,Lift kettle,55.7,0.779832774680421,19.2,55.7,51.8,39.6,23.5,53.7,False
8200394000,1789117030696922000,587,video_contact_and_recorded_pose,Lift kettle,56.9,0.7798928103498898,19.2,56.9,53.3,38.8,23.1,53.7,False
8260394000,1789117030756922000,592,video_contact_and_recorded_pose,Lift kettle,55.7,0.779993427575743,19.2,53.3,51,38.8,23.1,55.7,False
8300398000,1789117030796926000,595,video_contact_and_recorded_pose,Pour water,54.1,0.7800015588380801,19.2,54.1,52.2,38.4,22.7,53.3,False
8340399000,1789117030836927000,597,video_contact_and_recorded_pose,Pour water,54.9,0.7800136185668101,19.2,54.9,52.5,38.4,22.7,52.2,False
8380399000,1789117030876927000,600,video_contact_and_recorded_pose,Pour water,60,0.7800374948154462,19.2,60,53.7,40.4,24.3,56.9,False
8420403000,1789117030916931000,603,video_contact_and_recorded_pose,Pour water,60.4,0.7800730634173071,19.2,60.4,54.9,40,23.5,52.9,False
8440403000,1789117030936931000,605,video_contact_and_recorded_pose,Pour water,58.8,0.7800951891650181,19.2,58.8,53.7,38.4,22,51,False
8480403000,1789117030976931000,608,video_contact_and_recorded_pose,Pour water,59.6,0.7801480462432228,19.2,59.6,54.1,38.8,22.4,51.4,False
8500408000,1789117030996936000,609,video_contact_and_recorded_pose,Pour water,64.3,0.7801787534884863,19.2,64.3,55.3,40.8,24.3,55.7,False
8520408000,1789117031016936000,610,video_contact_and_recorded_pose,Pour water,65.5,0.7802122791183148,19.2,65.5,54.5,40.8,25.1,58.4,False
8560408000,1789117031056936000,613,video_contact_and_recorded_pose,Pour water,65.1,0.78028774326468,19.2,65.1,54.9,40.8,24.7,57.3,False
8620412000,1789117031116940000,,video_contact_only,Pour water,62.4,0.7804217406021438,19.2,62.4,52.9,39.2,24.7,55.3,False
8660412000,1789117031156940000,,video_contact_only,Pour water,62.4,0.7805247403177731,19.2,62.4,52.9,39.2,24.7,55.3,False
8680413000,1789117031176941000,,video_contact_only,Pour water,62.4,0.7805802969174539,19.2,62.4,52.9,39.2,24.7,55.3,False
8700417000,1789117031196945000,,video_contact_only,Pour water,62.4,0.780638543908726,19.2,62.4,52.9,39.2,24.7,55.3,False
8760417000,1789117031256945000,,video_contact_only,Pour water,62.4,0.780829177281999,19.2,62.4,52.9,39.2,24.7,55.3,False
8800422000,1789117031296950000,,video_contact_only,Pour water,62.4,0.7809693959164402,19.2,62.4,52.9,39.2,24.7,55.3,False
8860422000,1789117031356950000,,video_contact_only,Pour water,62.4,0.7811990447049285,19.2,62.4,52.9,39.2,24.7,55.3,False
8880426000,1789117031376954000,,video_contact_only,Pour water,62.4,0.7812807056271798,19.2,62.4,52.9,39.2,24.7,55.3,False
8940426000,1789117031436954000,,video_contact_only,Pour water,62.4,0.7815406995829866,19.2,62.4,52.9,39.2,24.7,55.3,False
8980431000,1789117031476959000,,video_contact_only,Pour water,62.4,0.7817264416581244,19.2,62.4,52.9,39.2,24.7,55.3,False
9000431000,1789117031496959000,,video_contact_only,Pour water,62.4,0.781822969902047,19.2,62.4,52.9,39.2,24.7,55.3,False
9020431000,1789117031516959000,,video_contact_only,Pour water,62.4,0.7819219224073438,19.2,62.4,52.9,39.2,24.7,55.3,False
9040431000,1789117031536959000,,video_contact_only,Pour water,62.4,0.7820232831170119,19.2,62.4,52.9,39.2,24.7,55.3,False
9080435000,1789117031576963000,651,video_contact_and_recorded_pose,Pour water,58.4,0.7822331863838269,19.2,58.4,54.5,38.8,23.1,51.8,False
9120436000,1789117031616964000,653,video_contact_and_recorded_pose,Pour water,57.3,0.782452514859316,19.2,57.3,54.5,39.2,23.5,52.2,False
9140436000,1789117031636964000,655,video_contact_and_recorded_pose,Pour water,56.9,0.7825656763157732,19.2,56.9,54.5,39.2,23.5,52.2,False
9180440000,1789117031676968000,658,video_contact_and_recorded_pose,Pour water,56.9,0.7827989425290871,19.2,56.9,54.5,39.2,23.5,52.5,False
9260440000,1789117031756968000,,video_contact_only,Pour water,62.4,0.7832926576650693,19.2,62.4,52.9,39.2,24.7,55.7,False
9280445000,1789117031776973000,,video_contact_only,Pour water,62.4,0.7834216979019529,19.2,62.4,53.3,39.2,24.7,55.7,False
9300445000,1789117031796973000,,video_contact_only,Pour water,62.4,0.7835529056152071,19.2,62.4,53.3,39.2,24.7,55.7,False
9340445000,1789117031836973000,,video_contact_only,Pour water,62.4,0.783821855169995,19.2,62.4,53.3,39.2,24.7,55.7,False
9380449000,1789117031876977000,,video_contact_only,Pour water,62.7,0.7840994380306231,19.2,62.7,53.3,39.2,24.7,55.7,False
9440450000,1789117031936978000,677,video_contact_and_recorded_pose,Pour water,55.7,0.7845316322766519,19.2,55.7,54.1,38.8,23.1,50.2,False
9460450000,1789117031956978000,678,video_contact_and_recorded_pose,Pour water,55.7,0.7846798580703261,19.2,55.7,54.1,38.8,23.5,50.2,False
9480454000,1789117031976982000,680,video_contact_and_recorded_pose,Pour water,56.1,0.7848301690596685,19.2,56.1,54.1,38.8,23.5,50.6,False
9520454000,1789117032016982000,682,video_contact_and_recorded_pose,Pour water,56.5,0.7851368319034271,19.2,56.5,54.1,38.8,23.1,51,False
9580459000,1789117032076987000,687,video_contact_and_recorded_pose,Pour water,56.5,0.7856118770571419,19.2,56.5,54.5,38.8,23.1,51,False
9620459000,1789117032116987000,,video_contact_only,Pour water,62.7,0.7859383676255178,19.2,62.7,53.3,39.6,24.7,55.7,False
9640459000,1789117032136987000,,video_contact_only,Pour water,62.7,0.7861045106459247,19.2,62.7,53.3,39.6,24.7,55.7,False
9660463000,1789117032156991000,,video_contact_only,Pour water,62.7,0.7862725978818363,19.2,62.7,53.3,39.6,24.7,55.7,False
9720463000,1789117032216991000,,video_contact_only,Pour water,62.7,0.7867880612284731,19.2,62.7,53.3,39.6,24.7,55.7,False
9760468000,1789117032256996000,,video_contact_only,Pour water,62.7,0.787141005707909,19.2,62.7,53.3,39.6,24.7,55.7,False
9800468000,1789117032296996000,,video_contact_only,Pour water,62.7,0.7875011627959373,19.2,62.7,53.3,39.6,24.7,55.7,False
9820468000,1789117032316996000,,video_contact_only,Pour water,62.7,0.7876839222957959,19.2,62.7,53.3,39.6,24.7,55.7,False
9880473000,1789117032377001000,,video_contact_only,Pour water,62.7,0.7882427791524078,19.6,62.7,53.3,39.6,24.7,55.7,False
9900473000,1789117032397001000,,video_contact_only,Pour water,62.7,0.7884325063159109,19.6,62.7,53.3,39.6,24.7,56.1,False
9940473000,1789117032437001000,,video_contact_only,Pour water,63.1,0.7888170495735175,19.6,63.1,53.3,39.6,24.7,56.1,False
9980477000,1789117032477005000,,video_contact_only,Pour water,63.1,0.7892083104770462,19.6,63.1,53.7,39.6,24.7,56.1,False
10020477000,1789117032517005000,,video_contact_only,Pour water,63.1,0.7896060823154145,19.6,63.1,53.7,39.6,24.7,56.1,False
10080482000,1789117032577010000,,video_contact_only,Pour water,63.1,0.7902147911217208,19.6,63.1,53.7,39.6,24.7,56.1,False
10120482000,1789117032617010000,,video_contact_only,Pour water,63.1,0.790628376048663,19.6,63.1,53.7,39.6,24.7,56.1,False
10160486000,1789117032657014000,,video_contact_only,Pour water,63.1,0.7910481033579806,19.6,63.1,53.7,39.6,24.7,56.1,False
10180486000,1789117032677014000,,video_contact_only,Pour water,63.1,0.7912601935748999,19.6,63.1,53.7,39.6,24.7,56.1,False
10200487000,1789117032697015000,,video_contact_only,Pour water,63.1,0.7914737713608883,19.6,63.1,53.7,39.6,24.7,56.1,False
10240487000,1789117032737015000,,video_contact_only,Pour water,63.1,0.7919052719814904,19.6,63.1,53.7,39.6,24.7,56.1,False
10300491000,1789117032797019000,738,video_contact_and_recorded_pose,Pour water,54.9,0.792563242167481,19.6,54.9,54.1,38.4,22,51.4,False
10320491000,1789117032817019000,739,video_contact_and_recorded_pose,Pour water,54.9,0.792785333508885,19.6,54.9,53.7,38.4,22,51.4,False
10340496000,1789117032837024000,740,video_contact_and_recorded_pose,Pour water,54.9,0.7930088453345246,19.6,54.9,53.7,38.4,22.4,51.8,False
10400496000,1789117032897024000,745,video_contact_and_recorded_pose,Pour water,54.5,0.7936872398411842,19.6,54.5,53.3,38,22.7,52.9,False
10440500000,1789117032937028000,748,video_contact_and_recorded_pose,Pour water,54.5,0.7941460768371794,19.6,54.5,53.3,38,23.1,53.3,False
10480500000,1789117032977028000,751,video_contact_and_recorded_pose,Pour water,54.5,0.7946099406191074,19.6,54.5,53.3,38,23.1,54.1,False
10520501000,1789117033017029000,753,video_contact_and_recorded_pose,Pour water,54.5,0.7950787601330799,19.6,54.1,53.7,38.4,23.1,54.5,False
10540505000,1789117033037033000,754,video_contact_and_recorded_pose,Pour water,54.9,0.7953150252614537,19.6,53.7,53.7,38.4,23.1,54.9,False
10580505000,1789117033077033000,757,video_contact_and_recorded_pose,Pour water,55.3,0.7957910086520222,19.6,54.1,53.7,38.8,23.5,55.3,False
10600505000,1789117033097033000,758,video_contact_and_recorded_pose,Pour water,55.7,0.7960307419239367,19.6,54.1,53.7,38.8,23.5,55.7,False
10640510000,1789117033137038000,761,video_contact_and_recorded_pose,Pour water,56.1,0.796513671974282,19.6,54.5,54.1,38.8,23.5,56.1,False
10700510000,1789117033197038000,766,video_contact_and_recorded_pose,Pour water,56.9,0.7972462432205539,19.6,54.5,54.5,39.2,23.1,56.9,False
10740514000,1789117033237042000,768,video_contact_and_recorded_pose,Pour water,56.9,0.7977399971547297,19.6,54.5,54.5,39.6,23.1,56.9,False
10800514000,1789117033297042000,773,video_contact_and_recorded_pose,Pour water,56.9,0.7984882184386878,19.6,54.9,54.5,39.6,23.5,56.9,False
10840519000,1789117033337047000,776,video_contact_and_recorded_pose,Pour water,56.9,0.79899201791863,19.6,54.9,54.5,39.6,23.1,56.9,False
10860519000,1789117033357047000,777,video_contact_and_recorded_pose,Pour water,57.3,0.799245314744332,19.6,54.9,54.5,39.6,22.7,57.3,False
10880519000,1789117033377047000,779,video_contact_and_recorded_pose,Pour water,57.3,0.7994995424595094,19.6,54.9,54.5,39.2,22.7,57.3,False
10940523000,1789117033437051000,783,video_contact_and_recorded_pose,Pour water,58,0.8002677018438943,19.6,54.9,54.5,39.2,22.4,58,False
10980524000,1789117033477052000,786,video_contact_and_recorded_pose,Pour water,58.8,0.8007841471477742,19.6,54.9,54.5,39.2,22.7,58.8,False
11000524000,1789117033497052000,787,video_contact_and_recorded_pose,Pour water,58.8,0.8010436232093772,19.6,54.9,54.5,39.2,22.7,58.8,False
11020524000,1789117033517052000,789,video_contact_and_recorded_pose,Pour water,58.8,0.8013039177574225,19.6,54.9,54.5,39.2,22.7,58.8,False
11080528000,1789117033577056000,793,video_contact_and_recorded_pose,Pour water,58.8,0.8020896043568959,19.6,54.9,54.1,38.8,22,58.8,False
11100528000,1789117033597056000,794,video_contact_and_recorded_pose,Pour water,58.8,0.8023530124299302,19.6,54.9,54.1,38.8,22,58.8,False
11140533000,1789117033637061000,797,video_contact_and_recorded_pose,Pour water,58.4,0.8028820934197038,19.6,55.3,53.7,38.8,22,58.4,False
11160533000,1789117033657061000,799,video_contact_and_recorded_pose,Pour water,58.4,0.8031476680908968,19.6,55.3,53.7,38.4,21.6,58.4,False
11200533000,1789117033697061000,801,video_contact_and_recorded_pose,Pour water,58,0.8036808714458662,19.6,55.3,53.7,38.8,21.6,58,False
11260537000,1789117033757065000,806,video_contact_and_recorded_pose,Pour water,57.6,0.8044856244891047,20,55.3,53.7,38.8,22,57.6,False
11300538000,1789117033797066000,809,video_contact_and_recorded_pose,Pour water,56.9,0.8050251798363703,20,55.3,53.7,38.8,22,56.9,False
11340542000,1789117033837070000,811,video_contact_and_recorded_pose,Pour water,56.5,0.8055670865021813,20,55.3,53.7,38.4,21.6,56.5,False
11400542000,1789117033897070000,816,video_contact_and_recorded_pose,Pour water,55.7,0.8063839165226869,20,54.9,53.7,38.8,21.6,55.7,False
11440547000,1789117033937075000,819,video_contact_and_recorded_pose,Pour water,55.7,0.8069310517933923,20,54.9,53.3,38.8,21.6,55.7,False
11480547000,1789117033977075000,822,video_contact_and_recorded_pose,Pour water,56.1,0.807479979658066,20,54.9,53.3,38.8,21.6,56.1,False
11500547000,1789117033997075000,823,video_contact_and_recorded_pose,Pour water,56.1,0.8077551012687736,20,54.9,53.3,38.8,21.6,56.1,False
11540551000,1789117034037079000,826,video_contact_and_recorded_pose,Pour water,56.5,0.8083066347888805,20,55.3,53.3,39.2,21.2,56.5,False
11560551000,1789117034057079000,827,video_contact_and_recorded_pose,Pour water,56.5,0.8085829594326908,20,55.3,53.3,39.2,21.2,56.5,False
11620556000,1789117034117084000,832,video_contact_and_recorded_pose,Pour water,57.3,0.8094141517347918,20,55.7,53.7,39.2,21.2,57.3,False
11660556000,1789117034157084000,835,video_contact_and_recorded_pose,Pour water,57.6,0.8099698640809068,20,55.7,53.7,39.2,21.2,57.6,False
11700556000,1789117034197084000,837,video_contact_and_recorded_pose,Pour water,57.6,0.8105267307456749,20,55.7,54.1,39.6,21.6,57.6,False
11760561000,1789117034257089000,842,video_contact_and_recorded_pose,Pour water,57.6,0.8113639839421726,20,56.1,54.5,40,21.2,57.6,False
11800565000,1789117034297093000,845,video_contact_and_recorded_pose,Pour water,57.6,0.8119232304610343,20,56.5,54.1,40,21.2,57.6,False
11820565000,1789117034317093000,846,video_contact_and_recorded_pose,Pour water,58,0.8122030980693233,20,56.5,53.3,40,20.8,58,False
11840565000,1789117034337093000,848,video_contact_and_recorded_pose,Pour water,57.6,0.8124831257940287,20,56.5,52.9,39.6,20.8,57.6,False
11880565000,1789117034377093000,850,video_contact_and_recorded_pose,Pour water,57.6,0.8130435973646779,20,56.5,52.2,39.6,20.8,57.6,False
11940570000,1789117034437098000,855,video_contact_and_recorded_pose,Pour water,57.3,0.8138851743242131,20,56.5,51.8,39.6,20.8,57.3,False
11980570000,1789117034477098000,858,video_contact_and_recorded_pose,Pour water,57.3,0.8144465245177632,20,56.5,51.4,40,20.4,57.3,False
12000574000,1789117034497102000,859,video_contact_and_recorded_pose,Pour water,57.3,0.8147273112758283,20,56.5,51.4,40,20.4,57.3,False
12020574000,1789117034517102000,860,video_contact_and_recorded_pose,Pour water,57.3,0.8150080574865678,20,56.5,51.4,40,20.4,57.3,False
12080575000,1789117034577103000,865,video_contact_and_recorded_pose,Pour water,57.6,0.8158502431595105,20,56.5,51.4,40,20.4,57.6,False
12120579000,1789117034617107000,868,video_contact_and_recorded_pose,Pour water,57.6,0.8164115306240797,20,56.5,51.4,40,20.4,57.6,False
12160579000,1789117034657107000,870,video_contact_and_recorded_pose,Pour water,57.6,0.8169724389541926,20,56.5,51.4,40,20.4,57.6,False
12180579000,1789117034677107000,872,video_contact_and_recorded_pose,Pour water,57.6,0.817252731851947,20,56.5,51.4,40,20.4,57.6,False
12260584000,1789117034757112000,878,video_contact_and_recorded_pose,Pour water,57.6,0.8183725235609601,20,56.9,51.4,40,20.8,57.6,False
12300588000,1789117034797116000,881,video_contact_and_recorded_pose,Pour water,57.6,0.8189313455309081,20,56.9,51.4,40,21.2,57.6,False
12340588000,1789117034837116000,883,video_contact_and_recorded_pose,Pour water,57.6,0.819489210503022,20,57.3,51.8,40,21.2,57.6,False
12360588000,1789117034857116000,885,video_contact_and_recorded_pose,Pour water,57.6,0.8197677649414025,20,57.3,51.8,40,21.2,57.6,False
12400593000,1789117034897121000,888,video_contact_and_recorded_pose,Pour water,57.6,0.8203241068981372,20.4,57.6,52.2,40,21.2,57.3,False
12420593000,1789117034917121000,889,video_contact_and_recorded_pose,Pour water,57.6,0.8206017927637497,20.4,57.6,52.2,40,21.2,57.3,False
12460593000,1789117034957121000,892,video_contact_and_recorded_pose,Pour water,58,0.8211561835895418,20.4,58,52.9,40,20.8,57.3,False
12480593000,1789117034977121000,894,video_contact_and_recorded_pose,Pour water,58,0.8214328564357161,20.4,58,53.3,40,20.8,57.6,False
12540598000,1789117035037126000,898,video_contact_and_recorded_pose,Pour water,58,0.822260660850559,20.4,58,52.9,40.4,20.8,58,False
12580602000,1789117035077130000,901,video_contact_and_recorded_pose,Pour water,58.4,0.822810476217658,20.4,58,52.5,40.4,20.8,58.4,False
12620602000,1789117035117130000,904,video_contact_and_recorded_pose,Pour water,58.4,0.8233584362054225,20.4,58,52.2,40,21.2,58.4,False
12660602000,1789117035157130000,906,video_contact_and_recorded_pose,Pour water,58.4,0.8239044674196039,20.4,58,52.2,40,21.2,58.4,False
12700607000,1789117035197135000,909,video_contact_and_recorded_pose,Pour water,58.8,0.8244485092669829,20.4,58.4,51.8,40,20.8,58.8,False
12760607000,1789117035257135000,914,video_contact_and_recorded_pose,Pour water,58.8,0.8252603315129122,20.4,58.4,51.8,40,20.8,58.8,False
12780611000,1789117035277139000,915,video_contact_and_recorded_pose,Pour water,58.8,0.8255298249720857,20.4,58.4,51.8,40,21.2,58.8,False
12840612000,1789117035337140000,920,video_contact_and_recorded_pose,Pour water,58.4,0.8263344286996418,20.4,58.4,52.2,40,21.2,58.4,False
12880616000,1789117035377144000,923,video_contact_and_recorded_pose,Pour water,58.4,0.8268676080094063,20.4,58.4,51.8,40,21.2,58.4,False
12920616000,1789117035417144000,925,video_contact_and_recorded_pose,Pour water,58.8,0.827397970089983,20.4,58.4,51.4,40,20.8,58.8,False
12960616000,1789117035457144000,928,video_contact_and_recorded_pose,Pour water,58.8,0.8279254399318571,20.4,58,51.4,40.4,20.8,58.8,False
13000621000,1789117035497149000,931,video_contact_and_recorded_pose,Pour water,58.8,0.8284499544409805,20.4,58,51.4,40.4,21.2,58.8,False
13020621000,1789117035517149000,933,video_contact_and_recorded_pose,Pour water,58.4,0.828711005912698,20.4,58,51.4,40,21.2,58.4,False
13060621000,1789117035557149000,935,video_contact_and_recorded_pose,Pour water,58,0.8292306827530207,20.4,58,51.8,40,21.2,58,False
13100625000,1789117035597153000,938,video_contact_and_recorded_pose,Pour water,58,0.8297470692046166,20.4,58,51.8,40,20.8,57.6,False
13160626000,1789117035657154000,942,video_contact_and_recorded_pose,Pour water,58.4,0.8305150369177622,20.4,58.4,51.8,40,21.2,56.9,False
13200630000,1789117035697158000,945,video_contact_and_recorded_pose,Pour water,58.4,0.8310225053735079,20.4,58.4,52.2,40,20.8,56.9,False
13220630000,1789117035717158000,946,video_contact_and_recorded_pose,Pour water,58.4,0.8312748003629212,20.4,58.4,52.2,40,20.8,56.5,False
13240630000,1789117035737158000,947,video_contact_and_recorded_pose,Pour water,58.4,0.8315261314263791,20.4,58.4,52.2,40,20.8,56.5,False
13300635000,1789117035797163000,952,video_contact_and_recorded_pose,Pour water,58,0.8322742424488465,20.4,58,52.2,40,20.8,56.5,False
13340635000,1789117035837163000,955,video_contact_and_recorded_pose,Pour water,58,0.8327678272949897,20.4,58,52.2,40.4,20.8,56.5,False
13400639000,1789117035897167000,959,video_contact_and_recorded_pose,Pour water,58,0.833500260879739,20.4,58,52.2,40.8,20.8,56.5,False
13440639000,1789117035937167000,962,video_contact_and_recorded_pose,Pour water,58,0.833983001701184,20.4,58,52.2,40.8,20.8,56.1,False
13480644000,1789117035977172000,965,video_contact_and_recorded_pose,Pour water,58,0.8344612397635808,20.4,58,52.2,40.8,21.2,56.1,False
13520644000,1789117036017172000,967,video_contact_and_recorded_pose,Pour water,58,0.834934727052954,20.4,58,52.5,40.8,21.2,56.1,False
13540644000,1789117036037172000,969,video_contact_and_recorded_pose,Pour water,58,0.835169671537789,20.4,58,52.5,40.4,21.2,56.1,False
13560649000,1789117036057177000,970,video_contact_and_recorded_pose,Pour water,58,0.8354034534503119,20.4,58,52.5,40.4,21.2,56.1,False
13620649000,1789117036117177000,975,video_contact_and_recorded_pose,Pour water,58,0.8360971377459021,20.8,58,52.9,40.8,21.2,56.5,False
13660653000,1789117036157181000,978,video_contact_and_recorded_pose,Pour water,58.4,0.8365532406427494,20.8,58.4,52.9,40.8,21.2,56.5,False
13700653000,1789117036197181000,980,video_contact_and_recorded_pose,Pour water,58.4,0.8370040288807913,20.8,58.4,52.9,40.8,21.2,56.9,False
13740653000,1789117036237181000,983,video_contact_and_recorded_pose,Pour water,58.4,0.8374494198688929,20.8,58.4,52.9,40.8,21.2,56.9,False
13800658000,1789117036297186000,988,video_contact_and_recorded_pose,Pour water,58.4,0.8381071597868756,20.8,58.4,52.9,40.8,21.2,56.9,False
13820658000,1789117036317186000,989,video_contact_and_recorded_pose,Pour water,58.4,0.8383235501887981,20.8,58.4,52.9,40.8,21.2,56.9,False
13860662000,1789117036357190000,992,video_contact_and_recorded_pose,Pour water,58.4,0.8387520205094289,20.8,58.4,52.5,40.8,21.2,56.5,False
13880662000,1789117036377190000,993,video_contact_and_recorded_pose,Pour water,58,0.8389640254676372,20.8,58,52.5,40.8,21.2,56.5,False
13940663000,1789117036437191000,998,video_contact_and_recorded_pose,Pour water,58,0.8395910234531896,20.8,58,52.5,40.4,21.2,56.1,False
14000667000,1789117036497195000,1002,video_contact_and_recorded_pose,Pour water,58,0.8402041732364899,20.8,58,52.9,40.4,21.2,56.1,False
14020667000,1789117036517195000,1003,video_contact_and_recorded_pose,Pour water,58,0.8404053837689482,20.8,58,52.9,40.4,21.2,56.1,False
14060672000,1789117036557200000,1006,video_contact_and_recorded_pose,Pour water,58.4,0.8408030193608848,20.8,58.4,52.9,40.4,21.2,56.1,False
14080672000,1789117036577200000,1008,video_contact_and_recorded_pose,Pour water,58.4,0.8409993626034373,20.8,58.4,52.9,40.4,21.2,56.1,False
14160676000,1789117036657204000,1013,video_contact_and_recorded_pose,Pour water,58.4,0.8417680686502113,20.8,58.4,52.9,40.4,21.2,56.1,False
14180676000,1789117036677204000,1015,video_contact_and_recorded_pose,Pour water,58.4,0.8419559789234543,20.8,58.4,52.9,40.4,21.2,56.1,False
14200676000,1789117036697204000,1016,video_contact_and_recorded_pose,Pour water,58.4,0.8421421544976828,20.8,58.4,52.9,40.4,21.6,56.1,False
14220676000,1789117036717204000,1018,video_contact_and_recorded_pose,Pour water,58.4,0.8423265793158942,20.8,58.4,53.3,40.4,21.6,56.1,False
14260681000,1789117036757209000,1021,video_contact_and_recorded_pose,Pour water,58.8,0.8426901574507852,20.8,58.8,53.3,40.4,21.6,56.5,False
14320681000,1789117036817209000,1025,video_contact_and_recorded_pose,Pour water,58.8,0.8432219236988692,20.8,58.8,53.7,40.8,21.6,56.9,False
14340686000,1789117036837214000,1027,video_contact_and_recorded_pose,Pour water,58.8,0.8433955494835104,20.8,58.8,53.7,40.8,21.6,56.9,False
14380686000,1789117036877214000,1029,video_contact_and_recorded_pose,Pour water,59.2,0.8437371082522883,20.8,59.2,53.7,40.8,21.6,56.9,False
14420686000,1789117036917214000,,video_contact_only,Pour water,67.5,0.8440710859127873,20.8,67.5,57.3,42.4,26.7,60,False
14460690000,1789117036957218000,,video_contact_only,Pour water,67.5,0.8443973862459966,20.8,67.5,57.3,42.4,26.7,60,False
14520690000,1789117037017218000,,video_contact_only,Pour water,67.5,0.8448720507695304,20.8,67.5,57.3,42.4,26.7,60,False
14540695000,1789117037037223000,,video_contact_only,Pour water,67.5,0.8450263166326408,20.8,67.5,57.3,42.4,26.7,60,False
14580695000,1789117037077223000,,video_contact_only,Pour water,67.5,0.8453286834639971,20.8,67.5,57.3,42.4,26.7,60,False
14620695000,1789117037117223000,,video_contact_only,Pour water,67.5,0.8456228268780654,20.8,67.5,57.3,42.4,26.7,60,False
14660700000,1789117037157228000,,video_contact_only,Pour water,67.5,0.8459086536153564,20.8,67.5,57.3,42.4,26.7,60,False
14720700000,1789117037217228000,,video_contact_only,Pour water,67.5,0.846321398558366,20.8,67.5,57.3,42.4,26.7,60,False
14760704000,1789117037257232000,,video_contact_only,Pour water,67.5,0.8465857733255018,20.8,67.5,57.3,42.7,26.7,60,False
14800704000,1789117037297232000,,video_contact_only,Pour water,67.5,0.8468413197237251,20.8,67.5,57.3,42.7,26.7,60,False
14820709000,1789117037317237000,,video_contact_only,Pour water,67.5,0.8469657830461269,20.8,67.5,57.3,42.7,26.7,60,False
14860709000,1789117037357237000,,video_contact_only,Pour water,67.5,0.847207885209578,20.8,67.5,57.6,42.7,26.7,60,False
14900709000,1789117037397237000,,video_contact_only,Pour water,67.5,0.8474408647186323,20.8,67.5,57.6,42.7,26.7,60,False
14920713000,1789117037417241000,,video_contact_only,Pour water,67.5,0.8475539157085824,20.8,67.5,57.6,42.7,26.7,60,False
14940713000,1789117037437241000,,video_contact_only,Pour water,67.5,0.8476646150232239,20.8,67.5,57.6,42.7,26.7,60,False
14980714000,1789117037477242000,,video_contact_only,Pour water,67.8,0.8478789681514194,20.8,67.8,57.6,42.7,26.7,60,False
15020718000,1789117037517246000,,video_contact_only,Pour water,67.8,0.8480838277688522,20.8,67.8,57.6,42.7,26.7,60,False
15060718000,1789117037557246000,1077,video_contact_and_recorded_pose,Pour water,72.9,0.8482790299174435,20.8,72.9,56.5,41.2,25.5,63.9,False
15120723000,1789117037617251000,1082,video_contact_and_recorded_pose,Pour water,71.4,0.8485535056349994,20.8,71.4,55.3,40.4,24.7,62.7,False
15160723000,1789117037657251000,1084,video_contact_and_recorded_pose,Pour water,71.4,0.8487240532673002,20.8,71.4,55.3,40.4,24.7,62.7,False
15180723000,1789117037677251000,1086,video_contact_and_recorded_pose,Pour water,72.2,0.8488055528171331,20.8,72.2,55.7,40.4,24.7,62,False
15220727000,1789117037717255000,1089,video_contact_and_recorded_pose,Pour water,68.2,0.8489609381243288,20.8,68.2,58,43.5,27.1,61.2,False
15300727000,1789117037797255000,1095,video_contact_and_recorded_pose,Pour water,66.7,0.8492407117402454,20.8,66.7,58.8,43.1,26.3,61.2,False
15320732000,1789117037817260000,1096,video_contact_and_recorded_pose,Pour water,66.7,0.8493041259754749,20.8,66.7,59.2,43.1,26.3,61.2,False
15340732000,1789117037837260000,1097,video_contact_and_recorded_pose,Pour water,66.7,0.849364874038071,20.8,66.7,59.2,43.1,26.3,61.2,False
15400732000,1789117037897260000,1102,video_contact_and_recorded_pose,Pour water,73.3,0.8495310576970765,20.8,73.3,58.4,42.4,25.9,62.4,False
15440737000,1789117037937265000,1105,video_contact_and_recorded_pose,Pour water,73.3,0.8496283139306694,20.8,73.3,58.4,42.4,25.9,62.4,False
15460737000,1789117037957265000,1106,video_contact_and_recorded_pose,Pour water,73.7,0.8496728241488617,20.8,73.7,58.4,42.4,25.9,62,False
15480737000,1789117037977265000,1108,video_contact_and_recorded_pose,Pour water,74.1,0.8497145719708951,20.8,74.1,58,42.4,25.9,62,False
15520741000,1789117038017269000,1110,video_contact_and_recorded_pose,Pour water,73.7,0.8497897231528683,20.8,73.7,58,42.4,25.9,62,False
15540741000,1789117038037269000,1112,video_contact_and_recorded_pose,Pour water,73.3,0.8498230868806893,20.8,73.3,55.7,40,25.1,62,False
15580741000,1789117038077269000,1115,video_contact_and_recorded_pose,Pour water,69.4,0.8498813183971854,20.8,69.4,58.8,44.7,27.5,59.2,False
15620746000,1789117038117274000,1117,video_contact_and_recorded_pose,Pour water,68.2,0.8499281200775769,20.8,68.2,60,46.3,28.2,58.4,False
15660746000,1789117038157274000,1120,video_contact_and_recorded_pose,Pour water,73.7,0.8499633517535036,20.8,73.7,59.6,44.3,27.5,62,False
15720750000,1789117038217278000,1125,video_contact_and_recorded_pose,Pour water,66.3,0.8499942379967214,20.8,66.3,60.4,46.7,29,58.4,False
15760751000,1789117038257279000,1128,video_contact_and_recorded_pose,Pour water,65.9,0.849999893018242,20.8,65.9,59.6,43.5,26.3,59.6,False
15800755000,1789117038297283000,1131,video_contact_and_recorded_pose,Pour water,64.7,0.8496903990573205,20.8,64.7,59.2,42.7,25.5,59.6,False
15820755000,1789117038317283000,1132,video_contact_and_recorded_pose,Pour water,64.3,0.8493180384230536,20.8,64.3,58.8,42.4,25.5,59.6,False
15860755000,1789117038357283000,1135,video_contact_and_recorded_pose,Pour water,63.9,0.8481578025038813,20.8,63.9,58.8,42,25.1,59.6,False
15900760000,1789117038397288000,1138,video_contact_and_recorded_pose,Pour water,63.1,0.846469589447119,20.8,63.1,58.4,41.6,25.1,59.2,False
15940760000,1789117038437288000,1141,video_contact_and_recorded_pose,Pour water,62.7,0.8442853666181013,20.8,62.7,58,41.6,25.5,59.2,False
15980760000,1789117038477288000,1144,video_contact_and_recorded_pose,Pour water,62.7,0.8416364974217889,20.8,62.7,57.6,41.2,25.1,59.2,False
16020764000,1789117038517292000,1146,video_contact_and_recorded_pose,Pour water,71,0.8385541951341193,20.8,71,57.3,41.2,25.9,62.7,False
16080765000,1789117038577293000,1151,video_contact_and_recorded_pose,Pour water,63.1,0.8331880096066944,20.4,63.1,57.3,41.6,25.5,57.6,False
16100769000,1789117038597297000,1152,video_contact_and_recorded_pose,Pour water,63.5,0.8312165260998986,20.4,63.5,57.3,41.2,24.7,58,False
16140769000,1789117038637297000,1155,video_contact_and_recorded_pose,Pour water,62.4,0.8270244196171789,20.4,62.4,56.9,40.8,24.3,57.6,False
16180769000,1789117038677297000,1158,video_contact_and_recorded_pose,Pour water,61.6,0.8225253842596568,20.4,61.6,56.5,40.4,23.9,57.6,False
16200774000,1789117038697302000,1160,video_contact_and_recorded_pose,Pour water,61.2,0.8201700281834867,20.4,61.2,56.5,40.4,23.5,57.3,False
16240774000,1789117038737302000,1162,video_contact_and_recorded_pose,Pour water,60.8,0.8152697104317405,20,60.8,55.7,40,23.1,56.9,False
16300778000,1789117038797306000,1167,video_contact_and_recorded_pose,Pour water,60.4,0.8075009273282229,20,60.4,55.3,39.2,23.9,56.1,False
16340778000,1789117038837306000,1170,video_contact_and_recorded_pose,Pour water,60,0.8020895601406988,19.6,60,54.9,39.2,24.3,55.7,False
16380783000,1789117038877311000,1172,video_contact_and_recorded_pose,Pour water,59.6,0.7965282784861661,19.6,59.6,54.5,38.8,24.3,54.9,False
16420783000,1789117038917311000,1175,video_contact_and_recorded_pose,Pour water,59.2,0.790850017876091,19.6,59.2,54.1,38.4,23.9,54.9,False
16460783000,1789117038957311000,1178,video_contact_and_recorded_pose,Pour water,58.8,0.7850856339846758,19.2,58.8,53.7,38.4,23.1,54.5,False
16480787000,1789117038977315000,1180,video_contact_and_recorded_pose,Pour water,58.4,0.7821804206800572,19.2,58.4,53.3,38,23.1,54.5,False
16520788000,1789117039017316000,1182,video_contact_and_recorded_pose,Pour water,58,0.7763458448782168,19.2,58,52.9,38,22.7,54.1,False
16560788000,1789117039057316000,1185,video_contact_and_recorded_pose,Pour water,57.3,0.7705041504426514,18.8,57.3,52.5,37.6,22.4,53.3,False
16620792000,1789117039117320000,1190,video_contact_and_recorded_pose,Pour water,56.5,0.761796410532596,18.8,56.5,52.2,37.3,22.4,52.5,False
16680797000,1789117039177325000,1194,video_contact_and_recorded_pose,Pour water,55.3,0.7532496385762624,18.4,55.3,51.4,36.9,22,51.8,False
16700797000,1789117039197325000,1195,video_contact_and_recorded_pose,Pour water,54.9,0.7504551533347137,18.4,54.9,51.4,36.5,21.6,51.4,False
16760797000,1789117039257325000,1200,video_contact_and_recorded_pose,Pour water,54.1,0.7422894921178046,18.4,54.1,50.6,36.1,21.2,50.6,False
16800801000,1789117039297329000,1203,video_contact_and_recorded_pose,Pour water,53.7,0.737066128862322,18,53.7,50.2,35.7,21.2,50.2,False
16820802000,1789117039317330000,1204,video_contact_and_recorded_pose,Pour water,61.2,0.7345326942934571,18,61.2,49,35.3,22,52.9,False
16860802000,1789117039357330000,1207,video_contact_and_recorded_pose,Pour water,54.5,0.7296420083505308,18,54.5,49,35.7,22.4,51,False
16880806000,1789117039377334000,1208,video_contact_and_recorded_pose,Pour water,52.5,0.7272920513501823,18,52.5,49,35.7,22.4,50.2,False
16940806000,1789117039437334000,1213,video_contact_and_recorded_pose,Pour water,52.9,0.7206743241870704,17.6,52.9,49,35.3,22,49.8,False
16980811000,1789117039477339000,1216,video_contact_and_recorded_pose,Pour water,52.5,0.7166603820471436,17.6,52.5,49,35.3,21.6,49,False
17020811000,1789117039517339000,1218,video_contact_and_recorded_pose,Pour water,52.2,0.7130024503965171,17.6,52.2,48.6,35.3,21.6,48.6,False
17040811000,1789117039537339000,1220,video_contact_and_recorded_pose,Pour water,52.2,0.7113166494355179,17.6,52.2,48.6,35.3,21.6,48.6,False
17060815000,1789117039557343000,1221,video_contact_and_recorded_pose,Pour water,51.8,0.7097312420454074,17.6,51.8,48.6,35.3,21.6,48.2,False
17120815000,1789117039617343000,1225,video_contact_and_recorded_pose,Pour water,51.4,0.7056196354003648,17.3,51.4,48.2,34.9,21.2,48.2,False
17160820000,1789117039657348000,1229,video_contact_and_recorded_pose,Pour water,51,0.7034541132339311,17.3,51,48.2,34.5,20.4,48.2,False
17200820000,1789117039697348000,1231,video_contact_and_recorded_pose,Pour water,49.8,0.7017863258577721,17.3,49.8,47.8,34.5,20.8,47.8,False
17220820000,1789117039717348000,1233,video_contact_and_recorded_pose,Pour water,49.4,0.7011488269538594,17.3,49.4,48.2,34.9,21.2,47.5,False
17300825000,1789117039797353000,1239,video_contact_and_recorded_pose,Return kettle,48.2,0.6999996169814598,17.3,48.2,48.2,34.9,20.4,47.5,False
17320825000,1789117039817353000,1240,video_contact_and_recorded_pose,Return kettle,48.2,0.6997581778766135,17.3,47.8,48.2,34.5,20,47.5,False
17340825000,1789117039837353000,1241,video_contact_and_recorded_pose,Return kettle,47.8,0.6990792206170336,17.3,47.8,47.8,34.5,20,47.5,False
17360829000,1789117039857357000,1243,video_contact_and_recorded_pose,Return kettle,47.8,0.697974821464181,17.3,47.8,47.8,34.5,20,47.5,False
17420829000,1789117039917357000,1247,video_contact_and_recorded_pose,Return kettle,47.8,0.6922344867496002,16.9,47.1,47.8,34.5,20.4,46.7,False
17480834000,1789117039977362000,1252,video_contact_and_recorded_pose,Return kettle,49,0.6831108645927281,16.9,45.9,49,36.1,22,46.7,False
17520834000,1789117040017362000,1254,video_contact_and_recorded_pose,Return kettle,49,0.6753142898072356,16.5,44.7,49,35.7,22,45.9,False
17540834000,1789117040037362000,1256,video_contact_and_recorded_pose,Return kettle,49,0.6709386460007594,16.5,44.3,49,35.7,21.6,45.5,False
17580838000,1789117040077366000,1259,video_contact_and_recorded_pose,Return kettle,48.6,0.6612933180192848,16.5,43.5,48.6,34.9,21.2,44.7,False
17620839000,1789117040117367000,1262,video_contact_and_recorded_pose,Return kettle,47.5,0.6505401905746434,16.1,42.7,47.5,34.1,20,43.5,False
17640843000,1789117040137371000,1263,video_contact_and_recorded_pose,Return kettle,47.1,0.6447777670229701,15.7,42.4,47.1,33.7,20,43.5,False
17660843000,1789117040157371000,1264,video_contact_and_recorded_pose,Return kettle,46.7,0.6387763845227042,15.7,42,46.7,33.3,19.6,43.1,False
17700843000,1789117040197371000,1267,video_contact_and_recorded_pose,Return kettle,45.9,0.6261027155771006,15.3,41.2,45.9,32.9,19.2,42.4,False
17760848000,1789117040257376000,,video_contact_only,Return kettle,48.2,0.6055982587227711,14.9,48.2,41.2,30.6,19.2,42.7,False
17800848000,1789117040297376000,,video_contact_only,Return kettle,47.1,0.5910788948627036,14.5,47.1,40,29.8,18.4,42,False
17820848000,1789117040317376000,,video_contact_only,Return kettle,46.7,0.5836009841149048,14.5,46.7,39.6,29.4,18.4,41.2,False
17860852000,1789117040357380000,,video_contact_only,Return kettle,45.5,0.5682688433686522,14.1,45.5,38.4,28.6,18,40.4,False
17900852000,1789117040397380000,,video_contact_only,Return kettle,43.9,0.5525207951107306,13.7,43.9,37.6,27.8,17.3,39.2,False
17940857000,1789117040437385000,1285,video_contact_and_recorded_pose,Return kettle,40,0.5364520166286286,13.3,40,37.3,26.7,16.1,33.7,False
17980857000,1789117040477385000,1287,video_contact_and_recorded_pose,Return kettle,38.8,0.5201652452366025,12.9,38.8,36.1,25.9,15.3,32.5,False
18020857000,1789117040517385000,,video_contact_only,Return kettle,40.4,0.5037572007896712,12.5,40.4,34.1,25.5,15.7,35.7,False
18080862000,1789117040577390000,,video_contact_only,Return kettle,38,0.4791316311876104,11.8,38,32.5,23.9,14.9,34.1,False
18120862000,1789117040617390000,,video_contact_only,Return kettle,36.9,0.46285228369515663,11.4,36.9,31.4,23.1,14.5,32.9,False
18140866000,1789117040637394000,,video_contact_only,Return kettle,36.5,0.454788919182181,11.4,36.5,31,22.7,14.1,32.2,False
18160866000,1789117040657394000,,video_contact_only,Return kettle,35.7,0.4467955706645997,11,35.7,30.2,22.4,14.1,31.8,False
18220866000,1789117040717394000,,video_contact_only,Return kettle,33.7,0.4233492988029784,10.6,33.7,28.6,21.2,13.3,30.2,False
18260871000,1789117040757399000,,video_contact_only,Return kettle,32.5,0.4082848009529315,10.2,32.5,27.8,20.4,12.9,29,False
18280871000,1789117040777399000,,video_contact_only,Return kettle,32.2,0.40096098999311763,9.8,32.2,27.1,20,12.5,28.2,False
18300871000,1789117040797399000,,video_contact_only,Return kettle,31.4,0.39379195129261363,9.8,31.4,26.7,19.6,12.5,27.8,False
18360876000,1789117040857404000,,video_contact_only,Return kettle,29.8,0.37333522400678154,9,29.8,25.5,18.8,11.8,26.3,False
18400876000,1789117040897404000,,video_contact_only,Return kettle,28.6,0.3606986749832482,9,28.6,24.3,18,11.4,25.5,False
18420880000,1789117040917408000,,video_contact_only,Return kettle,28.2,0.35471627068469325,8.6,28.2,23.9,17.6,11,25.1,False
18440880000,1789117040937408000,,video_contact_only,Return kettle,27.8,0.34897623527852856,8.6,27.8,23.5,17.6,11,24.7,False
18480880000,1789117040977408000,,video_contact_only,Return kettle,27.1,0.3382689677113016,8.2,27.1,23.1,16.9,10.6,23.9,False
18540885000,1789117041037413000,,video_contact_only,Return kettle,25.9,0.32432410795091365,7.8,25.9,22,16.5,10.2,23.1,False
18580885000,1789117041077413000,,video_contact_only,Return kettle,25.1,0.3165837433876684,7.8,25.1,21.6,16.1,9.8,22.4,False
18600885000,1789117041097413000,,video_contact_only,Return kettle,25.1,0.3132171858833686,7.8,25.1,21.2,15.7,9.8,22.4,False
18640889000,1789117041137417000,,video_contact_only,Return kettle,24.7,0.3075525217124253,7.5,24.7,20.8,15.3,9.8,22,False
18660889000,1789117041157417000,1336,video_contact_and_recorded_pose,Return kettle,21.6,0.30527966191947536,7.5,21.6,21.2,14.9,9,20.8,False
18720894000,1789117041217422000,1341,video_contact_and_recorded_pose,Return kettle,21.2,0.30084554596149704,7.5,21.2,20.4,14.5,8.2,20.8,False
18760894000,1789117041257422000,1344,video_contact_and_recorded_pose,Place kettle,21.2,0.29999868748527775,7.5,21.2,20,14.5,8.2,20.8,False
18800894000,1789117041297422000,1347,video_contact_and_recorded_pose,Place kettle,21.2,0.2973527433778016,7.5,21.2,20,14.5,8.2,21.2,False
18820899000,1789117041317427000,1348,video_contact_and_recorded_pose,Place kettle,20.8,0.29423905518869975,7.1,20.8,19.6,14.5,8.6,20.8,False
18860899000,1789117041357427000,1351,video_contact_and_recorded_pose,Place kettle,20.4,0.2847887658437254,7.1,20.4,19.2,14.1,9,20.4,False
18900899000,1789117041397427000,1354,video_contact_and_recorded_pose,Place kettle,19.6,0.27151337788662555,6.7,19.6,18,14.1,9,19.6,False
18940903000,1789117041437431000,1357,video_contact_and_recorded_pose,Place kettle,18.4,0.2549796686571157,6.3,18.4,17.3,13.3,8.6,18.4,False
18980903000,1789117041477431000,1360,video_contact_and_recorded_pose,Place kettle,17.6,0.2357595663666479,5.9,16.5,17.6,12.9,8.2,16.9,False
19000903000,1789117041497431000,1361,video_contact_and_recorded_pose,Place kettle,17.3,0.22531923488263927,5.5,15.7,17.3,12.5,7.8,16.1,False
19040908000,1789117041537436000,1364,video_contact_and_recorded_pose,Place kettle,15.7,0.2031305060065539,5.1,14.1,15.7,11.4,7.1,14.5,False
19080908000,1789117041577436000,1367,video_contact_and_recorded_pose,Place kettle,13.7,0.17967806173229617,4.3,12.5,13.7,10.2,6.3,12.9,False
19120912000,1789117041617440000,1370,video_contact_and_recorded_pose,Place kettle,11.4,0.15552537511040407,3.9,11,11.4,8.6,5.5,11.4,False
19160913000,1789117041657441000,1372,video_contact_and_recorded_pose,Place kettle,9.8,0.1312452941320235,3.1,9.4,9.8,7.5,4.7,9.8,False
19180913000,1789117041677441000,1374,video_contact_and_recorded_pose,Place kettle,9,0.11923479980909121,2.7,8.6,8.6,6.7,4.3,9,False
19260917000,1789117041757445000,1380,video_contact_and_recorded_pose,Place kettle,5.5,0.07371065196208373,2,5.1,5.5,4.3,2.7,5.5,False
19300922000,1789117041797450000,,video_contact_only,Place kettle,4.3,0.053454444445468596,1.2,4.3,3.5,2.7,1.6,3.9,False
19320922000,1789117041817450000,,video_contact_only,Place kettle,3.5,0.044203214812041314,1.2,3.5,3.1,2.4,1.6,3.1,False
19340922000,1789117041837450000,,video_contact_only,Place kettle,2.7,0.035630443710191584,0.8,2.7,2.4,2,1.2,2.4,False
19380922000,1789117041877450000,,video_contact_only,Place kettle,1.6,0.0208045643102735,0.4,1.6,1.6,1.2,0.8,1.6,False
19440926000,1789117041937454000,1393,video_contact_and_recorded_pose,Place kettle,0.4,0.005430264515481842,0,0.4,0.4,0.4,0,0.4,False
19480927000,1789117041977455000,,video_contact_only,Place kettle,0,0.0005876108404950231,0,0,0,0,0,0,False
19500931000,1789117041997459000,,video_contact_only,Release kettle,0,0,0,0,0,0,0,0,False
19540931000,1789117042037459000,,video_contact_only,Release kettle,0,0,0,0,0,0,0,0,False
19580931000,1789117042077459000,,video_contact_only,Release kettle,0,0,0,0,0,0,0,0,False
19620936000,1789117042117464000,,video_contact_only,Release kettle,0,0,0,0,0,0,0,0,False
19640936000,1789117042137464000,,video_contact_only,Release kettle,0,0,0,0,0,0,0,0,False
19660936000,1789117042157464000,,video_contact_only,Release kettle,0,0,0,0,0,0,0,0,False
19720940000,1789117042217468000,,video_contact_only,Release kettle,0,0,0,0,0,0,0,0,False
19760940000,1789117042257468000,,video_contact_only,Release kettle,0,0,0,0,0,0,0,0,False
19800945000,1789117042297473000,,video_contact_only,Release kettle,0,0,0,0,0,0,0,0,False
19820945000,1789117042317473000,,video_contact_only,Release kettle,0,0,0,0,0,0,0,0,False
19860945000,1789117042357473000,,video_contact_only,Release kettle,0,0,0,0,0,0,0,0,False
19900950000,1789117042397478000,,video_contact_only,Release kettle,0,0,0,0,0,0,0,0,False
19940950000,1789117042437478000,,video_contact_only,Release kettle,0,0,0,0,0,0,0,0,False
19980954000,1789117042477482000,1432,video_contact_and_recorded_pose,Release kettle,0,0,0,0,0,0,0,0,False
20020954000,1789117042517482000,1434,video_contact_and_recorded_pose,Release kettle,0,0,0,0,0,0,0,0,False
20060954000,1789117042557482000,1437,video_contact_and_recorded_pose,Release kettle,0,0,0,0,0,0,0,0,False
20120959000,1789117042617487000,1442,video_contact_and_recorded_pose,Release kettle,0,0,0,0,0,0,0,0,False
20140959000,1789117042637487000,1443,video_contact_and_recorded_pose,Release kettle,0,0,0,0,0,0,0,0,False
20160959000,1789117042657487000,1445,video_contact_and_recorded_pose,Release kettle,0,0,0,0,0,0,0,0,False
20200964000,1789117042697492000,1447,video_contact_and_recorded_pose,Release kettle,0,0,0,0,0,0,0,0,False
20260964000,1789117042757492000,1452,video_contact_and_recorded_pose,Reach for cup,0,4.954121857552319e-07,0,0,0,0,0,0,False
20300968000,1789117042797496000,1455,video_contact_and_recorded_pose,Reach for cup,0,0.0008788358054117143,0,0,0,0,0,0,False
20340968000,1789117042837496000,1457,video_contact_and_recorded_pose,Reach for cup,0.4,0.003370613786358586,0,0.4,0.4,0,0,0.4,False
20360968000,1789117042857496000,1459,video_contact_and_recorded_pose,Reach for cup,0.4,0.005193098972387554,0,0.4,0.4,0.4,0,0.4,False
20400973000,1789117042897501000,1462,video_contact_and_recorded_pose,Reach for cup,0.8,0.009935054030910117,0.4,0.8,0.8,0.4,0.4,0.8,False
20440973000,1789117042937501000,1465,video_contact_and_recorded_pose,Reach for cup,1.2,0.01606238160247023,0.4,1.2,1.2,0.8,0.4,1.2,False
20480977000,1789117042977505000,1467,video_contact_and_recorded_pose,Reach for cup,1.6,0.023485365657726406,0.4,1.6,1.6,1.2,0.8,1.6,False
20500977000,1789117042997505000,1469,video_contact_and_recorded_pose,Reach for cup,2,0.027653640034795327,0.8,2,2,1.6,0.8,1.6,False
20520977000,1789117043017505000,1470,video_contact_and_recorded_pose,Reach for cup,2.4,0.0321114919407531,0.8,2,2.4,1.6,1.2,2,False
20580982000,1789117043077510000,1475,video_contact_and_recorded_pose,Reach for cup,3.1,0.04711008062364225,1.2,3.1,3.1,2.4,1.6,2.7,False
20620982000,1789117043117510000,1478,video_contact_and_recorded_pose,Reach for cup,3.9,0.05834765409472325,1.6,3.9,3.9,3.1,2,3.5,False
20660987000,1789117043157515000,1480,video_contact_and_recorded_pose,Reach for cup,4.7,0.07047202652822314,1.6,4.7,4.7,3.5,2.4,4.3,False
20720987000,1789117043217515000,1485,video_contact_and_recorded_pose,Reach for cup,6.3,0.09011706997701317,2.4,5.9,6.3,4.7,2.7,5.5,False
20740987000,1789117043237515000,1486,video_contact_and_recorded_pose,Reach for cup,7.1,0.09700942073253538,2.4,6.3,7.1,5.1,3.1,5.9,False
20780991000,1789117043277519000,1489,video_contact_and_recorded_pose,Reach for cup,7.8,0.11124331080596046,2.7,7.5,7.8,5.9,3.5,6.7,False
20820991000,1789117043317519000,1492,video_contact_and_recorded_pose,Reach for cup,9,0.12599692942528573,3.1,8.2,9,6.7,3.9,7.5,False
20880996000,1789117043377524000,1496,video_contact_and_recorded_pose,Reach for cup,11,0.14890729213586704,3.5,9.8,11,7.8,5.1,9,False
20900996000,1789117043397524000,1498,video_contact_and_recorded_pose,Reach for cup,11.8,0.15670540363312077,3.9,10.2,11.8,8.6,5.5,9.4,False
20940996000,1789117043437524000,1501,video_contact_and_recorded_pose,Reach for cup,13.3,0.17247628234318382,4.3,11.4,13.3,9.8,6.3,10.2,False
20981001000,1789117043477529000,1503,video_contact_and_recorded_pose,Reach for cup,14.5,0.1884061804982715,4.7,12.2,14.5,10.6,6.7,11,False
21021001000,1789117043517529000,1506,video_contact_and_recorded_pose,Reach for cup,16.1,0.20440008441765017,5.1,13.3,16.1,11.4,7.5,12.2,False
21041001000,1789117043537529000,1508,video_contact_and_recorded_pose,Reach for cup,16.5,0.21239333774622976,5.1,13.7,16.5,11.8,7.5,12.5,False
21081005000,1789117043577533000,1511,video_contact_and_recorded_pose,Reach for cup,17.6,0.22831714391221905,5.5,14.9,17.6,12.9,8.2,13.3,False
21121005000,1789117043617533000,1514,video_contact_and_recorded_pose,Reach for cup,19.2,0.2440777769900261,5.9,16.1,19.2,13.7,8.6,14.1,False
21141005000,1789117043637533000,1515,video_contact_and_recorded_pose,Reach for cup,19.6,0.2518690581511519,6.3,16.5,19.6,14.1,9,14.9,False
21181010000,1789117043677538000,1518,video_contact_and_recorded_pose,Reach for cup,20.8,0.26721855685183943,6.7,17.3,20.8,14.9,9.4,15.7,False
21221010000,1789117043717538000,1521,video_contact_and_recorded_pose,Reach for cup,22,0.28217697382084655,7.1,18.4,22,15.7,9.8,16.5,False
21261014000,1789117043757542000,1524,video_contact_and_recorded_pose,Reach for cup,20,0.2966566465920963,7.5,19.6,20,14.1,8.2,17.3,False
21301015000,1789117043797543000,1526,video_contact_and_recorded_pose,Reach for cup,22,0.31056398948943853,7.8,20.8,22,16.1,10.2,18,False
21361019000,1789117043857547000,1531,video_contact_and_recorded_pose,Reach for cup,25.1,0.33015561212749195,8.2,23.5,25.1,18.4,11.4,19.6,False
21401019000,1789117043897547000,1534,video_contact_and_recorded_pose,Reach for cup,25.5,0.34223629673707623,8.2,24.3,25.5,18.8,11.4,20.8,False
21421019000,1789117043917547000,1535,video_contact_and_recorded_pose,Reach for cup,25.9,0.34794865838409,8.6,24.7,25.9,18.8,11.8,21.2,False
21461024000,1789117043957552000,1538,video_contact_and_recorded_pose,Reach for cup,26.7,0.35866180820116267,9,25.5,26.7,19.6,12.2,22,False
21481024000,1789117043977552000,1539,video_contact_and_recorded_pose,Reach for cup,27.1,0.3636384985206751,9,25.9,27.1,20,12.2,22.4,False
21521024000,1789117044017552000,1542,video_contact_and_recorded_pose,Reach for cup,27.8,0.3727766204219205,9,25.5,27.8,20.4,12.5,22.4,False
21581028000,1789117044077556000,1547,video_contact_and_recorded_pose,Reach for cup,28.2,0.38427566227270754,9.4,25.1,28.2,20.8,12.9,22.7,False
21601028000,1789117044097556000,1548,video_contact_and_recorded_pose,Reach for cup,28.6,0.38747385789770544,9.4,25.1,28.6,20.8,12.9,23.1,False
21621029000,1789117044117557000,1550,video_contact_and_recorded_pose,Reach for cup,28.6,0.3903359587630037,9.8,25.1,28.6,21.2,12.9,23.1,False
21661033000,1789117044157561000,1552,video_contact_and_recorded_pose,Reach for cup,29,0.39500605109905695,9.8,25.1,29,21.2,12.9,23.1,False
21721033000,1789117044217561000,1557,video_contact_and_recorded_pose,Reach for cup,29.4,0.39920419735659296,9.8,25.1,29.4,21.6,13.7,23.5,False
21761038000,1789117044257566000,1560,video_contact_and_recorded_pose,Support cup,29.8,0.4,9.8,25.1,29.8,22,13.7,23.9,False
21781038000,1789117044277566000,1561,video_contact_and_recorded_pose,Support cup,30.2,0.4,9.8,25.1,30.2,22,13.7,23.9,False
21841042000,1789117044337570000,1566,video_contact_and_recorded_pose,Support cup,30.2,0.4,9.8,25.1,30.2,21.6,13.3,23.9,False
21881042000,1789117044377570000,1568,video_contact_and_recorded_pose,Support cup,29.8,0.4,9.8,25.5,29.8,21.6,13.3,23.5,False
21901042000,1789117044397570000,1570,video_contact_and_recorded_pose,Support cup,29.8,0.4,9.8,25.5,29.8,21.6,13.3,23.5,False
21981047000,1789117044477575000,1576,video_contact_and_recorded_pose,Support cup,30.2,0.4,9.8,25.9,30.2,22,13.7,23.5,False
22021051000,1789117044517579000,1578,video_contact_and_recorded_pose,Support cup,30.2,0.4,9.8,25.9,30.2,22,14.1,22.7,False
22061052000,1789117044557580000,1581,video_contact_and_recorded_pose,Support cup,30.2,0.4,9.8,26.3,30.2,22,13.7,23.1,False
22081052000,1789117044577580000,1582,video_contact_and_recorded_pose,Support cup,30.2,0.4,9.8,26.3,30.2,22,13.7,23.1,False
22121056000,1789117044617584000,1586,video_contact_and_recorded_pose,Support cup,30.2,0.4,9.8,26.3,30.2,22,13.3,23.1,False
22141056000,1789117044637584000,1587,video_contact_and_recorded_pose,Support cup,30.2,0.4,9.8,26.7,30.2,22,13.7,23.1,False
22161056000,1789117044657584000,1588,video_contact_and_recorded_pose,Support cup,30.2,0.4,9.8,26.7,30.2,22,14.1,23.5,False
22201056000,1789117044697584000,1591,video_contact_and_recorded_pose,Support cup,30.2,0.4,9.8,26.7,30.2,22,14.1,23.9,False
22221061000,1789117044717589000,1593,video_contact_and_recorded_pose,Support cup,30.2,0.4,9.8,26.7,30.2,22,14.1,24.3,False
22241061000,1789117044737589000,1594,video_contact_and_recorded_pose,Support cup,30.2,0.4,9.8,27.1,30.2,22,14.1,24.3,False
22321065000,1789117044817593000,1599,video_contact_and_recorded_pose,Support cup,30.6,0.4,9.8,27.5,30.6,22.4,14.1,24.3,False
22341065000,1789117044837593000,1601,video_contact_and_recorded_pose,Support cup,30.6,0.4,9.8,27.5,30.6,22.4,14.1,24.3,False
22381065000,1789117044877593000,1603,video_contact_and_recorded_pose,Support cup,30.2,0.4,9.8,27.5,30.2,22,13.3,23.9,False
22441070000,1789117044937598000,1608,video_contact_and_recorded_pose,Support cup,29.8,0.4,9.8,27.1,29.8,21.6,12.9,23.5,False
22461070000,1789117044957598000,1609,video_contact_and_recorded_pose,Support cup,29.8,0.4,9.8,27.1,29.8,21.6,13.3,23.5,False
22481070000,1789117044977598000,1611,video_contact_and_recorded_pose,Support cup,29.8,0.4,9.8,27.1,29.8,21.6,13.3,23.5,False
22521075000,1789117045017603000,1614,video_contact_and_recorded_pose,Support cup,29.8,0.4,9.8,27.1,29.8,22,14.5,23.9,False
22541075000,1789117045037603000,1615,video_contact_and_recorded_pose,Support cup,29.8,0.4,9.8,27.5,29.8,22,14.1,23.9,False
22581075000,1789117045077603000,1618,video_contact_and_recorded_pose,Support cup,29.8,0.4,9.8,27.5,29.8,22,14.1,24.3,False
22621079000,1789117045117607000,1621,video_contact_and_recorded_pose,Support cup,29.4,0.4,9.8,27.5,29.4,22,13.7,24.3,False
22661079000,1789117045157607000,1623,video_contact_and_recorded_pose,Support cup,29.8,0.4,9.8,27.8,29.8,22,13.7,23.9,False
22701084000,1789117045197612000,1626,video_contact_and_recorded_pose,Support cup,29.8,0.4,9.8,27.8,29.8,22,13.7,23.9,False
22741084000,1789117045237612000,1629,video_contact_and_recorded_pose,Support cup,29.8,0.4,9.8,27.8,29.8,22,14.1,23.9,False
22781084000,1789117045277612000,1631,video_contact_and_recorded_pose,Support cup,29.8,0.4,9.8,27.8,29.8,22,14.1,23.9,False
22801088000,1789117045297616000,1633,video_contact_and_recorded_pose,Support cup,29.8,0.4,9.8,27.8,29.8,22,13.7,23.9,False
22861089000,1789117045357617000,1637,video_contact_and_recorded_pose,Support cup,29.8,0.4,9.8,27.8,29.8,22,13.7,23.9,False
22901093000,1789117045397621000,1640,video_contact_and_recorded_pose,Support cup,29.8,0.4,9.8,27.5,29.8,22,13.7,23.5,False
22921093000,1789117045417621000,1641,video_contact_and_recorded_pose,Support cup,29.8,0.4,9.8,27.5,29.8,22,13.7,23.1,False
22961093000,1789117045457621000,1644,video_contact_and_recorded_pose,Support cup,29.4,0.4,9.8,27.5,29.4,22,13.7,23.1,False
23021098000,1789117045517626000,1649,video_contact_and_recorded_pose,Support cup,29.4,0.4,9.8,27.5,29.4,21.6,13.7,23.1,False
23041098000,1789117045537626000,1650,video_contact_and_recorded_pose,Support cup,29.4,0.4,9.8,27.5,29.4,21.6,13.3,23.1,False
23061098000,1789117045557626000,1651,video_contact_and_recorded_pose,Support cup,29.4,0.4,9.8,27.1,29.4,21.6,13.3,23.1,False
23101102000,1789117045597630000,1654,video_contact_and_recorded_pose,Support cup,29,0.4,9.8,27.1,29,21.2,13.3,23.1,False
23161103000,1789117045657631000,1659,video_contact_and_recorded_pose,Support cup,28.6,0.4,9.8,27.1,28.6,20.8,12.9,23.1,False
23201107000,1789117045697635000,1661,video_contact_and_recorded_pose,Support cup,28.2,0.4,9.8,27.5,28.2,20.8,12.9,22.7,False
23221107000,1789117045717635000,1663,video_contact_and_recorded_pose,Support cup,28.2,0.4,9.8,27.8,28.2,21.2,13.3,23.1,False
23301112000,1789117045797640000,1669,video_contact_and_recorded_pose,Support cup,29,0.4,9.8,29,28.6,21.2,13.7,23.9,False
23321112000,1789117045817640000,1670,video_contact_and_recorded_pose,Support cup,29,0.4,9.8,29,28.6,21.6,13.7,24.3,False
23341112000,1789117045837640000,1671,video_contact_and_recorded_pose,Support cup,29,0.4,9.8,29,29,21.6,13.7,24.3,False
23361112000,1789117045857640000,1673,video_contact_and_recorded_pose,Support cup,29,0.4,9.8,29,29,21.6,13.3,24.3,False
23441116000,1789117045937644000,1679,video_contact_and_recorded_pose,Support cup,28.6,0.4,9.8,27.8,28.6,20.8,12.9,23.5,False
23461116000,1789117045957644000,1680,video_contact_and_recorded_pose,Support cup,28.6,0.4,9.8,28.2,28.6,20.8,12.9,23.9,False
23481121000,1789117045977649000,1681,video_contact_and_recorded_pose,Support cup,28.6,0.4,9.8,28.2,28.6,20.8,12.9,23.9,False
23501121000,1789117045997649000,1683,video_contact_and_recorded_pose,Support cup,28.6,0.4,9.8,28.2,28.6,20.8,13.3,23.9,False
23541121000,1789117046037649000,1686,video_contact_and_recorded_pose,Support cup,28.6,0.4,9.8,28.2,28.6,20.8,12.9,23.9,False
23601126000,1789117046097654000,1690,video_contact_and_recorded_pose,Support cup,27.5,0.4,9.8,27.5,27.1,19.6,12.2,23.5,False
23621126000,1789117046117654000,1691,video_contact_and_recorded_pose,Support cup,27.5,0.4,9.8,27.5,26.3,19.6,12.2,23.5,False
23661126000,1789117046157654000,1694,video_contact_and_recorded_pose,Support cup,26.7,0.4,9.8,26.7,25.1,18.4,11.4,23.5,False
23681130000,1789117046177658000,1696,video_contact_and_recorded_pose,Support cup,26.7,0.4,9.8,26.7,24.7,18,11,23.5,False
23761130000,1789117046257658000,1702,video_contact_and_recorded_pose,Support cup,26.3,0.4,9.8,26.3,24.7,18,11.4,23.9,False
23801135000,1789117046297663000,1705,video_contact_and_recorded_pose,Support cup,25.9,0.4,9.8,25.9,24.3,17.6,11,23.9,False
23821135000,1789117046317663000,1706,video_contact_and_recorded_pose,Support cup,25.9,0.4,9.8,25.9,23.9,17.3,10.6,23.5,False
23841135000,1789117046337663000,1707,video_contact_and_recorded_pose,Support cup,25.9,0.4,9.8,25.9,23.5,17.3,10.6,23.5,False
23901139000,1789117046397667000,1712,video_contact_and_recorded_pose,Support cup,25.9,0.4,9.8,25.9,23.1,17.3,10.6,23.1,False
23941140000,1789117046437668000,1715,video_contact_and_recorded_pose,Support cup,26.3,0.4,9.8,26.3,23.5,17.3,11,23.1,False
23981144000,1789117046477672000,1717,video_contact_and_recorded_pose,Support cup,26.3,0.4,9.8,26.3,23.9,17.6,11.4,23.5,False
24001144000,1789117046497672000,1719,video_contact_and_recorded_pose,Support cup,26.3,0.4,9.8,26.3,23.9,17.6,11.4,23.5,False
24041144000,1789117046537672000,1722,video_contact_and_recorded_pose,Support cup,26.7,0.4,9.8,26.7,23.9,17.6,11.4,23.5,False
24081149000,1789117046577677000,1725,video_contact_and_recorded_pose,Support cup,26.7,0.4,9.8,26.7,24.3,18,11.4,23.5,False
24121149000,1789117046617677000,1727,video_contact_and_recorded_pose,Support cup,26.7,0.4,9.8,26.7,24.3,18,11.8,23.9,False
24141149000,1789117046637677000,1729,video_contact_and_recorded_pose,Support cup,26.3,0.4,9.8,26.3,24.3,18,11.4,23.9,False
24181153000,1789117046677681000,1732,video_contact_and_recorded_pose,Support cup,26.7,0.4,9.8,26.7,24.3,18,11.4,23.5,False
24221153000,1789117046717681000,1735,video_contact_and_recorded_pose,Support cup,26.7,0.4,9.8,26.7,24.3,18,11.4,23.5,False
24261158000,1789117046757686000,1738,video_contact_and_recorded_pose,Support cup,26.7,0.4,9.8,26.7,24.3,18,11.4,23.5,False
24281158000,1789117046777686000,1739,video_contact_and_recorded_pose,Support cup,26.7,0.4,9.8,26.7,24.3,18,11.4,23.5,False
24321158000,1789117046817686000,1742,video_contact_and_recorded_pose,Support cup,26.3,0.4,9.8,26.3,23.9,17.6,11,23.5,False
24361163000,1789117046857691000,1745,video_contact_and_recorded_pose,Support cup,26.3,0.4,9.8,26.3,23.9,17.6,11.4,23.5,False
24401163000,1789117046897691000,1748,video_contact_and_recorded_pose,Support cup,26.7,0.4,9.8,26.7,23.9,17.6,11.4,23.5,False
24441163000,1789117046937691000,1751,video_contact_and_recorded_pose,Support cup,26.7,0.4,9.8,26.7,24.3,18,11.4,23.5,False
24461167000,1789117046957695000,1752,video_contact_and_recorded_pose,Support cup,26.7,0.4,9.8,26.7,24.3,18,11.4,23.9,False
24501167000,1789117046997695000,1755,video_contact_and_recorded_pose,Support cup,26.7,0.4,9.8,26.7,24.3,18,11.4,23.5,False
24541167000,1789117047037695000,1758,video_contact_and_recorded_pose,Support cup,26.7,0.4,9.8,26.7,24.3,18,11.4,23.5,False
24621172000,1789117047117700000,1764,video_contact_and_recorded_pose,Support cup,26.7,0.4,9.8,26.7,24.3,18,11.4,23.5,False
24641172000,1789117047137700000,1765,video_contact_and_recorded_pose,Support cup,26.7,0.4,9.8,26.7,24.3,18,11.4,23.5,False
24681177000,1789117047177705000,1768,video_contact_and_recorded_pose,Support cup,26.7,0.4,9.8,26.7,24.3,18,11.4,23.5,False
24721177000,1789117047217705000,1771,video_contact_and_recorded_pose,Support cup,26.7,0.4,9.8,26.7,24.3,17.6,11,23.5,False
24741181000,1789117047237709000,1772,video_contact_and_recorded_pose,Support cup,26.7,0.4,9.8,26.7,24.3,17.6,11,23.5,False
24761181000,1789117047257709000,1774,video_contact_and_recorded_pose,Support cup,26.7,0.4,9.8,26.7,23.9,17.6,11,23.5,False
24821181000,1789117047317709000,1778,video_contact_and_recorded_pose,Support cup,26.3,0.4,9.8,26.3,23.9,17.6,11,23.5,False
24861186000,1789117047357714000,1781,video_contact_and_recorded_pose,Support cup,26.3,0.4,9.8,26.3,23.9,17.6,11,23.5,False
24901186000,1789117047397714000,1784,video_contact_and_recorded_pose,Support cup,26.3,0.4,9.8,26.3,23.9,17.6,11,23.1,False
24941190000,1789117047437718000,1786,video_contact_and_recorded_pose,Support cup,26.7,0.4,9.8,26.7,23.5,17.3,11,23.1,False
24981191000,1789117047477719000,1789,video_contact_and_recorded_pose,Support cup,26.7,0.4,9.8,26.7,23.5,17.3,11,23.1,False
25021191000,1789117047517719000,1792,video_contact_and_recorded_pose,Support cup,26.7,0.4,9.8,26.7,23.5,17.3,11,23.5,False
25061195000,1789117047557723000,1795,video_contact_and_recorded_pose,Support cup,26.7,0.4,9.8,26.7,23.5,17.3,10.6,23.5,False
25101195000,1789117047597723000,1798,video_contact_and_recorded_pose,Support cup,26.7,0.4,9.8,26.7,23.1,17.3,10.6,23.5,False
25141200000,1789117047637728000,1801,video_contact_and_recorded_pose,Support cup,26.7,0.4,9.8,26.7,23.5,17.3,11,23.9,False
25161200000,1789117047657728000,1802,video_contact_and_recorded_pose,Support cup,26.7,0.4,9.8,26.7,23.5,17.3,11,23.9,False
25201200000,1789117047697728000,1805,video_contact_and_recorded_pose,Support cup,26.7,0.4,9.8,26.7,23.9,17.6,11,23.9,False
25261204000,1789117047757732000,1810,video_contact_and_recorded_pose,Support cup,26.3,0.4,9.8,26.3,23.9,17.6,11,23.5,False
25301204000,1789117047797732000,1813,video_contact_and_recorded_pose,Support cup,26.3,0.4,9.8,26.3,23.9,17.6,11.4,23.5,False
25341209000,1789117047837737000,1815,video_contact_and_recorded_pose,Support cup,26.3,0.4,9.8,26.3,23.9,18,11.4,23.5,False
25401209000,1789117047897737000,1820,video_contact_and_recorded_pose,Support cup,26.7,0.4,9.8,26.7,24.3,18,11.4,23.9,False
25441214000,1789117047937742000,1823,video_contact_and_recorded_pose,Support cup,26.7,0.4,9.8,26.7,24.3,18,11.4,23.9,False
25461214000,1789117047957742000,1824,video_contact_and_recorded_pose,Support cup,26.7,0.4,9.8,26.7,24.3,18,11.4,23.9,False
25481214000,1789117047977742000,1825,video_contact_and_recorded_pose,Support cup,26.7,0.4,9.8,26.7,24.3,18,11.4,23.9,False
25541218000,1789117048037746000,1830,video_contact_and_recorded_pose,Carry cup,26.7,0.3999982848947748,9.8,26.7,23.9,17.6,11,23.9,False
25581218000,1789117048077746000,1833,video_contact_and_recorded_pose,Carry cup,26.7,0.3981086985852754,9.8,26.7,23.9,17.6,11,23.9,False
25621223000,1789117048117751000,1836,video_contact_and_recorded_pose,Carry cup,26.3,0.39293862806168167,9.8,26.3,23.5,17.6,11,23.5,False
25681223000,1789117048177751000,1840,video_contact_and_recorded_pose,Carry cup,25.5,0.37993515501557856,9.4,25.5,23.1,16.9,10.6,23.1,False
25701223000,1789117048197751000,1841,video_contact_and_recorded_pose,Carry cup,25.1,0.3744066808040518,9.4,25.1,22.7,16.5,10.6,22.7,False
25761228000,1789117048257756000,1846,video_contact_and_recorded_pose,Carry cup,23.9,0.35495769943686195,8.6,23.9,21.2,15.7,9.8,21.6,False
25781228000,1789117048277756000,1847,video_contact_and_recorded_pose,Carry cup,23.1,0.3476927535339129,8.6,23.1,20.8,15.3,9.4,20.8,False
25801228000,1789117048297756000,1849,video_contact_and_recorded_pose,Carry cup,22.7,0.3401223240918692,8.2,22.7,20,14.9,9,20.4,False
25841232000,1789117048337760000,1851,video_contact_and_recorded_pose,Carry cup,21.6,0.32426915365830616,7.8,21.6,19.2,14.1,9,19.2,False
25861232000,1789117048357760000,1853,video_contact_and_recorded_pose,Carry cup,21.2,0.3160908904868386,7.8,21.2,18.8,13.7,8.6,18.8,False
25921237000,1789117048417765000,1857,video_contact_and_recorded_pose,Carry cup,19.6,0.2911615145993641,7.1,19.6,17.6,12.9,8.2,17.6,False
25941237000,1789117048437765000,1859,video_contact_and_recorded_pose,Carry cup,18.8,0.2828930657504918,7.1,18.8,17.3,12.5,8.2,17.3,False
25981237000,1789117048477765000,1862,video_contact_and_recorded_pose,Carry cup,17.6,0.2667257951103601,6.7,17.6,16.1,12.2,7.5,16.1,False
26021241000,1789117048517769000,1864,video_contact_and_recorded_pose,Carry cup,16.9,0.25139281843750094,6.3,16.9,15.3,11.4,7.1,14.9,False
26081242000,1789117048577770000,1869,video_contact_and_recorded_pose,Carry cup,15.3,0.23086276974068168,5.5,15.3,14.1,10.6,6.7,13.7,False
26121246000,1789117048617774000,1872,video_contact_and_recorded_pose,Carry cup,14.9,0.21942033285643367,5.5,14.9,13.7,10.2,6.3,13.3,False
26161246000,1789117048657774000,1874,video_contact_and_recorded_pose,Carry cup,14.1,0.2102553336086628,5.1,14.1,12.9,9.8,5.9,12.5,False
26181246000,1789117048677774000,1876,video_contact_and_recorded_pose,Carry cup,14.1,0.20665500733868625,5.1,14.1,12.9,9.4,5.9,12.5,False
26221251000,1789117048717779000,1879,video_contact_and_recorded_pose,Carry cup,13.7,0.20167547877955297,5.1,13.7,12.5,9,5.9,12.2,False
26261251000,1789117048757779000,1882,video_contact_and_recorded_pose,Release cup,13.3,0.19999189708229445,5.1,13.3,12.2,9,5.9,11.8,False
26281251000,1789117048777779000,1883,video_contact_and_recorded_pose,Release cup,13.3,0.19775369944398802,4.7,13.3,12.2,9,5.9,11.8,False
26301255000,1789117048797783000,1884,video_contact_and_recorded_pose,Release cup,12.9,0.19188080314376543,4.7,12.9,11.8,8.6,5.5,11.4,False
26341255000,1789117048837783000,1887,video_contact_and_recorded_pose,Release cup,11.4,0.17119137716167773,4.3,11.4,10.6,7.8,4.7,10.2,False
26401260000,1789117048897788000,1892,video_contact_and_recorded_pose,Release cup,8.2,0.1251172309828626,3.1,8.2,7.5,5.5,3.5,7.5,False
26441260000,1789117048937788000,1895,video_contact_and_recorded_pose,Release cup,5.9,0.09007923497227915,2.4,5.9,5.5,3.9,2.4,5.5,False
26481260000,1789117048977788000,1897,video_contact_and_recorded_pose,Release cup,3.5,0.05614134073250768,1.6,3.5,3.5,2.4,1.6,3.5,False
26501265000,1789117048997793000,1899,video_contact_and_recorded_pose,Release cup,2.7,0.04080254499831798,1.2,2.7,2.4,2,1.2,2.4,False
26521265000,1789117049017793000,1900,video_contact_and_recorded_pose,Release cup,2,0.02720840713448744,0.8,2,1.6,1.2,0.8,1.6,False
26561265000,1789117049057793000,1903,video_contact_and_recorded_pose,Release cup,0.4,0.007196072786838176,0,0.4,0.4,0.4,0.4,0.4,False
26621269000,1789117049117797000,1908,video_contact_and_recorded_pose,Reach for door,0.4,0.004499700414548243,0,0.4,0.4,0.4,0,0.4,False
26641269000,1789117049137797000,1909,video_contact_and_recorded_pose,Reach for door,1.2,0.016355482854766817,0.4,1.2,1.2,0.8,0.4,1.2,False
26661269000,1789117049157797000,1910,video_contact_and_recorded_pose,Reach for door,2.4,0.034758919044985175,0.8,2.4,2.4,1.6,1.2,2,False
26701274000,1789117049197802000,1913,video_contact_and_recorded_pose,Reach for door,6.3,0.08791655219533341,2.4,6.3,5.9,4.3,2.7,5.5,False
26761274000,1789117049257802000,1918,video_contact_and_recorded_pose,Reach for door,14.5,0.1961258320539565,4.7,14.5,12.9,9.8,5.9,12.2,False
26801278000,1789117049297806000,1921,video_contact_and_recorded_pose,Reach for door,20.8,0.2776358391238946,6.7,20.8,18.4,13.7,8.6,17.3,False
26841279000,1789117049337807000,1923,video_contact_and_recorded_pose,Reach for door,26.7,0.35892901011755063,9,26.7,23.9,17.6,11,22.7,False
26861279000,1789117049357807000,1925,video_contact_and_recorded_pose,Reach for door,29.8,0.39743292628151883,9.8,29.8,26.3,19.6,12.2,25.1,False
26901283000,1789117049397811000,1928,video_contact_and_recorded_pose,Reach for door,35.3,0.4660386166797579,11.4,35.3,31,22.7,14.1,29.8,False
26961283000,1789117049457811000,1932,video_contact_and_recorded_pose,Reach for door,40.4,0.5355390109669167,13.3,40.4,35.7,26.3,16.1,34.5,False
26981288000,1789117049477816000,1933,video_contact_and_recorded_pose,Reach for door,41.2,0.5465018012011269,13.3,41.2,36.5,26.7,16.5,35.3,False
27001288000,1789117049497816000,,video_contact_only,Open microwave,43.9,0.5499999824026163,13.7,43.9,37.3,27.5,17.3,38.8,False
27061288000,1789117049557816000,,video_contact_only,Open microwave,43.9,0.5499605795747,13.7,43.9,37.3,27.5,17.3,38.8,False
27101292000,1789117049597820000,,video_contact_only,Open microwave,43.9,0.549893095686828,13.7,43.9,37.3,27.5,17.3,38.8,False
27141292000,1789117049637820000,,video_contact_only,Open microwave,43.9,0.5497934941931645,13.7,43.9,37.3,27.5,17.3,38.8,False
27181297000,1789117049677825000,,video_contact_only,Open microwave,43.9,0.5496624740516085,13.7,43.9,37.3,27.5,17.3,38.8,False
27221297000,1789117049717825000,,video_contact_only,Open microwave,43.9,0.5495007904716385,13.7,43.9,37.3,27.5,17.3,38.8,False
27301302000,1789117049797830000,,video_contact_only,Open microwave,43.9,0.549088249839383,13.3,43.9,37.3,27.5,17.3,38.8,False
27321302000,1789117049817830000,,video_contact_only,Open microwave,43.9,0.5489670753196179,13.3,43.9,37.3,27.5,17.3,38.8,False
27341302000,1789117049837830000,,video_contact_only,Open microwave,43.9,0.548838863441199,13.3,43.9,37.3,27.5,17.3,38.8,False
27361302000,1789117049857830000,,video_contact_only,Open microwave,43.9,0.5487037045020374,13.3,43.9,37.3,27.5,17.3,38.8,False
27421306000,1789117049917834000,,video_contact_only,Open microwave,43.9,0.548257416545809,13.3,43.9,37.3,27.5,17.3,38.8,False
27441306000,1789117049937834000,,video_contact_only,Open microwave,43.9,0.5480953710346426,13.3,43.9,37.3,27.5,17.3,38.8,False
27481311000,1789117049977839000,,video_contact_only,Open microwave,43.5,0.5477518391209247,13.3,43.5,37.3,27.5,17.3,38.8,False
27501311000,1789117049997839000,,video_contact_only,Open microwave,43.5,0.5475705762766551,13.3,43.5,37.3,27.5,17.3,38.8,False
27581315000,1789117050077843000,,video_contact_only,Open microwave,43.5,0.5467841397970744,13.3,43.5,37.3,27.5,17.3,38.8,False
27601315000,1789117050097843000,,video_contact_only,Open microwave,43.5,0.5465726555841469,13.3,43.5,37.3,27.5,17.3,38.8,False
27621316000,1789117050117844000,,video_contact_only,Open microwave,43.5,0.546355387236314,13.3,43.5,36.9,27.5,17.3,38.8,False
27681320000,1789117050177848000,,video_contact_only,Open microwave,43.5,0.5456698312303075,13.3,43.5,36.9,27.5,17.3,38.8,False
27721320000,1789117050217848000,,video_contact_only,Open microwave,43.5,0.5451856131701234,13.3,43.5,36.9,27.5,17.3,38.8,False
27741320000,1789117050237848000,,video_contact_only,Open microwave,43.5,0.5449356120123235,13.3,43.5,36.9,27.5,17.3,38.8,False
27781325000,1789117050277853000,,video_contact_only,Open microwave,43.5,0.5444202112586666,13.3,43.5,36.9,27.5,17.3,38.4,False
27801325000,1789117050297853000,,video_contact_only,Open microwave,43.5,0.5441550567020111,13.3,43.5,36.9,27.5,17.3,38.4,False
27861329000,1789117050357857000,1996,video_contact_and_recorded_pose,Open microwave,44.3,0.5433306772321679,13.3,44.3,39.2,28.6,17.3,36.1,False
27901329000,1789117050397857000,1999,video_contact_and_recorded_pose,Open microwave,44.3,0.5427579801373168,13.3,44.3,39.2,28.6,17.3,36.1,False
27941330000,1789117050437858000,,video_contact_only,Open microwave,43.1,0.542167593678918,13.3,43.1,36.9,27.1,16.9,38.4,False
27981334000,1789117050477862000,,video_contact_only,Open microwave,43.1,0.5415602082179014,13.3,43.1,36.9,27.1,16.9,38.4,False
28021334000,1789117050517862000,,video_contact_only,Open microwave,43.1,0.5409366531213269,13.3,43.1,36.9,27.1,16.9,38.4,False
28081339000,1789117050577867000,2012,video_contact_and_recorded_pose,Open microwave,42.4,0.5399723885817659,13.3,42.4,38.8,29,18,36.9,False
28121339000,1789117050617867000,2015,video_contact_and_recorded_pose,Open microwave,42.4,0.5393114183230957,13.3,42.4,38.8,29,18,36.9,False
28161343000,1789117050657871000,,video_contact_only,Open microwave,43.1,0.5386366788355778,13.3,43.1,36.5,27.1,16.9,38,False
28181343000,1789117050677871000,,video_contact_only,Open microwave,43.1,0.5382944303480282,13.3,43.1,36.5,27.1,16.9,38,False
28201343000,1789117050697871000,,video_contact_only,Open microwave,42.7,0.5379490274971028,13.3,42.7,36.5,27.1,16.9,38,False
28261348000,1789117050757876000,,video_contact_only,Open microwave,42.7,0.5368947068091473,13.3,42.7,36.5,27.1,16.9,38,False
28301348000,1789117050797876000,,video_contact_only,Open microwave,42.7,0.5361777679332563,13.3,42.7,36.5,27.1,16.9,38,False
28341352000,1789117050837880000,,video_contact_only,Open microwave,42.7,0.5354503056066328,13.3,42.7,36.5,27.1,16.9,38,False
28401353000,1789117050897881000,,video_contact_only,Open microwave,42.7,0.5343411880044641,13.3,42.7,36.1,26.7,16.9,38,False
28421353000,1789117050917881000,,video_contact_only,Open microwave,42.7,0.5339670457605665,13.3,42.7,36.1,26.7,16.9,38,False
28441357000,1789117050937885000,,video_contact_only,Open microwave,42.7,0.5335907573296812,13.3,42.7,36.1,26.7,16.9,37.6,False
28481357000,1789117050977885000,,video_contact_only,Open microwave,42.4,0.5328324795609928,12.9,42.4,36.1,26.7,16.9,37.6,False
28521357000,1789117051017885000,,video_contact_only,Open microwave,42.4,0.5320670024662879,12.9,42.4,36.1,26.7,16.9,37.6,False
28581362000,1789117051077890000,,video_contact_only,Open microwave,42.4,0.530906771084011,12.9,42.4,36.1,26.7,16.9,37.6,False
28601362000,1789117051097890000,,video_contact_only,Open microwave,42.4,0.5305172422888023,12.9,42.4,36.1,26.7,16.9,37.6,False
28621362000,1789117051117890000,,video_contact_only,Open microwave,42.4,0.5301264554721291,12.9,42.4,36.1,26.7,16.5,37.6,False
28661366000,1789117051157894000,,video_contact_only,Open microwave,42.4,0.5293413902578975,12.9,42.4,36.1,26.7,16.5,37.6,False
28721367000,1789117051217895000,,video_contact_only,Open microwave,42,0.5281567124697498,12.9,42,35.7,26.7,16.5,37.3,False
28761371000,1789117051257899000,,video_contact_only,Open microwave,42,0.5273631293725,12.9,42,35.7,26.7,16.5,37.3,False
28781371000,1789117051277899000,,video_contact_only,Open microwave,42,0.5269655288881917,12.9,42,35.7,26.7,16.5,37.3,False
28821371000,1789117051317899000,2065,video_contact_and_recorded_pose,Open microwave,41.2,0.5261690823185885,12.9,41.2,40,29,18.4,35.7,False
28861376000,1789117051357904000,2068,video_contact_and_recorded_pose,Open microwave,41.2,0.5253714772094897,12.9,41.2,40,29,18.4,36.1,False
28901376000,1789117051397904000,2071,video_contact_and_recorded_pose,Open microwave,41.2,0.5245736353957875,12.9,41.2,40,29.4,18.4,36.5,False
28941380000,1789117051437908000,2073,video_contact_and_recorded_pose,Open microwave,41.2,0.5237760999215237,12.9,41.2,40,29,18.4,36.5,False
28961380000,1789117051457908000,2075,video_contact_and_recorded_pose,Open microwave,41.2,0.5233777426103277,12.9,41.2,40,29,18.4,36.5,False
29001380000,1789117051497908000,,video_contact_only,Open microwave,41.6,0.5225822205524443,12.9,41.6,35.3,26.3,16.5,36.9,False
29041385000,1789117051537913000,,video_contact_only,Open microwave,41.6,0.5217887915675236,12.9,41.6,35.3,26.3,16.5,36.9,False
29081385000,1789117051577913000,,video_contact_only,Open microwave,41.6,0.520998376446557,12.9,41.6,35.3,26.3,16.5,36.9,False
29121390000,1789117051617918000,,video_contact_only,Open microwave,41.6,0.520211500164714,12.9,41.6,35.3,26.3,16.5,36.9,False
29141390000,1789117051637918000,,video_contact_only,Open microwave,41.6,0.5198197009455915,12.9,41.6,35.3,26.3,16.5,36.9,False
29221394000,1789117051717922000,,video_contact_only,Open microwave,41.2,0.5182651313774586,12.9,41.2,35.3,25.9,16.5,36.9,False
29261394000,1789117051757922000,,video_contact_only,Open microwave,41.2,0.517496772673651,12.5,41.2,35.3,25.9,16.1,36.9,False
29281394000,1789117051777922000,,video_contact_only,Open microwave,41.2,0.5171151311038982,12.5,41.2,34.9,25.9,16.1,36.5,False
29301394000,1789117051797922000,,video_contact_only,Open microwave,41.2,0.516735301786127,12.5,41.2,34.9,25.9,16.1,36.5,False
29341399000,1789117051837927000,,video_contact_only,Open microwave,41.2,0.5159813473713893,12.5,41.2,34.9,25.9,16.1,36.5,False
29401399000,1789117051897927000,,video_contact_only,Open microwave,41.2,0.5148664073410465,12.5,41.2,34.9,25.9,16.1,36.5,False
29421403000,1789117051917931000,,video_contact_only,Open microwave,41.2,0.5144992752207789,12.5,41.2,34.9,25.9,16.1,36.5,False
29441403000,1789117051937931000,,video_contact_only,Open microwave,41.2,0.5141346611286622,12.5,41.2,34.9,25.9,16.1,36.5,False
29481404000,1789117051977932000,,video_contact_only,Open microwave,40.8,0.5134131093644585,12.5,40.8,34.9,25.9,16.1,36.5,False
29541408000,1789117052037936000,2117,video_contact_and_recorded_pose,Open microwave,44.7,0.5123513293750054,12.5,44.7,37.3,26.3,14.9,36.1,False
29581408000,1789117052077936000,,video_contact_only,Open microwave,40.8,0.5116583042405362,12.5,40.8,34.5,25.9,16.1,36.1,False
29601413000,1789117052097941000,,video_contact_only,Open microwave,40.8,0.5113164116517155,12.5,40.8,34.5,25.9,16.1,36.1,False
29621413000,1789117052117941000,,video_contact_only,Open microwave,40.8,0.51097786201863,12.5,40.8,34.5,25.5,16.1,36.1,False
29661413000,1789117052157941000,,video_contact_only,Open microwave,40.8,0.5103108952571185,12.5,40.8,34.5,25.5,16.1,36.1,False
29701417000,1789117052197945000,,video_contact_only,Open microwave,40.8,0.5096579759321682,12.5,40.8,34.5,25.5,16.1,36.1,False
29761417000,1789117052257945000,,video_contact_only,Open microwave,40.8,0.5087067362837325,12.5,40.8,34.5,25.5,16.1,36.1,False
29781417000,1789117052277945000,,video_contact_only,Open microwave,40.4,0.5083974950150765,12.5,40.4,34.5,25.5,16.1,36.1,False
29821422000,1789117052317950000,,video_contact_only,Open microwave,40.4,0.5077912374612928,12.5,40.4,34.5,25.5,16.1,36.1,False
29841422000,1789117052337950000,,video_contact_only,Open microwave,40.4,0.5074944775710474,12.5,40.4,34.5,25.5,16.1,36.1,False
29901427000,1789117052397955000,,video_contact_only,Open microwave,40.4,0.5066305331174973,12.5,40.4,34.5,25.5,16.1,36.1,False
29941427000,1789117052437955000,,video_contact_only,Open microwave,40.4,0.5060775269336697,12.5,40.4,34.5,25.5,16.1,35.7,False
29961427000,1789117052457955000,,video_contact_only,Open microwave,40.4,0.5058081670408483,12.5,40.4,34.1,25.5,16.1,35.7,False
29981427000,1789117052477955000,,video_contact_only,Open microwave,40.4,0.5055436896779697,12.5,40.4,34.1,25.5,16.1,35.7,False
30041431000,1789117052537959000,,video_contact_only,Open microwave,40.4,0.5047804064119693,12.5,40.4,34.1,25.5,15.7,35.7,False
30081431000,1789117052577959000,,video_contact_only,Open microwave,40.4,0.5042976540370803,12.5,40.4,34.1,25.5,15.7,35.7,False
30121436000,1789117052617964000,,video_contact_only,Open microwave,40.4,0.5038365427585408,12.5,40.4,34.1,25.5,15.7,35.7,False
30161436000,1789117052657964000,,video_contact_only,Open microwave,40,0.5033979102982996,12.5,40,34.1,25.5,15.7,35.7,False
30181436000,1789117052677964000,,video_contact_only,Open microwave,40,0.5031872272437518,12.5,40,34.1,25.1,15.7,35.7,False
30221441000,1789117052717969000,,video_contact_only,Open microwave,40,0.5027835300185732,12.5,40,34.1,25.1,15.7,35.7,False
30281445000,1789117052777973000,,video_contact_only,Open microwave,40,0.5022236758803185,12.5,40,34.1,25.1,15.7,35.7,False
30301445000,1789117052797973000,,video_contact_only,Open microwave,40,0.50204960524764,12.5,40,34.1,25.1,15.7,35.7,False
30321445000,1789117052817973000,,video_contact_only,Open microwave,40,0.5018819522906571,12.5,40,34.1,25.1,15.7,35.7,False
30361445000,1789117052857973000,,video_contact_only,Open microwave,40,0.5015662605954218,12.2,40,34.1,25.1,15.7,35.7,False
30401450000,1789117052897978000,,video_contact_only,Open microwave,40,0.5012772887631787,12.2,40,34.1,25.1,15.7,35.7,False
30441450000,1789117052937978000,2182,video_contact_and_recorded_pose,Open microwave,37.6,0.5010158314863936,12.2,37.6,37.3,27.1,17.3,32.5,False
30481454000,1789117052977982000,2184,video_contact_and_recorded_pose,Open microwave,38,0.5007825514525599,12.2,38,36.9,27.1,16.9,31.4,False
30501454000,1789117052997982000,2186,video_contact_and_recorded_pose,Open microwave,38.8,0.5006767242568138,12.2,38.8,37.3,27.1,17.3,31.4,False
30541455000,1789117053037983000,2189,video_contact_and_recorded_pose,Open microwave,39.2,0.5004871178815613,12.2,39.2,37.3,27.1,17.3,31.4,False
30601459000,1789117053097987000,2193,video_contact_and_recorded_pose,Open microwave,39.2,0.500259188555695,12.2,39.2,37.3,27.1,16.9,31,False
30621459000,1789117053117987000,2195,video_contact_and_recorded_pose,Open microwave,39.2,0.5001986419555784,12.2,39.2,37.3,27.1,16.9,30.6,False
30641459000,1789117053137987000,2196,video_contact_and_recorded_pose,Open microwave,39.2,0.50014595786094,12.2,39.2,37.3,27.1,17.3,30.6,False
30681464000,1789117053177992000,2199,video_contact_and_recorded_pose,Open microwave,39.2,0.5000645302208601,12.2,39.2,37.6,27.1,17.3,30.2,False
30701464000,1789117053197992000,2200,video_contact_and_recorded_pose,Open microwave,38.8,0.5000359774747609,12.2,38.8,37.6,27.5,17.6,29.8,False
30761464000,1789117053257992000,2205,video_contact_and_recorded_pose,Pull door open,37.6,0.49999444110918445,12.2,35.7,37.6,27.1,16.9,29,False
30801468000,1789117053297996000,2208,video_contact_and_recorded_pose,Pull door open,36.5,0.49569673476248216,12.2,34.5,36.5,26.3,16.5,28.6,False
30821468000,1789117053317996000,2209,video_contact_and_recorded_pose,Pull door open,36.1,0.4907169556890023,12.2,34.1,36.1,25.9,16.1,28.2,False
30861473000,1789117053358001000,2212,video_contact_and_recorded_pose,Pull door open,34.1,0.475639958958237,11.8,32.5,34.1,24.7,15.3,27.1,False
30881473000,1789117053378001000,2213,video_contact_and_recorded_pose,Pull door open,33.3,0.46576334835478744,11.4,31.8,33.3,23.9,14.9,26.7,False
30941473000,1789117053438001000,2218,video_contact_and_recorded_pose,Pull door open,30.2,0.4280902777341168,10.6,28.6,30.2,22,13.7,24.7,False
30961477000,1789117053458005000,2219,video_contact_and_recorded_pose,Pull door open,29.4,0.4132129164156108,10.2,27.5,29.4,21.2,13.3,23.9,False
31001478000,1789117053498006000,2222,video_contact_and_recorded_pose,Pull door open,27.5,0.38064432348326144,9.4,25.1,27.5,20,12.9,22,False
31041478000,1789117053538006000,2225,video_contact_and_recorded_pose,Pull door open,25.1,0.3450471512872392,8.6,22.4,25.1,18.4,11.8,20,False
31081482000,1789117053578010000,2228,video_contact_and_recorded_pose,Pull door open,22.7,0.30729154012208404,7.5,20,22.7,16.5,10.6,18,False
31121482000,1789117053618010000,2231,video_contact_and_recorded_pose,Pull door open,20,0.26825987633837,6.7,17.3,20,14.5,9.4,15.7,False
31161487000,1789117053658015000,2233,video_contact_and_recorded_pose,Pull door open,17.3,0.22881832254644469,5.5,14.9,17.3,12.5,7.8,13.3,False
31201487000,1789117053698015000,2236,video_contact_and_recorded_pose,Pull door open,14.5,0.1898515921107951,4.7,12.2,14.5,10.6,6.7,11,False
31221487000,1789117053718015000,2238,video_contact_and_recorded_pose,Pull door open,12.9,0.17081780317960105,4.3,11,12.9,9.4,5.9,9.8,False
31281491000,1789117053778019000,2242,video_contact_and_recorded_pose,Pull door open,8.6,0.1168234860416838,2.7,7.5,8.6,6.3,3.9,6.7,False
31301491000,1789117053798019000,2244,video_contact_and_recorded_pose,Pull door open,7.5,0.10022798055814969,2.4,6.3,7.5,5.5,3.5,5.9,False
31341492000,1789117053838020000,2246,video_contact_and_recorded_pose,Pull door open,5.1,0.06979434994097145,1.6,4.3,5.1,3.5,2.4,3.9,False
31381496000,1789117053878024000,2249,video_contact_and_recorded_pose,Pull door open,3.1,0.04376561889395386,1.2,2.7,3.1,2.4,1.6,2.7,False
31441496000,1789117053938024000,2254,video_contact_and_recorded_pose,Pull door open,1.2,0.01490256953107183,0.4,0.8,1.2,0.8,0.4,0.8,False
31461501000,1789117053958029000,2255,video_contact_and_recorded_pose,Pull door open,0.4,0.008431076557066153,0.4,0.4,0.4,0.4,0.4,0.4,False
31481501000,1789117053978029000,2257,video_contact_and_recorded_pose,Pull door open,0.4,0.003719144196435209,0,0.4,0.4,0,0,0.4,False
31521501000,1789117054018029000,2259,video_contact_and_recorded_pose,Release door,0,4.314193011400688e-06,0,0,0,0,0,0,False
31541505000,1789117054038033000,2261,video_contact_and_recorded_pose,Release door,0,0.0008695773378950987,0,0,0,0,0,0,False
31621505000,1789117054118033000,2267,video_contact_and_recorded_pose,Release door,1.2,0.01794946469846585,0.4,1.2,1.2,0.8,0.4,1.2,False
31641510000,1789117054138038000,2268,video_contact_and_recorded_pose,Release door,1.6,0.025211530023973028,0.8,1.6,1.6,1.2,0.8,1.6,False
31661510000,1789117054158038000,2269,video_contact_and_recorded_pose,Release door,2.4,0.03350211951472369,0.8,2.4,2,1.6,1.2,2,False
31681510000,1789117054178038000,2271,video_contact_and_recorded_pose,Release door,2.7,0.04273999544457962,1.2,2.7,2.7,2,1.2,2.4,False
31721510000,1789117054218038000,2274,video_contact_and_recorded_pose,Release door,4.3,0.0637259382110491,1.6,4.3,3.9,3.1,2,3.5,False
31801515000,1789117054298043000,2280,video_contact_and_recorded_pose,Release door,7.5,0.11342025290564905,2.7,7.5,7.1,5.5,3.5,6.7,False
31821515000,1789117054318043000,2281,video_contact_and_recorded_pose,Release door,8.2,0.1269675363847887,3.1,8.2,7.8,5.9,3.9,7.5,False
31861519000,1789117054358047000,2284,video_contact_and_recorded_pose,Release door,10.2,0.1548337939271285,3.9,10.2,9.8,7.5,4.7,9,False
31941524000,1789117054438052000,2290,video_contact_and_recorded_pose,Release door,13.7,0.2113179066684022,5.1,13.7,13.7,10.2,6.3,12.2,False
31961524000,1789117054458052000,2291,video_contact_and_recorded_pose,Release door,14.5,0.2251113184401824,5.5,14.5,14.5,11,6.7,12.9,False
31981524000,1789117054478052000,2293,video_contact_and_recorded_pose,Release door,15.7,0.23860820206950323,5.9,15.7,15.3,11.4,7.1,13.7,False
32021524000,1789117054518052000,2295,video_contact_and_recorded_pose,Release door,17.3,0.2643807164902083,6.7,17.3,16.9,12.5,7.8,15.3,False
32061529000,1789117054558057000,2298,video_contact_and_recorded_pose,Release door,18.8,0.28797489805286003,7.1,18.8,18.8,14.1,9,16.5,False
32121529000,1789117054618057000,2303,video_contact_and_recorded_pose,Release door,22.7,0.31782072118286797,7.8,20.8,22.7,16.5,10.6,18,False
32161533000,1789117054658061000,2306,video_contact_and_recorded_pose,Release door,24.3,0.33305801279701236,8.2,21.6,24.3,17.6,11.4,18.8,False
32181533000,1789117054678061000,2307,video_contact_and_recorded_pose,Release door,24.7,0.339028649127196,8.2,22,24.7,18,11.8,19.2,False
32201533000,1789117054698061000,2309,video_contact_and_recorded_pose,Release door,25.5,0.34379063187318726,8.6,22.4,25.5,18.4,12.2,19.6,False
32261538000,1789117054758066000,2313,video_contact_and_recorded_pose,Support cup,26.3,0.35000030694014406,8.6,22.4,26.3,19.2,12.2,20,False
32301538000,1789117054798066000,2316,video_contact_and_recorded_pose,Support cup,26.3,0.3502199581822803,8.6,22.4,26.3,19.2,12.2,20,False
32341542000,1789117054838070000,2318,video_contact_and_recorded_pose,Support cup,26.3,0.35083249210503803,8.6,22.7,26.3,19.2,12.2,19.6,False
32381542000,1789117054878070000,2321,video_contact_and_recorded_pose,Support cup,26.7,0.35181591531429796,8.6,23.1,26.7,19.2,12.2,19.6,False
32401543000,1789117054898071000,2323,video_contact_and_recorded_pose,Support cup,26.7,0.3524399253891721,8.6,23.1,26.7,19.2,12.2,20,False
32441547000,1789117054938075000,2326,video_contact_and_recorded_pose,Support cup,26.7,0.3539389152072873,8.6,23.1,26.7,19.2,12.2,20,False
32481547000,1789117054978075000,2329,video_contact_and_recorded_pose,Support cup,27.1,0.35575402751496016,8.6,23.1,27.1,19.6,12.5,20,False
32501547000,1789117054998075000,2330,video_contact_and_recorded_pose,Support cup,27.1,0.3567733455191029,8.6,23.5,27.1,19.6,12.5,20.4,False
32561552000,1789117055058080000,2334,video_contact_and_recorded_pose,Support cup,27.5,0.3602458571922617,9,24.3,27.5,20,12.5,20.8,False
32581552000,1789117055078080000,2336,video_contact_and_recorded_pose,Support cup,27.5,0.36153224092837505,9,24.7,27.5,20,12.5,21.2,False
32661556000,1789117055158084000,2342,video_contact_and_recorded_pose,Support cup,27.8,0.3672500247769576,9,26.3,27.8,20.4,12.9,22,False
32681556000,1789117055178084000,2343,video_contact_and_recorded_pose,Support cup,27.8,0.36880872085213284,9,26.7,27.8,20.4,12.9,22.4,False
32701556000,1789117055198084000,2344,video_contact_and_recorded_pose,Support cup,28.2,0.37041367603942293,9,27.5,28.2,20.4,12.9,22.7,False
32721561000,1789117055218089000,2346,video_contact_and_recorded_pose,Support cup,28.2,0.3720625740385113,9,27.8,28.2,20.8,13.3,23.1,False
32741561000,1789117055238089000,2347,video_contact_and_recorded_pose,Support cup,28.6,0.3737518564022814,9,28.2,28.6,20.8,13.3,23.5,False
32801561000,1789117055298089000,2351,video_contact_and_recorded_pose,Support cup,29,0.37903711410374025,9.4,29,29,21.2,13.7,23.9,False
32821565000,1789117055318093000,2353,video_contact_and_recorded_pose,Support cup,29.4,0.3808625925849001,9.4,29,29.4,21.6,13.7,23.9,False
32881566000,1789117055378094000,2357,video_contact_and_recorded_pose,Support cup,29.8,0.38648983715220936,9.4,29.4,29.8,22,13.7,24.3,False
32921570000,1789117055418098000,2360,video_contact_and_recorded_pose,Support cup,32.2,0.3903408233935405,9.8,32.2,28.2,20.8,12.5,28.2,False
32941570000,1789117055438098000,2362,video_contact_and_recorded_pose,Support cup,29,0.3922876728856535,9.8,29,27.5,20,11.8,27.5,False
32981570000,1789117055478098000,2365,video_contact_and_recorded_pose,Support cup,27.8,0.3962107980799693,9.8,27.8,27.1,20,11.8,27.1,False
33021575000,1789117055518103000,2367,video_contact_and_recorded_pose,Support cup,31.8,0.4001554274090733,9.8,31.8,27.5,20.4,12.2,27.1,False
33061575000,1789117055558103000,2369,video_contact_and_recorded_pose,Support cup,29.4,0.4040987034836763,9.8,28.2,29.4,21.2,12.9,26.3,False
33101579000,1789117055598107000,2372,video_contact_and_recorded_pose,Support cup,29,0.4080196395751325,10.2,27.5,29,20.8,12.9,25.5,False
33161580000,1789117055658108000,2377,video_contact_and_recorded_pose,Support cup,28.6,0.41381008685940057,10.2,27.8,28.6,21.2,12.9,25.1,False
33201584000,1789117055698112000,2379,video_contact_and_recorded_pose,Support cup,29,0.4175784912805831,10.2,27.8,29,21.6,12.9,25.1,False
33221584000,1789117055718112000,2381,video_contact_and_recorded_pose,Support cup,29.4,0.4194266409662519,10.2,28.2,29.4,21.6,12.9,25.1,False
33241584000,1789117055738112000,2382,video_contact_and_recorded_pose,Support cup,29.4,0.4212472378016509,10.2,28.2,29.4,21.6,13.3,25.1,False
33301589000,1789117055798117000,2386,video_contact_and_recorded_pose,Support cup,29.8,0.4265168005457166,10.6,28.6,29.8,22,13.3,25.9,False
33361589000,1789117055858117000,2390,video_contact_and_recorded_pose,Support cup,30.2,0.43143951916326195,10.6,29,30.2,22,13.3,26.3,False
33381589000,1789117055878117000,2392,video_contact_and_recorded_pose,Support cup,29.8,0.4329906922629721,10.6,29.4,29.8,22,13.3,26.3,False
33421593000,1789117055918121000,2394,video_contact_and_recorded_pose,Support cup,29.8,0.4359423215152267,10.6,29.4,29.8,22,13.3,26.7,False
33481594000,1789117055978122000,2399,video_contact_and_recorded_pose,Support cup,29.8,0.4399508573131691,11,29.8,29.4,22,12.9,27.5,False
33521598000,1789117056018126000,2402,video_contact_and_recorded_pose,Support cup,30.6,0.4423124886049202,11,30.6,29.8,22,13.3,27.5,False
33541598000,1789117056038126000,2403,video_contact_and_recorded_pose,Support cup,30.6,0.44339170758179836,11,30.6,29.8,22,13.3,27.8,False
33581603000,1789117056078131000,2406,video_contact_and_recorded_pose,Support cup,32.5,0.445333757138078,11,32.5,31,22.7,14.1,27.8,False
33601603000,1789117056098131000,2407,video_contact_and_recorded_pose,Support cup,33.7,0.4461908769250058,11,33.7,31.4,23.1,14.5,27.8,False
33641603000,1789117056138131000,2410,video_contact_and_recorded_pose,Support cup,35.7,0.4476638993480383,11,35.7,32.2,23.5,14.9,28.2,False
33681607000,1789117056178135000,2413,video_contact_and_recorded_pose,Support cup,38.4,0.4487971702667677,11,38.4,32.9,24.3,15.3,28.6,False
33721607000,1789117056218135000,2416,video_contact_and_recorded_pose,Support cup,38.8,0.4495685921500893,11,38.8,33.3,24.3,15.3,29,False
33741607000,1789117056238135000,2417,video_contact_and_recorded_pose,Support cup,39.2,0.44981182461912295,11,39.2,33.7,24.7,15.7,29,False
33781612000,1789117056278140000,2420,video_contact_and_recorded_pose,Place cup inside,40,0.44999961177196507,11,40,34.1,24.7,15.7,29.8,False
33841612000,1789117056338140000,2425,video_contact_and_recorded_pose,Place cup inside,40.4,0.4494429960120258,11,40.4,34.1,25.1,15.7,29.8,False
33861612000,1789117056358140000,2426,video_contact_and_recorded_pose,Place cup inside,40.4,0.44902860840251124,11,40.4,34.1,25.1,15.7,29.8,False
33881616000,1789117056378144000,2427,video_contact_and_recorded_pose,Place cup inside,40.4,0.4485032391857783,11,40.4,34.1,25.1,15.7,29.8,False
33921617000,1789117056418145000,2430,video_contact_and_recorded_pose,Place cup inside,40.4,0.44712859498148194,11,40.4,34.1,24.7,15.7,29.4,False
33981621000,1789117056478149000,2435,video_contact_and_recorded_pose,Place cup inside,40.4,0.4442883482271979,11,40.4,33.7,24.7,15.7,29,False
34001621000,1789117056498149000,2436,video_contact_and_recorded_pose,Place cup inside,40.4,0.44314269985849397,11,40.4,33.7,24.7,15.3,28.6,False
34021621000,1789117056518149000,2438,video_contact_and_recorded_pose,Place cup inside,40.4,0.4419011342257025,11,40.4,33.7,24.7,15.3,28.6,False
34061621000,1789117056558149000,2440,video_contact_and_recorded_pose,Place cup inside,40,0.439138792530831,11,40,33.7,24.7,15.3,28.2,False
34121626000,1789117056618154000,2445,video_contact_and_recorded_pose,Place cup inside,40,0.43432885126627074,10.6,40,33.3,24.3,15.3,27.5,False
34161626000,1789117056658154000,2448,video_contact_and_recorded_pose,Place cup inside,39.6,0.4307033867791726,10.6,39.6,32.9,23.9,14.9,27.1,False
34201630000,1789117056698158000,2451,video_contact_and_recorded_pose,Place cup inside,39.2,0.4267621769959362,10.6,39.2,32.5,23.9,14.9,26.3,False
34221630000,1789117056718158000,2452,video_contact_and_recorded_pose,Place cup inside,39.2,0.4246788493900914,10.6,39.2,32.5,23.9,14.9,26.3,False
34241630000,1789117056738158000,2453,video_contact_and_recorded_pose,Place cup inside,38.8,0.4225230942292394,10.6,38.8,32.5,23.5,14.9,25.9,False
34301635000,1789117056798163000,2458,video_contact_and_recorded_pose,Place cup inside,38.4,0.4156420186908926,10.2,38.4,31.8,23.1,14.5,25.1,False
34341635000,1789117056838163000,2461,video_contact_and_recorded_pose,Place cup inside,38,0.41073201301742585,10.2,38,31.4,23.1,14.5,23.9,False
34381640000,1789117056878168000,2463,video_contact_and_recorded_pose,Place cup inside,37.6,0.4055828896852257,9.8,37.6,31.4,22.7,14.5,23.1,False
34421640000,1789117056918168000,2466,video_contact_and_recorded_pose,Place cup inside,37.3,0.4002130203196783,9.8,37.3,31,22.4,14.1,22.7,False
34481644000,1789117056978172000,,video_contact_only,Place cup inside,31.4,0.39177993031475344,9.8,31.4,26.7,19.6,12.2,27.8,False
34501644000,1789117056998172000,,video_contact_only,Place cup inside,31,0.3888769024266772,9.4,31,26.3,19.6,12.2,27.5,False
34541644000,1789117057038172000,,video_contact_only,Place cup inside,30.6,0.38294538812168805,9.4,30.6,25.9,19.2,12.2,27.1,False
34581649000,1789117057078177000,,video_contact_only,Place cup inside,30.2,0.3768600619591811,9.4,30.2,25.5,18.8,11.8,26.7,False
34621649000,1789117057118177000,,video_contact_only,Place cup inside,29.4,0.37063952958599733,9,29.4,25.1,18.8,11.8,26.3,False
34661653000,1789117057158181000,,video_contact_only,Place cup inside,29,0.36429948305100845,9,29,24.7,18.4,11.4,25.9,False
34721654000,1789117057218182000,,video_contact_only,Place cup inside,28.2,0.3546046738355203,8.6,28.2,23.9,17.6,11,25.1,False
34761658000,1789117057258186000,,video_contact_only,Place cup inside,27.8,0.34804214854751103,8.6,27.8,23.5,17.6,11,24.7,False
34781658000,1789117057278186000,,video_contact_only,Place cup inside,27.5,0.3447379890166413,8.6,27.5,23.5,17.3,11,24.3,False
34801658000,1789117057298186000,,video_contact_only,Place cup inside,27.1,0.34142119446105856,8.2,27.1,23.1,17.3,10.6,24.3,False
34841663000,1789117057338191000,,video_contact_only,Place cup inside,26.7,0.3347574068562918,8.2,26.7,22.7,16.9,10.6,23.9,False
34881663000,1789117057378191000,,video_contact_only,Place cup inside,26.3,0.3280695359773329,8.2,26.3,22.4,16.5,10.2,23.1,False
34921663000,1789117057418191000,,video_contact_only,Place cup inside,25.5,0.32137383394973273,7.8,25.5,22,16.1,10.2,22.7,False
34961667000,1789117057458195000,,video_contact_only,Place cup inside,25.1,0.31468671588652775,7.8,25.1,21.2,15.7,9.8,22.4,False
34981667000,1789117057478195000,,video_contact_only,Place cup inside,24.7,0.3113522998850195,7.8,24.7,21.2,15.7,9.8,22,False
35041672000,1789117057538200000,,video_contact_only,Place cup inside,23.9,0.3014090856444027,7.5,23.9,20.4,15.3,9.4,21.2,False
35081672000,1789117057578200000,,video_contact_only,Place cup inside,23.5,0.2948529018163918,7.5,23.5,20,14.9,9.4,20.8,False
35121672000,1789117057618200000,,video_contact_only,Place cup inside,23.1,0.2883743043130892,7.1,23.1,19.6,14.5,9,20.4,False
35141677000,1789117057638205000,,video_contact_only,Place cup inside,22.7,0.28516864070583864,7.1,22.7,19.2,14.5,9,20.4,False
35161677000,1789117057658205000,,video_contact_only,Place cup inside,22.4,0.2819895844988548,7.1,22.4,19.2,14.1,9,20,False
35201677000,1789117057698205000,,video_contact_only,Place cup inside,22,0.27571742285958767,6.7,22,18.8,13.7,8.6,19.6,False
35261681000,1789117057758209000,,video_contact_only,Place cup inside,21.2,0.26655548763762194,6.7,21.2,18,13.3,8.2,18.8,False
35301681000,1789117057798209000,,video_contact_only,Place cup inside,20.8,0.2606374640045302,6.3,20.8,17.6,12.9,8.2,18.4,False
35341686000,1789117057838214000,,video_contact_only,Place cup inside,20.4,0.25489027865748887,6.3,20.4,17.3,12.9,7.8,18,False
35381686000,1789117057878214000,,video_contact_only,Place cup inside,20,0.2493324527187007,6.3,20,16.9,12.5,7.8,17.6,False
35441691000,1789117057938219000,,video_contact_only,Place cup inside,19.2,0.24138612231350173,5.9,19.2,16.5,12.2,7.5,17.3,False
35481691000,1789117057978219000,,video_contact_only,Place cup inside,18.8,0.23637463834144595,5.9,18.8,16.1,11.8,7.5,16.9,False
35501691000,1789117057998219000,,video_contact_only,Place cup inside,18.8,0.23396098682197536,5.9,18.8,15.7,11.8,7.5,16.5,False
35521695000,1789117058018223000,,video_contact_only,Place cup inside,18.4,0.23161111275347748,5.9,18.4,15.7,11.8,7.5,16.5,False
35581695000,1789117058078223000,,video_contact_only,Place cup inside,18,0.224969720238367,5.5,18,15.3,11.4,7.1,16.1,False
35621700000,1789117058118228000,,video_contact_only,Place cup inside,17.6,0.22090198960876523,5.5,17.6,14.9,11,7.1,15.7,False
35641700000,1789117058138228000,,video_contact_only,Place cup inside,17.6,0.21898290075688068,5.5,17.6,14.9,11,7.1,15.7,False
35661700000,1789117058158228000,,video_contact_only,Place cup inside,17.3,0.21714300101646666,5.5,17.3,14.9,11,6.7,15.3,False
35721704000,1789117058218232000,,video_contact_only,Place cup inside,16.9,0.2121194806710345,5.1,16.9,14.5,10.6,6.7,14.9,False
35761705000,1789117058258233000,,video_contact_only,Place cup inside,16.9,0.20920573434550488,5.1,16.9,14.1,10.6,6.7,14.9,False
35801705000,1789117058298233000,,video_contact_only,Place cup inside,16.5,0.206660072078604,5.1,16.5,14.1,10.2,6.7,14.5,False
35821709000,1789117058318237000,,video_contact_only,Place cup inside,16.5,0.20553036570517358,5.1,16.5,14.1,10.2,6.3,14.5,False
35881709000,1789117058378237000,,video_contact_only,Place cup inside,16.1,0.20274094356586184,5.1,16.1,13.7,10.2,6.3,14.5,False
35901709000,1789117058398237000,,video_contact_only,Place cup inside,16.1,0.20201791738769037,5.1,16.1,13.7,10.2,6.3,14.5,False
35941714000,1789117058438242000,2576,video_contact_and_recorded_pose,Place cup inside,16.5,0.20089473594727386,5.1,16.5,14.1,10.2,6.3,12.9,False
35981714000,1789117058478242000,,video_contact_only,Place cup inside,16.1,0.20021660484978698,5.1,16.1,13.7,10.2,6.3,14.1,False
36021718000,1789117058518246000,,video_contact_only,Set cup down,16.1,0.19999709350093414,5.1,16.1,13.7,10.2,6.3,14.1,False
36041718000,1789117058538246000,,video_contact_only,Set cup down,16.1,0.19954347517581064,5.1,16.1,13.7,10.2,6.3,14.1,False
36081718000,1789117058578246000,,video_contact_only,Set cup down,15.7,0.19644163780741272,4.7,15.7,13.3,9.8,6.3,14.1,False
36121723000,1789117058618251000,,video_contact_only,Set cup down,15.3,0.19068252189086968,4.7,15.3,12.9,9.4,5.9,13.3,False
36161723000,1789117058658251000,,video_contact_only,Set cup down,14.5,0.1825912744385189,4.3,14.5,12.5,9,5.9,12.9,False
36181723000,1789117058678251000,,video_contact_only,Set cup down,14.1,0.17777203922192825,4.3,14.1,12.2,9,5.5,12.5,False
36261728000,1789117058758256000,,video_contact_only,Set cup down,12.2,0.15428009159542613,3.9,12.2,10.6,7.8,4.7,11,False
36281728000,1789117058778256000,,video_contact_only,Set cup down,11.8,0.14755640168076029,3.5,11.8,10.2,7.5,4.7,10.6,False
36301732000,1789117058798260000,,video_contact_only,Set cup down,11.4,0.1405718026718042,3.5,11.4,9.4,7.1,4.3,9.8,False
36321732000,1789117058818260000,,video_contact_only,Set cup down,10.6,0.1333695538050344,3.1,10.6,9,6.7,4.3,9.4,False
36361732000,1789117058858260000,,video_contact_only,Set cup down,9.4,0.1184698272240714,2.7,9.4,7.8,5.9,3.5,8.2,False
36401737000,1789117058898265000,,video_contact_only,Set cup down,8.2,0.10317760138046324,2.4,8.2,7.1,5.1,3.1,7.5,False
36441737000,1789117058938265000,2612,video_contact_and_recorded_pose,Set cup down,6.3,0.08782040626614658,2.4,6.3,5.9,4.3,2.7,5.5,False
36461737000,1789117058958265000,2613,video_contact_and_recorded_pose,Set cup down,5.5,0.08021788315394117,2,5.5,5.5,3.9,2.4,5.1,False
36501741000,1789117058998269000,2616,video_contact_and_recorded_pose,Set cup down,4.3,0.06536582854480069,1.6,4.3,3.9,2.7,2,4.3,False
36541742000,1789117059038270000,2619,video_contact_and_recorded_pose,Set cup down,3.5,0.05125729830759995,1.2,3.5,3.1,2,1.2,3.1,False
36561742000,1789117059058270000,2620,video_contact_and_recorded_pose,Set cup down,3.1,0.04458274856286279,1.2,3.1,2.7,2,1.2,2.7,False
36661746000,1789117059158274000,2628,video_contact_and_recorded_pose,Set cup down,1.2,0.01662280796178983,0.4,1.2,0.8,0.8,0.4,1.2,False
36681746000,1789117059178274000,2629,video_contact_and_recorded_pose,Set cup down,0.8,0.012397060824246214,0.4,0.8,0.8,0.4,0.4,0.8,False
36701751000,1789117059198279000,2630,video_contact_and_recorded_pose,Set cup down,0.4,0.008720198241235544,0.4,0.4,0.4,0.4,0.4,0.4,False
36741751000,1789117059238279000,2633,video_contact_and_recorded_pose,Set cup down,0.4,0.0031795134017408855,0,0.4,0,0,0,0.4,False
36801755000,1789117059298283000,2638,video_contact_and_recorded_pose,Release cup,0,0,0,0,0,0,0,0,False
36841755000,1789117059338283000,2641,video_contact_and_recorded_pose,Release cup,0,0,0,0,0,0,0,0,False
36881760000,1789117059378288000,2644,video_contact_and_recorded_pose,Release cup,0,0,0,0,0,0,0,0,False
36901760000,1789117059398288000,2645,video_contact_and_recorded_pose,Release cup,0,0,0,0,0,0,0,0,False
36941760000,1789117059438288000,2648,video_contact_and_recorded_pose,Release cup,0,0,0,0,0,0,0,0,False
37001765000,1789117059498293000,2652,video_contact_and_recorded_pose,Release cup,0,0,0,0,0,0,0,0,False
37021765000,1789117059518293000,2654,video_contact_and_recorded_pose,Release cup,0,0,0,0,0,0,0,0,False
37081769000,1789117059578297000,2658,video_contact_and_recorded_pose,Release cup,0,0,0,0,0,0,0,0,False
37101769000,1789117059598297000,2659,video_contact_and_recorded_pose,Release cup,0,0,0,0,0,0,0,0,False
37161769000,1789117059658297000,2664,video_contact_and_recorded_pose,Release cup,0,0,0,0,0,0,0,0,False
37181774000,1789117059678302000,2665,video_contact_and_recorded_pose,Release cup,0,0,0,0,0,0,0,0,False
37221774000,1789117059718302000,2668,video_contact_and_recorded_pose,Release cup,0,0,0,0,0,0,0,0,False
37241774000,1789117059738302000,2669,video_contact_and_recorded_pose,Release cup,0,0,0,0,0,0,0,0,False
37301779000,1789117059798307000,2674,video_contact_and_recorded_pose,Release cup,0,0,0,0,0,0,0,0,False
37341779000,1789117059838307000,2677,video_contact_and_recorded_pose,Release cup,0,0,0,0,0,0,0,0,False
37361779000,1789117059858307000,2678,video_contact_and_recorded_pose,Release cup,0,0,0,0,0,0,0,0,False
37381783000,1789117059878311000,2679,video_contact_and_recorded_pose,Release cup,0,0,0,0,0,0,0,0,False
37441783000,1789117059938311000,2684,video_contact_and_recorded_pose,Release cup,0,0,0,0,0,0,0,0,False
37481788000,1789117059978316000,2687,video_contact_and_recorded_pose,Release cup,0,0,0,0,0,0,0,0,False
37501788000,1789117059998316000,2688,video_contact_and_recorded_pose,Reach for door,0,4.973574898106392e-06,0,0,0,0,0,0,False
37541788000,1789117060038316000,2691,video_contact_and_recorded_pose,Reach for door,0,0.0026211980154867494,0,0,0,0,0,0,False
37581792000,1789117060078320000,2694,video_contact_and_recorded_pose,Reach for door,0.8,0.009676162864960675,0.4,0.8,0.4,0.4,0.4,0.4,False
37621793000,1789117060118321000,2697,video_contact_and_recorded_pose,Reach for door,1.2,0.020643874404972094,0.4,1.2,1.2,0.8,0.4,1.2,False
37661797000,1789117060158325000,2699,video_contact_and_recorded_pose,Reach for door,2.4,0.03500099523671209,0.8,2.4,2,1.6,0.8,2.4,False
37681797000,1789117060178325000,2701,video_contact_and_recorded_pose,Reach for door,2.7,0.043285398913625185,1.2,2.7,2.4,2,1.2,2.7,False
37701797000,1789117060198325000,2702,video_contact_and_recorded_pose,Reach for door,3.5,0.05221998009454453,1.2,3.5,2.7,2,1.2,3.1,False
37761802000,1789117060258330000,2707,video_contact_and_recorded_pose,Reach for door,5.5,0.08227139042951755,2,5.5,4.7,3.5,2,5.1,False
37801802000,1789117060298330000,2710,video_contact_and_recorded_pose,Reach for door,6.7,0.10435213060964553,2.7,6.7,5.9,4.3,2.7,6.7,False
37821802000,1789117060318330000,2711,video_contact_and_recorded_pose,Reach for door,7.5,0.11581008088632358,2.7,7.5,6.3,4.7,3.1,7.5,False
37881806000,1789117060378334000,2715,video_contact_and_recorded_pose,Reach for door,9.8,0.1510693340540048,3.5,9.8,8.2,6.3,3.9,9.8,False
37901806000,1789117060398334000,2717,video_contact_and_recorded_pose,Reach for door,10.6,0.16289727512847094,3.9,10.6,9,6.7,4.3,10.6,False
37941806000,1789117060438334000,2720,video_contact_and_recorded_pose,Reach for door,12.5,0.18627295535292007,4.7,12.2,10.6,7.5,4.7,12.5,False
37981811000,1789117060478339000,2722,video_contact_and_recorded_pose,Reach for door,14.1,0.20884039948989366,5.1,13.7,11.8,8.6,5.5,14.1,False
38021811000,1789117060518339000,2725,video_contact_and_recorded_pose,Reach for door,15.7,0.23006905385844187,5.5,15.3,12.9,9.8,5.9,15.7,False
38081816000,1789117060578344000,2730,video_contact_and_recorded_pose,Reach for door,17.3,0.25826120767079985,6.3,16.9,14.5,10.6,6.7,17.3,False
38121816000,1789117060618344000,2733,video_contact_and_recorded_pose,Reach for door,18.4,0.2738534762102364,6.7,17.6,15.3,11.4,6.7,18.4,False
38141820000,1789117060638348000,2734,video_contact_and_recorded_pose,Reach for door,18.8,0.2804937923250014,7.1,18,15.7,11.8,7.1,18.8,False
38161820000,1789117060658348000,2736,video_contact_and_recorded_pose,Reach for door,19.2,0.286273834864,7.1,18.4,16.1,11.8,7.1,19.2,False
38221820000,1789117060718348000,2740,video_contact_and_recorded_pose,Reach for door,19.6,0.2978047045716835,7.5,19.2,16.5,12.2,7.5,19.6,False
38261825000,1789117060758353000,2743,video_contact_and_recorded_pose,Close microwave,19.6,0.30000019902837743,7.5,19.2,16.5,12.2,7.5,19.6,False
38281825000,1789117060778353000,2744,video_contact_and_recorded_pose,Close microwave,19.6,0.30002829459915575,7.5,19.2,16.5,12.2,7.5,19.6,False
38301825000,1789117060798353000,2745,video_contact_and_recorded_pose,Close microwave,19.6,0.3001032897263527,7.5,19.2,16.5,12.2,7.5,19.6,False
38341829000,1789117060838357000,2748,video_contact_and_recorded_pose,Close microwave,20,0.3003905998142516,7.5,19.2,16.5,12.2,7.5,20,False
38401830000,1789117060898358000,2753,video_contact_and_recorded_pose,Close microwave,20.4,0.3011519433671603,7.5,19.2,16.5,12.2,7.5,20.4,False
38441834000,1789117060938362000,2756,video_contact_and_recorded_pose,Close microwave,20.4,0.3018698755498353,7.5,19.2,16.5,12.2,7.5,20.4,False
38461834000,1789117060958362000,2757,video_contact_and_recorded_pose,Close microwave,20.4,0.3022893360593177,7.5,19.2,16.5,12.2,7.5,20.4,False
38481834000,1789117060978362000,2758,video_contact_and_recorded_pose,Close microwave,20.4,0.30274800851418077,7.5,19.2,16.5,12.2,7.5,20.4,False
38541839000,1789117061038367000,2763,video_contact_and_recorded_pose,Close microwave,20.4,0.3043509034950826,7.5,19.2,16.5,12.2,7.5,20.4,False
38581839000,1789117061078367000,2766,video_contact_and_recorded_pose,Close microwave,20.4,0.3055998199763805,7.5,19.2,16.5,12.2,7.5,20.4,False
38601839000,1789117061098367000,2767,video_contact_and_recorded_pose,Close microwave,20.4,0.3062758356562718,7.5,19.6,16.5,12.2,7.5,20.4,False
38621839000,1789117061118367000,2769,video_contact_and_recorded_pose,Close microwave,20.4,0.3069850841139285,7.5,19.6,16.5,12.5,7.5,20.4,False
38661843000,1789117061158371000,2771,video_contact_and_recorded_pose,Close microwave,20,0.30850002054378967,7.5,19.6,16.9,12.5,7.5,20,False
38721844000,1789117061218372000,2775,video_contact_and_recorded_pose,Close microwave,20,0.31100014249831764,7.8,20,16.9,12.5,7.5,19.6,False
38761848000,1789117061258376000,2778,video_contact_and_recorded_pose,Close microwave,20,0.3128090127355696,7.8,20,16.9,12.5,7.5,20,False
38801848000,1789117061298376000,2781,video_contact_and_recorded_pose,Close microwave,20,0.3147233048236253,7.8,20,16.9,12.5,7.5,20,False
38821853000,1789117061318381000,2782,video_contact_and_recorded_pose,Close microwave,20,0.31571816614980697,7.8,20,17.3,12.5,7.8,20,False
38841853000,1789117061338381000,2783,video_contact_and_recorded_pose,Close microwave,20.4,0.31673661855419116,7.8,20.4,17.3,12.5,7.8,20.4,False
38901853000,1789117061398381000,2788,video_contact_and_recorded_pose,Close microwave,20.8,0.3199264544879612,7.8,20.4,17.3,12.9,7.8,20.8,False
38941857000,1789117061438385000,2791,video_contact_and_recorded_pose,Close microwave,20.8,0.32215676287946626,7.8,20.8,17.3,12.9,7.8,20.8,False
38981857000,1789117061478385000,2794,video_contact_and_recorded_pose,Close microwave,21.2,0.32446169900050087,7.8,20.8,17.6,12.9,7.8,21.2,False
39021862000,1789117061518390000,2796,video_contact_and_recorded_pose,Close microwave,21.2,0.3268349493844504,8.2,20.8,17.6,12.9,7.8,21.2,False
39061862000,1789117061558390000,2799,video_contact_and_recorded_pose,Close microwave,21.2,0.32926908699069635,8.2,21.2,17.6,13.3,7.8,21.2,False
39101862000,1789117061598390000,2802,video_contact_and_recorded_pose,Close microwave,21.6,0.33175757123961724,8.2,21.2,18,13.3,8.2,21.6,False
39141867000,1789117061638395000,2805,video_contact_and_recorded_pose,Close microwave,21.6,0.334293888725762,8.2,21.6,18,13.3,8.2,21.6,False
39161867000,1789117061658395000,2807,video_contact_and_recorded_pose,Close microwave,22,0.3355775723034733,8.2,21.6,18,13.3,8.2,22,False
39201867000,1789117061698395000,2809,video_contact_and_recorded_pose,Close microwave,22,0.33817203261954143,8.2,21.6,18.4,13.3,8.2,22,False
39261871000,1789117061758399000,2814,video_contact_and_recorded_pose,Close microwave,22.4,0.34211890882808693,8.2,22,18.4,13.7,8.2,22.4,False
39301871000,1789117061798399000,2817,video_contact_and_recorded_pose,Close microwave,22.4,0.34477663370656964,8.6,22.4,18.8,13.7,8.2,22.4,False
39321876000,1789117061818404000,2818,video_contact_and_recorded_pose,Close microwave,22.4,0.3461112620946651,8.6,22.4,18.8,13.7,8.6,22.4,False
39341876000,1789117061838404000,2819,video_contact_and_recorded_pose,Close microwave,22.7,0.3474480395814371,8.6,22.4,18.8,14.1,8.6,22.7,False
39401880000,1789117061898408000,2824,video_contact_and_recorded_pose,Close microwave,22.7,0.35146499217916016,8.6,22.7,19.2,14.1,8.6,22.7,False
39441880000,1789117061938408000,2827,video_contact_and_recorded_pose,Close microwave,23.1,0.3541395336480468,8.6,23.1,19.2,14.1,8.6,23.1,False
39481881000,1789117061978409000,2830,video_contact_and_recorded_pose,Close microwave,23.1,0.35680357073630153,8.6,23.1,19.6,14.5,8.6,23.1,False
39501885000,1789117061998413000,2831,video_contact_and_recorded_pose,Close microwave,23.1,0.35812972113412894,8.6,23.1,19.6,14.5,8.6,23.1,False
39521885000,1789117062018413000,2833,video_contact_and_recorded_pose,Close microwave,23.1,0.3594504005711977,9,23.1,19.6,14.5,8.6,23.1,False
39581885000,1789117062078413000,2837,video_contact_and_recorded_pose,Close microwave,23.5,0.36337266559864945,9,23.5,19.6,14.5,9,23.1,False
39621890000,1789117062118418000,2840,video_contact_and_recorded_pose,Close microwave,23.5,0.36594614238837747,9,23.5,20,14.5,9,23.1,False
39661890000,1789117062158418000,2843,video_contact_and_recorded_pose,Close microwave,23.9,0.36847797383005987,9,23.9,20,14.9,9,23.1,False
39701894000,1789117062198422000,2845,video_contact_and_recorded_pose,Close microwave,23.9,0.3709618965074941,9,23.9,20,14.9,9,23.5,False
39761894000,1789117062258422000,2850,video_contact_and_recorded_pose,Close microwave,24.3,0.37458216584331605,9.4,24.3,20.4,14.9,9,23.9,False
39801899000,1789117062298427000,2853,video_contact_and_recorded_pose,Close microwave,24.3,0.37691584222356167,9.4,24.3,20.4,15.3,9.4,24.3,False
39821899000,1789117062318427000,2854,video_contact_and_recorded_pose,Close microwave,24.7,0.3780559325916793,9.4,24.3,20.4,15.3,9.4,24.7,False
39861899000,1789117062358427000,2857,video_contact_and_recorded_pose,Close microwave,25.1,0.38027864289526564,9.4,24.7,20.8,15.3,9.4,25.1,False
39901903000,1789117062398431000,2860,video_contact_and_recorded_pose,Close microwave,25.1,0.38241924140793004,9.4,24.7,20.8,15.3,9.4,25.1,False
39941904000,1789117062438432000,2863,video_contact_and_recorded_pose,Close microwave,25.5,0.3844705165021751,9.4,25.1,21.2,15.7,9.8,25.5,False
39981904000,1789117062478432000,2865,video_contact_and_recorded_pose,Close microwave,25.9,0.38642575065250306,9.4,25.5,21.6,15.7,9.8,25.9,False
40021908000,1789117062518436000,2868,video_contact_and_recorded_pose,Close microwave,25.9,0.38827834306389947,9.4,25.5,21.6,15.7,9.8,25.9,False
40041908000,1789117062538436000,2870,video_contact_and_recorded_pose,Close microwave,25.9,0.38916385032071527,9.4,25.9,21.6,15.7,9.8,25.9,False
40081913000,1789117062578441000,2873,video_contact_and_recorded_pose,Close microwave,25.5,0.3908494100677107,9.8,25.5,21.6,15.7,9.8,25.5,False
40121913000,1789117062618441000,2876,video_contact_and_recorded_pose,Close microwave,25.9,0.392414846062504,9.8,25.9,21.6,16.1,9.8,25.5,False
40161913000,1789117062658441000,2878,video_contact_and_recorded_pose,Close microwave,25.9,0.39385354309273823,9.8,25.9,21.6,16.1,9.8,25.5,False
40181917000,1789117062678445000,2880,video_contact_and_recorded_pose,Close microwave,25.9,0.39452335969568614,9.8,25.9,21.6,16.1,9.8,25.5,False
40221918000,1789117062718446000,2883,video_contact_and_recorded_pose,Close microwave,25.9,0.3957591513187817,9.8,25.5,21.6,16.1,9.8,25.9,False
40261918000,1789117062758446000,2886,video_contact_and_recorded_pose,Close microwave,25.9,0.3968510877623773,9.8,25.5,21.6,16.1,9.8,25.9,False
40301922000,1789117062798450000,2889,video_contact_and_recorded_pose,Close microwave,25.9,0.39779245493769305,9.8,25.5,21.6,16.1,9.8,25.9,False
40341922000,1789117062838450000,2891,video_contact_and_recorded_pose,Close microwave,26.3,0.39857623093030475,9.8,25.5,21.2,16.1,9.8,26.3,False
40381927000,1789117062878455000,2894,video_contact_and_recorded_pose,Close microwave,26.7,0.39919575129930884,9.8,25.1,21.2,16.1,9.8,26.7,False
40441927000,1789117062938455000,2899,video_contact_and_recorded_pose,Close microwave,27.1,0.39980184641594085,9.8,25.1,21.2,15.7,9.8,27.1,False
40481931000,1789117062978459000,2902,video_contact_and_recorded_pose,Close microwave,27.1,0.39998058436248096,9.8,25.1,21.2,15.7,9.8,27.1,False
40501931000,1789117062998459000,2903,video_contact_and_recorded_pose,Push door closed,27.5,0.3999961331942498,9.8,25.1,21.2,15.7,9.8,27.5,False
40541931000,1789117063038459000,2906,video_contact_and_recorded_pose,Push door closed,27.5,0.39824078351802167,9.8,24.7,21.2,15.7,9.8,27.5,False
40581936000,1789117063078464000,2909,video_contact_and_recorded_pose,Push door closed,27.1,0.39352737167399954,9.8,24.7,20.8,15.7,9.4,27.1,False
40621936000,1789117063118464000,2912,video_contact_and_recorded_pose,Push door closed,26.3,0.3862070175512413,9.4,23.9,20.4,15.3,9.4,26.3,False
40661941000,1789117063158469000,2915,video_contact_and_recorded_pose,Push door closed,25.5,0.3766278910694169,9.4,23.5,20,14.9,9,25.5,False
40701941000,1789117063198469000,2917,video_contact_and_recorded_pose,Push door closed,24.3,0.3651423283942094,9,22.7,19.2,14.5,9,24.3,False
40761945000,1789117063258473000,2922,video_contact_and_recorded_pose,Push door closed,22.7,0.34510141371645325,8.6,22,18.4,13.7,8.6,22.7,False
40801945000,1789117063298473000,2925,video_contact_and_recorded_pose,Push door closed,21.6,0.33037785157455707,8.2,21.2,17.6,12.9,8.2,21.6,False
40841945000,1789117063338473000,2928,video_contact_and_recorded_pose,Push door closed,20.4,0.3149714931066684,7.8,20,16.9,12.5,7.8,20.4,False
40861950000,1789117063358478000,2929,video_contact_and_recorded_pose,Push door closed,20,0.3071196414062496,7.5,19.6,16.5,12.2,7.5,20,False
40881950000,1789117063378478000,2930,video_contact_and_recorded_pose,Push door closed,19.6,0.29923026991441276,7.5,18.8,16.1,11.8,7.5,19.6,False
40941950000,1789117063438478000,2935,video_contact_and_recorded_pose,Push door closed,17.6,0.2757626948761437,6.7,17.3,14.5,11,6.7,17.6,False
40981954000,1789117063478482000,2938,video_contact_and_recorded_pose,Push door closed,16.9,0.2607206772993489,6.3,16.5,13.7,10.2,6.3,16.9,False
41021955000,1789117063518483000,2941,video_contact_and_recorded_pose,Push door closed,15.7,0.24657171300714298,5.9,15.7,13.3,9.8,5.9,15.7,False
41061959000,1789117063558487000,2943,video_contact_and_recorded_pose,Push door closed,14.9,0.23366366805087846,5.9,14.9,12.5,9.4,5.9,14.9,False
41121959000,1789117063618487000,2948,video_contact_and_recorded_pose,Push door closed,14.1,0.21739744045081053,5.5,13.7,11.8,8.6,5.5,14.1,False
41161964000,1789117063658492000,2951,video_contact_and_recorded_pose,Push door closed,13.3,0.2091252147765431,5.1,13.3,11.4,8.2,5.5,13.3,False
41181964000,1789117063678492000,2952,video_contact_and_recorded_pose,Push door closed,13.3,0.20589276346964658,5.1,13.3,11,8.2,5.1,13.3,False
41201964000,1789117063698492000,2953,video_contact_and_recorded_pose,Push door closed,12.9,0.20332067956324676,5.1,12.9,11,8.2,5.1,12.9,False
41261968000,1789117063758496000,2958,video_contact_and_recorded_pose,Release door,12.9,0.19999598372097901,5.1,12.9,10.6,7.8,5.1,12.9,False
41301968000,1789117063798496000,2961,video_contact_and_recorded_pose,Release door,12.5,0.19823773685817073,4.7,12.5,10.6,7.8,4.7,12.5,False
41321969000,1789117063818497000,2962,video_contact_and_recorded_pose,Release door,12.5,0.1962277589218323,4.7,12.5,10.6,7.8,4.7,12.5,False
41341973000,1789117063838501000,2963,video_contact_and_recorded_pose,Release door,12.2,0.19352175118845094,4.7,12.2,10.2,7.8,4.7,12.2,False
41381973000,1789117063878501000,2966,video_contact_and_recorded_pose,Release door,11.8,0.18619914724425352,4.7,11.8,9.8,7.5,4.7,11.8,False
41421973000,1789117063918501000,2969,video_contact_and_recorded_pose,Release door,11,0.1766194183547289,4.3,11,9.4,7.1,4.3,11,False
41461978000,1789117063958506000,2972,video_contact_and_recorded_pose,Release door,10.2,0.16513092925128706,3.9,10.2,9,6.7,3.9,10.2,False
41501978000,1789117063998506000,2974,video_contact_and_recorded_pose,Release door,9.4,0.15208649338060648,3.9,9.4,8.2,5.9,3.5,9.4,False
41561982000,1789117064058510000,2979,video_contact_and_recorded_pose,Release door,8.2,0.13036386225049024,3.1,8.2,7.1,5.1,3.1,7.8,False
41601982000,1789117064098510000,2981,video_contact_and_recorded_pose,Release door,7.1,0.11495703417686479,2.7,7.1,6.3,4.7,2.7,6.7,False
41621982000,1789117064118510000,2983,video_contact_and_recorded_pose,Release door,6.7,0.10710703827680529,2.7,6.7,5.9,4.3,2.7,6.3,False
41661987000,1789117064158515000,2986,video_contact_and_recorded_pose,Release door,5.9,0.09133060644331413,2.4,5.9,5.1,3.5,2.4,5.5,False
41701987000,1789117064198515000,2989,video_contact_and_recorded_pose,Release door,4.7,0.07574847801741427,2,4.7,3.9,3.1,2,4.3,False
41721987000,1789117064218515000,2990,video_contact_and_recorded_pose,Release door,4.3,0.06813888449990238,1.6,4.3,3.5,2.7,1.6,3.9,False
41781992000,1789117064278520000,2994,video_contact_and_recorded_pose,Release door,2.7,0.046559146460182915,1.2,2.7,2.4,2,1.2,2.7,False
41821992000,1789117064318520000,2997,video_contact_and_recorded_pose,Release door,2,0.03365362904481661,0.8,2,2,1.2,0.8,2,False
41841996000,1789117064338524000,2999,video_contact_and_recorded_pose,Release door,1.6,0.027774868021664956,0.8,1.6,1.6,1.2,0.8,1.6,False
41881996000,1789117064378524000,3002,video_contact_and_recorded_pose,Release door,1.2,0.017388757511678343,0.4,1.2,0.8,0.8,0.4,1.2,False
41921996000,1789117064418524000,3004,video_contact_and_recorded_pose,Release door,0.4,0.009119538676862882,0.4,0.4,0.4,0.4,0.4,0.4,False
41942001000,1789117064438529000,3006,video_contact_and_recorded_pose,Release door,0.4,0.005887381918744328,0,0.4,0.4,0.4,0,0.4,False
41982001000,1789117064478529000,3009,video_contact_and_recorded_pose,Release door,0,0.0014499250009353815,0,0,0,0,0,0,False
42022005000,1789117064518533000,3012,video_contact_and_recorded_pose,No contact,0,0,0,0,0,0,0,0,False
42062005000,1789117064558533000,3014,video_contact_and_recorded_pose,No contact,0,0,0,0,0,0,0,0,False
42122010000,1789117064618538000,3019,video_contact_and_recorded_pose,No contact,0,0,0,0,0,0,0,0,False
42142010000,1789117064638538000,3020,video_contact_and_recorded_pose,No contact,0,0,0,0,0,0,0,0,False
42182010000,1789117064678538000,3023,video_contact_and_recorded_pose,No contact,0,0,0,0,0,0,0,0,False
42222015000,1789117064718543000,3026,video_contact_and_recorded_pose,No contact,0,0,0,0,0,0,0,0,False
42302015000,1789117064798543000,3032,video_contact_and_recorded_pose,No contact,0,0,0,0,0,0,0,0,False
42322019000,1789117064818547000,3033,video_contact_and_recorded_pose,No contact,0,0,0,0,0,0,0,0,False
42342019000,1789117064838547000,3034,video_contact_and_recorded_pose,No contact,0,0,0,0,0,0,0,0,False
42362019000,1789117064858547000,3036,video_contact_and_recorded_pose,No contact,0,0,0,0,0,0,0,0,False
42422024000,1789117064918552000,3040,video_contact_and_recorded_pose,No contact,0,0,0,0,0,0,0,0,False
42462024000,1789117064958552000,3043,video_contact_and_recorded_pose,No contact,0,0,0,0,0,0,0,0,False
42502024000,1789117064998552000,3046,video_contact_and_recorded_pose,No contact,0,0,0,0,0,0,0,0,False
42522029000,1789117065018557000,3047,video_contact_and_recorded_pose,No contact,0,0,0,0,0,0,0,0,False
42582029000,1789117065078557000,3052,video_contact_and_recorded_pose,No contact,0,0,0,0,0,0,0,0,False
42622033000,1789117065118561000,3055,video_contact_and_recorded_pose,No contact,0,0,0,0,0,0,0,0,False
42642033000,1789117065138561000,3056,video_contact_and_recorded_pose,No contact,0,0,0,0,0,0,0,0,False
42662033000,1789117065158561000,3057,video_contact_and_recorded_pose,No contact,0,0,0,0,0,0,0,0,False
42722038000,1789117065218566000,3062,video_contact_and_recorded_pose,No contact,0,0,0,0,0,0,0,0,False
42762038000,1789117065258566000,3065,video_contact_and_recorded_pose,No contact,0,0,0,0,0,0,0,0,False
42802042000,1789117065298570000,3067,video_contact_and_recorded_pose,No contact,0,0,0,0,0,0,0,0,False
42822042000,1789117065318570000,3069,video_contact_and_recorded_pose,No contact,0,0,0,0,0,0,0,0,False
42862043000,1789117065358571000,3072,video_contact_and_recorded_pose,No contact,0,0,0,0,0,0,0,0,False
42902047000,1789117065398575000,3075,video_contact_and_recorded_pose,No contact,0,0,0,0,0,0,0,0,False
42942047000,1789117065438575000,3078,video_contact_and_recorded_pose,No contact,0,0,0,0,0,0,0,0,False
42962047000,1789117065458575000,3079,video_contact_and_recorded_pose,No contact,0,0,0,0,0,0,0,0,False
42982047000,1789117065478575000,3079,video_contact_and_recorded_pose,No contact,0,0,0,0,0,0,0,0,True
