tracking_time_ns,capture_time_ns,pose_sample_index,source,phase,peak_relative_0_100,contact_strength,palm_relative_0_100,index_relative_0_100,middle_relative_0_100,ring_relative_0_100,little_relative_0_100,thumb_relative_0_100,endpoint_hold
0,1789117536835329000,0,video_contact_and_recorded_pose,No contact,0,0,0,0,0,0,0,0,False
60004000,1789117536895333000,4,video_contact_and_recorded_pose,No contact,0,0,0,0,0,0,0,0,False
100004000,1789117536935333000,7,video_contact_and_recorded_pose,No contact,0,0,0,0,0,0,0,0,False
120004000,1789117536955333000,9,video_contact_and_recorded_pose,No contact,0,0,0,0,0,0,0,0,False
160009000,1789117536995338000,12,video_contact_and_recorded_pose,No contact,0,0,0,0,0,0,0,0,False
200009000,1789117537035338000,14,video_contact_and_recorded_pose,No contact,0,0,0,0,0,0,0,0,False
240013000,1789117537075342000,17,video_contact_and_recorded_pose,No contact,0,0,0,0,0,0,0,0,False
260014000,1789117537095343000,19,video_contact_and_recorded_pose,No contact,0,0,0,0,0,0,0,0,False
280014000,1789117537115343000,20,video_contact_and_recorded_pose,No contact,0,0,0,0,0,0,0,0,False
320014000,1789117537155343000,23,video_contact_and_recorded_pose,No contact,0,0,0,0,0,0,0,0,False
380018000,1789117537215347000,27,video_contact_and_recorded_pose,No contact,0,0,0,0,0,0,0,0,False
420018000,1789117537255347000,30,video_contact_and_recorded_pose,No contact,0,0,0,0,0,0,0,0,False
440023000,1789117537275352000,32,video_contact_and_recorded_pose,No contact,0,0,0,0,0,0,0,0,False
480023000,1789117537315352000,35,video_contact_and_recorded_pose,No contact,0,0,0,0,0,0,0,0,False
520027000,1789117537355356000,38,video_contact_and_recorded_pose,No contact,0,0,0,0,0,0,0,0,False
540027000,1789117537375356000,39,video_contact_and_recorded_pose,No contact,0,0,0,0,0,0,0,0,False
600027000,1789117537435356000,43,video_contact_and_recorded_pose,No contact,0,0,0,0,0,0,0,0,False
640032000,1789117537475361000,46,video_contact_and_recorded_pose,No contact,0,0,0,0,0,0,0,0,False
700032000,1789117537535361000,51,video_contact_and_recorded_pose,No contact,0,0,0,0,0,0,0,0,False
740037000,1789117537575366000,53,video_contact_and_recorded_pose,No contact,0,0,0,0,0,0,0,0,False
780037000,1789117537615366000,56,video_contact_and_recorded_pose,No contact,0,0,0,0,0,0,0,0,False
800037000,1789117537635366000,58,video_contact_and_recorded_pose,No contact,0,0,0,0,0,0,0,0,False
840041000,1789117537675370000,61,video_contact_and_recorded_pose,No contact,0,0,0,0,0,0,0,0,False
880041000,1789117537715370000,63,video_contact_and_recorded_pose,No contact,0,0,0,0,0,0,0,0,False
900041000,1789117537735370000,65,video_contact_and_recorded_pose,No contact,0,0,0,0,0,0,0,0,False
940046000,1789117537775375000,68,video_contact_and_recorded_pose,No contact,0,0,0,0,0,0,0,0,False
960046000,1789117537795375000,69,video_contact_and_recorded_pose,No contact,0,0,0,0,0,0,0,0,False
1020050000,1789117537855379000,74,video_contact_and_recorded_pose,No contact,0,0,0,0,0,0,0,0,False
1060051000,1789117537895380000,76,video_contact_and_recorded_pose,No contact,0,0,0,0,0,0,0,0,False
1100055000,1789117537935384000,79,video_contact_and_recorded_pose,No contact,0,0,0,0,0,0,0,0,False
1120055000,1789117537955384000,81,video_contact_and_recorded_pose,No contact,0,0,0,0,0,0,0,0,False
1160055000,1789117537995384000,84,video_contact_and_recorded_pose,No contact,0,0,0,0,0,0,0,0,False
1220060000,1789117538055389000,88,video_contact_and_recorded_pose,No contact,0,0,0,0,0,0,0,0,False
1240060000,1789117538075389000,89,video_contact_and_recorded_pose,No contact,0,0,0,0,0,0,0,0,False
1280060000,1789117538115389000,92,video_contact_and_recorded_pose,No contact,0,0,0,0,0,0,0,0,False
1360065000,1789117538195394000,98,video_contact_and_recorded_pose,No contact,0,0,0,0,0,0,0,0,False
1380065000,1789117538215394000,99,video_contact_and_recorded_pose,No contact,0,0,0,0,0,0,0,0,False
1400069000,1789117538235398000,101,video_contact_and_recorded_pose,No contact,0,0,0,0,0,0,0,0,False
1440069000,1789117538275398000,104,video_contact_and_recorded_pose,No contact,0,0,0,0,0,0,0,0,False
1460069000,1789117538295398000,105,video_contact_and_recorded_pose,No contact,0,0,0,0,0,0,0,0,False
1520074000,1789117538355403000,109,video_contact_and_recorded_pose,No contact,0,0,0,0,0,0,0,0,False
1560074000,1789117538395403000,112,video_contact_and_recorded_pose,No contact,0,0,0,0,0,0,0,0,False
1600078000,1789117538435407000,115,video_contact_and_recorded_pose,No contact,0,0,0,0,0,0,0,0,False
1640078000,1789117538475407000,118,video_contact_and_recorded_pose,No contact,0,0,0,0,0,0,0,0,False
1660078000,1789117538495407000,120,video_contact_and_recorded_pose,No contact,0,0,0,0,0,0,0,0,False
1700083000,1789117538535412000,122,video_contact_and_recorded_pose,No contact,0,0,0,0,0,0,0,0,False
1740083000,1789117538575412000,125,video_contact_and_recorded_pose,No contact,0,0,0,0,0,0,0,0,False
1780087000,1789117538615416000,128,video_contact_and_recorded_pose,No contact,0,0,0,0,0,0,0,0,False
1800088000,1789117538635417000,130,video_contact_and_recorded_pose,No contact,0,0,0,0,0,0,0,0,False
1880092000,1789117538715421000,135,video_contact_and_recorded_pose,No contact,0,0,0,0,0,0,0,0,False
1920092000,1789117538755421000,138,video_contact_and_recorded_pose,No contact,0,0,0,0,0,0,0,0,False
1940092000,1789117538775421000,140,video_contact_and_recorded_pose,No contact,0,0,0,0,0,0,0,0,False
1960092000,1789117538795421000,141,video_contact_and_recorded_pose,No contact,0,0,0,0,0,0,0,0,False
2020097000,1789117538855426000,145,video_contact_and_recorded_pose,No contact,0,0,0,0,0,0,0,0,False
2060097000,1789117538895426000,148,video_contact_and_recorded_pose,No contact,0,0,0,0,0,0,0,0,False
2080101000,1789117538915430000,150,video_contact_and_recorded_pose,No contact,0,0,0,0,0,0,0,0,False
2120102000,1789117538955431000,152,video_contact_and_recorded_pose,No contact,0,0,0,0,0,0,0,0,False
2160102000,1789117538995431000,156,video_contact_and_recorded_pose,No contact,0,0,0,0,0,0,0,0,False
2240106000,1789117539075435000,161,video_contact_and_recorded_pose,No contact,0,0,0,0,0,0,0,0,False
2260106000,1789117539095435000,163,video_contact_and_recorded_pose,Reach for green trousers,0,1.2310000379087116e-08,0,0,0,0,0,0,False
2280111000,1789117539115440000,164,video_contact_and_recorded_pose,Reach for green trousers,0,0.0004351253979847074,0,0,0,0,0,0,False
2320111000,1789117539155440000,167,video_contact_and_recorded_pose,Reach for green trousers,0.4,0.0037446921773264872,0,0.4,0.4,0,0,0.4,False
2380115000,1789117539215444000,172,video_contact_and_recorded_pose,Reach for green trousers,0.8,0.014097563734851996,0.4,0.8,0.8,0.4,0.4,0.8,False
2400115000,1789117539235444000,173,video_contact_and_recorded_pose,Reach for green trousers,1.2,0.01879551963726647,0.8,1.2,1.2,0.8,0.4,1.2,False
2420115000,1789117539255444000,174,video_contact_and_recorded_pose,Reach for green trousers,1.6,0.024038086915117746,1.2,1.6,1.2,1.2,0.8,1.6,False
2460120000,1789117539295449000,177,video_contact_and_recorded_pose,Reach for green trousers,2.4,0.03596913049796854,1.6,2.4,2,1.6,0.8,2.4,False
2500120000,1789117539335449000,180,video_contact_and_recorded_pose,Reach for green trousers,3.1,0.049508622997919194,2,3.1,2.7,2,1.2,2.7,False
2540120000,1789117539375449000,183,video_contact_and_recorded_pose,Reach for green trousers,3.9,0.0642788895882495,2.7,3.9,3.5,2.7,1.6,3.9,False
2560125000,1789117539395454000,184,video_contact_and_recorded_pose,Reach for green trousers,4.7,0.07200906489180997,3.1,4.7,3.9,2.7,2,4.3,False
2600125000,1789117539435454000,,video_contact_only,Reach for green trousers,7.1,0.087914833676482,3.5,7.1,5.9,4.3,2.7,6.3,False
2640125000,1789117539475454000,,video_contact_only,Reach for green trousers,8.2,0.1041037051401663,4.3,8.2,7.1,5.1,3.1,7.5,False
2700129000,1789117539535458000,,video_contact_only,Reach for green trousers,10.2,0.12809022220129446,5.1,10.2,8.6,6.3,3.9,9,False
2740129000,1789117539575458000,,video_contact_only,Reach for green trousers,11.4,0.14332842290320746,5.9,11.4,9.8,7.1,4.3,10.2,False
2760134000,1789117539595463000,,video_contact_only,Reach for green trousers,12.2,0.15058163681791195,6.3,12.2,10.2,7.5,4.7,10.6,False
2800134000,1789117539635463000,,video_contact_only,Reach for green trousers,12.9,0.16411210277775637,6.7,12.9,11,8.2,5.1,11.8,False
2840134000,1789117539675463000,,video_contact_only,Reach for green trousers,14.1,0.17603033807011817,7.1,14.1,11.8,9,5.5,12.5,False
2880139000,1789117539715468000,,video_contact_only,Reach for green trousers,14.9,0.18595839368503778,7.5,14.9,12.5,9.4,5.9,13.3,False
2920139000,1789117539755468000,,video_contact_only,Reach for green trousers,15.3,0.1935146988214364,7.8,15.3,12.9,9.8,6.3,13.7,False
2980143000,1789117539815472000,,video_contact_only,Reach for green trousers,16.1,0.19957569751606596,8.2,16.1,13.7,10.2,6.3,14.1,False
3000143000,1789117539835472000,,video_contact_only,Touch fabric,16.1,0.20000000265508797,8.2,16.1,13.7,10.2,6.3,14.1,False
3060148000,1789117539895477000,220,video_contact_and_recorded_pose,Touch fabric,13.3,0.2004573678512697,8.2,13.3,12.5,9,5.5,12.5,False
3100148000,1789117539935477000,223,video_contact_and_recorded_pose,Touch fabric,13.3,0.20124511883147816,8.2,13.3,12.5,9,5.5,12.2,False
3140152000,1789117539975481000,226,video_contact_and_recorded_pose,Touch fabric,13.7,0.20239376083031466,8.2,13.7,12.5,9,5.9,12.2,False
3180152000,1789117540015481000,229,video_contact_and_recorded_pose,Touch fabric,14.1,0.20388119324276546,8.2,14.1,12.5,9.4,5.9,12.2,False
3200153000,1789117540035482000,231,video_contact_and_recorded_pose,Touch fabric,14.1,0.2047452033438923,8.2,14.1,12.5,9.4,5.9,12.2,False
3280157000,1789117540115486000,,video_contact_only,Touch fabric,16.9,0.20893918840043021,8.6,16.9,14.1,10.6,6.7,14.9,False
3320157000,1789117540155486000,,video_contact_only,Touch fabric,16.9,0.2114405398320643,8.6,16.9,14.5,10.6,6.7,14.9,False
3340162000,1789117540175491000,,video_contact_only,Touch fabric,16.9,0.21278310296366934,8.6,16.9,14.5,10.6,6.7,14.9,False
3380162000,1789117540215491000,,video_contact_only,Touch fabric,17.3,0.21563699183519763,9,17.3,14.5,11,6.7,15.3,False
3420162000,1789117540255491000,,video_contact_only,Touch fabric,17.6,0.21869854836965055,9,17.6,14.9,11,7.1,15.7,False
3440166000,1789117540275495000,,video_contact_only,Touch fabric,17.6,0.2203006927513797,9,17.6,14.9,11,7.1,15.7,False
3460166000,1789117540295495000,,video_contact_only,Touch fabric,17.6,0.22194623678719486,9,17.6,14.9,11,7.1,15.7,False
3480166000,1789117540315495000,,video_contact_only,Touch fabric,18,0.2236327626534518,9,18,15.3,11.4,7.1,15.7,False
3540171000,1789117540375500000,,video_contact_only,Touch fabric,18.4,0.22891134702660623,9.4,18.4,15.7,11.4,7.1,16.1,False
3600171000,1789117540435500000,,video_contact_only,Touch fabric,18.8,0.23445992434840857,9.8,18.8,16.1,11.8,7.5,16.5,False
3640176000,1789117540475505000,,video_contact_only,Touch fabric,18.8,0.23827324163199742,9.8,18.8,16.1,12.2,7.5,16.9,False
3700176000,1789117540535505000,267,video_contact_and_recorded_pose,Touch fabric,16.5,0.24410850921065322,10.2,16.5,13.7,10.2,6.3,15.7,False
3740180000,1789117540575509000,269,video_contact_and_recorded_pose,Touch fabric,16.9,0.24804452236216606,10.2,16.9,13.7,10.2,6.3,16.1,False
3760180000,1789117540595509000,271,video_contact_and_recorded_pose,Touch fabric,16.9,0.25001776315756263,10.2,16.9,14.1,10.2,6.3,16.1,False
3780180000,1789117540615509000,272,video_contact_and_recorded_pose,Touch fabric,16.9,0.25199097935024745,10.2,16.9,14.1,10.2,6.3,16.1,False
3820185000,1789117540655514000,275,video_contact_and_recorded_pose,Touch fabric,17.3,0.2559268937158961,10.6,17.3,14.5,10.6,6.7,16.5,False
3860185000,1789117540695514000,278,video_contact_and_recorded_pose,Touch fabric,18,0.259829410248292,10.6,18,15.3,11,7.1,16.9,False
3920189000,1789117540755518000,282,video_contact_and_recorded_pose,Touch fabric,18.4,0.2655740272160192,11,18.4,15.7,11.4,7.1,17.3,False
3940189000,1789117540775518000,283,video_contact_and_recorded_pose,Touch fabric,18.8,0.26744862527244706,11,18.8,15.7,11.4,7.1,17.3,False
3960189000,1789117540795518000,285,video_contact_and_recorded_pose,Touch fabric,18.8,0.2692985947842621,11,18.8,15.7,11.4,7.1,17.3,False
4000190000,1789117540835519000,287,video_contact_and_recorded_pose,Touch fabric,19.6,0.2729138024630698,11.4,19.6,16.1,11.8,7.5,17.6,False
4040194000,1789117540875523000,290,video_contact_and_recorded_pose,Touch fabric,19.6,0.27639794104794213,11.4,19.6,16.5,11.8,7.5,18,False
4080194000,1789117540915523000,292,video_contact_and_recorded_pose,Touch fabric,19.6,0.27972853471842074,11.4,19.6,16.5,12.2,7.5,18,False
4140199000,1789117540975528000,296,video_contact_and_recorded_pose,Touch fabric,19.2,0.284389726046924,11.8,19.2,16.1,11.8,7.1,18.4,False
4160199000,1789117540995528000,298,video_contact_and_recorded_pose,Touch fabric,19.2,0.28584303354117996,11.8,19.2,16.5,11.8,7.1,18.4,False
4200203000,1789117541035532000,301,video_contact_and_recorded_pose,Touch fabric,19.6,0.28858307752563667,11.8,19.6,16.5,12.2,7.5,18.8,False
4240203000,1789117541075532000,304,video_contact_and_recorded_pose,Touch fabric,19.6,0.29108216539461584,11.8,19.6,16.5,12.2,7.5,18.8,False
4260203000,1789117541095532000,305,video_contact_and_recorded_pose,Touch fabric,20,0.29223462367977604,12.2,20,16.9,12.2,7.8,19.2,False
4300208000,1789117541135537000,308,video_contact_and_recorded_pose,Touch fabric,20.4,0.2943319449072,12.2,20.4,17.3,12.5,7.8,19.2,False
4320208000,1789117541155537000,309,video_contact_and_recorded_pose,Touch fabric,20.4,0.295271077650457,12.2,20.4,17.3,12.5,7.8,19.2,False
4360208000,1789117541195537000,312,video_contact_and_recorded_pose,Touch fabric,20,0.2969168989031178,12.2,20,17.3,12.5,7.8,19.6,False
4420213000,1789117541255542000,316,video_contact_and_recorded_pose,Touch fabric,20,0.29876363674550066,12.2,20,16.9,12.5,7.8,20,False
4460213000,1789117541295542000,319,video_contact_and_recorded_pose,Touch fabric,20,0.2995480323021894,12.2,20,16.9,12.5,7.8,20,False
4480213000,1789117541315542000,321,video_contact_and_recorded_pose,Touch fabric,20,0.29979803740940825,12.2,20,16.9,12.5,7.8,20,False
4520217000,1789117541355546000,324,video_contact_and_recorded_pose,Grasp green trousers,20,0.3000000116077312,12.2,19.6,16.9,12.5,7.5,20,False
4580217000,1789117541415546000,328,video_contact_and_recorded_pose,Grasp green trousers,20,0.30086969245728384,12.2,19.6,16.9,12.5,7.5,20,False
4600222000,1789117541435551000,329,video_contact_and_recorded_pose,Grasp green trousers,20,0.30152923082224165,12.5,19.6,16.9,12.5,7.5,20,False
4640222000,1789117541475551000,332,video_contact_and_recorded_pose,Grasp green trousers,20.4,0.3033702229595938,12.5,19.6,16.9,12.5,7.5,20.4,False
4680222000,1789117541515551000,335,video_contact_and_recorded_pose,Grasp green trousers,20.4,0.3058719461888853,12.5,20,16.9,12.5,7.8,20.4,False
4740227000,1789117541575556000,339,video_contact_and_recorded_pose,Grasp green trousers,23.1,0.31077058222318876,12.9,22,23.1,16.9,10.2,22.7,False
4760227000,1789117541595556000,341,video_contact_and_recorded_pose,Grasp green trousers,23.1,0.3126875096975529,12.9,22,23.1,16.9,10.2,22.7,False
4780231000,1789117541615560000,342,video_contact_and_recorded_pose,Grasp green trousers,22.7,0.3147380592937193,12.9,22,22.7,16.5,9.8,22.4,False
4800231000,1789117541635560000,344,video_contact_and_recorded_pose,Grasp green trousers,21.6,0.31691607968225827,12.9,21.2,21.2,15.3,9.4,21.6,False
4880236000,1789117541715565000,349,video_contact_and_recorded_pose,Grasp green trousers,23.1,0.3268009022383011,13.3,23.1,20.8,15.3,9.4,21.2,False
4920236000,1789117541755565000,352,video_contact_and_recorded_pose,Grasp green trousers,22.7,0.3323716415509815,13.7,22.7,20.4,14.9,9,22,False
4940236000,1789117541775565000,354,video_contact_and_recorded_pose,Grasp green trousers,23.1,0.3352955068739159,13.7,23.1,20.8,14.9,9.4,22,False
4960236000,1789117541795565000,355,video_contact_and_recorded_pose,Grasp green trousers,23.5,0.3383045954610204,13.7,23.1,23.5,18,11,23.1,False
4980240000,1789117541815569000,357,video_contact_and_recorded_pose,Grasp green trousers,24.7,0.34139420235883844,14.1,23.1,24.7,18.8,11.4,23.9,False
5020240000,1789117541855569000,359,video_contact_and_recorded_pose,Grasp green trousers,25.1,0.3477905500800001,14.1,23.5,25.1,19.2,11.4,24.3,False
5060241000,1789117541895570000,362,video_contact_and_recorded_pose,Grasp green trousers,24.3,0.3544426695693176,14.5,23.5,22,17.6,11,24.3,False
5100245000,1789117541935574000,365,video_contact_and_recorded_pose,Grasp green trousers,26.3,0.3613082799781806,14.9,24.7,26.3,19.2,11.8,23.1,False
5120245000,1789117541955574000,367,video_contact_and_recorded_pose,Grasp green trousers,26.7,0.36480727877374175,14.9,25.1,26.7,19.6,12.2,23.5,False
5160245000,1789117541995574000,370,video_contact_and_recorded_pose,Grasp green trousers,26.7,0.37191168817660286,15.3,25.1,26.7,20,12.2,25.5,False
5200250000,1789117542035579000,372,video_contact_and_recorded_pose,Grasp green trousers,31.4,0.37912335030883376,15.7,31.4,28.6,21.2,12.9,26.3,False
5240250000,1789117542075579000,375,video_contact_and_recorded_pose,Grasp green trousers,32.9,0.3863978149567816,15.7,32.9,29.4,21.6,13.3,26.7,False
5260250000,1789117542095579000,377,video_contact_and_recorded_pose,Grasp green trousers,33.3,0.390045608106373,16.1,33.3,29.8,21.6,13.3,27.1,False
5300254000,1789117542135583000,380,video_contact_and_recorded_pose,Grasp green trousers,28.6,0.397336391701568,16.5,26.3,28.6,21.6,12.5,27.5,False
5340254000,1789117542175583000,382,video_contact_and_recorded_pose,Grasp green trousers,29,0.4045835317021938,16.5,27.8,29,21.2,12.5,27.5,False
5380259000,1789117542215588000,385,video_contact_and_recorded_pose,Grasp green trousers,29.8,0.41174600282931406,16.9,28.2,29.8,21.6,12.9,27.8,False
5420259000,1789117542255588000,388,video_contact_and_recorded_pose,Grasp green trousers,28.2,0.4187793671654901,17.3,27.8,27.8,21.2,12.5,28.2,False
5440259000,1789117542275588000,390,video_contact_and_recorded_pose,Grasp green trousers,28.2,0.4222346463613949,17.3,27.8,28.2,21.6,12.5,28.2,False
5480264000,1789117542315593000,392,video_contact_and_recorded_pose,Grasp green trousers,29.4,0.4289965782313012,17.6,27.8,27.5,22,12.9,29.4,False
5540264000,1789117542375593000,397,video_contact_and_recorded_pose,Grasp green trousers,30.6,0.4386845785359781,18,29,27.8,22.4,13.3,30.6,False
5560268000,1789117542395597000,398,video_contact_and_recorded_pose,Grasp green trousers,32.2,0.44177223722746384,18,32.2,29.8,23.1,14.1,31,False
5620268000,1789117542455597000,403,video_contact_and_recorded_pose,Grasp green trousers,34.5,0.45053185336625523,18.4,34.5,32.2,23.9,14.5,29,False
5640268000,1789117542475597000,404,video_contact_and_recorded_pose,Grasp green trousers,34.5,0.45326679587231405,18.4,34.5,32.9,24.3,15.3,28.6,False
5700273000,1789117542535602000,408,video_contact_and_recorded_pose,Grasp green trousers,34.9,0.4608427986547239,18.8,34.9,33.7,24.7,15.7,29,False
5720273000,1789117542555602000,410,video_contact_and_recorded_pose,Grasp green trousers,35.3,0.46314033386678355,18.8,35.3,34.1,25.1,15.7,29,False
5760277000,1789117542595606000,,video_contact_only,Grasp green trousers,37.3,0.46736245526384435,19.2,37.3,31.8,23.5,14.5,32.9,False
5800277000,1789117542635606000,,video_contact_only,Grasp green trousers,37.6,0.4710507954254918,19.2,37.6,31.8,23.5,14.9,33.3,False
5840278000,1789117542675607000,,video_contact_only,Grasp green trousers,37.6,0.47416322893929275,19.6,37.6,32.2,23.9,14.9,33.7,False
5880282000,1789117542715611000,,video_contact_only,Grasp green trousers,38,0.47665717323463574,19.6,38,32.2,23.9,14.9,33.7,False
5900282000,1789117542735611000,,video_contact_only,Grasp green trousers,38,0.47765869442115283,19.6,38,32.5,23.9,14.9,33.7,False
5940282000,1789117542775611000,,video_contact_only,Grasp green trousers,38,0.479144463957435,19.6,38,32.5,23.9,14.9,34.1,False
5980287000,1789117542815616000,,video_contact_only,Grasp green trousers,38.4,0.47990504843412385,19.6,38.4,32.5,24.3,14.9,34.1,False
6000287000,1789117542835616000,,video_contact_only,Lift and align,38.4,0.4799999990238163,19.6,38.4,32.5,24.3,14.9,34.1,False
6040291000,1789117542875620000,,video_contact_only,Lift and align,38.4,0.47998087496584185,19.6,38.4,32.5,24.3,14.9,34.1,False
6060291000,1789117542895620000,,video_contact_only,Lift and align,38.4,0.4799573032673281,19.6,38.4,32.5,24.3,14.9,34.1,False
6120291000,1789117542955620000,,video_contact_only,Lift and align,38.4,0.4798315607969063,19.6,38.4,32.5,23.9,14.9,34.1,False
6160296000,1789117542995625000,,video_contact_only,Lift and align,38.4,0.4797027008148782,19.6,38.4,32.5,23.9,14.9,34.1,False
6200296000,1789117543035625000,,video_contact_only,Lift and align,38.4,0.4795386307269136,19.6,38.4,32.5,23.9,14.9,34.1,False
6240300000,1789117543075629000,,video_contact_only,Lift and align,38.4,0.47933998932863997,19.6,38.4,32.5,23.9,14.9,34.1,False
6260301000,1789117543095630000,,video_contact_only,Lift and align,38.4,0.4792279264604695,19.6,38.4,32.5,23.9,14.9,34.1,False
6300301000,1789117543135630000,,video_contact_only,Lift and align,38,0.4789787420620228,19.6,38,32.5,23.9,14.9,34.1,False
6340305000,1789117543175634000,,video_contact_only,Lift and align,38,0.47869666377568415,19.6,38,32.5,23.9,14.9,34.1,False
6380305000,1789117543215634000,,video_contact_only,Lift and align,38,0.4783824223063407,19.6,38,32.5,23.9,14.9,33.7,False
6420305000,1789117543255634000,,video_contact_only,Lift and align,38,0.478036665319631,19.6,38,32.5,23.9,14.9,33.7,False
6440310000,1789117543275639000,,video_contact_only,Lift and align,38,0.4778521321283192,19.6,38,32.5,23.9,14.9,33.7,False
6520310000,1789117543355639000,,video_contact_only,Lift and align,38,0.4770387626197347,19.6,38,32.5,23.9,14.9,33.7,False
6560315000,1789117543395644000,,video_contact_only,Lift and align,38,0.47658794921079484,19.6,38,32.2,23.9,14.9,33.7,False
6580315000,1789117543415644000,,video_contact_only,Lift and align,38,0.47635184715661166,19.6,38,32.2,23.9,14.9,33.7,False
6600315000,1789117543435644000,,video_contact_only,Lift and align,38,0.47610870906358077,19.6,38,32.2,23.9,14.9,33.7,False
6660319000,1789117543495648000,,video_contact_only,Lift and align,38,0.4753378679288142,19.6,38,32.2,23.9,14.9,33.7,False
6700319000,1789117543535648000,480,video_contact_and_recorded_pose,Lift and align,35.7,0.4747903717431551,19.6,35.7,34.1,25.5,16.1,29.4,False
6720324000,1789117543555653000,482,video_contact_and_recorded_pose,Lift and align,35.7,0.4745067142900309,19.6,35.7,34.1,25.5,16.1,30.6,False
6760324000,1789117543595653000,485,video_contact_and_recorded_pose,Lift and align,35.7,0.473920285705115,19.6,35.7,34.1,25.1,15.7,32.2,False
6780324000,1789117543615653000,486,video_contact_and_recorded_pose,Lift and align,36.1,0.4736176130491344,19.6,36.1,34.1,25.1,15.7,32.5,False
6840328000,1789117543675657000,490,video_contact_and_recorded_pose,Lift and align,36.5,0.47267270818827756,19.2,36.5,34.1,25.1,15.7,33.7,False
6880328000,1789117543715657000,493,video_contact_and_recorded_pose,Lift and align,36.5,0.47201297018814165,19.2,36.5,34.1,25.1,15.7,34.5,False
6920333000,1789117543755662000,496,video_contact_and_recorded_pose,Lift and align,36.1,0.471330058273694,19.2,36.1,33.7,24.7,15.3,34.5,False
6940333000,1789117543775662000,498,video_contact_and_recorded_pose,Lift and align,36.1,0.470980197330073,19.2,36.1,33.7,24.7,14.9,34.5,False
6980333000,1789117543815662000,501,video_contact_and_recorded_pose,Lift and align,35.3,0.4702640029447898,19.2,35.3,33.3,24.7,14.9,34.1,False
7020338000,1789117543855667000,502,video_contact_and_recorded_pose,Lift and align,34.5,0.46952631358521285,19.2,34.5,33.3,24.3,14.9,32.5,False
7100338000,1789117543935667000,508,video_contact_and_recorded_pose,Lift and align,34.1,0.4679896094303812,19.2,34.1,32.9,24.3,14.5,31.8,False
7120342000,1789117543955671000,510,video_contact_and_recorded_pose,Lift and align,34.1,0.4675930312479465,19.2,34.1,32.5,23.9,14.5,31.4,False
7140342000,1789117543975671000,511,video_contact_and_recorded_pose,Lift and align,34.1,0.4671917715141177,19.2,34.1,32.5,23.9,14.5,31,False
7160342000,1789117543995671000,513,video_contact_and_recorded_pose,Lift and align,33.7,0.46678583569061,19.2,33.7,32.5,23.9,14.5,30.6,False
7240347000,1789117544075676000,518,video_contact_and_recorded_pose,Lift and align,34.1,0.4651169106116697,19.2,34.1,31.8,23.5,14.5,29.8,False
7260347000,1789117544095676000,520,video_contact_and_recorded_pose,Lift and align,34.1,0.4646888574841627,19.2,34.1,31.8,23.5,14.5,29.8,False
7300351000,1789117544135680000,,video_contact_only,Lift and align,36.9,0.4638202366751963,19.2,36.9,31.4,23.1,14.5,32.9,False
7340352000,1789117544175681000,,video_contact_only,Lift and align,36.9,0.4629356723364797,18.8,36.9,31.4,23.1,14.5,32.9,False
7380352000,1789117544215681000,,video_contact_only,Lift and align,36.9,0.46203579691729674,18.8,36.9,31.4,23.1,14.5,32.9,False
7400356000,1789117544235685000,,video_contact_only,Lift and align,36.9,0.4615802285772173,18.8,36.9,31.4,23.1,14.5,32.5,False
7420356000,1789117544255685000,,video_contact_only,Lift and align,36.9,0.4611211705761053,18.8,36.9,31.4,23.1,14.5,32.5,False
7460356000,1789117544295685000,534,video_contact_and_recorded_pose,Lift and align,31.4,0.46019265051475367,18.8,31.4,27.1,19.6,11.8,29,False
7520361000,1789117544355690000,538,video_contact_and_recorded_pose,Lift and align,31.4,0.4587750051605492,18.8,31.4,27.1,20,12.2,28.2,False
7560361000,1789117544395690000,541,video_contact_and_recorded_pose,Lift and align,31,0.457814472268348,18.8,31,27.1,20,12.2,27.8,False
7580361000,1789117544415690000,543,video_contact_and_recorded_pose,Lift and align,31,0.45732980448272476,18.8,31,27.5,20,12.2,27.5,False
7600365000,1789117544435694000,544,video_contact_and_recorded_pose,Lift and align,31,0.45684221706931777,18.8,31,27.5,20,12.2,27.5,False
7640365000,1789117544475694000,547,video_contact_and_recorded_pose,Lift and align,30.6,0.45585910828992593,18.8,30.6,27.5,20,12.5,27.1,False
7700370000,1789117544535699000,551,video_contact_and_recorded_pose,Lift and align,30.6,0.45436526296698493,18.8,30.6,27.5,20,12.5,27.1,False
7720370000,1789117544555699000,553,video_contact_and_recorded_pose,Lift and align,30.6,0.453862611061956,18.8,30.6,27.5,20,12.5,26.7,False
7760370000,1789117544595699000,555,video_contact_and_recorded_pose,Lift and align,30.6,0.4528506959623509,18.4,30.6,27.5,20,12.5,26.7,False
7800375000,1789117544635704000,558,video_contact_and_recorded_pose,Lift and align,30.6,0.45183039966675925,18.4,30.6,27.5,20,12.9,27.1,False
7820375000,1789117544655704000,559,video_contact_and_recorded_pose,Lift and align,30.2,0.45131743081463305,18.4,30.2,27.5,20,12.9,27.1,False
7880379000,1789117544715708000,563,video_contact_and_recorded_pose,Lift and align,30.2,0.4497678949722477,18.4,30.2,27.5,20.4,12.5,27.5,False
7920379000,1789117544755708000,566,video_contact_and_recorded_pose,Lift and align,30.2,0.4487270112301122,18.4,30.2,27.5,20.4,12.5,27.5,False
7940379000,1789117544775708000,568,video_contact_and_recorded_pose,Lift and align,30.2,0.4482044436888552,18.4,30.2,27.5,20,12.5,27.5,False
7980384000,1789117544815713000,571,video_contact_and_recorded_pose,Lift and align,30.2,0.4471553472463842,18.4,30.2,27.5,20.4,12.9,27.1,False
8020384000,1789117544855713000,573,video_contact_and_recorded_pose,Lift and align,29.8,0.4461018369740238,18.4,29.8,27.8,20.8,12.9,27.1,False
8060384000,1789117544895713000,576,video_contact_and_recorded_pose,Lift and align,30.2,0.4450444563019267,18.4,30.2,27.8,21.2,12.9,27.1,False
8080388000,1789117544915717000,578,video_contact_and_recorded_pose,Lift and align,30.2,0.4445144192050585,18.4,30.2,28.2,21.6,13.3,27.1,False
8120389000,1789117544955718000,581,video_contact_and_recorded_pose,Lift and align,30.2,0.44345247030052115,18,30.2,28.6,21.6,13.3,27.5,False
8160389000,1789117544995718000,583,video_contact_and_recorded_pose,Lift and align,30.2,0.44238836319236596,18,30.2,29,22,12.9,27.8,False
8200393000,1789117545035722000,586,video_contact_and_recorded_pose,Lift and align,30.2,0.4413226389893326,18,30.2,29,21.2,12.2,28.2,False
8240393000,1789117545075722000,589,video_contact_and_recorded_pose,Lift and align,29.8,0.4402561851098201,18,29.8,29,20.4,11.4,28.6,False
8260393000,1789117545095722000,590,video_contact_and_recorded_pose,Lift and align,29.8,0.43972285530441774,18,29.8,29,20.4,11.4,28.6,False
8300398000,1789117545135727000,593,video_contact_and_recorded_pose,Lift and align,29.8,0.43865627809505386,18,29.8,29,20,11.4,29.4,False
8340398000,1789117545175727000,596,video_contact_and_recorded_pose,Lift and align,29.8,0.4375906837232059,18,29.8,28.6,19.6,11,29.4,False
8380402000,1789117545215731000,598,video_contact_and_recorded_pose,Lift and align,29.4,0.4365265067886802,18,29.4,26.3,18.8,11,29,False
8420403000,1789117545255732000,601,video_contact_and_recorded_pose,Lift and align,29,0.4354646078867385,18,29,25.5,18.4,11,28.6,False
8460407000,1789117545295736000,604,video_contact_and_recorded_pose,Lift and align,29,0.4344055021353548,17.6,29,25.5,18.4,11,27.8,False
8480407000,1789117545315736000,606,video_contact_and_recorded_pose,Lift and align,29,0.43387729012721465,17.6,29,25.1,18.8,11.4,27.8,False
8560412000,1789117545395741000,611,video_contact_and_recorded_pose,Lift and align,29.4,0.43177486342941124,17.6,29.4,27.8,20,12.2,27.5,False
8580412000,1789117545415741000,613,video_contact_and_recorded_pose,Lift and align,29.4,0.43125234922318395,17.6,29.4,28.2,20,12.2,27.5,False
8620412000,1789117545455741000,616,video_contact_and_recorded_pose,Lift and align,29.4,0.43021158215091054,17.6,29.4,28.2,20,12.2,27.1,False
8640412000,1789117545475741000,617,video_contact_and_recorded_pose,Lift and align,30.2,0.4296934978445352,17.6,30.2,28.2,20,12.2,26.7,False
8700416000,1789117545535745000,621,video_contact_and_recorded_pose,Lift and align,30.2,0.42814935081033323,17.6,30.2,28.2,20,12.2,26.7,False
8740416000,1789117545575745000,,video_contact_only,Lift and align,34.1,0.4271293382044696,17.6,34.1,29,21.6,13.3,30.2,False
8760421000,1789117545595750000,,video_contact_only,Lift and align,34.1,0.42662226320338587,17.6,34.1,29,21.6,13.3,30.2,False
8780421000,1789117545615750000,,video_contact_only,Lift and align,34.1,0.4261174661111007,17.6,34.1,29,21.6,13.3,30.2,False
8840421000,1789117545675750000,,video_contact_only,Lift and align,33.7,0.42461682309195714,17.3,33.7,28.6,21.2,13.3,30.2,False
8860426000,1789117545695755000,,video_contact_only,Lift and align,33.7,0.4241213489180416,17.3,33.7,28.6,21.2,13.3,30.2,False
8880426000,1789117545715755000,,video_contact_only,Lift and align,33.7,0.4236285712263672,17.3,33.7,28.6,21.2,13.3,30.2,False
8920426000,1789117545755755000,,video_contact_only,Lift and align,33.7,0.4226510699527797,17.3,33.7,28.6,21.2,13.3,29.8,False
8980430000,1789117545815759000,,video_contact_only,Lift and align,33.7,0.4212061220890171,17.3,33.7,28.6,21.2,13.3,29.8,False
9020430000,1789117545855759000,,video_contact_only,Lift and align,33.7,0.42025813797434036,17.3,33.7,28.6,21.2,13.3,29.8,False
9060435000,1789117545895764000,,video_contact_only,Lift and align,33.3,0.41932302416750455,17.3,33.3,28.6,21.2,13.3,29.8,False
9080435000,1789117545915764000,,video_contact_only,Lift and align,33.3,0.41886060672395514,17.3,33.3,28.2,21.2,13.3,29.8,False
9120435000,1789117545955764000,,video_contact_only,Lift and align,33.3,0.41794635445545714,17.3,33.3,28.2,21.2,12.9,29.8,False
9160439000,1789117545995768000,,video_contact_only,Lift and align,33.3,0.4170466850087909,17.3,33.3,28.2,20.8,12.9,29.4,False
9200440000,1789117546035769000,,video_contact_only,Lift and align,33.3,0.4161624306863674,17.3,33.3,28.2,20.8,12.9,29.4,False
9220440000,1789117546055769000,,video_contact_only,Lift and align,33.3,0.41572628025496616,17.3,33.3,28.2,20.8,12.9,29.4,False
9260444000,1789117546095773000,662,video_contact_and_recorded_pose,Lift and align,28.2,0.4148662467961321,16.9,28.2,28.2,20,11.8,25.5,False
9300444000,1789117546135773000,665,video_contact_and_recorded_pose,Lift and align,27.8,0.41402333217196763,16.9,27.8,27.8,20.4,11.8,25.9,False
9320444000,1789117546155773000,666,video_contact_and_recorded_pose,Lift and align,27.8,0.41360847256352323,16.9,27.8,27.8,20.4,11.4,25.9,False
9380449000,1789117546215778000,670,video_contact_and_recorded_pose,Lift and align,28.2,0.41239119623430304,16.9,28.2,28.2,20.4,11.4,26.3,False
9400449000,1789117546235778000,672,video_contact_and_recorded_pose,Lift and align,28.2,0.4119948868751521,16.9,28.2,28.2,20.4,11.4,26.3,False
9440453000,1789117546275782000,675,video_contact_and_recorded_pose,Lift and align,28.2,0.4112168195776599,16.9,28.2,28.2,20.4,11.4,26.3,False
9500453000,1789117546335782000,,video_contact_only,Lift and align,32.5,0.41008767169426913,16.9,32.5,27.8,20.8,12.9,29,False
9540458000,1789117546375787000,,video_contact_only,Lift and align,32.5,0.4093610234913058,16.9,32.5,27.8,20.4,12.9,29,False
9560458000,1789117546395787000,,video_contact_only,Lift and align,32.5,0.40900586029452923,16.9,32.5,27.8,20.4,12.9,29,False
9600458000,1789117546435787000,,video_contact_only,Lift and align,32.5,0.4083121849584905,16.9,32.5,27.8,20.4,12.9,29,False
9640463000,1789117546475792000,,video_contact_only,Lift and align,32.5,0.40764119048501374,16.9,32.5,27.8,20.4,12.9,29,False
9700463000,1789117546535792000,,video_contact_only,Lift and align,32.5,0.40667898292254273,16.9,32.5,27.5,20.4,12.9,29,False
9720467000,1789117546555796000,,video_contact_only,Lift and align,32.5,0.4063702980657766,16.9,32.5,27.5,20.4,12.9,28.6,False
9780467000,1789117546615796000,,video_contact_only,Lift and align,32.5,0.4054819468458146,16.5,32.5,27.5,20.4,12.5,28.6,False
9800467000,1789117546635796000,,video_contact_only,Lift and align,32.2,0.40519861615006325,16.5,32.2,27.5,20.4,12.5,28.6,False
9840472000,1789117546675801000,,video_contact_only,Lift and align,32.2,0.404651573293625,16.5,32.2,27.5,20.4,12.5,28.6,False
9880472000,1789117546715801000,,video_contact_only,Lift and align,32.2,0.40413140940013204,16.5,32.2,27.5,20.4,12.5,28.6,False
9920476000,1789117546755805000,,video_contact_only,Lift and align,32.2,0.4036386808176963,16.5,32.2,27.5,20.4,12.5,28.6,False
9940476000,1789117546775805000,,video_contact_only,Lift and align,32.2,0.4034028587713987,16.5,32.2,27.5,20.4,12.5,28.6,False
10020481000,1789117546855810000,,video_contact_only,Lift and align,32.2,0.40253159912794634,16.5,32.2,27.5,20.4,12.5,28.6,False
10060481000,1789117546895810000,,video_contact_only,Lift and align,32.2,0.40214042597522354,16.5,32.2,27.5,20.4,12.5,28.6,False
10100481000,1789117546935810000,,video_contact_only,Lift and align,32.2,0.4017797702306324,16.5,32.2,27.1,20,12.5,28.6,False
10120486000,1789117546955815000,,video_contact_only,Lift and align,32.2,0.4016110558996971,16.5,32.2,27.1,20,12.5,28.6,False
10160486000,1789117546995815000,,video_contact_only,Lift and align,32.2,0.4012974444480753,16.5,32.2,27.1,20,12.5,28.6,False
10200490000,1789117547035819000,,video_contact_only,Lift and align,32.2,0.40101600957753003,16.5,32.2,27.1,20,12.5,28.2,False
10220490000,1789117547055819000,,video_contact_only,Lift and align,32.2,0.40088759390658313,16.5,32.2,27.1,20,12.5,28.2,False
10240490000,1789117547075819000,,video_contact_only,Lift and align,32.2,0.40076748186427813,16.5,32.2,27.1,20,12.5,28.2,False
10300495000,1789117547135824000,,video_contact_only,Lift and align,31.8,0.4004577877105515,16.5,31.8,27.1,20,12.5,28.2,False
10340495000,1789117547175824000,,video_contact_only,Lift and align,31.8,0.4002944076421233,16.5,31.8,27.1,20,12.5,28.2,False
10360495000,1789117547195824000,,video_contact_only,Lift and align,31.8,0.40022588946107795,16.5,31.8,27.1,20,12.5,28.2,False
10400500000,1789117547235829000,,video_contact_only,Lift and align,31.8,0.4001156066723731,16.5,31.8,27.1,20,12.5,28.2,False
10480500000,1789117547315829000,,video_contact_only,Lift and align,31.8,0.4000044936474074,16.5,31.8,27.1,20,12.5,28.2,False
10500504000,1789117547335833000,,video_contact_only,Align edges,31.8,0.3999999973335704,16.5,31.8,27.1,20,12.5,28.2,False
10520504000,1789117547355833000,,video_contact_only,Align edges,31.8,0.39999560244284865,16.5,31.8,27.1,20,12.5,28.2,False
10540504000,1789117547375833000,,video_contact_only,Align edges,31.8,0.39998290024279,16.5,31.8,27.1,20,12.5,28.2,False
10580504000,1789117547415833000,,video_contact_only,Align edges,31.8,0.39993292940338543,16.5,31.8,27.1,20,12.5,28.2,False
10600509000,1789117547435838000,,video_contact_only,Align edges,31.8,0.39989582823774855,16.5,31.8,27.1,20,12.5,28.2,False
10660509000,1789117547495838000,,video_contact_only,Align edges,31.8,0.3997371942539645,16.5,31.8,27.1,20,12.5,28.2,False
10700514000,1789117547535843000,,video_contact_only,Align edges,31.8,0.3995928443020529,16.5,31.8,27.1,20,12.5,28.2,False
10720514000,1789117547555843000,,video_contact_only,Align edges,31.8,0.3995093718346022,16.5,31.8,27.1,20,12.5,28.2,False
10760514000,1789117547595843000,769,video_contact_and_recorded_pose,Align edges,30.6,0.39932026014260685,16.5,30.6,28.2,20.4,12.5,25.5,False
10800518000,1789117547635847000,772,video_contact_and_recorded_pose,Align edges,30.2,0.39910216202360166,16.5,30.2,27.5,20,12.2,25.9,False
10880523000,1789117547715852000,778,video_contact_and_recorded_pose,Align edges,29.4,0.3985819251407711,16.5,29.4,25.5,18.8,11.4,25.9,False
10900523000,1789117547735852000,780,video_contact_and_recorded_pose,Align edges,28.6,0.3984348821856092,16.5,28.6,25.1,18.4,11.4,25.9,False
10920523000,1789117547755852000,781,video_contact_and_recorded_pose,Align edges,28.6,0.3982812205769763,16.5,28.6,25.1,18.4,11.4,25.9,False
10980527000,1789117547815856000,786,video_contact_and_recorded_pose,Align edges,28.2,0.39778137732579,16.5,28.2,24.7,18,11,25.9,False
11000527000,1789117547835856000,787,video_contact_and_recorded_pose,Align edges,28.2,0.39760212858133864,16.5,28.2,24.7,18,11,25.9,False
11040528000,1789117547875857000,790,video_contact_and_recorded_pose,Align edges,28.2,0.39722518741415874,16.5,28.2,24.7,18,11,25.9,False
11080532000,1789117547915861000,,video_contact_only,Align edges,31.8,0.3968242279930378,16.5,31.8,27.1,20,12.5,28.2,False
11100532000,1789117547935861000,,video_contact_only,Align edges,31.8,0.3966149951528515,16.5,31.8,27.1,20,12.5,28.2,False
11160532000,1789117547995861000,,video_contact_only,Align edges,31.8,0.39595327277100056,16.1,31.8,26.7,20,12.5,28.2,False
11200537000,1789117548035866000,,video_contact_only,Align edges,31.4,0.3954846001075456,16.1,31.4,26.7,20,12.5,27.8,False
11240537000,1789117548075866000,,video_contact_only,Align edges,31.4,0.3949948426356619,16.1,31.4,26.7,20,12.5,27.8,False
11260537000,1789117548095866000,,video_contact_only,Align edges,31.4,0.3947422578173525,16.1,31.4,26.7,20,12.5,27.8,False
11280541000,1789117548115870000,,video_contact_only,Align edges,31.4,0.3944846020902341,16.1,31.4,26.7,20,12.5,27.8,False
11340541000,1789117548175870000,,video_contact_only,Align edges,31.4,0.3936825634510586,16.1,31.4,26.7,19.6,12.5,27.8,False
11380546000,1789117548215875000,,video_contact_only,Align edges,31.4,0.3931243350710646,16.1,31.4,26.7,19.6,12.5,27.8,False
11400546000,1789117548235875000,,video_contact_only,Align edges,31.4,0.39283848232598617,16.1,31.4,26.7,19.6,12.2,27.8,False
11440546000,1789117548275875000,,video_contact_only,Align edges,31.4,0.39225367546777534,16.1,31.4,26.7,19.6,12.2,27.8,False
11480551000,1789117548315880000,,video_contact_only,Align edges,31.4,0.3916519163644208,16.1,31.4,26.7,19.6,12.2,27.8,False
11520551000,1789117548355880000,,video_contact_only,Align edges,31.4,0.39103406648840516,16.1,31.4,26.7,19.6,12.2,27.8,False
11560555000,1789117548395884000,,video_contact_only,Align edges,31,0.39040069856716697,16.1,31,26.7,19.6,12.2,27.8,False
11580555000,1789117548415884000,,video_contact_only,Align edges,31,0.39007847286130615,16.1,31,26.3,19.6,12.2,27.8,False
11620555000,1789117548455884000,,video_contact_only,Align edges,31,0.3894233197503929,16.1,31,26.3,19.6,12.2,27.5,False
11660560000,1789117548495889000,,video_contact_only,Align edges,31,0.38875440575947945,16.1,31,26.3,19.6,12.2,27.5,False
11700560000,1789117548535889000,,video_contact_only,Align edges,31,0.3880726091476721,16.1,31,26.3,19.6,12.2,27.5,False
11740560000,1789117548575889000,,video_contact_only,Align edges,31,0.38737855812858224,16.1,31,26.3,19.6,12.2,27.5,False
11760564000,1789117548595893000,,video_contact_only,Align edges,31,0.3870270888342954,16.1,31,26.3,19.6,12.2,27.5,False
11840565000,1789117548675894000,,video_contact_only,Align edges,30.6,0.3855943925161683,15.7,30.6,26.3,19.2,12.2,27.5,False
11860569000,1789117548695898000,,video_contact_only,Align edges,30.6,0.3852298238431253,15.7,30.6,26.3,19.2,12.2,27.5,False
11880569000,1789117548715898000,,video_contact_only,Align edges,30.6,0.3848629752436725,15.7,30.6,26.3,19.2,12.2,27.5,False
11920569000,1789117548755898000,,video_contact_only,Align edges,30.6,0.38412257578034814,15.7,30.6,25.9,19.2,12.2,27.1,False
11960574000,1789117548795903000,,video_contact_only,Align edges,30.6,0.3833737383608272,15.7,30.6,25.9,19.2,12.2,27.1,False
11980574000,1789117548815903000,,video_contact_only,Align edges,30.6,0.38299645945624006,15.7,30.6,25.9,19.2,12.2,27.1,False
12040578000,1789117548875907000,,video_contact_only,Align edges,30.6,0.38185398560441913,15.7,30.6,25.9,19.2,12.2,27.1,False
12080578000,1789117548915907000,865,video_contact_and_recorded_pose,Align edges,27.5,0.38108447520291183,15.7,27.5,26.7,18.8,11.4,23.1,False
12100578000,1789117548935907000,866,video_contact_and_recorded_pose,Align edges,27.1,0.38069761314047035,15.7,27.1,26.7,18.8,11,23.1,False
12140583000,1789117548975912000,869,video_contact_and_recorded_pose,Align edges,27.1,0.3799200221745005,15.7,27.1,26.7,18.8,11,23.5,False
12200583000,1789117549035912000,873,video_contact_and_recorded_pose,Align edges,27.1,0.3787456908887452,15.7,27.1,26.7,18.8,11,24.3,False
12240588000,1789117549075917000,876,video_contact_and_recorded_pose,Align edges,27.1,0.3779583481827981,15.7,27.1,26.7,18.8,11,24.3,False
12260588000,1789117549095917000,877,video_contact_and_recorded_pose,Align edges,27.1,0.3775636856059267,15.7,27.1,26.7,18.8,11,24.7,False
12340592000,1789117549175921000,883,video_contact_and_recorded_pose,Align edges,27.5,0.37598009414607436,15.3,27.5,26.7,18.8,11,24.7,False
12380592000,1789117549215921000,886,video_contact_and_recorded_pose,Align edges,27.5,0.37518666512490756,15.3,27.5,26.3,18.8,11,24.7,False
12400592000,1789117549235921000,888,video_contact_and_recorded_pose,Align edges,27.5,0.3747898434700228,15.3,27.5,26.3,18.8,11,24.7,False
12420592000,1789117549255921000,889,video_contact_and_recorded_pose,Align edges,27.5,0.3743930688818451,15.3,27.5,26.3,18.8,11,24.7,False
12460597000,1789117549295926000,892,video_contact_and_recorded_pose,Align edges,27.5,0.37359991732639203,15.3,27.5,26.3,18.8,11,24.7,False
12500597000,1789117549335926000,895,video_contact_and_recorded_pose,Align edges,27.5,0.37280811977316364,15.3,27.5,26.3,18.4,10.6,24.7,False
12560602000,1789117549395931000,899,video_contact_and_recorded_pose,Align edges,27.5,0.37162423309944437,15.3,27.5,26.3,18.4,10.6,24.7,False
12600602000,1789117549435931000,902,video_contact_and_recorded_pose,Align edges,27.5,0.37083868355070115,15.3,27.5,25.9,18.4,10.6,24.7,False
12640606000,1789117549475935000,905,video_contact_and_recorded_pose,Align edges,27.5,0.3700567993640335,15.3,27.5,25.9,18.4,11,24.3,False
12700606000,1789117549535935000,909,video_contact_and_recorded_pose,Align edges,27.5,0.36889266479707744,15.3,27.5,25.5,18.4,11,23.9,False
12740611000,1789117549575940000,912,video_contact_and_recorded_pose,Align edges,27.5,0.3681232322312575,15.3,27.5,25.5,18.4,11.4,23.5,False
12780611000,1789117549615940000,915,video_contact_and_recorded_pose,Align edges,27.5,0.3673601281052008,14.9,27.5,25.5,18.4,11,23.5,False
12800611000,1789117549635940000,917,video_contact_and_recorded_pose,Align edges,27.5,0.3669811351899416,14.9,27.5,25.5,18.4,11,23.5,False
12820615000,1789117549655944000,918,video_contact_and_recorded_pose,Align edges,27.5,0.36660389162419477,14.9,27.5,25.5,18.4,11,23.5,False
12880615000,1789117549715944000,,video_contact_only,Align edges,29,0.3654842241810824,14.9,29,24.7,18.4,11.4,25.9,False
12920620000,1789117549755949000,,video_contact_only,Align edges,29,0.36474844021811736,14.9,29,24.7,18.4,11.4,25.9,False
12940620000,1789117549775949000,,video_contact_only,Align edges,29,0.364384086862963,14.9,29,24.7,18.4,11.4,25.9,False
12980620000,1789117549815949000,,video_contact_only,Align edges,29,0.36366280924487365,14.9,29,24.7,18.4,11.4,25.9,False
13020625000,1789117549855954000,932,video_contact_and_recorded_pose,Align edges,26.3,0.36295194140265585,14.9,24.3,26.3,19.6,12.2,22,False
13060625000,1789117549895954000,935,video_contact_and_recorded_pose,Align edges,25.5,0.3622523720825677,14.9,24.3,25.5,18.4,11.4,22,False
13100629000,1789117549935958000,938,video_contact_and_recorded_pose,Align edges,25.5,0.36156465459857284,14.9,24.3,25.5,18.4,11.4,22,False
13120629000,1789117549955958000,940,video_contact_and_recorded_pose,Align edges,25.1,0.3612255227430255,14.9,24.7,25.1,18.4,11.4,22,False
13160629000,1789117549995958000,943,video_contact_and_recorded_pose,Align edges,25.1,0.3605570877930126,14.9,24.7,25.1,18.4,11.4,22,False
13180629000,1789117550015958000,944,video_contact_and_recorded_pose,Align edges,25.1,0.36022796244290894,14.9,24.7,25.1,18.4,11.4,22,False
13240634000,1789117550075963000,948,video_contact_and_recorded_pose,Align edges,24.7,0.359261942247529,14.9,24.7,24.7,18,11,22,False
13280634000,1789117550115963000,951,video_contact_and_recorded_pose,Align edges,24.7,0.35863673465217677,14.9,24.7,24.7,17.6,10.6,22,False
13320639000,1789117550155968000,954,video_contact_and_recorded_pose,Align edges,24.7,0.3580272824210465,14.5,24.7,24.3,17.6,10.6,22,False
13380639000,1789117550215968000,958,video_contact_and_recorded_pose,Align edges,24.7,0.35714445748824086,14.5,24.7,23.9,17.3,10.2,22,False
13420643000,1789117550255972000,961,video_contact_and_recorded_pose,Align edges,25.1,0.3565777137102359,14.5,25.1,23.9,16.9,9.8,22,False
13460643000,1789117550295972000,964,video_contact_and_recorded_pose,Align edges,25.1,0.3560293465914281,14.5,25.1,23.9,17.3,10.2,22,False
13480643000,1789117550315972000,965,video_contact_and_recorded_pose,Align edges,25.1,0.35576225487431334,14.5,25.1,23.9,17.3,10.2,22,False
13500648000,1789117550335977000,967,video_contact_and_recorded_pose,Align edges,25.1,0.355499944600327,14.5,25.1,23.9,17.3,10.2,22,False
13520648000,1789117550355977000,967,video_contact_and_recorded_pose,Align edges,25.1,0.35524263578252224,14.5,25.1,23.9,16.9,10.2,22,False
13580648000,1789117550415977000,,video_contact_only,Align edges,28.2,0.3545012097639151,14.5,28.2,23.9,17.6,11,25.1,False
13600652000,1789117550435981000,,video_contact_only,Align edges,28.2,0.35426448400923716,14.5,28.2,23.9,17.6,11,25.1,False
13640653000,1789117550475982000,,video_contact_only,Align edges,28.2,0.35380734494676513,14.5,28.2,23.9,17.6,11,25.1,False
13680657000,1789117550515986000,,video_contact_only,Align edges,28.2,0.35337240488189187,14.5,28.2,23.9,17.6,11,25.1,False
13740657000,1789117550575986000,,video_contact_only,Align edges,28.2,0.3527632976979254,14.5,28.2,23.9,17.6,11,25.1,False
13760657000,1789117550595986000,,video_contact_only,Align edges,28.2,0.3525721470570217,14.5,28.2,23.9,17.6,11,25.1,False
13800662000,1789117550635991000,,video_contact_only,Align edges,28.2,0.3522081626988612,14.5,28.2,23.9,17.6,11,25.1,False
13880666000,1789117550715995000,,video_contact_only,Align edges,28.2,0.3515561901899308,14.5,28.2,23.9,17.6,11,25.1,False
13900666000,1789117550735995000,,video_contact_only,Align edges,28.2,0.35140954351249387,14.5,28.2,23.9,17.6,11,25.1,False
13920666000,1789117550755995000,,video_contact_only,Align edges,27.8,0.35126960964415993,14.5,27.8,23.9,17.6,11,25.1,False
13980671000,1789117550816000000,,video_contact_only,Align edges,27.8,0.3508909446800884,14.5,27.8,23.9,17.6,11,24.7,False
14020671000,1789117550856000000,,video_contact_only,Align edges,27.8,0.35067371760846106,14.5,27.8,23.9,17.6,11,24.7,False
14060671000,1789117550896000000,,video_contact_only,Align edges,27.8,0.35048547479445996,14.5,27.8,23.9,17.6,11,24.7,False
14080676000,1789117550916005000,,video_contact_only,Align edges,27.8,0.3504024248426059,14.5,27.8,23.9,17.6,11,24.7,False
14120676000,1789117550956005000,,video_contact_only,Align edges,27.8,0.35025899529854004,14.5,27.8,23.9,17.6,11,24.7,False
14160676000,1789117550996005000,,video_contact_only,Align edges,27.8,0.350146327544591,14.5,27.8,23.9,17.6,11,24.7,False
14200680000,1789117551036009000,,video_contact_only,Align edges,27.8,0.350065126036206,14.5,27.8,23.9,17.6,11,24.7,False
14240680000,1789117551076009000,,video_contact_only,Align edges,27.8,0.3500161180487595,14.5,27.8,23.9,17.6,11,24.7,False
14280685000,1789117551116014000,,video_contact_only,Lay trousers flat,27.8,0.35000008351957834,14.5,27.8,23.9,17.6,11,24.7,False
14340685000,1789117551176014000,,video_contact_only,Lay trousers flat,27.8,0.3506377741549646,14.5,27.8,23.9,17.6,11,24.7,False
14360689000,1789117551196018000,,video_contact_only,Lay trousers flat,27.8,0.35111709676047365,14.5,27.8,23.9,17.6,11,24.7,False
14400689000,1789117551236018000,,video_contact_only,Lay trousers flat,28.2,0.3524524511239568,14.5,28.2,23.9,17.6,11,25.1,False
14420690000,1789117551256019000,,video_contact_only,Lay trousers flat,28.2,0.35330091167150385,14.5,28.2,23.9,17.6,11,25.1,False
14480694000,1789117551316023000,,video_contact_only,Lay trousers flat,28.6,0.3565231762858866,14.5,28.6,24.3,18,11.4,25.1,False
14520694000,1789117551356023000,,video_contact_only,Lay trousers flat,28.6,0.35919669262652687,14.9,28.6,24.3,18,11.4,25.5,False
14560699000,1789117551396028000,,video_contact_only,Lay trousers flat,29,0.3622550518790966,14.9,29,24.7,18,11.4,25.5,False
14600699000,1789117551436028000,,video_contact_only,Lay trousers flat,29,0.365666688560182,14.9,29,24.7,18.4,11.4,25.9,False
14660703000,1789117551496032000,,video_contact_only,Lay trousers flat,29.8,0.3713802442610617,15.3,29.8,25.1,18.8,11.8,26.3,False
14680703000,1789117551516032000,,video_contact_only,Lay trousers flat,29.8,0.3734280958969284,15.3,29.8,25.5,18.8,11.8,26.7,False
14700703000,1789117551536032000,,video_contact_only,Lay trousers flat,29.8,0.37554125749962836,15.3,29.8,25.5,18.8,11.8,26.7,False
14740704000,1789117551576033000,,video_contact_only,Lay trousers flat,30.2,0.37994822470282386,15.7,30.2,25.9,19.2,11.8,27.1,False
14780708000,1789117551616037000,,video_contact_only,Lay trousers flat,30.6,0.3845705990218831,15.7,30.6,26.3,19.2,12.2,27.5,False
14840712000,1789117551676041000,1062,video_contact_and_recorded_pose,Lay trousers flat,29,0.39183980728963863,16.1,29,26.7,19.6,12.2,26.3,False
14880713000,1789117551716042000,1065,video_contact_and_recorded_pose,Lay trousers flat,29.4,0.3968647270829385,16.5,29.4,27.1,20,12.5,26.7,False
14900713000,1789117551736042000,1067,video_contact_and_recorded_pose,Lay trousers flat,29.8,0.39941926605318817,16.5,29.8,27.1,20,12.5,26.7,False
14920713000,1789117551756042000,1068,video_contact_and_recorded_pose,Lay trousers flat,29.8,0.40199676611656154,16.5,29.8,25.9,18.8,11.8,26.7,False
14960717000,1789117551796046000,1071,video_contact_and_recorded_pose,Lay trousers flat,29,0.40720577427655114,16.9,29,25.1,18,11,27.1,False
15020717000,1789117551856046000,1076,video_contact_and_recorded_pose,Lay trousers flat,29,0.41509446956503177,16.9,29,24.7,18,11,27.5,False
15060722000,1789117551896051000,1079,video_contact_and_recorded_pose,Lay trousers flat,29,0.420359982687996,17.3,29,25.1,18.4,11.4,27.5,False
15080722000,1789117551916051000,1080,video_contact_and_recorded_pose,Lay trousers flat,29.4,0.42298257708886117,17.3,29.4,25.5,18.8,11.8,27.8,False
15120722000,1789117551956051000,1083,video_contact_and_recorded_pose,Lay trousers flat,30.2,0.42818885173940613,17.6,30.2,26.3,19.6,12.5,28.2,False
15160727000,1789117551996056000,1086,video_contact_and_recorded_pose,Lay trousers flat,30.6,0.4333182109971061,17.6,30.6,27.1,20,12.5,29,False
15200727000,1789117552036056000,1089,video_contact_and_recorded_pose,Lay trousers flat,31,0.43833857169325674,18,31,27.5,20.4,12.5,29.4,False
15220727000,1789117552056056000,1090,video_contact_and_recorded_pose,Lay trousers flat,31,0.44079849574111285,18,31,27.8,20.4,12.9,29.4,False
15280731000,1789117552116060000,1094,video_contact_and_recorded_pose,Lay trousers flat,32.2,0.447931507613699,18.4,32.2,29,21.6,13.7,29.8,False
15320731000,1789117552156060000,1097,video_contact_and_recorded_pose,Lay trousers flat,34.1,0.45244200406008944,18.4,34.1,30.6,22.4,14.1,30.2,False
15340736000,1789117552176065000,1099,video_contact_and_recorded_pose,Lay trousers flat,34.9,0.45461288235180397,18.8,34.9,31,22.7,14.1,30.2,False
15380736000,1789117552216065000,1102,video_contact_and_recorded_pose,Lay trousers flat,35.3,0.4587644775568897,18.8,35.3,31.4,22.4,13.7,29.8,False
15400736000,1789117552236065000,1103,video_contact_and_recorded_pose,Lay trousers flat,35.3,0.46073804500524607,18.8,35.3,31.4,22.4,13.7,29.8,False
15460740000,1789117552296069000,1107,video_contact_and_recorded_pose,Lay trousers flat,34.9,0.4662039701369865,19.2,34.9,30.2,21.6,12.9,29.4,False
15480740000,1789117552316069000,1108,video_contact_and_recorded_pose,Lay trousers flat,34.5,0.4678612762989612,19.2,34.5,30.2,21.6,12.9,29.4,False
15540745000,1789117552376074000,1112,video_contact_and_recorded_pose,Lay trousers flat,32.9,0.47228601208663346,19.2,32.9,27.5,20,12.2,29,False
15560745000,1789117552396074000,1114,video_contact_and_recorded_pose,Lay trousers flat,32.5,0.4735654501325075,19.6,32.5,27.1,19.6,12.2,29,False
15600745000,1789117552436074000,1116,video_contact_and_recorded_pose,Lay trousers flat,32.2,0.47580821876270335,19.6,32.2,26.7,19.6,11.8,29,False
15640750000,1789117552476079000,1119,video_contact_and_recorded_pose,Lay trousers flat,31.8,0.4776040411800981,19.6,31.8,26.7,19.6,12.2,29,False
15680750000,1789117552516079000,1122,video_contact_and_recorded_pose,Lay trousers flat,32.2,0.47892166749603693,19.6,32.2,27.1,19.6,12.2,29,False
15720754000,1789117552556083000,1125,video_contact_and_recorded_pose,Lay trousers flat,32.5,0.4797306073896203,19.6,32.5,27.5,20,12.5,29.4,False
15760754000,1789117552596083000,1128,video_contact_and_recorded_pose,Smooth fabric,34.1,0.4800000037894716,19.6,34.1,30.2,22,13.7,29.8,False
15820759000,1789117552656088000,1132,video_contact_and_recorded_pose,Smooth fabric,35.7,0.4800242787422706,19.6,35.7,33.7,25.1,16.1,32.2,False
15840759000,1789117552676088000,1134,video_contact_and_recorded_pose,Smooth fabric,36.5,0.4800426997938782,19.6,36.5,34.5,25.5,16.1,32.5,False
15880759000,1789117552716088000,1137,video_contact_and_recorded_pose,Smooth fabric,37.3,0.480094609356649,19.6,37.3,34.9,25.5,16.1,33.3,False
15920764000,1789117552756093000,1139,video_contact_and_recorded_pose,Smooth fabric,37.3,0.48016614493453624,19.6,37.3,35.3,25.9,16.1,33.7,False
15940764000,1789117552776093000,1141,video_contact_and_recorded_pose,Smooth fabric,37.6,0.4802090870076892,19.6,37.6,35.3,25.9,16.5,34.1,False
16000768000,1789117552836097000,1145,video_contact_and_recorded_pose,Smooth fabric,37.6,0.4803657842943433,19.6,37.6,36.5,26.3,16.5,33.7,False
16020768000,1789117552856097000,1147,video_contact_and_recorded_pose,Smooth fabric,37.3,0.48042706305672933,19.6,37.3,36.5,26.3,16.5,33.3,False
16060768000,1789117552896097000,1150,video_contact_and_recorded_pose,Smooth fabric,38,0.48056276794505687,19.6,38,36.9,26.3,16.5,32.9,False
16100773000,1789117552936102000,1152,video_contact_and_recorded_pose,Smooth fabric,38.4,0.4807155487148726,19.6,38.4,36.9,26.3,16.5,32.9,False
16140773000,1789117552976102000,1155,video_contact_and_recorded_pose,Smooth fabric,38.4,0.4808847982276082,19.6,38.4,36.9,26.3,16.5,32.9,False
16160773000,1789117552996102000,1157,video_contact_and_recorded_pose,Smooth fabric,38.4,0.4809754277501982,19.6,38.4,36.9,26.3,16.5,32.9,False
16200777000,1789117553036106000,1160,video_contact_and_recorded_pose,Smooth fabric,38.4,0.4811683608263542,19.6,38.4,36.9,26.3,16.5,32.9,False
16260778000,1789117553096107000,1164,video_contact_and_recorded_pose,Smooth fabric,38,0.48148580639315713,19.6,38,36.1,25.9,15.7,32.5,False
16280778000,1789117553116107000,1165,video_contact_and_recorded_pose,Smooth fabric,36.9,0.48159882030439116,19.6,36.9,33.7,23.9,14.9,31,False
16300782000,1789117553136111000,1167,video_contact_and_recorded_pose,Smooth fabric,36.1,0.4817153395364606,19.6,36.1,32.5,23.1,14.5,29.8,False
16380782000,1789117553216111000,1172,video_contact_and_recorded_pose,Smooth fabric,34.5,0.48221471906895574,19.6,34.5,32.2,22.7,13.7,29,False
16420787000,1789117553256116000,,video_contact_only,Smooth fabric,38.4,0.48248348427958876,19.6,38.4,32.5,24.3,15.3,34.1,False
16440787000,1789117553276116000,,video_contact_only,Smooth fabric,38.4,0.48262236183223745,20,38.4,32.5,24.3,15.3,34.1,False
16460787000,1789117553296116000,,video_contact_only,Smooth fabric,38.4,0.48276415214221946,20,38.4,32.5,24.3,15.3,34.1,False
16500791000,1789117553336120000,,video_contact_only,Smooth fabric,38.4,0.4830562163426041,20,38.4,32.9,24.3,15.3,34.1,False
16540791000,1789117553376120000,,video_contact_only,Smooth fabric,38.4,0.48335904953744596,20,38.4,32.9,24.3,15.3,34.1,False
16600796000,1789117553436125000,,video_contact_only,Smooth fabric,38.4,0.4838323408018597,20,38.4,32.9,24.3,15.3,34.1,False
16620796000,1789117553456125000,,video_contact_only,Smooth fabric,38.4,0.483994874209242,20,38.4,32.9,24.3,15.3,34.1,False
16640796000,1789117553476125000,,video_contact_only,Smooth fabric,38.8,0.4841596803419576,20,38.8,32.9,24.3,15.3,34.5,False
16700801000,1789117553536130000,,video_contact_only,Smooth fabric,38.8,0.48466706703196405,20,38.8,32.9,24.3,15.3,34.5,False
16740801000,1789117553576130000,,video_contact_only,Smooth fabric,38.8,0.48501535700619797,20,38.8,32.9,24.3,15.3,34.5,False
16780805000,1789117553616134000,,video_contact_only,Smooth fabric,38.8,0.4853710670616805,20,38.8,32.9,24.3,15.3,34.5,False
16800805000,1789117553636134000,,video_contact_only,Smooth fabric,38.8,0.48555149574778195,20,38.8,32.9,24.3,15.3,34.5,False
16880810000,1789117553716139000,,video_contact_only,Smooth fabric,38.8,0.48628887311914454,20,38.8,32.9,24.3,15.3,34.5,False
16920810000,1789117553756139000,,video_contact_only,Smooth fabric,38.8,0.4866659129788008,20,38.8,32.9,24.3,15.3,34.5,False
16940810000,1789117553776139000,,video_contact_only,Smooth fabric,38.8,0.48685627747751786,20,38.8,32.9,24.3,15.3,34.5,False
16960810000,1789117553796139000,,video_contact_only,Smooth fabric,38.8,0.48704777687401263,20,38.8,32.9,24.3,15.3,34.5,False
17000814000,1789117553836143000,1217,video_contact_and_recorded_pose,Smooth fabric,36.9,0.4874339347216082,20,36.9,31.4,22.4,12.9,29.4,False
17040815000,1789117553876144000,1220,video_contact_and_recorded_pose,Smooth fabric,37.3,0.4878237501479217,20,37.3,29.8,21.2,12.5,29.8,False
17080819000,1789117553916148000,1223,video_contact_and_recorded_pose,Smooth fabric,37.6,0.48821671259979493,20,37.6,29,20.8,12.5,29.8,False
17100819000,1789117553936148000,1224,video_contact_and_recorded_pose,Smooth fabric,37.6,0.4884141654403199,20,37.6,29,20.8,12.5,29.8,False
17160824000,1789117553996153000,1229,video_contact_and_recorded_pose,Smooth fabric,38.4,0.4890096851601975,20,38.4,29.4,21.2,12.5,31.4,False
17200824000,1789117554036153000,1231,video_contact_and_recorded_pose,Smooth fabric,38.4,0.48940854699623143,20,38.4,29.8,21.2,12.9,31.8,False
17220824000,1789117554056153000,1233,video_contact_and_recorded_pose,Smooth fabric,38.4,0.48960832907513724,20,38.4,29.8,21.2,12.9,32.2,False
17260828000,1789117554096157000,1236,video_contact_and_recorded_pose,Smooth fabric,38.8,0.490008279999159,20,38.8,29.8,21.2,12.9,32.2,False
17300828000,1789117554136157000,1239,video_contact_and_recorded_pose,Smooth fabric,39.6,0.49040817917446256,20,39.6,30.2,21.6,12.9,32.9,False
17340829000,1789117554176158000,1241,video_contact_and_recorded_pose,Smooth fabric,40,0.49080750765584064,20,40,29.8,21.2,12.9,32.9,False
17380833000,1789117554216162000,1244,video_contact_and_recorded_pose,Smooth fabric,40,0.49120571631706955,20,40,29.8,21.2,12.9,32.9,False
17420833000,1789117554256162000,,video_contact_only,Smooth fabric,39.2,0.49160216658067446,20,39.2,33.3,24.7,15.3,34.9,False
17440833000,1789117554276162000,,video_contact_only,Smooth fabric,39.2,0.49179956949203246,20,39.2,33.3,24.7,15.3,34.9,False
17480838000,1789117554316167000,,video_contact_only,Smooth fabric,39.2,0.49219242423456366,20.4,39.2,33.3,24.7,15.3,34.9,False
17500838000,1789117554336167000,,video_contact_only,Smooth fabric,39.2,0.4923876847220679,20.4,39.2,33.3,24.7,15.3,34.9,False
17540838000,1789117554376167000,,video_contact_only,Smooth fabric,39.2,0.4927755656472986,20.4,39.2,33.3,24.7,15.3,34.9,False
17600842000,1789117554436171000,,video_contact_only,Smooth fabric,39.2,0.4933497581787552,20.4,39.2,33.3,24.7,15.7,34.9,False
17640842000,1789117554476171000,,video_contact_only,Smooth fabric,39.2,0.49372658657301344,20.4,39.2,33.3,24.7,15.7,34.9,False
17700847000,1789117554536176000,,video_contact_only,Smooth fabric,39.6,0.49428154128120366,20.4,39.6,33.3,24.7,15.7,34.9,False
17740851000,1789117554576180000,,video_contact_only,Smooth fabric,39.6,0.49464379703012484,20.4,39.6,33.7,24.7,15.7,34.9,False
17780852000,1789117554616181000,,video_contact_only,Smooth fabric,39.6,0.4949991862586241,20.4,39.6,33.7,24.7,15.7,34.9,False
17800852000,1789117554636181000,,video_contact_only,Smooth fabric,39.6,0.4951741340649141,20.4,39.6,33.7,24.7,15.7,35.3,False
17840856000,1789117554676185000,,video_contact_only,Smooth fabric,39.6,0.49551822348031427,20.4,39.6,33.7,25.1,15.7,35.3,False
17880856000,1789117554716185000,,video_contact_only,Smooth fabric,39.6,0.4958540170330131,20.4,39.6,33.7,25.1,15.7,35.3,False
17940861000,1789117554776190000,,video_contact_only,Smooth fabric,39.6,0.49634101312276574,20.4,39.6,33.7,25.1,15.7,35.3,False
17980861000,1789117554816190000,,video_contact_only,Smooth fabric,39.6,0.4966536638828272,20.4,39.6,33.7,25.1,15.7,35.3,False
18020861000,1789117554856190000,,video_contact_only,Smooth fabric,39.6,0.4969560623975553,20.4,39.6,33.7,25.1,15.7,35.3,False
18060865000,1789117554896194000,,video_contact_only,Smooth fabric,39.6,0.49724766837572265,20.4,39.6,33.7,25.1,15.7,35.3,False
18080865000,1789117554916194000,,video_contact_only,Smooth fabric,39.6,0.4973892207862508,20.4,39.6,33.7,25.1,15.7,35.3,False
18100865000,1789117554936194000,,video_contact_only,Smooth fabric,39.6,0.49752785456566784,20.4,39.6,33.7,25.1,15.7,35.3,False
18160870000,1789117554996199000,,video_contact_only,Smooth fabric,39.6,0.49792556497142443,20.4,39.6,33.7,25.1,15.7,35.3,False
18200870000,1789117555036199000,,video_contact_only,Smooth fabric,39.6,0.49817478543538296,20.4,39.6,33.7,25.1,15.7,35.3,False
18220870000,1789117555056199000,,video_contact_only,Smooth fabric,39.6,0.49829441324958446,20.4,39.6,33.7,25.1,15.7,35.3,False
18240875000,1789117555076204000,,video_contact_only,Smooth fabric,39.6,0.4984106532568779,20.4,39.6,33.7,25.1,15.7,35.3,False
18260875000,1789117555096204000,,video_contact_only,Smooth fabric,39.6,0.49852337622585935,20.4,39.6,33.7,25.1,15.7,35.3,False
18300875000,1789117555136204000,,video_contact_only,Smooth fabric,39.6,0.4987380750527112,20.4,39.6,33.7,25.1,15.7,35.3,False
18340879000,1789117555176208000,,video_contact_only,Smooth fabric,40,0.49893798955431706,20.4,40,33.7,25.1,15.7,35.3,False
18380879000,1789117555216208000,,video_contact_only,Smooth fabric,40,0.49912251081547715,20.4,40,33.7,25.1,15.7,35.3,False
18420884000,1789117555256213000,,video_contact_only,Smooth fabric,40,0.49929111073872934,20.4,40,33.7,25.1,15.7,35.3,False
18440884000,1789117555276213000,,video_contact_only,Smooth fabric,40,0.49936924383430364,20.4,40,33.7,25.1,15.7,35.3,False
18520888000,1789117555356217000,,video_contact_only,Smooth fabric,40,0.49963908985511624,20.4,40,33.7,25.1,15.7,35.3,False
18540889000,1789117555376218000,,video_contact_only,Smooth fabric,40,0.49969552015061447,20.4,40,33.7,25.1,15.7,35.3,False
18560889000,1789117555396218000,,video_contact_only,Smooth fabric,40,0.4997473932400674,20.4,40,33.7,25.1,15.7,35.3,False
18600889000,1789117555436218000,,video_contact_only,Smooth fabric,40,0.49983719215852884,20.4,40,33.7,25.1,15.7,35.3,False
18660893000,1789117555496222000,,video_contact_only,Smooth fabric,40,0.4999359608296327,20.4,40,33.7,25.1,15.7,35.3,False
18700893000,1789117555536222000,,video_contact_only,Smooth fabric,40,0.49997701500727143,20.4,40,33.7,25.1,15.7,35.3,False
18740898000,1789117555576227000,,video_contact_only,Smooth fabric,40,0.49999757774998826,20.4,40,33.7,25.1,15.7,35.3,False
18760898000,1789117555596227000,,video_contact_only,Fold green trousers,40,0.4999999940274317,20.4,40,33.7,25.1,15.7,35.3,False
18780898000,1789117555616227000,,video_contact_only,Fold green trousers,40,0.4999967750051922,20.4,40,33.7,25.1,15.7,35.3,False
18820902000,1789117555656231000,,video_contact_only,Fold green trousers,40,0.4999727734177839,20.4,40,33.7,25.1,15.7,35.3,False
18880903000,1789117555716232000,,video_contact_only,Fold green trousers,40,0.49989366138806346,20.4,40,33.7,25.1,15.7,35.3,False
18900907000,1789117555736236000,,video_contact_only,Fold green trousers,40,0.49985599768996214,20.4,40,33.7,25.1,15.7,35.3,False
18920907000,1789117555756236000,,video_contact_only,Fold green trousers,40,0.49981278615126135,20.4,40,33.7,25.1,15.7,35.3,False
18980907000,1789117555816236000,,video_contact_only,Fold green trousers,40,0.49965034940709324,20.4,40,33.7,25.1,15.7,35.3,False
19020912000,1789117555856241000,,video_contact_only,Fold green trousers,40,0.4995152316804904,20.4,40,33.7,25.1,15.7,35.3,False
19060912000,1789117555896241000,,video_contact_only,Fold green trousers,40,0.4993591745130932,20.4,40,33.7,25.1,15.7,35.3,False
19100916000,1789117555936245000,,video_contact_only,Fold green trousers,40,0.49918256507190967,20.4,40,33.7,25.1,15.7,35.3,False
19120916000,1789117555956245000,,video_contact_only,Fold green trousers,40,0.49908670027338387,20.4,40,33.7,25.1,15.7,35.3,False
19160916000,1789117555996245000,,video_contact_only,Fold green trousers,40,0.4988800972554269,20.4,40,33.7,25.1,15.7,35.3,False
19200921000,1789117556036250000,,video_contact_only,Fold green trousers,39.6,0.49865398471509753,20.4,39.6,33.7,25.1,15.7,35.3,False
19240921000,1789117556076250000,,video_contact_only,Fold green trousers,39.6,0.4984088406165394,20.4,39.6,33.7,25.1,15.7,35.3,False
19280921000,1789117556116250000,,video_contact_only,Fold green trousers,39.6,0.4981450593071171,20.4,39.6,33.7,25.1,15.7,35.3,False
19340926000,1789117556176255000,,video_contact_only,Fold green trousers,39.6,0.497715326907039,20.4,39.6,33.7,25.1,15.7,35.3,False
19380926000,1789117556216255000,,video_contact_only,Fold green trousers,39.6,0.49740679402023197,20.4,39.6,33.7,25.1,15.7,35.3,False
19420930000,1789117556256259000,,video_contact_only,Fold green trousers,39.6,0.49708106545869013,20.4,39.6,33.7,25.1,15.7,35.3,False
19440930000,1789117556276259000,1392,video_contact_and_recorded_pose,Fold green trousers,33.7,0.4969119128923186,20.4,33.7,28.2,20.4,12.5,31,False
19480935000,1789117556316264000,1395,video_contact_and_recorded_pose,Fold green trousers,33.3,0.49656121799739333,20.4,33.3,27.8,20.4,12.5,31,False
19520935000,1789117556356264000,1397,video_contact_and_recorded_pose,Fold green trousers,32.9,0.496194457241187,20.4,32.9,27.5,20,12.2,31,False
19560935000,1789117556396264000,1400,video_contact_and_recorded_pose,Fold green trousers,32.5,0.4958120092158449,20.4,32.5,27.5,20,12.2,31,False
19600939000,1789117556436268000,1403,video_contact_and_recorded_pose,Fold green trousers,32.5,0.4954142547998333,20.4,32.5,27.5,20,12.2,31.4,False
19640940000,1789117556476269000,1405,video_contact_and_recorded_pose,Fold green trousers,33.3,0.4950016844743315,20.4,33.3,28.2,20.4,12.9,31.8,False
19680944000,1789117556516273000,1408,video_contact_and_recorded_pose,Fold green trousers,34.1,0.4945746578546048,20.4,34.1,29,21.2,12.9,31.8,False
19740944000,1789117556576273000,1412,video_contact_and_recorded_pose,Fold green trousers,34.1,0.49390805963063167,20.4,34.1,29,21.2,12.9,32.2,False
19780949000,1789117556616278000,1415,video_contact_and_recorded_pose,Fold green trousers,34.1,0.4934468027066524,20.4,34.1,29.4,21.6,13.3,32.5,False
19800949000,1789117556636278000,1417,video_contact_and_recorded_pose,Fold green trousers,34.1,0.49321132080863983,20.4,34.1,29.4,21.6,13.3,32.5,False
19840949000,1789117556676278000,1420,video_contact_and_recorded_pose,Fold green trousers,33.3,0.4927308566919563,20.4,33.3,29,21.2,12.5,32.5,False
19880953000,1789117556716282000,1423,video_contact_and_recorded_pose,Fold green trousers,32.9,0.49223802676722855,20.4,32.9,28.6,20.8,12.5,32.5,False
19920953000,1789117556756282000,1426,video_contact_and_recorded_pose,Fold green trousers,32.5,0.49173335102488025,20,32.5,28.6,20.8,12.5,32.5,False
19960953000,1789117556796282000,1428,video_contact_and_recorded_pose,Fold green trousers,32.5,0.49121720219479525,20,32.5,28.6,20.8,12.9,32.5,False
20000958000,1789117556836287000,1431,video_contact_and_recorded_pose,Fold green trousers,32.5,0.49068993510283054,20,32.2,28.2,20.4,12.5,32.5,False
20040958000,1789117556876287000,1434,video_contact_and_recorded_pose,Fold green trousers,32.2,0.49015210299235773,20,31.8,28.2,20.4,12.2,32.2,False
20080963000,1789117556916292000,1437,video_contact_and_recorded_pose,Fold green trousers,31.8,0.4896039929186651,20,31.8,27.8,20,12.2,31.8,False
20120963000,1789117556956292000,1440,video_contact_and_recorded_pose,Fold green trousers,31.8,0.4890461633352185,20,31.4,27.5,20,12.2,31.8,False
20140963000,1789117556976292000,1441,video_contact_and_recorded_pose,Fold green trousers,31.4,0.48876370996110835,20,31.4,27.5,19.6,12.2,31.4,False
20180967000,1789117557016296000,1444,video_contact_and_recorded_pose,Fold green trousers,31.4,0.48819193180678483,20,31,27.1,19.6,12.2,31.4,False
20240967000,1789117557076296000,1448,video_contact_and_recorded_pose,Fold green trousers,31.4,0.4873181053840863,20,31,27.1,19.6,12.2,31.4,False
20280972000,1789117557116301000,1451,video_contact_and_recorded_pose,Fold green trousers,31.4,0.4867252648759851,20,31,27.1,19.6,12.2,31.4,False
20320972000,1789117557156301000,1454,video_contact_and_recorded_pose,Fold green trousers,31.4,0.4861248176711281,20,30.6,26.7,19.6,12.2,31.4,False
20380976000,1789117557216305000,1458,video_contact_and_recorded_pose,Fold green trousers,31,0.4852106066653071,20,30.6,26.7,19.6,12.2,31,False
20400976000,1789117557236305000,1460,video_contact_and_recorded_pose,Fold green trousers,31,0.4849025061909637,20,30.6,26.7,19.6,12.2,31,False
20440977000,1789117557276306000,1463,video_contact_and_recorded_pose,Fold green trousers,31,0.4842815302749937,20,30.6,26.7,19.6,12.2,31,False
20480981000,1789117557316310000,1466,video_contact_and_recorded_pose,Fold green trousers,31,0.48365451217776695,20,30.6,26.7,19.6,12.2,31,False
20500981000,1789117557336310000,1467,video_contact_and_recorded_pose,Fold green trousers,31,0.48333891804151635,20,30.6,26.7,19.6,12.2,31,False
20560986000,1789117557396315000,1471,video_contact_and_recorded_pose,Fold green trousers,30.6,0.48238422256076163,19.6,30.2,26.7,19.2,11.8,30.6,False
20580986000,1789117557416315000,1473,video_contact_and_recorded_pose,Fold green trousers,30.6,0.482063581680138,19.6,30.2,26.3,19.2,11.8,30.6,False
20640990000,1789117557476319000,1477,video_contact_and_recorded_pose,Fold green trousers,30.2,0.48109502538387855,19.6,30.2,26.3,19.2,11.8,30.2,False
20700990000,1789117557536319000,1481,video_contact_and_recorded_pose,Fold green trousers,30.2,0.48011778642686126,19.6,30.2,26.3,19.2,11.8,29.8,False
20740995000,1789117557576324000,1484,video_contact_and_recorded_pose,Fold green trousers,30.2,0.47946205458772545,19.6,30.2,26.3,19.2,11.8,29.8,False
20760995000,1789117557596324000,1486,video_contact_and_recorded_pose,Fold green trousers,30.2,0.47913314047568323,19.6,30.2,26.3,19.2,11.8,29.8,False
20800995000,1789117557636324000,,video_contact_only,Fold green trousers,38,0.4784733974795823,19.6,38,32.5,23.9,14.9,33.7,False
20820995000,1789117557656324000,,video_contact_only,Fold green trousers,38,0.47814267394531784,19.6,38,32.5,23.9,14.9,33.7,False
20841000000,1789117557676329000,,video_contact_only,Fold green trousers,38,0.47781136975692734,19.6,38,32.5,23.9,14.9,33.7,False
20921000000,1789117557756329000,,video_contact_only,Fold green trousers,38,0.47648255970480113,19.6,38,32.2,23.9,14.9,33.7,False
20941004000,1789117557776333000,,video_contact_only,Fold green trousers,38,0.47614957289232235,19.6,38,32.2,23.9,14.9,33.7,False
20961004000,1789117557796333000,,video_contact_only,Fold green trousers,38,0.47581647092434537,19.6,38,32.2,23.9,14.9,33.7,False
21021004000,1789117557856333000,,video_contact_only,Fold green trousers,38,0.474816601462225,19.6,38,32.2,23.9,14.9,33.7,False
21041009000,1789117557876338000,,video_contact_only,Fold green trousers,38,0.47448321605427113,19.6,38,32.2,23.9,14.9,33.7,False
21101009000,1789117557936338000,,video_contact_only,Fold green trousers,37.6,0.47348401054278094,19.6,37.6,32.2,23.9,14.9,33.7,False
21121009000,1789117557956338000,,video_contact_only,Fold green trousers,37.6,0.4731513511947259,19.6,37.6,32.2,23.9,14.9,33.7,False
21161014000,1789117557996343000,,video_contact_only,Fold green trousers,37.6,0.4724868793237101,19.2,37.6,32.2,23.9,14.9,33.3,False
21201014000,1789117558036343000,,video_contact_only,Fold green trousers,37.6,0.47182408151255345,19.2,37.6,32.2,23.5,14.9,33.3,False
21221018000,1789117558056347000,,video_contact_only,Fold green trousers,37.6,0.4714933448124435,19.2,37.6,32.2,23.5,14.9,33.3,False
21261018000,1789117558096347000,,video_contact_only,Fold green trousers,37.6,0.4708337237621926,19.2,37.6,31.8,23.5,14.9,33.3,False
21301018000,1789117558136347000,,video_contact_only,Fold green trousers,37.6,0.47017674718140673,19.2,37.6,31.8,23.5,14.9,33.3,False
21341023000,1789117558176352000,,video_contact_only,Fold green trousers,37.6,0.46952275493962614,19.2,37.6,31.8,23.5,14.9,33.3,False
21381023000,1789117558216352000,,video_contact_only,Fold green trousers,37.3,0.4688723319575504,19.2,37.3,31.8,23.5,14.9,33.3,False
21421027000,1789117558256356000,,video_contact_only,Fold green trousers,37.3,0.4682257532532235,19.2,37.3,31.8,23.5,14.9,33.3,False
21441027000,1789117558276356000,1535,video_contact_and_recorded_pose,Fold green trousers,30.6,0.46790409380091486,19.2,30.6,26.7,19.2,11.4,29,False
21481028000,1789117558316357000,1537,video_contact_and_recorded_pose,Fold green trousers,30.2,0.46726421728038614,19.2,30.2,26.3,18.8,11.4,28.6,False
21561032000,1789117558396361000,1543,video_contact_and_recorded_pose,Fold green trousers,30.2,0.4659997418912359,19.2,30.2,27.1,20,12.5,29,False
21601032000,1789117558436361000,1546,video_contact_and_recorded_pose,Fold green trousers,30.6,0.46537603303571096,19.2,30.6,28.6,21.2,13.3,29.4,False
21621037000,1789117558456366000,1548,video_contact_and_recorded_pose,Fold green trousers,30.6,0.4650664100242968,19.2,30.6,29.4,22,13.7,29.4,False
21661037000,1789117558496366000,1550,video_contact_and_recorded_pose,Fold green trousers,32.2,0.4644521997893934,19.2,31.4,32.2,23.5,14.5,29.4,False
21701041000,1789117558536370000,1553,video_contact_and_recorded_pose,Fold green trousers,32.5,0.46384478783774796,19.2,31.8,32.5,23.9,14.9,29.8,False
21741041000,1789117558576370000,1556,video_contact_and_recorded_pose,Fold green trousers,32.5,0.46324471707389797,18.8,32.2,32.5,23.9,14.9,29.8,False
21761041000,1789117558596370000,1558,video_contact_and_recorded_pose,Fold green trousers,32.5,0.46294754341773436,18.8,32.2,32.5,23.9,14.9,29.8,False
21781041000,1789117558616370000,1559,video_contact_and_recorded_pose,Fold green trousers,32.5,0.46265234781194103,18.8,32.2,32.5,23.9,14.9,29.8,False
21841046000,1789117558676375000,1563,video_contact_and_recorded_pose,Fold green trousers,32.2,0.4617790840808706,18.8,31.8,32.2,23.5,14.5,29.8,False
21881046000,1789117558716375000,1566,video_contact_and_recorded_pose,Fold green trousers,32.2,0.461207813315761,18.8,31.8,32.2,23.5,14.9,29.8,False
21921051000,1789117558756380000,1569,video_contact_and_recorded_pose,Fold green trousers,32.5,0.46064564933171104,18.8,31.8,32.5,23.9,14.9,29.8,False
21941051000,1789117558776380000,1570,video_contact_and_recorded_pose,Fold green trousers,32.9,0.4603681756380771,18.8,31.8,32.9,24.3,15.3,29.8,False
22001055000,1789117558836384000,1575,video_contact_and_recorded_pose,Fold green trousers,33.3,0.4595506244289257,18.8,32.5,33.3,24.7,15.7,29.8,False
22021055000,1789117558856384000,1576,video_contact_and_recorded_pose,Fold green trousers,33.7,0.45928327591510565,18.8,32.9,33.7,24.7,15.7,29.8,False
22061055000,1789117558896384000,1579,video_contact_and_recorded_pose,Fold green trousers,33.3,0.4587566201450788,18.8,32.9,33.3,24.3,15.3,29.8,False
22101060000,1789117558936389000,1582,video_contact_and_recorded_pose,Fold green trousers,32.2,0.45824097347968507,18.8,32.2,30.6,22.4,13.7,29.4,False
22121060000,1789117558956389000,1583,video_contact_and_recorded_pose,Fold green trousers,31.8,0.45798746674433916,18.8,31.8,29.4,21.6,13.3,29.4,False
22161060000,1789117558996389000,1587,video_contact_and_recorded_pose,Fold green trousers,31,0.4574892846942234,18.8,31,27.5,20,12.5,29,False
22241065000,1789117559076394000,1592,video_contact_and_recorded_pose,Fold green trousers,29.4,0.4565296627868293,18.8,29.4,25.1,18.4,11.4,29,False
22261065000,1789117559096394000,1594,video_contact_and_recorded_pose,Fold green trousers,29.4,0.4562977467814011,18.8,29.4,25.1,18.4,11,28.6,False
22281069000,1789117559116398000,1595,video_contact_and_recorded_pose,Fold green trousers,29,0.45606908037085436,18.8,29,24.7,18.4,11,28.6,False
22321069000,1789117559156398000,1598,video_contact_and_recorded_pose,Fold green trousers,29,0.4556219353497639,18.8,29,24.7,18.4,11,28.6,False
22361069000,1789117559196398000,1600,video_contact_and_recorded_pose,Fold green trousers,28.6,0.4551886024136117,18.8,28.6,24.3,18.4,11,28.2,False
22401074000,1789117559236403000,1603,video_contact_and_recorded_pose,Fold green trousers,28.6,0.4547694514814088,18.8,28.6,24.3,18.4,11,28.2,False
22461074000,1789117559296403000,1607,video_contact_and_recorded_pose,Fold green trousers,28.6,0.4541684147038238,18.8,28.6,24.3,18,11,27.8,False
22481078000,1789117559316407000,1609,video_contact_and_recorded_pose,Fold green trousers,28.6,0.4539756042267689,18.8,28.6,24.3,18,11,27.8,False
22501078000,1789117559336407000,1610,video_contact_and_recorded_pose,Fold green trousers,28.6,0.4537867071321462,18.4,28.6,24.3,18,11,27.8,False
22541078000,1789117559376407000,1613,video_contact_and_recorded_pose,Fold green trousers,28.6,0.4534207469748349,18.4,28.6,24.3,18,11,27.8,False
22581083000,1789117559416412000,1616,video_contact_and_recorded_pose,Fold green trousers,28.2,0.4530708739897695,18.4,28.2,24.3,18,11.4,27.8,False
22601083000,1789117559436412000,1617,video_contact_and_recorded_pose,Fold green trousers,28.2,0.45290214028022036,18.4,28.2,24.3,18,11.4,27.8,False
22641083000,1789117559476412000,1620,video_contact_and_recorded_pose,Fold green trousers,28.2,0.4525772970560192,18.4,28.2,24.3,18,11.4,27.5,False
22681088000,1789117559516417000,1623,video_contact_and_recorded_pose,Fold green trousers,28.2,0.4522695998918468,18.4,28.2,24.3,18,11.4,27.1,False
22741088000,1789117559576417000,1627,video_contact_and_recorded_pose,Fold green trousers,28.2,0.4518412542886357,18.4,28.2,24.3,18,11.4,26.7,False
22781092000,1789117559616421000,1630,video_contact_and_recorded_pose,Fold green trousers,28.2,0.4515783736227007,18.4,28.2,24.3,18,11.4,26.7,False
22801092000,1789117559636421000,1632,video_contact_and_recorded_pose,Fold green trousers,28.2,0.45145391746110713,18.4,28.2,24.3,18,11.4,26.7,False
22841092000,1789117559676421000,1634,video_contact_and_recorded_pose,Fold green trousers,28.2,0.4512192096508417,18.4,28.2,24.3,18,11,26.7,False
22881097000,1789117559716426000,,video_contact_only,Fold green trousers,36.1,0.4510037666533275,18.4,36.1,30.6,22.7,14.1,32.2,False
22961101000,1789117559796430000,,video_contact_only,Fold green trousers,36.1,0.45063247770942166,18.4,36.1,30.6,22.7,14.1,31.8,False
22981101000,1789117559816430000,,video_contact_only,Fold green trousers,36.1,0.450552375682461,18.4,36.1,30.6,22.7,14.1,31.8,False
23021102000,1789117559856431000,,video_contact_only,Fold green trousers,36.1,0.45040779508345063,18.4,36.1,30.6,22.7,14.1,31.8,False
23061106000,1789117559896435000,,video_contact_only,Fold green trousers,36.1,0.4502843940128991,18.4,36.1,30.6,22.7,14.1,31.8,False
23081106000,1789117559916435000,,video_contact_only,Fold green trousers,36.1,0.4502307769776115,18.4,36.1,30.6,22.7,14.1,31.8,False
23101106000,1789117559936435000,,video_contact_only,Fold green trousers,36.1,0.45018261470709753,18.4,36.1,30.6,22.7,14.1,31.8,False
23161111000,1789117559996440000,,video_contact_only,Fold green trousers,36.1,0.45007137606885245,18.4,36.1,30.6,22.7,14.1,31.8,False
23181111000,1789117560016440000,,video_contact_only,Fold green trousers,36.1,0.45004556102935644,18.4,36.1,30.6,22.7,14.1,31.8,False
23241111000,1789117560076440000,,video_contact_only,Fold green trousers,36.1,0.4500026355250248,18.4,36.1,30.6,22.7,14.1,31.8,False
23261115000,1789117560096444000,,video_contact_only,Press fold,36.1,0.44999927392097644,18.4,36.1,30.6,22.7,14.1,31.8,False
23281115000,1789117560116444000,,video_contact_only,Press fold,36.1,0.4497418999797331,18.4,36.1,30.6,22.7,14.1,31.8,False
23341116000,1789117560176445000,,video_contact_only,Press fold,35.7,0.44629210764191,18.4,35.7,30.2,22.4,14.1,31.8,False
23381120000,1789117560216449000,,video_contact_only,Press fold,35.3,0.44188344056999596,18,35.3,29.8,22.4,13.7,31.4,False
23421120000,1789117560256449000,,video_contact_only,Press fold,34.9,0.4359033144000005,18,34.9,29.4,22,13.7,31,False
23441125000,1789117560276454000,,video_contact_only,Press fold,34.5,0.43235364072087556,17.6,34.5,29.4,21.6,13.7,30.6,False
23521125000,1789117560356454000,,video_contact_only,Press fold,32.9,0.41472085253171453,16.9,32.9,28.2,20.8,12.9,29.4,False
23541129000,1789117560376458000,,video_contact_only,Press fold,32.5,0.40951372614915926,16.9,32.5,27.8,20.4,12.9,29,False
23561129000,1789117560396458000,,video_contact_only,Press fold,32.2,0.4040130725800047,16.5,32.2,27.5,20.4,12.5,28.6,False
23601129000,1789117560436458000,,video_contact_only,Press fold,31.4,0.39217735647628515,16.1,31.4,26.7,19.6,12.2,27.8,False
23641134000,1789117560476463000,,video_contact_only,Press fold,30.2,0.37930943552768015,15.7,30.2,25.9,19.2,11.8,27.1,False
23661134000,1789117560496463000,,video_contact_only,Press fold,29.8,0.37252055492874775,15.3,29.8,25.1,18.8,11.8,26.3,False
23701134000,1789117560536463000,,video_contact_only,Press fold,28.6,0.3582929143297313,14.9,28.6,24.3,18,11.4,25.5,False
23741138000,1789117560576467000,,video_contact_only,Press fold,27.5,0.3432792397400777,14.1,27.5,23.1,17.3,11,24.3,False
23761139000,1789117560596468000,,video_contact_only,Press fold,26.7,0.33550931247110993,13.7,26.7,22.7,16.9,10.6,23.9,False
23781139000,1789117560616468000,,video_contact_only,Press fold,26.3,0.32758055242936923,13.3,26.3,22.4,16.5,10.2,23.1,False
23841143000,1789117560676472000,,video_contact_only,Press fold,24.3,0.3029603055433936,12.5,24.3,20.4,15.3,9.4,21.6,False
23881143000,1789117560716472000,,video_contact_only,Press fold,22.7,0.2859773266950305,11.8,22.7,19.2,14.5,9,20.4,False
23941148000,1789117560776477000,,video_contact_only,Press fold,20.8,0.25989086680547435,10.6,20.8,17.6,12.9,8.2,18.4,False
23961148000,1789117560796477000,,video_contact_only,Press fold,20,0.25108269514199244,10.2,20,16.9,12.5,7.8,17.6,False
24021152000,1789117560856481000,,video_contact_only,Press fold,18,0.2244884214444361,9,18,15.3,11.4,7.1,16.1,False
24061152000,1789117560896481000,,video_contact_only,Press fold,16.5,0.20674312328668756,8.6,16.5,14.1,10.2,6.7,14.5,False
24081153000,1789117560916482000,,video_contact_only,Press fold,15.7,0.19790184923087678,8.2,15.7,13.3,9.8,6.3,14.1,False
24101153000,1789117560936482000,,video_contact_only,Press fold,14.9,0.18909863119278547,7.8,14.9,12.9,9.4,5.9,13.3,False
24161157000,1789117560996486000,,video_contact_only,Press fold,12.9,0.1630359550417506,6.7,12.9,11,8.2,5.1,11.4,False
24201157000,1789117561036486000,,video_contact_only,Press fold,11.8,0.14607561167847255,5.9,11.8,9.8,7.5,4.7,10.2,False
24221162000,1789117561056491000,,video_contact_only,Press fold,11,0.13775436023377347,5.5,11,9.4,7.1,4.3,9.8,False
24241162000,1789117561076491000,,video_contact_only,Press fold,10.2,0.12955893129038493,5.5,10.2,8.6,6.7,3.9,9,False
24301162000,1789117561136491000,,video_contact_only,Press fold,8.6,0.10583802762467337,4.3,8.6,7.1,5.5,3.1,7.5,False
24341166000,1789117561176495000,1741,video_contact_and_recorded_pose,Press fold,5.5,0.0908667989374995,3.9,5.5,4.7,3.5,2.4,5.5,False
24381166000,1789117561216495000,1744,video_contact_and_recorded_pose,Press fold,4.7,0.07668725890343409,3.1,4.7,3.9,3.1,2,4.7,False
24421171000,1789117561256500000,1747,video_contact_and_recorded_pose,Press fold,3.9,0.06339468344096005,2.7,3.9,3.5,2.4,1.6,3.9,False
24461171000,1789117561296500000,1750,video_contact_and_recorded_pose,Press fold,3.1,0.05109081637705126,2,3.1,2.7,2,1.2,3.1,False
24481171000,1789117561316500000,1752,video_contact_and_recorded_pose,Press fold,2.7,0.045339757277867765,2,2.7,2.4,2,1.2,2.7,False
24521176000,1789117561356505000,1754,video_contact_and_recorded_pose,Press fold,2.4,0.03469963988957897,1.6,2.4,2,1.6,0.8,2,False
24561176000,1789117561396505000,1757,video_contact_and_recorded_pose,Press fold,1.6,0.02529395418051067,1.2,1.6,1.2,1.2,0.8,1.6,False
24581176000,1789117561416505000,1759,video_contact_and_recorded_pose,Press fold,1.2,0.02108425054087676,0.8,1.2,1.2,0.8,0.4,1.2,False
24601180000,1789117561436509000,1760,video_contact_and_recorded_pose,Press fold,1.2,0.017218970620583474,0.8,1.2,0.8,0.8,0.4,1.2,False
24661180000,1789117561496509000,1764,video_contact_and_recorded_pose,Press fold,0.4,0.007819550370045447,0.4,0.4,0.4,0.4,0,0.4,False
24701185000,1789117561536514000,1767,video_contact_and_recorded_pose,Press fold,0.4,0.003504177123210217,0,0.4,0,0,0,0.4,False
24741185000,1789117561576514000,1770,video_contact_and_recorded_pose,Press fold,0,0.0008653436950442628,0,0,0,0,0,0,False
24761185000,1789117561596514000,1772,video_contact_and_recorded_pose,Press fold,0,0.0002051428036942693,0,0,0,0,0,0,False
24801189000,1789117561636518000,1775,video_contact_and_recorded_pose,Release garment,0,0,0,0,0,0,0,0,False
24821189000,1789117561656518000,1776,video_contact_and_recorded_pose,Release garment,0,0,0,0,0,0,0,0,False
24881190000,1789117561716519000,1780,video_contact_and_recorded_pose,Release garment,0,0,0,0,0,0,0,0,False
24921194000,1789117561756523000,1783,video_contact_and_recorded_pose,Release garment,0,0,0,0,0,0,0,0,False
24941194000,1789117561776523000,1784,video_contact_and_recorded_pose,Release garment,0,0,0,0,0,0,0,0,False
24961194000,1789117561796523000,1785,video_contact_and_recorded_pose,Release garment,0,0,0,0,0,0,0,0,False
25001199000,1789117561836528000,1788,video_contact_and_recorded_pose,Release garment,0,0,0,0,0,0,0,0,False
25061199000,1789117561896528000,1792,video_contact_and_recorded_pose,Release garment,0,0,0,0,0,0,0,0,False
25101203000,1789117561936532000,1795,video_contact_and_recorded_pose,Release garment,0,0,0,0,0,0,0,0,False
25121203000,1789117561956532000,1797,video_contact_and_recorded_pose,Release garment,0,0,0,0,0,0,0,0,False
25161203000,1789117561996532000,1800,video_contact_and_recorded_pose,Release garment,0,0,0,0,0,0,0,0,False
25201208000,1789117562036537000,1802,video_contact_and_recorded_pose,Release garment,0,0,0,0,0,0,0,0,False
25241208000,1789117562076537000,1805,video_contact_and_recorded_pose,Release garment,0,0,0,0,0,0,0,0,False
25281213000,1789117562116542000,1808,video_contact_and_recorded_pose,Release garment,0,0,0,0,0,0,0,0,False
25321213000,1789117562156542000,1811,video_contact_and_recorded_pose,Release garment,0,0,0,0,0,0,0,0,False
25381217000,1789117562216546000,1815,video_contact_and_recorded_pose,Release garment,0,0,0,0,0,0,0,0,False
25421217000,1789117562256546000,1818,video_contact_and_recorded_pose,Release garment,0,0,0,0,0,0,0,0,False
25461217000,1789117562296546000,1821,video_contact_and_recorded_pose,Release garment,0,0,0,0,0,0,0,0,False
25481222000,1789117562316551000,1823,video_contact_and_recorded_pose,Release garment,0,0,0,0,0,0,0,0,False
25501222000,1789117562336551000,1824,video_contact_and_recorded_pose,Release garment,0,0,0,0,0,0,0,0,False
25561222000,1789117562396551000,1828,video_contact_and_recorded_pose,Release garment,0,0,0,0,0,0,0,0,False
25581226000,1789117562416555000,1830,video_contact_and_recorded_pose,Release garment,0,0,0,0,0,0,0,0,False
25601226000,1789117562436555000,1831,video_contact_and_recorded_pose,Release garment,0,0,0,0,0,0,0,0,False
25641227000,1789117562476556000,1834,video_contact_and_recorded_pose,Release garment,0,0,0,0,0,0,0,0,False
25681231000,1789117562516560000,1837,video_contact_and_recorded_pose,Release garment,0,0,0,0,0,0,0,0,False
25741231000,1789117562576560000,1841,video_contact_and_recorded_pose,Release garment,0,0,0,0,0,0,0,0,False
25781236000,1789117562616565000,1844,video_contact_and_recorded_pose,Release garment,0,0,0,0,0,0,0,0,False
25801236000,1789117562636565000,1846,video_contact_and_recorded_pose,Release garment,0,0,0,0,0,0,0,0,False
25841236000,1789117562676565000,1849,video_contact_and_recorded_pose,Release garment,0,0,0,0,0,0,0,0,False
25881240000,1789117562716569000,1851,video_contact_and_recorded_pose,Release garment,0,0,0,0,0,0,0,0,False
25921240000,1789117562756569000,1854,video_contact_and_recorded_pose,Release garment,0,0,0,0,0,0,0,0,False
25961245000,1789117562796574000,1857,video_contact_and_recorded_pose,Release garment,0,0,0,0,0,0,0,0,False
26021245000,1789117562856574000,1862,video_contact_and_recorded_pose,Release garment,0,0,0,0,0,0,0,0,False
26061250000,1789117562896579000,1864,video_contact_and_recorded_pose,Release garment,0,0,0,0,0,0,0,0,False
26101250000,1789117562936579000,1867,video_contact_and_recorded_pose,Release garment,0,0,0,0,0,0,0,0,False
26141250000,1789117562976579000,1870,video_contact_and_recorded_pose,Release garment,0,0,0,0,0,0,0,0,False
26161254000,1789117562996583000,1872,video_contact_and_recorded_pose,Release garment,0,0,0,0,0,0,0,0,False
26201254000,1789117563036583000,1874,video_contact_and_recorded_pose,Release garment,0,0,0,0,0,0,0,0,False
26241259000,1789117563076588000,1877,video_contact_and_recorded_pose,Release garment,0,0,0,0,0,0,0,0,False
26261259000,1789117563096588000,1879,video_contact_and_recorded_pose,Release garment,0,0,0,0,0,0,0,0,False
26301259000,1789117563136588000,1882,video_contact_and_recorded_pose,Release garment,0,0,0,0,0,0,0,0,False
26341263000,1789117563176592000,1885,video_contact_and_recorded_pose,Release garment,0,0,0,0,0,0,0,0,False
26381264000,1789117563216593000,1887,video_contact_and_recorded_pose,Release garment,0,0,0,0,0,0,0,0,False
26421264000,1789117563256593000,1890,video_contact_and_recorded_pose,Release garment,0,0,0,0,0,0,0,0,False
26461268000,1789117563296597000,1893,video_contact_and_recorded_pose,Release garment,0,0,0,0,0,0,0,0,False
26481268000,1789117563316597000,1895,video_contact_and_recorded_pose,Release garment,0,0,0,0,0,0,0,0,False
26521268000,1789117563356597000,1898,video_contact_and_recorded_pose,Release garment,0,0,0,0,0,0,0,0,False
26601273000,1789117563436602000,1903,video_contact_and_recorded_pose,Release garment,0,0,0,0,0,0,0,0,False
26621273000,1789117563456602000,1905,video_contact_and_recorded_pose,Release garment,0,0,0,0,0,0,0,0,False
26641277000,1789117563476606000,1906,video_contact_and_recorded_pose,Release garment,0,0,0,0,0,0,0,0,False
26701278000,1789117563536607000,1910,video_contact_and_recorded_pose,Release garment,0,0,0,0,0,0,0,0,False
26741282000,1789117563576611000,1913,video_contact_and_recorded_pose,Release garment,0,0,0,0,0,0,0,0,False
26781282000,1789117563616611000,1916,video_contact_and_recorded_pose,Release garment,0,0,0,0,0,0,0,0,False
26821287000,1789117563656616000,1919,video_contact_and_recorded_pose,Release garment,0,0,0,0,0,0,0,0,False
26841287000,1789117563676616000,1921,video_contact_and_recorded_pose,Release garment,0,0,0,0,0,0,0,0,False
26881287000,1789117563716616000,1923,video_contact_and_recorded_pose,Release garment,0,0,0,0,0,0,0,0,False
26921291000,1789117563756620000,1926,video_contact_and_recorded_pose,Release garment,0,0,0,0,0,0,0,0,False
26941291000,1789117563776620000,1928,video_contact_and_recorded_pose,Release garment,0,0,0,0,0,0,0,0,False
26961291000,1789117563796620000,1929,video_contact_and_recorded_pose,Release garment,0,0,0,0,0,0,0,0,False
27001291000,1789117563836620000,1932,video_contact_and_recorded_pose,Reach for patterned trousers,0,3.0263733287855267e-06,0,0,0,0,0,0,False
27041296000,1789117563876625000,1935,video_contact_and_recorded_pose,Reach for patterned trousers,0.4,0.002987816650742419,0,0.4,0.4,0,0,0,False
27101296000,1789117563936625000,1939,video_contact_and_recorded_pose,Reach for patterned trousers,1.2,0.01699548879770313,0.8,1.2,1.2,0.8,0.4,1.2,False
27141301000,1789117563976630000,1942,video_contact_and_recorded_pose,Reach for patterned trousers,2.4,0.03179672193799195,1.2,2,2.4,1.6,1.2,2,False
27181301000,1789117564016630000,1945,video_contact_and_recorded_pose,Reach for patterned trousers,3.5,0.050250447839901194,2,3.5,3.5,2.4,1.6,3.1,False
27201301000,1789117564036630000,1947,video_contact_and_recorded_pose,Reach for patterned trousers,3.9,0.06065623966168168,2.4,3.9,3.9,3.1,2,3.9,False
27241305000,1789117564076634000,1949,video_contact_and_recorded_pose,Reach for patterned trousers,5.9,0.08344536724931813,3.5,5.5,5.9,4.3,2.7,5.5,False
27281305000,1789117564116634000,1952,video_contact_and_recorded_pose,Reach for patterned trousers,7.8,0.10835553488012195,4.3,7.5,7.8,5.9,3.5,7.1,False
27321310000,1789117564156639000,1955,video_contact_and_recorded_pose,Reach for patterned trousers,9.8,0.13477993205764374,5.5,9.4,9.8,7.1,4.3,8.6,False
27361310000,1789117564196639000,1958,video_contact_and_recorded_pose,Reach for patterned trousers,11.8,0.16209955556234498,6.7,11,11.8,8.6,5.1,10.2,False
27401314000,1789117564236643000,1961,video_contact_and_recorded_pose,Reach for patterned trousers,14.1,0.1897080466696232,7.8,13.3,14.1,10.2,6.3,11.8,False
27461315000,1789117564296644000,1965,video_contact_and_recorded_pose,Reach for patterned trousers,17.3,0.23031417411987862,9.4,16.1,17.3,12.5,8.2,14.5,False
27481315000,1789117564316644000,1967,video_contact_and_recorded_pose,Reach for patterned trousers,18.4,0.24332897668892536,9.8,16.9,18.4,13.3,8.6,15.3,False
27501319000,1789117564336648000,1968,video_contact_and_recorded_pose,Reach for patterned trousers,19.2,0.2559585193129147,10.6,17.6,19.2,14.1,9,16.1,False
27541319000,1789117564376648000,1971,video_contact_and_recorded_pose,Reach for patterned trousers,21.2,0.27974303368289544,11.4,19.2,21.2,15.3,9.8,17.3,False
27581319000,1789117564416648000,1974,video_contact_and_recorded_pose,Reach for patterned trousers,23.1,0.3010580196959709,12.5,20.4,23.1,16.5,10.6,18.4,False
27641324000,1789117564476653000,1978,video_contact_and_recorded_pose,Reach for patterned trousers,23.9,0.3270624725963282,13.3,22,23.9,17.3,11,20,False
27681324000,1789117564516653000,1981,video_contact_and_recorded_pose,Reach for patterned trousers,24.7,0.3395241374482014,14.1,23.1,24.7,18,11.4,20.4,False
27721328000,1789117564556657000,1984,video_contact_and_recorded_pose,Reach for patterned trousers,25.5,0.3473735616562095,14.1,23.9,25.5,18.4,11.8,21.2,False
27761328000,1789117564596657000,1987,video_contact_and_recorded_pose,Grasp patterned trousers,25.9,0.35000022886384907,14.5,24.3,25.9,18.8,12.2,21.6,False
27801333000,1789117564636662000,1990,video_contact_and_recorded_pose,Grasp patterned trousers,25.9,0.35021781239245686,14.5,24.3,25.9,19.2,12.2,22,False
27841333000,1789117564676662000,1993,video_contact_and_recorded_pose,Grasp patterned trousers,26.3,0.35082830879620786,14.5,24.3,26.3,19.2,12.2,22.4,False
27881338000,1789117564716667000,1996,video_contact_and_recorded_pose,Grasp patterned trousers,26.3,0.35180999569869037,14.5,24.3,26.3,19.2,12.2,22.7,False
27921338000,1789117564756667000,1998,video_contact_and_recorded_pose,Grasp patterned trousers,26.3,0.35314075635364184,14.5,24.3,26.3,19.2,12.2,22.7,False
27961338000,1789117564796667000,2001,video_contact_and_recorded_pose,Grasp patterned trousers,26.7,0.35479882164483784,14.5,24.7,26.7,19.2,12.2,22.7,False
28001342000,1789117564836671000,2004,video_contact_and_recorded_pose,Grasp patterned trousers,26.7,0.3567625333894647,14.5,24.7,26.7,19.6,12.2,22.7,False
28041342000,1789117564876671000,2007,video_contact_and_recorded_pose,Grasp patterned trousers,26.3,0.35900962798485936,14.9,24.7,26.3,19.2,12.2,23.1,False
28101347000,1789117564936676000,2011,video_contact_and_recorded_pose,Grasp patterned trousers,25.9,0.3628644580177122,14.9,24.3,25.9,18.8,11.4,25.1,False
28121347000,1789117564956676000,2013,video_contact_and_recorded_pose,Grasp patterned trousers,25.5,0.3642673914090286,14.9,24.3,24.7,18.8,11.4,25.5,False
28161347000,1789117564996676000,2016,video_contact_and_recorded_pose,Grasp patterned trousers,25.9,0.3672339903045786,14.9,24.3,25.5,19.2,11.4,25.9,False
28181351000,1789117565016680000,2017,video_contact_and_recorded_pose,Grasp patterned trousers,26.3,0.3687925048999928,15.3,24.3,26.3,19.2,11.4,25.9,False
28241352000,1789117565076681000,2021,video_contact_and_recorded_pose,Grasp patterned trousers,26.7,0.37373400186844097,15.3,24.7,26.7,19.6,11.8,26.7,False
28261352000,1789117565096681000,2022,video_contact_and_recorded_pose,Grasp patterned trousers,26.7,0.3754609581898435,15.3,25.1,26.7,19.6,11.8,26.7,False
28321356000,1789117565156685000,2027,video_contact_and_recorded_pose,Grasp patterned trousers,27.1,0.3808433751246238,15.7,25.9,27.1,19.6,11.4,27.1,False
28341356000,1789117565176685000,2029,video_contact_and_recorded_pose,Grasp patterned trousers,27.1,0.3826953446215803,15.7,26.3,27.1,19.2,11.4,27.1,False
28381361000,1789117565216690000,2031,video_contact_and_recorded_pose,Grasp patterned trousers,27.1,0.3864702790957709,15.7,27.1,26.7,20,12.5,27.1,False
28421361000,1789117565256690000,2034,video_contact_and_recorded_pose,Grasp patterned trousers,27.5,0.3903205450853401,16.1,27.5,26.7,20.8,12.9,27.1,False
28461365000,1789117565296694000,2037,video_contact_and_recorded_pose,Grasp patterned trousers,27.8,0.3942251320594518,16.1,27.8,26.3,21.2,13.3,27.1,False
28481365000,1789117565316694000,2039,video_contact_and_recorded_pose,Grasp patterned trousers,28.2,0.39619061981997283,16.1,28.2,26.3,21.2,13.3,26.7,False
28521365000,1789117565356694000,2042,video_contact_and_recorded_pose,Grasp patterned trousers,28.6,0.4001347038025253,16.5,28.6,26.7,21.6,13.3,27.1,False
28561370000,1789117565396699000,2044,video_contact_and_recorded_pose,Grasp patterned trousers,28.6,0.40407853346200273,16.5,28.6,26.7,22,13.7,27.1,False
28621370000,1789117565456699000,2049,video_contact_and_recorded_pose,Grasp patterned trousers,29,0.40994429481102856,16.9,29,26.7,22.4,14.1,27.1,False
28641370000,1789117565476699000,2050,video_contact_and_recorded_pose,Grasp patterned trousers,29.4,0.4118754825858727,16.9,29.4,26.7,22.7,14.1,27.1,False
28661375000,1789117565496704000,2052,video_contact_and_recorded_pose,Grasp patterned trousers,29.4,0.4137905576465392,16.9,29.4,27.1,22.7,14.5,27.1,False
28701375000,1789117565536704000,2054,video_contact_and_recorded_pose,Grasp patterned trousers,29.8,0.41755904232024565,17.3,29.8,27.1,22.7,14.5,27.1,False
28781379000,1789117565616708000,2060,video_contact_and_recorded_pose,Grasp patterned trousers,30.2,0.4247770028485417,17.3,30.2,27.5,23.5,14.9,27.5,False
28801379000,1789117565636708000,2061,video_contact_and_recorded_pose,Grasp patterned trousers,30.6,0.4264989196675443,17.6,30.6,27.8,23.5,14.9,27.5,False
28821379000,1789117565656708000,2063,video_contact_and_recorded_pose,Grasp patterned trousers,30.6,0.42818237711746976,17.6,30.6,27.8,23.5,14.9,27.5,False
28881384000,1789117565716713000,,video_contact_only,Grasp patterned trousers,34.5,0.4329750387638805,17.6,34.5,29.4,21.6,13.7,30.6,False
28921384000,1789117565756713000,,video_contact_only,Grasp patterned trousers,34.9,0.43592745241207986,18,34.9,29.4,22,13.7,31,False
28941388000,1789117565776717000,,video_contact_only,Grasp patterned trousers,34.9,0.4373230066495956,18,34.9,29.8,22,13.7,31,False
28961388000,1789117565796717000,,video_contact_only,Grasp patterned trousers,34.9,0.4386606802130341,18,34.9,29.8,22,13.7,31,False
29001389000,1789117565836718000,,video_contact_only,Grasp patterned trousers,35.3,0.4411523637680609,18,35.3,29.8,22.4,13.7,31.4,False
29041393000,1789117565876722000,,video_contact_only,Grasp patterned trousers,35.3,0.4433810025489157,18,35.3,30.2,22.4,14.1,31.4,False
29081393000,1789117565916722000,,video_contact_only,Grasp patterned trousers,35.7,0.44532434537096743,18.4,35.7,30.2,22.4,14.1,31.8,False
29121393000,1789117565956722000,,video_contact_only,Grasp patterned trousers,35.7,0.44696075952265923,18.4,35.7,30.2,22.4,14.1,31.8,False
29161398000,1789117565996727000,,video_contact_only,Grasp patterned trousers,35.7,0.44826851791510597,18.4,35.7,30.6,22.4,14.1,31.8,False
29181398000,1789117566016727000,,video_contact_only,Grasp patterned trousers,35.7,0.44879217061683463,18.4,35.7,30.6,22.7,14.1,31.8,False
29241402000,1789117566076731000,,video_contact_only,Grasp patterned trousers,36.1,0.4498098271169485,18.4,36.1,30.6,22.7,14.1,31.8,False
29281402000,1789117566116731000,,video_contact_only,Lift and align,36.1,0.4499999892638829,18.4,36.1,30.6,22.7,14.1,31.8,False
29341407000,1789117566176736000,,video_contact_only,Lift and align,36.1,0.4499795610700097,18.4,36.1,30.6,22.7,14.1,31.8,False
29381407000,1789117566216736000,,video_contact_only,Lift and align,36.1,0.4499445470086057,18.4,36.1,30.6,22.7,14.1,31.8,False
29421407000,1789117566256736000,,video_contact_only,Lift and align,36.1,0.4498927280691963,18.4,36.1,30.6,22.7,14.1,31.8,False
29461412000,1789117566296741000,,video_contact_only,Lift and align,36.1,0.449824361577646,18.4,36.1,30.6,22.7,14.1,31.8,False
29481412000,1789117566316741000,,video_contact_only,Lift and align,36.1,0.4497840637624835,18.4,36.1,30.6,22.7,14.1,31.8,False
29501412000,1789117566336741000,,video_contact_only,Lift and align,36.1,0.4497397315443542,18.4,36.1,30.6,22.7,14.1,31.8,False
29561416000,1789117566396745000,,video_contact_only,Lift and align,35.7,0.44958285045021673,18.4,35.7,30.6,22.7,14.1,31.8,False
29601416000,1789117566436745000,,video_contact_only,Lift and align,35.7,0.44945870888119127,18.4,35.7,30.6,22.7,14.1,31.8,False
29621421000,1789117566456750000,,video_contact_only,Lift and align,35.7,0.44939085263984874,18.4,35.7,30.6,22.7,14.1,31.8,False
29641421000,1789117566476750000,,video_contact_only,Lift and align,35.7,0.4493192120239568,18.4,35.7,30.6,22.7,14.1,31.8,False
29701421000,1789117566536750000,,video_contact_only,Lift and align,35.7,0.44908181865377583,18.4,35.7,30.6,22.7,14.1,31.8,False
29741426000,1789117566576755000,2129,video_contact_and_recorded_pose,Lift and align,32.2,0.44890514076691573,18.4,32.2,31,22,13.3,30.6,False
29761426000,1789117566596755000,2131,video_contact_and_recorded_pose,Lift and align,31.4,0.44881139471054543,18.4,31.4,31,22.4,13.7,30.6,False
29801426000,1789117566636755000,2134,video_contact_and_recorded_pose,Lift and align,31,0.4486132340094336,18.4,31,31,22.7,14.1,30.2,False
29821430000,1789117566656759000,2135,video_contact_and_recorded_pose,Lift and align,31,0.4485088648704808,18.4,31,31,22.7,14.5,30.2,False
29861430000,1789117566696759000,2137,video_contact_and_recorded_pose,Lift and align,31,0.44828979932038465,18.4,30.6,31,22.7,14.1,30.2,False
29921435000,1789117566756764000,2142,video_contact_and_recorded_pose,Lift and align,30.6,0.4479357498839839,18.4,30.2,30.6,23.5,14.5,30.6,False
29941435000,1789117566776764000,2143,video_contact_and_recorded_pose,Lift and align,30.6,0.4478110975189005,18.4,30.2,30.6,23.5,14.5,30.2,False
29981435000,1789117566816764000,2146,video_contact_and_recorded_pose,Lift and align,30.6,0.4475520250096492,18.4,30.2,30.6,23.9,14.9,30.2,False
30001439000,1789117566836768000,2147,video_contact_and_recorded_pose,Lift and align,30.6,0.4474176444002031,18.4,29.8,30.6,23.9,14.5,30.2,False
30041439000,1789117566876768000,2150,video_contact_and_recorded_pose,Lift and align,30.6,0.44713946878064864,18.4,29.8,30.6,23.9,14.5,29.8,False
30101444000,1789117566936773000,2154,video_contact_and_recorded_pose,Lift and align,29.8,0.4466989991747975,18.4,29.8,27.5,20.4,12.9,28.2,False
30121444000,1789117566956773000,2156,video_contact_and_recorded_pose,Lift and align,31.4,0.4465461430639823,18.4,29.8,31.4,23.1,14.5,27.8,False
30181444000,1789117567016773000,2160,video_contact_and_recorded_pose,Lift and align,32.9,0.44606990751521874,18.4,29.8,32.9,24.7,15.3,27.1,False
30221449000,1789117567056778000,2163,video_contact_and_recorded_pose,Lift and align,32.5,0.44573798589493074,18.4,29.4,32.5,24.3,14.9,26.7,False
30241449000,1789117567076778000,2165,video_contact_and_recorded_pose,Lift and align,32.5,0.44556782885000357,18.4,29.4,32.5,24.3,14.9,26.7,False
30261449000,1789117567096778000,2166,video_contact_and_recorded_pose,Lift and align,32.5,0.4453949052061042,18.4,29.8,32.5,23.9,14.5,26.7,False
30301453000,1789117567136782000,2169,video_contact_and_recorded_pose,Lift and align,32.2,0.445040855628776,18.4,29.8,32.2,23.5,14.1,26.3,False
30341453000,1789117567176782000,2171,video_contact_and_recorded_pose,Lift and align,32.2,0.44467617488113353,18.4,29.4,32.2,23.5,14.5,26.3,False
30401458000,1789117567236787000,2175,video_contact_and_recorded_pose,Lift and align,32.2,0.4441096906299899,18,29.4,32.2,23.5,14.5,25.9,False
30441458000,1789117567276787000,2178,video_contact_and_recorded_pose,Lift and align,32.5,0.4437195112327061,18,29.4,32.5,23.9,14.9,25.9,False
30481458000,1789117567316787000,2181,video_contact_and_recorded_pose,Lift and align,32.5,0.44331959996513765,18,29.4,32.5,23.9,14.9,25.9,False
30501463000,1789117567336792000,2182,video_contact_and_recorded_pose,Lift and align,32.5,0.44311602711060016,18,29.4,32.5,23.9,14.9,25.9,False
30541463000,1789117567376792000,2185,video_contact_and_recorded_pose,Lift and align,32.5,0.4427020173124288,18,29.4,32.5,23.9,14.5,25.9,False
30581467000,1789117567416796000,2187,video_contact_and_recorded_pose,Lift and align,32.9,0.44227890015829313,18,29,32.9,24.3,15.7,26.3,False
30641467000,1789117567476796000,2191,video_contact_and_recorded_pose,Lift and align,33.7,0.4416278749610925,18,29,33.7,24.7,15.7,26.3,False
30681472000,1789117567516801000,2194,video_contact_and_recorded_pose,Lift and align,33.7,0.4411832497944646,18,29,33.7,24.7,15.7,26.7,False
30701472000,1789117567536801000,2196,video_contact_and_recorded_pose,Lift and align,33.7,0.4409578991494667,18,29,33.7,24.7,15.7,26.7,False
30741472000,1789117567576801000,2199,video_contact_and_recorded_pose,Lift and align,33.7,0.44050123349237,18,28.6,33.7,24.7,15.7,26.7,False
30781476000,1789117567616805000,2201,video_contact_and_recorded_pose,Lift and align,33.7,0.44003679093951287,18,28.6,33.7,25.1,15.7,26.3,False
30821476000,1789117567656805000,2204,video_contact_and_recorded_pose,Lift and align,33.7,0.4395649312854699,18,28.6,33.7,24.7,15.7,26.3,False
30841477000,1789117567676806000,2206,video_contact_and_recorded_pose,Lift and align,33.7,0.439326274201339,18,29,33.7,24.7,15.7,26.3,False
30881481000,1789117567716810000,2209,video_contact_and_recorded_pose,Lift and align,33.7,0.4388436714608387,18,29,33.7,24.7,15.7,26.3,False
30921481000,1789117567756810000,2211,video_contact_and_recorded_pose,Lift and align,33.7,0.43835432073449143,18,29,33.7,24.7,15.7,26.3,False
30961481000,1789117567796810000,2214,video_contact_and_recorded_pose,Lift and align,33.7,0.4378584410086508,18,29.4,33.7,24.7,15.7,26.3,False
31001486000,1789117567836815000,2217,video_contact_and_recorded_pose,Lift and align,33.3,0.43735623602839047,18,29.4,33.3,24.7,15.7,26.7,False
31061486000,1789117567896815000,2222,video_contact_and_recorded_pose,Lift and align,33.3,0.43659186457269994,18,29.4,33.3,24.7,15.7,26.7,False
31101490000,1789117567936819000,,video_contact_only,Lift and align,34.9,0.436075182515318,18,34.9,29.4,22,13.7,31,False
31141491000,1789117567976820000,,video_contact_only,Lift and align,34.9,0.4355532108118969,18,34.9,29.4,22,13.7,31,False
31161495000,1789117567996824000,,video_contact_only,Lift and align,34.9,0.43529026418524785,18,34.9,29.4,22,13.7,31,False
31201495000,1789117568036824000,,video_contact_only,Lift and align,34.5,0.43476081353981894,18,34.5,29.4,22,13.7,31,False
31241495000,1789117568076824000,,video_contact_only,Lift and align,34.5,0.43422670224008386,17.6,34.5,29.4,22,13.7,30.6,False
31261500000,1789117568096829000,,video_contact_only,Lift and align,34.5,0.43395791493439256,17.6,34.5,29.4,22,13.7,30.6,False
31301500000,1789117568136829000,,video_contact_only,Lift and align,34.5,0.4334173125619241,17.6,34.5,29.4,22,13.7,30.6,False
31321500000,1789117568156829000,,video_contact_only,Lift and align,34.5,0.43314549717430745,17.6,34.5,29.4,22,13.7,30.6,False
31381504000,1789117568216833000,,video_contact_only,Lift and align,34.5,0.43232433953592264,17.6,34.5,29.4,21.6,13.7,30.6,False
31421504000,1789117568256833000,,video_contact_only,Lift and align,34.5,0.4317725573456679,17.6,34.5,29.4,21.6,13.7,30.6,False
31461509000,1789117568296838000,,video_contact_only,Lift and align,34.5,0.43121751291296234,17.6,34.5,29.4,21.6,13.7,30.6,False
31521509000,1789117568356838000,,video_contact_only,Lift and align,34.5,0.430379647642964,17.6,34.5,29,21.6,13.3,30.6,False
31561513000,1789117568396842000,,video_contact_only,Lift and align,34.1,0.42981780212724874,17.6,34.1,29,21.6,13.3,30.6,False
31581513000,1789117568416842000,,video_contact_only,Lift and align,34.1,0.4295360437810495,17.6,34.1,29,21.6,13.3,30.6,False
31601514000,1789117568436843000,,video_contact_only,Lift and align,34.1,0.4292537400452303,17.6,34.1,29,21.6,13.3,30.6,False
31641518000,1789117568476847000,,video_contact_only,Lift and align,34.1,0.4286876437462143,17.6,34.1,29,21.6,13.3,30.2,False
31701518000,1789117568536847000,,video_contact_only,Lift and align,34.1,0.42783543369637256,17.6,34.1,29,21.6,13.3,30.2,False
31721518000,1789117568556847000,,video_contact_only,Lift and align,34.1,0.42755065702909373,17.6,34.1,29,21.6,13.3,30.2,False
31741523000,1789117568576852000,,video_contact_only,Lift and align,34.1,0.4272655113361728,17.6,34.1,29,21.6,13.3,30.2,False
31781523000,1789117568616852000,,video_contact_only,Lift and align,34.1,0.4266946027196674,17.6,34.1,29,21.6,13.3,30.2,False
31841527000,1789117568676856000,2277,video_contact_and_recorded_pose,Lift and align,31.8,0.42583678375553513,17.6,31.8,29.8,21.6,12.9,28.2,False
31881527000,1789117568716856000,2280,video_contact_and_recorded_pose,Lift and align,32.2,0.42526439924449855,17.6,32.2,27.5,20,11.8,29,False
31901527000,1789117568736856000,2282,video_contact_and_recorded_pose,Lift and align,32.5,0.4249781440864442,17.3,32.5,26.3,19.2,11.4,29.4,False
31941532000,1789117568776861000,2285,video_contact_and_recorded_pose,Lift and align,32.5,0.42440560322655324,17.3,32.5,26.3,18.8,11.4,29.4,False
31961532000,1789117568796861000,2286,video_contact_and_recorded_pose,Lift and align,32.5,0.4241194558163877,17.3,32.5,25.5,18.4,10.6,29.4,False
32021532000,1789117568856861000,2291,video_contact_and_recorded_pose,Lift and align,32.2,0.4232617628749545,17.3,32.2,25.1,18,10.6,29.4,False
32061537000,1789117568896866000,2293,video_contact_and_recorded_pose,Lift and align,31.8,0.42269085431175835,17.3,29.8,26.3,18.8,11,31.8,False
32101537000,1789117568936866000,2296,video_contact_and_recorded_pose,Lift and align,30.6,0.4221210949872667,17.3,30.6,29.8,21.6,12.5,25.5,False
32121537000,1789117568956866000,2298,video_contact_and_recorded_pose,Lift and align,29.8,0.4218367029145469,17.3,29.8,28.6,20.8,12.2,26.7,False
32161541000,1789117568996870000,2301,video_contact_and_recorded_pose,Lift and align,29.4,0.4212690040749509,17.3,29.4,28.6,20.8,12.5,26.3,False
32201541000,1789117569036870000,2303,video_contact_and_recorded_pose,Lift and align,29,0.4207031071651962,17.3,29,26.3,19.2,11.4,27.5,False
32241546000,1789117569076875000,2306,video_contact_and_recorded_pose,Lift and align,29.4,0.4201391518870994,17.3,29.4,27.5,19.6,11.8,27.5,False
32261546000,1789117569096875000,2308,video_contact_and_recorded_pose,Lift and align,29.4,0.41985804746575844,17.3,29.4,28.6,20.4,12.2,27.1,False
32281546000,1789117569116875000,2309,video_contact_and_recorded_pose,Lift and align,29.8,0.41957754613277126,17.3,29.8,28.6,20.4,11.8,26.7,False
32341550000,1789117569176879000,2313,video_contact_and_recorded_pose,Lift and align,30.2,0.4187399386544962,17.3,30.2,28.6,20.4,12.2,26.7,False
32381551000,1789117569216880000,2316,video_contact_and_recorded_pose,Lift and align,30.2,0.4181851843031742,17.3,30.2,28.2,20.4,11.8,27.1,False
32421555000,1789117569256884000,2319,video_contact_and_recorded_pose,Lift and align,30.6,0.4176336019412409,17.3,30.6,26.7,19.6,11.8,28.6,False
32441555000,1789117569276884000,2321,video_contact_and_recorded_pose,Lift and align,30.6,0.41735912673308195,17.3,30.6,27.1,19.6,11.8,27.8,False
32461555000,1789117569296884000,2322,video_contact_and_recorded_pose,Lift and align,30.6,0.41708555488303894,17.3,30.6,27.1,19.6,12.2,27.5,False
32521560000,1789117569356889000,2326,video_contact_and_recorded_pose,Lift and align,29.8,0.4162705255608345,17.3,29.8,27.1,19.6,11.8,29,False
32561560000,1789117569396889000,2329,video_contact_and_recorded_pose,Lift and align,29.4,0.415732346659847,17.3,29.4,26.7,19.2,11.4,27.1,False
32601560000,1789117569436889000,2332,video_contact_and_recorded_pose,Lift and align,29.4,0.4151985819040164,16.9,29.4,26.7,19.2,11.4,26.3,False
32641564000,1789117569476893000,2335,video_contact_and_recorded_pose,Lift and align,29.8,0.4146694455210546,16.9,29.8,26.3,18.8,11,28.2,False
32681565000,1789117569516894000,2338,video_contact_and_recorded_pose,Lift and align,30.2,0.41414529720370225,16.9,30.2,27.5,20.4,12.2,27.1,False
32741569000,1789117569576898000,2342,video_contact_and_recorded_pose,Lift and align,30.2,0.4133689043948151,16.9,30.2,27.8,20.4,12.5,26.3,False
32761569000,1789117569596898000,2344,video_contact_and_recorded_pose,Lift and align,30.2,0.4131128873075019,16.9,30.2,27.5,20.4,12.5,26.3,False
32781569000,1789117569616898000,,video_contact_only,Lift and align,32.9,0.4128583073878791,16.9,32.9,27.8,20.8,12.9,29.4,False
32841574000,1789117569676903000,,video_contact_only,Lift and align,32.9,0.41210346192946445,16.9,32.9,27.8,20.8,12.9,29,False
32861574000,1789117569696903000,,video_contact_only,Lift and align,32.9,0.4118549646938159,16.9,32.9,27.8,20.8,12.9,29,False
32901578000,1789117569736907000,,video_contact_only,Lift and align,32.9,0.41136276665164284,16.9,32.9,27.8,20.8,12.9,29,False
32961578000,1789117569796907000,,video_contact_only,Lift and align,32.9,0.4106371576589847,16.9,32.9,27.8,20.8,12.9,29,False
32981578000,1789117569816907000,,video_contact_only,Lift and align,32.9,0.4103987851107629,16.9,32.9,27.8,20.8,12.9,29,False
33001583000,1789117569836912000,,video_contact_only,Lift and align,32.5,0.41016215780953197,16.9,32.5,27.8,20.8,12.9,29,False
33061583000,1789117569896912000,,video_contact_only,Lift and align,32.5,0.40946361264350273,16.9,32.5,27.8,20.4,12.9,29,False
33101588000,1789117569936917000,,video_contact_only,Lift and align,32.5,0.4090074918290973,16.9,32.5,27.8,20.4,12.9,29,False
33141588000,1789117569976917000,,video_contact_only,Lift and align,32.5,0.4085594459016091,16.9,32.5,27.8,20.4,12.9,29,False
33201592000,1789117570036921000,,video_contact_only,Lift and align,32.5,0.4079029503212702,16.9,32.5,27.8,20.4,12.9,29,False
33221592000,1789117570056921000,,video_contact_only,Lift and align,32.5,0.40768843110145475,16.9,32.5,27.8,20.4,12.9,29,False
33241592000,1789117570076921000,,video_contact_only,Lift and align,32.5,0.40747611640538867,16.9,32.5,27.5,20.4,12.9,29,False
33281597000,1789117570116926000,,video_contact_only,Lift and align,32.5,0.40705818236642666,16.9,32.5,27.5,20.4,12.9,29,False
33321597000,1789117570156926000,,video_contact_only,Lift and align,32.5,0.40664951959574774,16.9,32.5,27.5,20.4,12.9,29,False
33401601000,1789117570236930000,,video_contact_only,Lift and align,32.5,0.4058608785849501,16.5,32.5,27.5,20.4,12.9,28.6,False
33421601000,1789117570256930000,,video_contact_only,Lift and align,32.5,0.4056699070110348,16.5,32.5,27.5,20.4,12.9,28.6,False
33461602000,1789117570296931000,,video_contact_only,Lift and align,32.2,0.405295602462046,16.5,32.2,27.5,20.4,12.5,28.6,False
33481606000,1789117570316935000,,video_contact_only,Lift and align,32.2,0.4051123091809624,16.5,32.2,27.5,20.4,12.5,28.6,False
33541606000,1789117570376935000,,video_contact_only,Lift and align,32.2,0.4045785030134897,16.5,32.2,27.5,20.4,12.5,28.6,False
33561606000,1789117570396935000,,video_contact_only,Lift and align,32.2,0.40440599980879444,16.5,32.2,27.5,20.4,12.5,28.6,False
33601611000,1789117570436940000,,video_contact_only,Lift and align,32.2,0.4040693004678179,16.5,32.2,27.5,20.4,12.5,28.6,False
33661611000,1789117570496940000,,video_contact_only,Lift and align,32.2,0.4035856872307688,16.5,32.2,27.5,20.4,12.5,28.6,False
33701615000,1789117570536944000,,video_contact_only,Lift and align,32.2,0.40327788518029534,16.5,32.2,27.5,20.4,12.5,28.6,False
33721615000,1789117570556944000,,video_contact_only,Lift and align,32.2,0.40312849102104914,16.5,32.2,27.5,20.4,12.5,28.6,False
33741615000,1789117570576944000,,video_contact_only,Lift and align,32.2,0.4029821354648888,16.5,32.2,27.5,20.4,12.5,28.6,False
33781620000,1789117570616949000,,video_contact_only,Lift and align,32.2,0.4026986389548591,16.5,32.2,27.5,20.4,12.5,28.6,False
33841620000,1789117570676949000,,video_contact_only,Lift and align,32.2,0.4022970721257639,16.5,32.2,27.5,20.4,12.5,28.6,False
33881625000,1789117570716954000,,video_contact_only,Lift and align,32.2,0.40204546858423684,16.5,32.2,27.5,20.4,12.5,28.6,False
33901625000,1789117570736954000,,video_contact_only,Lift and align,32.2,0.4019246245328544,16.5,32.2,27.5,20.4,12.5,28.6,False
33921625000,1789117570756954000,,video_contact_only,Lift and align,32.2,0.4018071193559882,16.5,32.2,27.1,20,12.5,28.6,False
33961629000,1789117570796958000,,video_contact_only,Lift and align,32.2,0.4015822372697437,16.5,32.2,27.1,20,12.5,28.6,False
34021629000,1789117570856958000,,video_contact_only,Lift and align,32.2,0.40127082453754626,16.5,32.2,27.1,20,12.5,28.6,False
34061634000,1789117570896963000,,video_contact_only,Lift and align,32.2,0.4010808328516823,16.5,32.2,27.1,20,12.5,28.6,False
34081634000,1789117570916963000,,video_contact_only,Lift and align,32.2,0.4009912413200487,16.5,32.2,27.1,20,12.5,28.2,False
34101634000,1789117570936963000,,video_contact_only,Lift and align,32.2,0.4009052889326936,16.5,32.2,27.1,20,12.5,28.2,False
34161638000,1789117570996967000,,video_contact_only,Lift and align,32.2,0.40066958566195243,16.5,32.2,27.1,20,12.5,28.2,False
34201639000,1789117571036968000,,video_contact_only,Lift and align,32.2,0.40053126548203694,16.5,32.2,27.1,20,12.5,28.2,False
34241639000,1789117571076968000,2450,video_contact_and_recorded_pose,Lift and align,30.6,0.4004083062395886,16.5,26.3,30.6,22.4,14.1,23.5,False
34261643000,1789117571096972000,2452,video_contact_and_recorded_pose,Lift and align,30.6,0.40035265827160005,16.5,26.3,30.6,22.4,14.1,23.5,False
34301643000,1789117571136972000,2455,video_contact_and_recorded_pose,Lift and align,30.6,0.400253236977554,16.5,25.9,30.6,22.7,14.5,23.9,False
34341648000,1789117571176977000,2457,video_contact_and_recorded_pose,Lift and align,30.6,0.40016983082097013,16.5,25.9,30.6,22.7,14.5,23.9,False
34381648000,1789117571216977000,2460,video_contact_and_recorded_pose,Lift and align,30.6,0.4001027275716942,16.5,25.9,30.6,22.7,14.5,24.3,False
34401648000,1789117571236977000,2461,video_contact_and_recorded_pose,Lift and align,30.6,0.4000753686545578,16.5,25.9,30.6,22.7,14.5,24.3,False
34461652000,1789117571296981000,2465,video_contact_and_recorded_pose,Lift and align,30.2,0.4000184605511043,16.5,26.3,30.2,22.4,14.5,23.9,False
34481652000,1789117571316981000,2467,video_contact_and_recorded_pose,Lift and align,28.2,0.40000799447715685,16.5,27.1,28.2,20.4,12.2,23.5,False
34521653000,1789117571356982000,2469,video_contact_and_recorded_pose,Align edges,26.7,0.39999981797322737,16.5,26.7,23.1,16.5,10.2,23.5,False
34561657000,1789117571396986000,2472,video_contact_and_recorded_pose,Align edges,25.9,0.3998864548123607,16.5,25.9,22.4,15.7,9.8,23.9,False
34601657000,1789117571436986000,2475,video_contact_and_recorded_pose,Align edges,25.9,0.3995716083020756,16.5,25.9,23.5,17.3,10.6,24.3,False
34661662000,1789117571496991000,2480,video_contact_and_recorded_pose,Align edges,25.9,0.3987463589713876,16.5,25.9,24.7,17.6,11,24.3,False
34701662000,1789117571536991000,2482,video_contact_and_recorded_pose,Align edges,29,0.39797755874232926,16.5,25.9,29,21.2,12.9,24.3,False
34741666000,1789117571576995000,2485,video_contact_and_recorded_pose,Align edges,29.8,0.3970469971760011,16.5,25.5,29.8,22,14.1,23.9,False
34761666000,1789117571596995000,2487,video_contact_and_recorded_pose,Align edges,29.8,0.3965246922318045,16.5,25.5,29.8,22.4,14.1,23.9,False
34821671000,1789117571657000000,2491,video_contact_and_recorded_pose,Align edges,30.2,0.39474641644860703,16.1,25.5,30.2,22.4,14.1,23.9,False
34841671000,1789117571677000000,2493,video_contact_and_recorded_pose,Align edges,30.2,0.3940880442629615,16.1,25.9,30.2,22.4,14.1,23.1,False
34881671000,1789117571717000000,2495,video_contact_and_recorded_pose,Align edges,30.2,0.3926813452605592,16.1,26.3,30.2,22.4,14.1,23.1,False
34901671000,1789117571737000000,2497,video_contact_and_recorded_pose,Align edges,30.2,0.3919358628882468,16.1,26.7,30.2,22,14.1,23.5,False
34921675000,1789117571757004000,2498,video_contact_and_recorded_pose,Align edges,30.2,0.3911640313716497,16.1,26.7,30.2,22,14.1,23.5,False
34981676000,1789117571817005000,2503,video_contact_and_recorded_pose,Align edges,29.8,0.38870601972440677,16.1,27.1,29.8,22,13.7,24.3,False
35001676000,1789117571837005000,2504,video_contact_and_recorded_pose,Align edges,29.8,0.38784379320406764,16.1,27.5,29.8,22,13.7,24.3,False
35061680000,1789117571897009000,2508,video_contact_and_recorded_pose,Align edges,29.4,0.38514813305569284,15.7,27.5,29.4,21.6,13.7,24.3,False
35101680000,1789117571937009000,,video_contact_only,Align edges,30.6,0.38327470285385584,15.7,30.6,25.9,19.2,12.2,27.1,False
35141685000,1789117571977014000,,video_contact_only,Align edges,30.6,0.3813531522810769,15.7,30.6,25.9,19.2,12.2,27.1,False
35161685000,1789117571997014000,,video_contact_only,Align edges,30.2,0.38037809765451414,15.7,30.2,25.9,19.2,11.8,27.1,False
35201685000,1789117572037014000,,video_contact_only,Align edges,30.2,0.3784063034236105,15.7,30.2,25.5,18.8,11.8,26.7,False
35261689000,1789117572097018000,,video_contact_only,Align edges,29.8,0.37541553299071484,15.3,29.8,25.5,18.8,11.8,26.7,False
35281689000,1789117572117018000,,video_contact_only,Align edges,29.8,0.37441559732147794,15.3,29.8,25.5,18.8,11.8,26.7,False
35341694000,1789117572177023000,,video_contact_only,Align edges,29.8,0.37142621879362175,15.3,29.8,25.1,18.8,11.8,26.3,False
35361694000,1789117572197023000,,video_contact_only,Align edges,29.4,0.37043814278112264,15.3,29.4,25.1,18.4,11.8,26.3,False
35421699000,1789117572257028000,,video_contact_only,Align edges,29.4,0.36751848663332726,14.9,29.4,25.1,18.4,11.4,25.9,False
35461699000,1789117572297028000,2537,video_contact_and_recorded_pose,Align edges,29,0.365623780428649,14.9,29,26.3,18.8,11.4,24.7,False
35481699000,1789117572317028000,2539,video_contact_and_recorded_pose,Align edges,27.5,0.36469616410853245,14.9,27.5,25.5,18.8,11,24.7,False
35521703000,1789117572357032000,2542,video_contact_and_recorded_pose,Align edges,26.3,0.3628873386695054,14.9,26.3,24.7,18,10.6,24.3,False
35561703000,1789117572397032000,2544,video_contact_and_recorded_pose,Align edges,25.5,0.3611502928154337,14.9,25.5,24.7,17.6,10.6,24.3,False
35601708000,1789117572437037000,2547,video_contact_and_recorded_pose,Align edges,25.1,0.3594960191607125,14.9,25.1,24.3,18,11,24.3,False
35641708000,1789117572477037000,2550,video_contact_and_recorded_pose,Align edges,24.7,0.3579363101850586,14.5,24.7,24.3,18,11.4,24.3,False
35681708000,1789117572517037000,2553,video_contact_and_recorded_pose,Align edges,24.3,0.3564823314849603,14.5,24.3,24.3,18.4,11.4,24.3,False
35701712000,1789117572537041000,2554,video_contact_and_recorded_pose,Align edges,24.3,0.3557984128099419,14.5,24.3,24.3,18.4,11.8,24.3,False
35761713000,1789117572597042000,2558,video_contact_and_recorded_pose,Align edges,25.5,0.3539369334799706,14.5,23.9,25.5,19.2,12.2,23.9,False
35781713000,1789117572617042000,2559,video_contact_and_recorded_pose,Align edges,25.5,0.3533844877336635,14.5,24.3,25.5,19.2,12.2,23.9,False
35841717000,1789117572677046000,2564,video_contact_and_recorded_pose,Align edges,25.9,0.3519510864798239,14.5,25.5,25.9,19.6,12.5,23.9,False
35881722000,1789117572717051000,2566,video_contact_and_recorded_pose,Align edges,26.3,0.35119638000521297,14.5,25.9,26.3,19.6,12.5,23.9,False
35901722000,1789117572737051000,2568,video_contact_and_recorded_pose,Align edges,26.3,0.3508836183671994,14.5,26.3,26.3,19.6,12.5,23.9,False
35921722000,1789117572757051000,2569,video_contact_and_recorded_pose,Align edges,26.3,0.35061577918251907,14.5,26.3,26.3,19.6,12.5,23.9,False
35961722000,1789117572797051000,2572,video_contact_and_recorded_pose,Align edges,26.3,0.35022055706204736,14.5,25.9,26.3,19.6,12.5,23.9,False
36021726000,1789117572857055000,,video_contact_only,Lay trousers flat,27.8,0.3500002314339154,14.5,27.8,23.9,17.6,11,24.7,False
36061727000,1789117572897056000,,video_contact_only,Lay trousers flat,27.8,0.3501336520824567,14.5,27.8,23.9,17.6,11,24.7,False
36101731000,1789117572937060000,,video_contact_only,Lay trousers flat,27.8,0.3505065793766211,14.5,27.8,23.9,17.6,11,24.7,False
36121731000,1789117572957060000,,video_contact_only,Lay trousers flat,27.8,0.35078005074604074,14.5,27.8,23.9,17.6,11,24.7,False
36161731000,1789117572997060000,,video_contact_only,Lay trousers flat,28.2,0.3514954825078052,14.5,28.2,23.9,17.6,11,25.1,False
36201736000,1789117573037065000,,video_contact_only,Lay trousers flat,28.2,0.35242829358031547,14.5,28.2,23.9,17.6,11,25.1,False
36261736000,1789117573097065000,,video_contact_only,Lay trousers flat,28.2,0.3542152645581011,14.5,28.2,23.9,17.6,11,25.1,False
36281740000,1789117573117069000,,video_contact_only,Lay trousers flat,28.2,0.35491006621908666,14.5,28.2,23.9,17.6,11,25.1,False
36341740000,1789117573177069000,,video_contact_only,Lay trousers flat,28.6,0.35727552510989113,14.5,28.6,24.3,18,11.4,25.5,False
36381745000,1789117573217074000,,video_contact_only,Lay trousers flat,28.6,0.3590761765184134,14.9,28.6,24.3,18,11.4,25.5,False
36421745000,1789117573257074000,,video_contact_only,Lay trousers flat,28.6,0.3610450035788766,14.9,28.6,24.3,18,11.4,25.5,False
36441745000,1789117573277074000,,video_contact_only,Lay trousers flat,29,0.3620897873451628,14.9,29,24.7,18,11.4,25.5,False
36461749000,1789117573297078000,,video_contact_only,Lay trousers flat,29,0.36317355794594786,14.9,29,24.7,18.4,11.4,25.9,False
36481750000,1789117573317079000,,video_contact_only,Lay trousers flat,29,0.3642948283810238,14.9,29,24.7,18.4,11.4,25.9,False
36521750000,1789117573357079000,,video_contact_only,Lay trousers flat,29.4,0.3666457844842902,14.9,29.4,24.7,18.4,11.4,25.9,False
36561754000,1789117573397083000,,video_contact_only,Lay trousers flat,29.4,0.3691342941215513,15.3,29.4,25.1,18.4,11.8,26.3,False
36601754000,1789117573437083000,2618,video_contact_and_recorded_pose,Lay trousers flat,25.9,0.37175097588288536,15.3,25.9,23.5,17.3,10.6,24.7,False
36661759000,1789117573497088000,2623,video_contact_and_recorded_pose,Lay trousers flat,26.7,0.3758976995163525,15.3,26.7,24.7,18.4,11.8,25.1,False
36701759000,1789117573537088000,2626,video_contact_and_recorded_pose,Lay trousers flat,26.7,0.3787965663800523,15.7,26.7,24.7,18.4,11.4,25.1,False
36741759000,1789117573577088000,2628,video_contact_and_recorded_pose,Lay trousers flat,28.2,0.38179275580547767,15.7,28.2,25.1,18.4,11.8,25.9,False
36761763000,1789117573597092000,2630,video_contact_and_recorded_pose,Lay trousers flat,29,0.38332487903620055,15.7,29,25.5,18.8,11.8,26.3,False
36821764000,1789117573657093000,2634,video_contact_and_recorded_pose,Lay trousers flat,29.8,0.3880419703974308,16.1,29.8,26.3,19.2,12.2,27.5,False
36841764000,1789117573677093000,2636,video_contact_and_recorded_pose,Lay trousers flat,30.2,0.3896511251784533,16.1,30.2,26.7,19.6,12.2,27.8,False
36921768000,1789117573757097000,2641,video_contact_and_recorded_pose,Lay trousers flat,32.2,0.39624255274954645,16.1,32.2,28.6,20.8,12.9,29.4,False
36941773000,1789117573777102000,2643,video_contact_and_recorded_pose,Lay trousers flat,32.5,0.39792381631633583,16.5,32.5,29,21.2,13.3,29.8,False
36961773000,1789117573797102000,2644,video_contact_and_recorded_pose,Lay trousers flat,32.9,0.39961566647742514,16.5,32.9,29.4,21.6,13.3,30.2,False
37001773000,1789117573837102000,2647,video_contact_and_recorded_pose,Lay trousers flat,33.7,0.4030279413016416,16.5,33.7,30.2,21.6,13.7,30.6,False
37041777000,1789117573877106000,2650,video_contact_and_recorded_pose,Lay trousers flat,34.1,0.4064712584833467,16.9,34.1,30.6,22,13.7,30.6,False
37061777000,1789117573897106000,2651,video_contact_and_recorded_pose,Lay trousers flat,34.5,0.4082014806509083,16.9,34.5,30.6,22,13.7,30.6,False
37121777000,1789117573957106000,2656,video_contact_and_recorded_pose,Lay trousers flat,34.9,0.4134137627552479,16.9,34.9,31,22.4,14.1,31,False
37141782000,1789117573977111000,2657,video_contact_and_recorded_pose,Lay trousers flat,35.3,0.4151551293333817,16.9,35.3,31.4,22.7,14.1,31,False
37201782000,1789117574037111000,,video_contact_only,Lay trousers flat,33.7,0.42037288849341337,17.3,33.7,28.6,21.2,13.3,29.8,False
37241787000,1789117574077116000,,video_contact_only,Lay trousers flat,33.7,0.42383652657089155,17.3,33.7,28.6,21.2,13.3,30.2,False
37261787000,1789117574097116000,,video_contact_only,Lay trousers flat,34.1,0.42556020717938536,17.6,34.1,29,21.6,13.3,30.2,False
37281787000,1789117574117116000,,video_contact_only,Lay trousers flat,34.1,0.42727712631255865,17.6,34.1,29,21.6,13.3,30.2,False
37341791000,1789117574177120000,,video_contact_only,Lay trousers flat,34.5,0.4323765479992636,17.6,34.5,29.4,21.6,13.7,30.6,False
37381791000,1789117574217120000,2674,video_contact_and_recorded_pose,Lay trousers flat,39.2,0.4357217686326655,18,39.2,32.9,22.7,13.7,26.7,False
37401791000,1789117574237120000,2676,video_contact_and_recorded_pose,Lay trousers flat,39.2,0.43737479819718583,18,39.2,32.9,22.7,13.7,27.1,False
37441796000,1789117574277125000,,video_contact_only,Lay trousers flat,35.3,0.44063654759991433,18,35.3,29.8,22,13.7,31.4,False
37481796000,1789117574317125000,,video_contact_only,Lay trousers flat,35.3,0.4438308640375526,18,35.3,30.2,22.4,14.1,31.4,False
37521800000,1789117574357129000,,video_contact_only,Lay trousers flat,35.7,0.44694958372846144,18.4,35.7,30.2,22.4,14.1,31.8,False
37561800000,1789117574397129000,,video_contact_only,Lay trousers flat,36.1,0.44998319923331287,18.4,36.1,30.6,22.7,14.1,31.8,False
37581801000,1789117574417130000,,video_contact_only,Lay trousers flat,36.1,0.45146550889985887,18.4,36.1,30.6,22.7,14.1,32.2,False
37621805000,1789117574457134000,,video_contact_only,Lay trousers flat,36.1,0.4543555673552711,18.8,36.1,31,22.7,14.1,32.2,False
37661805000,1789117574497134000,,video_contact_only,Lay trousers flat,36.5,0.4571383347239209,18.8,36.5,31,23.1,14.5,32.5,False
37701805000,1789117574537134000,,video_contact_only,Lay trousers flat,36.9,0.4598052220190011,18.8,36.9,31.4,23.1,14.5,32.5,False
37741810000,1789117574577139000,2700,video_contact_and_recorded_pose,Lay trousers flat,39.6,0.4623476558196815,18.8,39.6,33.3,23.1,12.5,31,False
37761810000,1789117574597139000,2701,video_contact_and_recorded_pose,Lay trousers flat,39.6,0.4635691473278618,19.2,39.6,33.3,23.1,12.5,31,False
37801810000,1789117574637139000,,video_contact_only,Lay trousers flat,37.3,0.4659074534212776,19.2,37.3,31.8,23.5,14.5,32.9,False
37841814000,1789117574677143000,,video_contact_only,Lay trousers flat,37.3,0.4680989992574893,19.2,37.3,31.8,23.5,14.9,33.3,False
37861814000,1789117574697143000,,video_contact_only,Lay trousers flat,37.3,0.4691367681804078,19.2,37.3,31.8,23.5,14.9,33.3,False
37921819000,1789117574757148000,,video_contact_only,Lay trousers flat,37.6,0.4720054108738101,19.2,37.6,32.2,23.5,14.9,33.3,False
37961819000,1789117574797148000,,video_contact_only,Lay trousers flat,37.6,0.47370249181734037,19.6,37.6,32.2,23.9,14.9,33.7,False
37981819000,1789117574817148000,,video_contact_only,Lay trousers flat,38,0.474483147797516,19.6,38,32.2,23.9,14.9,33.7,False
38021824000,1789117574857153000,,video_contact_only,Lay trousers flat,38,0.475903304331778,19.6,38,32.2,23.9,14.9,33.7,False
38041824000,1789117574877153000,,video_contact_only,Lay trousers flat,38,0.47654040631024,19.6,38,32.2,23.9,14.9,33.7,False
38101828000,1789117574937157000,,video_contact_only,Lay trousers flat,38,0.47814695270733737,19.6,38,32.5,23.9,14.9,33.7,False
38121828000,1789117574957157000,,video_contact_only,Lay trousers flat,38,0.4785771086725621,19.6,38,32.5,23.9,14.9,34.1,False
38161828000,1789117574997157000,,video_contact_only,Lay trousers flat,38.4,0.47927278031397175,19.6,38.4,32.5,23.9,14.9,34.1,False
38241833000,1789117575077162000,,video_contact_only,Lay trousers flat,38.4,0.4799744858873535,19.6,38.4,32.5,24.3,14.9,34.1,False
38261833000,1789117575097162000,,video_contact_only,Fold patterned trousers,38.4,0.4799998422082098,19.6,38.4,32.5,24.3,14.9,34.1,False
38281833000,1789117575117162000,,video_contact_only,Fold patterned trousers,38.4,0.479977745639894,19.6,38.4,32.5,24.3,14.9,34.1,False
38321838000,1789117575157167000,,video_contact_only,Fold patterned trousers,38.4,0.47982359536468605,19.6,38.4,32.5,23.9,14.9,34.1,False
38361838000,1789117575197167000,,video_contact_only,Fold patterned trousers,38.4,0.4795273195998779,19.6,38.4,32.5,23.9,14.9,34.1,False
38421842000,1789117575257171000,,video_contact_only,Fold patterned trousers,38,0.47882798836957313,19.6,38,32.5,23.9,14.9,34.1,False
38461842000,1789117575297171000,,video_contact_only,Fold patterned trousers,38,0.478199647346696,19.6,38,32.5,23.9,14.9,33.7,False
38481842000,1789117575317171000,,video_contact_only,Fold patterned trousers,38,0.4778388294473981,19.6,38,32.5,23.9,14.9,33.7,False
38521847000,1789117575357176000,,video_contact_only,Fold patterned trousers,38,0.4770271167314559,19.6,38,32.5,23.9,14.9,33.7,False
38561847000,1789117575397176000,,video_contact_only,Fold patterned trousers,38,0.4760999766981629,19.6,38,32.2,23.9,14.9,33.7,False
38581851000,1789117575417180000,,video_contact_only,Fold patterned trousers,38,0.4755946457477348,19.6,38,32.2,23.9,14.9,33.7,False
38601851000,1789117575437180000,,video_contact_only,Fold patterned trousers,38,0.47506252889631784,19.6,38,32.2,23.9,14.9,33.7,False
38641851000,1789117575477180000,,video_contact_only,Fold patterned trousers,37.6,0.4739203038635417,19.6,37.6,32.2,23.9,14.9,33.7,False
38681856000,1789117575517185000,,video_contact_only,Fold patterned trousers,37.6,0.47267836468861935,19.2,37.6,32.2,23.9,14.9,33.3,False
38741856000,1789117575577185000,,video_contact_only,Fold patterned trousers,37.6,0.4706406623613221,19.2,37.6,31.8,23.5,14.9,33.3,False
38761856000,1789117575597185000,,video_contact_only,Fold patterned trousers,37.6,0.46991741830279476,19.2,37.6,31.8,23.5,14.9,33.3,False
38801861000,1789117575637190000,,video_contact_only,Fold patterned trousers,37.3,0.4684087136637897,19.2,37.3,31.8,23.5,14.9,33.3,False
38821861000,1789117575657190000,,video_contact_only,Fold patterned trousers,37.3,0.467624772498194,19.2,37.3,31.8,23.5,14.5,33.3,False
38861861000,1789117575697190000,,video_contact_only,Fold patterned trousers,37.3,0.466000855664193,19.2,37.3,31.8,23.5,14.5,32.9,False
38921865000,1789117575757194000,,video_contact_only,Fold patterned trousers,36.9,0.4634346981411653,19.2,36.9,31.4,23.1,14.5,32.9,False
38961865000,1789117575797194000,,video_contact_only,Fold patterned trousers,36.9,0.461645062392903,18.8,36.9,31.4,23.1,14.5,32.5,False
38981870000,1789117575817199000,,video_contact_only,Fold patterned trousers,36.9,0.4607283172305743,18.8,36.9,31.4,23.1,14.5,32.5,False
39021870000,1789117575857199000,,video_contact_only,Fold patterned trousers,36.5,0.4588552159298994,18.8,36.5,31,23.1,14.5,32.5,False
39061874000,1789117575897203000,,video_contact_only,Fold patterned trousers,36.5,0.45693293469768115,18.8,36.5,31,23.1,14.5,32.5,False
39081874000,1789117575917203000,,video_contact_only,Fold patterned trousers,36.5,0.45595518298169,18.8,36.5,31,22.7,14.5,32.2,False
39101875000,1789117575937204000,,video_contact_only,Fold patterned trousers,36.5,0.45496713137525474,18.8,36.5,31,22.7,14.1,32.2,False
39161879000,1789117575997208000,,video_contact_only,Fold patterned trousers,36.1,0.4519480722808598,18.4,36.1,30.6,22.7,14.1,32.2,False
39201879000,1789117576037208000,,video_contact_only,Fold patterned trousers,36.1,0.4498964458941797,18.4,36.1,30.6,22.7,14.1,31.8,False
39241879000,1789117576077208000,2806,video_contact_and_recorded_pose,Fold patterned trousers,32.5,0.4478197870679007,18.4,32.5,29,21.2,12.9,27.5,False
39281884000,1789117576117213000,2809,video_contact_and_recorded_pose,Fold patterned trousers,32.5,0.4457231553709891,18.4,32.5,28.6,21.2,12.9,27.5,False
39301884000,1789117576137213000,,video_contact_only,Fold patterned trousers,35.3,0.4446692423746678,18.4,35.3,30.2,22.4,14.1,31.4,False
39321884000,1789117576157213000,,video_contact_only,Fold patterned trousers,35.3,0.4436123980755581,18,35.3,30.2,22.4,14.1,31.4,False
39381888000,1789117576217217000,,video_contact_only,Fold patterned trousers,35.3,0.44043071826462393,18,35.3,29.8,22,13.7,31.4,False
39461893000,1789117576297222000,,video_contact_only,Fold patterned trousers,34.9,0.4361878231267755,18,34.9,29.4,22,13.7,31,False
39481893000,1789117576317222000,,video_contact_only,Fold patterned trousers,34.9,0.4351314814448253,18,34.9,29.4,22,13.7,31,False
39521893000,1789117576357222000,,video_contact_only,Fold patterned trousers,34.5,0.43302863425911325,17.6,34.5,29.4,22,13.7,30.6,False
39561898000,1789117576397227000,,video_contact_only,Fold patterned trousers,34.5,0.4309430781554527,17.6,34.5,29.4,21.6,13.7,30.6,False
39581898000,1789117576417227000,,video_contact_only,Fold patterned trousers,34.1,0.42990867601786736,17.6,34.1,29,21.6,13.3,30.6,False
39601898000,1789117576437227000,,video_contact_only,Fold patterned trousers,34.1,0.42888065763740435,17.6,34.1,29,21.6,13.3,30.6,False
39641902000,1789117576477231000,,video_contact_only,Fold patterned trousers,34.1,0.42684623162545465,17.6,34.1,29,21.6,13.3,30.2,False
39701902000,1789117576537231000,,video_contact_only,Fold patterned trousers,33.7,0.4238594123690384,17.3,33.7,28.6,21.2,13.3,30.2,False
39741907000,1789117576577236000,,video_contact_only,Fold patterned trousers,33.7,0.42191873020758314,17.3,33.7,28.6,21.2,13.3,29.8,False
39761907000,1789117576597236000,,video_contact_only,Fold patterned trousers,33.7,0.420965739115342,17.3,33.7,28.6,21.2,13.3,29.8,False
39801907000,1789117576637236000,,video_contact_only,Fold patterned trousers,33.3,0.41909753828878105,17.3,33.3,28.2,21.2,13.3,29.8,False
39841911000,1789117576677240000,,video_contact_only,Fold patterned trousers,33.3,0.4172839697063916,17.3,33.3,28.2,20.8,12.9,29.4,False
39881912000,1789117576717241000,,video_contact_only,Fold patterned trousers,33.3,0.41553067607921385,16.9,33.3,28.2,20.8,12.9,29.4,False
39921912000,1789117576757241000,,video_contact_only,Fold patterned trousers,32.9,0.4138428836378862,16.9,32.9,28.2,20.8,12.9,29.4,False
39961916000,1789117576797245000,,video_contact_only,Fold patterned trousers,32.9,0.4122257124179966,16.9,32.9,27.8,20.8,12.9,29.4,False
40021916000,1789117576857245000,,video_contact_only,Fold patterned trousers,32.5,0.409944558833092,16.9,32.5,27.8,20.8,12.9,29,False
40061921000,1789117576897250000,,video_contact_only,Fold patterned trousers,32.5,0.408527617154563,16.9,32.5,27.8,20.4,12.9,29,False
40081921000,1789117576917250000,,video_contact_only,Fold patterned trousers,32.5,0.40785243347914407,16.9,32.5,27.8,20.4,12.9,29,False
40101921000,1789117576937250000,,video_contact_only,Fold patterned trousers,32.5,0.4072002675298694,16.9,32.5,27.5,20.4,12.9,29,False
40161925000,1789117576997254000,,video_contact_only,Fold patterned trousers,32.2,0.4053884160425462,16.5,32.2,27.5,20.4,12.5,28.6,False
40201926000,1789117577037255000,,video_contact_only,Fold patterned trousers,32.2,0.40430786173609257,16.5,32.2,27.5,20.4,12.5,28.6,False
40221930000,1789117577057259000,,video_contact_only,Fold patterned trousers,32.2,0.40380768360028557,16.5,32.2,27.5,20.4,12.5,28.6,False
40241930000,1789117577077259000,,video_contact_only,Fold patterned trousers,32.2,0.40333528352590736,16.5,32.2,27.5,20.4,12.5,28.6,False
40281930000,1789117577117259000,,video_contact_only,Fold patterned trousers,32.2,0.4024761706576708,16.5,32.2,27.5,20.4,12.5,28.6,False
40321935000,1789117577157264000,,video_contact_only,Fold patterned trousers,32.2,0.40173565810494893,16.5,32.2,27.1,20,12.5,28.6,False
40381935000,1789117577217264000,,video_contact_only,Fold patterned trousers,32.2,0.40085921869119323,16.5,32.2,27.1,20,12.5,28.2,False
40401935000,1789117577237264000,,video_contact_only,Fold patterned trousers,32.2,0.40063218134415457,16.5,32.2,27.1,20,12.5,28.2,False
40421939000,1789117577257268000,,video_contact_only,Fold patterned trousers,31.8,0.4004387721760873,16.5,31.8,27.1,20,12.5,28.2,False
40461939000,1789117577297268000,,video_contact_only,Fold patterned trousers,31.8,0.40015569000413076,16.5,31.8,27.1,20,12.5,28.2,False
40521944000,1789117577357273000,,video_contact_only,Stack garment,31.8,0.39999173297865953,16.5,31.8,27.1,20,12.5,28.2,False
40541944000,1789117577377273000,,video_contact_only,Stack garment,31.8,0.39896562583428524,16.5,31.8,27.1,20,12.5,28.2,False
40561944000,1789117577397273000,,video_contact_only,Stack garment,31.8,0.39629038754269424,16.1,31.8,27.1,20,12.5,28.2,False
40601949000,1789117577437278000,,video_contact_only,Stack garment,31,0.38636997023000447,15.7,31,26.3,19.6,12.2,27.5,False
40661949000,1789117577497278000,,video_contact_only,Stack garment,29,0.36149139906576894,14.9,29,24.7,18,11.4,25.5,False
40701953000,1789117577537282000,,video_contact_only,Stack garment,27.1,0.33934267693921344,14.1,27.1,23.1,16.9,10.6,23.9,False
40721953000,1789117577557282000,,video_contact_only,Stack garment,26.3,0.32688545634525307,13.3,26.3,22.4,16.5,10.2,23.1,False
40761953000,1789117577597282000,2915,video_contact_and_recorded_pose,Stack garment,20,0.2996770969293849,12.2,20,17.6,12.5,7.8,17.6,False
40781953000,1789117577617282000,2916,video_contact_and_recorded_pose,Stack garment,18.8,0.28511548291350985,11.8,18.8,16.5,12.2,7.5,16.9,False
40841958000,1789117577677287000,2920,video_contact_and_recorded_pose,Stack garment,15.7,0.2387340667717825,9.8,15.7,13.7,9.8,6.3,14.5,False
40881958000,1789117577717287000,2923,video_contact_and_recorded_pose,Stack garment,13.3,0.20651951373776728,8.6,13.3,11.8,8.6,5.5,12.5,False
40921962000,1789117577757291000,2926,video_contact_and_recorded_pose,Stack garment,11.4,0.1741493258100587,7.1,11.4,9.8,7.1,4.3,10.6,False
40961963000,1789117577797292000,2929,video_contact_and_recorded_pose,Stack garment,9,0.14238735863947738,5.9,9,7.8,5.9,3.5,8.6,False
41001967000,1789117577837296000,2932,video_contact_and_recorded_pose,Stack garment,7.1,0.11198712733671806,4.7,7.1,6.3,4.7,2.7,6.7,False
41021967000,1789117577857296000,2934,video_contact_and_recorded_pose,Stack garment,6.3,0.09753696040749649,3.9,6.3,5.5,3.9,2.4,5.9,False
41101972000,1789117577937301000,2939,video_contact_and_recorded_pose,Stack garment,3.1,0.046933948241171974,2,3.1,2.7,2,1.2,2.7,False
41121972000,1789117577957301000,2941,video_contact_and_recorded_pose,Stack garment,2.4,0.036558045781379,1.6,2.4,2,1.6,0.8,2.4,False
41161972000,1789117577997301000,2944,video_contact_and_recorded_pose,Stack garment,1.2,0.019198336887690792,0.8,1.2,1.2,0.8,0.4,1.2,False
41181976000,1789117578017305000,2945,video_contact_and_recorded_pose,Stack garment,0.8,0.012402831612268073,0.4,0.8,0.8,0.4,0.4,0.8,False
41221976000,1789117578057305000,2948,video_contact_and_recorded_pose,Stack garment,0,0.0030598172777173693,0,0,0,0,0,0,False
41261976000,1789117578097305000,2951,video_contact_and_recorded_pose,Release garment,0,0,0,0,0,0,0,0,False
41301981000,1789117578137310000,2954,video_contact_and_recorded_pose,Release garment,0,0,0,0,0,0,0,0,False
41321981000,1789117578157310000,2955,video_contact_and_recorded_pose,Release garment,0,0,0,0,0,0,0,0,False
41361981000,1789117578197310000,2958,video_contact_and_recorded_pose,Release garment,0,0,0,0,0,0,0,0,False
41421986000,1789117578257315000,2962,video_contact_and_recorded_pose,Release garment,0,0,0,0,0,0,0,0,False
41461986000,1789117578297315000,2965,video_contact_and_recorded_pose,Release garment,0,0,0,0,0,0,0,0,False
41501990000,1789117578337319000,2968,video_contact_and_recorded_pose,Release garment,0,0,0,0,0,0,0,0,False
41541990000,1789117578377319000,2971,video_contact_and_recorded_pose,Release garment,0,0,0,0,0,0,0,0,False
41561990000,1789117578397319000,2972,video_contact_and_recorded_pose,Release garment,0,0,0,0,0,0,0,0,False
41601995000,1789117578437324000,2975,video_contact_and_recorded_pose,Release garment,0,0,0,0,0,0,0,0,False
41641995000,1789117578477324000,2978,video_contact_and_recorded_pose,Release garment,0,0,0,0,0,0,0,0,False
41702000000,1789117578537329000,2982,video_contact_and_recorded_pose,Release garment,0,0,0,0,0,0,0,0,False
41742000000,1789117578577329000,2985,video_contact_and_recorded_pose,Release garment,0,0,0,0,0,0,0,0,False
41762004000,1789117578597333000,2987,video_contact_and_recorded_pose,Release garment,0,0,0,0,0,0,0,0,False
41782004000,1789117578617333000,2988,video_contact_and_recorded_pose,Release garment,0,0,0,0,0,0,0,0,False
41842004000,1789117578677333000,2993,video_contact_and_recorded_pose,Release garment,0,0,0,0,0,0,0,0,False
41882009000,1789117578717338000,2995,video_contact_and_recorded_pose,Release garment,0,0,0,0,0,0,0,0,False
41922009000,1789117578757338000,2998,video_contact_and_recorded_pose,Release garment,0,0,0,0,0,0,0,0,False
41982013000,1789117578817342000,3003,video_contact_and_recorded_pose,Release garment,0,0,0,0,0,0,0,0,False
42022014000,1789117578857343000,3005,video_contact_and_recorded_pose,Release garment,0,0,0,0,0,0,0,0,False
42062018000,1789117578897347000,3008,video_contact_and_recorded_pose,Release garment,0,0,0,0,0,0,0,0,False
42082018000,1789117578917347000,3010,video_contact_and_recorded_pose,Release garment,0,0,0,0,0,0,0,0,False
42102018000,1789117578937347000,3011,video_contact_and_recorded_pose,Release garment,0,0,0,0,0,0,0,0,False
42122018000,1789117578957347000,3012,video_contact_and_recorded_pose,Release garment,0,0,0,0,0,0,0,0,False
42162023000,1789117578997352000,3016,video_contact_and_recorded_pose,Release garment,0,0,0,0,0,0,0,0,False
42202023000,1789117579037352000,3018,video_contact_and_recorded_pose,Release garment,0,0,0,0,0,0,0,0,False
42242027000,1789117579077356000,3021,video_contact_and_recorded_pose,Release garment,0,0,0,0,0,0,0,0,False
42262027000,1789117579097356000,3023,video_contact_and_recorded_pose,Release garment,0,0,0,0,0,0,0,0,False
42302027000,1789117579137356000,3026,video_contact_and_recorded_pose,Release garment,0,0,0,0,0,0,0,0,False
42342032000,1789117579177361000,3028,video_contact_and_recorded_pose,Release garment,0,0,0,0,0,0,0,0,False
42382032000,1789117579217361000,3032,video_contact_and_recorded_pose,Release garment,0,0,0,0,0,0,0,0,False
42422032000,1789117579257361000,3034,video_contact_and_recorded_pose,Release garment,0,0,0,0,0,0,0,0,False
42462036000,1789117579297365000,3037,video_contact_and_recorded_pose,Release garment,0,0,0,0,0,0,0,0,False
42482037000,1789117579317366000,3039,video_contact_and_recorded_pose,Release garment,0,0,0,0,0,0,0,0,False
42562041000,1789117579397370000,3044,video_contact_and_recorded_pose,Release garment,0,0,0,0,0,0,0,0,False
42582041000,1789117579417370000,3046,video_contact_and_recorded_pose,Release garment,0,0,0,0,0,0,0,0,False
42602041000,1789117579437370000,3047,video_contact_and_recorded_pose,Release garment,0,0,0,0,0,0,0,0,False
42642046000,1789117579477375000,3050,video_contact_and_recorded_pose,Release garment,0,0,0,0,0,0,0,0,False
42682046000,1789117579517375000,3053,video_contact_and_recorded_pose,Release garment,0,0,0,0,0,0,0,0,False
42742050000,1789117579577379000,3057,video_contact_and_recorded_pose,Release garment,0,0,0,0,0,0,0,0,False
42782050000,1789117579617379000,3060,video_contact_and_recorded_pose,Release garment,0,0,0,0,0,0,0,0,False
42802051000,1789117579637380000,3062,video_contact_and_recorded_pose,Release garment,0,0,0,0,0,0,0,0,False
42842055000,1789117579677384000,3065,video_contact_and_recorded_pose,Release garment,0,0,0,0,0,0,0,0,False
42862055000,1789117579697384000,3066,video_contact_and_recorded_pose,Release garment,0,0,0,0,0,0,0,0,False
42922060000,1789117579757389000,3070,video_contact_and_recorded_pose,Release garment,0,0,0,0,0,0,0,0,False
42962060000,1789117579797389000,3073,video_contact_and_recorded_pose,Release garment,0,0,0,0,0,0,0,0,False
43002060000,1789117579837389000,3076,video_contact_and_recorded_pose,Release garment,0,0,0,0,0,0,0,0,False
43042064000,1789117579877393000,3079,video_contact_and_recorded_pose,Release garment,0,0,0,0,0,0,0,0,False
43062064000,1789117579897393000,3081,video_contact_and_recorded_pose,Release garment,0,0,0,0,0,0,0,0,False
43102065000,1789117579937394000,3083,video_contact_and_recorded_pose,Release garment,0,0,0,0,0,0,0,0,False
43142069000,1789117579977398000,3086,video_contact_and_recorded_pose,Release garment,0,0,0,0,0,0,0,0,False
43182069000,1789117580017398000,3089,video_contact_and_recorded_pose,Release garment,0,0,0,0,0,0,0,0,False
43222074000,1789117580057403000,3092,video_contact_and_recorded_pose,Release garment,0,0,0,0,0,0,0,0,False
43262074000,1789117580097403000,3095,video_contact_and_recorded_pose,Release garment,0,0,0,0,0,0,0,0,False
43282074000,1789117580117403000,3096,video_contact_and_recorded_pose,Release garment,0,0,0,0,0,0,0,0,False
43322078000,1789117580157407000,3099,video_contact_and_recorded_pose,Release garment,0,0,0,0,0,0,0,0,False
43342078000,1789117580177407000,3101,video_contact_and_recorded_pose,Release garment,0,0,0,0,0,0,0,0,False
43402083000,1789117580237412000,3105,video_contact_and_recorded_pose,Release garment,0,0,0,0,0,0,0,0,False
43442083000,1789117580277412000,3108,video_contact_and_recorded_pose,Release garment,0,0,0,0,0,0,0,0,False
43482083000,1789117580317412000,3111,video_contact_and_recorded_pose,Release garment,0,0,0,0,0,0,0,0,False
43522087000,1789117580357416000,3114,video_contact_and_recorded_pose,Reach for gray shirt,0,7.903350094844538e-06,0,0,0,0,0,0,False
43562088000,1789117580397417000,3117,video_contact_and_recorded_pose,Reach for gray shirt,0.4,0.0031012828150380803,0,0.4,0.4,0,0,0.4,False
43582088000,1789117580417417000,3118,video_contact_and_recorded_pose,Reach for gray shirt,0.4,0.006626068340332485,0.4,0.4,0.4,0.4,0,0.4,False
43622092000,1789117580457421000,3121,video_contact_and_recorded_pose,Reach for gray shirt,1.2,0.017250414947373,0.8,1.2,1.2,0.8,0.4,1.2,False
43682097000,1789117580517426000,3125,video_contact_and_recorded_pose,Reach for gray shirt,2.7,0.04097349364885675,1.6,2.7,2.7,2,1.2,2.7,False
43742097000,1789117580577426000,3130,video_contact_and_recorded_pose,Reach for gray shirt,5.1,0.07220037230843365,3.1,5.1,4.7,3.5,2.4,4.7,False
43782101000,1789117580617430000,3132,video_contact_and_recorded_pose,Reach for gray shirt,6.7,0.09616990196886656,3.9,6.7,6.3,4.7,2.7,6.3,False
43802101000,1789117580637430000,3134,video_contact_and_recorded_pose,Reach for gray shirt,7.5,0.10886860951451566,4.3,7.5,7.1,5.1,3.1,7.1,False
43822101000,1789117580657430000,3135,video_contact_and_recorded_pose,Reach for gray shirt,8.6,0.1219419851969195,5.1,8.6,7.8,5.9,3.5,7.8,False
43862101000,1789117580697430000,3138,video_contact_and_recorded_pose,Reach for gray shirt,10.2,0.1489065738922372,6.3,10.2,9.4,7.1,4.3,9.8,False
43902106000,1789117580737435000,3141,video_contact_and_recorded_pose,Reach for gray shirt,12.2,0.17645478773685913,7.1,12.2,11.4,8.2,5.1,11.4,False
43942106000,1789117580777435000,3144,video_contact_and_recorded_pose,Reach for gray shirt,14.5,0.20396734259219468,8.2,14.5,12.9,9.8,6.3,13.3,False
43962106000,1789117580797435000,3145,video_contact_and_recorded_pose,Reach for gray shirt,15.7,0.2175201758224552,9,15.7,14.1,10.2,6.7,14.1,False
44002111000,1789117580837440000,3148,video_contact_and_recorded_pose,Reach for gray shirt,17.3,0.2438394495997133,10.2,17.3,15.7,11.4,7.5,16.1,False
44062111000,1789117580897440000,3152,video_contact_and_recorded_pose,Reach for gray shirt,18,0.28019105457026905,11.4,18,16.1,11.8,7.1,17.3,False
44102115000,1789117580937444000,3155,video_contact_and_recorded_pose,Reach for gray shirt,20,0.3014529432654395,12.5,19.6,20,15.3,9.8,18,False
44122115000,1789117580957444000,3157,video_contact_and_recorded_pose,Reach for gray shirt,21.6,0.3109607603774244,12.9,20,21.6,16.1,10.2,18.8,False
44142115000,1789117580977444000,3158,video_contact_and_recorded_pose,Reach for gray shirt,23.1,0.3196185237279249,12.9,20.8,23.1,17.3,11,19.2,False
44162120000,1789117580997449000,3160,video_contact_and_recorded_pose,Reach for gray shirt,23.9,0.3273515021046946,13.3,21.2,23.9,17.6,11.4,19.6,False
44222120000,1789117581057449000,3164,video_contact_and_recorded_pose,Reach for gray shirt,25.5,0.34421917620441667,14.1,22.4,25.5,18.8,11.8,20.4,False
44242120000,1789117581077449000,3165,video_contact_and_recorded_pose,Reach for gray shirt,25.1,0.3474782264376875,14.1,22.7,25.1,19.2,11.8,20.8,False
44282124000,1789117581117453000,3168,video_contact_and_recorded_pose,Grasp gray shirt,24.3,0.3500001886938127,14.5,23.5,24.3,18.8,11.4,21.2,False
44342125000,1789117581177454000,3172,video_contact_and_recorded_pose,Grasp gray shirt,24.3,0.35015854442477223,14.5,24.3,23.9,18.4,11.4,22,False
44362129000,1789117581197458000,3174,video_contact_and_recorded_pose,Grasp gray shirt,24.7,0.35027540315327454,14.5,24.7,23.9,18.4,11.4,22.4,False
44422129000,1789117581257458000,3178,video_contact_and_recorded_pose,Grasp gray shirt,25.5,0.35080968857514727,14.5,25.5,23.5,18.4,11.4,23.1,False
44442129000,1789117581277458000,3180,video_contact_and_recorded_pose,Grasp gray shirt,25.5,0.3510470473677167,14.5,25.5,23.5,18.4,11.4,23.5,False
44482134000,1789117581317463000,3183,video_contact_and_recorded_pose,Grasp gray shirt,25.9,0.35160715002192805,14.5,25.9,23.5,18.4,11.4,23.5,False
44522134000,1789117581357463000,3185,video_contact_and_recorded_pose,Grasp gray shirt,26.3,0.35227694730455916,14.5,26.3,23.5,18.4,11.4,23.5,False
44562138000,1789117581397467000,3188,video_contact_and_recorded_pose,Grasp gray shirt,26.3,0.35305180156421867,14.5,26.3,23.9,18.4,11.4,23.5,False
44602138000,1789117581437467000,3191,video_contact_and_recorded_pose,Grasp gray shirt,26.3,0.35392677428368013,14.5,26.3,23.9,18.8,11.4,23.1,False
44622138000,1789117581457467000,3193,video_contact_and_recorded_pose,Grasp gray shirt,26.3,0.35440033744307614,14.5,26.3,23.9,18.8,11.4,23.1,False
44642138000,1789117581477467000,3194,video_contact_and_recorded_pose,Grasp gray shirt,26.7,0.3548971546083714,14.5,26.7,24.3,18.8,11.4,23.1,False
44702143000,1789117581537472000,3198,video_contact_and_recorded_pose,Grasp gray shirt,26.7,0.35652129456689047,14.5,26.7,24.7,18.8,11.4,22.7,False
44742148000,1789117581577477000,3201,video_contact_and_recorded_pose,Grasp gray shirt,26.7,0.3577094312123731,14.5,26.7,24.7,18.8,11.4,22.4,False
44762148000,1789117581597477000,3203,video_contact_and_recorded_pose,Grasp gray shirt,26.7,0.3583332262932604,14.9,26.7,25.1,18.8,11.8,22.4,False
44782148000,1789117581617477000,3204,video_contact_and_recorded_pose,Grasp gray shirt,27.1,0.35897608981324197,14.9,27.1,25.1,19.2,11.8,22.7,False
44842152000,1789117581677481000,,video_contact_only,Grasp gray shirt,28.6,0.3610132530379137,14.9,28.6,24.3,18,11.4,25.5,False
44882152000,1789117581717481000,,video_contact_only,Grasp gray shirt,29,0.36245565507608335,14.9,29,24.7,18,11.4,25.9,False
44922152000,1789117581757481000,,video_contact_only,Grasp gray shirt,29,0.36395998090251824,14.9,29,24.7,18.4,11.4,25.9,False
44962157000,1789117581797486000,,video_contact_only,Grasp gray shirt,29,0.36552164590965924,14.9,29,24.7,18.4,11.4,25.9,False
44982157000,1789117581817486000,,video_contact_only,Grasp gray shirt,29.4,0.3663223153288172,14.9,29.4,24.7,18.4,11.4,25.9,False
45022157000,1789117581857486000,,video_contact_only,Grasp gray shirt,29.4,0.3679605302333796,15.3,29.4,25.1,18.4,11.4,26.3,False
45062161000,1789117581897490000,3223,video_contact_and_recorded_pose,Grasp gray shirt,27.8,0.369644097696455,15.3,27.8,25.1,18.4,11.4,23.9,False
45102162000,1789117581937491000,3226,video_contact_and_recorded_pose,Grasp gray shirt,27.8,0.3713679410364751,15.3,27.8,25.5,18.8,11.4,24.3,False
45142166000,1789117581977495000,3229,video_contact_and_recorded_pose,Grasp gray shirt,26.7,0.37312753452412223,15.3,26.7,23.1,16.9,10.2,24.3,False
45162166000,1789117581997495000,3231,video_contact_and_recorded_pose,Grasp gray shirt,27.1,0.3740191049276347,15.3,27.1,23.1,16.9,10.2,23.5,False
45222171000,1789117582057500000,3235,video_contact_and_recorded_pose,Grasp gray shirt,27.5,0.3767343129797824,15.3,27.5,23.1,16.9,10.2,22.7,False
45242171000,1789117582077500000,3236,video_contact_and_recorded_pose,Grasp gray shirt,27.8,0.3776507372364679,15.7,27.8,23.5,16.9,10.2,22.7,False
45282171000,1789117582117500000,3239,video_contact_and_recorded_pose,Grasp gray shirt,27.5,0.3794971426395874,15.7,27.5,23.5,17.3,10.6,22.7,False
45322175000,1789117582157504000,3242,video_contact_and_recorded_pose,Grasp gray shirt,27.5,0.38135782452094735,15.7,27.5,24.3,18.4,11.4,22.7,False
45362175000,1789117582197504000,3245,video_contact_and_recorded_pose,Grasp gray shirt,27.1,0.38322762721951087,15.7,27.1,25.5,19.2,12.2,22.7,False
45422180000,1789117582257509000,3249,video_contact_and_recorded_pose,Grasp gray shirt,27.1,0.386039551584619,15.7,27.1,26.3,19.6,12.5,22.7,False
45442180000,1789117582277509000,3251,video_contact_and_recorded_pose,Grasp gray shirt,27.5,0.38697625273227937,16.1,27.5,26.7,19.6,12.5,22.7,False
45482180000,1789117582317509000,3254,video_contact_and_recorded_pose,Grasp gray shirt,27.5,0.3888452742479442,16.1,27.5,26.7,20,12.5,23.1,False
45522185000,1789117582357514000,3256,video_contact_and_recorded_pose,Grasp gray shirt,27.8,0.3907047003403932,16.1,27.8,27.1,20.4,12.5,23.1,False
45562185000,1789117582397514000,3259,video_contact_and_recorded_pose,Grasp gray shirt,28.2,0.39254928254967897,16.1,28.2,27.1,20.4,12.5,23.5,False
45602185000,1789117582437514000,3262,video_contact_and_recorded_pose,Grasp gray shirt,29,0.39437447082561017,16.1,29,27.1,20,12.5,23.9,False
45622189000,1789117582457518000,3264,video_contact_and_recorded_pose,Grasp gray shirt,29,0.39527847762096235,16.1,29,27.1,20,12.5,23.9,False
45662189000,1789117582497518000,3267,video_contact_and_recorded_pose,Grasp gray shirt,29.4,0.39706560366968924,16.5,29.4,27.5,20.4,12.5,24.3,False
45702194000,1789117582537523000,3269,video_contact_and_recorded_pose,Grasp gray shirt,32.5,0.39882159471119744,16.5,32.5,28.2,20,12.2,29.4,False
45742194000,1789117582577523000,3272,video_contact_and_recorded_pose,Grasp gray shirt,31.4,0.40054122814107024,16.5,31.4,27.8,20,11.8,24.7,False
45782194000,1789117582617523000,3275,video_contact_and_recorded_pose,Grasp gray shirt,31.4,0.40221994232668284,16.5,31.4,28.2,20,11.8,24.7,False
45802198000,1789117582637527000,3277,video_contact_and_recorded_pose,Grasp gray shirt,31.4,0.4030426232852384,16.5,31.4,28.2,20,11.8,24.7,False
45862199000,1789117582697528000,,video_contact_only,Grasp gray shirt,32.2,0.40543567477276377,16.5,32.2,27.5,20.4,12.5,28.6,False
45882199000,1789117582717528000,,video_contact_only,Grasp gray shirt,32.5,0.40620650751979365,16.9,32.5,27.5,20.4,12.9,28.6,False
45922203000,1789117582757532000,,video_contact_only,Grasp gray shirt,32.5,0.40770447617265154,16.9,32.5,27.8,20.4,12.9,29,False
45962203000,1789117582797532000,,video_contact_only,Grasp gray shirt,32.5,0.40913984752567534,16.9,32.5,27.8,20.4,12.9,29,False
46022208000,1789117582857537000,,video_contact_only,Grasp gray shirt,32.9,0.41116551988555744,16.9,32.9,27.8,20.8,12.9,29,False
46042208000,1789117582877537000,,video_contact_only,Grasp gray shirt,32.9,0.41180428122917995,16.9,32.9,27.8,20.8,12.9,29,False
46062208000,1789117582897537000,,video_contact_only,Grasp gray shirt,32.9,0.41242384391208803,16.9,32.9,27.8,20.8,12.9,29.4,False
46102212000,1789117582937541000,,video_contact_only,Grasp gray shirt,32.9,0.4136030955087393,16.9,32.9,28.2,20.8,12.9,29.4,False
46162213000,1789117582997542000,3302,video_contact_and_recorded_pose,Grasp gray shirt,29,0.41521287690281206,16.9,29,23.1,16.9,10.2,26.7,False
46202217000,1789117583037546000,3305,video_contact_and_recorded_pose,Grasp gray shirt,30.6,0.41617320241860695,17.3,30.6,23.5,17.3,10.2,27.8,False
46222217000,1789117583057546000,3307,video_contact_and_recorded_pose,Grasp gray shirt,31.8,0.41661764065469925,17.3,31.8,24.7,17.6,10.6,28.2,False
46242217000,1789117583077546000,3308,video_contact_and_recorded_pose,Grasp gray shirt,31.4,0.4170374989023507,17.3,31.4,28.2,20.4,11.8,26.7,False
46282222000,1789117583117551000,3311,video_contact_and_recorded_pose,Grasp gray shirt,31.4,0.41780117280422396,17.3,31.4,28.6,21.2,12.2,26.7,False
46342222000,1789117583177551000,3315,video_contact_and_recorded_pose,Grasp gray shirt,31.4,0.41874723247529283,17.3,31.4,24.3,17.6,10.2,28.2,False
46382226000,1789117583217555000,3318,video_contact_and_recorded_pose,Grasp gray shirt,31.4,0.4192381411562121,17.3,31.4,26.3,20,12.2,27.1,False
46422226000,1789117583257555000,3321,video_contact_and_recorded_pose,Grasp gray shirt,31,0.41961154135489875,17.3,31,27.1,20.4,12.2,26.3,False
46442226000,1789117583277555000,3323,video_contact_and_recorded_pose,Grasp gray shirt,31,0.4197527015845832,17.3,31,27.1,20.4,12.2,26.3,False
46522231000,1789117583357560000,3328,video_contact_and_recorded_pose,Unfold shirt,30.6,0.4199999460456969,17.3,30.6,28.2,20.8,12.9,25.5,False
46542231000,1789117583377560000,3330,video_contact_and_recorded_pose,Unfold shirt,30.6,0.4199946562964011,17.3,30.6,27.5,20.4,12.5,25.5,False
46562231000,1789117583397560000,3331,video_contact_and_recorded_pose,Unfold shirt,30.2,0.4199807654644096,17.3,30.2,26.7,19.6,12.2,25.9,False
46602236000,1789117583437565000,3334,video_contact_and_recorded_pose,Unfold shirt,30.2,0.4199274356354183,17.3,30.2,29.4,22,13.7,25.5,False
46662236000,1789117583497565000,3339,video_contact_and_recorded_pose,Unfold shirt,29.8,0.4197845888359653,17.3,29.8,29.4,21.6,13.3,25.1,False
46702240000,1789117583537569000,3341,video_contact_and_recorded_pose,Unfold shirt,29.8,0.4196482060551305,17.3,29.8,28.2,20.8,12.2,25.1,False
46742240000,1789117583577569000,3344,video_contact_and_recorded_pose,Unfold shirt,29.8,0.4194795419490151,17.3,29.8,27.8,20.4,12.2,25.1,False
46762245000,1789117583597574000,3346,video_contact_and_recorded_pose,Unfold shirt,29.8,0.41938323975318675,17.3,29.8,27.8,20.4,12.2,25.1,False
46782245000,1789117583617574000,3347,video_contact_and_recorded_pose,Unfold shirt,29.4,0.4192790852161693,17.3,29.4,27.1,20,12.2,25.1,False
46802245000,1789117583637574000,3348,video_contact_and_recorded_pose,Unfold shirt,28.6,0.4191671212234225,17.3,28.6,25.9,18.8,11.4,25.9,False
46882249000,1789117583717578000,3353,video_contact_and_recorded_pose,Unfold shirt,30.6,0.4186424607377146,17.3,30.6,29,21.6,12.5,26.7,False
46902249000,1789117583737578000,3355,video_contact_and_recorded_pose,Unfold shirt,30.6,0.4184924374529809,17.3,30.6,29,21.6,12.5,26.7,False
46922250000,1789117583757579000,3356,video_contact_and_recorded_pose,Unfold shirt,30.6,0.4183349924600083,17.3,30.6,29,21.6,12.5,26.7,False
46962254000,1789117583797583000,,video_contact_only,Unfold shirt,33.3,0.41799810562466716,17.3,33.3,28.2,21.2,12.9,29.8,False
47022254000,1789117583857583000,,video_contact_only,Unfold shirt,33.3,0.4174388705677925,17.3,33.3,28.2,21.2,12.9,29.4,False
47062259000,1789117583897588000,,video_contact_only,Unfold shirt,33.3,0.41703079529298853,17.3,33.3,28.2,20.8,12.9,29.4,False
47082259000,1789117583917588000,,video_contact_only,Unfold shirt,33.3,0.4168164204548913,17.3,33.3,28.2,20.8,12.9,29.4,False
47122259000,1789117583957588000,,video_contact_only,Unfold shirt,33.3,0.4163672769430664,17.3,33.3,28.2,20.8,12.9,29.4,False
47182263000,1789117584017592000,,video_contact_only,Unfold shirt,33.3,0.4156435163479305,17.3,33.3,28.2,20.8,12.9,29.4,False
47202263000,1789117584037592000,,video_contact_only,Unfold shirt,33.3,0.4153892100930049,16.9,33.3,28.2,20.8,12.9,29.4,False
47242268000,1789117584077597000,,video_contact_only,Unfold shirt,32.9,0.4148613235966807,16.9,32.9,28.2,20.8,12.9,29.4,False
47282268000,1789117584117597000,,video_contact_only,Unfold shirt,32.9,0.4143083327494695,16.9,32.9,28.2,20.8,12.9,29.4,False
47302268000,1789117584137597000,,video_contact_only,Unfold shirt,32.9,0.41402256396349757,16.9,32.9,28.2,20.8,12.9,29.4,False
47382273000,1789117584217602000,3388,video_contact_and_recorded_pose,Unfold shirt,28.6,0.4128191274194331,16.9,28.6,25.5,18.8,11.4,25.5,False
47402273000,1789117584237602000,3390,video_contact_and_recorded_pose,Unfold shirt,28.6,0.41250354539397865,16.9,28.6,27.5,20,11.8,25.5,False
47422273000,1789117584257602000,3391,video_contact_and_recorded_pose,Unfold shirt,29,0.41218219892218866,16.9,29,27.8,20.4,11.8,25.5,False
47462277000,1789117584297606000,3394,video_contact_and_recorded_pose,Unfold shirt,29.4,0.41152240940540574,16.9,29.4,27.5,19.6,11.4,25.5,False
47522277000,1789117584357606000,3398,video_contact_and_recorded_pose,Unfold shirt,29.4,0.4104912382704916,16.9,29.4,27.1,19.6,11,25.1,False
47562282000,1789117584397611000,3401,video_contact_and_recorded_pose,Unfold shirt,27.8,0.4097767470712941,16.9,27.8,24.7,18,10.6,25.5,False
47582282000,1789117584417611000,3403,video_contact_and_recorded_pose,Unfold shirt,27.5,0.40941165742951285,16.9,27.5,23.5,17.3,10.6,25.5,False
47602282000,1789117584437611000,3404,video_contact_and_recorded_pose,Unfold shirt,27.5,0.4090413970566731,16.9,27.5,25.1,18.8,11.4,25.1,False
47642286000,1789117584477615000,3407,video_contact_and_recorded_pose,Unfold shirt,27.5,0.4082855513977123,16.9,27.5,24.7,19.2,11.4,25.5,False
47702287000,1789117584537616000,3411,video_contact_and_recorded_pose,Unfold shirt,28.6,0.40711474362300143,16.9,27.1,28.6,20,11.4,25.5,False
47742291000,1789117584577620000,3414,video_contact_and_recorded_pose,Unfold shirt,27.1,0.4063101519187892,16.9,27.1,27.1,19.6,11.4,25.1,False
47782291000,1789117584617620000,3417,video_contact_and_recorded_pose,Unfold shirt,26.7,0.4054870677961267,16.5,26.7,25.9,19.6,11.4,25.1,False
47802291000,1789117584637620000,3418,video_contact_and_recorded_pose,Unfold shirt,26.7,0.4050687261761898,16.5,26.7,25.5,19.6,11.4,25.1,False
47842296000,1789117584677625000,3421,video_contact_and_recorded_pose,Unfold shirt,26.7,0.4042186663109493,16.5,26.7,24.7,19.6,11.4,25.1,False
47882296000,1789117584717625000,3424,video_contact_and_recorded_pose,Unfold shirt,26.3,0.40335145903353203,16.5,26.3,24.3,19.6,11.4,25.1,False
47922300000,1789117584757629000,3426,video_contact_and_recorded_pose,Unfold shirt,26.3,0.4024674377085933,16.5,26.3,23.9,19.2,11.4,24.7,False
47962300000,1789117584797629000,3429,video_contact_and_recorded_pose,Unfold shirt,26.3,0.4015673068872243,16.5,26.3,23.5,18.8,11,24.7,False
47982300000,1789117584817629000,3431,video_contact_and_recorded_pose,Unfold shirt,26.3,0.40111133249084996,16.5,26.3,23.1,18.4,11,24.3,False
48022305000,1789117584857634000,3434,video_contact_and_recorded_pose,Unfold shirt,26.3,0.40018777918146337,16.5,26.3,23.1,18.4,11,24.3,False
48042305000,1789117584877634000,3435,video_contact_and_recorded_pose,Unfold shirt,26.3,0.3997204476475584,16.5,26.3,23.1,18.4,11,24.3,False
48082305000,1789117584917634000,3438,video_contact_and_recorded_pose,Unfold shirt,31,0.39877489016876494,16.5,31,30.2,21.2,12.5,24.3,False
48122310000,1789117584957639000,3441,video_contact_and_recorded_pose,Unfold shirt,30.2,0.39781512576181743,16.5,30.2,25.5,18,11,24.7,False
48162310000,1789117584997639000,3444,video_contact_and_recorded_pose,Unfold shirt,27.5,0.39684192211332814,16.5,27.5,23.1,16.5,10.2,25.1,False
48182310000,1789117585017639000,3445,video_contact_and_recorded_pose,Unfold shirt,26.3,0.39635040082885575,16.1,26.3,22.4,16.1,9.8,25.1,False
48242314000,1789117585077643000,3449,video_contact_and_recorded_pose,Unfold shirt,27.1,0.39485685023399114,16.1,27.1,22.7,16.9,10.2,24.3,False
48302319000,1789117585137648000,3454,video_contact_and_recorded_pose,Unfold shirt,26.7,0.3933363264868108,16.1,26.7,23.1,16.9,10.6,24.3,False
48342319000,1789117585177648000,3456,video_contact_and_recorded_pose,Unfold shirt,26.7,0.39230863844821107,16.1,26.7,23.5,17.6,11,24.3,False
48382319000,1789117585217648000,3459,video_contact_and_recorded_pose,Unfold shirt,26.7,0.3912702946635349,16.1,26.7,23.5,17.6,11,24.3,False
48422323000,1789117585257652000,3462,video_contact_and_recorded_pose,Unfold shirt,26.7,0.39022171751726953,16.1,26.7,23.5,17.6,11,24.3,False
48442324000,1789117585277653000,3464,video_contact_and_recorded_pose,Unfold shirt,26.7,0.389693821589444,16.1,26.7,23.5,17.6,11,24.3,False
48482324000,1789117585317653000,3467,video_contact_and_recorded_pose,Unfold shirt,26.7,0.38863114608281324,16.1,26.7,23.9,17.6,11,23.9,False
48562328000,1789117585397657000,3472,video_contact_and_recorded_pose,Unfold shirt,26.7,0.3864797884422734,15.7,26.7,24.3,17.6,11,23.5,False
48582328000,1789117585417657000,3474,video_contact_and_recorded_pose,Unfold shirt,26.3,0.38593696507090425,15.7,26.3,24.3,17.6,11,23.1,False
48602333000,1789117585437662000,3475,video_contact_and_recorded_pose,Unfold shirt,26.3,0.3853921329709663,15.7,26.3,23.9,17.6,10.6,23.1,False
48622333000,1789117585457662000,3477,video_contact_and_recorded_pose,Unfold shirt,25.9,0.3848456304692321,15.7,25.9,23.9,17.3,10.2,22.7,False
48642333000,1789117585477662000,3478,video_contact_and_recorded_pose,Unfold shirt,25.9,0.3842973875880766,15.7,25.9,23.5,17.3,10.2,22.7,False
48702337000,1789117585537666000,3482,video_contact_and_recorded_pose,Unfold shirt,25.5,0.3826427655552161,15.7,25.5,23.1,16.9,9.8,22.4,False
48742337000,1789117585577666000,3485,video_contact_and_recorded_pose,Unfold shirt,25.1,0.38153226494054304,15.7,25.1,22.7,16.5,9.8,22.4,False
48762338000,1789117585597667000,3487,video_contact_and_recorded_pose,Unfold shirt,25.1,0.3809749368894001,15.7,25.1,22.7,16.5,9.8,22.4,False
48802342000,1789117585637671000,3490,video_contact_and_recorded_pose,Unfold shirt,25.5,0.37985645451848,15.7,25.5,22.7,16.5,10.2,22.4,False
48842342000,1789117585677671000,3492,video_contact_and_recorded_pose,Unfold shirt,25.9,0.37873349708111353,15.7,25.9,23.1,16.5,10.2,22.4,False
48882347000,1789117585717676000,3495,video_contact_and_recorded_pose,Unfold shirt,25.5,0.37760633959892925,15.7,25.5,22.7,16.5,9.8,22.4,False
48922347000,1789117585757676000,3498,video_contact_and_recorded_pose,Unfold shirt,25.5,0.37647579160157796,15.3,25.5,22.7,16.5,9.8,22,False
48962347000,1789117585797676000,3501,video_contact_and_recorded_pose,Unfold shirt,25.1,0.37534224017519763,15.3,25.1,22.4,16.1,9.8,22,False
49002351000,1789117585837680000,3504,video_contact_and_recorded_pose,Unfold shirt,25.1,0.3742060993313975,15.3,25.1,22,16.1,9.8,21.6,False
49062351000,1789117585897680000,3508,video_contact_and_recorded_pose,Unfold shirt,24.7,0.3724985708314603,15.3,24.7,22,16.1,10.2,21.6,False
49082356000,1789117585917685000,3510,video_contact_and_recorded_pose,Unfold shirt,24.7,0.3719285860429672,15.3,24.7,22,16.1,9.8,21.6,False
49102356000,1789117585937685000,3511,video_contact_and_recorded_pose,Unfold shirt,24.7,0.3713585205746239,15.3,24.7,22,16.1,9.8,22,False
49142356000,1789117585977685000,3514,video_contact_and_recorded_pose,Unfold shirt,24.7,0.3702179841770634,15.3,24.7,22,16.1,9.8,21.6,False
49162360000,1789117585997689000,3515,video_contact_and_recorded_pose,Unfold shirt,24.7,0.36964753111205545,15.3,24.7,22,16.1,9.8,21.6,False
49242361000,1789117586077690000,,video_contact_only,Unfold shirt,29.4,0.36736721395476074,14.9,29.4,25.1,18.4,11.4,25.9,False
49282365000,1789117586117694000,,video_contact_only,Unfold shirt,29.4,0.36622851977441073,14.9,29.4,24.7,18.4,11.4,25.9,False
49302365000,1789117586137694000,,video_contact_only,Unfold shirt,29,0.3656598515255263,14.9,29,24.7,18.4,11.4,25.9,False
49342365000,1789117586177694000,,video_contact_only,Unfold shirt,29,0.3645240886079132,14.9,29,24.7,18.4,11.4,25.9,False
49382370000,1789117586217699000,,video_contact_only,Unfold shirt,29,0.363390722091779,14.9,29,24.7,18.4,11.4,25.9,False
49402370000,1789117586237699000,,video_contact_only,Unfold shirt,29,0.3628252263852171,14.9,29,24.7,18.4,11.4,25.9,False
49442370000,1789117586277699000,,video_contact_only,Unfold shirt,29,0.3616967980777108,14.9,29,24.7,18,11.4,25.5,False
49462374000,1789117586297703000,,video_contact_only,Unfold shirt,28.6,0.3611338849476135,14.9,28.6,24.3,18,11.4,25.5,False
49522374000,1789117586357703000,,video_contact_only,Unfold shirt,28.6,0.3594519291252669,14.9,28.6,24.3,18,11.4,25.5,False
49542375000,1789117586377704000,,video_contact_only,Unfold shirt,28.6,0.35889361771623746,14.9,28.6,24.3,18,11.4,25.5,False
49582379000,1789117586417708000,,video_contact_only,Unfold shirt,28.6,0.3577808882251109,14.5,28.6,24.3,18,11.4,25.5,False
49622379000,1789117586457708000,,video_contact_only,Unfold shirt,28.6,0.35667397464527983,14.5,28.6,24.3,18,11.4,25.1,False
49662384000,1789117586497713000,,video_contact_only,Unfold shirt,28.2,0.3555731559941837,14.5,28.2,23.9,18,11,25.1,False
49702384000,1789117586537713000,,video_contact_only,Unfold shirt,28.2,0.35447923521758845,14.5,28.2,23.9,17.6,11,25.1,False
49742388000,1789117586577717000,,video_contact_only,Unfold shirt,28.2,0.35339249376907816,14.5,28.2,23.9,17.6,11,25.1,False
49762388000,1789117586597717000,,video_contact_only,Unfold shirt,28.2,0.35285207534902696,14.5,28.2,23.9,17.6,11,25.1,False
49802388000,1789117586637717000,,video_contact_only,Unfold shirt,28.2,0.3517773639062062,14.5,28.2,23.9,17.6,11,25.1,False
49862393000,1789117586697722000,3566,video_contact_and_recorded_pose,Unfold shirt,25.5,0.3501814675872676,14.5,25.5,24.3,17.6,10.2,21.2,False
49882393000,1789117586717722000,3567,video_contact_and_recorded_pose,Unfold shirt,25.5,0.3496541581032926,14.5,25.5,24.3,17.6,10.2,21.2,False
49922393000,1789117586757722000,,video_contact_only,Unfold shirt,27.8,0.34860685195328417,14.1,27.8,23.5,17.6,11,24.7,False
49962398000,1789117586797727000,,video_contact_only,Unfold shirt,27.8,0.34756960701376755,14.1,27.8,23.5,17.6,11,24.7,False
49982398000,1789117586817727000,,video_contact_only,Unfold shirt,27.8,0.34705503594669435,14.1,27.8,23.5,17.3,11,24.7,False
50022398000,1789117586857727000,,video_contact_only,Unfold shirt,27.5,0.3460341961559516,14.1,27.5,23.5,17.3,11,24.7,False
50062402000,1789117586897731000,,video_contact_only,Unfold shirt,27.5,0.34502476558362505,14.1,27.5,23.5,17.3,11,24.3,False
50102402000,1789117586937731000,,video_contact_only,Unfold shirt,27.5,0.3440274738601471,14.1,27.5,23.5,17.3,11,24.3,False
50142407000,1789117586977736000,,video_contact_only,Unfold shirt,27.5,0.34304262490537846,14.1,27.5,23.1,17.3,10.6,24.3,False
50202407000,1789117587037736000,,video_contact_only,Unfold shirt,27.5,0.3415902512888882,14.1,27.5,23.1,17.3,10.6,24.3,False
50222411000,1789117587057740000,,video_contact_only,Unfold shirt,27.1,0.34111288590386923,14.1,27.1,23.1,17.3,10.6,24.3,False
50242411000,1789117587077740000,,video_contact_only,Unfold shirt,27.1,0.3406391534052606,14.1,27.1,23.1,17.3,10.6,24.3,False
50282411000,1789117587117740000,,video_contact_only,Unfold shirt,27.1,0.33970256351764805,14.1,27.1,23.1,17.3,10.6,23.9,False
50342416000,1789117587177745000,,video_contact_only,Unfold shirt,27.1,0.33832574266081233,13.7,27.1,23.1,16.9,10.6,23.9,False
50382416000,1789117587217745000,,video_contact_only,Unfold shirt,27.1,0.33742749403172684,13.7,27.1,22.7,16.9,10.6,23.9,False
50402416000,1789117587237745000,,video_contact_only,Unfold shirt,27.1,0.3369844339648494,13.7,27.1,22.7,16.9,10.6,23.9,False
50422421000,1789117587257750000,,video_contact_only,Unfold shirt,26.7,0.3365453954728262,13.7,26.7,22.7,16.9,10.6,23.9,False
50482421000,1789117587317750000,,video_contact_only,Unfold shirt,26.7,0.3352540552114156,13.7,26.7,22.7,16.9,10.6,23.9,False
50522425000,1789117587357754000,,video_contact_only,Unfold shirt,26.7,0.33441494206539657,13.7,26.7,22.7,16.9,10.6,23.5,False
50562425000,1789117587397754000,,video_contact_only,Unfold shirt,26.7,0.3335940201311423,13.7,26.7,22.7,16.9,10.6,23.5,False
50582425000,1789117587417754000,,video_contact_only,Unfold shirt,26.7,0.3331905139845964,13.7,26.7,22.7,16.9,10.6,23.5,False
50622430000,1789117587457759000,,video_contact_only,Unfold shirt,26.7,0.3323976432646588,13.7,26.7,22.4,16.9,10.6,23.5,False
50662430000,1789117587497759000,,video_contact_only,Unfold shirt,26.3,0.3316242986216901,13.7,26.3,22.4,16.9,10.6,23.5,False
50702434000,1789117587537763000,,video_contact_only,Unfold shirt,26.3,0.3308708331638975,13.7,26.3,22.4,16.5,10.6,23.5,False
50722435000,1789117587557764000,,video_contact_only,Unfold shirt,26.3,0.33050176778280405,13.7,26.3,22.4,16.5,10.2,23.5,False
50742435000,1789117587577764000,,video_contact_only,Unfold shirt,26.3,0.33013790727153386,13.7,26.3,22.4,16.5,10.2,23.5,False
50782435000,1789117587617764000,3632,video_contact_and_recorded_pose,Unfold shirt,23.9,0.3294260089760148,13.3,23.9,21.2,15.7,9,21.2,False
50822439000,1789117587657768000,3635,video_contact_and_recorded_pose,Unfold shirt,23.9,0.3287355794753451,13.3,23.9,20.8,15.7,9.4,21.6,False
50862439000,1789117587697768000,3638,video_contact_and_recorded_pose,Unfold shirt,23.9,0.3280672846061224,13.3,23.9,20.8,15.7,9.4,21.6,False
50902444000,1789117587737773000,,video_contact_only,Unfold shirt,26.3,0.32742150268854686,13.3,26.3,22.4,16.5,10.2,23.1,False
50942444000,1789117587777773000,,video_contact_only,Unfold shirt,25.9,0.3267989229234193,13.3,25.9,22.4,16.5,10.2,23.1,False
50962444000,1789117587797773000,,video_contact_only,Unfold shirt,25.9,0.3264964679598149,13.3,25.9,22,16.5,10.2,23.1,False
51002448000,1789117587837777000,,video_contact_only,Unfold shirt,25.9,0.3259095002181208,13.3,25.9,22,16.5,10.2,23.1,False
51062449000,1789117587897778000,,video_contact_only,Unfold shirt,25.9,0.3250751137434832,13.3,25.9,22,16.5,10.2,23.1,False
51102453000,1789117587937782000,,video_contact_only,Unfold shirt,25.9,0.3245502432349566,13.3,25.9,22,16.5,10.2,23.1,False
51122453000,1789117587957782000,,video_contact_only,Unfold shirt,25.9,0.3242974614010439,13.3,25.9,22,16.5,10.2,23.1,False
51162453000,1789117587997782000,,video_contact_only,Unfold shirt,25.9,0.32381148064710097,13.3,25.9,22,16.5,10.2,23.1,False
51202458000,1789117588037787000,,video_contact_only,Unfold shirt,25.9,0.3233519944648978,13.3,25.9,22,16.1,10.2,22.7,False
51282462000,1789117588117791000,,video_contact_only,Unfold shirt,25.9,0.3225148632590228,13.3,25.9,22,16.1,10.2,22.7,False
51342462000,1789117588177791000,,video_contact_only,Unfold shirt,25.9,0.32196066812306134,13.3,25.9,22,16.1,10.2,22.7,False
51382467000,1789117588217796000,3675,video_contact_and_recorded_pose,Unfold shirt,24.7,0.32162721138531447,13.3,24.7,23.5,17.3,10.6,20,False
51402467000,1789117588237796000,3677,video_contact_and_recorded_pose,Unfold shirt,24.7,0.32147151664421625,13.3,24.7,23.5,17.3,10.6,20,False
51442467000,1789117588277796000,,video_contact_only,Unfold shirt,25.5,0.32118248074719646,13.3,25.5,22,16.1,10.2,22.7,False
51482472000,1789117588317801000,,video_contact_only,Unfold shirt,25.5,0.32092365896111236,13.3,25.5,22,16.1,10.2,22.7,False
51522472000,1789117588357801000,,video_contact_only,Unfold shirt,25.5,0.32069564375882265,13.3,25.5,21.6,16.1,10.2,22.7,False
51562472000,1789117588397801000,,video_contact_only,Unfold shirt,25.5,0.3204989286108936,13.3,25.5,21.6,16.1,10.2,22.7,False
51602476000,1789117588437805000,,video_contact_only,Unfold shirt,25.5,0.3203340263582563,13.3,25.5,21.6,16.1,10.2,22.7,False
51642476000,1789117588477805000,,video_contact_only,Unfold shirt,25.5,0.3202014977425683,13.3,25.5,21.6,16.1,10.2,22.7,False
51702481000,1789117588537810000,,video_contact_only,Unfold shirt,25.5,0.3200645175787598,12.9,25.5,21.6,16.1,10.2,22.7,False
51722481000,1789117588557810000,,video_contact_only,Unfold shirt,25.5,0.3200356118690074,12.9,25.5,21.6,16.1,10.2,22.7,False
51742481000,1789117588577810000,,video_contact_only,Unfold shirt,25.5,0.32001519085318836,12.9,25.5,21.6,16.1,10.2,22.7,False
51782485000,1789117588617814000,,video_contact_only,Align shirt,25.5,0.32000016458173075,12.9,25.5,21.6,16.1,10.2,22.7,False
51802486000,1789117588637815000,,video_contact_only,Align shirt,25.5,0.3200134158311483,12.9,25.5,21.6,16.1,10.2,22.7,False
51862490000,1789117588697819000,,video_contact_only,Align shirt,25.5,0.32017812971252,13.3,25.5,21.6,16.1,10.2,22.7,False
51882490000,1789117588717819000,,video_contact_only,Align shirt,25.5,0.32027373229618816,13.3,25.5,21.6,16.1,10.2,22.7,False
51922490000,1789117588757819000,3714,video_contact_and_recorded_pose,Align shirt,22,0.32052428011241335,13.3,22,19.2,14.1,8.2,20,False
51982495000,1789117588817824000,3719,video_contact_and_recorded_pose,Align shirt,22,0.32104424214557664,13.3,22,19.2,13.7,8.2,19.6,False
52022495000,1789117588857824000,3721,video_contact_and_recorded_pose,Align shirt,21.6,0.3214836004685218,13.3,21.6,18.8,13.3,7.8,19.2,False
52062499000,1789117588897828000,3724,video_contact_and_recorded_pose,Align shirt,22.4,0.3219945514447254,13.3,22.4,18.8,13.3,8.2,19.2,False
52102499000,1789117588937828000,3727,video_contact_and_recorded_pose,Align shirt,22,0.322574717149021,13.3,22,18.4,13.3,7.8,19.2,False
52122499000,1789117588957828000,3729,video_contact_and_recorded_pose,Align shirt,23.1,0.3228900622447242,13.3,23.1,18.4,13.3,7.8,19.2,False
52162504000,1789117588997833000,3732,video_contact_and_recorded_pose,Align shirt,23.9,0.3235699436963178,13.3,23.9,18.4,13.3,8.2,19.6,False
52242508000,1789117589077837000,3737,video_contact_and_recorded_pose,Align shirt,25.1,0.32511807200488413,13.3,25.1,18.8,13.3,8.2,19.6,False
52262509000,1789117589097838000,3739,video_contact_and_recorded_pose,Align shirt,25.5,0.32554270759320597,13.3,25.5,18.8,13.3,8.2,19.6,False
52282509000,1789117589117838000,3740,video_contact_and_recorded_pose,Align shirt,25.9,0.3259817933004363,13.3,25.9,18.8,13.3,8.2,20,False
52302509000,1789117589137838000,3741,video_contact_and_recorded_pose,Align shirt,25.9,0.3264350655463335,13.3,25.9,18.8,13.3,8.2,20.4,False
52362513000,1789117589197842000,3745,video_contact_and_recorded_pose,Align shirt,26.7,0.327877257211238,13.3,26.7,18.8,13.3,8.2,20.8,False
52422513000,1789117589257842000,3749,video_contact_and_recorded_pose,Align shirt,27.1,0.3294367951577245,13.3,27.1,18.8,13.3,8.2,21.2,False
52442518000,1789117589277847000,3751,video_contact_and_recorded_pose,Align shirt,27.1,0.3299815487955647,13.7,27.1,18.8,13.3,8.2,21.2,False
52462518000,1789117589297847000,3752,video_contact_and_recorded_pose,Align shirt,27.1,0.3305380786467088,13.7,27.1,18.8,13.3,8.2,21.2,False
52502518000,1789117589337847000,3755,video_contact_and_recorded_pose,Align shirt,27.1,0.3316857331365525,13.7,27.1,19.2,13.3,8.2,20.8,False
52542522000,1789117589377851000,3758,video_contact_and_recorded_pose,Align shirt,27.1,0.33287773903782714,13.7,27.1,19.2,13.7,8.2,20.8,False
52602523000,1789117589437852000,3762,video_contact_and_recorded_pose,Align shirt,27.5,0.3347435574164084,13.7,27.5,19.2,13.7,8.2,20.4,False
52642527000,1789117589477856000,3765,video_contact_and_recorded_pose,Align shirt,27.8,0.3360361974332619,13.7,27.8,19.2,13.7,8.2,20.8,False
52682527000,1789117589517856000,3768,video_contact_and_recorded_pose,Align shirt,27.8,0.33736497521881753,13.7,27.8,19.6,13.7,8.2,21.2,False
52722532000,1789117589557861000,3771,video_contact_and_recorded_pose,Align shirt,27.5,0.33872791495518584,13.7,27.5,19.6,13.7,8.6,22,False
52762532000,1789117589597861000,3774,video_contact_and_recorded_pose,Align shirt,27.5,0.34012240015742057,14.1,27.5,20,13.7,8.6,22.7,False
52782532000,1789117589617861000,3775,video_contact_and_recorded_pose,Align shirt,27.5,0.34083082429809364,14.1,27.5,20,14.1,8.6,22.7,False
52842536000,1789117589677865000,3780,video_contact_and_recorded_pose,Align shirt,27.5,0.3429975559360057,14.1,27.5,20.4,14.1,8.6,23.1,False
52882536000,1789117589717865000,3782,video_contact_and_recorded_pose,Align shirt,27.5,0.3444735313851581,14.1,27.5,20.4,14.5,8.6,23.5,False
52922541000,1789117589757870000,3785,video_contact_and_recorded_pose,Align shirt,27.8,0.3459723067615352,14.1,27.8,20.8,14.5,8.6,24.3,False
52962541000,1789117589797870000,3788,video_contact_and_recorded_pose,Align shirt,27.8,0.347491231625525,14.1,27.8,21.2,14.9,9,24.7,False
52982541000,1789117589817870000,3789,video_contact_and_recorded_pose,Align shirt,27.8,0.3482576087384086,14.1,27.8,21.2,14.9,9,25.1,False
53022546000,1789117589857875000,3792,video_contact_and_recorded_pose,Align shirt,28.2,0.34980296421183404,14.5,28.2,21.2,14.9,9,25.5,False
53062546000,1789117589897875000,3795,video_contact_and_recorded_pose,Align shirt,28.2,0.3513627738221812,14.5,28.2,21.6,14.9,9,25.5,False
53102550000,1789117589937879000,3798,video_contact_and_recorded_pose,Align shirt,27.8,0.35293511190974003,14.5,27.8,21.6,15.3,9,25.9,False
53122550000,1789117589957879000,3800,video_contact_and_recorded_pose,Align shirt,27.8,0.3537251304569991,14.5,27.8,21.6,15.3,9,25.9,False
53162550000,1789117589997879000,3803,video_contact_and_recorded_pose,Align shirt,28.2,0.3553116009737401,14.5,28.2,21.6,15.3,9,26.3,False
53202555000,1789117590037884000,3805,video_contact_and_recorded_pose,Align shirt,28.2,0.3569049525573148,14.5,28.2,21.6,15.3,9,26.3,False
53242555000,1789117590077884000,3808,video_contact_and_recorded_pose,Align shirt,28.2,0.35850251112701575,14.9,28.2,22,15.3,9.4,26.7,False
53262555000,1789117590097884000,,video_contact_only,Align shirt,28.6,0.35930223146075485,14.9,28.6,24.3,18,11.4,25.5,False
53322559000,1789117590157888000,,video_contact_only,Align shirt,29,0.3617019031954056,14.9,29,24.7,18,11.4,25.5,False
53342560000,1789117590177889000,,video_contact_only,Align shirt,29,0.36250094907007274,14.9,29,24.7,18,11.4,25.9,False
53382560000,1789117590217889000,,video_contact_only,Align shirt,29,0.36409600721269786,14.9,29,24.7,18.4,11.4,25.9,False
53422564000,1789117590257893000,,video_contact_only,Align shirt,29,0.36568538938562195,14.9,29,24.7,18.4,11.4,25.9,False
53442564000,1789117590277893000,,video_contact_only,Align shirt,29.4,0.3664771017029802,14.9,29.4,24.7,18.4,11.4,25.9,False
53482564000,1789117590317893000,,video_contact_only,Align shirt,29.4,0.36805330582925294,15.3,29.4,25.1,18.4,11.4,26.3,False
53522569000,1789117590357898000,,video_contact_only,Align shirt,29.4,0.3696181810845468,15.3,29.4,25.1,18.4,11.8,26.3,False
53562569000,1789117590397898000,,video_contact_only,Align shirt,29.8,0.3711690605063466,15.3,29.8,25.1,18.8,11.8,26.3,False
53602573000,1789117590437902000,,video_contact_only,Align shirt,29.8,0.3727040174924447,15.3,29.8,25.1,18.8,11.8,26.3,False
53622573000,1789117590457902000,,video_contact_only,Align shirt,29.8,0.3734646794893649,15.3,29.8,25.5,18.8,11.8,26.7,False
53662573000,1789117590497902000,,video_contact_only,Align shirt,29.8,0.37497110259076055,15.3,29.8,25.5,18.8,11.8,26.7,False
53742578000,1789117590577907000,,video_contact_only,Align shirt,30.2,0.3779165617592325,15.7,30.2,25.5,18.8,11.8,26.7,False
53762578000,1789117590597907000,,video_contact_only,Align shirt,30.2,0.3786371436972173,15.7,30.2,25.5,19.2,11.8,26.7,False
53782583000,1789117590617912000,,video_contact_only,Align shirt,30.2,0.37935103985145496,15.7,30.2,25.9,19.2,11.8,27.1,False
53842583000,1789117590677912000,3851,video_contact_and_recorded_pose,Align shirt,27.8,0.3814481655561065,15.7,27.8,24.3,17.6,10.2,26.3,False
53862583000,1789117590697912000,3853,video_contact_and_recorded_pose,Align shirt,27.5,0.38213158435602756,15.7,27.5,23.5,16.9,10.2,25.9,False
53882587000,1789117590717916000,3854,video_contact_and_recorded_pose,Align shirt,26.7,0.3828068517099978,15.7,26.7,24.3,17.3,10.6,25.5,False
53922587000,1789117590757916000,3857,video_contact_and_recorded_pose,Align shirt,26.7,0.38413111986580056,15.7,26.7,24.3,17.3,10.6,25.1,False
53962587000,1789117590797916000,3860,video_contact_and_recorded_pose,Align shirt,26.7,0.3854188319611589,15.7,26.7,24.7,18,11.4,25.1,False
54002592000,1789117590837921000,3863,video_contact_and_recorded_pose,Align shirt,27.1,0.3866678660284652,15.7,27.1,25.1,18.4,11.4,25.1,False
54042592000,1789117590877921000,3865,video_contact_and_recorded_pose,Align shirt,26.7,0.3878756340556315,16.1,26.7,25.5,18.4,11.4,25.5,False
54102597000,1789117590937926000,3869,video_contact_and_recorded_pose,Align shirt,26.7,0.38960537169089565,16.1,26.7,25.5,18.4,11.4,25.5,False
54122597000,1789117590957926000,3871,video_contact_and_recorded_pose,Align shirt,26.3,0.39015888241169827,16.1,26.3,25.5,18.4,11.4,25.5,False
54162601000,1789117590997930000,3874,video_contact_and_recorded_pose,Align shirt,26.7,0.39122977320932195,16.1,26.7,25.5,18.8,11.4,25.9,False
54202601000,1789117591037930000,3876,video_contact_and_recorded_pose,Align shirt,26.7,0.39225034430369754,16.1,26.7,25.9,19.2,11.8,25.9,False
54242601000,1789117591077930000,3879,video_contact_and_recorded_pose,Align shirt,27.1,0.3932184296522953,16.1,27.1,25.9,19.2,12.2,26.3,False
54302606000,1789117591137935000,3884,video_contact_and_recorded_pose,Align shirt,27.1,0.394567276171377,16.1,27.1,25.9,19.2,12.2,26.3,False
54322606000,1789117591157935000,3885,video_contact_and_recorded_pose,Align shirt,27.5,0.3949881442657524,16.1,27.5,26.3,19.6,12.2,26.3,False
54342606000,1789117591177935000,3887,video_contact_and_recorded_pose,Align shirt,27.5,0.3953941841859056,16.1,27.5,26.3,19.6,12.2,26.3,False
54422611000,1789117591257940000,3892,video_contact_and_recorded_pose,Align shirt,28.6,0.39686445718614616,16.5,28.6,26.7,19.6,12.5,26.7,False
54462615000,1789117591297944000,3895,video_contact_and_recorded_pose,Align shirt,28.6,0.39750323938845356,16.5,28.6,26.7,19.6,12.5,26.3,False
54482615000,1789117591317944000,3897,video_contact_and_recorded_pose,Align shirt,28.2,0.39779751001189956,16.5,28.2,26.7,19.6,12.2,26.3,False
54522615000,1789117591357944000,3899,video_contact_and_recorded_pose,Align shirt,28.2,0.39833445524101363,16.5,28.2,26.7,20,12.2,25.9,False
54562620000,1789117591397949000,3902,video_contact_and_recorded_pose,Align shirt,28.2,0.3988007632516698,16.5,28.2,26.7,19.6,12.2,25.9,False
54582620000,1789117591417949000,3904,video_contact_and_recorded_pose,Align shirt,28.2,0.399006665545809,16.5,28.2,26.7,19.2,12.2,25.9,False
54602620000,1789117591437949000,3905,video_contact_and_recorded_pose,Align shirt,27.8,0.3991940416888372,16.5,27.8,26.7,19.6,12.2,25.9,False
54662624000,1789117591497953000,3910,video_contact_and_recorded_pose,Align shirt,27.8,0.3996421928277104,16.5,27.8,26.7,19.6,12.2,25.9,False
54702624000,1789117591537953000,3913,video_contact_and_recorded_pose,Align shirt,27.8,0.39984309066329493,16.5,27.8,26.7,19.6,12.2,25.9,False
54742629000,1789117591577958000,3915,video_contact_and_recorded_pose,Align shirt,27.5,0.3999630668423213,16.5,27.5,26.7,19.6,12.2,25.5,False
54782629000,1789117591617958000,3918,video_contact_and_recorded_pose,Align edges,27.5,0.39999988487328225,16.5,27.5,26.3,19.6,12.2,25.5,False
54802629000,1789117591637958000,3920,video_contact_and_recorded_pose,Align edges,27.5,0.39999150838994324,16.5,27.5,26.3,19.6,12.2,25.5,False
54822629000,1789117591657958000,3921,video_contact_and_recorded_pose,Align edges,27.5,0.3999699997199375,16.5,27.5,26.3,19.6,12.2,25.5,False
54882634000,1789117591717963000,3925,video_contact_and_recorded_pose,Align edges,27.8,0.39982844184762734,16.5,27.8,26.7,19.6,12.2,25.9,False
54922634000,1789117591757963000,3927,video_contact_and_recorded_pose,Align edges,27.8,0.39967167315042257,16.5,27.8,26.3,19.6,12.2,25.9,False
54962638000,1789117591797967000,3929,video_contact_and_recorded_pose,Align edges,27.8,0.3994666196820138,16.5,27.8,26.3,19.2,11.8,26.3,False
54982638000,1789117591817967000,3931,video_contact_and_recorded_pose,Align edges,28.2,0.39934644828920873,16.5,28.2,26.3,19.2,11.8,26.3,False
55022638000,1789117591857967000,3934,video_contact_and_recorded_pose,Align edges,28.2,0.39907168696137646,16.5,28.2,25.9,19.2,11.8,25.9,False
55042643000,1789117591877972000,3935,video_contact_and_recorded_pose,Align edges,28.2,0.3989174126407121,16.5,28.2,25.9,18.8,11.8,25.9,False
55102643000,1789117591937972000,3939,video_contact_and_recorded_pose,Align edges,27.8,0.3983894199243448,16.5,27.8,25.5,18.4,11.4,25.1,False
55122647000,1789117591957976000,3941,video_contact_and_recorded_pose,Align edges,27.8,0.39819221405610067,16.5,27.8,25.5,18.4,11.4,25.1,False
55162647000,1789117591997976000,3944,video_contact_and_recorded_pose,Align edges,27.8,0.39776719413607503,16.5,27.8,25.1,18.4,11.4,25.1,False
55182647000,1789117592017976000,3945,video_contact_and_recorded_pose,Align edges,27.8,0.3975396972471733,16.5,27.8,25.1,18.4,11.4,25.5,False
55242652000,1789117592077981000,3949,video_contact_and_recorded_pose,Align edges,27.8,0.39679932698136045,16.5,27.8,25.5,18.8,12.2,26.3,False
55282652000,1789117592117981000,3952,video_contact_and_recorded_pose,Align edges,27.8,0.39625938488644374,16.1,27.8,25.5,19.2,12.2,26.7,False
55302652000,1789117592137981000,3954,video_contact_and_recorded_pose,Align edges,27.8,0.3959760269767631,16.1,27.8,25.9,19.2,12.5,26.7,False
55342657000,1789117592177986000,3956,video_contact_and_recorded_pose,Align edges,28.2,0.39538335013387893,16.1,28.2,27.1,20,12.5,26.7,False
55382657000,1789117592217986000,3959,video_contact_and_recorded_pose,Align edges,28.6,0.3947574174729822,16.1,28.6,28.2,20.4,13.3,26.3,False
55422661000,1789117592257990000,3962,video_contact_and_recorded_pose,Align edges,29,0.3940995119513562,16.1,29,29,21.2,13.7,25.9,False
55442661000,1789117592277990000,3964,video_contact_and_recorded_pose,Align edges,29,0.3937590712211904,16.1,29,29,21.6,13.7,25.5,False
55482661000,1789117592317990000,3967,video_contact_and_recorded_pose,Align edges,29.8,0.3930560384986368,16.1,29.8,29.4,21.6,13.7,25.5,False
55522666000,1789117592357995000,3969,video_contact_and_recorded_pose,Align edges,29.8,0.3923245628093373,16.1,29.8,29.4,21.6,13.7,25.1,False
55562666000,1789117592397995000,3972,video_contact_and_recorded_pose,Align edges,29.4,0.39156624936973256,16.1,29.4,29.4,21.6,13.7,25.1,False
55602670000,1789117592437999000,3975,video_contact_and_recorded_pose,Align edges,29.4,0.3907823511114006,16.1,29.4,29.4,21.6,13.7,25.1,False
55642671000,1789117592478000000,3978,video_contact_and_recorded_pose,Align edges,29.4,0.3899744266522698,16.1,29.4,29.4,21.6,13.7,25.1,False
55682671000,1789117592518000000,3981,video_contact_and_recorded_pose,Align edges,29.4,0.3891438615089695,16.1,29.4,29,21.6,13.7,25.1,False
55702675000,1789117592538004000,3982,video_contact_and_recorded_pose,Align edges,29,0.3887204404753845,16.1,29,29,21.6,13.7,25.5,False
55762675000,1789117592598004000,3987,video_contact_and_recorded_pose,Align edges,29,0.3874203502458011,16.1,27.8,29,21.6,13.7,25.1,False
55782675000,1789117592618004000,3988,video_contact_and_recorded_pose,Align edges,29,0.3869775529100142,16.1,27.8,29,21.6,13.7,25.1,False
55842680000,1789117592678009000,3993,video_contact_and_recorded_pose,Align edges,29,0.3856232336388179,15.7,27.5,29,21.6,13.7,25.1,False
55882680000,1789117592718009000,3995,video_contact_and_recorded_pose,Align edges,29,0.3847006955569216,15.7,27.5,29,21.6,13.3,24.7,False
55902684000,1789117592738013000,3997,video_contact_and_recorded_pose,Align edges,29,0.3842339463545901,15.7,27.5,29,21.6,13.3,24.7,False
55922684000,1789117592758013000,3998,video_contact_and_recorded_pose,Align edges,29,0.38376393621618776,15.7,27.5,29,21.6,13.3,24.3,False
55962685000,1789117592798014000,4001,video_contact_and_recorded_pose,Align edges,29,0.38281454140926213,15.7,26.7,29,21.2,12.9,23.9,False
56022689000,1789117592858018000,4006,video_contact_and_recorded_pose,Align edges,29,0.3813696776247446,15.7,25.9,29,21.2,12.9,23.5,False
56062689000,1789117592898018000,4008,video_contact_and_recorded_pose,Align edges,29,0.3803947664443243,15.7,25.5,29,21.2,13.3,23.5,False
56102694000,1789117592938023000,4011,video_contact_and_recorded_pose,Align edges,29,0.37941200539714315,15.7,25.1,29,21.2,12.9,23.5,False
56122694000,1789117592958023000,4013,video_contact_and_recorded_pose,Align edges,29,0.378918233092914,15.7,25.1,29,21.2,12.9,23.5,False
56142694000,1789117592978023000,4014,video_contact_and_recorded_pose,Align edges,29,0.3784230625131295,15.7,24.7,29,21.2,12.9,23.5,False
56202698000,1789117593038027000,4018,video_contact_and_recorded_pose,Align edges,28.6,0.37693083916381614,15.3,24.3,28.6,20.8,12.5,23.5,False
56242698000,1789117593078027000,4021,video_contact_and_recorded_pose,Align edges,28.6,0.3759323577649438,15.3,24.3,28.6,20.4,12.2,23.1,False
56262698000,1789117593098027000,4022,video_contact_and_recorded_pose,Align edges,28.6,0.37543253081661876,15.3,24.3,28.6,20.4,12.2,23.1,False
56322703000,1789117593158032000,4027,video_contact_and_recorded_pose,Align edges,28.6,0.37393271341071777,15.3,24.3,28.6,20,12.2,23.1,False
56362703000,1789117593198032000,4030,video_contact_and_recorded_pose,Align edges,28.6,0.37293452007718086,15.3,23.9,28.6,20,11.8,22.7,False
56402708000,1789117593238037000,4033,video_contact_and_recorded_pose,Align edges,28.6,0.37193914313123533,15.3,23.9,28.6,20,11.8,22.7,False
56422708000,1789117593258037000,4034,video_contact_and_recorded_pose,Align edges,28.2,0.3714430641860347,15.3,23.9,28.2,20,11.8,22.7,False
56462708000,1789117593298037000,4037,video_contact_and_recorded_pose,Align edges,28.2,0.37045488962007794,15.3,23.9,28.2,20,11.8,22.7,False
56502712000,1789117593338041000,4040,video_contact_and_recorded_pose,Align edges,28.2,0.36947311354299867,15.3,23.9,28.2,20,11.8,22.7,False
56562717000,1789117593398046000,4044,video_contact_and_recorded_pose,Align edges,28.2,0.3680157685533774,15.3,23.5,28.2,19.6,11.8,22.4,False
56602717000,1789117593438046000,4047,video_contact_and_recorded_pose,Align edges,28.2,0.3670565556268985,14.9,23.5,28.2,19.6,11.8,22.4,False
56622717000,1789117593458046000,4049,video_contact_and_recorded_pose,Align edges,28.2,0.3665811631681034,14.9,23.5,28.2,19.6,11.8,22,False
56662721000,1789117593498050000,4052,video_contact_and_recorded_pose,Align edges,27.8,0.3656396016582393,14.9,23.5,27.8,19.6,11.8,22,False
56742722000,1789117593578051000,4057,video_contact_and_recorded_pose,Align edges,27.8,0.3637988913725185,14.9,23.1,27.8,19.2,11.4,22,False
56762726000,1789117593598055000,4058,video_contact_and_recorded_pose,Align edges,27.8,0.36334846826743167,14.9,23.1,27.8,19.2,11.4,22,False
56782726000,1789117593618055000,4059,video_contact_and_recorded_pose,Align edges,27.8,0.3629024265439672,14.9,23.1,27.8,19.2,11.4,21.6,False
56822726000,1789117593658055000,4062,video_contact_and_recorded_pose,Align edges,27.8,0.3620239269014823,14.9,23.1,27.8,19.2,11.4,21.6,False
56882731000,1789117593718060000,4067,video_contact_and_recorded_pose,Align edges,27.5,0.36074269879784665,14.9,22.7,27.5,19.2,11.4,21.6,False
56922731000,1789117593758060000,4069,video_contact_and_recorded_pose,Align edges,27.5,0.3599151109008219,14.9,22.7,27.5,19.2,11.4,21.6,False
56942731000,1789117593778060000,4071,video_contact_and_recorded_pose,Align edges,27.5,0.35950979781008724,14.9,22.7,27.5,19.2,11.4,21.2,False
56962735000,1789117593798064000,4072,video_contact_and_recorded_pose,Align edges,27.5,0.3591102963782126,14.9,22.7,27.5,18.8,11.4,21.2,False
57002735000,1789117593838064000,4075,video_contact_and_recorded_pose,Align edges,27.5,0.3583298385175719,14.9,22.7,27.5,18.8,11.4,21.2,False
57062740000,1789117593898069000,4079,video_contact_and_recorded_pose,Align edges,27.5,0.35720768754205495,14.5,22.7,27.5,19.2,11.4,21.6,False
57082740000,1789117593918069000,4081,video_contact_and_recorded_pose,Align edges,27.5,0.35684734755115116,14.5,22.7,27.5,19.2,11.8,22,False
57122740000,1789117593958069000,4084,video_contact_and_recorded_pose,Align edges,27.5,0.35614825174712156,14.5,22.7,27.5,19.6,12.2,22,False
57162745000,1789117593998074000,4087,video_contact_and_recorded_pose,Align edges,27.5,0.35547903832277644,14.5,22.7,27.5,19.6,12.2,22,False
57202745000,1789117594038074000,4089,video_contact_and_recorded_pose,Align edges,27.5,0.3548412969309357,14.5,22.7,27.5,19.6,12.2,22,False
57242749000,1789117594078078000,4092,video_contact_and_recorded_pose,Align edges,27.1,0.3542363054449521,14.5,22.7,27.1,19.2,11.8,21.2,False
57282749000,1789117594118078000,4095,video_contact_and_recorded_pose,Align edges,27.1,0.3536656071917674,14.5,22.7,27.1,19.2,11.8,20.8,False
57322749000,1789117594158078000,4097,video_contact_and_recorded_pose,Align edges,27.1,0.3531305622363604,14.5,22.7,27.1,19.2,11.8,20.8,False
57362754000,1789117594198083000,4100,video_contact_and_recorded_pose,Align edges,27.1,0.35263253293155405,14.5,22.7,27.1,19.6,12.2,21.2,False
57422754000,1789117594258083000,4104,video_contact_and_recorded_pose,Align edges,27.1,0.35195821390789805,14.5,22.7,27.1,19.6,12.5,21.6,False
57442758000,1789117594278087000,4106,video_contact_and_recorded_pose,Align edges,27.1,0.3517534795785986,14.5,22.7,27.1,19.6,12.5,21.6,False
57482759000,1789117594318088000,4109,video_contact_and_recorded_pose,Align edges,27.1,0.35137527057219753,14.5,22.7,27.1,19.6,12.5,21.6,False
57522763000,1789117594358092000,4111,video_contact_and_recorded_pose,Align edges,27.1,0.35103980495037734,14.5,22.7,27.1,19.6,12.5,21.6,False
57562763000,1789117594398092000,4114,video_contact_and_recorded_pose,Align edges,27.1,0.35074856216260064,14.5,22.7,27.1,19.6,12.5,21.6,False
57602763000,1789117594438092000,4117,video_contact_and_recorded_pose,Align edges,27.1,0.35050292872593497,14.5,23.1,27.1,19.6,12.5,21.2,False
57662768000,1789117594498097000,4122,video_contact_and_recorded_pose,Align edges,26.7,0.3502230884398492,14.5,23.5,26.7,19.6,12.2,21.2,False
57702768000,1789117594538097000,4124,video_contact_and_recorded_pose,Align edges,26.7,0.3500977068376969,14.5,23.5,26.7,19.2,12.2,21.2,False
57722772000,1789117594558101000,4126,video_contact_and_recorded_pose,Align edges,26.3,0.35005388990263286,14.5,23.9,26.3,19.2,12.2,21.2,False
57742772000,1789117594578101000,4127,video_contact_and_recorded_pose,Align edges,26.3,0.35002290763981453,14.5,23.9,26.3,19.2,12.2,21.2,False
57782772000,1789117594618101000,4130,video_contact_and_recorded_pose,Lay shirt flat,26.7,0.3500005967557075,14.5,23.9,26.7,19.6,12.5,21.2,False
57802773000,1789117594638102000,4132,video_contact_and_recorded_pose,Lay shirt flat,26.7,0.35004003644740916,14.5,23.9,26.7,19.6,12.5,21.2,False
57842777000,1789117594678106000,4135,video_contact_and_recorded_pose,Lay shirt flat,26.7,0.3503005929073869,14.5,23.5,26.7,19.6,12.5,21.2,False
57882777000,1789117594718106000,4137,video_contact_and_recorded_pose,Lay shirt flat,26.7,0.35079591860966974,14.5,23.5,26.7,19.6,12.5,21.6,False
57922782000,1789117594758111000,4140,video_contact_and_recorded_pose,Lay shirt flat,26.7,0.35151724845810534,14.5,23.9,26.7,19.6,12.5,21.6,False
57942782000,1789117594778111000,4142,video_contact_and_recorded_pose,Lay shirt flat,26.7,0.351959811503278,14.5,23.9,26.7,19.6,12.5,21.6,False
58022786000,1789117594858115000,4147,video_contact_and_recorded_pose,Lay shirt flat,26.7,0.35425053103027704,14.5,23.9,26.7,19.6,12.5,22,False
58062786000,1789117594898115000,4150,video_contact_and_recorded_pose,Lay shirt flat,26.3,0.35569249689400495,14.5,24.3,26.3,19.2,12.2,22,False
58082786000,1789117594918115000,4152,video_contact_and_recorded_pose,Lay shirt flat,26.3,0.35648375676390404,14.5,24.3,26.3,19.2,12.2,22,False
58102791000,1789117594938120000,4153,video_contact_and_recorded_pose,Lay shirt flat,26.3,0.35732060216077666,14.5,24.3,26.3,19.2,12.2,22,False
58122791000,1789117594958120000,4155,video_contact_and_recorded_pose,Lay shirt flat,25.5,0.35820150415797636,14.5,24.7,25.5,18.8,11.4,21.6,False
58162791000,1789117594998120000,4158,video_contact_and_recorded_pose,Lay shirt flat,24.7,0.36009164704661123,14.9,24.7,24.7,17.6,10.6,22,False
58202795000,1789117595038124000,4161,video_contact_and_recorded_pose,Lay shirt flat,25.5,0.36214571922268,14.9,25.5,24.7,17.3,10.2,22.4,False
58242796000,1789117595078125000,4163,video_contact_and_recorded_pose,Lay shirt flat,25.9,0.3643544832341604,14.9,25.9,24.7,17.3,10.2,22.7,False
58282796000,1789117595118125000,4166,video_contact_and_recorded_pose,Lay shirt flat,26.3,0.366709142792015,14.9,26.3,24.7,17.6,10.2,22.7,False
58322800000,1789117595158129000,4169,video_contact_and_recorded_pose,Lay shirt flat,27.1,0.3692011239284575,15.3,27.1,24.7,17.6,10.2,23.1,False
58382805000,1789117595218134000,4174,video_contact_and_recorded_pose,Lay shirt flat,27.8,0.3731766395798206,15.3,27.8,25.5,18,10.2,23.5,False
58422805000,1789117595258134000,4176,video_contact_and_recorded_pose,Lay shirt flat,28.6,0.3759721912484488,15.3,28.6,25.9,18,10.2,23.9,False
58442805000,1789117595278134000,4178,video_contact_and_recorded_pose,Lay shirt flat,28.6,0.377410262254473,15.7,28.6,26.3,18.4,10.6,24.3,False
58462805000,1789117595298134000,4179,video_contact_and_recorded_pose,Lay shirt flat,29,0.3788737162053883,15.7,29,26.3,18.4,10.6,24.3,False
58522809000,1789117595358138000,4184,video_contact_and_recorded_pose,Lay shirt flat,29.8,0.3834055806752939,15.7,29.8,27.1,18.8,11,25.1,False
58562810000,1789117595398139000,4187,video_contact_and_recorded_pose,Lay shirt flat,30.2,0.3865332627469901,15.7,30.2,27.5,19.2,11.4,25.5,False
58602814000,1789117595438143000,4189,video_contact_and_recorded_pose,Lay shirt flat,30.6,0.38973607295230633,16.1,30.6,27.8,19.2,11.4,25.9,False
58642814000,1789117595478143000,4192,video_contact_and_recorded_pose,Lay shirt flat,31,0.39300456421554225,16.1,31,27.8,19.2,11.4,26.3,False
58682819000,1789117595518148000,4195,video_contact_and_recorded_pose,Lay shirt flat,31,0.3963305890728643,16.1,31,28.2,19.6,11,26.3,False
58702819000,1789117595538148000,4197,video_contact_and_recorded_pose,Lay shirt flat,31,0.39801203699390764,16.5,31,28.2,19.6,11,25.9,False
58742819000,1789117595578148000,4199,video_contact_and_recorded_pose,Lay shirt flat,31.4,0.40140666425141264,16.5,31.4,28.2,19.6,11,25.9,False
58782823000,1789117595618152000,4202,video_contact_and_recorded_pose,Lay shirt flat,31.4,0.4048365419508922,16.5,31.4,28.6,19.6,11,25.9,False
58822823000,1789117595658152000,4205,video_contact_and_recorded_pose,Lay shirt flat,31.4,0.40829210042763747,16.9,31.4,28.6,20,11,25.9,False
58842823000,1789117595678152000,4207,video_contact_and_recorded_pose,Lay shirt flat,31.4,0.4100268620231134,16.9,31.4,28.6,20,11.4,26.3,False
58922828000,1789117595758157000,4212,video_contact_and_recorded_pose,Lay shirt flat,31.8,0.4169869837384217,17.3,31.8,29,20.4,11.4,26.7,False
58962832000,1789117595798161000,4215,video_contact_and_recorded_pose,Lay shirt flat,32.2,0.42046401184936716,17.3,32.2,29.4,20.4,11.4,27.1,False
58982833000,1789117595818162000,4217,video_contact_and_recorded_pose,Lay shirt flat,32.5,0.4221977610945912,17.3,32.5,29.4,20.4,11.4,27.1,False
59022833000,1789117595858162000,4220,video_contact_and_recorded_pose,Lay shirt flat,32.9,0.4256501792676455,17.6,32.9,29.8,20.4,11.4,27.1,False
59062837000,1789117595898166000,4222,video_contact_and_recorded_pose,Lay shirt flat,32.5,0.4290756601023151,17.6,32.5,29.4,20.8,11,27.5,False
59102837000,1789117595938166000,4225,video_contact_and_recorded_pose,Lay shirt flat,32.5,0.4324646348131763,17.6,32.5,29.4,20.8,11,27.5,False
59122837000,1789117595958166000,4226,video_contact_and_recorded_pose,Lay shirt flat,32.9,0.4341427854388952,17.6,32.9,29.4,20.8,11.4,27.8,False
59142837000,1789117595978166000,4227,video_contact_and_recorded_pose,Lay shirt flat,32.9,0.43580856440855825,18,32.9,29.4,21.2,11.4,27.8,False
59162842000,1789117595998171000,4229,video_contact_and_recorded_pose,Lay shirt flat,32.9,0.4374612726409704,18,32.9,29.4,21.2,11.4,27.8,False
59202842000,1789117596038171000,4232,video_contact_and_recorded_pose,Lay shirt flat,32.9,0.44072097105387154,18,32.9,29.4,21.2,11.4,28.2,False
59222842000,1789117596058171000,4233,video_contact_and_recorded_pose,Lay shirt flat,32.9,0.44232615528532004,18,32.9,29.8,21.2,11.8,28.2,False
59262846000,1789117596098175000,4236,video_contact_and_recorded_pose,Lay shirt flat,33.3,0.4454819535796747,18.4,33.3,30.2,21.6,11.8,28.6,False
59342851000,1789117596178180000,4242,video_contact_and_recorded_pose,Lay shirt flat,34.1,0.45154265825368867,18.4,34.1,31,22,12.2,29.4,False
59362851000,1789117596198180000,4243,video_contact_and_recorded_pose,Lay shirt flat,34.5,0.45299904651344836,18.4,34.5,31,22,12.2,29.4,False
59402851000,1789117596238180000,4246,video_contact_and_recorded_pose,Lay shirt flat,34.9,0.4558336217771032,18.8,34.9,31.4,22.4,11.8,29.8,False
59442856000,1789117596278185000,4249,video_contact_and_recorded_pose,Lay shirt flat,34.9,0.4585568591975824,18.8,34.9,31.4,22.4,11.8,29.8,False
59482856000,1789117596318185000,4252,video_contact_and_recorded_pose,Lay shirt flat,35.3,0.46115919410779094,18.8,35.3,31.4,22.4,11.8,30.2,False
59502856000,1789117596338185000,4253,video_contact_and_recorded_pose,Lay shirt flat,35.3,0.4624123775010788,18.8,35.3,31,22.4,11.8,30.2,False
59562860000,1789117596398189000,4258,video_contact_and_recorded_pose,Lay shirt flat,35.7,0.4659668931521373,19.2,35.7,31.4,22.4,11.8,30.6,False
59602860000,1789117596438189000,4260,video_contact_and_recorded_pose,Lay shirt flat,35.7,0.468154249841989,19.2,35.7,31.4,22.4,12.2,30.6,False
59622860000,1789117596458189000,4262,video_contact_and_recorded_pose,Lay shirt flat,36.1,0.4691899503973059,19.2,36.1,31.8,22.7,12.2,30.6,False
59642865000,1789117596478194000,4263,video_contact_and_recorded_pose,Lay shirt flat,36.1,0.47018576237165016,19.2,36.1,31.8,22.7,12.9,31,False
59682865000,1789117596518194000,4266,video_contact_and_recorded_pose,Lay shirt flat,36.5,0.4720520389836349,19.2,36.5,32.9,23.5,13.3,31.4,False
59742870000,1789117596578199000,4270,video_contact_and_recorded_pose,Lay shirt flat,38.8,0.47452288842530943,19.6,38.8,34.5,25.1,15.3,31,False
59782870000,1789117596618199000,4273,video_contact_and_recorded_pose,Lay shirt flat,39.2,0.4759378477086962,19.6,39.2,35.3,25.1,15.7,30.2,False
59802870000,1789117596638199000,4275,video_contact_and_recorded_pose,Lay shirt flat,39.2,0.47657235863597847,19.6,39.2,35.3,25.1,15.3,29.8,False
59842874000,1789117596678203000,4278,video_contact_and_recorded_pose,Lay shirt flat,36.9,0.47768999260663236,19.6,36.9,30.6,22,13.7,29.8,False
59922879000,1789117596758208000,4283,video_contact_and_recorded_pose,Lay shirt flat,37.6,0.4792880384290904,19.6,37.6,29.4,21.2,13.3,30.6,False
59942879000,1789117596778208000,4285,video_contact_and_recorded_pose,Lay shirt flat,38.8,0.4795483214429886,19.6,38.8,29.8,21.6,13.3,31,False
59962879000,1789117596798208000,4286,video_contact_and_recorded_pose,Lay shirt flat,38.8,0.47975070500438827,19.6,38.8,29.8,21.6,13.7,31.4,False
60022883000,1789117596858212000,4291,video_contact_and_recorded_pose,Fold gray shirt,38.8,0.4799998942296248,19.6,38.8,30.2,22,13.7,32.2,False
60042883000,1789117596878212000,4292,video_contact_and_recorded_pose,Fold gray shirt,38.8,0.4799933601678261,19.6,38.8,30.2,22,13.7,32.2,False
60102884000,1789117596938213000,,video_contact_only,Fold gray shirt,38.4,0.47991381958565854,19.6,38.4,32.5,24.3,14.9,34.1,False
60122888000,1789117596958217000,,video_contact_only,Fold gray shirt,38.4,0.47986767848341316,19.6,38.4,32.5,24.3,14.9,34.1,False
60162888000,1789117596998217000,,video_contact_only,Fold gray shirt,38.4,0.47974663663890665,19.6,38.4,32.5,23.9,14.9,34.1,False
60202888000,1789117597038217000,,video_contact_only,Fold gray shirt,38.4,0.47958794897410983,19.6,38.4,32.5,23.9,14.9,34.1,False
60262893000,1789117597098222000,,video_contact_only,Fold gray shirt,38.4,0.47928119889286575,19.6,38.4,32.5,23.9,14.9,34.1,False
60282893000,1789117597118222000,,video_contact_only,Fold gray shirt,38.4,0.479161072492421,19.6,38.4,32.5,23.9,14.9,34.1,False
60342897000,1789117597178226000,,video_contact_only,Fold gray shirt,38,0.47874852895847214,19.6,38,32.5,23.9,14.9,34.1,False
60362897000,1789117597198226000,,video_contact_only,Fold gray shirt,38,0.4785940058944817,19.6,38,32.5,23.9,14.9,34.1,False
60422902000,1789117597258231000,,video_contact_only,Fold gray shirt,38,0.4780808573437133,19.6,38,32.5,23.9,14.9,33.7,False
60462902000,1789117597298231000,,video_contact_only,Fold gray shirt,38,0.4776985905059954,19.6,38,32.5,23.9,14.9,33.7,False
60482902000,1789117597318231000,,video_contact_only,Fold gray shirt,38,0.4774957238831498,19.6,38,32.5,23.9,14.9,33.7,False
60562907000,1789117597398236000,,video_contact_only,Fold gray shirt,38,0.4766085052313125,19.6,38,32.2,23.9,14.9,33.7,False
60602911000,1789117597438240000,4332,video_contact_and_recorded_pose,Fold gray shirt,36.5,0.4761209729340493,19.6,36.5,32.9,24.3,14.1,31,False
60622911000,1789117597458240000,4334,video_contact_and_recorded_pose,Fold gray shirt,36.5,0.4758666350652318,19.6,36.5,32.9,24.3,14.1,31,False
60642911000,1789117597478240000,4335,video_contact_and_recorded_pose,Fold gray shirt,36.5,0.4756053780882929,19.6,36.5,32.9,24.3,14.1,31,False
60682911000,1789117597518240000,4338,video_contact_and_recorded_pose,Fold gray shirt,37.3,0.4750625402400226,19.6,37.3,32.9,23.9,14.5,31.4,False
60742916000,1789117597578245000,4342,video_contact_and_recorded_pose,Fold gray shirt,36.9,0.4741990247489117,19.6,36.9,35.3,26.3,16.1,30.6,False
60762916000,1789117597598245000,4344,video_contact_and_recorded_pose,Fold gray shirt,36.5,0.47389852707690483,19.6,36.5,35.7,26.3,16.1,30.2,False
60782920000,1789117597618249000,4345,video_contact_and_recorded_pose,Fold gray shirt,36.5,0.47359180688571184,19.6,36.5,35.7,26.3,16.1,30.2,False
60842921000,1789117597678250000,4349,video_contact_and_recorded_pose,Fold gray shirt,36.1,0.4726359323349512,19.2,36.1,35.7,26.3,16.1,29.8,False
60862921000,1789117597698250000,4350,video_contact_and_recorded_pose,Fold gray shirt,36.1,0.4723057139267313,19.2,36.1,35.7,26.3,16.1,29.4,False
60922925000,1789117597758254000,4354,video_contact_and_recorded_pose,Fold gray shirt,36.9,0.4712817096648737,19.2,36.9,35.7,26.3,16.1,29.8,False
60962925000,1789117597798254000,4357,video_contact_and_recorded_pose,Fold gray shirt,35.3,0.4705724356179569,19.2,35.3,35.3,25.9,16.1,29.8,False
60982930000,1789117597818259000,4359,video_contact_and_recorded_pose,Fold gray shirt,36.1,0.47021003778101406,19.2,36.1,35.7,25.9,16.1,29.8,False
61002930000,1789117597838259000,4360,video_contact_and_recorded_pose,Fold gray shirt,42,0.46984276132047703,19.2,42,36.5,26.3,16.5,31.8,False
61042930000,1789117597878259000,4363,video_contact_and_recorded_pose,Fold gray shirt,38.8,0.4690937361184535,19.2,38.8,36.9,26.7,16.5,29.8,False
61102934000,1789117597938263000,,video_contact_only,Fold gray shirt,37.3,0.46793556444110984,19.2,37.3,31.8,23.5,14.9,33.3,False
61122934000,1789117597958263000,4369,video_contact_and_recorded_pose,Fold gray shirt,40.8,0.46754075121323646,19.2,40.8,35.7,25.5,16.1,34.9,False
61162935000,1789117597998264000,4372,video_contact_and_recorded_pose,Fold gray shirt,40.8,0.46673858271944035,19.2,40.8,35.7,25.5,15.7,34.9,False
61242939000,1789117598078268000,,video_contact_only,Fold gray shirt,37.3,0.46508714832673165,19.2,37.3,31.4,23.5,14.5,32.9,False
61262944000,1789117598098273000,,video_contact_only,Fold gray shirt,37.3,0.464665033468202,19.2,37.3,31.4,23.5,14.5,32.9,False
61282944000,1789117598118273000,,video_contact_only,Fold gray shirt,36.9,0.4642395721819898,19.2,36.9,31.4,23.5,14.5,32.9,False
61302944000,1789117598138273000,,video_contact_only,Fold gray shirt,36.9,0.4638107677637165,19.2,36.9,31.4,23.1,14.5,32.9,False
61342944000,1789117598178273000,,video_contact_only,Fold gray shirt,36.9,0.4629435629609578,18.8,36.9,31.4,23.1,14.5,32.9,False
61382948000,1789117598218277000,,video_contact_only,Fold gray shirt,36.9,0.4620641974173939,18.8,36.9,31.4,23.1,14.5,32.9,False
61402948000,1789117598238277000,,video_contact_only,Fold gray shirt,36.9,0.46162030215177857,18.8,36.9,31.4,23.1,14.5,32.5,False
61442948000,1789117598278277000,,video_contact_only,Fold gray shirt,36.9,0.46072454108174643,18.8,36.9,31.4,23.1,14.5,32.5,False
61482953000,1789117598318282000,,video_contact_only,Fold gray shirt,36.9,0.45981876121865933,18.8,36.9,31.4,23.1,14.5,32.5,False
61522953000,1789117598358282000,,video_contact_only,Fold gray shirt,36.5,0.4589040559294255,18.8,36.5,31,23.1,14.5,32.5,False
61542953000,1789117598378282000,,video_contact_only,Fold gray shirt,36.5,0.4584435849159863,18.8,36.5,31,23.1,14.5,32.5,False
61562957000,1789117598398286000,,video_contact_only,Fold gray shirt,36.5,0.45798108679930993,18.8,36.5,31,23.1,14.5,32.5,False
61622958000,1789117598458287000,,video_contact_only,Fold gray shirt,36.5,0.45658332299640997,18.8,36.5,31,23.1,14.5,32.5,False
61662962000,1789117598498291000,4408,video_contact_and_recorded_pose,Fold gray shirt,35.7,0.4556437161931558,18.8,35.7,33.3,24.7,15.3,31.8,False
61702962000,1789117598538291000,4410,video_contact_and_recorded_pose,Fold gray shirt,35.7,0.4546990660867547,18.8,35.7,33.3,24.7,15.3,31.8,False
61742967000,1789117598578296000,4413,video_contact_and_recorded_pose,Fold gray shirt,36.5,0.45375002702579464,18.4,36.5,33.7,24.7,16.1,32.5,False
61762967000,1789117598598296000,4415,video_contact_and_recorded_pose,Fold gray shirt,36.9,0.4532742363220217,18.4,36.9,33.7,24.7,15.7,32.9,False
61802967000,1789117598638296000,4418,video_contact_and_recorded_pose,Fold gray shirt,36.9,0.4523205359891174,18.4,36.9,30.2,21.2,12.9,33.3,False
61822967000,1789117598658296000,4419,video_contact_and_recorded_pose,Fold gray shirt,36.9,0.4518428430749722,18.4,36.9,29,20.4,12.2,33.7,False
61862971000,1789117598698300000,4422,video_contact_and_recorded_pose,Fold gray shirt,36.9,0.45088621783122695,18.4,36.9,30.2,21.6,12.9,34.1,False
61902971000,1789117598738300000,4425,video_contact_and_recorded_pose,Fold gray shirt,37.6,0.44992888569749845,18.4,37.6,33.3,24.7,15.7,34.1,False
61942976000,1789117598778305000,4428,video_contact_and_recorded_pose,Fold gray shirt,37.3,0.4489714983314744,18.4,37.3,32.2,23.1,14.5,33.7,False
61962976000,1789117598798305000,4429,video_contact_and_recorded_pose,Fold gray shirt,36.1,0.4484931595678633,18.4,36.1,30.2,21.6,12.9,33.3,False
62002976000,1789117598838305000,4432,video_contact_and_recorded_pose,Fold gray shirt,35.7,0.44753761398635633,18.4,35.7,30.2,21.6,12.9,32.9,False
62042981000,1789117598878310000,4435,video_contact_and_recorded_pose,Fold gray shirt,34.9,0.446584181060469,18.4,34.9,29,20.8,12.5,32.9,False
62102981000,1789117598938310000,4439,video_contact_and_recorded_pose,Fold gray shirt,34.9,0.4451602914465308,18.4,34.9,28.6,20.4,12.9,32.5,False
62122981000,1789117598958310000,4441,video_contact_and_recorded_pose,Fold gray shirt,35.7,0.44468771654979017,18.4,35.7,30.6,22,13.7,32.9,False
62162985000,1789117598998314000,4444,video_contact_and_recorded_pose,Fold gray shirt,36.5,0.44374620549194727,18,36.5,31.4,22.7,14.1,33.3,False
62202985000,1789117599038314000,4447,video_contact_and_recorded_pose,Fold gray shirt,36.5,0.44281048811092455,18,36.5,31.4,22.7,14.1,33.3,False
62242990000,1789117599078319000,4449,video_contact_and_recorded_pose,Fold gray shirt,36.9,0.4418812211715633,18,36.9,32.9,23.9,14.9,33.3,False
62282990000,1789117599118319000,4452,video_contact_and_recorded_pose,Fold gray shirt,37.3,0.44095950391180694,18,37.3,33.7,24.3,15.3,33.7,False
62322994000,1789117599158323000,4455,video_contact_and_recorded_pose,Fold gray shirt,37.6,0.4400459957215127,18,37.6,34.1,24.3,15.3,33.7,False
62362995000,1789117599198324000,4458,video_contact_and_recorded_pose,Fold gray shirt,38,0.43914172373181043,18,38,34.1,24.7,15.3,33.3,False
62422999000,1789117599258328000,4462,video_contact_and_recorded_pose,Fold gray shirt,38,0.4378043457591615,18,38,34.1,24.7,15.3,32.5,False
62442999000,1789117599278328000,4464,video_contact_and_recorded_pose,Fold gray shirt,38,0.4373641056902161,18,38,34.5,24.7,15.3,32.5,False
62482999000,1789117599318328000,4467,video_contact_and_recorded_pose,Fold gray shirt,38,0.43649255961137307,18,38,34.5,24.7,15.3,32.5,False
62502999000,1789117599338328000,4468,video_contact_and_recorded_pose,Fold gray shirt,38,0.43606147031646136,18,38,34.5,24.7,15.3,32.5,False
62563004000,1789117599398333000,4473,video_contact_and_recorded_pose,Fold gray shirt,37.6,0.43478813290345975,18,37.6,34.5,24.3,15.3,33.3,False
62583004000,1789117599418333000,4474,video_contact_and_recorded_pose,Fold gray shirt,37.6,0.434370762557055,17.6,37.6,34.1,24.3,14.9,33.7,False
62643008000,1789117599478337000,4478,video_contact_and_recorded_pose,Fold gray shirt,37.3,0.43314120673838824,17.6,37.3,33.7,23.9,14.5,33.7,False
62663008000,1789117599498337000,4480,video_contact_and_recorded_pose,Fold gray shirt,36.9,0.4327392890731157,17.6,36.9,33.7,23.5,14.5,33.7,False
62683008000,1789117599518337000,4481,video_contact_and_recorded_pose,Fold gray shirt,36.9,0.4323415052895455,17.6,36.9,33.3,23.5,14.1,33.7,False
62743013000,1789117599578342000,4485,video_contact_and_recorded_pose,Fold gray shirt,36.1,0.43117394518752417,17.6,36.1,31.4,22,12.9,33.7,False
62763013000,1789117599598342000,4486,video_contact_and_recorded_pose,Fold gray shirt,34.9,0.4307937816610704,17.6,34.9,29.4,20.8,12.5,33.7,False
62803018000,1789117599638347000,4489,video_contact_and_recorded_pose,Fold gray shirt,33.7,0.4300474979856727,17.6,33.7,28.2,20,11.8,33.3,False
62823018000,1789117599658347000,4490,video_contact_and_recorded_pose,Fold gray shirt,33.3,0.4296816878571204,17.6,33.3,27.8,19.6,11.8,33.3,False
62863018000,1789117599698347000,4493,video_contact_and_recorded_pose,Fold gray shirt,33.7,0.42896517834498543,17.6,33.7,28.2,20,12.2,33.7,False
62903022000,1789117599738351000,4496,video_contact_and_recorded_pose,Fold gray shirt,34.1,0.4282694703846564,17.6,34.1,28.2,19.6,11.8,34.1,False
62923022000,1789117599758351000,4498,video_contact_and_recorded_pose,Fold gray shirt,34.5,0.4279297489078454,17.6,34.1,27.8,19.6,11.8,34.5,False
62963022000,1789117599798351000,4500,video_contact_and_recorded_pose,Fold gray shirt,34.9,0.4272670421266034,17.6,34.1,27.8,19.6,11.8,34.9,False
62983022000,1789117599818351000,4502,video_contact_and_recorded_pose,Fold gray shirt,34.9,0.4269442735371585,17.6,34.1,27.8,19.6,11.8,34.9,False
63043027000,1789117599878356000,4506,video_contact_and_recorded_pose,Fold gray shirt,32.9,0.4260115318230954,17.6,31,25.1,18,11,32.9,False
63103031000,1789117599938360000,4511,video_contact_and_recorded_pose,Fold gray shirt,30.6,0.4251345485263349,17.3,30.6,25.1,18,11.4,30.2,False
63143032000,1789117599978361000,4513,video_contact_and_recorded_pose,Fold gray shirt,32.9,0.42458232851777156,17.3,32.9,28.6,20.4,12.9,29.4,False
63163032000,1789117599998361000,4515,video_contact_and_recorded_pose,Fold gray shirt,33.3,0.4243162732894204,17.3,33.3,28.2,20.4,12.5,29.4,False
63183036000,1789117600018365000,4516,video_contact_and_recorded_pose,Fold gray shirt,33.7,0.4240570098593287,17.3,33.7,28.6,20.4,12.9,29,False
63243036000,1789117600078365000,4521,video_contact_and_recorded_pose,Fold gray shirt,35.3,0.42332151855903566,17.3,35.3,30.2,22,13.7,28.6,False
63263036000,1789117600098365000,4522,video_contact_and_recorded_pose,Fold gray shirt,35.7,0.4230907631170163,17.3,35.7,30.2,22,14.1,28.6,False
63323041000,1789117600158370000,4526,video_contact_and_recorded_pose,Fold gray shirt,36.1,0.4224431876605269,17.3,36.1,31.8,22.7,14.5,29,False
63363041000,1789117600198370000,4529,video_contact_and_recorded_pose,Fold gray shirt,36.5,0.4220498772292258,17.3,36.5,32.2,23.1,14.5,29.4,False
63403045000,1789117600238374000,4532,video_contact_and_recorded_pose,Fold gray shirt,36.9,0.42168823854287873,17.3,36.9,32.5,23.1,14.5,29.4,False
63443046000,1789117600278375000,4535,video_contact_and_recorded_pose,Fold gray shirt,36.9,0.42135920304288244,17.3,36.9,32.2,22.7,13.7,29.4,False
63463046000,1789117600298375000,4536,video_contact_and_recorded_pose,Fold gray shirt,36.9,0.42120717547708303,17.3,36.9,31.8,22.4,13.7,29.4,False
63503050000,1789117600338379000,4539,video_contact_and_recorded_pose,Fold gray shirt,36.9,0.4209286077334727,17.3,36.9,30.6,21.6,12.9,29,False
63543050000,1789117600378379000,4542,video_contact_and_recorded_pose,Fold gray shirt,36.9,0.42068481004782315,17.3,36.9,29.4,20.8,12.9,29,False
63583055000,1789117600418384000,4545,video_contact_and_recorded_pose,Fold gray shirt,36.5,0.4204765959560345,17.3,36.5,28.6,20.4,12.5,29,False
63603055000,1789117600438384000,4546,video_contact_and_recorded_pose,Fold gray shirt,36.5,0.4203861267364436,17.3,36.5,27.1,19.6,12.2,29,False
63643055000,1789117600478384000,4549,video_contact_and_recorded_pose,Fold gray shirt,36.1,0.4202329774703015,17.3,36.1,26.3,18.8,11.8,29,False
63683059000,1789117600518388000,4552,video_contact_and_recorded_pose,Fold gray shirt,35.7,0.42011759319851993,17.3,35.7,25.9,18.8,11.8,29,False
63743059000,1789117600578388000,4556,video_contact_and_recorded_pose,Fold gray shirt,34.1,0.4200172607714564,17.3,34.1,24.7,17.3,10.6,28.6,False
63783064000,1789117600618393000,4559,video_contact_and_recorded_pose,Smooth fold,31,0.4200041032205136,17.3,31,23.9,17.3,10.6,28.2,False
63803064000,1789117600638393000,4561,video_contact_and_recorded_pose,Smooth fold,32.2,0.4202282958702046,17.3,32.2,24.3,17.3,10.6,28.2,False
63843064000,1789117600678393000,4564,video_contact_and_recorded_pose,Smooth fold,32.9,0.42164402336057233,17.3,32.9,24.3,17.3,10.6,28.2,False
63883069000,1789117600718398000,4567,video_contact_and_recorded_pose,Smooth fold,33.3,0.42422357936952687,17.3,33.3,24.3,17.3,10.6,28.2,False
63923069000,1789117600758398000,4569,video_contact_and_recorded_pose,Smooth fold,34.1,0.4278146834497115,17.6,34.1,24.7,17.3,11,28.6,False
63963073000,1789117600798402000,4572,video_contact_and_recorded_pose,Smooth fold,34.9,0.43226645169217237,17.6,34.9,24.7,17.6,11,28.6,False
63983073000,1789117600818402000,4574,video_contact_and_recorded_pose,Smooth fold,35.3,0.43476731450395406,18,35.3,25.1,17.6,11,29,False
64063078000,1789117600898407000,4580,video_contact_and_recorded_pose,Smooth fold,35.7,0.4461638473699293,18.4,35.7,25.5,18.4,11.4,29.4,False
64103078000,1789117600938407000,4582,video_contact_and_recorded_pose,Smooth fold,34.9,0.4524318170893603,18.4,34.9,25.5,18.4,11.4,29.4,False
64123078000,1789117600958407000,4584,video_contact_and_recorded_pose,Smooth fold,33.7,0.45564197481149493,18.8,33.7,25.5,18.8,11.4,29.4,False
64143082000,1789117600978411000,4585,video_contact_and_recorded_pose,Smooth fold,32.9,0.4588782928895252,18.8,32.9,25.5,18.8,11.4,29.4,False
64183082000,1789117601018411000,4588,video_contact_and_recorded_pose,Smooth fold,32.5,0.4653503531241083,19.2,32.5,25.9,19.2,11.8,29.4,False
64203082000,1789117601038411000,4590,video_contact_and_recorded_pose,Smooth fold,32.5,0.4685488355344526,19.2,32.5,25.9,19.6,11.8,29.4,False
64263087000,1789117601098416000,4594,video_contact_and_recorded_pose,Smooth fold,32.9,0.4777673972418024,19.6,32.9,26.3,20,12.2,28.6,False
64283087000,1789117601118416000,4595,video_contact_and_recorded_pose,Smooth fold,33.3,0.48065092849399227,19.6,33.3,26.7,20,12.2,28.6,False
64323087000,1789117601158416000,4598,video_contact_and_recorded_pose,Smooth fold,34.1,0.48602068919986247,20,34.1,27.1,20,12.5,29,False
64383092000,1789117601218421000,4602,video_contact_and_recorded_pose,Smooth fold,34.5,0.4927982775823297,20.4,34.5,27.1,20.4,12.5,29.4,False
64423092000,1789117601258421000,4605,video_contact_and_recorded_pose,Smooth fold,34.5,0.496243417157209,20.4,34.5,27.5,20.8,12.5,29.8,False
64463096000,1789117601298425000,4608,video_contact_and_recorded_pose,Smooth fold,34.9,0.49865358674640825,20.4,34.9,27.5,20.8,12.9,30.2,False
64483096000,1789117601318425000,4610,video_contact_and_recorded_pose,Smooth fold,34.9,0.4994229542022513,20.4,34.9,27.8,20.8,12.9,30.2,False
64523101000,1789117601358430000,4612,video_contact_and_recorded_pose,Fold gray shirt,35.3,0.49999943569947214,20.4,35.3,27.8,20.8,12.9,30.2,False
64603101000,1789117601438430000,4618,video_contact_and_recorded_pose,Fold gray shirt,36.1,0.4996043254575117,20.4,36.1,27.8,20.8,12.9,30.2,False
64623105000,1789117601458434000,4620,video_contact_and_recorded_pose,Fold gray shirt,36.1,0.49939458948158,20.4,36.1,27.8,20.8,12.9,30.2,False
64643106000,1789117601478435000,4621,video_contact_and_recorded_pose,Fold gray shirt,36.1,0.4991421760603707,20.4,36.1,27.8,20.8,12.9,30.6,False
64663106000,1789117601498435000,4622,video_contact_and_recorded_pose,Fold gray shirt,36.1,0.49884790451559247,20.4,36.1,27.8,20.8,12.5,30.6,False
64723110000,1789117601558439000,4627,video_contact_and_recorded_pose,Fold gray shirt,36.1,0.49772210152424634,20.4,36.1,27.8,20.8,12.5,30.2,False
64763110000,1789117601598439000,,video_contact_only,Fold gray shirt,39.6,0.4967775077079866,20.4,39.6,33.7,25.1,15.7,35.3,False
64803110000,1789117601638439000,,video_contact_only,Fold gray shirt,39.6,0.4956853956697051,20.4,39.6,33.7,25.1,15.7,35.3,False
64843115000,1789117601678444000,,video_contact_only,Fold gray shirt,39.6,0.49445225604095083,20.4,39.6,33.7,24.7,15.7,34.9,False
64883115000,1789117601718444000,,video_contact_only,Fold gray shirt,39.2,0.4930850510427248,20.4,39.2,33.3,24.7,15.7,34.9,False
64923119000,1789117601758448000,,video_contact_only,Fold gray shirt,39.2,0.49159013286585146,20,39.2,33.3,24.7,15.3,34.9,False
64963120000,1789117601798449000,,video_contact_only,Fold gray shirt,39.2,0.4899744124522283,20,39.2,33.3,24.7,15.3,34.9,False
65023124000,1789117601858453000,,video_contact_only,Fold gray shirt,38.8,0.48733856653086904,20,38.8,32.9,24.3,15.3,34.5,False
65063124000,1789117601898453000,,video_contact_only,Fold gray shirt,38.8,0.48544972445699097,20,38.8,32.9,24.3,15.3,34.5,False
65103129000,1789117601938458000,4654,video_contact_and_recorded_pose,Fold gray shirt,30.6,0.48346301196962205,20,30.6,25.9,19.2,11.8,29.4,False
65123129000,1789117601958458000,4656,video_contact_and_recorded_pose,Fold gray shirt,30.6,0.4824352502554878,19.6,30.6,25.9,19.2,11.8,29.4,False
65163129000,1789117601998458000,4659,video_contact_and_recorded_pose,Fold gray shirt,30.2,0.4803148318416464,19.6,30.2,25.9,19.2,11.8,29.4,False
65203133000,1789117602038462000,4661,video_contact_and_recorded_pose,Fold gray shirt,30.2,0.47811320721389705,19.6,30.2,25.9,19.2,11.8,29.8,False
65243133000,1789117602078462000,4664,video_contact_and_recorded_pose,Fold gray shirt,30.2,0.4758374704891457,19.6,30.2,25.5,19.2,11.4,29.8,False
65283133000,1789117602118462000,4667,video_contact_and_recorded_pose,Fold gray shirt,30.2,0.47349405874670425,19.6,29.8,25.5,18.8,11.4,30.2,False
65323138000,1789117602158467000,4670,video_contact_and_recorded_pose,Fold gray shirt,29.8,0.4710893211768833,19.2,29.8,25.5,18.8,11.4,29.8,False
65363138000,1789117602198467000,4673,video_contact_and_recorded_pose,Fold gray shirt,29.8,0.4686305128635605,19.2,29.8,25.1,18.8,11.4,29.8,False
65383138000,1789117602218467000,4675,video_contact_and_recorded_pose,Fold gray shirt,29.8,0.4673827999987935,19.2,29.4,25.1,18.8,11.4,29.8,False
65423143000,1789117602258472000,4677,video_contact_and_recorded_pose,Fold gray shirt,29.4,0.4648545966711096,19.2,29.4,25.1,18.4,11.4,29.4,False
65463143000,1789117602298472000,4680,video_contact_and_recorded_pose,Fold gray shirt,29.4,0.4622889731063967,18.8,29.4,24.7,18.4,11.4,29.4,False
65503147000,1789117602338476000,4683,video_contact_and_recorded_pose,Fold gray shirt,29,0.45969200823313455,18.8,29,24.7,18.4,11.4,29,False
65523147000,1789117602358476000,4685,video_contact_and_recorded_pose,Fold gray shirt,29,0.4583840791955206,18.8,29,24.7,18.4,11.4,29,False
65563147000,1789117602398476000,4688,video_contact_and_recorded_pose,Fold gray shirt,29,0.455753227991884,18.8,29,24.7,18,11,28.6,False
65603152000,1789117602438481000,4690,video_contact_and_recorded_pose,Fold gray shirt,28.6,0.45310759906372156,18.4,28.6,24.3,18,11,28.6,False
65643152000,1789117602478481000,4693,video_contact_and_recorded_pose,Fold gray shirt,28.6,0.4504545077102233,18.4,28.6,24.3,18,11,28.2,False
65703156000,1789117602538485000,4698,video_contact_and_recorded_pose,Fold gray shirt,28.2,0.44647454922778945,18.4,28.2,23.9,18,11,27.8,False
65723156000,1789117602558485000,4699,video_contact_and_recorded_pose,Fold gray shirt,28.2,0.44515129678531046,18.4,28.2,23.9,17.6,11,27.8,False
65763157000,1789117602598486000,4702,video_contact_and_recorded_pose,Fold gray shirt,28.2,0.4425146839944024,18,28.2,23.9,17.6,11,27.5,False
65803161000,1789117602638490000,4705,video_contact_and_recorded_pose,Fold gray shirt,27.8,0.4398966983220025,18,27.8,23.5,17.6,10.6,27.5,False
65843161000,1789117602678490000,4708,video_contact_and_recorded_pose,Fold gray shirt,27.8,0.4373044510554019,18,27.8,23.5,17.6,10.6,27.1,False
65863161000,1789117602698490000,4709,video_contact_and_recorded_pose,Fold gray shirt,27.8,0.4360199599156189,18,27.8,23.5,17.3,10.6,27.1,False
65923166000,1789117602758495000,4713,video_contact_and_recorded_pose,Fold gray shirt,27.5,0.43222268392710905,17.6,27.5,23.1,17.3,10.6,27.1,False
65963170000,1789117602798499000,4716,video_contact_and_recorded_pose,Fold gray shirt,27.5,0.42974654409379176,17.6,27.5,23.1,17.3,10.6,26.7,False
65983170000,1789117602818499000,4718,video_contact_and_recorded_pose,Fold gray shirt,27.1,0.4285277171597489,17.6,27.1,23.1,17.3,10.6,26.7,False
66003170000,1789117602838499000,4719,video_contact_and_recorded_pose,Fold gray shirt,27.1,0.42732274443706,17.6,27.1,23.1,16.9,10.6,26.7,False
66063175000,1789117602898504000,4724,video_contact_and_recorded_pose,Fold gray shirt,27.1,0.42379898064752247,17.3,27.1,22.7,16.9,10.2,26.3,False
66103175000,1789117602938504000,4726,video_contact_and_recorded_pose,Fold gray shirt,26.7,0.4215345236155068,17.3,26.7,22.7,16.9,10.2,26.3,False
66143175000,1789117602978504000,4729,video_contact_and_recorded_pose,Fold gray shirt,26.7,0.41934544410523994,17.3,26.7,22.7,16.9,10.2,25.9,False
66163179000,1789117602998508000,4731,video_contact_and_recorded_pose,Fold gray shirt,26.7,0.4182810393390837,17.3,26.7,22.7,16.9,10.2,25.9,False
66203180000,1789117603038509000,4734,video_contact_and_recorded_pose,Fold gray shirt,26.7,0.416217459417017,17.3,26.7,22.4,16.5,10.2,25.9,False
66243180000,1789117603078509000,4737,video_contact_and_recorded_pose,Fold gray shirt,26.3,0.41424594373516344,16.9,26.3,22.4,16.5,10.2,25.9,False
66263184000,1789117603098513000,4738,video_contact_and_recorded_pose,Fold gray shirt,26.3,0.4132965820664162,16.9,26.3,22.4,16.5,10.2,25.9,False
66323184000,1789117603158513000,4742,video_contact_and_recorded_pose,Fold gray shirt,26.3,0.4106053889045701,16.9,26.3,22.4,16.5,10.2,25.5,False
66363189000,1789117603198518000,4745,video_contact_and_recorded_pose,Fold gray shirt,26.3,0.4089496394464913,16.9,26.3,22.4,16.5,9.8,25.9,False
66423189000,1789117603258518000,4749,video_contact_and_recorded_pose,Fold gray shirt,25.9,0.4066908396179139,16.9,25.9,22,16.5,9.8,25.9,False
66443193000,1789117603278522000,4751,video_contact_and_recorded_pose,Fold gray shirt,25.9,0.40600096583632744,16.5,25.9,22,16.5,9.8,25.9,False
66463193000,1789117603298522000,4752,video_contact_and_recorded_pose,Fold gray shirt,26.3,0.40534421659703523,16.5,25.9,22,16.5,9.8,26.3,False
66503194000,1789117603338523000,4755,video_contact_and_recorded_pose,Fold gray shirt,26.3,0.4041329662816514,16.5,25.9,22,16.1,9.8,26.3,False
66543198000,1789117603378527000,4758,video_contact_and_recorded_pose,Fold gray shirt,26.3,0.4030635618505908,16.5,25.5,22,16.1,9.8,26.3,False
66583198000,1789117603418527000,4761,video_contact_and_recorded_pose,Fold gray shirt,26.3,0.40214283900038894,16.5,25.5,21.6,16.1,9.8,26.3,False
66603198000,1789117603438527000,4762,video_contact_and_recorded_pose,Fold gray shirt,26.3,0.40174026951747066,16.5,25.5,21.6,16.1,9.8,26.3,False
66643203000,1789117603478532000,4765,video_contact_and_recorded_pose,Fold gray shirt,26.3,0.40105479725009785,16.5,25.5,21.6,16.1,9.8,26.3,False
66683203000,1789117603518532000,4768,video_contact_and_recorded_pose,Fold gray shirt,26.3,0.40053462218398217,16.5,25.1,21.6,16.1,9.8,26.3,False
66743207000,1789117603578536000,4773,video_contact_and_recorded_pose,Fold gray shirt,26.3,0.40007864940532384,16.5,25.5,21.6,16.1,9.8,26.3,False
66783207000,1789117603618536000,4775,video_contact_and_recorded_pose,Stack garment,26.7,0.39999452256551365,16.5,25.5,21.6,16.1,9.8,26.7,False
66803207000,1789117603638536000,4777,video_contact_and_recorded_pose,Stack garment,26.7,0.399715728015218,16.5,25.5,21.6,16.1,9.8,26.7,False
66843212000,1789117603678541000,4780,video_contact_and_recorded_pose,Stack garment,26.3,0.39792880039441686,16.5,25.1,21.6,16.1,9.8,26.3,False
66863212000,1789117603698541000,4781,video_contact_and_recorded_pose,Stack garment,26.3,0.3964436495361382,16.1,25.1,21.6,16.1,9.8,26.3,False
66923217000,1789117603758546000,4784,video_contact_and_recorded_pose,Stack garment,25.5,0.3897570474809253,16.1,25.1,21.6,15.7,9.4,25.5,False
66963217000,1789117603798546000,4787,video_contact_and_recorded_pose,Stack garment,25.1,0.3835546687409375,15.7,24.7,21.2,15.7,9.4,25.1,False
67003217000,1789117603838546000,4790,video_contact_and_recorded_pose,Stack garment,24.3,0.37606254379650483,15.3,23.9,20.8,15.3,9.4,24.3,False
67063221000,1789117603898550000,4795,video_contact_and_recorded_pose,Stack garment,23.9,0.36260421311799834,14.9,23.1,19.6,14.5,9,23.9,False
67103221000,1789117603938550000,4797,video_contact_and_recorded_pose,Stack garment,23.5,0.35228584321717776,14.5,22.4,19.2,14.1,8.6,23.5,False
67123226000,1789117603958555000,4799,video_contact_and_recorded_pose,Stack garment,23.1,0.3467553729587545,14.1,22,18.8,14.1,8.6,23.1,False
67183226000,1789117604018555000,4803,video_contact_and_recorded_pose,Stack garment,22,0.3288250752339964,13.3,20.8,18,13.3,8.2,22,False
67223230000,1789117604058559000,4806,video_contact_and_recorded_pose,Stack garment,21.2,0.31586486876474484,12.9,20,17.3,12.5,7.8,21.2,False
67243231000,1789117604078560000,4808,video_contact_and_recorded_pose,Stack garment,20.8,0.30911758703064063,12.5,19.6,16.9,12.5,7.5,20.8,False
67303235000,1789117604138564000,4812,video_contact_and_recorded_pose,Stack garment,19.2,0.2879419602606823,11.8,18.4,15.7,11.4,7.1,19.2,False
67323235000,1789117604158564000,4813,video_contact_and_recorded_pose,Stack garment,18.8,0.28061069481795786,11.4,17.6,15.3,11.4,6.7,18.8,False
67363235000,1789117604198564000,4816,video_contact_and_recorded_pose,Stack garment,17.6,0.2656066627769481,11,16.9,14.1,10.6,6.7,17.6,False
67383235000,1789117604218564000,4818,video_contact_and_recorded_pose,Stack garment,17.3,0.25795665173422366,10.6,16.5,13.7,10.2,6.3,17.3,False
67423240000,1789117604258569000,4821,video_contact_and_recorded_pose,Stack garment,16.5,0.24241556902025824,9.8,15.3,12.9,9.8,5.9,16.5,False
67463240000,1789117604298569000,4823,video_contact_and_recorded_pose,Stack garment,15.3,0.22663347141125395,9.4,14.1,12.2,9,5.5,15.3,False
67503244000,1789117604338573000,4826,video_contact_and_recorded_pose,Stack garment,14.5,0.21069785974995459,8.6,13.3,11.4,8.2,5.1,14.5,False
67543244000,1789117604378573000,4829,video_contact_and_recorded_pose,Stack garment,13.3,0.1947029506475687,7.8,12.2,10.6,7.8,4.7,13.3,False
67583245000,1789117604418574000,4832,video_contact_and_recorded_pose,Stack garment,12.2,0.1787377810189451,7.5,11.8,10.6,7.8,5.1,12.2,False
67603249000,1789117604438578000,4833,video_contact_and_recorded_pose,Stack garment,11.8,0.17079355824750234,7.1,11.4,10.6,7.8,5.1,11.8,False
67663249000,1789117604498578000,4838,video_contact_and_recorded_pose,Stack garment,10.6,0.14726120010354965,5.9,10.6,10.6,7.8,4.7,10.2,False
67683249000,1789117604518578000,4839,video_contact_and_recorded_pose,Stack garment,9.8,0.1395535181029673,5.9,9.8,9.8,7.5,4.7,9.8,False
67743254000,1789117604578583000,4843,video_contact_and_recorded_pose,Stack garment,8.6,0.11699723482551078,4.7,8.6,8.6,6.3,3.9,8.2,False
67783258000,1789117604618587000,4846,video_contact_and_recorded_pose,Stack garment,7.5,0.10254719893457687,4.3,7.5,7.5,5.5,3.5,7.1,False
67823258000,1789117604658587000,4849,video_contact_and_recorded_pose,Stack garment,6.7,0.08867493633254814,3.5,6.7,6.7,4.7,3.1,5.9,False
67843258000,1789117604678587000,4851,video_contact_and_recorded_pose,Stack garment,6.3,0.08198336296930675,3.5,6.3,6.3,4.3,2.7,5.5,False
67863258000,1789117604698587000,4852,video_contact_and_recorded_pose,Stack garment,5.9,0.07546999860162573,3.1,5.9,5.5,3.9,2.7,5.1,False
67943263000,1789117604778592000,4857,video_contact_and_recorded_pose,Stack garment,3.9,0.05142479387486382,2,3.9,3.9,2.7,2,3.5,False
67963263000,1789117604798592000,4858,video_contact_and_recorded_pose,Stack garment,3.5,0.045973201348675885,2,3.5,3.5,2.4,1.6,3.1,False
68003267000,1789117604838596000,4861,video_contact_and_recorded_pose,Stack garment,2.7,0.035819866692061,1.6,2.7,2.7,2,1.2,2.4,False
68063268000,1789117604898597000,4866,video_contact_and_recorded_pose,Stack garment,2,0.022638982974063637,0.8,2,1.6,1.2,0.8,1.6,False
68103272000,1789117604938601000,4869,video_contact_and_recorded_pose,Stack garment,1.2,0.015349110675583422,0.8,1.2,1.2,0.8,0.4,1.2,False
68123272000,1789117604958601000,4870,video_contact_and_recorded_pose,Stack garment,1.2,0.01218807329698618,0.4,1.2,0.8,0.8,0.4,0.8,False
68183277000,1789117605018606000,4874,video_contact_and_recorded_pose,Stack garment,0.4,0.004775024761449198,0,0.4,0.4,0.4,0,0.4,False
68223277000,1789117605058606000,4877,video_contact_and_recorded_pose,Stack garment,0,0.001672738597889467,0,0,0,0,0,0,False
68243277000,1789117605078606000,4879,video_contact_and_recorded_pose,Stack garment,0,0.0007075030005532779,0,0,0,0,0,0,False
68283281000,1789117605118610000,4882,video_contact_and_recorded_pose,Release garment,0,0,0,0,0,0,0,0,False
68323281000,1789117605158610000,4884,video_contact_and_recorded_pose,Release garment,0,0,0,0,0,0,0,0,False
68363286000,1789117605198615000,4887,video_contact_and_recorded_pose,Release garment,0,0,0,0,0,0,0,0,False
68403286000,1789117605238615000,4890,video_contact_and_recorded_pose,Release garment,0,0,0,0,0,0,0,0,False
68443286000,1789117605278615000,4893,video_contact_and_recorded_pose,Release garment,0,0,0,0,0,0,0,0,False
68483291000,1789117605318620000,4896,video_contact_and_recorded_pose,Release garment,0,0,0,0,0,0,0,0,False
68523291000,1789117605358620000,4899,video_contact_and_recorded_pose,Release garment,0,0,0,0,0,0,0,0,False
68563295000,1789117605398624000,4902,video_contact_and_recorded_pose,Release garment,0,0,0,0,0,0,0,0,False
68583295000,1789117605418624000,4903,video_contact_and_recorded_pose,Release garment,0,0,0,0,0,0,0,0,False
68623295000,1789117605458624000,4906,video_contact_and_recorded_pose,Release garment,0,0,0,0,0,0,0,0,False
68663300000,1789117605498629000,4909,video_contact_and_recorded_pose,Release garment,0,0,0,0,0,0,0,0,False
68703300000,1789117605538629000,4912,video_contact_and_recorded_pose,Release garment,0,0,0,0,0,0,0,0,False
68743304000,1789117605578633000,4914,video_contact_and_recorded_pose,Release garment,0,0,0,0,0,0,0,0,False
68783305000,1789117605618634000,4917,video_contact_and_recorded_pose,Release garment,0,0,0,0,0,0,0,0,False
68803305000,1789117605638634000,4919,video_contact_and_recorded_pose,Release garment,0,0,0,0,0,0,0,0,False
68843309000,1789117605678638000,4922,video_contact_and_recorded_pose,Release garment,0,0,0,0,0,0,0,0,False
68883309000,1789117605718638000,4925,video_contact_and_recorded_pose,Release garment,0,0,0,0,0,0,0,0,False
68923309000,1789117605758638000,4927,video_contact_and_recorded_pose,Release garment,0,0,0,0,0,0,0,0,False
68963314000,1789117605798643000,4930,video_contact_and_recorded_pose,Release garment,0,0,0,0,0,0,0,0,False
68983314000,1789117605818643000,4932,video_contact_and_recorded_pose,Release garment,0,0,0,0,0,0,0,0,False
69023314000,1789117605858643000,4935,video_contact_and_recorded_pose,Release garment,0,0,0,0,0,0,0,0,False
69063318000,1789117605898647000,4937,video_contact_and_recorded_pose,Release garment,0,0,0,0,0,0,0,0,False
69103319000,1789117605938648000,4940,video_contact_and_recorded_pose,Release garment,0,0,0,0,0,0,0,0,False
69143323000,1789117605978652000,4943,video_contact_and_recorded_pose,Release garment,0,0,0,0,0,0,0,0,False
69163323000,1789117605998652000,4945,video_contact_and_recorded_pose,Release garment,0,0,0,0,0,0,0,0,False
69243328000,1789117606078657000,4950,video_contact_and_recorded_pose,Release garment,0,0,0,0,0,0,0,0,False
69283328000,1789117606118657000,4953,video_contact_and_recorded_pose,Release garment,0,0,0,0,0,0,0,0,False
69303328000,1789117606138657000,4955,video_contact_and_recorded_pose,Release garment,0,0,0,0,0,0,0,0,False
69323332000,1789117606158661000,4956,video_contact_and_recorded_pose,Release garment,0,0,0,0,0,0,0,0,False
69363332000,1789117606198661000,4958,video_contact_and_recorded_pose,Release garment,0,0,0,0,0,0,0,0,False
69403332000,1789117606238661000,4961,video_contact_and_recorded_pose,Release garment,0,0,0,0,0,0,0,0,False
69423337000,1789117606258666000,4962,video_contact_and_recorded_pose,Release garment,0,0,0,0,0,0,0,0,False
69463337000,1789117606298666000,4965,video_contact_and_recorded_pose,Release garment,0,0,0,0,0,0,0,0,False
69503337000,1789117606338666000,4968,video_contact_and_recorded_pose,Release garment,0,0,0,0,0,0,0,0,False
69543342000,1789117606378671000,4971,video_contact_and_recorded_pose,Release garment,0,0,0,0,0,0,0,0,False
69563342000,1789117606398671000,4972,video_contact_and_recorded_pose,Release garment,0,0,0,0,0,0,0,0,False
69603346000,1789117606438675000,4975,video_contact_and_recorded_pose,Release garment,0,0,0,0,0,0,0,0,False
69643346000,1789117606478675000,4978,video_contact_and_recorded_pose,Release garment,0,0,0,0,0,0,0,0,False
69683346000,1789117606518675000,4981,video_contact_and_recorded_pose,Release garment,0,0,0,0,0,0,0,0,False
69723351000,1789117606558680000,4984,video_contact_and_recorded_pose,Release garment,0,0,0,0,0,0,0,0,False
69783351000,1789117606618680000,4988,video_contact_and_recorded_pose,Reach for olive trousers,0,2.267376012514225e-05,0,0,0,0,0,0,False
69803355000,1789117606638684000,4990,video_contact_and_recorded_pose,Reach for olive trousers,0,0.0010809096554438933,0,0,0,0,0,0,False
69823355000,1789117606658684000,4991,video_contact_and_recorded_pose,Reach for olive trousers,0.4,0.0036543403153549967,0,0.4,0.4,0,0,0.4,False
69883356000,1789117606718685000,4995,video_contact_and_recorded_pose,Reach for olive trousers,1.2,0.019566278172789386,0.8,1.2,1.2,0.8,0.4,1.2,False
69923360000,1789117606758689000,4998,video_contact_and_recorded_pose,Reach for olive trousers,2.4,0.036101831602744175,1.6,2.4,2,1.6,0.8,2.4,False
69943360000,1789117606778689000,5000,video_contact_and_recorded_pose,Reach for olive trousers,2.7,0.04587655574540341,2,2.7,2.4,2,1.2,2.7,False
69963360000,1789117606798689000,5001,video_contact_and_recorded_pose,Reach for olive trousers,3.5,0.05653636219258904,2.4,3.5,3.1,2.4,1.6,3.5,False
70003365000,1789117606838694000,5004,video_contact_and_recorded_pose,Reach for olive trousers,5.1,0.08015426032100334,3.1,5.1,4.3,3.1,2,4.7,False
70063365000,1789117606898694000,5009,video_contact_and_recorded_pose,Reach for olive trousers,7.5,0.11996438944065209,5.1,7.5,6.3,4.7,2.7,7.5,False
70103369000,1789117606938698000,5011,video_contact_and_recorded_pose,Reach for olive trousers,9.4,0.14838207799221784,6.3,9.4,7.8,5.9,3.5,9,False
70123369000,1789117606958698000,5013,video_contact_and_recorded_pose,Reach for olive trousers,10.2,0.16288185608409492,6.7,10.2,8.6,6.7,3.9,9.8,False
70183374000,1789117607018703000,5017,video_contact_and_recorded_pose,Reach for olive trousers,12.9,0.2064738406313702,8.6,12.9,11,8.2,5.1,12.5,False
70203374000,1789117607038703000,5019,video_contact_and_recorded_pose,Reach for olive trousers,14.1,0.22073286165012174,9,14.1,11.8,9,5.5,13.3,False
70283378000,1789117607118707000,5024,video_contact_and_recorded_pose,Reach for olive trousers,17.3,0.27401871200362066,11.4,17.3,14.9,11,6.7,16.9,False
70323379000,1789117607158708000,5027,video_contact_and_recorded_pose,Reach for olive trousers,18.8,0.2971487552660865,12.2,18.8,16.1,11.8,7.5,18,False
70363379000,1789117607198708000,5030,video_contact_and_recorded_pose,Reach for olive trousers,20,0.31697660837756886,12.9,20,17.3,12.9,7.8,19.2,False
70383383000,1789117607218712000,5031,video_contact_and_recorded_pose,Reach for olive trousers,20.8,0.32542897584066144,13.3,20.8,17.6,12.9,8.2,20,False
70403383000,1789117607238712000,5033,video_contact_and_recorded_pose,Reach for olive trousers,21.2,0.3327840757288414,13.7,21.2,18,13.3,8.2,20.4,False
70443383000,1789117607278712000,5036,video_contact_and_recorded_pose,Reach for olive trousers,22,0.34384777151856605,14.1,22,19.2,14.1,8.6,21.2,False
70463383000,1789117607298712000,5037,video_contact_and_recorded_pose,Reach for olive trousers,22.4,0.34737632626785303,14.1,22.4,19.6,14.9,9,22,False
70503388000,1789117607338717000,5040,video_contact_and_recorded_pose,Grasp olive trousers,22.7,0.3500014882471372,14.5,22.7,21.2,15.7,9.8,22.4,False
70563392000,1789117607398721000,5044,video_contact_and_recorded_pose,Grasp olive trousers,23.1,0.350507290857996,14.5,23.1,22.4,16.9,10.6,22.4,False
70603393000,1789117607438722000,5048,video_contact_and_recorded_pose,Grasp olive trousers,23.5,0.35132513927796044,14.5,23.5,23.1,17.3,11,22.7,False
70643393000,1789117607478722000,5050,video_contact_and_recorded_pose,Grasp olive trousers,23.5,0.35250195664987394,14.5,23.5,23.5,17.6,11.4,23.1,False
70683397000,1789117607518726000,5053,video_contact_and_recorded_pose,Grasp olive trousers,23.5,0.35401605719444845,14.5,23.5,23.5,17.6,11.4,23.1,False
70743397000,1789117607578726000,5057,video_contact_and_recorded_pose,Grasp olive trousers,23.9,0.3568712547946807,14.5,23.9,23.9,17.6,11.4,23.5,False
70763402000,1789117607598731000,,video_contact_only,Grasp olive trousers,28.6,0.35796813530993715,14.5,28.6,24.3,18,11.4,25.5,False
70783402000,1789117607618731000,,video_contact_only,Grasp olive trousers,28.6,0.3591326262606814,14.9,28.6,24.3,18,11.4,25.5,False
70823402000,1789117607658731000,,video_contact_only,Grasp olive trousers,29,0.3616543012478975,14.9,29,24.7,18,11.4,25.5,False
70883406000,1789117607718735000,,video_contact_only,Grasp olive trousers,29,0.36587783973614646,14.9,29,24.7,18.4,11.4,25.9,False
70923406000,1789117607758735000,5070,video_contact_and_recorded_pose,Grasp olive trousers,33.7,0.36895527940822925,15.3,33.7,25.9,18.8,11.4,25.5,False
70963411000,1789117607798740000,5073,video_contact_and_recorded_pose,Grasp olive trousers,33.7,0.37221716235865837,15.3,33.7,25.9,19.2,11.4,25.5,False
71023411000,1789117607858740000,,video_contact_only,Grasp olive trousers,30.2,0.3774065949765135,15.7,30.2,25.5,18.8,11.8,26.7,False
71063416000,1789117607898745000,,video_contact_only,Grasp olive trousers,30.6,0.38103292015805607,15.7,30.6,25.9,19.2,12.2,27.1,False
71103416000,1789117607938745000,,video_contact_only,Grasp olive trousers,30.6,0.3847662775006709,15.7,30.6,26.3,19.2,12.2,27.5,False
71123416000,1789117607958745000,,video_contact_only,Grasp olive trousers,31,0.38666642624779246,15.7,31,26.3,19.6,12.2,27.5,False
71143420000,1789117607978749000,,video_contact_only,Grasp olive trousers,31,0.38858562898098786,16.1,31,26.3,19.6,12.2,27.5,False
71203420000,1789117608038749000,,video_contact_only,Grasp olive trousers,31.4,0.39442676281563827,16.1,31.4,26.7,20,12.5,27.8,False
71243425000,1789117608078754000,,video_contact_only,Grasp olive trousers,31.8,0.3983645685447562,16.5,31.8,27.1,20,12.5,28.2,False
71283425000,1789117608118754000,,video_contact_only,Grasp olive trousers,32.2,0.40231094558615405,16.5,32.2,27.5,20.4,12.5,28.6,False
71303425000,1789117608138754000,,video_contact_only,Grasp olive trousers,32.2,0.40428069826981544,16.5,32.2,27.5,20.4,12.5,28.6,False
71343429000,1789117608178758000,,video_contact_only,Grasp olive trousers,32.5,0.4082000537701288,16.9,32.5,27.8,20.4,12.9,29,False
71363429000,1789117608198758000,,video_contact_only,Grasp olive trousers,32.5,0.41014379678327373,16.9,32.5,27.8,20.8,12.9,29,False
71423434000,1789117608258763000,,video_contact_only,Grasp olive trousers,33.3,0.4158797407588441,17.3,33.3,28.2,20.8,12.9,29.4,False
71463434000,1789117608298763000,5109,video_contact_and_recorded_pose,Grasp olive trousers,29,0.419596244401258,17.3,27.5,29,20.4,11.8,26.3,False
71483434000,1789117608318763000,5111,video_contact_and_recorded_pose,Grasp olive trousers,29.4,0.4214141544725735,17.3,27.8,29.4,20.8,12.2,26.7,False
71563439000,1789117608398768000,5116,video_contact_and_recorded_pose,Grasp olive trousers,29.8,0.42835347971637483,17.6,28.6,29.8,21.2,12.2,27.1,False
71583439000,1789117608418768000,5118,video_contact_and_recorded_pose,Grasp olive trousers,29.8,0.4299913460004504,17.6,29,29.8,21.2,12.2,27.1,False
71603439000,1789117608438768000,5119,video_contact_and_recorded_pose,Grasp olive trousers,30.2,0.4315850040817996,17.6,29,30.2,21.6,12.5,27.1,False
71663443000,1789117608498772000,5124,video_contact_and_recorded_pose,Grasp olive trousers,31,0.43607367626516175,18,29,31,22,12.9,27.5,False
71703443000,1789117608538772000,5126,video_contact_and_recorded_pose,Grasp olive trousers,31.4,0.4387947545866481,18,29,31.4,22.7,12.9,28.2,False
71723448000,1789117608558777000,5128,video_contact_and_recorded_pose,Grasp olive trousers,31.8,0.4400660546702005,18,29,31.8,22.7,13.3,28.6,False
71763448000,1789117608598777000,5131,video_contact_and_recorded_pose,Grasp olive trousers,32.2,0.44241523570489893,18,28.6,32.2,23.1,13.7,29.4,False
71783448000,1789117608618777000,5132,video_contact_and_recorded_pose,Grasp olive trousers,32.2,0.44348797482262803,18,28.6,32.2,23.1,14.1,29.8,False
71843453000,1789117608678782000,5136,video_contact_and_recorded_pose,Grasp olive trousers,32.2,0.4462661855799349,18.4,28.6,32.2,23.5,14.1,30.2,False
71883453000,1789117608718782000,5139,video_contact_and_recorded_pose,Grasp olive trousers,32.5,0.4477239724073995,18.4,29,32.5,23.9,14.1,30.2,False
71923457000,1789117608758786000,5142,video_contact_and_recorded_pose,Grasp olive trousers,32.5,0.44884099461046256,18.4,29.4,32.5,23.5,13.7,30.2,False
71943457000,1789117608778786000,5144,video_contact_and_recorded_pose,Grasp olive trousers,32.5,0.4492647843022144,18.4,29.4,32.5,23.5,13.7,30.2,False
71983457000,1789117608818786000,5147,video_contact_and_recorded_pose,Grasp olive trousers,32.5,0.4498293817914918,18.4,29.4,32.5,23.5,13.7,30.2,False
72023462000,1789117608858791000,,video_contact_only,Lift and align,36.1,0.44999982094124646,18.4,36.1,30.6,22.7,14.1,31.8,False
72063462000,1789117608898791000,,video_contact_only,Lift and align,36.1,0.4499719478150375,18.4,36.1,30.6,22.7,14.1,31.8,False
72103466000,1789117608938795000,,video_contact_only,Lift and align,36.1,0.4498971613233621,18.4,36.1,30.6,22.7,14.1,31.8,False
72123466000,1789117608958795000,,video_contact_only,Lift and align,36.1,0.44984244876155594,18.4,36.1,30.6,22.7,14.1,31.8,False
72203471000,1789117609038800000,,video_contact_only,Lift and align,35.7,0.44951058418153966,18.4,35.7,30.6,22.7,14.1,31.8,False
72243471000,1789117609078800000,,video_contact_only,Lift and align,35.7,0.4492783615252472,18.4,35.7,30.6,22.7,14.1,31.8,False
72263471000,1789117609098800000,,video_contact_only,Lift and align,35.7,0.4491460494015798,18.4,35.7,30.6,22.7,14.1,31.8,False
72283471000,1789117609118800000,,video_contact_only,Lift and align,35.7,0.4490030791036144,18.4,35.7,30.6,22.7,14.1,31.8,False
72303476000,1789117609138805000,,video_contact_only,Lift and align,35.7,0.448849517707607,18.4,35.7,30.6,22.7,14.1,31.8,False
72343476000,1789117609178805000,,video_contact_only,Lift and align,35.7,0.4485112419745916,18.4,35.7,30.6,22.4,14.1,31.8,False
72383480000,1789117609218809000,,video_contact_only,Lift and align,35.7,0.44813200198579606,18.4,35.7,30.6,22.4,14.1,31.8,False
72423480000,1789117609258809000,,video_contact_only,Lift and align,35.7,0.4477127277891113,18.4,35.7,30.2,22.4,14.1,31.8,False
72443480000,1789117609278809000,,video_contact_only,Lift and align,35.7,0.44748833132231736,18.4,35.7,30.2,22.4,14.1,31.8,False
72523485000,1789117609358814000,5185,video_contact_and_recorded_pose,Lift and align,29.8,0.4464947740966344,18.4,29.8,27.1,22.7,12.9,29.8,False
72543485000,1789117609378814000,5187,video_contact_and_recorded_pose,Lift and align,29.8,0.44622295688143154,18.4,29.8,27.1,22.7,12.9,29.8,False
72563485000,1789117609398814000,5188,video_contact_and_recorded_pose,Lift and align,29.8,0.4459419763051883,18.4,29.8,27.1,22.7,12.9,29.4,False
72603490000,1789117609438819000,,video_contact_only,Lift and align,35.7,0.44535287628087206,18.4,35.7,30.2,22.4,14.1,31.8,False
72623490000,1789117609458819000,,video_contact_only,Lift and align,35.7,0.44504504402631423,18.4,35.7,30.2,22.4,14.1,31.4,False
72663490000,1789117609498819000,,video_contact_only,Lift and align,35.3,0.44440327748563574,18.4,35.3,30.2,22.4,14.1,31.4,False
72683494000,1789117609518823000,,video_contact_only,Lift and align,35.3,0.44406948914411504,18,35.3,30.2,22.4,14.1,31.4,False
72743494000,1789117609578823000,,video_contact_only,Lift and align,35.3,0.44301825321211014,18,35.3,30.2,22.4,14.1,31.4,False
72783499000,1789117609618828000,,video_contact_only,Lift and align,35.3,0.44227667842567764,18,35.3,29.8,22.4,13.7,31.4,False
72823499000,1789117609658828000,,video_contact_only,Lift and align,35.3,0.44150366599096613,18,35.3,29.8,22.4,13.7,31.4,False
72843499000,1789117609678828000,,video_contact_only,Lift and align,35.3,0.44110560356841694,18,35.3,29.8,22.4,13.7,31.4,False
72883503000,1789117609718832000,,video_contact_only,Lift and align,35.3,0.4402868167937432,18,35.3,29.8,22,13.7,31.4,False
72923504000,1789117609758833000,,video_contact_only,Lift and align,34.9,0.43943869592738444,18,34.9,29.8,22,13.7,31,False
72963508000,1789117609798837000,,video_contact_only,Lift and align,34.9,0.4385619680935607,18,34.9,29.8,22,13.7,31,False
73023508000,1789117609858837000,,video_contact_only,Lift and align,34.9,0.43719536415881166,18,34.9,29.8,22,13.7,31,False
73063513000,1789117609898842000,,video_contact_only,Lift and align,34.9,0.4362509931308448,18,34.9,29.4,22,13.7,31,False
73103513000,1789117609938842000,,video_contact_only,Lift and align,34.9,0.4352811894276929,18,34.9,29.4,22,13.7,31,False
73123513000,1789117609958842000,,video_contact_only,Lift and align,34.5,0.43478697359080964,18,34.5,29.4,22,13.7,31,False
73163517000,1789117609998846000,,video_contact_only,Lift and align,34.5,0.43378034594399384,17.6,34.5,29.4,22,13.7,30.6,False
73203517000,1789117610038846000,,video_contact_only,Lift and align,34.5,0.4327504041024782,17.6,34.5,29.4,21.6,13.7,30.6,False
73243522000,1789117610078851000,,video_contact_only,Lift and align,34.5,0.43169776981179714,17.6,34.5,29.4,21.6,13.7,30.6,False
73263522000,1789117610098851000,,video_contact_only,Lift and align,34.5,0.43116332489244247,17.6,34.5,29.4,21.6,13.7,30.6,False
73303522000,1789117610138851000,,video_contact_only,Lift and align,34.5,0.4300785831702199,17.6,34.5,29,21.6,13.3,30.6,False
73383527000,1789117610218856000,,video_contact_only,Lift and align,34.1,0.42784853988912225,17.6,34.1,29,21.6,13.3,30.2,False
73403527000,1789117610238856000,,video_contact_only,Lift and align,34.1,0.42727909906987693,17.6,34.1,29,21.6,13.3,30.2,False
73423527000,1789117610258856000,,video_contact_only,Lift and align,34.1,0.42670508609639984,17.6,34.1,29,21.6,13.3,30.2,False
73443531000,1789117610278860000,,video_contact_only,Lift and align,34.1,0.42612649160054905,17.6,34.1,29,21.6,13.3,30.2,False
73483531000,1789117610318860000,,video_contact_only,Lift and align,33.7,0.42495656408503585,17.3,33.7,29,21.2,13.3,30.2,False
73523531000,1789117610358860000,,video_contact_only,Lift and align,33.7,0.4237700563106055,17.3,33.7,28.6,21.2,13.3,30.2,False
73563536000,1789117610398865000,5258,video_contact_and_recorded_pose,Lift and align,30.2,0.42256767118690874,17.3,29.8,29.8,21.6,13.3,30.2,False
73603536000,1789117610438865000,5261,video_contact_and_recorded_pose,Lift and align,30.6,0.42135056349792804,17.3,29.4,30.2,22.4,13.7,30.6,False
73623536000,1789117610458865000,5263,video_contact_and_recorded_pose,Lift and align,31,0.4207366996161976,17.3,29.4,30.2,22.7,14.1,31,False
73663541000,1789117610498870000,5265,video_contact_and_recorded_pose,Lift and align,31.4,0.4194987300727637,17.3,29.4,29.8,22.7,14.1,31.4,False
73703541000,1789117610538870000,5268,video_contact_and_recorded_pose,Lift and align,31.8,0.4182481779925184,17.3,29,30.2,22.7,14.1,31.8,False
73743545000,1789117610578874000,5271,video_contact_and_recorded_pose,Lift and align,31.8,0.41698561680738955,17.3,28.6,30.6,22.4,14.1,31.8,False
73783545000,1789117610618874000,5274,video_contact_and_recorded_pose,Lift and align,31.8,0.4157121532118417,17.3,27.8,30.2,22,13.7,31.8,False
73803545000,1789117610638874000,5276,video_contact_and_recorded_pose,Lift and align,31.8,0.4150715528038972,16.9,27.8,30.2,22,13.7,31.8,False
73883550000,1789117610718879000,5281,video_contact_and_recorded_pose,Lift and align,31.8,0.41248568898612786,16.9,27.5,29.8,22.4,14.1,31.8,False
73903550000,1789117610738879000,5283,video_contact_and_recorded_pose,Lift and align,31.8,0.4118339721725039,16.9,27.5,29.4,22.4,14.1,31.8,False
73923554000,1789117610758883000,5284,video_contact_and_recorded_pose,Lift and align,31.8,0.41118022159622236,16.9,27.5,29.4,22.4,14.1,31.8,False
73963554000,1789117610798883000,5287,video_contact_and_recorded_pose,Lift and align,29.4,0.40986770008379836,16.9,26.7,29.4,22.4,13.7,29.4,False
74023559000,1789117610858888000,5291,video_contact_and_recorded_pose,Lift and align,29.4,0.4078871501893993,16.9,26.3,29.4,21.2,12.9,28.2,False
74063559000,1789117610898888000,5294,video_contact_and_recorded_pose,Lift and align,29.4,0.4065604042742569,16.9,25.9,29.4,21.2,12.9,28.2,False
74083559000,1789117610918888000,5296,video_contact_and_recorded_pose,Lift and align,29.4,0.40589540492640086,16.5,25.9,29.4,20.8,12.9,28.2,False
74103564000,1789117610938893000,5297,video_contact_and_recorded_pose,Lift and align,29,0.4052292970802242,16.5,25.9,29,20.8,12.9,28.2,False
74143564000,1789117610978893000,5300,video_contact_and_recorded_pose,Lift and align,29,0.4038950155677811,16.5,25.9,29,20.8,12.9,27.8,False
74203568000,1789117611038897000,5304,video_contact_and_recorded_pose,Lift and align,29,0.4018890645506177,16.5,25.5,29,20.8,12.9,27.5,False
74243568000,1789117611078897000,5306,video_contact_and_recorded_pose,Lift and align,28.6,0.40055016870256305,16.5,25.5,28.6,20.8,12.5,27.5,False
74283568000,1789117611118897000,5309,video_contact_and_recorded_pose,Lift and align,28.6,0.39921092197531705,16.5,25.5,28.6,20.4,12.5,27.5,False
74303573000,1789117611138902000,5311,video_contact_and_recorded_pose,Lift and align,28.6,0.39854126660221545,16.5,25.5,28.6,20.4,12.5,27.8,False
74343573000,1789117611178902000,5314,video_contact_and_recorded_pose,Lift and align,28.6,0.3972030952314214,16.5,25.9,28.6,20.8,12.5,27.8,False
74383573000,1789117611218902000,5316,video_contact_and_recorded_pose,Lift and align,27.8,0.39586670842894733,16.1,25.9,27.8,21.2,13.3,27.1,False
74423578000,1789117611258907000,5319,video_contact_and_recorded_pose,Lift and align,27.1,0.3945327938131128,16.1,26.3,27.1,21.2,13.3,26.7,False
74443578000,1789117611278907000,5320,video_contact_and_recorded_pose,Lift and align,27.1,0.3938671764276602,16.1,26.7,27.1,21.2,13.3,26.3,False
74503582000,1789117611338911000,5324,video_contact_and_recorded_pose,Lift and align,26.7,0.39187649901827926,16.1,26.3,26.7,21.2,13.3,25.5,False
74543582000,1789117611378911000,5327,video_contact_and_recorded_pose,Lift and align,26.7,0.3905557931184191,16.1,26.3,26.7,20.8,12.9,25.1,False
74563582000,1789117611398911000,5329,video_contact_and_recorded_pose,Lift and align,26.7,0.3898976575757158,16.1,26.3,26.7,20.8,12.9,25.1,False
74623587000,1789117611458916000,5333,video_contact_and_recorded_pose,Lift and align,27.1,0.387933238780846,16.1,26.3,27.1,20.8,12.9,25.5,False
74643587000,1789117611478916000,5334,video_contact_and_recorded_pose,Lift and align,27.1,0.38728222684908287,16.1,26.3,27.1,20.8,12.5,25.1,False
74683591000,1789117611518920000,5337,video_contact_and_recorded_pose,Lift and align,27.5,0.38598632378038433,15.7,26.3,27.5,20.4,12.5,25.1,False
74703591000,1789117611538920000,5338,video_contact_and_recorded_pose,Lift and align,27.5,0.38534177577978596,15.7,26.3,27.5,20.4,12.5,25.1,False
74783596000,1789117611618925000,5343,video_contact_and_recorded_pose,Lift and align,27.1,0.38278817363238,15.7,26.3,27.1,20,12.5,24.7,False
74803596000,1789117611638925000,5345,video_contact_and_recorded_pose,Lift and align,26.7,0.38215653423847734,15.7,26.3,26.7,20,12.2,24.7,False
74823596000,1789117611658925000,5346,video_contact_and_recorded_pose,Lift and align,26.3,0.38152779675129167,15.7,26.3,26.3,19.6,12.2,24.3,False
74883601000,1789117611718930000,5350,video_contact_and_recorded_pose,Lift and align,26.3,0.3796599089643934,15.7,26.3,23.9,17.6,11,23.9,False
74923601000,1789117611758930000,5353,video_contact_and_recorded_pose,Lift and align,26.3,0.37843122204428087,15.7,26.3,23.5,16.9,10.2,23.9,False
74943601000,1789117611778930000,5355,video_contact_and_recorded_pose,Lift and align,25.9,0.3778221390041538,15.7,25.9,23.1,16.9,9.8,23.9,False
74963601000,1789117611798930000,5356,video_contact_and_recorded_pose,Lift and align,25.9,0.3772167052666956,15.3,25.9,23.1,16.5,9.4,23.9,False
75003605000,1789117611838934000,5359,video_contact_and_recorded_pose,Lift and align,25.5,0.37601709359844915,15.3,25.5,22.7,16.1,9.4,23.5,False
75063610000,1789117611898939000,5363,video_contact_and_recorded_pose,Lift and align,25.1,0.3742477504098206,15.3,25.1,22,15.3,9.4,22.7,False
75103610000,1789117611938939000,5366,video_contact_and_recorded_pose,Lift and align,25.1,0.37308955941144717,15.3,25.1,22,15.3,9.4,22.4,False
75123610000,1789117611958939000,5368,video_contact_and_recorded_pose,Lift and align,24.7,0.37251716575925925,15.3,24.7,22,15.7,9.8,22.4,False
75163614000,1789117611998943000,5371,video_contact_and_recorded_pose,Lift and align,24.7,0.3713862038497072,15.3,24.7,22.4,15.7,10.2,22.4,False
75203615000,1789117612038944000,5373,video_contact_and_recorded_pose,Lift and align,24.7,0.3702746236587305,15.3,24.7,22.4,15.7,10.2,22.4,False
75243615000,1789117612078944000,5376,video_contact_and_recorded_pose,Lift and align,24.7,0.36918322089686945,15.3,24.7,22.7,16.1,10.2,22.4,False
75263619000,1789117612098948000,5378,video_contact_and_recorded_pose,Lift and align,24.7,0.3686452354134908,15.3,24.7,22.7,16.5,10.6,22.4,False
75303619000,1789117612138948000,5381,video_contact_and_recorded_pose,Lift and align,24.7,0.36758566043629315,14.9,24.7,23.1,16.9,10.6,22.4,False
75343619000,1789117612178948000,5384,video_contact_and_recorded_pose,Lift and align,24.7,0.36654837028080844,14.9,24.7,23.5,17.3,10.6,22,False
75363624000,1789117612198953000,5385,video_contact_and_recorded_pose,Lift and align,25.1,0.3660382221556374,14.9,25.1,24.3,17.3,11,22,False
75423624000,1789117612258953000,5389,video_contact_and_recorded_pose,Lift and align,25.1,0.3645439387457573,14.9,25.1,24.7,17.3,10.6,22.4,False
75463628000,1789117612298957000,5392,video_contact_and_recorded_pose,Lift and align,25.5,0.3635785357726862,14.9,25.5,22,15.3,9.8,23.5,False
75483628000,1789117612318957000,5394,video_contact_and_recorded_pose,Lift and align,26.7,0.3631054678809132,14.9,26.7,22,15.7,9.8,24.7,False
75503629000,1789117612338958000,5395,video_contact_and_recorded_pose,Lift and align,27.5,0.3626389089842529,14.9,27.5,22.4,15.7,10.2,25.9,False
75563633000,1789117612398962000,5399,video_contact_and_recorded_pose,Lift and align,27.5,0.36127947484327927,14.9,27.5,22.7,16.9,10.6,27.5,False
75603633000,1789117612438962000,5402,video_contact_and_recorded_pose,Lift and align,27.5,0.3604078654935533,14.9,27.5,22.7,16.9,10.6,27.5,False
75643638000,1789117612478967000,5405,video_contact_and_recorded_pose,Lift and align,27.5,0.3595648437509593,14.9,27.5,22.7,16.9,10.6,27.1,False
75663638000,1789117612498967000,,video_contact_only,Lift and align,28.6,0.3591544126036481,14.9,28.6,24.3,18,11.4,25.5,False
75743642000,1789117612578971000,,video_contact_only,Lift and align,28.6,0.35758861164503686,14.5,28.6,24.3,18,11.4,25.5,False
75783642000,1789117612618971000,,video_contact_only,Lift and align,28.6,0.3568528459859151,14.5,28.6,24.3,18,11.4,25.5,False
75803642000,1789117612638971000,,video_contact_only,Lift and align,28.6,0.3564971103784895,14.5,28.6,24.3,18,11.4,25.1,False
75823642000,1789117612658971000,,video_contact_only,Lift and align,28.2,0.3561496152752035,14.5,28.2,24.3,18,11.4,25.1,False
75883647000,1789117612718976000,5422,video_contact_and_recorded_pose,Lift and align,31.4,0.3551575612065776,14.5,31.4,25.9,18,9.8,23.5,False
75923651000,1789117612758980000,5425,video_contact_and_recorded_pose,Lift and align,31,0.3545393490473267,14.5,31,25.9,18,9.4,23.5,False
75943651000,1789117612778980000,5427,video_contact_and_recorded_pose,Lift and align,31,0.35424354309719097,14.5,31,25.9,18,9.4,23.5,False
75963652000,1789117612798981000,5428,video_contact_and_recorded_pose,Lift and align,31,0.35395671095408787,14.5,31,25.9,18,9.4,23.5,False
76023656000,1789117612858985000,,video_contact_only,Lift and align,28.2,0.35315120255077437,14.5,28.2,23.9,17.6,11,25.1,False
76063656000,1789117612898985000,,video_contact_only,Lift and align,28.2,0.3526611317232132,14.5,28.2,23.9,17.6,11,25.1,False
76103656000,1789117612938985000,,video_contact_only,Lift and align,28.2,0.35220957509709133,14.5,28.2,23.9,17.6,11,25.1,False
76123661000,1789117612958990000,,video_contact_only,Lift and align,28.2,0.35199845499948945,14.5,28.2,23.9,17.6,11,25.1,False
76203661000,1789117613038990000,,video_contact_only,Lift and align,27.8,0.35125474706726145,14.5,27.8,23.9,17.6,11,24.7,False
76223665000,1789117613058994000,,video_contact_only,Lift and align,27.8,0.3510944620265062,14.5,27.8,23.9,17.6,11,24.7,False
76243665000,1789117613078994000,,video_contact_only,Lift and align,27.8,0.3509446928122064,14.5,27.8,23.9,17.6,11,24.7,False
76303666000,1789117613138995000,,video_contact_only,Lift and align,27.8,0.3505593436357417,14.5,27.8,23.9,17.6,11,24.7,False
76323670000,1789117613158999000,,video_contact_only,Lift and align,27.8,0.35045255332309033,14.5,27.8,23.9,17.6,11,24.7,False
76383670000,1789117613218999000,,video_contact_only,Lift and align,27.8,0.3501987763777638,14.5,27.8,23.9,17.6,11,24.7,False
76403675000,1789117613239004000,,video_contact_only,Lift and align,27.8,0.3501367014131366,14.5,27.8,23.9,17.6,11,24.7,False
76423675000,1789117613259004000,,video_contact_only,Lift and align,27.8,0.3500860870763554,14.5,27.8,23.9,17.6,11,24.7,False
76483675000,1789117613319004000,,video_contact_only,Lift and align,27.8,0.3500039738849065,14.5,27.8,23.9,17.6,11,24.7,False
76503679000,1789117613339008000,,video_contact_only,Lay trousers flat,27.8,0.35000119119712564,14.5,27.8,23.9,17.6,11,24.7,False
76543679000,1789117613379008000,,video_contact_only,Lay trousers flat,27.8,0.3501659238858175,14.5,27.8,23.9,17.6,11,24.7,False
76603684000,1789117613439013000,,video_contact_only,Lay trousers flat,27.8,0.3509181819380469,14.5,27.8,23.9,17.6,11,24.7,False
76623684000,1789117613459013000,,video_contact_only,Lay trousers flat,27.8,0.3512986172867405,14.5,27.8,23.9,17.6,11,25.1,False
76703689000,1789117613539018000,5482,video_contact_and_recorded_pose,Lay trousers flat,26.7,0.35343573178115834,14.5,26.7,25.9,18.8,11,22.4,False
76743689000,1789117613579018000,5484,video_contact_and_recorded_pose,Lay trousers flat,26.7,0.3548558966791072,14.5,26.7,26.3,18.8,11.4,22.4,False
76763689000,1789117613599018000,5486,video_contact_and_recorded_pose,Lay trousers flat,26.7,0.35564952770084857,14.5,26.7,26.3,18.8,11.4,22.4,False
76783693000,1789117613619022000,,video_contact_only,Lay trousers flat,28.6,0.3564973693055246,14.5,28.6,24.3,18,11.4,25.1,False
76823693000,1789117613659022000,,video_contact_only,Lay trousers flat,28.6,0.35834984064469844,14.9,28.6,24.3,18,11.4,25.5,False
76883698000,1789117613719027000,,video_contact_only,Lay trousers flat,29,0.3615029071437033,14.9,29,24.7,18,11.4,25.5,False
76903698000,1789117613739027000,,video_contact_only,Lay trousers flat,29,0.36264861163320733,14.9,29,24.7,18,11.4,25.9,False
76943698000,1789117613779027000,,video_contact_only,Lay trousers flat,29,0.3650746813260415,14.9,29,24.7,18.4,11.4,25.9,False
76983702000,1789117613819031000,,video_contact_only,Lay trousers flat,29.4,0.3676722499951295,14.9,29.4,25.1,18.4,11.4,25.9,False
77023702000,1789117613859031000,,video_contact_only,Lay trousers flat,29.4,0.3704308174246706,15.3,29.4,25.1,18.4,11.8,26.3,False
77063703000,1789117613899032000,,video_contact_only,Lay trousers flat,29.8,0.37334072958173087,15.3,29.8,25.5,18.8,11.8,26.3,False
77103707000,1789117613939036000,,video_contact_only,Lay trousers flat,30.2,0.37639217268970526,15.3,30.2,25.5,18.8,11.8,26.7,False
77123707000,1789117613959036000,,video_contact_only,Lay trousers flat,30.2,0.3779676097866285,15.7,30.2,25.5,18.8,11.8,26.7,False
77163707000,1789117613999036000,,video_contact_only,Lay trousers flat,30.6,0.38121197583055283,15.7,30.6,25.9,19.2,12.2,27.1,False
77203712000,1789117614039041000,,video_contact_only,Lay trousers flat,30.6,0.38457310801698685,15.7,30.6,26.3,19.2,12.2,27.5,False
77243712000,1789117614079041000,,video_contact_only,Lay trousers flat,31,0.3880401852059704,16.1,31,26.3,19.6,12.2,27.5,False
77283716000,1789117614119045000,,video_contact_only,Lay trousers flat,31.4,0.39160400133314666,16.1,31.4,26.7,19.6,12.2,27.8,False
77323716000,1789117614159045000,,video_contact_only,Lay trousers flat,31.4,0.3952538629525476,16.1,31.4,26.7,20,12.5,27.8,False
77383721000,1789117614219050000,,video_contact_only,Lay trousers flat,32.2,0.4008692931666384,16.5,32.2,27.1,20,12.5,28.2,False
77423721000,1789117614259050000,5533,video_contact_and_recorded_pose,Lay trousers flat,29.8,0.40469149264707,16.5,29.8,27.5,19.2,10.2,25.5,False
77463726000,1789117614299055000,5536,video_contact_and_recorded_pose,Lay trousers flat,31,0.40856564534683665,16.9,31,27.8,19.2,10.2,26.3,False
77483726000,1789117614319055000,5538,video_contact_and_recorded_pose,Lay trousers flat,31.4,0.4105186617319843,16.9,31.4,27.8,19.6,10.6,26.7,False
77503726000,1789117614339055000,5539,video_contact_and_recorded_pose,Lay trousers flat,31.8,0.41248080188687997,16.9,31.8,28.2,19.6,10.6,26.7,False
77563730000,1789117614399059000,5543,video_contact_and_recorded_pose,Lay trousers flat,31,0.4184098869274946,17.3,31,27.5,18.8,10.6,27.1,False
77603730000,1789117614439059000,5546,video_contact_and_recorded_pose,Lay trousers flat,30.6,0.4223850950622048,17.3,30.6,26.7,18.8,10.6,27.5,False
77623730000,1789117614459059000,5548,video_contact_and_recorded_pose,Lay trousers flat,30.6,0.42437578074245386,17.3,30.6,26.7,18.8,10.6,27.5,False
77643730000,1789117614479059000,5549,video_contact_and_recorded_pose,Lay trousers flat,30.2,0.42636685751091097,17.6,30.2,26.7,18.4,10.6,27.8,False
77703735000,1789117614539064000,5554,video_contact_and_recorded_pose,Lay trousers flat,30.2,0.43233045511084545,17.6,30.2,27.1,18.8,10.6,28.2,False
77723735000,1789117614559064000,5555,video_contact_and_recorded_pose,Lay trousers flat,30.2,0.43431062002351434,17.6,30.2,27.5,18.8,11,28.2,False
77763739000,1789117614599068000,5558,video_contact_and_recorded_pose,Lay trousers flat,30.6,0.4382525549852432,18,30.6,27.8,18.8,11,28.2,False
77803740000,1789117614639069000,5561,video_contact_and_recorded_pose,Lay trousers flat,30.6,0.44216082404037804,18,30.6,27.5,18.8,11,28.6,False
77823740000,1789117614659069000,5562,video_contact_and_recorded_pose,Lay trousers flat,30.6,0.4440992778093577,18,30.6,27.5,18.8,11,28.6,False
77863744000,1789117614699073000,5565,video_contact_and_recorded_pose,Lay trousers flat,30.6,0.44793906573247644,18.4,30.6,27.5,18.8,11,29,False
77903744000,1789117614739073000,5568,video_contact_and_recorded_pose,Lay trousers flat,30.6,0.45172014845777764,18.4,30.6,27.1,18.8,11,29.4,False
77943749000,1789117614779078000,5571,video_contact_and_recorded_pose,Lay trousers flat,30.6,0.4554333919994856,18.8,30.6,25.9,18.8,11,29.8,False
78003749000,1789117614839078000,5574,video_contact_and_recorded_pose,Lay trousers flat,31,0.4608526611633577,18.8,31,26.3,19.2,11.4,30.2,False
78023749000,1789117614859078000,5576,video_contact_and_recorded_pose,Lay trousers flat,31,0.4626141227134526,18.8,31,26.3,19.2,11.4,30.6,False
78063753000,1789117614899082000,5579,video_contact_and_recorded_pose,Lay trousers flat,31,0.46606245816950265,19.2,31,26.3,19.2,11.4,30.6,False
78103753000,1789117614939082000,5581,video_contact_and_recorded_pose,Lay trousers flat,31,0.4694022232168058,19.2,31,26.3,19.2,11.8,31,False
78123758000,1789117614959087000,5583,video_contact_and_recorded_pose,Lay trousers flat,31.4,0.4710288070620676,19.2,31.4,26.3,19.2,11.8,31,False
78163758000,1789117614999087000,5586,video_contact_and_recorded_pose,Lay trousers flat,31.4,0.4741875129353647,19.6,31.4,26.7,19.6,11.8,31,False
78183758000,1789117615019087000,5587,video_contact_and_recorded_pose,Lay trousers flat,31.4,0.47571755027290896,19.6,31.4,27.1,19.6,11.8,31,False
78243763000,1789117615079092000,5592,video_contact_and_recorded_pose,Lay trousers flat,31.8,0.4800957809394747,19.6,31.8,29,20.4,12.2,31.8,False
78283763000,1789117615119092000,5594,video_contact_and_recorded_pose,Lay trousers flat,32.9,0.4828250125265102,20,32.2,30.2,21.2,12.2,32.9,False
78323767000,1789117615159096000,5597,video_contact_and_recorded_pose,Lay trousers flat,34.1,0.48539137963711937,20,32.5,31.4,21.6,12.5,34.1,False
78363767000,1789117615199096000,5600,video_contact_and_recorded_pose,Lay trousers flat,34.9,0.48778438829518633,20,32.9,32.2,22,12.5,34.9,False
78403767000,1789117615239096000,5603,video_contact_and_recorded_pose,Lay trousers flat,36.1,0.48999432351142147,20,33.3,32.5,22.4,12.5,36.1,False
78443772000,1789117615279101000,5606,video_contact_and_recorded_pose,Lay trousers flat,37.3,0.49201144499046645,20,34.1,32.9,22.7,13.3,37.3,False
78483772000,1789117615319101000,5609,video_contact_and_recorded_pose,Lay trousers flat,38.4,0.4938252675530419,20.4,34.5,33.3,23.1,13.3,38.4,False
78523776000,1789117615359105000,5612,video_contact_and_recorded_pose,Lay trousers flat,38.4,0.49542622475559234,20.4,34.9,33.7,23.1,13.7,38.4,False
78563777000,1789117615399106000,5615,video_contact_and_recorded_pose,Lay trousers flat,38.8,0.4968040472587725,20.4,34.9,34.1,23.1,13.7,38.8,False
78603781000,1789117615439110000,5617,video_contact_and_recorded_pose,Lay trousers flat,38.8,0.49794895943803824,20.4,34.9,34.5,23.5,13.7,38.8,False
78643781000,1789117615479110000,5620,video_contact_and_recorded_pose,Lay trousers flat,38.4,0.49885078885356526,20.4,34.9,34.5,23.5,13.7,38.4,False
78683781000,1789117615519110000,5623,video_contact_and_recorded_pose,Lay trousers flat,38,0.49949968187792904,20.4,34.9,34.5,23.9,14.1,38,False
78743786000,1789117615579115000,5627,video_contact_and_recorded_pose,Lay trousers flat,37.6,0.49997694878579957,20.4,34.5,34.9,23.9,13.7,37.6,False
78763786000,1789117615599115000,5628,video_contact_and_recorded_pose,Fold olive trousers,37.6,0.49999847363445343,20.4,34.5,34.9,23.9,13.7,37.6,False
78823790000,1789117615659119000,5632,video_contact_and_recorded_pose,Fold olive trousers,34.5,0.49957826146384304,20.4,33.3,31,22.7,13.3,34.5,False
78843790000,1789117615679119000,5634,video_contact_and_recorded_pose,Fold olive trousers,34.5,0.4992790068432091,20.4,33.3,30.6,22.7,13.3,34.5,False
78883791000,1789117615719120000,5637,video_contact_and_recorded_pose,Fold olive trousers,34.5,0.4984553492482823,20.4,33.3,30.6,22.7,13.3,34.5,False
78963795000,1789117615799124000,,video_contact_only,Fold olive trousers,39.6,0.49597113795861025,20.4,39.6,33.7,25.1,15.7,35.3,False
78983800000,1789117615819129000,,video_contact_only,Fold olive trousers,39.6,0.49518885239808014,20.4,39.6,33.7,24.7,15.7,35.3,False
79003800000,1789117615839129000,,video_contact_only,Fold olive trousers,39.6,0.4943468848200062,20.4,39.6,33.7,24.7,15.7,34.9,False
79063800000,1789117615899129000,,video_contact_only,Fold olive trousers,39.2,0.4914845184413395,20,39.2,33.3,24.7,15.3,34.9,False
79103804000,1789117615939133000,5652,video_contact_and_recorded_pose,Fold olive trousers,44.3,0.4893184172389353,20,44.3,36.5,26.7,16.9,35.3,False
79123804000,1789117615959133000,5654,video_contact_and_recorded_pose,Fold olive trousers,44.3,0.48816500811182173,20,44.3,36.5,26.7,16.9,35.3,False
79143804000,1789117615979133000,5655,video_contact_and_recorded_pose,Fold olive trousers,43.5,0.4869676584620423,20,43.5,36.5,26.7,16.9,35.3,False
79163804000,1789117615999133000,5657,video_contact_and_recorded_pose,Fold olive trousers,42.4,0.4857286438451518,20,42.4,36.5,26.7,16.5,35.3,False
79223809000,1789117616059138000,5661,video_contact_and_recorded_pose,Fold olive trousers,40.8,0.48178402399214637,19.6,40.8,36.5,26.7,16.9,33.7,False
79243809000,1789117616079138000,5662,video_contact_and_recorded_pose,Fold olive trousers,40.4,0.4804010972061963,19.6,40.4,36.5,26.7,16.9,33.3,False
79283813000,1789117616119142000,5665,video_contact_and_recorded_pose,Fold olive trousers,40.4,0.4775463684337064,19.6,40.4,36.1,26.7,16.9,32.9,False
79323814000,1789117616159143000,5668,video_contact_and_recorded_pose,Fold olive trousers,39.6,0.4745889040649959,19.6,39.6,34.5,25.1,15.3,32.5,False
79363814000,1789117616199143000,5671,video_contact_and_recorded_pose,Fold olive trousers,37.6,0.4715467771028156,19.2,37.6,31.4,22.7,14.1,31.8,False
79423818000,1789117616259147000,5676,video_contact_and_recorded_pose,Fold olive trousers,31,0.4668642143872945,19.2,31,25.9,18.8,11.4,30.2,False
79443818000,1789117616279147000,5677,video_contact_and_recorded_pose,Fold olive trousers,30.6,0.4652808174961512,19.2,30.6,25.5,18.8,11.4,29.8,False
79483823000,1789117616319152000,5680,video_contact_and_recorded_pose,Fold olive trousers,30.2,0.4620933096341238,18.8,30.2,25.1,18.4,11.4,29.4,False
79503823000,1789117616339152000,5681,video_contact_and_recorded_pose,Fold olive trousers,29.8,0.46049414882676365,18.8,29.8,25.1,18.4,11.4,29,False
79563827000,1789117616399156000,5686,video_contact_and_recorded_pose,Fold olive trousers,29,0.45570123344304936,18.8,29,24.3,18,11,29,False
79603827000,1789117616439156000,5688,video_contact_and_recorded_pose,Fold olive trousers,29,0.4525329988290757,18.4,28.6,24.3,18,11,29,False
79623827000,1789117616459156000,5690,video_contact_and_recorded_pose,Fold olive trousers,29,0.45096375688564333,18.4,28.6,23.9,18,11,29,False
79663832000,1789117616499161000,5693,video_contact_and_recorded_pose,Fold olive trousers,29,0.44786601833105805,18.4,28.2,23.9,17.6,11,29,False
79683832000,1789117616519161000,5694,video_contact_and_recorded_pose,Fold olive trousers,28.6,0.44634246066366584,18.4,28.2,23.9,17.6,11,28.6,False
79743832000,1789117616579161000,5698,video_contact_and_recorded_pose,Fold olive trousers,28.6,0.44189955919571045,18,27.8,23.5,17.6,10.6,28.6,False
79763837000,1789117616599166000,5700,video_contact_and_recorded_pose,Fold olive trousers,28.6,0.4404684135545961,18,27.8,23.5,17.6,10.6,28.6,False
79803837000,1789117616639166000,5703,video_contact_and_recorded_pose,Fold olive trousers,28.2,0.4376957630921734,18,27.5,23.5,17.3,10.6,28.2,False
79823837000,1789117616659166000,5704,video_contact_and_recorded_pose,Fold olive trousers,28.2,0.43635844826451803,18,27.5,23.1,17.3,10.6,28.2,False
79863841000,1789117616699170000,5707,video_contact_and_recorded_pose,Fold olive trousers,27.8,0.4337929684201442,17.6,27.5,23.1,17.3,10.6,27.8,False
79923841000,1789117616759170000,5711,video_contact_and_recorded_pose,Fold olive trousers,27.5,0.4302527778134752,17.6,27.1,22.7,17.3,10.6,27.5,False
79963846000,1789117616799175000,5714,video_contact_and_recorded_pose,Fold olive trousers,27.5,0.4281240341667812,17.6,27.1,22.7,16.9,10.6,27.5,False
80003846000,1789117616839175000,5717,video_contact_and_recorded_pose,Fold olive trousers,27.5,0.4262021190879511,17.6,26.7,22.7,16.9,10.2,27.5,False
80063851000,1789117616899180000,5722,video_contact_and_recorded_pose,Fold olive trousers,27.1,0.423746168743953,17.3,26.7,22.7,16.9,10.2,27.1,False
80103851000,1789117616939180000,5724,video_contact_and_recorded_pose,Fold olive trousers,27.1,0.4224203066485036,17.3,26.7,22.7,16.9,10.2,27.1,False
80123851000,1789117616959180000,5726,video_contact_and_recorded_pose,Fold olive trousers,26.7,0.42185758839366805,17.3,26.7,22.7,16.9,10.2,26.7,False
80163855000,1789117616999184000,5729,video_contact_and_recorded_pose,Fold olive trousers,26.7,0.42094387846106096,17.3,26.7,22.7,16.9,10.2,26.7,False
80203855000,1789117617039184000,5732,video_contact_and_recorded_pose,Fold olive trousers,26.7,0.42032785083785484,17.3,26.7,22.7,16.9,10.2,26.7,False
80223855000,1789117617059184000,5733,video_contact_and_recorded_pose,Fold olive trousers,26.7,0.42013711716847413,17.3,26.7,22.7,16.9,10.2,26.3,False
80263860000,1789117617099189000,5736,video_contact_and_recorded_pose,Smooth fold,26.7,0.4199996033589624,17.3,26.7,22.7,16.9,10.2,26.3,False
80323864000,1789117617159193000,5740,video_contact_and_recorded_pose,Smooth fold,26.7,0.41989432418091516,17.3,26.7,22.7,16.9,10.2,26.3,False
80363864000,1789117617199193000,5743,video_contact_and_recorded_pose,Smooth fold,26.7,0.41972560667525016,17.3,26.7,22.7,16.5,10.2,26.3,False
80403865000,1789117617239194000,5746,video_contact_and_recorded_pose,Smooth fold,26.7,0.4194833663144829,17.3,26.7,22.7,16.5,10.2,26.3,False
80443869000,1789117617279198000,5749,video_contact_and_recorded_pose,Smooth fold,26.7,0.41917213199941183,17.3,26.7,22.7,16.5,10.2,26.3,False
80483869000,1789117617319198000,5752,video_contact_and_recorded_pose,Smooth fold,26.7,0.4187965123051816,17.3,26.7,22.7,16.5,10.2,26.7,False
80523874000,1789117617359203000,5755,video_contact_and_recorded_pose,Smooth fold,26.7,0.418360972607559,17.3,26.7,22.7,16.5,10.2,26.7,False
80543874000,1789117617379203000,5756,video_contact_and_recorded_pose,Smooth fold,26.7,0.41812220233286346,17.3,26.7,22.7,16.5,10.2,26.7,False
80603874000,1789117617439203000,5760,video_contact_and_recorded_pose,Smooth fold,26.7,0.4173286148936656,17.3,26.3,22.4,16.5,10.2,26.7,False
80643878000,1789117617479207000,5763,video_contact_and_recorded_pose,Smooth fold,26.7,0.4167407873749281,17.3,26.3,22.4,16.5,10.2,26.7,False
80663878000,1789117617499207000,5765,video_contact_and_recorded_pose,Smooth fold,26.7,0.41643099623694935,17.3,26.3,22.4,16.5,10.2,26.7,False
80723883000,1789117617559212000,5769,video_contact_and_recorded_pose,Smooth fold,26.3,0.415444741444234,16.9,26.3,22.4,16.5,10.2,26.3,False
80763883000,1789117617599212000,5772,video_contact_and_recorded_pose,Smooth fold,25.9,0.4147456503736879,16.9,25.9,22.4,16.5,10.2,25.9,False
80783883000,1789117617619212000,5773,video_contact_and_recorded_pose,Smooth fold,25.9,0.4143853194019705,16.9,25.9,22.4,16.5,10.2,25.5,False
80823887000,1789117617659216000,5776,video_contact_and_recorded_pose,Smooth fold,25.9,0.41364585595649733,16.9,25.9,22.4,16.5,10.2,25.5,False
80863888000,1789117617699217000,5779,video_contact_and_recorded_pose,Smooth fold,25.9,0.4128852704750024,16.9,25.9,22,16.5,10.2,25.1,False
80903892000,1789117617739221000,5781,video_contact_and_recorded_pose,Smooth fold,25.5,0.41210800106459966,16.9,25.5,22.4,16.5,10.2,24.3,False
80943892000,1789117617779221000,5784,video_contact_and_recorded_pose,Smooth fold,25.5,0.41131873588557355,16.9,25.5,22.4,16.5,10.2,24.3,False
80963892000,1789117617799221000,5785,video_contact_and_recorded_pose,Smooth fold,25.5,0.41092099824361616,16.9,25.5,22.4,16.5,10.2,24.3,False
81003897000,1789117617839226000,5788,video_contact_and_recorded_pose,Smooth fold,25.9,0.410122057305884,16.9,25.9,22.7,16.5,10.2,24.3,False
81043897000,1789117617879226000,5791,video_contact_and_recorded_pose,Smooth fold,25.9,0.4093225216044685,16.9,25.9,22.7,16.5,10.2,23.9,False
81083897000,1789117617919226000,5794,video_contact_and_recorded_pose,Smooth fold,26.7,0.4085268426283867,16.9,26.7,23.1,16.9,10.6,23.9,False
81123901000,1789117617959230000,5797,video_contact_and_recorded_pose,Smooth fold,27.1,0.4077394933337953,16.9,27.1,23.5,17.3,11,23.9,False
81163901000,1789117617999230000,5800,video_contact_and_recorded_pose,Smooth fold,27.1,0.40696518266518644,16.9,27.1,23.5,17.3,11,23.5,False
81203906000,1789117618039235000,5803,video_contact_and_recorded_pose,Smooth fold,27.5,0.4062082891945449,16.9,27.5,23.9,17.6,11.4,23.9,False
81243906000,1789117618079235000,5805,video_contact_and_recorded_pose,Smooth fold,27.5,0.40547355370678584,16.5,27.5,24.3,18,11.8,23.9,False
81283911000,1789117618119240000,5808,video_contact_and_recorded_pose,Smooth fold,27.1,0.40476534486184723,16.5,27.1,25.1,18.8,12.2,24.3,False
81323911000,1789117618159240000,5811,video_contact_and_recorded_pose,Smooth fold,27.1,0.40408839127500906,16.5,27.1,25.5,19.2,12.2,24.3,False
81343911000,1789117618179240000,5813,video_contact_and_recorded_pose,Smooth fold,27.1,0.4037630235731453,16.5,27.1,25.5,19.2,12.2,24.3,False
81383915000,1789117618219244000,,video_contact_only,Smooth fold,32.2,0.40314129068119514,16.5,32.2,27.5,20.4,12.5,28.6,False
81443915000,1789117618279244000,,video_contact_only,Smooth fold,32.2,0.40228997831260843,16.5,32.2,27.5,20.4,12.5,28.6,False
81463915000,1789117618299244000,,video_contact_only,Smooth fold,32.2,0.40203013394678333,16.5,32.2,27.5,20.4,12.5,28.6,False
81503920000,1789117618339249000,,video_contact_only,Smooth fold,32.2,0.40154969155371023,16.5,32.2,27.1,20,12.5,28.6,False
81523920000,1789117618359249000,,video_contact_only,Smooth fold,32.2,0.40133029151796495,16.5,32.2,27.1,20,12.5,28.6,False
81603925000,1789117618439254000,,video_contact_only,Smooth fold,32.2,0.40060452466279506,16.5,32.2,27.1,20,12.5,28.2,False
81623925000,1789117618459254000,,video_contact_only,Smooth fold,31.8,0.4004639086549432,16.5,31.8,27.1,20,12.5,28.2,False
81643925000,1789117618479254000,,video_contact_only,Smooth fold,31.8,0.4003407554026469,16.5,31.8,27.1,20,12.5,28.2,False
81703929000,1789117618539258000,,video_contact_only,Smooth fold,31.8,0.40008174955291265,16.5,31.8,27.1,20,12.5,28.2,False
81743929000,1789117618579258000,5840,video_contact_and_recorded_pose,Smooth fold,28.2,0.40000683819344507,16.5,27.1,28.2,21.6,12.5,27.8,False
81763934000,1789117618599263000,5842,video_contact_and_recorded_pose,Stack garment,28.2,0.3999963030367268,16.5,27.1,28.2,21.6,12.5,27.8,False
81803934000,1789117618639263000,,video_contact_only,Stack garment,31.8,0.3995444137699972,16.5,31.8,27.1,20,12.5,28.2,False
81823934000,1789117618659263000,,video_contact_only,Stack garment,31.8,0.39904102875534614,16.5,31.8,27.1,20,12.5,28.2,False
81883938000,1789117618719267000,,video_contact_only,Stack garment,31.8,0.39646188672571786,16.1,31.8,27.1,20,12.5,28.2,False
81923939000,1789117618759268000,,video_contact_only,Stack garment,31.4,0.39388599830311205,16.1,31.4,26.7,19.6,12.5,27.8,False
81943939000,1789117618779268000,,video_contact_only,Stack garment,31.4,0.39235139189931517,16.1,31.4,26.7,19.6,12.2,27.8,False
81983943000,1789117618819272000,,video_contact_only,Stack garment,31,0.3888054958069392,16.1,31,26.3,19.6,12.2,27.5,False
82023943000,1789117618859272000,,video_contact_only,Stack garment,30.6,0.384647638896825,15.7,30.6,26.3,19.2,12.2,27.5,False
82063948000,1789117618899277000,,video_contact_only,Stack garment,30.2,0.37990420222562876,15.7,30.2,25.9,19.2,11.8,27.1,False
82103948000,1789117618939277000,,video_contact_only,Stack garment,29.8,0.3746037067130096,15.3,29.8,25.5,18.8,11.8,26.7,False
82123948000,1789117618959277000,5868,video_contact_and_recorded_pose,Stack garment,23.9,0.3717528944295508,15.3,23.9,20,14.9,9,23.5,False
82143952000,1789117618979281000,5869,video_contact_and_recorded_pose,Stack garment,23.9,0.36877231917142156,15.3,23.9,20,14.5,9,23.1,False
82183952000,1789117619019281000,5872,video_contact_and_recorded_pose,Stack garment,23.1,0.3624385404010124,14.9,23.1,19.6,14.5,9,22,False
82243957000,1789117619079286000,5876,video_contact_and_recorded_pose,Stack garment,22.4,0.3520537264605768,14.5,22.4,19.2,14.1,8.6,20.8,False
82263957000,1789117619099286000,5878,video_contact_and_recorded_pose,Stack garment,22,0.3483705334621394,14.1,22,18.8,14.1,8.6,20.4,False
82303957000,1789117619139286000,5881,video_contact_and_recorded_pose,Stack garment,21.6,0.3406918531982328,14.1,21.6,18.4,13.7,8.6,20,False
82343961000,1789117619179290000,,video_contact_only,Stack garment,26.7,0.3326187315451186,13.7,26.7,22.7,16.9,10.6,23.5,False
82383962000,1789117619219291000,,video_contact_only,Stack garment,25.9,0.3241799022887503,13.3,25.9,22,16.5,10.2,23.1,False
82423962000,1789117619259291000,,video_contact_only,Stack garment,25.1,0.3154023322846833,12.9,25.1,21.6,15.7,9.8,22.4,False
82463966000,1789117619299295000,,video_contact_only,Stack garment,24.3,0.30631222380401607,12.5,24.3,20.8,15.3,9.8,21.6,False
82503966000,1789117619339295000,5895,video_contact_and_recorded_pose,Stack garment,18.4,0.29693872932591464,12.2,18.4,15.7,11.8,7.1,18.4,False
82563971000,1789117619399300000,5900,video_contact_and_recorded_pose,Stack garment,17.6,0.2824040198879043,11.8,17.6,14.9,11,7.1,17.3,False
82583971000,1789117619419300000,5901,video_contact_and_recorded_pose,Stack garment,17.3,0.2774469847181607,11.4,17.3,14.5,11,6.7,16.9,False
82603971000,1789117619439300000,5902,video_contact_and_recorded_pose,Stack garment,16.9,0.2724393797256254,11.4,16.9,14.5,10.6,6.7,16.5,False
82643975000,1789117619479304000,5905,video_contact_and_recorded_pose,Stack garment,16.1,0.2622851026072158,10.6,16.1,13.7,10.2,6.3,16.1,False
82683976000,1789117619519305000,,video_contact_only,Stack garment,20,0.2519702941723209,10.2,20,17.3,12.5,7.8,18,False
82743980000,1789117619579309000,,video_contact_only,Stack garment,18.8,0.23625480437978508,9.8,18.8,16.1,11.8,7.5,16.9,False
82783980000,1789117619619309000,,video_contact_only,Stack garment,18,0.22565662972940986,9.4,18,15.3,11.4,7.1,16.1,False
82803980000,1789117619639309000,,video_contact_only,Stack garment,17.6,0.22033122988144718,9,17.6,14.9,11,7.1,15.7,False
82843985000,1789117619679314000,,video_contact_only,Stack garment,16.9,0.20964354996524334,8.6,16.9,14.1,10.6,6.7,14.9,False
82863985000,1789117619699314000,,video_contact_only,Stack garment,16.5,0.20428943977692868,8.2,16.5,13.7,10.2,6.3,14.5,False
82923989000,1789117619759318000,,video_contact_only,Stack garment,14.9,0.18822329082543435,7.8,14.9,12.9,9.4,5.9,13.3,False
82963989000,1789117619799318000,,video_contact_only,Stack garment,14.1,0.17754511735708217,7.5,14.1,12.2,9,5.5,12.5,False
83023994000,1789117619859323000,,video_contact_only,Stack garment,12.9,0.16164268844862895,6.7,12.9,11,8.2,5.1,11.4,False
83063994000,1789117619899323000,,video_contact_only,Stack garment,12.2,0.15115925327218918,6.3,12.2,10.2,7.5,4.7,10.6,False
83103998000,1789117619939327000,,video_contact_only,Stack garment,11.4,0.14080051428590507,5.9,11.4,9.4,7.1,4.3,9.8,False
83123999000,1789117619959328000,,video_contact_only,Stack garment,11,0.1356771000786337,5.5,11,9,6.7,4.3,9.8,False
83163999000,1789117619999328000,,video_contact_only,Stack garment,10.2,0.12555924753673103,5.1,10.2,8.6,6.3,3.9,9,False
83204003000,1789117620039332000,5945,video_contact_and_recorded_pose,Stack garment,7.1,0.1156344723140797,4.7,7.1,6.3,4.7,2.7,6.7,False
83244003000,1789117620079332000,5948,video_contact_and_recorded_pose,Stack garment,6.7,0.10593209380650198,4.3,6.7,5.5,4.3,2.7,6.3,False
83264003000,1789117620099332000,5950,video_contact_and_recorded_pose,Stack garment,6.3,0.10117246873251623,4.3,6.3,5.5,3.9,2.4,5.9,False
83284003000,1789117620119332000,5951,video_contact_and_recorded_pose,Stack garment,5.9,0.09647844183865073,3.9,5.9,5.1,3.9,2.4,5.5,False
83324008000,1789117620159337000,5954,video_contact_and_recorded_pose,Stack garment,5.5,0.0872997199678015,3.5,5.5,4.7,3.5,2,5.1,False
83364008000,1789117620199337000,5957,video_contact_and_recorded_pose,Stack garment,5.1,0.07842555779633814,3.1,5.1,4.3,3.1,2,4.7,False
83404012000,1789117620239341000,5960,video_contact_and_recorded_pose,Stack garment,4.3,0.06988128577139824,2.7,4.3,3.9,2.7,1.6,3.9,False
83444013000,1789117620279342000,,video_contact_only,Stack garment,5.1,0.061695747285978986,2.4,5.1,4.3,3.1,2,4.3,False
83484017000,1789117620319346000,,video_contact_only,Stack garment,4.3,0.05389505339346157,2.4,4.3,3.5,2.7,1.6,3.9,False
83504017000,1789117620339346000,,video_contact_only,Stack garment,3.9,0.05014817188617526,2,3.9,3.5,2.4,1.6,3.5,False
83544017000,1789117620379346000,,video_contact_only,Stack garment,3.5,0.04297762275872524,1.6,3.5,2.7,2.4,1.2,3.1,False
83604022000,1789117620439351000,5974,video_contact_and_recorded_pose,Stack garment,2,0.03308030235480103,1.2,2,2,1.2,0.8,2,False
83624022000,1789117620459351000,5976,video_contact_and_recorded_pose,Stack garment,2,0.030024295056850447,1.2,2,1.6,1.2,0.8,1.6,False
83664022000,1789117620499351000,5979,video_contact_and_recorded_pose,Stack garment,1.6,0.024296994723884413,1.2,1.6,1.2,0.8,0.8,1.6,False
83684026000,1789117620519355000,5980,video_contact_and_recorded_pose,Stack garment,1.2,0.02163201551101024,0.8,1.2,1.2,0.8,0.4,1.2,False
83744026000,1789117620579355000,5985,video_contact_and_recorded_pose,Stack garment,0.8,0.014476480591190666,0.8,0.8,0.8,0.4,0.4,0.8,False
83764027000,1789117620599356000,5986,video_contact_and_recorded_pose,Stack garment,0.8,0.012381844298734901,0.4,0.8,0.8,0.4,0.4,0.8,False
83824031000,1789117620659360000,5990,video_contact_and_recorded_pose,Stack garment,0.4,0.007017712165290846,0.4,0.4,0.4,0.4,0,0.4,False
83864036000,1789117620699365000,5993,video_contact_and_recorded_pose,Stack garment,0.4,0.004242224816776385,0,0.4,0.4,0,0,0.4,False
83924036000,1789117620759365000,5998,video_contact_and_recorded_pose,Stack garment,0,0.00134886812328594,0,0,0,0,0,0,False
83944036000,1789117620779365000,5999,video_contact_and_recorded_pose,Stack garment,0,0.0007365601158835222,0,0,0,0,0,0,False
83964040000,1789117620799369000,6000,video_contact_and_recorded_pose,Stack garment,0,0.0003059507621219759,0,0,0,0,0,0,False
84004040000,1789117620839369000,6003,video_contact_and_recorded_pose,Release garment,0,0,0,0,0,0,0,0,False
84064045000,1789117620899374000,6008,video_contact_and_recorded_pose,Release garment,0,0,0,0,0,0,0,0,False
84104045000,1789117620939374000,6010,video_contact_and_recorded_pose,Release garment,0,0,0,0,0,0,0,0,False
84144045000,1789117620979374000,6013,video_contact_and_recorded_pose,Release garment,0,0,0,0,0,0,0,0,False
84184049000,1789117621019378000,6016,video_contact_and_recorded_pose,Release garment,0,0,0,0,0,0,0,0,False
84204050000,1789117621039379000,6017,video_contact_and_recorded_pose,Release garment,0,0,0,0,0,0,0,0,False
84284054000,1789117621119383000,6023,video_contact_and_recorded_pose,Release garment,0,0,0,0,0,0,0,0,False
84304054000,1789117621139383000,6025,video_contact_and_recorded_pose,Release garment,0,0,0,0,0,0,0,0,False
84344059000,1789117621179388000,6028,video_contact_and_recorded_pose,Release garment,0,0,0,0,0,0,0,0,False
84364059000,1789117621199388000,6029,video_contact_and_recorded_pose,Release garment,0,0,0,0,0,0,0,0,False
84424059000,1789117621259388000,6033,video_contact_and_recorded_pose,Release garment,0,0,0,0,0,0,0,0,False
84464063000,1789117621299392000,6036,video_contact_and_recorded_pose,Release garment,0,0,0,0,0,0,0,0,False
84484063000,1789117621319392000,6038,video_contact_and_recorded_pose,Release garment,0,0,0,0,0,0,0,0,False
84524063000,1789117621359392000,6041,video_contact_and_recorded_pose,Release garment,0,0,0,0,0,0,0,0,False
84564068000,1789117621399397000,6044,video_contact_and_recorded_pose,Release garment,0,0,0,0,0,0,0,0,False
84584068000,1789117621419397000,6045,video_contact_and_recorded_pose,Release garment,0,0,0,0,0,0,0,0,False
84644073000,1789117621479402000,6049,video_contact_and_recorded_pose,Release garment,0,0,0,0,0,0,0,0,False
84704073000,1789117621539402000,6054,video_contact_and_recorded_pose,Release garment,0,0,0,0,0,0,0,0,False
84724077000,1789117621559406000,6055,video_contact_and_recorded_pose,Release garment,0,0,0,0,0,0,0,0,False
84784077000,1789117621619406000,6059,video_contact_and_recorded_pose,Release garment,0,0,0,0,0,0,0,0,False
84804077000,1789117621639406000,6061,video_contact_and_recorded_pose,Release garment,0,0,0,0,0,0,0,0,False
84844082000,1789117621679411000,6064,video_contact_and_recorded_pose,Release garment,0,0,0,0,0,0,0,0,False
84884082000,1789117621719411000,6067,video_contact_and_recorded_pose,Release garment,0,0,0,0,0,0,0,0,False
84904082000,1789117621739411000,6068,video_contact_and_recorded_pose,Release garment,0,0,0,0,0,0,0,0,False
84944087000,1789117621779416000,6071,video_contact_and_recorded_pose,Release garment,0,0,0,0,0,0,0,0,False
84984087000,1789117621819416000,6074,video_contact_and_recorded_pose,Release garment,0,0,0,0,0,0,0,0,False
85024091000,1789117621859420000,6077,video_contact_and_recorded_pose,Release garment,0,0,0,0,0,0,0,0,False
85044091000,1789117621879420000,6078,video_contact_and_recorded_pose,Release garment,0,0,0,0,0,0,0,0,False
85104096000,1789117621939425000,6081,video_contact_and_recorded_pose,Release garment,0,0,0,0,0,0,0,0,False
85124096000,1789117621959425000,6083,video_contact_and_recorded_pose,Release garment,0,0,0,0,0,0,0,0,False
85184096000,1789117622019425000,6087,video_contact_and_recorded_pose,Release garment,0,0,0,0,0,0,0,0,False
85204100000,1789117622039429000,6089,video_contact_and_recorded_pose,Release garment,0,0,0,0,0,0,0,0,False
85244100000,1789117622079429000,6092,video_contact_and_recorded_pose,Release garment,0,0,0,0,0,0,0,0,False
85264100000,1789117622099429000,6093,video_contact_and_recorded_pose,Release garment,0,0,0,0,0,0,0,0,False
85304105000,1789117622139434000,6096,video_contact_and_recorded_pose,Release garment,0,0,0,0,0,0,0,0,False
85364105000,1789117622199434000,6100,video_contact_and_recorded_pose,Release garment,0,0,0,0,0,0,0,0,False
85384105000,1789117622219434000,6102,video_contact_and_recorded_pose,Release garment,0,0,0,0,0,0,0,0,False
85404110000,1789117622239439000,6103,video_contact_and_recorded_pose,Release garment,0,0,0,0,0,0,0,0,False
85444110000,1789117622279439000,6106,video_contact_and_recorded_pose,Release garment,0,0,0,0,0,0,0,0,False
85504114000,1789117622339443000,6110,video_contact_and_recorded_pose,Reach for tan trousers,0,3.065635981130494e-05,0,0,0,0,0,0,False
85524114000,1789117622359443000,6112,video_contact_and_recorded_pose,Reach for tan trousers,0,0.0010347027545296614,0,0,0,0,0,0,False
85564114000,1789117622399443000,6114,video_contact_and_recorded_pose,Reach for tan trousers,0.4,0.007052275424416852,0.4,0.4,0.4,0.4,0,0.4,False
85604119000,1789117622439448000,6117,video_contact_and_recorded_pose,Reach for tan trousers,1.2,0.01790717621039757,0.8,1.2,0.8,0.8,0.4,1.2,False
85644119000,1789117622479448000,6120,video_contact_and_recorded_pose,Reach for tan trousers,2,0.032984293780553946,1.2,2,2,1.2,0.8,2,False
85684123000,1789117622519452000,6123,video_contact_and_recorded_pose,Reach for tan trousers,3.5,0.05167439015571107,2,3.5,3.1,2.4,1.6,3.1,False
85724124000,1789117622559453000,6126,video_contact_and_recorded_pose,Reach for tan trousers,5.1,0.07336191705570104,3.1,5.1,4.3,3.1,2,4.7,False
85784128000,1789117622619457000,6130,video_contact_and_recorded_pose,Reach for tan trousers,7.5,0.11017781373183173,4.7,7.5,6.7,5.1,3.1,7.1,False
85804128000,1789117622639457000,6132,video_contact_and_recorded_pose,Reach for tan trousers,8.2,0.1232848901639713,5.1,8.2,7.5,5.5,3.5,7.8,False
85824128000,1789117622659457000,6133,video_contact_and_recorded_pose,Reach for tan trousers,9.4,0.13668233545453568,5.5,9.4,8.2,6.3,3.9,9,False
85884133000,1789117622719462000,6138,video_contact_and_recorded_pose,Reach for tan trousers,11.8,0.17785492031675185,7.5,11.8,10.6,7.5,4.7,11.8,False
85904133000,1789117622739462000,6139,video_contact_and_recorded_pose,Reach for tan trousers,12.5,0.19164840982201128,7.8,12.5,11,8.2,5.1,12.5,False
85944133000,1789117622779462000,6142,video_contact_and_recorded_pose,Reach for tan trousers,14.1,0.2188817696825084,9,14.1,12.2,9,5.5,14.1,False
85984137000,1789117622819466000,6145,video_contact_and_recorded_pose,Reach for tan trousers,15.7,0.24513591452801672,10.2,15.7,13.7,10.2,6.3,15.7,False
86044137000,1789117622879466000,6149,video_contact_and_recorded_pose,Reach for tan trousers,18,0.2813326893382716,11.4,18,15.3,11.4,7.1,17.6,False
86064142000,1789117622899471000,6150,video_contact_and_recorded_pose,Reach for tan trousers,18.4,0.29224664589277344,12.2,18.4,16.1,11.8,7.1,18.4,False
86104142000,1789117622939471000,6153,video_contact_and_recorded_pose,Reach for tan trousers,19.6,0.3118782150041198,12.9,19.6,16.9,12.5,7.5,19.2,False
86144142000,1789117622979471000,6155,video_contact_and_recorded_pose,Reach for tan trousers,20.8,0.32807853903601514,13.3,20.8,17.6,13.3,8.2,20.4,False
86184147000,1789117623019476000,6158,video_contact_and_recorded_pose,Reach for tan trousers,21.6,0.3402365251480488,14.1,21.6,18.4,13.7,8.2,21.6,False
86224147000,1789117623059476000,6161,video_contact_and_recorded_pose,Reach for tan trousers,22,0.3477367362776887,14.1,22,18.8,14.1,8.6,22,False
86264151000,1789117623099480000,6164,video_contact_and_recorded_pose,Grasp tan trousers,22.4,0.35000097599635727,14.5,22,18.8,14.1,8.6,22.4,False
86284151000,1789117623119480000,6165,video_contact_and_recorded_pose,Grasp tan trousers,22.4,0.350032846185425,14.5,22,18.8,14.1,8.6,22.4,False
86324151000,1789117623159480000,6168,video_contact_and_recorded_pose,Grasp tan trousers,22.4,0.35022904506277985,14.5,22,18.8,14.1,8.6,22.4,False
86364156000,1789117623199485000,6171,video_contact_and_recorded_pose,Grasp tan trousers,22.4,0.3505966515340604,14.5,22.4,18.8,14.1,8.6,22.4,False
86424156000,1789117623259485000,6176,video_contact_and_recorded_pose,Grasp tan trousers,22.7,0.35145548237452257,14.5,22.4,19.2,14.1,8.6,22.7,False
86444160000,1789117623279489000,6177,video_contact_and_recorded_pose,Grasp tan trousers,22.7,0.351820673219441,14.5,22.4,19.2,14.1,8.6,22.7,False
86484161000,1789117623319490000,6180,video_contact_and_recorded_pose,Grasp tan trousers,23.1,0.35266446050129624,14.5,22.7,19.2,14.1,8.6,23.1,False
86524161000,1789117623359490000,6183,video_contact_and_recorded_pose,Grasp tan trousers,23.1,0.35365432956892984,14.5,22.7,19.2,14.5,9,23.1,False
86564165000,1789117623399494000,6186,video_contact_and_recorded_pose,Grasp tan trousers,23.5,0.35478410722729603,14.5,23.1,19.2,14.5,9,23.5,False
86584165000,1789117623419494000,6187,video_contact_and_recorded_pose,Grasp tan trousers,23.5,0.35539939104691454,14.5,23.5,19.2,14.5,9,23.5,False
86644170000,1789117623479499000,6191,video_contact_and_recorded_pose,Grasp tan trousers,25.1,0.3574377478728903,14.5,25.1,20.4,14.9,9.4,24.3,False
86684170000,1789117623519499000,6194,video_contact_and_recorded_pose,Grasp tan trousers,25.9,0.3589489258679915,14.9,25.9,21.2,15.7,9.8,24.7,False
86744174000,1789117623579503000,6198,video_contact_and_recorded_pose,Grasp tan trousers,27.1,0.3614286539862607,14.9,27.1,22,16.1,9.8,25.1,False
86784174000,1789117623619503000,6201,video_contact_and_recorded_pose,Grasp tan trousers,27.5,0.3632143538847872,14.9,27.5,22.7,16.9,10.2,25.5,False
86804175000,1789117623639504000,6203,video_contact_and_recorded_pose,Grasp tan trousers,27.5,0.36414467962966846,14.9,27.5,22.7,16.9,10.2,25.9,False
86824179000,1789117623659508000,6204,video_contact_and_recorded_pose,Grasp tan trousers,27.8,0.36509905303148404,14.9,27.8,23.1,16.9,10.2,26.3,False
86864179000,1789117623699508000,6207,video_contact_and_recorded_pose,Grasp tan trousers,27.8,0.3670759674970886,14.9,27.8,23.1,16.9,10.2,26.3,False
86884179000,1789117623719508000,6208,video_contact_and_recorded_pose,Grasp tan trousers,27.8,0.3680971189947063,15.3,27.8,23.1,16.9,10.6,26.3,False
86924184000,1789117623759513000,,video_contact_only,Grasp tan trousers,29.4,0.37020113331410853,15.3,29.4,25.1,18.4,11.8,26.3,False
86984184000,1789117623819513000,,video_contact_only,Grasp tan trousers,29.8,0.3734985397305781,15.3,29.8,25.5,18.8,11.8,26.7,False
87004184000,1789117623839513000,,video_contact_only,Grasp tan trousers,29.8,0.37463232494054977,15.3,29.8,25.5,18.8,11.8,26.7,False
87064188000,1789117623899517000,,video_contact_only,Grasp tan trousers,30.2,0.37812682079159066,15.7,30.2,25.5,18.8,11.8,26.7,False
87084188000,1789117623919517000,,video_contact_only,Grasp tan trousers,30.2,0.379319913880098,15.7,30.2,25.9,19.2,11.8,27.1,False
87104188000,1789117623939517000,,video_contact_only,Grasp tan trousers,30.2,0.38052586056932863,15.7,30.2,25.9,19.2,11.8,27.1,False
87144193000,1789117623979522000,,video_contact_only,Grasp tan trousers,30.6,0.3829734673377744,15.7,30.6,25.9,19.2,12.2,27.1,False
87204193000,1789117624039522000,6231,video_contact_and_recorded_pose,Grasp tan trousers,28.6,0.38672109798748566,15.7,26.7,28.6,20.8,12.9,27.1,False
87244198000,1789117624079527000,6234,video_contact_and_recorded_pose,Grasp tan trousers,29,0.38926174919457224,16.1,25.9,29,21.2,12.9,27.1,False
87264198000,1789117624099527000,6236,video_contact_and_recorded_pose,Grasp tan trousers,29.4,0.3905421230617169,16.1,25.5,29.4,21.2,12.9,26.7,False
87284198000,1789117624119527000,6237,video_contact_and_recorded_pose,Grasp tan trousers,29.4,0.3918282489597657,16.1,25.5,29.4,21.2,12.9,26.7,False
87344202000,1789117624179531000,6242,video_contact_and_recorded_pose,Grasp tan trousers,29.8,0.3957135086600627,16.1,25.9,29.8,21.6,13.3,27.1,False
87384202000,1789117624219531000,6244,video_contact_and_recorded_pose,Grasp tan trousers,29.8,0.3983178039700577,16.5,26.3,29.8,22,13.3,27.1,False
87404207000,1789117624239536000,6246,video_contact_and_recorded_pose,Grasp tan trousers,29,0.3996221988478079,16.5,26.3,29,22,13.3,27.1,False
87444207000,1789117624279536000,6249,video_contact_and_recorded_pose,Grasp tan trousers,28.6,0.40223023335653063,16.5,26.7,28.6,21.6,12.5,27.1,False
87464207000,1789117624299536000,6250,video_contact_and_recorded_pose,Grasp tan trousers,28.2,0.4035326208714323,16.5,27.1,28.2,21.2,12.5,27.1,False
87524211000,1789117624359540000,6255,video_contact_and_recorded_pose,Grasp tan trousers,28.2,0.4074240545211866,16.9,27.5,28.2,20.8,12.2,27.5,False
87564211000,1789117624399540000,6257,video_contact_and_recorded_pose,Grasp tan trousers,28.2,0.40999695645095574,16.9,27.8,28.2,20.8,12.2,27.8,False
87584212000,1789117624419541000,6259,video_contact_and_recorded_pose,Grasp tan trousers,28.2,0.4112747399851018,16.9,27.8,28.2,21.2,12.5,28.2,False
87604216000,1789117624439545000,6260,video_contact_and_recorded_pose,Grasp tan trousers,28.2,0.412545840070816,16.9,28.2,28.2,21.2,12.9,27.8,False
87644216000,1789117624479545000,6263,video_contact_and_recorded_pose,Grasp tan trousers,28.6,0.4150637554261428,16.9,28.6,28.2,21.6,13.3,28.2,False
87704221000,1789117624539550000,6268,video_contact_and_recorded_pose,Grasp tan trousers,29.4,0.41876966028344614,17.3,29.4,28.6,22,13.7,28.2,False
87744221000,1789117624579550000,6270,video_contact_and_recorded_pose,Grasp tan trousers,29.4,0.42118333365533817,17.3,29.4,29,22.4,14.1,28.2,False
87784225000,1789117624619554000,6273,video_contact_and_recorded_pose,Grasp tan trousers,29.8,0.4235444988968089,17.3,29.4,29.8,22.4,14.1,28.2,False
87804225000,1789117624639554000,6275,video_contact_and_recorded_pose,Grasp tan trousers,29.8,0.42470321129859223,17.3,29.4,29.8,22.7,14.5,28.2,False
87844225000,1789117624679554000,6278,video_contact_and_recorded_pose,Grasp tan trousers,30.2,0.4269731894020684,17.6,29.8,30.2,22.7,14.5,28.2,False
87884230000,1789117624719559000,6280,video_contact_and_recorded_pose,Grasp tan trousers,30.6,0.4291749157446212,17.6,30.6,30.6,23.1,14.9,28.2,False
87924230000,1789117624759559000,6283,video_contact_and_recorded_pose,Grasp tan trousers,31.4,0.4313015271500946,17.6,31.4,31,23.1,14.9,28.2,False
87964230000,1789117624799559000,6286,video_contact_and_recorded_pose,Grasp tan trousers,31.4,0.4333469910582399,17.6,31.4,31.4,23.5,15.3,28.6,False
88004235000,1789117624839564000,6289,video_contact_and_recorded_pose,Grasp tan trousers,31.8,0.43530523433378887,18,31.8,31.8,23.9,15.3,28.6,False
88044235000,1789117624879564000,6292,video_contact_and_recorded_pose,Grasp tan trousers,32.2,0.43716945466374724,18,32.2,31.8,23.9,15.3,28.6,False
88084239000,1789117624919568000,6295,video_contact_and_recorded_pose,Grasp tan trousers,32.2,0.4389337614382456,18,32.2,31.8,23.9,15.3,28.6,False
88104239000,1789117624939568000,,video_contact_only,Grasp tan trousers,34.9,0.4397763194961525,18,34.9,29.8,22,13.7,31,False
88144239000,1789117624979568000,,video_contact_only,Grasp tan trousers,35.3,0.4413784813783825,18,35.3,29.8,22.4,13.7,31.4,False
88204244000,1789117625039573000,,video_contact_only,Grasp tan trousers,35.3,0.44356267387225645,18,35.3,30.2,22.4,14.1,31.4,False
88244244000,1789117625079573000,,video_contact_only,Grasp tan trousers,35.7,0.44486331996440187,18.4,35.7,30.2,22.4,14.1,31.4,False
88264248000,1789117625099577000,,video_contact_only,Grasp tan trousers,35.7,0.4454647868382919,18.4,35.7,30.2,22.4,14.1,31.8,False
88304248000,1789117625139577000,,video_contact_only,Grasp tan trousers,35.7,0.44656558164620724,18.4,35.7,30.2,22.4,14.1,31.8,False
88344249000,1789117625179578000,,video_contact_only,Grasp tan trousers,35.7,0.44752528281130544,18.4,35.7,30.2,22.4,14.1,31.8,False
88384253000,1789117625219582000,,video_contact_only,Grasp tan trousers,35.7,0.44833760370453696,18.4,35.7,30.6,22.4,14.1,31.8,False
88404253000,1789117625239582000,,video_contact_only,Grasp tan trousers,35.7,0.44868646146601404,18.4,35.7,30.6,22.7,14.1,31.8,False
88464258000,1789117625299587000,,video_contact_only,Grasp tan trousers,35.7,0.4494945852144893,18.4,35.7,30.6,22.7,14.1,31.8,False
88484258000,1789117625319587000,,video_contact_only,Grasp tan trousers,36.1,0.44968180136581926,18.4,36.1,30.6,22.7,14.1,31.8,False
88564262000,1789117625399591000,,video_contact_only,Lift and align,36.1,0.44999986311001744,18.4,36.1,30.6,22.7,14.1,31.8,False
88584262000,1789117625419591000,,video_contact_only,Lift and align,36.1,0.4499955772044887,18.4,36.1,30.6,22.7,14.1,31.8,False
88604262000,1789117625439591000,6332,video_contact_and_recorded_pose,Lift and align,34.1,0.44998532423640464,18.4,34.1,30.6,22.4,13.3,27.5,False
88664267000,1789117625499596000,6336,video_contact_and_recorded_pose,Lift and align,31,0.4499192963272527,18.4,31,28.2,20.8,11.8,30.6,False
88684267000,1789117625519596000,6338,video_contact_and_recorded_pose,Lift and align,29,0.4498857147271295,18.4,29,24.7,17.6,11,27.1,False
88724267000,1789117625559596000,6341,video_contact_and_recorded_pose,Lift and align,31,0.44980151605832064,18.4,31,25.9,18.8,11.4,27.1,False
88764272000,1789117625599601000,6344,video_contact_and_recorded_pose,Lift and align,31.4,0.4496949494326079,18.4,31.4,26.3,20.8,12.5,27.5,False
88784272000,1789117625619601000,6345,video_contact_and_recorded_pose,Lift and align,31.4,0.4496334248958508,18.4,31.4,26.3,21.6,12.5,27.5,False
88844276000,1789117625679605000,6350,video_contact_and_recorded_pose,Lift and align,31.4,0.44941649573034903,18.4,31.4,26.3,21.6,12.5,27.5,False
88884276000,1789117625719605000,,video_contact_only,Lift and align,35.7,0.4492454763737108,18.4,35.7,30.6,22.7,14.1,31.8,False
88924281000,1789117625759610000,,video_contact_only,Lift and align,35.7,0.44905380998668226,18.4,35.7,30.6,22.7,14.1,31.8,False
88964281000,1789117625799610000,,video_contact_only,Lift and align,35.7,0.448841977364222,18.4,35.7,30.6,22.7,14.1,31.8,False
89004281000,1789117625839610000,,video_contact_only,Lift and align,35.7,0.4486103886701315,18.4,35.7,30.6,22.4,14.1,31.8,False
89044285000,1789117625879614000,,video_contact_only,Lift and align,35.7,0.4483594507006525,18.4,35.7,30.6,22.4,14.1,31.8,False
89104286000,1789117625939615000,,video_contact_only,Lift and align,35.7,0.44794778859430134,18.4,35.7,30.2,22.4,14.1,31.8,False
89124290000,1789117625959619000,,video_contact_only,Lift and align,35.7,0.44780134764776275,18.4,35.7,30.2,22.4,14.1,31.8,False
89164290000,1789117625999619000,,video_contact_only,Lift and align,35.7,0.4474950590529196,18.4,35.7,30.2,22.4,14.1,31.8,False
89204290000,1789117626039619000,,video_contact_only,Lift and align,35.7,0.4471711786801466,18.4,35.7,30.2,22.4,14.1,31.8,False
89244295000,1789117626079624000,,video_contact_only,Lift and align,35.7,0.4468300956842632,18.4,35.7,30.2,22.4,14.1,31.8,False
89284295000,1789117626119624000,,video_contact_only,Lift and align,35.7,0.4464723282097114,18.4,35.7,30.2,22.4,14.1,31.8,False
89344299000,1789117626179628000,,video_contact_only,Lift and align,35.7,0.445905223504846,18.4,35.7,30.2,22.4,14.1,31.8,False
89364299000,1789117626199628000,,video_contact_only,Lift and align,35.7,0.4457083067109848,18.4,35.7,30.2,22.4,14.1,31.8,False
89404304000,1789117626239633000,,video_contact_only,Lift and align,35.7,0.44530290499993647,18.4,35.7,30.2,22.4,14.1,31.4,False
89444304000,1789117626279633000,,video_contact_only,Lift and align,35.7,0.4448825584117084,18.4,35.7,30.2,22.4,14.1,31.4,False
89484304000,1789117626319633000,,video_contact_only,Lift and align,35.3,0.4444476500718809,18.4,35.3,30.2,22.4,14.1,31.4,False
89564309000,1789117626399638000,6400,video_contact_and_recorded_pose,Lift and align,30.6,0.4435358208147379,18,30.6,28.6,22,12.9,27.8,False
89584309000,1789117626419638000,6402,video_contact_and_recorded_pose,Lift and align,30.6,0.4432994525647972,18,30.6,29,22,12.9,28.2,False
89604313000,1789117626439642000,6403,video_contact_and_recorded_pose,Lift and align,30.6,0.4430597743762233,18,30.6,29,22,12.9,28.6,False
89624313000,1789117626459642000,6404,video_contact_and_recorded_pose,Lift and align,31,0.4428169362150469,18,31,29,22,12.9,28.6,False
89684313000,1789117626519642000,6409,video_contact_and_recorded_pose,Lift and align,31,0.44206971733485345,18,31,29.8,22,12.5,28.6,False
89744318000,1789117626579647000,6413,video_contact_and_recorded_pose,Lift and align,29,0.44129551246992893,18,29,25.1,18.8,11.8,27.1,False
89764318000,1789117626599647000,6415,video_contact_and_recorded_pose,Lift and align,31.8,0.4410317355256933,18,29,31.8,24.3,15.7,27.5,False
89784322000,1789117626619651000,6416,video_contact_and_recorded_pose,Lift and align,32.5,0.44076513027570313,18,29.4,32.5,24.7,15.7,27.8,False
89844323000,1789117626679652000,6420,video_contact_and_recorded_pose,Lift and align,32.5,0.4399493526228887,18,29.4,32.5,24.3,14.9,28.6,False
89884327000,1789117626719656000,6423,video_contact_and_recorded_pose,Lift and align,31.8,0.4393925719987737,18,29.4,31.8,23.1,14.1,27.8,False
89904327000,1789117626739656000,6425,video_contact_and_recorded_pose,Lift and align,31,0.4391105071167271,18,29.4,31,22.4,13.3,27.5,False
89924327000,1789117626759656000,6426,video_contact_and_recorded_pose,Lift and align,29,0.4388260462718803,18,29,26.7,18.8,11.8,27.1,False
89964327000,1789117626799656000,6429,video_contact_and_recorded_pose,Lift and align,28.2,0.4382501531134184,18,28.2,24.7,17.6,11,26.3,False
90024332000,1789117626859661000,6433,video_contact_and_recorded_pose,Lift and align,27.5,0.4373696221089131,18,27.5,23.9,17.3,10.6,25.9,False
90064332000,1789117626899661000,6436,video_contact_and_recorded_pose,Lift and align,27.1,0.4367722030346911,18,27.1,23.5,17.3,10.6,25.5,False
90084336000,1789117626919665000,6438,video_contact_and_recorded_pose,Lift and align,27.1,0.43647046125111594,18,27.1,23.5,17.3,10.6,25.5,False
90124336000,1789117626959665000,6441,video_contact_and_recorded_pose,Lift and align,27.1,0.4358614250895907,18,27.1,23.1,17.3,10.6,25.5,False
90164336000,1789117626999665000,6443,video_contact_and_recorded_pose,Lift and align,27.1,0.4352451857901972,18,27.1,23.1,17.3,10.6,25.5,False
90204341000,1789117627039670000,6446,video_contact_and_recorded_pose,Lift and align,27.1,0.43462209791084006,17.6,27.1,23.1,17.3,10.6,25.5,False
90284345000,1789117627119674000,6452,video_contact_and_recorded_pose,Lift and align,27.5,0.4333574338938584,17.6,27.5,23.5,17.3,10.6,25.9,False
90304346000,1789117627139675000,6454,video_contact_and_recorded_pose,Lift and align,27.5,0.4330377124629207,17.6,27.5,23.5,17.3,10.6,25.9,False
90344346000,1789117627179675000,6457,video_contact_and_recorded_pose,Lift and align,27.8,0.4323944141692699,17.6,27.8,23.5,17.3,11,26.7,False
90384350000,1789117627219679000,6459,video_contact_and_recorded_pose,Lift and align,27.8,0.4317462284231182,17.6,27.8,23.9,17.6,11,26.7,False
90424350000,1789117627259679000,6462,video_contact_and_recorded_pose,Lift and align,28.2,0.4310937177239853,17.6,28.2,24.3,18,11,27.1,False
90464355000,1789117627299684000,6465,video_contact_and_recorded_pose,Lift and align,28.6,0.430437168045236,17.6,28.6,24.7,18.4,11.4,26.7,False
90484355000,1789117627319684000,6467,video_contact_and_recorded_pose,Lift and align,28.6,0.43010758563904467,17.6,28.6,25.1,18.4,11.4,26.7,False
90524355000,1789117627359684000,6469,video_contact_and_recorded_pose,Lift and align,28.6,0.4294459943973881,17.6,28.6,25.5,18.4,11.4,26.7,False
90564359000,1789117627399688000,6472,video_contact_and_recorded_pose,Lift and align,29,0.42878146204019624,17.6,29,26.3,18.8,11.8,26.7,False
90584359000,1789117627419688000,6474,video_contact_and_recorded_pose,Lift and align,29.4,0.4284482863427735,17.6,29.4,26.7,18.8,11.8,26.7,False
90624360000,1789117627459689000,6477,video_contact_and_recorded_pose,Lift and align,29.8,0.4277803034013703,17.6,29.8,27.1,19.6,12.2,27.1,False
90644364000,1789117627479693000,6478,video_contact_and_recorded_pose,Lift and align,29.8,0.4274455540918404,17.6,29.8,27.1,19.6,12.2,27.1,False
90704364000,1789117627539693000,,video_contact_only,Lift and align,34.1,0.4264393593765837,17.6,34.1,29,21.6,13.3,30.2,False
90744369000,1789117627579698000,,video_contact_only,Lift and align,34.1,0.42576723034742014,17.6,34.1,29,21.6,13.3,30.2,False
90784369000,1789117627619698000,,video_contact_only,Lift and align,33.7,0.42509469150277845,17.3,33.7,29,21.2,13.3,30.2,False
90804369000,1789117627639698000,,video_contact_only,Lift and align,33.7,0.4247583721781485,17.3,33.7,28.6,21.2,13.3,30.2,False
90844373000,1789117627679702000,,video_contact_only,Lift and align,33.7,0.4240858370242214,17.3,33.7,28.6,21.2,13.3,30.2,False
90904373000,1789117627739702000,,video_contact_only,Lift and align,33.7,0.42307837364057804,17.3,33.7,28.6,21.2,13.3,29.8,False
90924373000,1789117627759702000,,video_contact_only,Lift and align,33.7,0.4227430991868818,17.3,33.7,28.6,21.2,13.3,29.8,False
90964378000,1789117627799707000,,video_contact_only,Lift and align,33.7,0.42207361135360777,17.3,33.7,28.6,21.2,13.3,29.8,False
91024378000,1789117627859707000,,video_contact_only,Lift and align,33.7,0.4210731785436963,17.3,33.7,28.6,21.2,13.3,29.8,False
91064383000,1789117627899712000,,video_contact_only,Lift and align,33.7,0.42040922060444114,17.3,33.7,28.6,21.2,13.3,29.8,False
91084383000,1789117627919712000,,video_contact_only,Lift and align,33.3,0.4200783695683292,17.3,33.3,28.6,21.2,13.3,29.8,False
91124387000,1789117627959716000,,video_contact_only,Lift and align,33.3,0.4194190449836122,17.3,33.3,28.6,21.2,13.3,29.8,False
91144387000,1789117627979716000,,video_contact_only,Lift and align,33.3,0.4190907455833135,17.3,33.3,28.2,21.2,13.3,29.8,False
91204387000,1789117628039716000,,video_contact_only,Lift and align,33.3,0.41811181602483566,17.3,33.3,28.2,21.2,13.3,29.8,False
91244392000,1789117628079721000,,video_contact_only,Lift and align,33.3,0.4174646306471733,17.3,33.3,28.2,21.2,12.9,29.4,False
91284392000,1789117628119721000,,video_contact_only,Lift and align,33.3,0.41682244341429914,17.3,33.3,28.2,20.8,12.9,29.4,False
91304392000,1789117628139721000,,video_contact_only,Lift and align,33.3,0.41650332892292596,17.3,33.3,28.2,20.8,12.9,29.4,False
91344396000,1789117628179725000,,video_contact_only,Lift and align,33.3,0.4158692656075957,17.3,33.3,28.2,20.8,12.9,29.4,False
91384397000,1789117628219726000,6531,video_contact_and_recorded_pose,Lift and align,31.8,0.4152412494652606,16.9,31.8,31,23.1,14.9,26.3,False
91424401000,1789117628259730000,6534,video_contact_and_recorded_pose,Lift and align,32.2,0.4146196192379242,16.9,32.2,31.8,23.5,14.5,25.9,False
91444401000,1789117628279730000,6536,video_contact_and_recorded_pose,Lift and align,32.2,0.41431138263018297,16.9,32.2,31.8,23.5,14.5,25.9,False
91484401000,1789117628319730000,6539,video_contact_and_recorded_pose,Lift and align,32.2,0.4137002744654729,16.9,32.2,31.8,23.5,14.5,25.9,False
91524406000,1789117628359735000,,video_contact_only,Lift and align,32.9,0.4130966054396486,16.9,32.9,27.8,20.8,12.9,29.4,False
91584406000,1789117628419735000,,video_contact_only,Lift and align,32.9,0.41220625166829583,16.9,32.9,27.8,20.8,12.9,29.4,False
91604410000,1789117628439739000,,video_contact_only,Lift and align,32.9,0.4119136347711424,16.9,32.9,27.8,20.8,12.9,29,False
91644410000,1789117628479739000,,video_contact_only,Lift and align,32.9,0.41133518207521225,16.9,32.9,27.8,20.8,12.9,29,False
91704415000,1789117628539744000,,video_contact_only,Lift and align,32.9,0.41048490376566604,16.9,32.9,27.8,20.8,12.9,29,False
91744415000,1789117628579744000,,video_contact_only,Lift and align,32.5,0.4099303777943938,16.9,32.5,27.8,20.8,12.9,29,False
91764415000,1789117628599744000,,video_contact_only,Lift and align,32.5,0.4096569606464717,16.9,32.5,27.8,20.8,12.9,29,False
91804420000,1789117628639749000,,video_contact_only,Lift and align,32.5,0.4091180218687111,16.9,32.5,27.8,20.4,12.9,29,False
91844420000,1789117628679749000,,video_contact_only,Lift and align,32.5,0.40859012813801804,16.9,32.5,27.8,20.4,12.9,29,False
91904424000,1789117628739753000,,video_contact_only,Lift and align,32.5,0.40781976582471563,16.9,32.5,27.8,20.4,12.9,29,False
91924424000,1789117628759753000,,video_contact_only,Lift and align,32.5,0.4075689532365264,16.9,32.5,27.5,20.4,12.9,29,False
91944424000,1789117628779753000,,video_contact_only,Lift and align,32.5,0.40732120954363316,16.9,32.5,27.5,20.4,12.9,29,False
92024429000,1789117628859758000,,video_contact_only,Lift and align,32.5,0.40636194750668664,16.9,32.5,27.5,20.4,12.9,28.6,False
92064429000,1789117628899758000,,video_contact_only,Lift and align,32.5,0.4059021674426012,16.5,32.5,27.5,20.4,12.9,28.6,False
92084433000,1789117628919762000,,video_contact_only,Lift and align,32.5,0.4056773772221871,16.5,32.5,27.5,20.4,12.9,28.6,False
92104433000,1789117628939762000,,video_contact_only,Lift and align,32.5,0.4054561340563013,16.5,32.5,27.5,20.4,12.5,28.6,False
92144434000,1789117628979763000,,video_contact_only,Lift and align,32.2,0.405024358808166,16.5,32.2,27.5,20.4,12.5,28.6,False
92204438000,1789117629039767000,,video_contact_only,Lift and align,32.2,0.40440428802769113,16.5,32.2,27.5,20.4,12.5,28.6,False
92244438000,1789117629079767000,,video_contact_only,Lift and align,32.2,0.4040099776424223,16.5,32.2,27.5,20.4,12.5,28.6,False
92264438000,1789117629099767000,,video_contact_only,Lift and align,32.2,0.40381869731487513,16.5,32.2,27.5,20.4,12.5,28.6,False
92284443000,1789117629119772000,,video_contact_only,Lift and align,32.2,0.40363135938425165,16.5,32.2,27.5,20.4,12.5,28.6,False
92344443000,1789117629179772000,,video_contact_only,Lift and align,32.2,0.4030939609930935,16.5,32.2,27.5,20.4,12.5,28.6,False
92384447000,1789117629219776000,,video_contact_only,Lift and align,32.2,0.4027565980954802,16.5,32.2,27.5,20.4,12.5,28.6,False
92424447000,1789117629259776000,,video_contact_only,Lift and align,32.2,0.4024365232606118,16.5,32.2,27.5,20.4,12.5,28.6,False
92484452000,1789117629319781000,,video_contact_only,Lift and align,32.2,0.40198967258638374,16.5,32.2,27.5,20.4,12.5,28.6,False
92524452000,1789117629359781000,,video_contact_only,Lift and align,32.2,0.4017146274462495,16.5,32.2,27.1,20,12.5,28.6,False
92564456000,1789117629399785000,,video_contact_only,Lift and align,32.2,0.40145832610450227,16.5,32.2,27.1,20,12.5,28.6,False
92584457000,1789117629419786000,,video_contact_only,Lift and align,32.2,0.40133735624886974,16.5,32.2,27.1,20,12.5,28.6,False
92604457000,1789117629439786000,,video_contact_only,Lift and align,32.2,0.4012212470084131,16.5,32.2,27.1,20,12.5,28.6,False
92664461000,1789117629499790000,,video_contact_only,Lift and align,32.2,0.40090256727640833,16.5,32.2,27.1,20,12.5,28.2,False
92704461000,1789117629539790000,,video_contact_only,Lift and align,32.2,0.4007153934869161,16.5,32.2,27.1,20,12.5,28.2,False
92724461000,1789117629559790000,,video_contact_only,Lift and align,32.2,0.4006295481699069,16.5,32.2,27.1,20,12.5,28.2,False
92764466000,1789117629599795000,,video_contact_only,Lift and align,31.8,0.40047359305028213,16.5,31.8,27.1,20,12.5,28.2,False
92804466000,1789117629639795000,,video_contact_only,Lift and align,31.8,0.40033902440010255,16.5,31.8,27.1,20,12.5,28.2,False
92844470000,1789117629679799000,,video_contact_only,Lift and align,31.8,0.40022624407680846,16.5,31.8,27.1,20,12.5,28.2,False
92884471000,1789117629719800000,6639,video_contact_and_recorded_pose,Lift and align,31.4,0.4001357055276343,16.5,29,31.4,22.7,14.9,26.3,False
92924471000,1789117629759800000,,video_contact_only,Lift and align,31.8,0.4000678337536292,16.5,31.8,27.1,20,12.5,28.2,False
92984475000,1789117629819804000,,video_contact_only,Lift and align,31.8,0.40000946623746775,16.5,31.8,27.1,20,12.5,28.2,False
93024475000,1789117629859804000,,video_contact_only,Align edges,31.8,0.3999986676135829,16.5,31.8,27.1,20,12.5,28.2,False
93044480000,1789117629879809000,,video_contact_only,Align edges,31.8,0.3999604833107968,16.5,31.8,27.1,20,12.5,28.2,False
93064480000,1789117629899809000,,video_contact_only,Align edges,31.8,0.39987070945076714,16.5,31.8,27.1,20,12.5,28.2,False
93084480000,1789117629919809000,,video_contact_only,Align edges,31.8,0.3997307652796264,16.5,31.8,27.1,20,12.5,28.2,False
93124480000,1789117629959809000,,video_contact_only,Align edges,31.8,0.3993060548929004,16.5,31.8,27.1,20,12.5,28.2,False
93144484000,1789117629979813000,,video_contact_only,Align edges,31.8,0.39902407224096614,16.5,31.8,27.1,20,12.5,28.2,False
93204484000,1789117630039813000,,video_contact_only,Align edges,31.8,0.39791708187433167,16.5,31.8,27.1,20,12.5,28.2,False
93244489000,1789117630079818000,,video_contact_only,Align edges,31.8,0.3969755183103996,16.5,31.8,27.1,20,12.5,28.2,False
93284489000,1789117630119818000,,video_contact_only,Align edges,31.8,0.3958845839262375,16.1,31.8,26.7,20,12.5,28.2,False
93304489000,1789117630139818000,,video_contact_only,Align edges,31.4,0.39528661778304486,16.1,31.4,26.7,20,12.5,27.8,False
93344494000,1789117630179823000,,video_contact_only,Align edges,31.4,0.39399262917554206,16.1,31.4,26.7,19.6,12.5,27.8,False
93384494000,1789117630219823000,,video_contact_only,Align edges,31.4,0.39257776143996614,16.1,31.4,26.7,19.6,12.2,27.8,False
93424498000,1789117630259827000,,video_contact_only,Align edges,31.4,0.39105308110812886,16.1,31.4,26.7,19.6,12.2,27.8,False
93444498000,1789117630279827000,,video_contact_only,Align edges,31,0.3902532498642843,16.1,31,26.3,19.6,12.2,27.8,False
93484498000,1789117630319827000,,video_contact_only,Align edges,31,0.3885855691721501,16.1,31,26.3,19.6,12.2,27.5,False
93564503000,1789117630399832000,6688,video_contact_and_recorded_pose,Align edges,29.4,0.38501772596123535,15.7,29.4,21.6,16.9,12.5,24.7,False
93584503000,1789117630419832000,6690,video_contact_and_recorded_pose,Align edges,29,0.38408573024628856,15.7,29,21.6,16.9,12.5,24.7,False
93604507000,1789117630439836000,6691,video_contact_and_recorded_pose,Align edges,27.5,0.3831403533717309,15.7,27.5,21.2,16.9,12.5,24.7,False
93644507000,1789117630479836000,6694,video_contact_and_recorded_pose,Align edges,26.7,0.38121609220331226,15.7,26.7,21.2,16.5,12.5,23.9,False
93704512000,1789117630539841000,6699,video_contact_and_recorded_pose,Align edges,26.3,0.37826607831246545,15.7,26.3,21.2,16.1,12.2,23.9,False
93724512000,1789117630559841000,6700,video_contact_and_recorded_pose,Align edges,26.3,0.37727161120398023,15.3,26.3,21.2,16.1,12.2,23.9,False
93764512000,1789117630599841000,6703,video_contact_and_recorded_pose,Align edges,29,0.37527439510256666,15.3,29,20.8,15.7,12.2,23.9,False
93784512000,1789117630619841000,6704,video_contact_and_recorded_pose,Align edges,29.8,0.3742744905540814,15.3,29.8,20.8,15.7,11.8,24.3,False
93844517000,1789117630679846000,6708,video_contact_and_recorded_pose,Align edges,29,0.37128641005192137,15.3,29,21.2,15.7,10.6,24.7,False
93864517000,1789117630699846000,6709,video_contact_and_recorded_pose,Align edges,29,0.37029916819702724,15.3,29,21.2,15.7,10.6,25.1,False
93904521000,1789117630739850000,6712,video_contact_and_recorded_pose,Align edges,29,0.3683460767700353,15.3,29,21.2,15.7,10.2,25.1,False
93944521000,1789117630779850000,6715,video_contact_and_recorded_pose,Align edges,29,0.3664314459176778,14.9,29,21.2,15.3,10.2,24.7,False
93984526000,1789117630819855000,6718,video_contact_and_recorded_pose,Align edges,29,0.36456622704768926,14.9,29,21.2,15.3,9.8,24.3,False
94004526000,1789117630839855000,6719,video_contact_and_recorded_pose,Align edges,29,0.3636559075063727,14.9,29,21.2,15.3,9.8,24.3,False
94044526000,1789117630879855000,6722,video_contact_and_recorded_pose,Align edges,28.6,0.3618867228592945,14.9,28.6,21.2,15.3,9.4,23.9,False
94084531000,1789117630919860000,6724,video_contact_and_recorded_pose,Align edges,28.6,0.36019541957585127,14.9,28.6,20.8,14.9,9.4,23.5,False
94124531000,1789117630959860000,6727,video_contact_and_recorded_pose,Align edges,28.6,0.35859379939200864,14.9,28.6,20.4,14.9,9,23.5,False
94164531000,1789117630999860000,6730,video_contact_and_recorded_pose,Align edges,28.6,0.3570930235814999,14.5,28.6,20.4,14.5,9,23.5,False
94204535000,1789117631039864000,6733,video_contact_and_recorded_pose,Align edges,28.6,0.35570433705772053,14.5,28.6,20.4,14.5,9,23.5,False
94224535000,1789117631059864000,6734,video_contact_and_recorded_pose,Align edges,29,0.35505570541249104,14.5,29,20.4,14.5,9,23.5,False
94284540000,1789117631119869000,6738,video_contact_and_recorded_pose,Align edges,29,0.3533093019651749,14.5,29,20,14.5,9,23.5,False
94324540000,1789117631159869000,6740,video_contact_and_recorded_pose,Align edges,29,0.3523257156360492,14.5,29,20,14.5,8.6,23.1,False
94384544000,1789117631219873000,6745,video_contact_and_recorded_pose,Align edges,29,0.35114958064435836,14.5,29,19.6,14.5,8.6,23.1,False
94404545000,1789117631239874000,6746,video_contact_and_recorded_pose,Align edges,29.4,0.35084305717521264,14.5,29.4,19.6,14.5,8.6,22.7,False
94444545000,1789117631279874000,6749,video_contact_and_recorded_pose,Align edges,29,0.3503668349187089,14.5,29,20,14.1,8.6,22.7,False
94484549000,1789117631319878000,6752,video_contact_and_recorded_pose,Align edges,29,0.35008246477861954,14.5,29,20,14.5,8.6,22.4,False
94524549000,1789117631359878000,6755,video_contact_and_recorded_pose,Lay trousers flat,29,0.35000413031270833,14.5,29,20,14.5,8.6,22,False
94564554000,1789117631399883000,6757,video_contact_and_recorded_pose,Lay trousers flat,29,0.350389150244094,14.5,29,20,14.5,8.6,21.2,False
94604554000,1789117631439883000,6760,video_contact_and_recorded_pose,Lay trousers flat,29,0.35137614168676756,14.5,29,20.4,14.5,8.6,21.2,False
94644554000,1789117631479883000,6763,video_contact_and_recorded_pose,Lay trousers flat,29,0.35293098038277493,14.5,29,20.4,14.5,8.6,21.2,False
94684558000,1789117631519887000,6766,video_contact_and_recorded_pose,Lay trousers flat,29,0.35501976740445956,14.5,29,20.8,14.9,8.6,21.2,False
94744559000,1789117631579888000,6770,video_contact_and_recorded_pose,Lay trousers flat,29.4,0.35907879073496357,14.9,29.4,21.6,15.3,9,21.2,False
94784563000,1789117631619892000,6773,video_contact_and_recorded_pose,Lay trousers flat,29.8,0.36235269737052067,14.9,29.8,22.4,16.1,9.4,21.6,False
94824563000,1789117631659892000,6776,video_contact_and_recorded_pose,Lay trousers flat,29.8,0.3660405380712951,14.9,29.8,22.7,16.1,9.4,22,False
94844568000,1789117631679897000,6778,video_contact_and_recorded_pose,Lay trousers flat,30.2,0.36802964026899737,15.3,30.2,22.7,16.1,9.4,22,False
94884568000,1789117631719897000,6780,video_contact_and_recorded_pose,Lay trousers flat,29.8,0.3722748835761198,15.3,29.8,23.1,17.3,10.2,24.7,False
94924568000,1789117631759897000,6783,video_contact_and_recorded_pose,Lay trousers flat,29.4,0.37684902885657406,15.3,29.4,25.9,19.2,11.4,25.9,False
94944572000,1789117631779901000,6785,video_contact_and_recorded_pose,Lay trousers flat,29.4,0.3792492601051377,15.7,29.4,27.5,20,12.2,25.5,False
94964572000,1789117631799901000,6786,video_contact_and_recorded_pose,Lay trousers flat,29.8,0.3817184432703799,15.7,29.8,27.1,20,12.2,25.5,False
95024572000,1789117631859901000,6790,video_contact_and_recorded_pose,Lay trousers flat,27.5,0.38949987393943625,16.1,27.1,23.9,16.9,9.8,27.5,False
95064577000,1789117631899906000,6793,video_contact_and_recorded_pose,Lay trousers flat,27.8,0.39495708909706917,16.1,27.5,24.3,16.9,9.8,27.8,False
95084577000,1789117631919906000,6795,video_contact_and_recorded_pose,Lay trousers flat,27.5,0.39775323052500283,16.5,27.1,23.5,17.3,9.8,27.5,False
95104577000,1789117631939906000,6796,video_contact_and_recorded_pose,Lay trousers flat,27.8,0.4005889288596052,16.5,27.1,23.5,17.3,9.8,27.8,False
95164581000,1789117631999910000,6801,video_contact_and_recorded_pose,Lay trousers flat,28.2,0.409291286782247,16.9,27.8,23.9,17.6,10.2,28.2,False
95244586000,1789117632079915000,6806,video_contact_and_recorded_pose,Lay trousers flat,27.5,0.4211893590378366,17.3,27.5,23.1,17.3,10.2,25.9,False
95264586000,1789117632099915000,6808,video_contact_and_recorded_pose,Lay trousers flat,27.1,0.4241879141059462,17.3,27.1,22.7,16.9,10.2,25.1,False
95284586000,1789117632119915000,6809,video_contact_and_recorded_pose,Lay trousers flat,27.1,0.42718762416072464,17.6,27.1,23.1,17.3,10.6,25.1,False
95344591000,1789117632179920000,6814,video_contact_and_recorded_pose,Lay trousers flat,29.8,0.4361517601604613,18,28.6,24.3,18.4,11.4,29.8,False
95384591000,1789117632219920000,6816,video_contact_and_recorded_pose,Lay trousers flat,29.8,0.4420548983939093,18,29,24.7,18.4,11.4,29.8,False
95424595000,1789117632259924000,,video_contact_only,Lay trousers flat,35.7,0.44786082681509387,18.4,35.7,30.2,22.4,14.1,31.8,False
95444595000,1789117632279924000,,video_contact_only,Lay trousers flat,36.1,0.45071616096251754,18.4,36.1,30.6,22.7,14.1,31.8,False
95484595000,1789117632319924000,,video_contact_only,Lay trousers flat,36.5,0.45631082179069415,18.8,36.5,31,22.7,14.5,32.2,False
95504595000,1789117632339924000,,video_contact_only,Lay trousers flat,36.5,0.4590416151381158,18.8,36.5,31,23.1,14.5,32.5,False
95564600000,1789117632399929000,,video_contact_only,Lay trousers flat,37.3,0.4669172811968003,19.2,37.3,31.8,23.5,14.5,32.9,False
95604600000,1789117632439929000,,video_contact_only,Lay trousers flat,37.6,0.47186014526791215,19.2,37.6,32.2,23.5,14.9,33.3,False
95644605000,1789117632479934000,,video_contact_only,Lay trousers flat,38,0.4765180469029785,19.6,38,32.2,23.9,14.9,33.7,False
95704609000,1789117632539938000,,video_contact_only,Lay trousers flat,38.4,0.48289436213111836,20,38.4,32.9,24.3,15.3,34.1,False
95724609000,1789117632559938000,,video_contact_only,Lay trousers flat,38.8,0.4848399061513081,20,38.8,32.9,24.3,15.3,34.5,False
95744609000,1789117632579938000,,video_contact_only,Lay trousers flat,38.8,0.4866884669181647,20,38.8,32.9,24.3,15.3,34.5,False
95784609000,1789117632619938000,,video_contact_only,Lay trousers flat,39.2,0.4900775720252123,20,39.2,33.3,24.7,15.3,34.9,False
95844614000,1789117632679943000,,video_contact_only,Lay trousers flat,39.6,0.49432749838128176,20.4,39.6,33.3,24.7,15.7,34.9,False
95884614000,1789117632719943000,,video_contact_only,Lay trousers flat,39.6,0.4965547075297684,20.4,39.6,33.7,25.1,15.7,35.3,False
95924618000,1789117632759947000,,video_contact_only,Lay trousers flat,39.6,0.498257588974674,20.4,39.6,33.7,25.1,15.7,35.3,False
95944619000,1789117632779948000,,video_contact_only,Lay trousers flat,40,0.49890161537593636,20.4,40,33.7,25.1,15.7,35.3,False
95964619000,1789117632799948000,,video_contact_only,Lay trousers flat,40,0.49940168733063306,20.4,40,33.7,25.1,15.7,35.3,False
96024623000,1789117632859952000,,video_contact_only,Fold tan trousers,40,0.4999995419975479,20.4,40,33.7,25.1,15.7,35.3,False
96064623000,1789117632899952000,6865,video_contact_and_recorded_pose,Fold tan trousers,42.4,0.49995763303958884,20.4,42.4,38,27.5,17.3,36.1,False
96084628000,1789117632919957000,6867,video_contact_and_recorded_pose,Fold tan trousers,42.7,0.4999114502566259,20.4,42.7,38,27.5,17.3,35.7,False
96124628000,1789117632959957000,6870,video_contact_and_recorded_pose,Fold tan trousers,41.2,0.4997695919193258,20.4,41.2,37.6,27.1,16.9,35.3,False
96164628000,1789117632999957000,6873,video_contact_and_recorded_pose,Fold tan trousers,40.4,0.4995629413925188,20.4,40.4,37.3,27.1,16.9,35.3,False
96204632000,1789117633039961000,6875,video_contact_and_recorded_pose,Fold tan trousers,40.4,0.49929293662997554,20.4,40.4,37.3,27.5,16.9,35.3,False
96244632000,1789117633079961000,6878,video_contact_and_recorded_pose,Fold tan trousers,40.4,0.4989610998184057,20.4,40.4,37.3,27.5,17.3,34.9,False
96264633000,1789117633099962000,6880,video_contact_and_recorded_pose,Fold tan trousers,40.4,0.4987724344125602,20.4,40.4,37.3,27.5,17.6,34.9,False
96344637000,1789117633179966000,6884,video_contact_and_recorded_pose,Fold tan trousers,39.6,0.4978704588237963,20.4,39.6,37.3,27.5,17.6,34.1,False
96364637000,1789117633199966000,6885,video_contact_and_recorded_pose,Fold tan trousers,39.2,0.49760906753691536,20.4,39.2,37.3,27.5,17.6,33.7,False
96384642000,1789117633219971000,6887,video_contact_and_recorded_pose,Fold tan trousers,38.8,0.49733360980705005,20.4,38.8,37.6,27.5,17.6,33.3,False
96404642000,1789117633239971000,6888,video_contact_and_recorded_pose,Fold tan trousers,37.6,0.49704440687547663,20.4,37.6,37.6,27.5,17.3,32.9,False
96464642000,1789117633299971000,6892,video_contact_and_recorded_pose,Fold tan trousers,37.6,0.4960957593241983,20.4,35.7,37.6,27.1,16.9,31.8,False
96504646000,1789117633339975000,6895,video_contact_and_recorded_pose,Fold tan trousers,37.6,0.49539755803236907,20.4,34.9,37.6,27.1,16.9,31.4,False
96544646000,1789117633379975000,6898,video_contact_and_recorded_pose,Fold tan trousers,36.1,0.49464857908737336,20.4,34.5,36.1,25.9,16.1,31.4,False
96564651000,1789117633399980000,6900,video_contact_and_recorded_pose,Fold tan trousers,34.1,0.4942553817557106,20.4,34.1,31.8,23.1,14.5,31.4,False
96604651000,1789117633439980000,6902,video_contact_and_recorded_pose,Fold tan trousers,32.5,0.493432882138464,20.4,32.5,28.2,20.4,12.5,31,False
96644651000,1789117633479980000,6905,video_contact_and_recorded_pose,Fold tan trousers,31.8,0.4925632080016317,20.4,31.8,27.1,19.6,12.2,31,False
96684656000,1789117633519985000,6908,video_contact_and_recorded_pose,Fold tan trousers,31,0.4916477101956256,20,31,26.7,19.6,12.2,30.6,False
96724656000,1789117633559985000,6911,video_contact_and_recorded_pose,Fold tan trousers,30.6,0.4906880857880348,20,30.6,26.3,19.6,11.8,30.6,False
96784660000,1789117633619989000,6915,video_contact_and_recorded_pose,Fold tan trousers,30.6,0.48916880957911335,20,30.2,26.3,19.6,11.8,30.6,False
96804660000,1789117633639989000,6917,video_contact_and_recorded_pose,Fold tan trousers,31,0.48864188826674554,20,30.2,25.9,19.2,11.8,31,False
96864665000,1789117633699994000,6921,video_contact_and_recorded_pose,Fold tan trousers,31,0.48700196735078227,20,30.2,25.9,19.2,11.8,31,False
96884665000,1789117633719994000,6923,video_contact_and_recorded_pose,Fold tan trousers,31,0.48643631091579137,20,30.2,25.9,19.2,11.8,31,False
96924665000,1789117633759994000,6926,video_contact_and_recorded_pose,Fold tan trousers,30.6,0.485277508411369,20,30.2,25.5,19.2,11.8,30.6,False
96944669000,1789117633779998000,6927,video_contact_and_recorded_pose,Fold tan trousers,30.6,0.48468460992965523,20,30.2,25.5,19.2,11.8,30.6,False
97004669000,1789117633839998000,6931,video_contact_and_recorded_pose,Fold tan trousers,30.6,0.4828549586369861,20,30.2,25.9,19.2,11.8,30.6,False
97044674000,1789117633880003000,6934,video_contact_and_recorded_pose,Fold tan trousers,30.6,0.48159410924123963,19.6,30.2,25.9,19.2,11.8,30.6,False
97064674000,1789117633900003000,6935,video_contact_and_recorded_pose,Fold tan trousers,30.6,0.4809520362377582,19.6,30.6,25.9,19.2,11.8,30.6,False
97124674000,1789117633960003000,6939,video_contact_and_recorded_pose,Fold tan trousers,30.6,0.4789811149356119,19.6,30.6,25.9,19.2,11.8,30.6,False
97164679000,1789117634000008000,6942,video_contact_and_recorded_pose,Fold tan trousers,31,0.4776315802119833,19.6,30.6,25.9,19.2,11.8,31,False
97204679000,1789117634040008000,6945,video_contact_and_recorded_pose,Fold tan trousers,31,0.47625559190562927,19.6,30.2,25.9,19.2,11.8,31,False
97244683000,1789117634080012000,6948,video_contact_and_recorded_pose,Fold tan trousers,31.4,0.47485430981668164,19.6,30.2,25.5,19.2,11.8,31.4,False
97264683000,1789117634100012000,6949,video_contact_and_recorded_pose,Fold tan trousers,31,0.47414476486689666,19.6,30.2,25.5,19.2,11.8,31,False
97324688000,1789117634160017000,6954,video_contact_and_recorded_pose,Fold tan trousers,31,0.4719822565294715,19.2,29.8,25.1,18.8,11.4,31,False
97364688000,1789117634200017000,6956,video_contact_and_recorded_pose,Fold tan trousers,30.6,0.4705144622940013,19.2,29.8,25.1,18.8,11.4,30.6,False
97404688000,1789117634240017000,6959,video_contact_and_recorded_pose,Fold tan trousers,30.6,0.4690273882043965,19.2,29.4,24.7,18.8,11.4,30.6,False
97444692000,1789117634280021000,6962,video_contact_and_recorded_pose,Fold tan trousers,30.6,0.46752235099914813,19.2,29.4,24.7,18.4,11.4,30.6,False
97464693000,1789117634300022000,6964,video_contact_and_recorded_pose,Fold tan trousers,30.2,0.46676364858255137,19.2,29,24.7,18.4,11.4,30.2,False
97504693000,1789117634340022000,6966,video_contact_and_recorded_pose,Fold tan trousers,30.2,0.46523479579922977,19.2,29,24.7,18.4,11.4,30.2,False
97544697000,1789117634380026000,6969,video_contact_and_recorded_pose,Fold tan trousers,30.2,0.4636916466285145,19.2,29,24.3,18.4,11.4,30.2,False
97584697000,1789117634420026000,6972,video_contact_and_recorded_pose,Fold tan trousers,30.2,0.4621359778605355,18.8,29,24.3,18.4,11.4,30.2,False
97624702000,1789117634460031000,6975,video_contact_and_recorded_pose,Fold tan trousers,30.2,0.4605689074487532,18.8,29,24.3,18.4,11.4,30.2,False
97664702000,1789117634500031000,6978,video_contact_and_recorded_pose,Fold tan trousers,30.2,0.45899229533354746,18.8,29,24.3,18.4,11.4,30.2,False
97704702000,1789117634540031000,6981,video_contact_and_recorded_pose,Fold tan trousers,30.2,0.4574074143941446,18.8,28.6,24.3,18,11,30.2,False
97744706000,1789117634580035000,6984,video_contact_and_recorded_pose,Fold tan trousers,30.2,0.4558155732400607,18.8,28.6,24.3,18,11,30.2,False
97764706000,1789117634600035000,6985,video_contact_and_recorded_pose,Fold tan trousers,30.2,0.45501764063262395,18.8,28.6,24.3,18,11,30.2,False
97804711000,1789117634640040000,6988,video_contact_and_recorded_pose,Fold tan trousers,29.8,0.45341830992975385,18.4,28.6,24.3,18,11,29.8,False
97844711000,1789117634680040000,6991,video_contact_and_recorded_pose,Fold tan trousers,29.8,0.4518160486083912,18.4,28.6,24.3,18,11,29.8,False
97864711000,1789117634700040000,6992,video_contact_and_recorded_pose,Fold tan trousers,29.8,0.45101420287432886,18.4,28.6,23.9,18,11,29.8,False
97904716000,1789117634740045000,6995,video_contact_and_recorded_pose,Fold tan trousers,29.8,0.4494097982801065,18.4,28.2,23.9,18,11,29.8,False
97944716000,1789117634780045000,6998,video_contact_and_recorded_pose,Fold tan trousers,29.4,0.44780613428649235,18.4,28.2,23.9,17.6,11,29.4,False
97984716000,1789117634820045000,7001,video_contact_and_recorded_pose,Fold tan trousers,29.4,0.4462044784642104,18.4,28.2,23.9,17.6,11,29.4,False
98024720000,1789117634860049000,7004,video_contact_and_recorded_pose,Fold tan trousers,29.4,0.4446061392868903,18.4,27.8,23.5,17.6,11,29.4,False
98044720000,1789117634880049000,7005,video_contact_and_recorded_pose,Fold tan trousers,29.4,0.4438088121229532,18,27.8,23.9,17.6,11,29.4,False
98084720000,1789117634920049000,7008,video_contact_and_recorded_pose,Fold tan trousers,29.4,0.442218600171313,18,27.8,23.5,17.6,11,29.4,False
98144725000,1789117634980054000,7012,video_contact_and_recorded_pose,Fold tan trousers,29.4,0.4398469439995494,18,27.8,23.5,17.6,10.6,29.4,False
98184729000,1789117635020058000,7015,video_contact_and_recorded_pose,Fold tan trousers,29,0.4382771958920313,18,27.5,23.5,17.3,10.6,29,False
98224730000,1789117635060059000,7018,video_contact_and_recorded_pose,Fold tan trousers,28.6,0.4367183834750003,18,27.5,23.1,17.3,10.6,28.6,False
98244730000,1789117635080059000,7020,video_contact_and_recorded_pose,Fold tan trousers,28.6,0.4359435120050899,18,27.1,23.1,17.3,10.6,28.6,False
98284734000,1789117635120063000,7022,video_contact_and_recorded_pose,Fold tan trousers,28.2,0.4344035636952892,17.6,27.1,23.1,17.3,10.6,28.2,False
98324734000,1789117635160063000,7025,video_contact_and_recorded_pose,Fold tan trousers,28.2,0.4328782574572456,17.6,27.1,23.1,17.3,10.6,28.2,False
98364734000,1789117635200063000,7028,video_contact_and_recorded_pose,Fold tan trousers,28.2,0.4313689067049093,17.6,27.1,23.1,17.3,10.6,28.2,False
98404739000,1789117635240068000,7031,video_contact_and_recorded_pose,Fold tan trousers,28.2,0.4298767941664838,17.6,27.1,23.1,17.3,10.6,28.2,False
98464739000,1789117635300068000,7035,video_contact_and_recorded_pose,Fold tan trousers,27.8,0.42767478768366735,17.6,26.7,22.7,17.3,10.6,27.8,False
98504743000,1789117635340072000,7038,video_contact_and_recorded_pose,Fold tan trousers,27.8,0.4262327018111703,17.6,26.7,22.7,17.3,10.6,27.8,False
98524743000,1789117635360072000,7040,video_contact_and_recorded_pose,Fold tan trousers,27.8,0.425520100554423,17.6,26.7,22.7,17.3,10.6,27.8,False
98564748000,1789117635400077000,7043,video_contact_and_recorded_pose,Fold tan trousers,27.5,0.42411237924361606,17.3,27.5,23.9,17.6,11,27.5,False
98604748000,1789117635440077000,7045,video_contact_and_recorded_pose,Fold tan trousers,28.2,0.4227295997750035,17.3,28.2,24.7,18.4,11.4,27.8,False
98644748000,1789117635480077000,7048,video_contact_and_recorded_pose,Fold tan trousers,28.6,0.42137305278762766,17.3,28.6,25.5,18.4,11.4,27.8,False
98664753000,1789117635500082000,7050,video_contact_and_recorded_pose,Fold tan trousers,28.6,0.4207049091326796,17.3,28.6,25.5,18.8,11.8,27.8,False
98744753000,1789117635580082000,7056,video_contact_and_recorded_pose,Fold tan trousers,28.2,0.41810592798865553,17.3,28.2,25.1,18,10.6,27.8,False
98784757000,1789117635620086000,7058,video_contact_and_recorded_pose,Fold tan trousers,27.8,0.41685263604145356,17.3,27.8,24.7,17.6,11,27.5,False
98824757000,1789117635660086000,7061,video_contact_and_recorded_pose,Fold tan trousers,27.8,0.4156323101251524,17.3,27.8,24.7,18,11.4,27.5,False
98844757000,1789117635680086000,7063,video_contact_and_recorded_pose,Fold tan trousers,27.8,0.4150349206089643,16.9,27.8,24.7,18,11,27.5,False
98884762000,1789117635720091000,7066,video_contact_and_recorded_pose,Fold tan trousers,27.8,0.41386646221572765,16.9,27.8,24.7,18,11.4,27.1,False
98924762000,1789117635760091000,7068,video_contact_and_recorded_pose,Fold tan trousers,29.4,0.41273466155897043,16.9,29.4,28.2,20.4,12.9,27.8,False
98964766000,1789117635800095000,7071,video_contact_and_recorded_pose,Fold tan trousers,31,0.411640731013494,16.9,31,30.2,22,13.7,28.6,False
98984767000,1789117635820096000,7073,video_contact_and_recorded_pose,Fold tan trousers,32.2,0.4111084954387855,16.9,32.2,31,22.4,14.1,29,False
99004767000,1789117635840096000,7074,video_contact_and_recorded_pose,Fold tan trousers,32.9,0.41058633168066916,16.9,32.9,31,22.7,14.5,29.4,False
99064771000,1789117635900100000,7079,video_contact_and_recorded_pose,Fold tan trousers,34.1,0.4090818481272396,16.9,34.1,31.4,22.7,14.5,30.6,False
99104771000,1789117635940100000,7081,video_contact_and_recorded_pose,Fold tan trousers,34.1,0.40813251733376554,16.9,34.1,31.4,22.7,14.5,30.6,False
99144776000,1789117635980105000,7084,video_contact_and_recorded_pose,Fold tan trousers,34.5,0.4072276604805718,16.9,34.5,31.4,22.4,14.1,30.6,False
99164776000,1789117636000105000,7086,video_contact_and_recorded_pose,Fold tan trousers,34.5,0.40679246791891904,16.9,34.5,31,22.4,14.1,30.6,False
99184776000,1789117636020105000,7087,video_contact_and_recorded_pose,Fold tan trousers,34.5,0.4063689719753407,16.9,34.5,31,22,13.7,30.2,False
99244780000,1789117636080109000,7092,video_contact_and_recorded_pose,Fold tan trousers,34.5,0.40517042271525805,16.5,34.5,30.6,22,13.7,29.8,False
99284780000,1789117636120109000,7094,video_contact_and_recorded_pose,Fold tan trousers,34.5,0.40443329315148724,16.5,34.5,30.2,21.6,13.3,29.4,False
99324781000,1789117636160110000,7097,video_contact_and_recorded_pose,Fold tan trousers,34.5,0.403747337916932,16.5,34.5,29.8,21.6,13.7,29,False
99364785000,1789117636200114000,7100,video_contact_and_recorded_pose,Fold tan trousers,34.5,0.403113998762199,16.5,34.5,29.4,22,13.7,28.2,False
99424790000,1789117636260119000,7104,video_contact_and_recorded_pose,Fold tan trousers,34.9,0.4022659707280889,16.5,34.9,29,22,13.7,27.5,False
99464790000,1789117636300119000,7108,video_contact_and_recorded_pose,Fold tan trousers,34.9,0.4017707751870269,16.5,34.9,29.4,22,13.7,27.5,False
99484790000,1789117636320119000,7109,video_contact_and_recorded_pose,Fold tan trousers,34.9,0.4015447597255325,16.5,34.9,29.4,22,13.7,27.1,False
99544794000,1789117636380123000,7113,video_contact_and_recorded_pose,Fold tan trousers,34.9,0.40095520987969036,16.5,34.9,29.8,22,13.7,26.7,False
99564794000,1789117636400123000,7115,video_contact_and_recorded_pose,Fold tan trousers,34.5,0.40078883006148514,16.5,34.5,29.8,22,13.7,26.7,False
99604794000,1789117636440123000,7118,video_contact_and_recorded_pose,Fold tan trousers,34.5,0.40050235479948587,16.5,34.5,30.2,22.4,14.1,26.3,False
99624799000,1789117636460128000,7119,video_contact_and_recorded_pose,Fold tan trousers,34.5,0.4003825984233251,16.5,34.5,30.6,22.4,14.1,26.3,False
99684799000,1789117636520128000,7123,video_contact_and_recorded_pose,Fold tan trousers,34.1,0.400119664208988,16.5,34.1,30.6,22.4,14.1,25.9,False
99724803000,1789117636560132000,7126,video_contact_and_recorded_pose,Fold tan trousers,34.1,0.4000264031662609,16.5,34.1,31,22.4,14.1,25.5,False
99764804000,1789117636600133000,7129,video_contact_and_recorded_pose,Smooth fold,33.7,0.400012588678385,16.5,33.7,31,22.4,14.1,25.5,False
99804808000,1789117636640137000,7132,video_contact_and_recorded_pose,Smooth fold,33.7,0.4010555379491229,16.5,33.7,31,22.4,14.1,25.5,False
99844808000,1789117636680137000,7135,video_contact_and_recorded_pose,Smooth fold,34.1,0.40363926506119935,16.5,34.1,31,22.4,14.1,25.1,False
99884808000,1789117636720137000,7138,video_contact_and_recorded_pose,Smooth fold,34.5,0.4075742661353318,16.9,34.5,31,22.4,14.1,25.5,False
99904813000,1789117636740142000,7139,video_contact_and_recorded_pose,Smooth fold,34.5,0.40998990599550583,16.9,34.5,31.4,22.7,14.1,25.5,False
99964813000,1789117636800142000,7143,video_contact_and_recorded_pose,Smooth fold,34.9,0.41874080244072176,17.3,34.9,31.8,23.1,14.5,25.5,False
100004817000,1789117636840146000,7146,video_contact_and_recorded_pose,Smooth fold,35.7,0.42559328055075873,17.6,35.7,32.5,23.5,14.9,25.9,False
100024817000,1789117636860146000,7148,video_contact_and_recorded_pose,Smooth fold,35.7,0.4292534648392799,17.6,35.7,32.9,23.5,14.9,25.9,False
100064818000,1789117636900147000,7151,video_contact_and_recorded_pose,Smooth fold,36.1,0.4369241164961643,18,36.1,33.3,23.9,14.9,25.9,False
100104822000,1789117636940151000,7153,video_contact_and_recorded_pose,Smooth fold,36.5,0.4449042290347749,18.4,36.5,33.7,24.3,15.3,25.9,False
100144822000,1789117636980151000,7156,video_contact_and_recorded_pose,Smooth fold,36.5,0.4530028523137133,18.4,36.5,34.5,25.1,16.1,26.3,False
100204827000,1789117637040156000,7161,video_contact_and_recorded_pose,Smooth fold,37.3,0.46496085451313335,19.2,37.3,35.3,25.1,15.7,27.5,False
100224827000,1789117637060156000,7162,video_contact_and_recorded_pose,Smooth fold,37.3,0.46880083576017895,19.2,37.3,35.3,25.1,15.3,27.8,False
100284831000,1789117637120160000,7166,video_contact_and_recorded_pose,Smooth fold,37.6,0.4795527333519043,19.6,37.6,36.1,25.9,16.5,28.6,False
100304831000,1789117637140160000,7168,video_contact_and_recorded_pose,Smooth fold,37.6,0.4828012302258993,20,37.6,36.5,26.3,16.5,29,False
100324831000,1789117637160160000,7169,video_contact_and_recorded_pose,Smooth fold,38,0.4858426345288741,20,38,36.9,26.7,16.9,29,False
100364831000,1789117637200160000,7172,video_contact_and_recorded_pose,Smooth fold,38.4,0.4912094030187355,20,38.4,37.3,27.1,16.9,29.4,False
100424836000,1789117637260165000,7176,video_contact_and_recorded_pose,Smooth fold,38.8,0.49711446641928947,20.4,38.8,37.6,27.1,16.9,29.8,False
100464836000,1789117637300165000,7179,video_contact_and_recorded_pose,Smooth fold,38.8,0.49934404570012203,20.4,38.8,37.6,27.1,16.9,30.2,False
100504841000,1789117637340170000,7182,video_contact_and_recorded_pose,Fold tan trousers,38.8,0.4999992299601945,20.4,38.8,36.5,26.3,16.1,30.2,False
100524841000,1789117637360170000,7184,video_contact_and_recorded_pose,Fold tan trousers,38.8,0.4999798136667072,20.4,38.8,36.9,26.7,16.5,30.2,False
100564841000,1789117637400170000,7186,video_contact_and_recorded_pose,Fold tan trousers,38.8,0.49986368441765394,20.4,38.8,36.5,26.7,16.5,30.2,False
100624845000,1789117637460174000,7191,video_contact_and_recorded_pose,Fold tan trousers,38.8,0.49950144546820013,20.4,38.8,36.5,26.7,16.5,30.2,False
100664850000,1789117637500179000,7194,video_contact_and_recorded_pose,Fold tan trousers,38.8,0.49913863694225624,20.4,38.8,36.5,26.7,16.5,30.2,False
100684850000,1789117637520179000,7195,video_contact_and_recorded_pose,Fold tan trousers,38.8,0.4989219153809416,20.4,38.8,36.9,26.7,16.9,30.2,False
100724850000,1789117637560179000,7198,video_contact_and_recorded_pose,Fold tan trousers,39.2,0.4984195409839489,20.4,39.2,36.9,27.1,16.9,30.2,False
100784854000,1789117637620183000,7202,video_contact_and_recorded_pose,Fold tan trousers,39.2,0.4974988113881856,20.4,39.2,37.3,27.1,17.3,29.8,False
100804854000,1789117637640183000,7204,video_contact_and_recorded_pose,Fold tan trousers,39.6,0.49714875403969977,20.4,39.6,37.3,27.1,17.3,29.8,False
100844855000,1789117637680184000,7207,video_contact_and_recorded_pose,Fold tan trousers,40,0.49638596186919004,20.4,40,37.3,27.1,16.9,29.4,False
100864859000,1789117637700188000,7208,video_contact_and_recorded_pose,Fold tan trousers,40,0.495973858801875,20.4,40,37.3,27.1,16.9,29.4,False
100924859000,1789117637760188000,7212,video_contact_and_recorded_pose,Fold tan trousers,40.8,0.4946194472881661,20.4,40.8,33.3,23.1,13.7,29.8,False
100964864000,1789117637800193000,7215,video_contact_and_recorded_pose,Fold tan trousers,39.6,0.49362124273343205,20.4,39.6,29.4,20.8,12.2,30.2,False
100984864000,1789117637820193000,7217,video_contact_and_recorded_pose,Fold tan trousers,38,0.4930947059943801,20.4,38,28.2,20,12.2,30.6,False
101044868000,1789117637880197000,7221,video_contact_and_recorded_pose,Fold tan trousers,32.2,0.49140918269716327,20,32.2,26.7,20,12.2,30.6,False
101104868000,1789117637940197000,7226,video_contact_and_recorded_pose,Fold tan trousers,31.8,0.48957239308221023,20,31.8,26.7,19.6,11.8,31,False
101124868000,1789117637960197000,7227,video_contact_and_recorded_pose,Fold tan trousers,31.4,0.4889281178503335,20,31.4,26.3,19.6,11.8,31,False
101164873000,1789117638000202000,7230,video_contact_and_recorded_pose,Fold tan trousers,31,0.48759347002532083,20,31,26.3,19.6,11.8,30.6,False
101204873000,1789117638040202000,7233,video_contact_and_recorded_pose,Fold tan trousers,31,0.48620007340085136,20,31,25.9,19.6,11.8,30.6,False
101224873000,1789117638060202000,7234,video_contact_and_recorded_pose,Fold tan trousers,30.6,0.48548215450487925,20,30.6,25.9,19.6,11.8,30.6,False
101284878000,1789117638120207000,7238,video_contact_and_recorded_pose,Fold tan trousers,31,0.4832475068660246,20,30.2,25.9,19.2,11.8,31,False
101304878000,1789117638140207000,7240,video_contact_and_recorded_pose,Fold tan trousers,31,0.48247694673093305,19.6,30.2,25.5,19.2,11.8,31,False
101384882000,1789117638220211000,7246,video_contact_and_recorded_pose,Fold tan trousers,30.6,0.4792751459651969,19.6,29.8,25.5,18.8,11.8,30.6,False
101404882000,1789117638240211000,7247,video_contact_and_recorded_pose,Fold tan trousers,30.6,0.47844662857731846,19.6,29.8,25.5,18.8,11.8,30.6,False
101464887000,1789117638300216000,7251,video_contact_and_recorded_pose,Fold tan trousers,30.6,0.47589898256282337,19.6,29.8,25.1,18.8,11.8,30.6,False
101504887000,1789117638340216000,7254,video_contact_and_recorded_pose,Fold tan trousers,30.6,0.47415261178621576,19.6,29.8,25.1,18.8,11.8,30.6,False
101524891000,1789117638360220000,7256,video_contact_and_recorded_pose,Fold tan trousers,30.6,0.47326587012011545,19.6,29.4,25.1,18.8,11.8,30.6,False
101604892000,1789117638440221000,7261,video_contact_and_recorded_pose,Fold tan trousers,31,0.4696385090081657,19.2,29.4,24.7,18.4,11.4,31,False
101624896000,1789117638460225000,7263,video_contact_and_recorded_pose,Fold tan trousers,31,0.46871297331494366,19.2,29,24.7,18.4,11.4,31,False
101644896000,1789117638480225000,7264,video_contact_and_recorded_pose,Fold tan trousers,31.4,0.4677809108244303,19.2,29,24.7,18.4,11.4,31.4,False
101704896000,1789117638540225000,7269,video_contact_and_recorded_pose,Fold tan trousers,32.2,0.46494794169668835,19.2,29,24.7,18.4,11.4,32.2,False
101744901000,1789117638580230000,7272,video_contact_and_recorded_pose,Fold tan trousers,32.2,0.4630318889237912,18.8,29,24.3,18.4,11.4,32.2,False
101784901000,1789117638620230000,7274,video_contact_and_recorded_pose,Fold tan trousers,32.2,0.46109759492988944,18.8,28.6,24.3,18.4,11.4,32.2,False
101804901000,1789117638640230000,7276,video_contact_and_recorded_pose,Fold tan trousers,32.2,0.4601243894935362,18.8,28.6,24.3,18,11.4,32.2,False
101844905000,1789117638680234000,7279,video_contact_and_recorded_pose,Fold tan trousers,32.2,0.4581674081326366,18.8,28.6,24.3,18,11.4,32.2,False
101884905000,1789117638720234000,7282,video_contact_and_recorded_pose,Fold tan trousers,32.2,0.45619911339857677,18.8,29,25.5,19.2,12.2,32.2,False
101924910000,1789117638760239000,7285,video_contact_and_recorded_pose,Fold tan trousers,31.8,0.45422185103116325,18.8,31.4,28.6,21.2,13.3,31.8,False
101944910000,1789117638780239000,7286,video_contact_and_recorded_pose,Fold tan trousers,32.2,0.4532309446145894,18.4,32.2,29.8,22,14.1,31.4,False
101984910000,1789117638820239000,7289,video_contact_and_recorded_pose,Fold tan trousers,32.5,0.45124607736678335,18.4,32.5,30.6,22.7,14.5,30.2,False
102044915000,1789117638880244000,7293,video_contact_and_recorded_pose,Fold tan trousers,32.5,0.448266120320061,18.4,32.5,31,22.7,14.5,29,False
102064915000,1789117638900244000,7295,video_contact_and_recorded_pose,Fold tan trousers,32.5,0.447273636266654,18.4,32.5,31,22.7,14.5,29,False
102104919000,1789117638940248000,7297,video_contact_and_recorded_pose,Fold tan trousers,32.5,0.4452916898039964,18.4,32.5,32.5,23.5,14.9,29,False
102144919000,1789117638980248000,7300,video_contact_and_recorded_pose,Fold tan trousers,33.3,0.44331655833383665,18,32.9,33.3,23.9,15.3,29.4,False
102184919000,1789117639020248000,7303,video_contact_and_recorded_pose,Fold tan trousers,33.3,0.4413508317491958,18,33.3,33.3,24.3,15.3,29.8,False
102204924000,1789117639040253000,7305,video_contact_and_recorded_pose,Fold tan trousers,33.7,0.4403721224283941,18,33.7,33.3,23.9,15.3,29.8,False
102264924000,1789117639100253000,7309,video_contact_and_recorded_pose,Fold tan trousers,34.1,0.43745850519306134,18,34.1,33.3,23.9,15.3,30.6,False
102324928000,1789117639160257000,7313,video_contact_and_recorded_pose,Fold tan trousers,33.7,0.43458468076439727,17.6,33.7,32.9,23.9,14.9,30.2,False
102344929000,1789117639180258000,,video_contact_only,Fold tan trousers,34.5,0.43363726812726117,17.6,34.5,29.4,22,13.7,30.6,False
102364929000,1789117639200258000,,video_contact_only,Fold tan trousers,34.5,0.4326957397763087,17.6,34.5,29.4,21.6,13.7,30.6,False
102424933000,1789117639260262000,,video_contact_only,Fold tan trousers,34.1,0.42990947709874117,17.6,34.1,29,21.6,13.3,30.6,False
102464933000,1789117639300262000,,video_contact_only,Fold tan trousers,34.1,0.42808766788433933,17.6,34.1,29,21.6,13.3,30.2,False
102484938000,1789117639320267000,,video_contact_only,Fold tan trousers,34.1,0.42718825734687665,17.6,34.1,29,21.6,13.3,30.2,False
102524938000,1789117639360267000,,video_contact_only,Fold tan trousers,34.1,0.42541506652061484,17.6,34.1,29,21.6,13.3,30.2,False
102604942000,1789117639440271000,,video_contact_only,Fold tan trousers,33.7,0.42197899068309835,17.3,33.7,28.6,21.2,13.3,29.8,False
102624942000,1789117639460271000,,video_contact_only,Fold tan trousers,33.7,0.4211450642737607,17.3,33.7,28.6,21.2,13.3,29.8,False
102644942000,1789117639480271000,,video_contact_only,Fold tan trousers,33.7,0.4203218544038109,17.3,33.7,28.6,21.2,13.3,29.8,False
102684947000,1789117639520276000,,video_contact_only,Fold tan trousers,33.3,0.41870877970825826,17.3,33.3,28.2,21.2,13.3,29.8,False
102744947000,1789117639580276000,,video_contact_only,Fold tan trousers,33.3,0.41637856246951166,17.3,33.3,28.2,20.8,12.9,29.4,False
102784952000,1789117639620281000,,video_contact_only,Fold tan trousers,32.9,0.41488835975850846,16.9,32.9,28.2,20.8,12.9,29.4,False
102804952000,1789117639640281000,7348,video_contact_and_recorded_pose,Fold tan trousers,31,0.4141634364190408,16.9,31,30.6,22.4,14.1,26.7,False
102844952000,1789117639680281000,7351,video_contact_and_recorded_pose,Fold tan trousers,30.2,0.41275549895112773,16.9,30.2,28.2,20.4,12.9,26.7,False
102884956000,1789117639720285000,7354,video_contact_and_recorded_pose,Fold tan trousers,29.8,0.41140563204923547,16.9,29.8,26.7,19.2,11.8,26.3,False
102924956000,1789117639760285000,7356,video_contact_and_recorded_pose,Fold tan trousers,29.4,0.41011689419784253,16.9,29.4,26.3,18.8,11.4,25.9,False
102964961000,1789117639800290000,7359,video_contact_and_recorded_pose,Fold tan trousers,29.8,0.4088917867559877,16.9,29.8,25.9,18.8,11.4,25.5,False
102984961000,1789117639820290000,7361,video_contact_and_recorded_pose,Fold tan trousers,30.2,0.40830410037801773,16.9,30.2,25.9,18.8,11.4,25.1,False
103064965000,1789117639900294000,7367,video_contact_and_recorded_pose,Fold tan trousers,30.6,0.4061266441328389,16.9,30.6,25.5,18.4,11,25.1,False
103104966000,1789117639940295000,7370,video_contact_and_recorded_pose,Fold tan trousers,31,0.40514686491651636,16.5,31,25.1,18,11,24.7,False
103124966000,1789117639960295000,7371,video_contact_and_recorded_pose,Fold tan trousers,31,0.4046854365638428,16.5,31,25.1,18,11,24.7,False
103144970000,1789117639980299000,7372,video_contact_and_recorded_pose,Fold tan trousers,31,0.40424335219129215,16.5,31,25.1,18,11,24.7,False
103184970000,1789117640020299000,7375,video_contact_and_recorded_pose,Fold tan trousers,31,0.4034190497550099,16.5,31,25.1,18,11.4,24.7,False
103244975000,1789117640080304000,7380,video_contact_and_recorded_pose,Fold tan trousers,31.8,0.4023369559495663,16.5,31.8,25.1,18,11,24.7,False
103304975000,1789117640140304000,7384,video_contact_and_recorded_pose,Fold tan trousers,32.5,0.40144865631295,16.5,32.5,25.5,18.4,11.8,24.7,False
103324975000,1789117640160304000,7385,video_contact_and_recorded_pose,Fold tan trousers,32.9,0.4011972265441086,16.5,32.9,25.9,18.4,11.8,24.3,False
103364979000,1789117640200308000,7388,video_contact_and_recorded_pose,Fold tan trousers,33.3,0.4007634247010605,16.5,33.3,26.3,18.8,11.8,24.3,False
103384979000,1789117640220308000,7389,video_contact_and_recorded_pose,Fold tan trousers,33.3,0.40058179316046116,16.5,33.3,26.3,19.2,12.2,24.3,False
103444984000,1789117640280313000,7394,video_contact_and_recorded_pose,Fold tan trousers,33.3,0.40018203844683,16.5,33.3,27.5,20,12.5,23.5,False
103484984000,1789117640320313000,7397,video_contact_and_recorded_pose,Fold tan trousers,33.3,0.4000400193825936,16.5,33.3,27.8,20.4,12.5,23.5,False
103524988000,1789117640360317000,7400,video_contact_and_recorded_pose,Stack garment,33.3,0.4000014853640486,16.5,33.3,27.8,20.4,12.5,23.5,False
103564989000,1789117640400318000,7403,video_contact_and_recorded_pose,Stack garment,33.7,0.4001193943001924,16.5,33.7,28.2,20.4,12.5,23.9,False
103644993000,1789117640480322000,7408,video_contact_and_recorded_pose,Stack garment,33.7,0.40089935789007103,16.5,33.7,28.2,20.4,12.2,23.9,False
103664993000,1789117640500322000,7410,video_contact_and_recorded_pose,Stack garment,34.1,0.4012027128057154,16.5,34.1,28.2,20.4,12.5,23.9,False
103704993000,1789117640540322000,7412,video_contact_and_recorded_pose,Stack garment,34.1,0.4019334868310414,16.5,34.1,27.8,20,12.2,23.9,False
103724998000,1789117640560327000,7413,video_contact_and_recorded_pose,Stack garment,34.1,0.4023593090172768,16.5,34.1,27.8,20,12.2,23.9,False
103784998000,1789117640620327000,7417,video_contact_and_recorded_pose,Stack garment,34.1,0.4038675155374558,16.5,34.1,27.8,20,12.5,24.3,False
103804998000,1789117640640327000,7419,video_contact_and_recorded_pose,Stack garment,34.1,0.40444441871683146,16.5,34.1,28.2,20.4,12.9,24.3,False
103825002000,1789117640660331000,7420,video_contact_and_recorded_pose,Stack garment,34.5,0.4050571081945086,16.5,34.5,28.6,20.8,12.9,24.3,False
103865003000,1789117640700332000,7423,video_contact_and_recorded_pose,Stack garment,34.5,0.40638584786899995,16.9,34.5,29,21.2,12.9,24.7,False
103925007000,1789117640760336000,7427,video_contact_and_recorded_pose,Stack garment,34.9,0.4086251658764737,16.9,34.9,29,21.2,12.9,24.7,False
103945007000,1789117640780336000,7429,video_contact_and_recorded_pose,Stack garment,34.9,0.40943376767309747,16.9,34.9,29.4,21.2,12.9,24.7,False
103965007000,1789117640800336000,7430,video_contact_and_recorded_pose,Stack garment,34.9,0.41027205040710685,16.9,34.9,29.4,21.2,12.9,25.1,False
104005012000,1789117640840341000,7433,video_contact_and_recorded_pose,Stack garment,34.9,0.41203446933889687,16.9,34.9,29.8,21.6,13.3,25.5,False
104045012000,1789117640880341000,7436,video_contact_and_recorded_pose,Stack garment,34.9,0.41390514832000364,16.9,34.9,30.2,22.4,14.1,26.3,False
104105016000,1789117640940345000,7440,video_contact_and_recorded_pose,Stack garment,35.3,0.4168998135102101,17.3,35.3,31.4,23.1,14.9,27.5,False
104145016000,1789117640980345000,7443,video_contact_and_recorded_pose,Stack garment,35.3,0.4190117896678719,17.3,35.3,31.8,23.5,14.9,29,False
104165016000,1789117641000345000,7445,video_contact_and_recorded_pose,Stack garment,35.3,0.42009991359992793,17.3,35.3,32.2,23.5,14.9,29.4,False
104185016000,1789117641020345000,7446,video_contact_and_recorded_pose,Stack garment,35.7,0.4212083225857385,17.3,35.7,32.2,23.5,14.9,29.8,False
104245021000,1789117641080350000,7450,video_contact_and_recorded_pose,Stack garment,36.1,0.42464701168222785,17.3,36.1,32.5,23.9,14.9,31,False
104285026000,1789117641120355000,7453,video_contact_and_recorded_pose,Stack garment,36.1,0.42702535092492167,17.6,36.1,32.5,23.5,14.9,31.4,False
104305026000,1789117641140355000,7455,video_contact_and_recorded_pose,Stack garment,36.5,0.4282375407374855,17.6,36.5,32.9,23.5,14.9,31.8,False
104345026000,1789117641180355000,7458,video_contact_and_recorded_pose,Stack garment,36.9,0.4307039832441282,17.6,36.9,32.9,23.9,14.9,31.4,False
104425030000,1789117641260359000,7463,video_contact_and_recorded_pose,Stack garment,37.6,0.43578146195624434,18,37.6,33.7,24.3,15.3,29.8,False
104465030000,1789117641300359000,7466,video_contact_and_recorded_pose,Stack garment,37.6,0.43837857732251173,18,37.6,34.1,24.7,15.7,29.4,False
104505035000,1789117641340364000,7469,video_contact_and_recorded_pose,Stack garment,38,0.44100591229356784,18,38,34.1,24.7,15.7,29.4,False
104525035000,1789117641360364000,7471,video_contact_and_recorded_pose,Stack garment,38,0.4423284894100906,18,38,34.5,24.7,15.7,29.4,False
104565035000,1789117641400364000,7473,video_contact_and_recorded_pose,Stack garment,38.4,0.444987518873753,18.4,38.4,34.5,24.7,15.7,29,False
104605039000,1789117641440368000,7476,video_contact_and_recorded_pose,Stack garment,38.8,0.4476596219990395,18.4,38.8,34.9,25.1,15.7,29,False
104645040000,1789117641480369000,7479,video_contact_and_recorded_pose,Stack garment,39.2,0.4503374977218746,18.4,39.2,34.9,25.1,15.7,29,False
104665040000,1789117641500369000,7481,video_contact_and_recorded_pose,Stack garment,39.2,0.45167650633840223,18.4,39.2,35.3,25.5,16.1,29,False
104685044000,1789117641520373000,7482,video_contact_and_recorded_pose,Stack garment,39.2,0.45301471300021373,18.4,39.2,35.3,25.5,16.1,29,False
104705044000,1789117641540373000,7484,video_contact_and_recorded_pose,Stack garment,39.2,0.4543507282530207,18.8,39.2,35.3,25.5,16.1,29,False
104725044000,1789117641560373000,7485,video_contact_and_recorded_pose,Stack garment,39.2,0.4556839656837614,18.8,39.2,35.7,25.5,16.1,29.4,False
104785049000,1789117641620378000,7488,video_contact_and_recorded_pose,Stack garment,39.6,0.4596587988864989,18.8,39.6,35.7,25.9,16.1,29.8,False
104825049000,1789117641660378000,7491,video_contact_and_recorded_pose,Stack garment,40,0.4622789164176447,18.8,40,36.1,25.9,16.5,30.6,False
104865053000,1789117641700382000,7494,video_contact_and_recorded_pose,Stack garment,40.4,0.46486767957733033,19.2,40.4,36.5,26.3,16.5,31,False
104885053000,1789117641720382000,7496,video_contact_and_recorded_pose,Stack garment,40.4,0.4661479410076571,19.2,40.4,36.5,26.3,16.5,31.4,False
104965058000,1789117641800387000,7501,video_contact_and_recorded_pose,Stack garment,40.4,0.47115609765357896,19.2,40.4,36.9,26.3,16.5,31.4,False
104985058000,1789117641820387000,7503,video_contact_and_recorded_pose,Stack garment,40,0.4723754869781235,19.2,40,36.9,26.7,16.9,31.8,False
105005058000,1789117641840387000,7504,video_contact_and_recorded_pose,Stack garment,39.2,0.47358013997454385,19.6,39.2,36.9,26.3,16.5,31.4,False
105025058000,1789117641860387000,7506,video_contact_and_recorded_pose,Stack garment,38.4,0.474769202506541,19.6,38.4,36.9,26.3,16.5,31.4,False
105065063000,1789117641900392000,7509,video_contact_and_recorded_pose,Stack garment,37.6,0.47709742622778983,19.6,37.6,36.5,26.3,16.5,31,False
105125063000,1789117641960392000,7513,video_contact_and_recorded_pose,Stack garment,32.9,0.4804510354498565,19.6,32.9,28.2,20,12.5,30.2,False
105165067000,1789117642000396000,7516,video_contact_and_recorded_pose,Stack garment,32.2,0.4825848300002651,20,32.2,27.5,19.6,12.2,29.8,False
105185067000,1789117642020396000,7517,video_contact_and_recorded_pose,Stack garment,32.2,0.4836184096273116,20,32.2,27.1,19.6,12.2,29.8,False
105225067000,1789117642060396000,7520,video_contact_and_recorded_pose,Stack garment,31.8,0.4856148805187256,20,31.8,27.1,19.6,12.2,29.8,False
105265072000,1789117642100401000,7523,video_contact_and_recorded_pose,Stack garment,31.4,0.487511636551475,20,31.4,26.7,19.6,12.2,29.8,False
105305072000,1789117642140401000,7526,video_contact_and_recorded_pose,Stack garment,31.4,0.48930136979363936,20,31.4,27.1,19.6,12.5,29.8,False
105325072000,1789117642160401000,7527,video_contact_and_recorded_pose,Stack garment,31.4,0.49015405882270324,20,31.4,27.1,20,12.5,29.8,False
105365076000,1789117642200405000,7530,video_contact_and_recorded_pose,Stack garment,31.8,0.49177096661068675,20,31.8,27.5,20,12.5,29.4,False
105405077000,1789117642240406000,7533,video_contact_and_recorded_pose,Stack garment,31.8,0.49326387972937924,20.4,31.8,27.5,20.4,12.5,29.4,False
105465081000,1789117642300410000,7537,video_contact_and_recorded_pose,Stack garment,31.8,0.4952561231978789,20.4,31.8,27.8,20.4,12.5,29.4,False
105505081000,1789117642340410000,7540,video_contact_and_recorded_pose,Stack garment,31.8,0.4964094309192121,20.4,31.8,27.8,20.4,12.5,29,False
105525086000,1789117642360415000,7542,video_contact_and_recorded_pose,Stack garment,31.8,0.49693122029230286,20.4,31.8,27.8,20.4,12.5,29,False
105565086000,1789117642400415000,7545,video_contact_and_recorded_pose,Stack garment,31.8,0.4978602771534458,20.4,31.8,27.8,20.4,12.5,29,False
105605086000,1789117642440415000,7547,video_contact_and_recorded_pose,Stack garment,31.8,0.4986313041084301,20.4,31.8,27.8,20.4,12.5,29,False
105625090000,1789117642460419000,7549,video_contact_and_recorded_pose,Stack garment,31.8,0.49895548167439485,20.4,31.8,27.5,20.4,12.5,29,False
105705091000,1789117642540420000,7555,video_contact_and_recorded_pose,Stack garment,31.8,0.49982268052733747,20.4,31.8,27.5,20.4,12.5,29.4,False
105745095000,1789117642580424000,7558,video_contact_and_recorded_pose,Stack garment,31.8,0.4999867761365043,20.4,31.8,27.5,20.4,12.5,29.4,False
105765095000,1789117642600424000,7559,video_contact_and_recorded_pose,Align clothing stack,31.8,0.49999767541300777,20.4,31.8,27.5,20,12.5,29.8,False
105785095000,1789117642620424000,7560,video_contact_and_recorded_pose,Align clothing stack,31.8,0.4999439423269039,20.4,31.8,27.5,20,12.5,29.8,False
105845100000,1789117642680429000,7564,video_contact_and_recorded_pose,Align clothing stack,31.8,0.4993669553204239,20.4,31.8,27.5,20,12.5,29.8,False
105865100000,1789117642700429000,7565,video_contact_and_recorded_pose,Align clothing stack,31.4,0.49904033361632244,20.4,31.4,27.1,20,12.5,29.8,False
105905104000,1789117642740433000,7568,video_contact_and_recorded_pose,Align clothing stack,31.4,0.49819322989054426,20.4,31.4,27.1,20,12.5,29.8,False
105945104000,1789117642780433000,7571,video_contact_and_recorded_pose,Align clothing stack,31.4,0.4970963898166556,20.4,31.4,27.1,20,12.5,30.2,False
105985104000,1789117642820433000,7574,video_contact_and_recorded_pose,Align clothing stack,31.4,0.4957599911604054,20.4,31.4,27.1,20,12.5,30.2,False
106005109000,1789117642840438000,7575,video_contact_and_recorded_pose,Align clothing stack,31.4,0.49500496460642474,20.4,31.4,27.1,20,12.5,30.2,False
106045109000,1789117642880438000,7578,video_contact_and_recorded_pose,Align clothing stack,31.4,0.49332841876099,20.4,31.4,27.1,20,12.5,30.2,False
106085109000,1789117642920438000,7581,video_contact_and_recorded_pose,Align clothing stack,31.4,0.4914379397033188,20,31.4,26.7,20,12.5,30.2,False
106145114000,1789117642980443000,7585,video_contact_and_recorded_pose,Align clothing stack,31.4,0.48822323141724955,20,31.4,26.7,20,12.5,30.2,False
106185114000,1789117643020443000,7588,video_contact_and_recorded_pose,Align clothing stack,31.4,0.4858427385866438,20,31.4,26.7,19.6,12.9,30.2,False
106205118000,1789117643040447000,7590,video_contact_and_recorded_pose,Align clothing stack,31.4,0.48458482384298934,20,31.4,26.3,19.6,12.9,30.2,False
106225118000,1789117643060447000,7591,video_contact_and_recorded_pose,Align clothing stack,31.4,0.4832839231322977,20,31.4,26.3,19.6,12.9,30.2,False
106285118000,1789117643120447000,7595,video_contact_and_recorded_pose,Align clothing stack,31,0.4791346344989918,19.6,31,26.3,19.6,12.5,29.8,False
106305123000,1789117643140452000,7597,video_contact_and_recorded_pose,Align clothing stack,31,0.4776732435557915,19.6,31,26.3,19.6,12.5,29.4,False
106365123000,1789117643200452000,7601,video_contact_and_recorded_pose,Align clothing stack,30.6,0.47307431669236544,19.6,30.6,25.9,19.2,12.2,29,False
106425127000,1789117643260456000,7606,video_contact_and_recorded_pose,Align clothing stack,30.6,0.4681782061014238,19.2,30.6,25.9,19.2,11.8,29,False
106465127000,1789117643300456000,7608,video_contact_and_recorded_pose,Align clothing stack,30.2,0.46476651195594554,19.2,30.2,25.5,18.8,11.8,29,False
106485132000,1789117643320461000,7610,video_contact_and_recorded_pose,Align clothing stack,30.2,0.4630197191917013,18.8,30.2,25.5,18.8,11.8,28.6,False
106525132000,1789117643360461000,7613,video_contact_and_recorded_pose,Align clothing stack,29.8,0.4594523955127706,18.8,29.8,25.1,18.8,11.8,28.6,False
106565132000,1789117643400461000,7616,video_contact_and_recorded_pose,Align clothing stack,29.4,0.4557941401419667,18.8,29.4,24.7,18.4,11.4,28.2,False
106645137000,1789117643480466000,7621,video_contact_and_recorded_pose,Align clothing stack,29,0.4482453527203552,18.4,29,24.3,18,11.4,27.5,False
106665137000,1789117643500466000,7623,video_contact_and_recorded_pose,Align clothing stack,28.6,0.4463174550485391,18.4,28.6,23.9,18,11.4,27.5,False
106685141000,1789117643520470000,7624,video_contact_and_recorded_pose,Align clothing stack,28.6,0.444375403581556,18.4,28.6,23.9,18,11.4,27.1,False
106725141000,1789117643560470000,7627,video_contact_and_recorded_pose,Align clothing stack,28.2,0.4404559077173307,18,28.2,23.5,17.6,11.4,26.7,False
106745141000,1789117643580470000,7628,video_contact_and_recorded_pose,Align clothing stack,28.2,0.4384806387300451,18,28.2,23.1,17.6,11.4,26.7,False
106805146000,1789117643640475000,7633,video_contact_and_recorded_pose,Align clothing stack,27.5,0.4325076220122236,17.6,27.5,23.1,17.3,11.4,26.3,False
106825146000,1789117643660475000,7634,video_contact_and_recorded_pose,Align clothing stack,27.5,0.43050548282285556,17.6,27.5,22.7,17.3,11.4,26.3,False
106865150000,1789117643700479000,7637,video_contact_and_recorded_pose,Align clothing stack,27.1,0.4264915420552037,17.6,27.1,22.7,17.3,11,25.9,False
106905151000,1789117643740480000,7640,video_contact_and_recorded_pose,Align clothing stack,27.1,0.42247409653657997,17.3,27.1,22.4,16.9,11,25.9,False
106965155000,1789117643800484000,7644,video_contact_and_recorded_pose,Align clothing stack,26.7,0.41646296628960144,17.3,26.7,22,16.5,11,25.9,False
106985155000,1789117643820484000,7646,video_contact_and_recorded_pose,Align clothing stack,26.3,0.4144685918921624,16.9,26.3,22,16.5,10.6,25.5,False
107005155000,1789117643840484000,7647,video_contact_and_recorded_pose,Align clothing stack,26.3,0.41248095374740107,16.9,26.3,22,16.5,10.6,25.5,False
107065160000,1789117643900489000,7652,video_contact_and_recorded_pose,Align clothing stack,25.9,0.406570780367715,16.9,25.9,21.6,16.1,10.6,25.5,False
107085160000,1789117643920489000,7653,video_contact_and_recorded_pose,Align clothing stack,25.9,0.4046229024035777,16.5,25.9,21.6,16.1,10.2,25.1,False
107125160000,1789117643960489000,7656,video_contact_and_recorded_pose,Align clothing stack,25.5,0.40076785546537236,16.5,25.5,21.2,16.1,10.2,25.1,False
107165164000,1789117644000493000,7659,video_contact_and_recorded_pose,Align clothing stack,25.1,0.39697525280389323,16.5,25.1,21.2,16.1,10.2,24.7,False
107205164000,1789117644040493000,7662,video_contact_and_recorded_pose,Align clothing stack,25.1,0.39325610335355343,16.1,25.1,20.8,15.7,10.2,24.7,False
107225165000,1789117644060494000,7663,video_contact_and_recorded_pose,Align clothing stack,25.1,0.3914270422369694,16.1,25.1,20.8,15.7,10.2,24.7,False
107285169000,1789117644120498000,7667,video_contact_and_recorded_pose,Align clothing stack,24.7,0.38607757851954316,15.7,24.7,20.4,15.7,9.8,24.3,False
107325169000,1789117644160498000,7670,video_contact_and_recorded_pose,Align clothing stack,24.3,0.3826391525315379,15.7,24.3,20.4,15.3,9.8,23.9,False
107365174000,1789117644200503000,7673,video_contact_and_recorded_pose,Align clothing stack,23.9,0.37931438905695336,15.7,23.9,20,15.3,9.8,23.9,False
107405174000,1789117644240503000,7676,video_contact_and_recorded_pose,Align clothing stack,23.9,0.3761143698860359,15.3,23.9,20,15.3,9.8,23.5,False
107445178000,1789117644280507000,7679,video_contact_and_recorded_pose,Align clothing stack,23.5,0.37304862229399016,15.3,23.5,19.6,14.9,9.8,23.1,False
107485178000,1789117644320507000,7682,video_contact_and_recorded_pose,Align clothing stack,23.5,0.37012800985874605,15.3,23.5,19.6,14.9,9.8,22.7,False
107505178000,1789117644340507000,7683,video_contact_and_recorded_pose,Align clothing stack,23.1,0.368725214794721,15.3,23.1,19.6,14.9,9.8,22.7,False
107545183000,1789117644380512000,7686,video_contact_and_recorded_pose,Align clothing stack,23.1,0.3660407279165293,14.9,23.1,19.2,14.9,9.8,22.4,False
107605183000,1789117644440512000,7690,video_contact_and_recorded_pose,Align clothing stack,23.1,0.36233730750890025,14.9,23.1,19.2,14.5,9,22,False
107645187000,1789117644480516000,7693,video_contact_and_recorded_pose,Align clothing stack,22.7,0.36009828790386533,14.9,22.7,19.2,14.5,9,21.6,False
107665188000,1789117644500517000,7695,video_contact_and_recorded_pose,Align clothing stack,22.4,0.3590517301654007,14.9,22.4,19.2,14.5,9,21.6,False
107685188000,1789117644520517000,7696,video_contact_and_recorded_pose,Align clothing stack,22.4,0.35805552530616547,14.5,22.4,19.2,14.5,9,21.2,False
107725192000,1789117644560521000,7699,video_contact_and_recorded_pose,Align clothing stack,22,0.3562189653791148,14.5,22,18.8,14.1,8.6,21.2,False
107825197000,1789117644660526000,7706,video_contact_and_recorded_pose,Align clothing stack,22,0.35259783319161614,14.5,22,18.8,14.1,8.6,20.8,False
107845197000,1789117644680526000,7708,video_contact_and_recorded_pose,Align clothing stack,22,0.3520501737705073,14.5,22,18.8,14.1,8.6,21.2,False
107865197000,1789117644700526000,7709,video_contact_and_recorded_pose,Align clothing stack,22,0.35156434508378487,14.5,22,18.8,14.1,8.6,21.2,False
107925201000,1789117644760530000,7713,video_contact_and_recorded_pose,Align clothing stack,22,0.35049060359873213,14.5,22,18.8,14.1,8.6,21.2,False
107965201000,1789117644800530000,7716,video_contact_and_recorded_pose,Align clothing stack,22,0.35010748024067007,14.5,22,18.8,14.1,9,21.2,False
107985201000,1789117644820530000,7718,video_contact_and_recorded_pose,Align clothing stack,22,0.35001955528537143,14.5,22,19.2,14.1,9,21.2,False
108005206000,1789117644840535000,7719,video_contact_and_recorded_pose,Finish stack,22,0.34995343370508025,14.5,22,19.2,14.1,9,21.2,False
108045206000,1789117644880535000,7722,video_contact_and_recorded_pose,Finish stack,22,0.3466093779316866,14.1,22,19.2,14.1,9,21.2,False
108085206000,1789117644920535000,7725,video_contact_and_recorded_pose,Finish stack,21.6,0.3383827894116163,13.7,21.6,18.8,13.7,8.6,20.4,False
108125211000,1789117644960540000,7728,video_contact_and_recorded_pose,Finish stack,20.8,0.32583828309255986,13.3,20.8,18,13.3,8.2,20,False
108145211000,1789117644980540000,7729,video_contact_and_recorded_pose,Finish stack,20,0.3181251815776156,12.9,20,17.6,12.9,7.8,19.2,False
108185211000,1789117645020540000,7732,video_contact_and_recorded_pose,Finish stack,18.8,0.3001699900280399,12.2,18.8,16.5,12.2,7.5,18.4,False
108245215000,1789117645080544000,7736,video_contact_and_recorded_pose,Finish stack,16.9,0.2679744644821726,11,16.9,14.9,10.6,6.7,16.5,False
108285215000,1789117645120544000,7739,video_contact_and_recorded_pose,Finish stack,15.3,0.24383124916099042,10.2,15.3,13.3,9.8,6.3,15.3,False
108325220000,1789117645160549000,7742,video_contact_and_recorded_pose,Finish stack,13.7,0.2182009298261376,9,13.7,11.8,8.6,5.5,13.7,False
108345220000,1789117645180549000,7744,video_contact_and_recorded_pose,Finish stack,12.9,0.20500793018184413,8.2,12.9,11,8.2,5.1,12.9,False
108385224000,1789117645220553000,7747,video_contact_and_recorded_pose,Finish stack,11.4,0.1782144546878356,7.5,11.4,9.8,7.1,4.3,11,False
108425225000,1789117645260554000,7749,video_contact_and_recorded_pose,Finish stack,9.4,0.1513553368048431,6.3,9.4,8.2,5.9,3.9,9.4,False
108465225000,1789117645300554000,7752,video_contact_and_recorded_pose,Finish stack,7.8,0.12499570340849891,5.1,7.8,6.7,5.1,3.1,7.8,False
108505229000,1789117645340558000,7755,video_contact_and_recorded_pose,Finish stack,6.3,0.09969885320345928,3.9,6.3,5.5,3.9,2.4,6.3,False
108565229000,1789117645400558000,7760,video_contact_and_recorded_pose,Finish stack,3.9,0.06499396157422882,2.7,3.9,3.5,2.7,1.6,3.9,False
108605234000,1789117645440563000,7762,video_contact_and_recorded_pose,Finish stack,2.7,0.04483873264953925,2,2.7,2.4,2,1.2,2.7,False
108645234000,1789117645480563000,7765,video_contact_and_recorded_pose,Finish stack,1.6,0.027734059019468515,1.2,1.6,1.6,1.2,0.8,1.6,False
108665234000,1789117645500563000,7767,video_contact_and_recorded_pose,Finish stack,1.2,0.020501682250964104,0.8,1.2,1.2,0.8,0.4,1.2,False
108685238000,1789117645520567000,7768,video_contact_and_recorded_pose,Finish stack,0.8,0.014242534254191919,0.4,0.8,0.8,0.8,0.4,0.8,False
108725238000,1789117645560567000,7771,video_contact_and_recorded_pose,Finish stack,0.4,0.0049333325610061984,0.4,0.4,0.4,0.4,0,0.4,False
108785243000,1789117645620572000,7775,video_contact_and_recorded_pose,No contact,0,0,0,0,0,0,0,0,False
108825243000,1789117645660572000,7778,video_contact_and_recorded_pose,No contact,0,0,0,0,0,0,0,0,False
108845243000,1789117645680572000,7780,video_contact_and_recorded_pose,No contact,0,0,0,0,0,0,0,0,False
108865248000,1789117645700577000,7781,video_contact_and_recorded_pose,No contact,0,0,0,0,0,0,0,0,False
108885248000,1789117645720577000,7783,video_contact_and_recorded_pose,No contact,0,0,0,0,0,0,0,0,False
108945248000,1789117645780577000,7787,video_contact_and_recorded_pose,No contact,0,0,0,0,0,0,0,0,False
108965252000,1789117645800581000,7788,video_contact_and_recorded_pose,No contact,0,0,0,0,0,0,0,0,False
109005252000,1789117645840581000,7791,video_contact_and_recorded_pose,No contact,0,0,0,0,0,0,0,0,False
109025252000,1789117645860581000,7793,video_contact_and_recorded_pose,No contact,0,0,0,0,0,0,0,0,False
109065257000,1789117645900586000,7795,video_contact_and_recorded_pose,No contact,0,0,0,0,0,0,0,0,False
109105257000,1789117645940586000,7798,video_contact_and_recorded_pose,No contact,0,0,0,0,0,0,0,0,False
109125257000,1789117645960586000,7800,video_contact_and_recorded_pose,No contact,0,0,0,0,0,0,0,0,False
109165261000,1789117646000590000,7803,video_contact_and_recorded_pose,No contact,0,0,0,0,0,0,0,0,False
109185262000,1789117646020591000,7804,video_contact_and_recorded_pose,No contact,0,0,0,0,0,0,0,0,False
109245266000,1789117646080595000,7808,video_contact_and_recorded_pose,No contact,0,0,0,0,0,0,0,0,False
109265266000,1789117646100595000,7810,video_contact_and_recorded_pose,No contact,0,0,0,0,0,0,0,0,False
109285266000,1789117646120595000,7811,video_contact_and_recorded_pose,No contact,0,0,0,0,0,0,0,0,False
109325266000,1789117646160595000,7814,video_contact_and_recorded_pose,No contact,0,0,0,0,0,0,0,0,False
109385271000,1789117646220600000,7818,video_contact_and_recorded_pose,No contact,0,0,0,0,0,0,0,0,False
109425271000,1789117646260600000,7821,video_contact_and_recorded_pose,No contact,0,0,0,0,0,0,0,0,False
109445275000,1789117646280604000,7823,video_contact_and_recorded_pose,No contact,0,0,0,0,0,0,0,0,False
109485275000,1789117646320604000,7826,video_contact_and_recorded_pose,No contact,0,0,0,0,0,0,0,0,False
109525280000,1789117646360609000,7828,video_contact_and_recorded_pose,No contact,0,0,0,0,0,0,0,0,False
109565280000,1789117646400609000,7831,video_contact_and_recorded_pose,No contact,0,0,0,0,0,0,0,0,False
109605280000,1789117646440609000,7834,video_contact_and_recorded_pose,No contact,0,0,0,0,0,0,0,0,False
109645285000,1789117646480614000,7837,video_contact_and_recorded_pose,No contact,0,0,0,0,0,0,0,0,False
109665285000,1789117646500614000,7839,video_contact_and_recorded_pose,No contact,0,0,0,0,0,0,0,0,False
109705285000,1789117646540614000,7842,video_contact_and_recorded_pose,No contact,0,0,0,0,0,0,0,0,False
109725289000,1789117646560618000,7843,video_contact_and_recorded_pose,No contact,0,0,0,0,0,0,0,0,False
109765289000,1789117646600618000,7846,video_contact_and_recorded_pose,No contact,0,0,0,0,0,0,0,0,False
109805289000,1789117646640618000,7849,video_contact_and_recorded_pose,No contact,0,0,0,0,0,0,0,0,False
109845294000,1789117646680623000,7852,video_contact_and_recorded_pose,No contact,0,0,0,0,0,0,0,0,False
109885294000,1789117646720623000,7854,video_contact_and_recorded_pose,No contact,0,0,0,0,0,0,0,0,False
109925298000,1789117646760627000,7857,video_contact_and_recorded_pose,No contact,0,0,0,0,0,0,0,0,False
109965299000,1789117646800628000,7860,video_contact_and_recorded_pose,No contact,0,0,0,0,0,0,0,0,False
109985299000,1789117646820628000,,video_contact_only,No contact,0,0,0,0,0,0,0,0,False
110005303000,1789117646840632000,,video_contact_only,No contact,0,0,0,0,0,0,0,0,True
