tracking_time_ns,capture_time_ns,pose_sample_index,pose_unix_ms,pose_distance_ms,valid,pose_source,thumb01_bend_deg,thumb02_bend_deg,thumb03_bend_deg,index01_bend_deg,index02_bend_deg,index03_bend_deg,middle01_bend_deg,middle02_bend_deg,middle03_bend_deg,ring01_bend_deg,ring02_bend_deg,ring03_bend_deg,little01_bend_deg,little02_bend_deg,little03_bend_deg,thumb01_x_deg,thumb01_y_deg,thumb01_z_deg,thumb02_x_deg,thumb02_y_deg,thumb02_z_deg,thumb03_x_deg,thumb03_y_deg,thumb03_z_deg,index01_x_deg,index01_y_deg,index01_z_deg,index02_x_deg,index02_y_deg,index02_z_deg,index03_x_deg,index03_y_deg,index03_z_deg,middle01_x_deg,middle01_y_deg,middle01_z_deg,middle02_x_deg,middle02_y_deg,middle02_z_deg,middle03_x_deg,middle03_y_deg,middle03_z_deg,ring01_x_deg,ring01_y_deg,ring01_z_deg,ring02_x_deg,ring02_y_deg,ring02_z_deg,ring03_x_deg,ring03_y_deg,ring03_z_deg,little01_x_deg,little01_y_deg,little01_z_deg,little02_x_deg,little02_y_deg,little02_z_deg,little03_x_deg,little03_y_deg,little03_z_deg,direction_error_deg
0,1789023941839541000,0,1789023941848,8.459,False,unavailable,,,,,,,,,,,,,,,,,,,,,,,,,,,,,,,,,,,,,,,,,,,,,,,,,,,,,,,,,,,,,
40005000,1789023941879546000,2,1789023941875,4.546,False,unavailable,,,,,,,,,,,,,,,,,,,,,,,,,,,,,,,,,,,,,,,,,,,,,,,,,,,,,,,,,,,,,
100005000,1789023941939546000,7,1789023941945,5.454,False,unavailable,,,,,,,,,,,,,,,,,,,,,,,,,,,,,,,,,,,,,,,,,,,,,,,,,,,,,,,,,,,,,
140009000,1789023941979550000,9,1789023941972,7.55,False,unavailable,,,,,,,,,,,,,,,,,,,,,,,,,,,,,,,,,,,,,,,,,,,,,,,,,,,,,,,,,,,,,
160009000,1789023941999550000,11,1789023942001,1.45,False,unavailable,,,,,,,,,,,,,,,,,,,,,,,,,,,,,,,,,,,,,,,,,,,,,,,,,,,,,,,,,,,,,
220014000,1789023942059555000,15,1789023942055,4.555,False,unavailable,,,,,,,,,,,,,,,,,,,,,,,,,,,,,,,,,,,,,,,,,,,,,,,,,,,,,,,,,,,,,
260014000,1789023942099555000,18,1789023942098,1.555,False,unavailable,,,,,,,,,,,,,,,,,,,,,,,,,,,,,,,,,,,,,,,,,,,,,,,,,,,,,,,,,,,,,
280014000,1789023942119555000,20,1789023942126,6.445,False,unavailable,,,,,,,,,,,,,,,,,,,,,,,,,,,,,,,,,,,,,,,,,,,,,,,,,,,,,,,,,,,,,
320019000,1789023942159560000,22,1789023942154,5.56,False,unavailable,,,,,,,,,,,,,,,,,,,,,,,,,,,,,,,,,,,,,,,,,,,,,,,,,,,,,,,,,,,,,
360019000,1789023942199560000,25,1789023942196,3.56,False,unavailable,,,,,,,,,,,,,,,,,,,,,,,,,,,,,,,,,,,,,,,,,,,,,,,,,,,,,,,,,,,,,
400019000,1789023942239560000,28,1789023942236,3.56,False,unavailable,,,,,,,,,,,,,,,,,,,,,,,,,,,,,,,,,,,,,,,,,,,,,,,,,,,,,,,,,,,,,
460023000,1789023942299564000,33,1789023942306,6.436,False,unavailable,,,,,,,,,,,,,,,,,,,,,,,,,,,,,,,,,,,,,,,,,,,,,,,,,,,,,,,,,,,,,
480023000,1789023942319564000,34,1789023942320,0.436,False,unavailable,,,,,,,,,,,,,,,,,,,,,,,,,,,,,,,,,,,,,,,,,,,,,,,,,,,,,,,,,,,,,
500024000,1789023942339565000,35,1789023942334,5.565,False,unavailable,,,,,,,,,,,,,,,,,,,,,,,,,,,,,,,,,,,,,,,,,,,,,,,,,,,,,,,,,,,,,
560028000,1789023942399569000,40,1789023942404,4.431,False,unavailable,,,,,,,,,,,,,,,,,,,,,,,,,,,,,,,,,,,,,,,,,,,,,,,,,,,,,,,,,,,,,
600032000,1789023942439573000,43,1789023942445,5.427,False,unavailable,,,,,,,,,,,,,,,,,,,,,,,,,,,,,,,,,,,,,,,,,,,,,,,,,,,,,,,,,,,,,
640033000,1789023942479574000,45,1789023942474,5.574,False,unavailable,,,,,,,,,,,,,,,,,,,,,,,,,,,,,,,,,,,,,,,,,,,,,,,,,,,,,,,,,,,,,
660033000,1789023942499574000,47,1789023942502,2.426,False,unavailable,,,,,,,,,,,,,,,,,,,,,,,,,,,,,,,,,,,,,,,,,,,,,,,,,,,,,,,,,,,,,
680033000,1789023942519574000,48,1789023942515,4.574,False,unavailable,,,,,,,,,,,,,,,,,,,,,,,,,,,,,,,,,,,,,,,,,,,,,,,,,,,,,,,,,,,,,
740037000,1789023942579578000,53,1789023942584,4.422,False,unavailable,,,,,,,,,,,,,,,,,,,,,,,,,,,,,,,,,,,,,,,,,,,,,,,,,,,,,,,,,,,,,
780037000,1789023942619578000,56,1789023942626,6.422,False,unavailable,,,,,,,,,,,,,,,,,,,,,,,,,,,,,,,,,,,,,,,,,,,,,,,,,,,,,,,,,,,,,
820042000,1789023942659583000,58,1789023942653,6.583,False,unavailable,,,,,,,,,,,,,,,,,,,,,,,,,,,,,,,,,,,,,,,,,,,,,,,,,,,,,,,,,,,,,
860042000,1789023942699583000,61,1789023942695,4.583,False,unavailable,,,,,,,,,,,,,,,,,,,,,,,,,,,,,,,,,,,,,,,,,,,,,,,,,,,,,,,,,,,,,
920047000,1789023942759588000,66,1789023942764,4.412,False,unavailable,,,,,,,,,,,,,,,,,,,,,,,,,,,,,,,,,,,,,,,,,,,,,,,,,,,,,,,,,,,,,
960047000,1789023942799588000,69,1789023942806,6.412,False,unavailable,,,,,,,,,,,,,,,,,,,,,,,,,,,,,,,,,,,,,,,,,,,,,,,,,,,,,,,,,,,,,
980051000,1789023942819592000,70,1789023942820,0.408,False,unavailable,,,,,,,,,,,,,,,,,,,,,,,,,,,,,,,,,,,,,,,,,,,,,,,,,,,,,,,,,,,,,
1000051000,1789023942839592000,71,1789023942834,5.592,False,unavailable,,,,,,,,,,,,,,,,,,,,,,,,,,,,,,,,,,,,,,,,,,,,,,,,,,,,,,,,,,,,,
1040051000,1789023942879592000,74,1789023942875,4.592,False,unavailable,,,,,,,,,,,,,,,,,,,,,,,,,,,,,,,,,,,,,,,,,,,,,,,,,,,,,,,,,,,,,
1100056000,1789023942939597000,79,1789023942944,4.403,False,unavailable,,,,,,,,,,,,,,,,,,,,,,,,,,,,,,,,,,,,,,,,,,,,,,,,,,,,,,,,,,,,,
1140056000,1789023942979597000,81,1789023942973,6.597,False,unavailable,,,,,,,,,,,,,,,,,,,,,,,,,,,,,,,,,,,,,,,,,,,,,,,,,,,,,,,,,,,,,
1160056000,1789023942999597000,83,1789023943001,1.403,False,unavailable,,,,,,,,,,,,,,,,,,,,,,,,,,,,,,,,,,,,,,,,,,,,,,,,,,,,,,,,,,,,,
1180060000,1789023943019601000,84,1789023943015,4.601,False,unavailable,,,,,,,,,,,,,,,,,,,,,,,,,,,,,,,,,,,,,,,,,,,,,,,,,,,,,,,,,,,,,
1240060000,1789023943079601000,89,1789023943085,5.399,False,unavailable,,,,,,,,,,,,,,,,,,,,,,,,,,,,,,,,,,,,,,,,,,,,,,,,,,,,,,,,,,,,,
1280065000,1789023943119606000,92,1789023943126,6.394,False,unavailable,,,,,,,,,,,,,,,,,,,,,,,,,,,,,,,,,,,,,,,,,,,,,,,,,,,,,,,,,,,,,
1320065000,1789023943159606000,94,1789023943154,5.606,False,unavailable,,,,,,,,,,,,,,,,,,,,,,,,,,,,,,,,,,,,,,,,,,,,,,,,,,,,,,,,,,,,,
1360070000,1789023943199611000,97,1789023943195,4.611,False,unavailable,,,,,,,,,,,,,,,,,,,,,,,,,,,,,,,,,,,,,,,,,,,,,,,,,,,,,,,,,,,,,
1380070000,1789023943219611000,99,1789023943223,3.389,False,unavailable,,,,,,,,,,,,,,,,,,,,,,,,,,,,,,,,,,,,,,,,,,,,,,,,,,,,,,,,,,,,,
1420070000,1789023943259611000,102,1789023943265,5.389,False,unavailable,,,,,,,,,,,,,,,,,,,,,,,,,,,,,,,,,,,,,,,,,,,,,,,,,,,,,,,,,,,,,
1460074000,1789023943299615000,104,1789023943307,7.385,False,unavailable,,,,,,,,,,,,,,,,,,,,,,,,,,,,,,,,,,,,,,,,,,,,,,,,,,,,,,,,,,,,,
1500074000,1789023943339615000,107,1789023943345,5.385,False,unavailable,,,,,,,,,,,,,,,,,,,,,,,,,,,,,,,,,,,,,,,,,,,,,,,,,,,,,,,,,,,,,
1540074000,1789023943379615000,109,1789023943373,6.615,False,unavailable,,,,,,,,,,,,,,,,,,,,,,,,,,,,,,,,,,,,,,,,,,,,,,,,,,,,,,,,,,,,,
1560079000,1789023943399620000,111,1789023943402,2.38,False,unavailable,,,,,,,,,,,,,,,,,,,,,,,,,,,,,,,,,,,,,,,,,,,,,,,,,,,,,,,,,,,,,
1580079000,1789023943419620000,112,1789023943416,3.62,False,unavailable,,,,,,,,,,,,,,,,,,,,,,,,,,,,,,,,,,,,,,,,,,,,,,,,,,,,,,,,,,,,,
1620079000,1789023943459620000,115,1789023943457,2.62,False,unavailable,,,,,,,,,,,,,,,,,,,,,,,,,,,,,,,,,,,,,,,,,,,,,,,,,,,,,,,,,,,,,
1680083000,1789023943519624000,119,1789023943514,5.624,False,unavailable,,,,,,,,,,,,,,,,,,,,,,,,,,,,,,,,,,,,,,,,,,,,,,,,,,,,,,,,,,,,,
1700084000,1789023943539625000,121,1789023943542,2.375,False,unavailable,,,,,,,,,,,,,,,,,,,,,,,,,,,,,,,,,,,,,,,,,,,,,,,,,,,,,,,,,,,,,
1780088000,1789023943619629000,127,1789023943626,6.371,False,unavailable,,,,,,,,,,,,,,,,,,,,,,,,,,,,,,,,,,,,,,,,,,,,,,,,,,,,,,,,,,,,,
1800088000,1789023943639629000,128,1789023943640,0.371,False,unavailable,,,,,,,,,,,,,,,,,,,,,,,,,,,,,,,,,,,,,,,,,,,,,,,,,,,,,,,,,,,,,
1820088000,1789023943659629000,129,1789023943654,5.629,False,unavailable,,,,,,,,,,,,,,,,,,,,,,,,,,,,,,,,,,,,,,,,,,,,,,,,,,,,,,,,,,,,,
1860093000,1789023943699634000,132,1789023943695,4.634,False,unavailable,,,,,,,,,,,,,,,,,,,,,,,,,,,,,,,,,,,,,,,,,,,,,,,,,,,,,,,,,,,,,
1920093000,1789023943759634000,137,1789023943764,4.366,False,unavailable,,,,,,,,,,,,,,,,,,,,,,,,,,,,,,,,,,,,,,,,,,,,,,,,,,,,,,,,,,,,,
1940097000,1789023943779638000,138,1789023943778,1.638,False,unavailable,,,,,,,,,,,,,,,,,,,,,,,,,,,,,,,,,,,,,,,,,,,,,,,,,,,,,,,,,,,,,
1960097000,1789023943799638000,140,1789023943807,7.362,False,unavailable,,,,,,,,,,,,,,,,,,,,,,,,,,,,,,,,,,,,,,,,,,,,,,,,,,,,,,,,,,,,,
2000097000,1789023943839638000,142,1789023943834,5.638,False,unavailable,,,,,,,,,,,,,,,,,,,,,,,,,,,,,,,,,,,,,,,,,,,,,,,,,,,,,,,,,,,,,
2040102000,1789023943879643000,145,1789023943876,3.643,False,unavailable,,,,,,,,,,,,,,,,,,,,,,,,,,,,,,,,,,,,,,,,,,,,,,,,,,,,,,,,,,,,,
2060102000,1789023943899643000,147,1789023943905,5.357,False,unavailable,,,,,,,,,,,,,,,,,,,,,,,,,,,,,,,,,,,,,,,,,,,,,,,,,,,,,,,,,,,,,
2100102000,1789023943939643000,150,1789023943945,5.357,False,unavailable,,,,,,,,,,,,,,,,,,,,,,,,,,,,,,,,,,,,,,,,,,,,,,,,,,,,,,,,,,,,,
2140107000,1789023943979648000,152,1789023943973,6.648,False,unavailable,,,,,,,,,,,,,,,,,,,,,,,,,,,,,,,,,,,,,,,,,,,,,,,,,,,,,,,,,,,,,
2180107000,1789023944019648000,155,1789023944015,4.648,False,unavailable,,,,,,,,,,,,,,,,,,,,,,,,,,,,,,,,,,,,,,,,,,,,,,,,,,,,,,,,,,,,,
2220111000,1789023944059652000,158,1789023944056,3.652,False,unavailable,,,,,,,,,,,,,,,,,,,,,,,,,,,,,,,,,,,,,,,,,,,,,,,,,,,,,,,,,,,,,
2280111000,1789023944119652000,163,1789023944125,5.348,False,unavailable,,,,,,,,,,,,,,,,,,,,,,,,,,,,,,,,,,,,,,,,,,,,,,,,,,,,,,,,,,,,,
2300111000,1789023944139652000,164,1789023944139,0.652,False,unavailable,,,,,,,,,,,,,,,,,,,,,,,,,,,,,,,,,,,,,,,,,,,,,,,,,,,,,,,,,,,,,
2340116000,1789023944179657000,167,1789023944181,1.343,False,unavailable,,,,,,,,,,,,,,,,,,,,,,,,,,,,,,,,,,,,,,,,,,,,,,,,,,,,,,,,,,,,,
2360116000,1789023944199657000,168,1789023944195,4.657,False,unavailable,,,,,,,,,,,,,,,,,,,,,,,,,,,,,,,,,,,,,,,,,,,,,,,,,,,,,,,,,,,,,
2420120000,1789023944259661000,173,1789023944266,6.339,False,unavailable,,,,,,,,,,,,,,,,,,,,,,,,,,,,,,,,,,,,,,,,,,,,,,,,,,,,,,,,,,,,,
2460121000,1789023944299662000,176,1789023944306,6.338,False,unavailable,,,,,,,,,,,,,,,,,,,,,,,,,,,,,,,,,,,,,,,,,,,,,,,,,,,,,,,,,,,,,
2500125000,1789023944339666000,178,1789023944333,6.666,False,unavailable,,,,,,,,,,,,,,,,,,,,,,,,,,,,,,,,,,,,,,,,,,,,,,,,,,,,,,,,,,,,,
2520125000,1789023944359666000,180,1789023944361,1.334,False,unavailable,,,,,,,,,,,,,,,,,,,,,,,,,,,,,,,,,,,,,,,,,,,,,,,,,,,,,,,,,,,,,
2560125000,1789023944399666000,183,1789023944403,3.334,False,unavailable,,,,,,,,,,,,,,,,,,,,,,,,,,,,,,,,,,,,,,,,,,,,,,,,,,,,,,,,,,,,,
2600130000,1789023944439671000,186,1789023944445,5.329,False,unavailable,,,,,,,,,,,,,,,,,,,,,,,,,,,,,,,,,,,,,,,,,,,,,,,,,,,,,,,,,,,,,
2640130000,1789023944479671000,188,1789023944474,5.671,False,unavailable,,,,,,,,,,,,,,,,,,,,,,,,,,,,,,,,,,,,,,,,,,,,,,,,,,,,,,,,,,,,,
2660130000,1789023944499671000,190,1789023944501,1.329,False,unavailable,,,,,,,,,,,,,,,,,,,,,,,,,,,,,,,,,,,,,,,,,,,,,,,,,,,,,,,,,,,,,
2700134000,1789023944539675000,193,1789023944542,2.325,False,unavailable,,,,,,,,,,,,,,,,,,,,,,,,,,,,,,,,,,,,,,,,,,,,,,,,,,,,,,,,,,,,,
2740134000,1789023944579675000,196,1789023944584,4.325,False,unavailable,,,,,,,,,,,,,,,,,,,,,,,,,,,,,,,,,,,,,,,,,,,,,,,,,,,,,,,,,,,,,
2780134000,1789023944619675000,199,1789023944627,7.325,False,unavailable,,,,,,,,,,,,,,,,,,,,,,,,,,,,,,,,,,,,,,,,,,,,,,,,,,,,,,,,,,,,,
2820139000,1789023944659680000,202,1789023944666,6.32,False,unavailable,,,,,,,,,,,,,,,,,,,,,,,,,,,,,,,,,,,,,,,,,,,,,,,,,,,,,,,,,,,,,
2860139000,1789023944699680000,204,1789023944694,5.68,False,unavailable,,,,,,,,,,,,,,,,,,,,,,,,,,,,,,,,,,,,,,,,,,,,,,,,,,,,,,,,,,,,,
2920144000,1789023944759685000,209,1789023944764,4.315,False,unavailable,,,,,,,,,,,,,,,,,,,,,,,,,,,,,,,,,,,,,,,,,,,,,,,,,,,,,,,,,,,,,
2960144000,1789023944799685000,212,1789023944805,5.315,False,unavailable,,,,,,,,,,,,,,,,,,,,,,,,,,,,,,,,,,,,,,,,,,,,,,,,,,,,,,,,,,,,,
2980148000,1789023944819689000,213,1789023944820,0.311,False,unavailable,,,,,,,,,,,,,,,,,,,,,,,,,,,,,,,,,,,,,,,,,,,,,,,,,,,,,,,,,,,,,
3020148000,1789023944859689000,,,,True,visual_video_estimate,,,,,,,,,,,,,,,,,,10,,,25,,,15,,,30,,,75,,,35,,,35,,,80,,,40,,,35,,,80,,,40,,,40,,,80,,,40,
3060148000,1789023944899689000,,,,True,visual_video_estimate,,,,,,,,,,,,,,,,,,10,,,25,,,15,,,30,,,75,,,35,,,35,,,80,,,40,,,35,,,80,,,40,,,40,,,80,,,40,
3100153000,1789023944939694000,,,,True,visual_video_estimate,,,,,,,,,,,,,,,,,,10,,,25,,,15,,,30,,,75,,,35,,,35,,,80,,,40,,,35,,,80,,,40,,,40,,,80,,,40,
3140153000,1789023944979694000,,,,True,visual_video_estimate,,,,,,,,,,,,,,,,,,10,,,25,,,15,,,30,,,75,,,35,,,35,,,80,,,40,,,35,,,80,,,40,,,40,,,80,,,40,
3160153000,1789023944999694000,,,,True,visual_video_estimate,,,,,,,,,,,,,,,,,,10,,,25,,,15,,,30,,,75,,,35,,,35,,,80,,,40,,,35,,,80,,,40,,,40,,,80,,,40,
3180157000,1789023945019698000,,,,True,visual_video_estimate,,,,,,,,,,,,,,,,,,10,,,25,,,15,,,30,,,75,,,35,,,35,,,80,,,40,,,35,,,80,,,40,,,40,,,80,,,40,
3240158000,1789023945079699000,,,,True,visual_video_estimate,,,,,,,,,,,,,,,,,,10,,,25,,,15,,,30,,,75,,,35,,,35,,,80,,,40,,,35,,,80,,,40,,,40,,,80,,,40,
3280162000,1789023945119703000,,,,True,visual_video_estimate,,,,,,,,,,,,,,,,,,10,,,25,,,15,,,30,,,75,,,35,,,35,,,80,,,40,,,35,,,80,,,40,,,40,,,80,,,40,
3300162000,1789023945139703000,,,,True,visual_video_estimate,,,,,,,,,,,,,,,,,,10,,,25,,,15,,,30,,,75,,,35,,,35,,,80,,,40,,,35,,,80,,,40,,,40,,,80,,,40,
3340162000,1789023945179703000,,,,True,visual_video_estimate,,,,,,,,,,,,,,,,,,10,,,25,,,15,,,30,,,75,,,35,,,35,,,80,,,40,,,35,,,80,,,40,,,40,,,80,,,40,
3360167000,1789023945199708000,,,,True,visual_video_estimate,,,,,,,,,,,,,,,,,,10,,,25,,,15,,,30,,,75,,,35,,,35,,,80,,,40,,,35,,,80,,,40,,,40,,,80,,,40,
3420167000,1789023945259708000,,,,True,visual_video_estimate,,,,,,,,,,,,,,,,,,10,,,25,,,15,,,30,,,75,,,35,,,35,,,80,,,40,,,35,,,80,,,40,,,40,,,80,,,40,
3460171000,1789023945299712000,,,,True,visual_video_estimate,,,,,,,,,,,,,,,,,,10,,,25,,,15,,,30,,,75,,,35,,,35,,,80,,,40,,,35,,,80,,,40,,,40,,,80,,,40,
3500171000,1789023945339712000,,,,True,visual_video_estimate,,,,,,,,,,,,,,,,,,10,,,25,,,15,,,30,,,75,,,35,,,35,,,80,,,40,,,35,,,80,,,40,,,40,,,80,,,40,
3540171000,1789023945379712000,,,,True,visual_video_estimate,,,,,,,,,,,,,,,,,,10,,,25,,,15,,,30,,,75,,,35,,,35,,,80,,,40,,,35,,,80,,,40,,,40,,,80,,,40,
3580176000,1789023945419717000,,,,True,visual_video_estimate,,,,,,,,,,,,,,,,,,10,,,25,,,15,,,30,,,75,,,35,,,35,,,80,,,40,,,35,,,80,,,40,,,40,,,80,,,40,
3600176000,1789023945439717000,,,,True,visual_video_estimate,,,,,,,,,,,,,,,,,,10,,,25,,,15,,,30,,,75,,,35,,,35,,,80,,,40,,,35,,,80,,,40,,,40,,,80,,,40,
3640180000,1789023945479721000,,,,True,visual_video_estimate,,,,,,,,,,,,,,,,,,10,,,25,,,15,,,30,,,75,,,35,,,35,,,80,,,40,,,35,,,80,,,40,,,40,,,80,,,40,
3680181000,1789023945519722000,,,,True,visual_video_estimate,,,,,,,,,,,,,,,,,,10,,,25,,,15,,,30,,,75,,,35,,,35,,,80,,,40,,,35,,,80,,,40,,,40,,,80,,,40,
3740185000,1789023945579726000,,,,True,visual_video_estimate,,,,,,,,,,,,,,,,,,10,,,25,,,15,,,30,,,75,,,35,,,35,,,80,,,40,,,35,,,80,,,40,,,40,,,80,,,40,
3780185000,1789023945619726000,,,,True,visual_video_estimate,,,,,,,,,,,,,,,,,,10,,,25,,,15,,,30,,,75,,,35,,,35,,,80,,,40,,,35,,,80,,,40,,,40,,,80,,,40,
3820185000,1789023945659726000,,,,True,visual_video_estimate,,,,,,,,,,,,,,,,,,10,,,25,,,15,,,30,,,75,,,35,,,35,,,80,,,40,,,35,,,80,,,40,,,40,,,80,,,40,
3840190000,1789023945679731000,,,,True,visual_video_estimate,,,,,,,,,,,,,,,,,,10,,,25,,,15,,,30,,,75,,,35,,,35,,,80,,,40,,,35,,,80,,,40,,,40,,,80,,,40,
3860190000,1789023945699731000,,,,True,visual_video_estimate,,,,,,,,,,,,,,,,,,10,,,25,,,15,,,30,,,75,,,35,,,35,,,80,,,40,,,35,,,80,,,40,,,40,,,80,,,40,
3900190000,1789023945739731000,,,,True,visual_video_estimate,,,,,,,,,,,,,,,,,,10,,,25,,,15,,,30,,,75,,,35,,,35,,,80,,,40,,,35,,,80,,,40,,,40,,,80,,,40,
3960194000,1789023945799735000,,,,True,visual_video_estimate,,,,,,,,,,,,,,,,,,10,,,25,,,15,,,30,,,75,,,35,,,35,,,80,,,40,,,35,,,80,,,40,,,40,,,80,,,40,
4000195000,1789023945839736000,,,,True,visual_video_estimate,,,,,,,,,,,,,,,,,,10,,,25,,,15,,,30,,,75,,,35,,,35,,,80,,,40,,,35,,,80,,,40,,,40,,,80,,,40,
4020199000,1789023945859740000,,,,True,visual_video_estimate,,,,,,,,,,,,,,,,,,10,,,25,,,15,,,30,,,75,,,35,,,35,,,80,,,40,,,35,,,80,,,40,,,40,,,80,,,40,
4060199000,1789023945899740000,,,,True,visual_video_estimate,,,,,,,,,,,,,,,,,,10,,,25,,,15,,,30,,,75,,,35,,,35,,,80,,,40,,,35,,,80,,,40,,,40,,,80,,,40,
4080199000,1789023945919740000,,,,True,visual_video_estimate,,,,,,,,,,,,,,,,,,10,,,25,,,15,,,30,,,75,,,35,,,35,,,80,,,40,,,35,,,80,,,40,,,40,,,80,,,40,
4140204000,1789023945979745000,,,,True,visual_video_estimate,,,,,,,,,,,,,,,,,,10,,,25,,,15,,,30,,,75,,,35,,,35,,,80,,,40,,,35,,,80,,,40,,,40,,,80,,,40,
4180204000,1789023946019745000,,,,True,visual_video_estimate,,,,,,,,,,,,,,,,,,10,,,25,,,15,,,30,,,75,,,35,,,35,,,80,,,40,,,35,,,80,,,40,,,40,,,80,,,40,
4220208000,1789023946059749000,,,,True,visual_video_estimate,,,,,,,,,,,,,,,,,,10,,,25,,,15,,,30,,,75,,,35,,,35,,,80,,,40,,,35,,,80,,,40,,,40,,,80,,,40,
4280208000,1789023946119749000,,,,True,visual_video_estimate,,,,,,,,,,,,,,,,,,10,,,25,,,15,,,30,,,75,,,35,,,35,,,80,,,40,,,35,,,80,,,40,,,40,,,80,,,40,
4320213000,1789023946159754000,,,,True,visual_video_estimate,,,,,,,,,,,,,,,,,,10,,,25,,,15,,,30,,,75,,,35,,,35,,,80,,,40,,,35,,,80,,,40,,,40,,,80,,,40,
4340213000,1789023946179754000,,,,True,visual_video_estimate,,,,,,,,,,,,,,,,,,10,,,25,,,15,,,30,,,75,,,35,,,35,,,80,,,40,,,35,,,80,,,40,,,40,,,80,,,40,
4360213000,1789023946199754000,,,,True,visual_video_estimate,,,,,,,,,,,,,,,,,,10,,,25,,,15,,,30,,,75,,,35,,,35,,,80,,,40,,,35,,,80,,,40,,,40,,,80,,,40,
4400217000,1789023946239758000,,,,True,visual_video_estimate,,,,,,,,,,,,,,,,,,10,,,25,,,15,,,30,,,75,,,35,,,35,,,80,,,40,,,35,,,80,,,40,,,40,,,80,,,40,
4440218000,1789023946279759000,,,,True,visual_video_estimate,,,,,,,,,,,,,,,,,,10,,,25,,,15,,,30,,,75,,,35,,,35,,,80,,,40,,,35,,,80,,,40,,,40,,,80,,,40,
4460218000,1789023946299759000,,,,True,visual_video_estimate,,,,,,,,,,,,,,,,,,10,,,25,,,15,,,30,,,75,,,35,,,35,,,80,,,40,,,35,,,80,,,40,,,40,,,80,,,40,
4520222000,1789023946359763000,,,,True,visual_video_estimate,,,,,,,,,,,,,,,,,,10,,,25,,,15,,,30,,,75,,,35,,,35,,,80,,,40,,,35,,,80,,,40,,,40,,,80,,,40,
4540222000,1789023946379763000,,,,True,visual_video_estimate,,,,,,,,,,,,,,,,,,10,,,25,,,15,,,30,,,75,,,35,,,35,,,80,,,40,,,35,,,80,,,40,,,40,,,80,,,40,
4600227000,1789023946439768000,,,,True,visual_video_estimate,,,,,,,,,,,,,,,,,,10,,,25,,,15,,,30,,,75,,,35,,,35,,,80,,,40,,,35,,,80,,,40,,,40,,,80,,,40,
4640227000,1789023946479768000,,,,True,visual_video_estimate,,,,,,,,,,,,,,,,,,10,,,25,,,15,,,30,,,75,,,35,,,35,,,80,,,40,,,35,,,80,,,40,,,40,,,80,,,40,
4680227000,1789023946519768000,,,,True,visual_video_estimate,,,,,,,,,,,,,,,,,,10,,,25,,,15,,,30,,,75,,,35,,,35,,,80,,,40,,,35,,,80,,,40,,,40,,,80,,,40,
4700231000,1789023946539772000,,,,True,visual_video_estimate,,,,,,,,,,,,,,,,,,10,,,25,,,15,,,30,,,75,,,35,,,35,,,80,,,40,,,35,,,80,,,40,,,40,,,80,,,40,
4740232000,1789023946579773000,,,,True,visual_video_estimate,,,,,,,,,,,,,,,,,,10,,,25,,,15,,,30,,,75,,,35,,,35,,,80,,,40,,,35,,,80,,,40,,,40,,,80,,,40,
4780236000,1789023946619777000,,,,True,visual_video_estimate,,,,,,,,,,,,,,,,,,10,,,25,,,15,,,30,,,75,,,35,,,35,,,80,,,40,,,35,,,80,,,40,,,40,,,80,,,40,
4820236000,1789023946659777000,,,,True,visual_video_estimate,,,,,,,,,,,,,,,,,,10,,,25,,,15,,,30,,,75,,,35,,,35,,,80,,,40,,,35,,,80,,,40,,,40,,,80,,,40,
4840236000,1789023946679777000,,,,True,visual_video_estimate,,,,,,,,,,,,,,,,,,10,,,25,,,15,,,30,,,75,,,35,,,35,,,80,,,40,,,35,,,80,,,40,,,40,,,80,,,40,
4880241000,1789023946719782000,,,,True,visual_video_estimate,,,,,,,,,,,,,,,,,,10,,,25,,,15,,,30,,,75,,,35,,,35,,,80,,,40,,,35,,,80,,,40,,,40,,,80,,,40,
4920241000,1789023946759782000,,,,True,visual_video_estimate,,,,,,,,,,,,,,,,,,10,,,25,,,15,,,30,,,75,,,35,,,35,,,80,,,40,,,35,,,80,,,40,,,40,,,80,,,40,
4960241000,1789023946799782000,,,,True,visual_video_estimate,,,,,,,,,,,,,,,,,,10,,,25,,,15,,,30,,,75,,,35,,,35,,,80,,,40,,,35,,,80,,,40,,,40,,,80,,,40,
5000245000,1789023946839786000,,,,True,visual_video_estimate,,,,,,,,,,,,,,,,,,10,,,25,,,15,,,30,,,75,,,35,,,35,,,80,,,40,,,35,,,80,,,40,,,40,,,80,,,40,
5020245000,1789023946859786000,,,,True,visual_video_estimate,,,,,,,,,,,,,,,,,,10,,,25,,,15,,,30,,,75,,,35,,,35,,,80,,,40,,,35,,,80,,,40,,,40,,,80,,,40,
5060245000,1789023946899786000,,,,True,visual_video_estimate,,,,,,,,,,,,,,,,,,10,,,25,,,15,,,30,,,75,,,35,,,35,,,80,,,40,,,35,,,80,,,40,,,40,,,80,,,40,
5100250000,1789023946939791000,,,,True,visual_video_estimate,,,,,,,,,,,,,,,,,,10,,,25,,,15,,,30,,,75,,,35,,,35,,,80,,,40,,,35,,,80,,,40,,,40,,,80,,,40,
5140250000,1789023946979791000,,,,True,visual_video_estimate,,,,,,,,,,,,,,,,,,10,,,25,,,15,,,30,,,75,,,35,,,35,,,80,,,40,,,35,,,80,,,40,,,40,,,80,,,40,
5180255000,1789023947019796000,,,,True,visual_video_estimate,,,,,,,,,,,,,,,,,,10,,,25,,,15,,,30,,,75,,,35,,,35,,,80,,,40,,,35,,,80,,,40,,,40,,,80,,,40,
5200255000,1789023947039796000,,,,True,visual_video_estimate,,,,,,,,,,,,,,,,,,10,,,25,,,15,,,30,,,75,,,35,,,35,,,80,,,40,,,35,,,80,,,40,,,40,,,80,,,40,
5240255000,1789023947079796000,,,,True,visual_video_estimate,,,,,,,,,,,,,,,,,,10,,,25,,,15,,,30,,,75,,,35,,,35,,,80,,,40,,,35,,,80,,,40,,,40,,,80,,,40,
5280259000,1789023947119800000,,,,True,visual_video_estimate,,,,,,,,,,,,,,,,,,10,,,25,,,15,,,30,,,75,,,35,,,35,,,80,,,40,,,35,,,80,,,40,,,40,,,80,,,40,
5320259000,1789023947159800000,,,,True,visual_video_estimate,,,,,,,,,,,,,,,,,,10,,,25,,,15,,,30,,,75,,,35,,,35,,,80,,,40,,,35,,,80,,,40,,,40,,,80,,,40,
5360264000,1789023947199805000,,,,True,visual_video_estimate,,,,,,,,,,,,,,,,,,10,,,25,,,15,,,30,,,75,,,35,,,35,,,80,,,40,,,35,,,80,,,40,,,40,,,80,,,40,
5380264000,1789023947219805000,,,,True,visual_video_estimate,,,,,,,,,,,,,,,,,,10,,,25,,,15,,,30,,,75,,,35,,,35,,,80,,,40,,,35,,,80,,,40,,,40,,,80,,,40,
5440264000,1789023947279805000,,,,True,visual_video_estimate,,,,,,,,,,,,,,,,,,10,,,25,,,15,,,30,,,75,,,35,,,35,,,80,,,40,,,35,,,80,,,40,,,40,,,80,,,40,
5460268000,1789023947299809000,,,,True,visual_video_estimate,,,,,,,,,,,,,,,,,,10,,,25,,,15,,,30,,,75,,,35,,,35,,,80,,,40,,,35,,,80,,,40,,,40,,,80,,,40,
5500269000,1789023947339810000,,,,True,visual_video_estimate,,,,,,,,,,,,,,,,,,10,,,25,,,15,,,30,,,75,,,35,,,35,,,80,,,40,,,35,,,80,,,40,,,40,,,80,,,40,
5540273000,1789023947379814000,,,,True,visual_video_estimate,,,,,,,,,,,,,,,,,,10,,,25,,,15,,,30,,,75,,,35,,,35,,,80,,,40,,,35,,,80,,,40,,,40,,,80,,,40,
5600273000,1789023947439814000,,,,True,visual_video_estimate,,,,,,,,,,,,,,,,,,10,,,25,,,15,,,30,,,75,,,35,,,35,,,80,,,40,,,35,,,80,,,40,,,40,,,80,,,40,
5640278000,1789023947479819000,,,,True,visual_video_estimate,,,,,,,,,,,,,,,,,,10,,,25,,,15,,,30,,,75,,,35,,,35,,,80,,,40,,,35,,,80,,,40,,,40,,,80,,,40,
5680278000,1789023947519819000,,,,True,visual_video_estimate,,,,,,,,,,,,,,,,,,10,,,25,,,15,,,30,,,75,,,35,,,35,,,80,,,40,,,35,,,80,,,40,,,40,,,80,,,40,
5700278000,1789023947539819000,,,,True,visual_video_estimate,,,,,,,,,,,,,,,,,,10,,,25,,,15,,,30,,,75,,,35,,,35,,,80,,,40,,,35,,,80,,,40,,,40,,,80,,,40,
5740282000,1789023947579823000,,,,True,visual_video_estimate,,,,,,,,,,,,,,,,,,10,,,25,,,15,,,30,,,75,,,35,,,35,,,80,,,40,,,35,,,80,,,40,,,40,,,80,,,40,
5780282000,1789023947619823000,,,,True,visual_video_estimate,,,,,,,,,,,,,,,,,,10,,,25,,,15,,,30,,,75,,,35,,,35,,,80,,,40,,,35,,,80,,,40,,,40,,,80,,,40,
5820282000,1789023947659823000,,,,True,visual_video_estimate,,,,,,,,,,,,,,,,,,10,,,25,,,15,,,30,,,75,,,35,,,35,,,80,,,40,,,35,,,80,,,40,,,40,,,80,,,40,
5840287000,1789023947679828000,,,,True,visual_video_estimate,,,,,,,,,,,,,,,,,,10,,,25,,,15,,,30,,,75,,,35,,,35,,,80,,,40,,,35,,,80,,,40,,,40,,,80,,,40,
5880287000,1789023947719828000,,,,True,visual_video_estimate,,,,,,,,,,,,,,,,,,10,,,25,,,15,,,30,,,75,,,35,,,35,,,80,,,40,,,35,,,80,,,40,,,40,,,80,,,40,
5920291000,1789023947759832000,,,,True,visual_video_estimate,,,,,,,,,,,,,,,,,,10,,,25,,,15,,,30,,,75,,,35,,,35,,,80,,,40,,,35,,,80,,,40,,,40,,,80,,,40,
5960292000,1789023947799833000,,,,True,visual_video_estimate,,,,,,,,,,,,,,,,,,10,,,25,,,15,,,30,,,75,,,35,,,35,,,80,,,40,,,35,,,80,,,40,,,40,,,80,,,40,
6000292000,1789023947839833000,,,,True,visual_video_estimate,,,,,,,,,,,,,,,,,,10,,,25,,,15,,,30,,,75,,,35,,,35,,,80,,,40,,,35,,,80,,,40,,,40,,,80,,,40,
6020296000,1789023947859837000,,,,True,visual_video_estimate,,,,,,,,,,,,,,,,,,10,,,25,,,15,,,30,,,75,,,35,,,35,,,80,,,40,,,35,,,80,,,40,,,40,,,80,,,40,
6060296000,1789023947899837000,,,,True,visual_video_estimate,,,,,,,,,,,,,,,,,,10,,,25,,,15,,,30,,,75,,,35,,,35,,,80,,,40,,,35,,,80,,,40,,,40,,,80,,,40,
6140301000,1789023947979842000,,,,True,visual_video_estimate,,,,,,,,,,,,,,,,,,10,,,25,,,15,,,30,,,75,,,35,,,35,,,80,,,40,,,35,,,80,,,40,,,40,,,80,,,40,
6160301000,1789023947999842000,,,,True,visual_video_estimate,,,,,,,,,,,,,,,,,,10,,,25,,,15,,,30,,,75,,,35,,,35,,,80,,,40,,,35,,,80,,,40,,,40,,,80,,,40,
6180301000,1789023948019842000,,,,True,visual_video_estimate,,,,,,,,,,,,,,,,,,10,,,25,,,15,,,30,,,75,,,35,,,35,,,80,,,40,,,35,,,80,,,40,,,40,,,80,,,40,
6240305000,1789023948079846000,,,,True,visual_video_estimate,,,,,,,,,,,,,,,,,,10,,,25,,,15,,,30,,,75,,,35,,,35,,,80,,,40,,,35,,,80,,,40,,,40,,,80,,,40,
6280306000,1789023948119847000,,,,True,visual_video_estimate,,,,,,,,,,,,,,,,,,10,,,25,,,15,,,30,,,75,,,35,,,35,,,80,,,40,,,35,,,80,,,40,,,40,,,80,,,40,
6300310000,1789023948139851000,,,,True,visual_video_estimate,,,,,,,,,,,,,,,,,,10,,,25,,,15,,,30,,,75,,,35,,,35,,,80,,,40,,,35,,,80,,,40,,,40,,,80,,,40,
6320310000,1789023948159851000,,,,True,visual_video_estimate,,,,,,,,,,,,,,,,,,10,,,25,,,15,,,30,,,75,,,35,,,35,,,80,,,40,,,35,,,80,,,40,,,40,,,80,,,40,
6360310000,1789023948199851000,,,,True,visual_video_estimate,,,,,,,,,,,,,,,,,,10,,,25,,,15,,,30,,,75,,,35,,,35,,,80,,,40,,,35,,,80,,,40,,,40,,,80,,,40,
6400315000,1789023948239856000,,,,True,visual_video_estimate,,,,,,,,,,,,,,,,,,10,,,25,,,15,,,30,,,75,,,35,,,35,,,80,,,40,,,35,,,80,,,40,,,40,,,80,,,40,
6460315000,1789023948299856000,,,,True,visual_video_estimate,,,,,,,,,,,,,,,,,,10,,,25,,,15,,,30,,,75,,,35,,,35,,,80,,,40,,,35,,,80,,,40,,,40,,,80,,,40,
6480315000,1789023948319856000,,,,True,visual_video_estimate,,,,,,,,,,,,,,,,,,10,,,25,,,15,,,30,,,75,,,35,,,35,,,80,,,40,,,35,,,80,,,40,,,40,,,80,,,40,
6500319000,1789023948339860000,,,,True,visual_video_estimate,,,,,,,,,,,,,,,,,,10,,,25,,,15,,,30,,,75,,,35,,,35,,,80,,,40,,,35,,,80,,,40,,,40,,,80,,,40,
6540319000,1789023948379860000,,,,True,visual_video_estimate,,,,,,,,,,,,,,,,,,10,,,25,,,15,,,30,,,75,,,35,,,35,,,80,,,40,,,35,,,80,,,40,,,40,,,80,,,40,
6560319000,1789023948399860000,,,,True,visual_video_estimate,,,,,,,,,,,,,,,,,,10,,,25,,,15,,,30,,,75,,,35,,,35,,,80,,,40,,,35,,,80,,,40,,,40,,,80,,,40,
6580319000,1789023948419860000,,,,True,visual_video_estimate,,,,,,,,,,,,,,,,,,10,,,25,,,15,,,30,,,75,,,35,,,35,,,80,,,40,,,35,,,80,,,40,,,40,,,80,,,40,
6640324000,1789023948479865000,,,,True,visual_video_estimate,,,,,,,,,,,,,,,,,,10,,,25,,,15,,,30,,,75,,,35,,,35,,,80,,,40,,,35,,,80,,,40,,,40,,,80,,,40,
6680329000,1789023948519870000,,,,True,visual_video_estimate,,,,,,,,,,,,,,,,,,10,,,25,,,15,,,30,,,75,,,35,,,35,,,80,,,40,,,35,,,80,,,40,,,40,,,80,,,40,
6720329000,1789023948559870000,,,,True,visual_video_estimate,,,,,,,,,,,,,,,,,,10,,,25,,,15,,,30,,,75,,,35,,,35,,,80,,,40,,,35,,,80,,,40,,,40,,,80,,,40,
6740329000,1789023948579870000,,,,True,visual_video_estimate,,,,,,,,,,,,,,,,,,10,,,25,,,15,,,30,,,75,,,35,,,35,,,80,,,40,,,35,,,80,,,40,,,40,,,80,,,40,
6780333000,1789023948619874000,,,,True,visual_video_estimate,,,,,,,,,,,,,,,,,,10,,,25,,,15,,,30,,,75,,,35,,,35,,,80,,,40,,,35,,,80,,,40,,,40,,,80,,,40,
6820333000,1789023948659874000,,,,True,visual_video_estimate,,,,,,,,,,,,,,,,,,10,,,25,,,15,,,30,,,75,,,35,,,35,,,80,,,40,,,35,,,80,,,40,,,40,,,80,,,40,
6860333000,1789023948699874000,,,,True,visual_video_estimate,,,,,,,,,,,,,,,,,,10,,,25,,,15,,,30,,,75,,,35,,,35,,,80,,,40,,,35,,,80,,,40,,,40,,,80,,,40,
6920338000,1789023948759879000,,,,True,visual_video_estimate,,,,,,,,,,,,,,,,,,10,,,25,,,15,,,30,,,75,,,35,,,35,,,80,,,40,,,35,,,80,,,40,,,40,,,80,,,40,
6960338000,1789023948799879000,,,,True,visual_video_estimate,,,,,,,,,,,,,,,,,,10,,,25,,,15,,,30,,,75,,,35,,,35,,,80,,,40,,,35,,,80,,,40,,,40,,,80,,,40,
7000342000,1789023948839883000,502,1789023948833,6.883,False,unavailable,,,,,,,,,,,,,,,,,,,,,,,,,,,,,,,,,,,,,,,,,,,,,,,,,,,,,,,,,,,,,
7020343000,1789023948859884000,504,1789023948863,3.116,False,unavailable,,,,,,,,,,,,,,,,,,,,,,,,,,,,,,,,,,,,,,,,,,,,,,,,,,,,,,,,,,,,,
7040343000,1789023948879884000,505,1789023948874,5.884,False,unavailable,,,,,,,,,,,,,,,,,,,,,,,,,,,,,,,,,,,,,,,,,,,,,,,,,,,,,,,,,,,,,
7080347000,1789023948919888000,508,1789023948916,3.888,False,unavailable,,,,,,,,,,,,,,,,,,,,,,,,,,,,,,,,,,,,,,,,,,,,,,,,,,,,,,,,,,,,,
7140347000,1789023948979888000,513,1789023948987,7.112,False,unavailable,,,,,,,,,,,,,,,,,,,,,,,,,,,,,,,,,,,,,,,,,,,,,,,,,,,,,,,,,,,,,
7180352000,1789023949019893000,515,1789023949015,4.893,False,unavailable,,,,,,,,,,,,,,,,,,,,,,,,,,,,,,,,,,,,,,,,,,,,,,,,,,,,,,,,,,,,,
7200352000,1789023949039893000,517,1789023949042,2.107,False,unavailable,,,,,,,,,,,,,,,,,,,,,,,,,,,,,,,,,,,,,,,,,,,,,,,,,,,,,,,,,,,,,
7220352000,1789023949059893000,518,1789023949056,3.893,False,unavailable,,,,,,,,,,,,,,,,,,,,,,,,,,,,,,,,,,,,,,,,,,,,,,,,,,,,,,,,,,,,,
7280356000,1789023949119897000,523,1789023949125,5.103,False,unavailable,,,,,,,,,,,,,,,,,,,,,,,,,,,,,,,,,,,,,,,,,,,,,,,,,,,,,,,,,,,,,
7320356000,1789023949159897000,525,1789023949153,6.897,False,unavailable,,,,,,,,,,,,,,,,,,,,,,,,,,,,,,,,,,,,,,,,,,,,,,,,,,,,,,,,,,,,,
7340356000,1789023949179897000,527,1789023949182,2.103,False,unavailable,,,,,,,,,,,,,,,,,,,,,,,,,,,,,,,,,,,,,,,,,,,,,,,,,,,,,,,,,,,,,
7380361000,1789023949219902000,530,1789023949224,4.098,False,unavailable,,,,,,,,,,,,,,,,,,,,,,,,,,,,,,,,,,,,,,,,,,,,,,,,,,,,,,,,,,,,,
7420361000,1789023949259902000,533,1789023949265,5.098,False,unavailable,,,,,,,,,,,,,,,,,,,,,,,,,,,,,,,,,,,,,,,,,,,,,,,,,,,,,,,,,,,,,
7460366000,1789023949299907000,535,1789023949293,6.907,False,unavailable,,,,,,,,,,,,,,,,,,,,,,,,,,,,,,,,,,,,,,,,,,,,,,,,,,,,,,,,,,,,,
7480366000,1789023949319907000,537,1789023949320,0.093,False,unavailable,,,,,,,,,,,,,,,,,,,,,,,,,,,,,,,,,,,,,,,,,,,,,,,,,,,,,,,,,,,,,
7500366000,1789023949339907000,538,1789023949334,5.907,False,unavailable,,,,,,,,,,,,,,,,,,,,,,,,,,,,,,,,,,,,,,,,,,,,,,,,,,,,,,,,,,,,,
7560370000,1789023949399911000,543,1789023949402,2.089,False,unavailable,,,,,,,,,,,,,,,,,,,,,,,,,,,,,,,,,,,,,,,,,,,,,,,,,,,,,,,,,,,,,
7600370000,1789023949439911000,546,1789023949444,4.089,False,unavailable,,,,,,,,,,,,,,,,,,,,,,,,,,,,,,,,,,,,,,,,,,,,,,,,,,,,,,,,,,,,,
7640375000,1789023949479916000,549,1789023949486,6.084,False,unavailable,,,,,,,,,,,,,,,,,,,,,,,,,,,,,,,,,,,,,,,,,,,,,,,,,,,,,,,,,,,,,
7680375000,1789023949519916000,551,1789023949514,5.916,False,unavailable,,,,,,,,,,,,,,,,,,,,,,,,,,,,,,,,,,,,,,,,,,,,,,,,,,,,,,,,,,,,,
7700375000,1789023949539916000,553,1789023949543,3.084,False,unavailable,,,,,,,,,,,,,,,,,,,,,,,,,,,,,,,,,,,,,,,,,,,,,,,,,,,,,,,,,,,,,
7740379000,1789023949579920000,556,1789023949584,4.08,False,unavailable,,,,,,,,,,,,,,,,,,,,,,,,,,,,,,,,,,,,,,,,,,,,,,,,,,,,,,,,,,,,,
7780379000,1789023949619920000,559,1789023949627,7.08,False,unavailable,,,,,,,,,,,,,,,,,,,,,,,,,,,,,,,,,,,,,,,,,,,,,,,,,,,,,,,,,,,,,
7820384000,1789023949659925000,562,1789023949666,6.075,False,unavailable,,,,,,,,,,,,,,,,,,,,,,,,,,,,,,,,,,,,,,,,,,,,,,,,,,,,,,,,,,,,,
7860384000,1789023949699925000,564,1789023949694,5.925,False,unavailable,,,,,,,,,,,,,,,,,,,,,,,,,,,,,,,,,,,,,,,,,,,,,,,,,,,,,,,,,,,,,
7920389000,1789023949759930000,569,1789023949764,4.07,False,unavailable,,,,,,,,,,,,,,,,,,,,,,,,,,,,,,,,,,,,,,,,,,,,,,,,,,,,,,,,,,,,,
7960389000,1789023949799930000,572,1789023949806,6.07,False,unavailable,,,,,,,,,,,,,,,,,,,,,,,,,,,,,,,,,,,,,,,,,,,,,,,,,,,,,,,,,,,,,
7980389000,1789023949819930000,573,1789023949819,0.93,False,unavailable,,,,,,,,,,,,,,,,,,,,,,,,,,,,,,,,,,,,,,,,,,,,,,,,,,,,,,,,,,,,,
8020393000,1789023949859934000,576,1789023949861,1.066,False,unavailable,,,,,,,,,,,,,,,,,,,,,,,,,,,,,,,,,,,,,,,,,,,,,,,,,,,,,,,,,,,,,
8040393000,1789023949879934000,577,1789023949875,4.934,False,unavailable,,,,,,,,,,,,,,,,,,,,,,,,,,,,,,,,,,,,,,,,,,,,,,,,,,,,,,,,,,,,,
8080393000,1789023949919934000,580,1789023949917,2.934,False,unavailable,,,,,,,,,,,,,,,,,,,,,,,,,,,,,,,,,,,,,,,,,,,,,,,,,,,,,,,,,,,,,
8140398000,1789023949979939000,584,1789023949973,6.939,False,unavailable,,,,,,,,,,,,,,,,,,,,,,,,,,,,,,,,,,,,,,,,,,,,,,,,,,,,,,,,,,,,,
8160398000,1789023949999939000,586,1789023950001,1.061,False,unavailable,,,,,,,,,,,,,,,,,,,,,,,,,,,,,,,,,,,,,,,,,,,,,,,,,,,,,,,,,,,,,
8200402000,1789023950039943000,589,1789023950042,2.057,False,unavailable,,,,,,,,,,,,,,,,,,,,,,,,,,,,,,,,,,,,,,,,,,,,,,,,,,,,,,,,,,,,,
8240403000,1789023950079944000,592,1789023950083,3.056,False,unavailable,,,,,,,,,,,,,,,,,,,,,,,,,,,,,,,,,,,,,,,,,,,,,,,,,,,,,,,,,,,,,
8280403000,1789023950119944000,595,1789023950126,6.056,False,unavailable,,,,,,,,,,,,,,,,,,,,,,,,,,,,,,,,,,,,,,,,,,,,,,,,,,,,,,,,,,,,,
8320407000,1789023950159948000,597,1789023950153,6.948,False,unavailable,,,,,,,,,,,,,,,,,,,,,,,,,,,,,,,,,,,,,,,,,,,,,,,,,,,,,,,,,,,,,
8360407000,1789023950199948000,600,1789023950195,4.948,False,unavailable,,,,,,,,,,,,,,,,,,,,,,,,,,,,,,,,,,,,,,,,,,,,,,,,,,,,,,,,,,,,,
8380407000,1789023950219948000,602,1789023950223,3.052,False,unavailable,,,,,,,,,,,,,,,,,,,,,,,,,,,,,,,,,,,,,,,,,,,,,,,,,,,,,,,,,,,,,
8420412000,1789023950259953000,605,1789023950265,5.047,False,unavailable,,,,,,,,,,,,,,,,,,,,,,,,,,,,,,,,,,,,,,,,,,,,,,,,,,,,,,,,,,,,,
8460412000,1789023950299953000,607,1789023950293,6.953,False,unavailable,,,,,,,,,,,,,,,,,,,,,,,,,,,,,,,,,,,,,,,,,,,,,,,,,,,,,,,,,,,,,
8500416000,1789023950339957000,610,1789023950333,6.957,False,unavailable,,,,,,,,,,,,,,,,,,,,,,,,,,,,,,,,,,,,,,,,,,,,,,,,,,,,,,,,,,,,,
8540417000,1789023950379958000,613,1789023950375,4.958,False,unavailable,,,,,,,,,,,,,,,,,,,,,,,,,,,,,,,,,,,,,,,,,,,,,,,,,,,,,,,,,,,,,
8580421000,1789023950419962000,616,1789023950416,3.962,False,unavailable,,,,,,,,,,,,,,,,,,,,,,,,,,,,,,,,,,,,,,,,,,,,,,,,,,,,,,,,,,,,,
8620421000,1789023950459962000,619,1789023950458,1.962,False,unavailable,,,,,,,,,,,,,,,,,,,,,,,,,,,,,,,,,,,,,,,,,,,,,,,,,,,,,,,,,,,,,
8640421000,1789023950479962000,621,1789023950486,6.038,False,unavailable,,,,,,,,,,,,,,,,,,,,,,,,,,,,,,,,,,,,,,,,,,,,,,,,,,,,,,,,,,,,,
8680426000,1789023950519967000,623,1789023950514,5.967,False,unavailable,,,,,,,,,,,,,,,,,,,,,,,,,,,,,,,,,,,,,,,,,,,,,,,,,,,,,,,,,,,,,
8720426000,1789023950559967000,626,1789023950556,3.967,False,unavailable,,,,,,,,,,,,,,,,,,,,,,,,,,,,,,,,,,,,,,,,,,,,,,,,,,,,,,,,,,,,,
8780430000,1789023950619971000,631,1789023950625,5.029,False,unavailable,,,,,,,,,,,,,,,,,,,,,,,,,,,,,,,,,,,,,,,,,,,,,,,,,,,,,,,,,,,,,
8820430000,1789023950659971000,633,1789023950654,5.971,False,unavailable,,,,,,,,,,,,,,,,,,,,,,,,,,,,,,,,,,,,,,,,,,,,,,,,,,,,,,,,,,,,,
8840430000,1789023950679971000,635,1789023950682,2.029,False,unavailable,,,,,,,,,,,,,,,,,,,,,,,,,,,,,,,,,,,,,,,,,,,,,,,,,,,,,,,,,,,,,
8860430000,1789023950699971000,636,1789023950696,3.971,False,unavailable,,,,,,,,,,,,,,,,,,,,,,,,,,,,,,,,,,,,,,,,,,,,,,,,,,,,,,,,,,,,,
8920435000,1789023950759976000,641,1789023950765,5.024,False,unavailable,,,,,,,,,,,,,,,,,,,,,,,,,,,,,,,,,,,,,,,,,,,,,,,,,,,,,,,,,,,,,
8940435000,1789023950779976000,642,1789023950779,0.976,False,unavailable,,,,,,,,,,,,,,,,,,,,,,,,,,,,,,,,,,,,,,,,,,,,,,,,,,,,,,,,,,,,,
8960439000,1789023950799980000,643,1789023950793,6.98,False,unavailable,,,,,,,,,,,,,,,,,,,,,,,,,,,,,,,,,,,,,,,,,,,,,,,,,,,,,,,,,,,,,
9000440000,1789023950839981000,,,,True,visual_video_estimate,,,,,,,,,,,,,,,,,,0.004399999999993298,,,10.008799999999987,,,5.00659999999999,,,10.008799999999987,,,15.017599999999973,,,5.008799999999987,,,15.008799999999987,,,15.01979999999997,,,5.010999999999983,,,15.008799999999987,,,20.019799999999968,,,10.008799999999987,,,20.008799999999987,,,25.017599999999973,,,10.010999999999983,
9040440000,1789023950879981000,,,,True,visual_video_estimate,,,,,,,,,,,,,,,,,,0.40440000000000254,,,10.808800000000005,,,5.606600000000004,,,10.808800000000005,,,16.61760000000001,,,5.808800000000005,,,15.808800000000005,,,16.81980000000001,,,6.011000000000006,,,15.808800000000005,,,21.81980000000001,,,10.808800000000005,,,20.808800000000005,,,26.61760000000001,,,11.011000000000006,
9080444000,1789023950919985000,,,,True,visual_video_estimate,,,,,,,,,,,,,,,,,,0.8044399999999996,,,11.60888,,,6.206659999999999,,,11.60888,,,18.21776,,,6.608879999999999,,,16.60888,,,18.619979999999998,,,7.011099999999999,,,16.60888,,,23.619979999999998,,,11.60888,,,21.60888,,,28.21776,,,12.011099999999999,
9100444000,1789023950939985000,,,,True,visual_video_estimate,,,,,,,,,,,,,,,,,,1.0044399999999953,,,12.00887999999999,,,6.506659999999993,,,12.00887999999999,,,19.01775999999998,,,7.008879999999991,,,17.00887999999999,,,19.51997999999998,,,7.511099999999988,,,17.00887999999999,,,24.51997999999998,,,12.00887999999999,,,22.00887999999999,,,29.01775999999998,,,12.511099999999988,
9140444000,1789023950979985000,,,,True,visual_video_estimate,,,,,,,,,,,,,,,,,,1.4044400000000046,,,12.80888000000001,,,7.106660000000007,,,12.80888000000001,,,20.61776000000002,,,7.808880000000009,,,17.80888000000001,,,21.319980000000022,,,8.511100000000011,,,17.80888000000001,,,26.319980000000022,,,12.80888000000001,,,22.80888000000001,,,30.61776000000002,,,13.511100000000011,
9180449000,1789023951019990000,,,,True,visual_video_estimate,,,,,,,,,,,,,,,,,,1.8044899999999942,,,13.608979999999988,,,7.706734999999991,,,13.608979999999988,,,22.217959999999977,,,8.608979999999988,,,18.60897999999999,,,23.120204999999974,,,9.511224999999985,,,18.60897999999999,,,28.120204999999974,,,13.608979999999988,,,23.60897999999999,,,32.21795999999998,,,14.511224999999985,
9220449000,1789023951059990000,,,,True,visual_video_estimate,,,,,,,,,,,,,,,,,,2.2044900000000034,,,14.408980000000007,,,8.306735000000005,,,14.408980000000007,,,23.817960000000014,,,9.408980000000007,,,19.408980000000007,,,24.920205000000017,,,10.511225000000008,,,19.408980000000007,,,29.920205000000017,,,14.408980000000007,,,24.408980000000007,,,33.817960000000014,,,15.511225000000008,
9280453000,1789023951119994000,,,,True,visual_video_estimate,,,,,,,,,,,,,,,,,,2.804529999999996,,,15.609059999999992,,,9.206794999999994,,,15.609059999999992,,,26.218119999999985,,,10.609059999999992,,,20.609059999999992,,,27.620384999999985,,,12.01132499999999,,,20.609059999999992,,,32.620384999999985,,,15.609059999999992,,,25.609059999999992,,,36.218119999999985,,,17.011324999999992,
9320454000,1789023951159995000,,,,True,visual_video_estimate,,,,,,,,,,,,,,,,,,3.204539999999998,,,16.409079999999996,,,9.806809999999997,,,16.409079999999996,,,27.818159999999992,,,11.409079999999996,,,21.409079999999996,,,29.42042999999999,,,13.011349999999995,,,21.409079999999996,,,34.42042999999999,,,16.409079999999996,,,26.409079999999996,,,37.81815999999999,,,18.011349999999993,
9340458000,1789023951179999000,,,,True,visual_video_estimate,,,,,,,,,,,,,,,,,,3.4045799999999993,,,16.80916,,,10.106869999999999,,,16.80916,,,28.618319999999997,,,11.809159999999999,,,21.80916,,,30.320609999999995,,,13.511449999999998,,,21.80916,,,35.320609999999995,,,16.80916,,,26.80916,,,38.61832,,,18.511449999999996,
9360458000,1789023951199999000,,,,True,visual_video_estimate,,,,,,,,,,,,,,,,,,3.604579999999995,,,17.20915999999999,,,10.406869999999993,,,17.20915999999999,,,29.41831999999998,,,12.20915999999999,,,22.20915999999999,,,31.22060999999998,,,14.011449999999988,,,22.20915999999999,,,36.22060999999998,,,17.20915999999999,,,27.20915999999999,,,39.41831999999998,,,19.01144999999999,
9420458000,1789023951259999000,,,,True,visual_video_estimate,,,,,,,,,,,,,,,,,,4.20458,,,18.40916,,,11.30687,,,18.40916,,,31.81832,,,13.40916,,,23.40916,,,33.920609999999996,,,15.51145,,,23.40916,,,38.920609999999996,,,18.40916,,,28.40916,,,41.81832,,,20.51145,
9440463000,1789023951280004000,,,,True,visual_video_estimate,,,,,,,,,,,,,,,,,,4.404629999999994,,,18.809259999999988,,,11.60694499999999,,,18.809259999999988,,,32.618519999999975,,,13.809259999999988,,,23.809259999999988,,,34.820834999999974,,,16.011574999999986,,,23.809259999999988,,,39.820834999999974,,,18.809259999999988,,,28.809259999999988,,,42.618519999999975,,,21.011574999999986,
9460463000,1789023951300004000,,,,True,visual_video_estimate,,,,,,,,,,,,,,,,,,4.604630000000007,,,19.209260000000015,,,11.906945000000011,,,19.209260000000015,,,33.41852000000003,,,14.209260000000015,,,24.209260000000015,,,35.72083500000004,,,16.51157500000002,,,24.209260000000015,,,40.72083500000004,,,19.209260000000015,,,29.209260000000015,,,43.41852000000003,,,21.51157500000002,
9500463000,1789023951340004000,,,,True,visual_video_estimate,,,,,,,,,,,,,,,,,,5.004629999999999,,,20.009259999999998,,,12.506944999999998,,,20.009259999999998,,,35.018519999999995,,,15.009259999999998,,,25.009259999999998,,,37.52083499999999,,,17.511574999999997,,,25.009259999999998,,,42.52083499999999,,,20.009259999999998,,,30.009259999999998,,,45.018519999999995,,,22.511574999999997,
9520463000,1789023951360004000,,,,True,visual_video_estimate,,,,,,,,,,,,,,,,,,5.2046299999999945,,,20.40925999999999,,,12.806944999999992,,,20.40925999999999,,,35.81851999999998,,,15.409259999999989,,,25.40925999999999,,,38.420834999999975,,,18.011574999999986,,,25.40925999999999,,,43.420834999999975,,,20.40925999999999,,,30.40925999999999,,,45.81851999999998,,,23.011574999999986,
9560467000,1789023951400008000,,,,True,visual_video_estimate,,,,,,,,,,,,,,,,,,5.604669999999992,,,21.209339999999983,,,13.407004999999987,,,21.209339999999983,,,37.418679999999966,,,16.209339999999983,,,26.209339999999983,,,40.221014999999966,,,19.01167499999998,,,26.209339999999983,,,45.221014999999966,,,21.209339999999983,,,31.209339999999983,,,47.418679999999966,,,24.01167499999998,
9600467000,1789023951440008000,,,,True,visual_video_estimate,,,,,,,,,,,,,,,,,,6.004670000000001,,,22.00934,,,14.007005000000001,,,22.00934,,,39.01868,,,17.00934,,,27.00934,,,42.021015000000006,,,20.011675000000004,,,27.00934,,,47.021015000000006,,,22.00934,,,32.00934,,,49.01868,,,25.011675000000004,
9620467000,1789023951460008000,,,,True,visual_video_estimate,,,,,,,,,,,,,,,,,,6.204669999999997,,,22.409339999999993,,,14.307004999999995,,,22.409339999999993,,,39.818679999999986,,,17.409339999999993,,,27.409339999999993,,,42.92101499999998,,,20.51167499999999,,,27.409339999999993,,,47.92101499999998,,,22.409339999999993,,,32.40933999999999,,,49.818679999999986,,,25.51167499999999,
9660472000,1789023951500013000,,,,True,visual_video_estimate,,,,,,,,,,,,,,,,,,6.604720000000004,,,23.209440000000008,,,14.907080000000006,,,23.209440000000008,,,41.418880000000016,,,18.209440000000008,,,28.209440000000008,,,44.721240000000016,,,21.511800000000008,,,28.209440000000008,,,49.721240000000016,,,23.209440000000008,,,33.20944000000001,,,51.418880000000016,,,26.511800000000008,
9680472000,1789023951520013000,,,,True,visual_video_estimate,,,,,,,,,,,,,,,,,,6.80472,,,23.60944,,,15.20708,,,23.60944,,,42.21888,,,18.60944,,,28.60944,,,45.62124,,,22.0118,,,28.60944,,,50.62124,,,23.60944,,,33.60944,,,52.21888,,,27.0118,
9720476000,1789023951560017000,,,,True,visual_video_estimate,,,,,,,,,,,,,,,,,,7.204759999999997,,,24.409519999999993,,,15.807139999999995,,,24.409519999999993,,,43.81903999999999,,,19.409519999999993,,,29.409519999999993,,,47.42141999999998,,,23.01189999999999,,,29.409519999999993,,,52.42141999999998,,,24.409519999999993,,,34.40951999999999,,,53.81903999999999,,,28.01189999999999,
9780477000,1789023951620018000,,,,True,visual_video_estimate,,,,,,,,,,,,,,,,,,7.804769999999994,,,25.60953999999999,,,16.707154999999993,,,25.60953999999999,,,46.21907999999998,,,20.60953999999999,,,30.60953999999999,,,50.12146499999997,,,24.511924999999984,,,30.60953999999999,,,55.12146499999997,,,25.60953999999999,,,35.60953999999999,,,56.21907999999998,,,29.511924999999984,
9820481000,1789023951660022000,,,,True,visual_video_estimate,,,,,,,,,,,,,,,,,,8.204809999999991,,,26.409619999999983,,,17.307214999999985,,,26.409619999999983,,,47.819239999999965,,,21.409619999999983,,,31.409619999999983,,,51.92164499999996,,,25.51202499999998,,,31.409619999999983,,,56.92164499999996,,,26.409619999999983,,,36.40961999999998,,,57.819239999999965,,,30.51202499999998,
9860481000,1789023951700022000,,,,True,visual_video_estimate,,,,,,,,,,,,,,,,,,8.60481,,,27.20962,,,17.907215,,,27.20962,,,49.41924,,,22.20962,,,32.20962,,,53.721645,,,26.512025,,,32.20962,,,58.721645,,,27.20962,,,37.20962,,,59.41924,,,31.512025,
9880481000,1789023951720022000,,,,True,visual_video_estimate,,,,,,,,,,,,,,,,,,8.804809999999996,,,27.609619999999993,,,18.207214999999994,,,27.609619999999993,,,50.219239999999985,,,22.609619999999993,,,32.60961999999999,,,54.62164499999999,,,27.01202499999999,,,32.60961999999999,,,59.62164499999999,,,27.609619999999993,,,37.60961999999999,,,60.219239999999985,,,32.012024999999994,
9920486000,1789023951760027000,,,,True,visual_video_estimate,,,,,,,,,,,,,,,,,,9.204860000000004,,,28.409720000000007,,,18.807290000000005,,,28.409720000000007,,,51.819440000000014,,,23.409720000000007,,,33.40972000000001,,,56.42187000000001,,,28.01215000000001,,,33.40972000000001,,,61.42187000000001,,,28.409720000000007,,,38.40972000000001,,,61.819440000000014,,,33.012150000000005,
9960486000,1789023951800027000,,,,True,visual_video_estimate,,,,,,,,,,,,,,,,,,9.604859999999995,,,29.20971999999999,,,19.407289999999993,,,29.20971999999999,,,53.41943999999998,,,24.20971999999999,,,34.20971999999999,,,58.22186999999998,,,29.012149999999988,,,34.20971999999999,,,63.22186999999998,,,29.20971999999999,,,39.20971999999999,,,63.41943999999998,,,34.01214999999999,
10000486000,1789023951840027000,,,,True,visual_video_estimate,,,,,,,,,,,,,,,,,,10,,,30,,,20,,,30,,,55,,,25,,,35,,,60,,,30,,,35,,,65,,,30,,,40,,,65,,,35,
10020490000,1789023951860031000,,,,True,visual_video_estimate,,,,,,,,,,,,,,,,,,10,,,30,,,20,,,30,,,55,,,25,,,35,,,60,,,30,,,35,,,65,,,30,,,40,,,65,,,35,
10060490000,1789023951900031000,,,,True,visual_video_estimate,,,,,,,,,,,,,,,,,,10,,,30,,,20,,,30,,,55,,,25,,,35,,,60,,,30,,,35,,,65,,,30,,,40,,,65,,,35,
10100495000,1789023951940036000,,,,True,visual_video_estimate,,,,,,,,,,,,,,,,,,10,,,30,,,20,,,30,,,55,,,25,,,35,,,60,,,30,,,35,,,65,,,30,,,40,,,65,,,35,
10140495000,1789023951980036000,,,,True,visual_video_estimate,,,,,,,,,,,,,,,,,,10,,,30,,,20,,,30,,,55,,,25,,,35,,,60,,,30,,,35,,,65,,,30,,,40,,,65,,,35,
10180495000,1789023952020036000,,,,True,visual_video_estimate,,,,,,,,,,,,,,,,,,10,,,30,,,20,,,30,,,55,,,25,,,35,,,60,,,30,,,35,,,65,,,30,,,40,,,65,,,35,
10240500000,1789023952080041000,,,,True,visual_video_estimate,,,,,,,,,,,,,,,,,,10,,,30,,,20,,,30,,,55,,,25,,,35,,,60,,,30,,,35,,,65,,,30,,,40,,,65,,,35,
10260500000,1789023952100041000,,,,True,visual_video_estimate,,,,,,,,,,,,,,,,,,10,,,30,,,20,,,30,,,55,,,25,,,35,,,60,,,30,,,35,,,65,,,30,,,40,,,65,,,35,
10280500000,1789023952120041000,,,,True,visual_video_estimate,,,,,,,,,,,,,,,,,,10,,,30,,,20,,,30,,,55,,,25,,,35,,,60,,,30,,,35,,,65,,,30,,,40,,,65,,,35,
10320504000,1789023952160045000,,,,True,visual_video_estimate,,,,,,,,,,,,,,,,,,10,,,30,,,20,,,30,,,55,,,25,,,35,,,60,,,30,,,35,,,65,,,30,,,40,,,65,,,35,
10360504000,1789023952200045000,,,,True,visual_video_estimate,,,,,,,,,,,,,,,,,,10,,,30,,,20,,,30,,,55,,,25,,,35,,,60,,,30,,,35,,,65,,,30,,,40,,,65,,,35,
10420509000,1789023952260050000,,,,True,visual_video_estimate,,,,,,,,,,,,,,,,,,10,,,30,,,20,,,30,,,55,,,25,,,35,,,60,,,30,,,35,,,65,,,30,,,40,,,65,,,35,
10440509000,1789023952280050000,,,,True,visual_video_estimate,,,,,,,,,,,,,,,,,,10,,,30,,,20,,,30,,,55,,,25,,,35,,,60,,,30,,,35,,,65,,,30,,,40,,,65,,,35,
10460509000,1789023952300050000,,,,True,visual_video_estimate,,,,,,,,,,,,,,,,,,10,,,30,,,20,,,30,,,55,,,25,,,35,,,60,,,30,,,35,,,65,,,30,,,40,,,65,,,35,
10500514000,1789023952340055000,,,,True,visual_video_estimate,,,,,,,,,,,,,,,,,,10,,,30,,,20,,,30,,,55,,,25,,,35,,,60,,,30,,,35,,,65,,,30,,,40,,,65,,,35,
10540514000,1789023952380055000,,,,True,visual_video_estimate,,,,,,,,,,,,,,,,,,10,,,30,,,20,,,30,,,55,,,25,,,35,,,60,,,30,,,35,,,65,,,30,,,40,,,65,,,35,
10600518000,1789023952440059000,,,,True,visual_video_estimate,,,,,,,,,,,,,,,,,,10,,,30,,,20,,,30,,,55,,,25,,,35,,,60,,,30,,,35,,,65,,,30,,,40,,,65,,,35,
10620518000,1789023952460059000,,,,True,visual_video_estimate,,,,,,,,,,,,,,,,,,10,,,30,,,20,,,30,,,55,,,25,,,35,,,60,,,30,,,35,,,65,,,30,,,40,,,65,,,35,
10660518000,1789023952500059000,,,,True,visual_video_estimate,,,,,,,,,,,,,,,,,,10,,,30,,,20,,,30,,,55,,,25,,,35,,,60,,,30,,,35,,,65,,,30,,,40,,,65,,,35,
10680523000,1789023952520064000,,,,True,visual_video_estimate,,,,,,,,,,,,,,,,,,10,,,30,,,20,,,30,,,55,,,25,,,35,,,60,,,30,,,35,,,65,,,30,,,40,,,65,,,35,
10740523000,1789023952580064000,,,,True,visual_video_estimate,,,,,,,,,,,,,,,,,,10,,,30,,,20,,,30,,,55,,,25,,,35,,,60,,,30,,,35,,,65,,,30,,,40,,,65,,,35,
10780527000,1789023952620068000,,,,True,visual_video_estimate,,,,,,,,,,,,,,,,,,10,,,30,,,20,,,30,,,55,,,25,,,35,,,60,,,30,,,35,,,65,,,30,,,40,,,65,,,35,
10820528000,1789023952660069000,,,,True,visual_video_estimate,,,,,,,,,,,,,,,,,,10,,,30,,,20,,,30,,,55,,,25,,,35,,,60,,,30,,,35,,,65,,,30,,,40,,,65,,,35,
10840528000,1789023952680069000,,,,True,visual_video_estimate,,,,,,,,,,,,,,,,,,10,,,30,,,20,,,30,,,55,,,25,,,35,,,60,,,30,,,35,,,65,,,30,,,40,,,65,,,35,
10880532000,1789023952720073000,,,,True,visual_video_estimate,,,,,,,,,,,,,,,,,,10,,,30,,,20,,,30,,,55,,,25,,,35,,,60,,,30,,,35,,,65,,,30,,,40,,,65,,,35,
10920532000,1789023952760073000,,,,True,visual_video_estimate,,,,,,,,,,,,,,,,,,10,,,30,,,20,,,30,,,55,,,25,,,35,,,60,,,30,,,35,,,65,,,30,,,40,,,65,,,35,
10960537000,1789023952800078000,,,,True,visual_video_estimate,,,,,,,,,,,,,,,,,,10,,,30,,,20,,,30,,,55,,,25,,,35,,,60,,,30,,,35,,,65,,,30,,,40,,,65,,,35,
10980537000,1789023952820078000,,,,True,visual_video_estimate,,,,,,,,,,,,,,,,,,10,,,30,,,20,,,30,,,55,,,25,,,35,,,60,,,30,,,35,,,65,,,30,,,40,,,65,,,35,
11020537000,1789023952860078000,,,,True,visual_video_estimate,,,,,,,,,,,,,,,,,,10.102684999999996,,,30.102684999999994,,,20,,,30.102684999999994,,,55.102684999999994,,,25,,,35.20536999999999,,,60.102684999999994,,,30,,,35.30805499999999,,,65.20536999999999,,,30.20536999999999,,,40.30805499999999,,,65.30805499999998,,,35.102684999999994,
11040537000,1789023952880078000,,,,True,visual_video_estimate,,,,,,,,,,,,,,,,,,10.202685000000002,,,30.202685000000002,,,20,,,30.202685000000002,,,55.202685,,,25,,,35.405370000000005,,,60.202685,,,30,,,35.60805500000001,,,65.40537,,,30.405370000000005,,,40.60805500000001,,,65.60805500000001,,,35.202685,
11100541000,1789023952940082000,,,,True,visual_video_estimate,,,,,,,,,,,,,,,,,,10.502704999999999,,,30.502705,,,20,,,30.502705,,,55.502705,,,25,,,36.00541,,,60.502705,,,30,,,36.508115,,,66.00541,,,31.005409999999998,,,41.508115,,,66.508115,,,35.502705,
11120541000,1789023952960082000,,,,True,visual_video_estimate,,,,,,,,,,,,,,,,,,10.602704999999997,,,30.602704999999997,,,20,,,30.602704999999997,,,55.602705,,,25,,,36.20540999999999,,,60.602705,,,30,,,36.80811499999999,,,66.20541,,,31.205409999999993,,,41.80811499999999,,,66.80811499999999,,,35.602705,
11160546000,1789023953000087000,,,,True,visual_video_estimate,,,,,,,,,,,,,,,,,,10.80273,,,30.80273,,,20,,,30.80273,,,55.80273,,,25,,,36.60546,,,60.80273,,,30,,,37.408190000000005,,,66.60546,,,31.60546,,,42.408190000000005,,,67.40819,,,35.80273,
11180546000,1789023953020087000,,,,True,visual_video_estimate,,,,,,,,,,,,,,,,,,10.902729999999998,,,30.90273,,,20,,,30.90273,,,55.90273,,,25,,,36.80546,,,60.90273,,,30,,,37.708189999999995,,,66.80546,,,31.805459999999997,,,42.708189999999995,,,67.70819,,,35.90273,
11220546000,1789023953060087000,,,,True,visual_video_estimate,,,,,,,,,,,,,,,,,,11.102730000000003,,,31.10273,,,20,,,31.10273,,,56.10273,,,25,,,37.20546,,,61.10273,,,30,,,38.30819000000001,,,67.20546,,,32.20546,,,43.30819000000001,,,68.30819000000001,,,36.10273,
11280551000,1789023953120092000,,,,True,visual_video_estimate,,,,,,,,,,,,,,,,,,11.402755000000004,,,31.402755000000006,,,20,,,31.402755000000006,,,56.402755000000006,,,25,,,37.80551000000001,,,61.402755000000006,,,30,,,39.20826500000001,,,67.80551000000001,,,32.80551000000001,,,44.20826500000001,,,69.20826500000001,,,36.402755000000006,
11300551000,1789023953140092000,,,,True,visual_video_estimate,,,,,,,,,,,,,,,,,,11.502755000000002,,,31.502755,,,20,,,31.502755,,,56.502755,,,25,,,38.00551,,,61.502755,,,30,,,39.50826500000001,,,68.00551,,,33.00551,,,44.50826500000001,,,69.50826500000001,,,36.502755,
11340555000,1789023953180096000,,,,True,visual_video_estimate,,,,,,,,,,,,,,,,,,11.702775,,,31.702775000000003,,,20,,,31.702775000000003,,,56.702775,,,25,,,38.405550000000005,,,61.702775,,,30,,,40.108325,,,68.40555,,,33.405550000000005,,,45.108325,,,70.10832500000001,,,36.702775,
11380555000,1789023953220096000,,,,True,visual_video_estimate,,,,,,,,,,,,,,,,,,11.902774999999997,,,31.902775,,,20,,,31.902775,,,56.902775,,,25,,,38.80555,,,61.902775,,,30,,,40.70832499999999,,,68.80555,,,33.80555,,,45.70832499999999,,,70.70832499999999,,,36.902775,
11420555000,1789023953260096000,,,,True,visual_video_estimate,,,,,,,,,,,,,,,,,,12.102775000000001,,,32.102775,,,20,,,32.102775,,,57.102775,,,25,,,39.20555,,,62.102775,,,30,,,41.308325,,,69.20555,,,34.20555,,,46.308325,,,71.308325,,,37.102775,
11460560000,1789023953300101000,,,,True,visual_video_estimate,,,,,,,,,,,,,,,,,,12.302799999999996,,,32.3028,,,20,,,32.3028,,,57.3028,,,25,,,39.605599999999995,,,62.3028,,,30,,,41.908399999999986,,,69.6056,,,34.605599999999995,,,46.908399999999986,,,71.90839999999999,,,37.3028,
11500560000,1789023953340101000,,,,True,visual_video_estimate,,,,,,,,,,,,,,,,,,12.5028,,,32.5028,,,20,,,32.5028,,,57.5028,,,25,,,40.0056,,,62.5028,,,30,,,42.5084,,,70.0056,,,35.0056,,,47.5084,,,72.5084,,,37.5028,
11520564000,1789023953360105000,,,,True,visual_video_estimate,,,,,,,,,,,,,,,,,,12.602820000000001,,,32.60282,,,20,,,32.60282,,,57.60282,,,25,,,40.20564,,,62.60282,,,30,,,42.808460000000004,,,70.20564,,,35.20564,,,47.808460000000004,,,72.80846,,,37.60282,
11540564000,1789023953380105000,,,,True,visual_video_estimate,,,,,,,,,,,,,,,,,,12.70282,,,32.70282,,,20,,,32.70282,,,57.70282,,,25,,,40.40564,,,62.70282,,,30,,,43.108459999999994,,,70.40564,,,35.40564,,,48.108459999999994,,,73.10846,,,37.70282,
11600565000,1789023953440106000,,,,True,visual_video_estimate,,,,,,,,,,,,,,,,,,13.002824999999998,,,33.002825,,,20,,,33.002825,,,58.002825,,,25,,,41.005649999999996,,,63.002825,,,30,,,44.00847499999999,,,71.00565,,,36.005649999999996,,,49.00847499999999,,,74.00847499999999,,,38.002825,
11640569000,1789023953480110000,,,,True,visual_video_estimate,,,,,,,,,,,,,,,,,,13.202844999999996,,,33.202844999999996,,,20,,,33.202844999999996,,,58.202844999999996,,,25,,,41.40568999999999,,,63.202844999999996,,,30,,,44.60853499999999,,,71.40568999999999,,,36.40568999999999,,,49.60853499999999,,,74.60853499999999,,,38.202844999999996,
11680569000,1789023953520110000,,,,True,visual_video_estimate,,,,,,,,,,,,,,,,,,13.402845000000001,,,33.402845,,,20,,,33.402845,,,58.402845,,,25,,,41.80569,,,63.402845,,,30,,,45.208535000000005,,,71.80569,,,36.80569,,,50.208535000000005,,,75.208535,,,38.402845,
11700569000,1789023953540110000,,,,True,visual_video_estimate,,,,,,,,,,,,,,,,,,13.502844999999999,,,33.502845,,,20,,,33.502845,,,58.502845,,,25,,,42.00569,,,63.502845,,,30,,,45.508534999999995,,,72.00569,,,37.00569,,,50.508534999999995,,,75.508535,,,38.502845,
11740574000,1789023953580115000,,,,True,visual_video_estimate,,,,,,,,,,,,,,,,,,13.702870000000003,,,33.702870000000004,,,20,,,33.702870000000004,,,58.702870000000004,,,25,,,42.40574000000001,,,63.702870000000004,,,30,,,46.108610000000006,,,72.40574000000001,,,37.40574000000001,,,51.108610000000006,,,76.10861000000001,,,38.702870000000004,
11780574000,1789023953620115000,,,,True,visual_video_estimate,,,,,,,,,,,,,,,,,,13.902869999999998,,,33.90287,,,20,,,33.90287,,,58.90287,,,25,,,42.80574,,,63.90287,,,30,,,46.70860999999999,,,72.80574,,,37.80574,,,51.70860999999999,,,76.70861,,,38.90287,
11820578000,1789023953660119000,,,,True,visual_video_estimate,,,,,,,,,,,,,,,,,,14.102889999999997,,,34.102889999999995,,,20,,,34.102889999999995,,,59.102889999999995,,,25,,,43.20577999999999,,,64.10289,,,30,,,47.30866999999999,,,73.20577999999999,,,38.20577999999999,,,52.30866999999999,,,77.30866999999999,,,39.102889999999995,
11860578000,1789023953700119000,,,,True,visual_video_estimate,,,,,,,,,,,,,,,,,,14.302890000000001,,,34.302890000000005,,,20,,,34.302890000000005,,,59.302890000000005,,,25,,,43.60578,,,64.30289,,,30,,,47.90867,,,73.60578000000001,,,38.60578,,,52.90867,,,77.90867,,,39.302890000000005,
11900583000,1789023953740124000,,,,True,visual_video_estimate,,,,,,,,,,,,,,,,,,14.502914999999996,,,34.502914999999994,,,20,,,34.502914999999994,,,59.502914999999994,,,25,,,44.00582999999999,,,64.502915,,,30,,,48.50874499999999,,,74.00582999999999,,,39.00582999999999,,,53.50874499999999,,,78.50874499999999,,,39.502914999999994,
11960583000,1789023953800124000,,,,True,visual_video_estimate,,,,,,,,,,,,,,,,,,14.802914999999999,,,34.802915,,,20,,,34.802915,,,59.802915,,,25,,,44.60583,,,64.802915,,,30,,,49.408744999999996,,,74.60583,,,39.60583,,,54.408744999999996,,,79.408745,,,39.802915,
12000587000,1789023953840128000,,,,True,visual_video_estimate,,,,,,,,,,,,,,,,,,14.991195000000008,,,34.98532500000002,,,19.99119500000001,,,34.98532500000002,,,59.97358500000003,,,24.98826000000001,,,44.98239000000002,,,64.97065000000003,,,29.985325000000014,,,49.979455000000016,,,74.96771500000003,,,39.98239000000002,,,54.979455000000016,,,79.96771500000003,,,39.98239000000002,
12040588000,1789023953880129000,,,,True,visual_video_estimate,,,,,,,,,,,,,,,,,,14.391180000000006,,,33.98530000000001,,,19.391180000000006,,,33.98530000000001,,,58.17354000000002,,,24.188240000000008,,,43.78236000000001,,,62.97060000000002,,,28.98530000000001,,,48.57942000000001,,,72.76766000000002,,,38.78236000000001,,,53.57942000000001,,,77.76766000000002,,,38.78236000000001,
12060588000,1789023953900129000,,,,True,visual_video_estimate,,,,,,,,,,,,,,,,,,14.091180000000012,,,33.485300000000024,,,19.091180000000012,,,33.485300000000024,,,57.27354000000004,,,23.788240000000016,,,43.182360000000024,,,61.97060000000004,,,28.48530000000002,,,47.879420000000025,,,71.66766000000004,,,38.182360000000024,,,52.879420000000025,,,76.66766000000004,,,38.182360000000024,
12100592000,1789023953940133000,,,,True,visual_video_estimate,,,,,,,,,,,,,,,,,,13.49111999999999,,,32.485199999999985,,,18.491119999999988,,,32.485199999999985,,,55.47335999999997,,,22.988159999999986,,,41.982239999999976,,,59.97039999999997,,,27.485199999999985,,,46.479279999999974,,,69.46743999999997,,,36.982239999999976,,,51.479279999999974,,,74.46743999999997,,,36.982239999999976,
12140592000,1789023953980133000,,,,True,visual_video_estimate,,,,,,,,,,,,,,,,,,12.891120000000003,,,31.485200000000006,,,17.89112,,,31.485200000000006,,,53.67336000000001,,,22.188160000000003,,,40.78224,,,57.97040000000001,,,26.485200000000006,,,45.079280000000004,,,67.26744000000001,,,35.78224,,,50.079280000000004,,,72.26744000000001,,,35.78224,
12180592000,1789023954020133000,,,,True,visual_video_estimate,,,,,,,,,,,,,,,,,,12.291119999999989,,,30.48519999999998,,,17.29111999999999,,,30.48519999999998,,,51.87335999999996,,,21.388159999999985,,,39.58223999999998,,,55.97039999999996,,,25.48519999999998,,,43.67927999999998,,,65.06743999999996,,,34.58223999999998,,,48.67927999999998,,,70.06743999999996,,,34.58223999999998,
12200597000,1789023954040138000,,,,True,visual_video_estimate,,,,,,,,,,,,,,,,,,11.991044999999998,,,29.985074999999995,,,16.991045,,,29.985074999999995,,,50.97313499999999,,,20.988059999999997,,,38.98209,,,54.97014999999999,,,24.985074999999995,,,42.979105,,,63.967164999999994,,,33.98209,,,47.979105,,,68.967165,,,33.98209,
12240597000,1789023954080138000,,,,True,visual_video_estimate,,,,,,,,,,,,,,,,,,11.39104500000001,,,28.985075000000016,,,16.391045000000013,,,28.985075000000016,,,49.17313500000003,,,20.188060000000014,,,37.782090000000025,,,52.97015000000003,,,23.985075000000016,,,41.57910500000003,,,61.76716500000004,,,32.782090000000025,,,46.57910500000003,,,66.76716500000003,,,32.782090000000025,
12280601000,1789023954120142000,,,,True,visual_video_estimate,,,,,,,,,,,,,,,,,,10.790984999999989,,,27.98497499999998,,,15.790984999999989,,,27.98497499999998,,,47.37295499999996,,,19.387979999999985,,,36.58196999999998,,,50.96994999999996,,,22.98497499999998,,,40.17896499999998,,,59.56694499999996,,,31.581969999999977,,,45.17896499999998,,,64.56694499999996,,,31.581969999999977,
12320601000,1789023954160142000,,,,True,visual_video_estimate,,,,,,,,,,,,,,,,,,10.190985000000001,,,26.984975000000002,,,15.190985000000001,,,26.984975000000002,,,45.57295500000001,,,18.58798,,,35.38197,,,48.969950000000004,,,21.984975000000002,,,38.778965,,,57.366945,,,30.381970000000003,,,43.778965,,,62.366945,,,30.381970000000003,
12360602000,1789023954200143000,,,,True,visual_video_estimate,,,,,,,,,,,,,,,,,,9.590969999999999,,,25.984949999999998,,,14.590969999999999,,,25.984949999999998,,,43.772909999999996,,,17.787959999999998,,,34.18194,,,46.969899999999996,,,20.984949999999998,,,37.37893,,,55.166889999999995,,,29.181939999999997,,,42.37893,,,60.166889999999995,,,29.181939999999997,
12380606000,1789023954220147000,,,,True,visual_video_estimate,,,,,,,,,,,,,,,,,,9.290909999999997,,,25.484849999999994,,,14.290909999999997,,,25.484849999999994,,,42.87272999999999,,,17.387879999999996,,,33.58181999999999,,,45.96969999999999,,,20.484849999999994,,,36.67878999999999,,,54.06666999999999,,,28.581819999999993,,,41.67878999999999,,,59.06666999999999,,,28.581819999999993,
12420606000,1789023954260147000,,,,True,visual_video_estimate,,,,,,,,,,,,,,,,,,8.69091000000001,,,24.484850000000016,,,13.69091000000001,,,24.484850000000016,,,41.07273000000003,,,16.587880000000013,,,32.38182000000002,,,43.96970000000003,,,19.484850000000016,,,35.27879000000002,,,51.866670000000035,,,27.38182000000002,,,40.27879000000002,,,56.866670000000035,,,27.38182000000002,
12460606000,1789023954300147000,,,,True,visual_video_estimate,,,,,,,,,,,,,,,,,,8.090909999999996,,,23.484849999999994,,,13.090909999999996,,,23.484849999999994,,,39.27272999999999,,,15.787879999999994,,,31.18181999999999,,,41.96969999999999,,,18.484849999999994,,,33.87878999999999,,,49.66666999999998,,,26.18181999999999,,,38.87878999999999,,,54.66666999999998,,,26.18181999999999,
12500611000,1789023954340152000,,,,True,visual_video_estimate,,,,,,,,,,,,,,,,,,7.490835000000011,,,22.48472500000002,,,12.490835000000011,,,22.48472500000002,,,37.472505000000034,,,14.987780000000015,,,29.981670000000022,,,39.96945000000004,,,17.48472500000002,,,32.478615000000026,,,47.46639500000004,,,24.981670000000022,,,37.478615000000026,,,52.46639500000004,,,24.981670000000022,
12540611000,1789023954380152000,,,,True,visual_video_estimate,,,,,,,,,,,,,,,,,,6.890834999999997,,,21.484724999999997,,,11.890834999999997,,,21.484724999999997,,,35.672504999999994,,,14.187779999999997,,,28.781669999999995,,,37.969449999999995,,,16.484724999999997,,,31.078614999999992,,,45.26639499999999,,,23.781669999999995,,,36.07861499999999,,,50.26639499999999,,,23.781669999999995,
12600615000,1789023954440156000,,,,True,visual_video_estimate,,,,,,,,,,,,,,,,,,5.990775000000008,,,19.984625000000015,,,10.990775000000008,,,19.984625000000015,,,32.972325000000026,,,12.987700000000011,,,26.981550000000016,,,34.96925000000003,,,14.984625000000014,,,28.978475000000017,,,41.96617500000003,,,21.981550000000016,,,33.97847500000002,,,46.96617500000003,,,21.981550000000016,
12640615000,1789023954480156000,,,,True,visual_video_estimate,,,,,,,,,,,,,,,,,,5.390774999999994,,,18.98462499999999,,,10.390774999999994,,,18.98462499999999,,,31.172324999999983,,,12.187699999999992,,,25.78154999999999,,,32.96924999999998,,,13.98462499999999,,,27.578474999999987,,,39.766174999999976,,,20.78154999999999,,,32.57847499999998,,,44.766174999999976,,,20.78154999999999,
12660620000,1789023954500161000,,,,True,visual_video_estimate,,,,,,,,,,,,,,,,,,5.0907000000000036,,,18.484500000000004,,,10.090700000000004,,,18.484500000000004,,,30.27210000000001,,,11.787600000000005,,,25.181400000000007,,,31.96900000000001,,,13.484500000000004,,,26.87830000000001,,,38.665900000000015,,,20.181400000000007,,,31.87830000000001,,,43.665900000000015,,,20.181400000000007,
12680620000,1789023954520161000,,,,True,visual_video_estimate,,,,,,,,,,,,,,,,,,4.79070000000001,,,17.98450000000002,,,9.79070000000001,,,17.98450000000002,,,29.37210000000003,,,11.387600000000013,,,24.58140000000002,,,30.969000000000037,,,12.984500000000018,,,26.17830000000002,,,37.565900000000035,,,19.58140000000002,,,31.17830000000002,,,42.565900000000035,,,19.58140000000002,
12740620000,1789023954580161000,,,,True,visual_video_estimate,,,,,,,,,,,,,,,,,,3.8907000000000025,,,16.484500000000004,,,8.890700000000002,,,16.484500000000004,,,26.672100000000007,,,10.187600000000003,,,22.781400000000005,,,27.96900000000001,,,11.484500000000004,,,24.078300000000006,,,34.26590000000001,,,17.781400000000005,,,29.078300000000006,,,39.26590000000001,,,17.781400000000005,
12780625000,1789023954620166000,,,,True,visual_video_estimate,,,,,,,,,,,,,,,,,,3.2906249999999915,,,15.484374999999986,,,8.290624999999991,,,15.484374999999986,,,24.871874999999974,,,9.387499999999989,,,21.581249999999983,,,25.96874999999997,,,10.484374999999986,,,22.67812499999998,,,32.06562499999997,,,16.581249999999983,,,27.67812499999998,,,37.06562499999997,,,16.581249999999983,
12800625000,1789023954640166000,,,,True,visual_video_estimate,,,,,,,,,,,,,,,,,,2.990624999999998,,,14.984374999999996,,,7.990624999999998,,,14.984374999999996,,,23.971874999999997,,,8.987499999999997,,,20.981249999999996,,,24.968749999999993,,,9.984374999999996,,,21.978124999999995,,,30.96562499999999,,,15.981249999999996,,,26.978124999999995,,,35.96562499999999,,,15.981249999999996,
12820625000,1789023954660166000,,,,True,visual_video_estimate,,,,,,,,,,,,,,,,,,2.6906250000000043,,,14.484375000000007,,,7.690625000000004,,,14.484375000000007,,,23.071875000000013,,,8.587500000000006,,,20.38125000000001,,,23.968750000000014,,,9.484375000000007,,,21.27812500000001,,,29.865625000000016,,,15.381250000000009,,,26.27812500000001,,,34.865625000000016,,,15.381250000000009,
12860629000,1789023954700170000,,,,True,visual_video_estimate,,,,,,,,,,,,,,,,,,2.0905650000000087,,,13.484275000000014,,,7.090565000000009,,,13.484275000000014,,,21.271695000000022,,,7.7874200000000116,,,19.181130000000017,,,21.96855000000003,,,8.484275000000014,,,19.87798500000002,,,27.665405000000035,,,14.181130000000017,,,24.87798500000002,,,32.665405000000035,,,14.181130000000017,
12900629000,1789023954740170000,,,,True,visual_video_estimate,,,,,,,,,,,,,,,,,,1.4905649999999948,,,12.48427499999999,,,6.490564999999995,,,12.48427499999999,,,19.471694999999983,,,6.987419999999993,,,17.98112999999999,,,19.96854999999998,,,7.48427499999999,,,18.47798499999999,,,25.465404999999983,,,12.98112999999999,,,23.47798499999999,,,30.465404999999983,,,12.98112999999999,
12920629000,1789023954760170000,,,,True,visual_video_estimate,,,,,,,,,,,,,,,,,,1.1905650000000012,,,11.984275000000004,,,6.190565000000001,,,11.984275000000004,,,18.571695000000005,,,6.587420000000002,,,17.381130000000002,,,18.968550000000008,,,6.984275000000004,,,17.777985,,,24.365405000000003,,,12.381130000000002,,,22.777985,,,29.365405000000003,,,12.381130000000002,
12980634000,1789023954820175000,,,,True,visual_video_estimate,,,,,,,,,,,,,,,,,,0.2904899999999966,,,10.484149999999993,,,5.290489999999997,,,10.484149999999993,,,15.871469999999988,,,5.3873199999999954,,,15.580979999999993,,,15.968299999999985,,,5.4841499999999925,,,15.677809999999994,,,21.06512999999999,,,10.580979999999993,,,20.677809999999994,,,26.06512999999999,,,10.580979999999993,
13000634000,1789023954840175000,,,,True,visual_video_estimate,,,,,,,,,,,,,,,,,,0,,,10,,,5,,,10,,,15,,,5,,,15,,,15,,,5,,,15,,,20,,,10,,,20,,,25,,,10,
13040638000,1789023954880179000,,,,True,visual_video_estimate,,,,,,,,,,,,,,,,,,0,,,10,,,5,,,10,,,15,,,5,,,15,,,15,,,5,,,15,,,20,,,10,,,20,,,25,,,10,
13080638000,1789023954920179000,,,,True,visual_video_estimate,,,,,,,,,,,,,,,,,,0,,,10,,,5,,,10,,,15,,,5,,,15,,,15,,,5,,,15,,,20,,,10,,,20,,,25,,,10,
13100638000,1789023954940179000,,,,True,visual_video_estimate,,,,,,,,,,,,,,,,,,0,,,10,,,5,,,10,,,15,,,5,,,15,,,15,,,5,,,15,,,20,,,10,,,20,,,25,,,10,
13160643000,1789023955000184000,,,,True,visual_video_estimate,,,,,,,,,,,,,,,,,,0,,,10,,,5,,,10,,,15,,,5,,,15,,,15,,,5,,,15,,,20,,,10,,,20,,,25,,,10,
13180643000,1789023955020184000,,,,True,visual_video_estimate,,,,,,,,,,,,,,,,,,0,,,10,,,5,,,10,,,15,,,5,,,15,,,15,,,5,,,15,,,20,,,10,,,20,,,25,,,10,
13200643000,1789023955040184000,,,,True,visual_video_estimate,,,,,,,,,,,,,,,,,,0,,,10,,,5,,,10,,,15,,,5,,,15,,,15,,,5,,,15,,,20,,,10,,,20,,,25,,,10,
13240648000,1789023955080189000,,,,True,visual_video_estimate,,,,,,,,,,,,,,,,,,0,,,10,,,5,,,10,,,15,,,5,,,15,,,15,,,5,,,15,,,20,,,10,,,20,,,25,,,10,
13280648000,1789023955120189000,,,,True,visual_video_estimate,,,,,,,,,,,,,,,,,,0,,,10,,,5,,,10,,,15,,,5,,,15,,,15,,,5,,,15,,,20,,,10,,,20,,,25,,,10,
13340652000,1789023955180193000,,,,True,visual_video_estimate,,,,,,,,,,,,,,,,,,0,,,10,,,5,,,10,,,15,,,5,,,15,,,15,,,5,,,15,,,20,,,10,,,20,,,25,,,10,
13360652000,1789023955200193000,,,,True,visual_video_estimate,,,,,,,,,,,,,,,,,,0,,,10,,,5,,,10,,,15,,,5,,,15,,,15,,,5,,,15,,,20,,,10,,,20,,,25,,,10,
13400652000,1789023955240193000,,,,True,visual_video_estimate,,,,,,,,,,,,,,,,,,0,,,10,,,5,,,10,,,15,,,5,,,15,,,15,,,5,,,15,,,20,,,10,,,20,,,25,,,10,
13420657000,1789023955260198000,,,,True,visual_video_estimate,,,,,,,,,,,,,,,,,,0,,,10,,,5,,,10,,,15,,,5,,,15,,,15,,,5,,,15,,,20,,,10,,,20,,,25,,,10,
13480657000,1789023955320198000,,,,True,visual_video_estimate,,,,,,,,,,,,,,,,,,0,,,10,,,5,,,10,,,15,,,5,,,15,,,15,,,5,,,15,,,20,,,10,,,20,,,25,,,10,
13500657000,1789023955340198000,,,,True,visual_video_estimate,,,,,,,,,,,,,,,,,,0,,,10,,,5,,,10,,,15,,,5,,,15,,,15,,,5,,,15,,,20,,,10,,,20,,,25,,,10,
13540662000,1789023955380203000,,,,True,visual_video_estimate,,,,,,,,,,,,,,,,,,0,,,10,,,5,,,10,,,15,,,5,,,15,,,15,,,5,,,15,,,20,,,10,,,20,,,25,,,10,
13580662000,1789023955420203000,,,,True,visual_video_estimate,,,,,,,,,,,,,,,,,,0,,,10,,,5,,,10,,,15,,,5,,,15,,,15,,,5,,,15,,,20,,,10,,,20,,,25,,,10,
13620666000,1789023955460207000,,,,True,visual_video_estimate,,,,,,,,,,,,,,,,,,0,,,10,,,5,,,10,,,15,,,5,,,15,,,15,,,5,,,15,,,20,,,10,,,20,,,25,,,10,
13640666000,1789023955480207000,,,,True,visual_video_estimate,,,,,,,,,,,,,,,,,,0,,,10,,,5,,,10,,,15,,,5,,,15,,,15,,,5,,,15,,,20,,,10,,,20,,,25,,,10,
13680666000,1789023955520207000,,,,True,visual_video_estimate,,,,,,,,,,,,,,,,,,0,,,10,,,5,,,10,,,15,,,5,,,15,,,15,,,5,,,15,,,20,,,10,,,20,,,25,,,10,
13720671000,1789023955560212000,,,,True,visual_video_estimate,,,,,,,,,,,,,,,,,,0,,,10,,,5,,,10,,,15,,,5,,,15,,,15,,,5,,,15,,,20,,,10,,,20,,,25,,,10,
13780671000,1789023955620212000,,,,True,visual_video_estimate,,,,,,,,,,,,,,,,,,0,,,10,,,5,,,10,,,15,,,5,,,15,,,15,,,5,,,15,,,20,,,10,,,20,,,25,,,10,
13820675000,1789023955660216000,,,,True,visual_video_estimate,,,,,,,,,,,,,,,,,,0,,,10,,,5,,,10,,,15,,,5,,,15,,,15,,,5,,,15,,,20,,,10,,,20,,,25,,,10,
13840675000,1789023955680216000,,,,True,visual_video_estimate,,,,,,,,,,,,,,,,,,0,,,10,,,5,,,10,,,15,,,5,,,15,,,15,,,5,,,15,,,20,,,10,,,20,,,25,,,10,
13860675000,1789023955700216000,,,,True,visual_video_estimate,,,,,,,,,,,,,,,,,,0,,,10,,,5,,,10,,,15,,,5,,,15,,,15,,,5,,,15,,,20,,,10,,,20,,,25,,,10,
13920680000,1789023955760221000,,,,True,visual_video_estimate,,,,,,,,,,,,,,,,,,0,,,10,,,5,,,10,,,15,,,5,,,15,,,15,,,5,,,15,,,20,,,10,,,20,,,25,,,10,
13940680000,1789023955780221000,,,,True,visual_video_estimate,,,,,,,,,,,,,,,,,,0,,,10,,,5,,,10,,,15,,,5,,,15,,,15,,,5,,,15,,,20,,,10,,,20,,,25,,,10,
13960680000,1789023955800221000,,,,True,visual_video_estimate,,,,,,,,,,,,,,,,,,0,,,10,,,5,,,10,,,15,,,5,,,15,,,15,,,5,,,15,,,20,,,10,,,20,,,25,,,10,
14000685000,1789023955840226000,,,,True,visual_video_estimate,,,,,,,,,,,,,,,,,,0.006850000000007128,,,10.013700000000014,,,5.010275000000011,,,10.013700000000014,,,15.027400000000029,,,5.013700000000014,,,15.013700000000014,,,15.030825000000032,,,5.017125000000018,,,15.013700000000014,,,20.030825000000032,,,10.013700000000014,,,20.013700000000014,,,25.02740000000003,,,10.017125000000018,
14040685000,1789023955880226000,,,,True,visual_video_estimate,,,,,,,,,,,,,,,,,,0.4068499999999986,,,10.813699999999997,,,5.610274999999998,,,10.813699999999997,,,16.627399999999994,,,5.813699999999997,,,15.813699999999997,,,16.830824999999994,,,6.0171249999999965,,,15.813699999999997,,,21.830824999999994,,,10.813699999999997,,,20.813699999999997,,,26.627399999999994,,,11.017124999999997,
14080685000,1789023955920226000,,,,True,visual_video_estimate,,,,,,,,,,,,,,,,,,0.8068500000000078,,,11.613700000000016,,,6.210275000000012,,,11.613700000000016,,,18.22740000000003,,,6.613700000000016,,,16.613700000000016,,,18.630825000000037,,,7.01712500000002,,,16.613700000000016,,,23.630825000000037,,,11.613700000000016,,,21.613700000000016,,,28.22740000000003,,,12.01712500000002,
14140689000,1789023955980230000,,,,True,visual_video_estimate,,,,,,,,,,,,,,,,,,1.4068900000000006,,,12.813780000000001,,,7.110335000000001,,,12.813780000000001,,,20.627560000000003,,,7.813780000000001,,,17.81378,,,21.331005000000005,,,8.517225000000002,,,17.81378,,,26.331005000000005,,,12.813780000000001,,,22.81378,,,30.627560000000003,,,13.517225000000002,
14160689000,1789023956000230000,,,,True,visual_video_estimate,,,,,,,,,,,,,,,,,,1.6068899999999964,,,13.213779999999993,,,7.410334999999995,,,13.213779999999993,,,21.427559999999986,,,8.213779999999993,,,18.213779999999993,,,22.231004999999982,,,9.017224999999991,,,18.213779999999993,,,27.231004999999982,,,13.213779999999993,,,23.213779999999993,,,31.427559999999986,,,14.017224999999991,
14180694000,1789023956020235000,,,,True,visual_video_estimate,,,,,,,,,,,,,,,,,,1.806940000000008,,,13.613880000000016,,,7.710410000000012,,,13.613880000000016,,,22.227760000000032,,,8.613880000000016,,,18.613880000000016,,,23.131230000000038,,,9.51735000000002,,,18.613880000000016,,,28.131230000000038,,,13.613880000000016,,,23.613880000000016,,,32.22776000000003,,,14.51735000000002,
14220694000,1789023956060235000,,,,True,visual_video_estimate,,,,,,,,,,,,,,,,,,2.2069399999999995,,,14.413879999999999,,,8.31041,,,14.413879999999999,,,23.827759999999998,,,9.413879999999999,,,19.41388,,,24.93123,,,10.517349999999999,,,19.41388,,,29.93123,,,14.413879999999999,,,24.41388,,,33.82776,,,15.517349999999999,
14280698000,1789023956120239000,,,,True,visual_video_estimate,,,,,,,,,,,,,,,,,,2.8069799999999923,,,15.613959999999985,,,9.210469999999988,,,15.613959999999985,,,26.22791999999997,,,10.613959999999985,,,20.613959999999985,,,27.631409999999967,,,12.01744999999998,,,20.613959999999985,,,32.63140999999997,,,15.613959999999985,,,25.613959999999985,,,36.22791999999997,,,17.017449999999982,
14320699000,1789023956160240000,,,,True,visual_video_estimate,,,,,,,,,,,,,,,,,,3.206989999999994,,,16.413979999999988,,,9.810484999999991,,,16.413979999999988,,,27.827959999999976,,,11.413979999999988,,,21.413979999999988,,,29.43145499999997,,,13.017474999999985,,,21.413979999999988,,,34.43145499999997,,,16.413979999999988,,,26.413979999999988,,,37.827959999999976,,,18.017474999999983,
14340699000,1789023956180240000,,,,True,visual_video_estimate,,,,,,,,,,,,,,,,,,3.4069900000000075,,,16.813980000000015,,,10.110485000000011,,,16.813980000000015,,,28.62796000000003,,,11.813980000000015,,,21.813980000000015,,,30.331455000000034,,,13.517475000000019,,,21.813980000000015,,,35.331455000000034,,,16.813980000000015,,,26.813980000000015,,,38.62796000000003,,,18.51747500000002,
14360699000,1789023956200240000,,,,True,visual_video_estimate,,,,,,,,,,,,,,,,,,3.6069900000000032,,,17.213980000000006,,,10.410485000000005,,,17.213980000000006,,,29.427960000000013,,,12.213980000000006,,,22.213980000000006,,,31.231455000000015,,,14.017475000000008,,,22.213980000000006,,,36.23145500000001,,,17.213980000000006,,,27.213980000000006,,,39.42796000000001,,,19.017475000000008,
14420703000,1789023956260244000,,,,True,visual_video_estimate,,,,,,,,,,,,,,,,,,4.207029999999996,,,18.414059999999992,,,11.310544999999994,,,18.414059999999992,,,31.828119999999984,,,13.414059999999992,,,23.414059999999992,,,33.931634999999986,,,15.51757499999999,,,23.414059999999992,,,38.931634999999986,,,18.414059999999992,,,28.414059999999992,,,41.828119999999984,,,20.51757499999999,
14460703000,1789023956300244000,,,,True,visual_video_estimate,,,,,,,,,,,,,,,,,,4.607030000000005,,,19.21406000000001,,,11.910545000000008,,,19.21406000000001,,,33.42812000000002,,,14.21406000000001,,,24.21406000000001,,,35.731635000000026,,,16.517575000000015,,,24.21406000000001,,,40.731635000000026,,,19.21406000000001,,,29.21406000000001,,,43.42812000000002,,,21.517575000000015,
14500708000,1789023956340249000,,,,True,visual_video_estimate,,,,,,,,,,,,,,,,,,5.007079999999995,,,20.01415999999999,,,12.510619999999992,,,20.01415999999999,,,35.02831999999998,,,15.01415999999999,,,25.01415999999999,,,37.53185999999998,,,17.517699999999987,,,25.01415999999999,,,42.53185999999998,,,20.01415999999999,,,30.01415999999999,,,45.02831999999998,,,22.517699999999987,
14520708000,1789023956360249000,,,,True,visual_video_estimate,,,,,,,,,,,,,,,,,,5.207080000000008,,,20.414160000000017,,,12.810620000000013,,,20.414160000000017,,,35.82832000000003,,,15.414160000000017,,,25.414160000000017,,,38.431860000000036,,,18.01770000000002,,,25.414160000000017,,,43.431860000000036,,,20.414160000000017,,,30.414160000000017,,,45.82832000000003,,,23.01770000000002,
14540708000,1789023956380249000,,,,True,visual_video_estimate,,,,,,,,,,,,,,,,,,5.407080000000004,,,20.814160000000008,,,13.110620000000006,,,20.814160000000008,,,36.628320000000016,,,15.814160000000008,,,25.814160000000008,,,39.33186000000002,,,18.517700000000012,,,25.814160000000008,,,44.33186000000002,,,20.814160000000008,,,30.814160000000008,,,46.628320000000016,,,23.517700000000012,
14580712000,1789023956420253000,,,,True,visual_video_estimate,,,,,,,,,,,,,,,,,,5.807120000000001,,,21.614240000000002,,,13.710680000000002,,,21.614240000000002,,,38.228480000000005,,,16.614240000000002,,,26.614240000000002,,,41.13204,,,19.5178,,,26.614240000000002,,,46.13204,,,21.614240000000002,,,31.614240000000002,,,48.228480000000005,,,24.5178,
14640713000,1789023956480254000,,,,True,visual_video_estimate,,,,,,,,,,,,,,,,,,6.407129999999999,,,22.814259999999997,,,14.610694999999998,,,22.814259999999997,,,40.628519999999995,,,17.814259999999997,,,27.814259999999997,,,43.83208499999999,,,21.017824999999995,,,27.814259999999997,,,48.83208499999999,,,22.814259999999997,,,32.81426,,,50.628519999999995,,,26.017824999999995,
14660717000,1789023956500258000,,,,True,visual_video_estimate,,,,,,,,,,,,,,,,,,6.60717,,,23.21434,,,14.910755,,,23.21434,,,41.42868,,,18.21434,,,28.21434,,,44.732265,,,21.517924999999998,,,28.21434,,,49.732265,,,23.21434,,,33.21434,,,51.42868,,,26.517924999999998,
14700717000,1789023956540258000,,,,True,visual_video_estimate,,,,,,,,,,,,,,,,,,7.0071699999999915,,,24.014339999999983,,,15.510754999999987,,,24.014339999999983,,,43.028679999999966,,,19.014339999999983,,,29.014339999999983,,,46.53226499999996,,,22.517924999999977,,,29.014339999999983,,,51.53226499999996,,,24.014339999999983,,,34.01433999999998,,,53.028679999999966,,,27.517924999999977,
14720717000,1789023956560258000,,,,True,visual_video_estimate,,,,,,,,,,,,,,,,,,7.207170000000005,,,24.41434000000001,,,15.810755000000007,,,24.41434000000001,,,43.82868000000002,,,19.41434000000001,,,29.41434000000001,,,47.43226500000002,,,23.017925000000012,,,29.41434000000001,,,52.43226500000002,,,24.41434000000001,,,34.41434000000001,,,53.82868000000002,,,28.017925000000012,
14760722000,1789023956600263000,,,,True,visual_video_estimate,,,,,,,,,,,,,,,,,,7.6072199999999945,,,25.21443999999999,,,16.41082999999999,,,25.21443999999999,,,45.42887999999998,,,20.21443999999999,,,30.21443999999999,,,49.23248999999998,,,24.018049999999988,,,30.21443999999999,,,54.23248999999998,,,25.21443999999999,,,35.21443999999999,,,55.42887999999998,,,29.018049999999988,
14800722000,1789023956640263000,,,,True,visual_video_estimate,,,,,,,,,,,,,,,,,,8.007220000000004,,,26.014440000000008,,,17.010830000000006,,,26.014440000000008,,,47.028880000000015,,,21.014440000000008,,,31.014440000000008,,,51.03249000000002,,,25.01805000000001,,,31.014440000000008,,,56.03249000000002,,,26.014440000000008,,,36.01444000000001,,,57.028880000000015,,,30.01805000000001,
14820722000,1789023956660263000,,,,True,visual_video_estimate,,,,,,,,,,,,,,,,,,8.20722,,,26.41444,,,17.31083,,,26.41444,,,47.82888,,,21.41444,,,31.41444,,,51.93249,,,25.51805,,,31.41444,,,56.93249,,,26.41444,,,36.41444,,,57.82888,,,30.51805,
14860726000,1789023956700267000,,,,True,visual_video_estimate,,,,,,,,,,,,,,,,,,8.607259999999997,,,27.214519999999993,,,17.910889999999995,,,27.214519999999993,,,49.429039999999986,,,22.214519999999993,,,32.21451999999999,,,53.732669999999985,,,26.51814999999999,,,32.21451999999999,,,58.732669999999985,,,27.214519999999993,,,37.21451999999999,,,59.429039999999986,,,31.51814999999999,
14900726000,1789023956740267000,,,,True,visual_video_estimate,,,,,,,,,,,,,,,,,,9.007260000000006,,,28.01452000000001,,,18.51089000000001,,,28.01452000000001,,,51.02904000000002,,,23.01452000000001,,,33.01452000000001,,,55.532670000000024,,,27.518150000000013,,,33.01452000000001,,,60.532670000000024,,,28.01452000000001,,,38.01452000000001,,,61.02904000000002,,,32.51815000000001,
14960731000,1789023956800272000,,,,True,visual_video_estimate,,,,,,,,,,,,,,,,,,9.607309999999991,,,29.214619999999982,,,19.410964999999987,,,29.214619999999982,,,53.429239999999965,,,24.214619999999982,,,34.21461999999998,,,58.23289499999996,,,29.018274999999978,,,34.21461999999998,,,63.23289499999996,,,29.214619999999982,,,39.21461999999998,,,63.429239999999965,,,34.018274999999974,
15000731000,1789023956840272000,,,,True,visual_video_estimate,,,,,,,,,,,,,,,,,,10,,,30,,,20,,,30,,,55,,,25,,,35,,,60,,,30,,,35,,,65,,,30,,,40,,,65,,,35,
15020731000,1789023956860272000,,,,True,visual_video_estimate,,,,,,,,,,,,,,,,,,10,,,30,,,20,,,30,,,55,,,25,,,35,,,60,,,30,,,35,,,65,,,30,,,40,,,65,,,35,
15060736000,1789023956900277000,,,,True,visual_video_estimate,,,,,,,,,,,,,,,,,,10,,,30,,,20,,,30,,,55,,,25,,,35,,,60,,,30,,,35,,,65,,,30,,,40,,,65,,,35,
15100736000,1789023956940277000,,,,True,visual_video_estimate,,,,,,,,,,,,,,,,,,10,,,30,,,20,,,30,,,55,,,25,,,35,,,60,,,30,,,35,,,65,,,30,,,40,,,65,,,35,
15160740000,1789023957000281000,,,,True,visual_video_estimate,,,,,,,,,,,,,,,,,,10,,,30,,,20,,,30,,,55,,,25,,,35,,,60,,,30,,,35,,,65,,,30,,,40,,,65,,,35,
15180740000,1789023957020281000,,,,True,visual_video_estimate,,,,,,,,,,,,,,,,,,10,,,30,,,20,,,30,,,55,,,25,,,35,,,60,,,30,,,35,,,65,,,30,,,40,,,65,,,35,
15220740000,1789023957060281000,,,,True,visual_video_estimate,,,,,,,,,,,,,,,,,,10,,,30,,,20,,,30,,,55,,,25,,,35,,,60,,,30,,,35,,,65,,,30,,,40,,,65,,,35,
15280745000,1789023957120286000,,,,True,visual_video_estimate,,,,,,,,,,,,,,,,,,10,,,30,,,20,,,30,,,55,,,25,,,35,,,60,,,30,,,35,,,65,,,30,,,40,,,65,,,35,
15300745000,1789023957140286000,,,,True,visual_video_estimate,,,,,,,,,,,,,,,,,,10,,,30,,,20,,,30,,,55,,,25,,,35,,,60,,,30,,,35,,,65,,,30,,,40,,,65,,,35,
15320749000,1789023957160290000,,,,True,visual_video_estimate,,,,,,,,,,,,,,,,,,10,,,30,,,20,,,30,,,55,,,25,,,35,,,60,,,30,,,35,,,65,,,30,,,40,,,65,,,35,
15360749000,1789023957200290000,,,,True,visual_video_estimate,,,,,,,,,,,,,,,,,,10,,,30,,,20,,,30,,,55,,,25,,,35,,,60,,,30,,,35,,,65,,,30,,,40,,,65,,,35,
15380749000,1789023957220290000,,,,True,visual_video_estimate,,,,,,,,,,,,,,,,,,10,,,30,,,20,,,30,,,55,,,25,,,35,,,60,,,30,,,35,,,65,,,30,,,40,,,65,,,35,
15460754000,1789023957300295000,,,,True,visual_video_estimate,,,,,,,,,,,,,,,,,,10,,,30,,,20,,,30,,,55,,,25,,,35,,,60,,,30,,,35,,,65,,,30,,,40,,,65,,,35,
15500754000,1789023957340295000,,,,True,visual_video_estimate,,,,,,,,,,,,,,,,,,10,,,30,,,20,,,30,,,55,,,25,,,35,,,60,,,30,,,35,,,65,,,30,,,40,,,65,,,35,
15520759000,1789023957360300000,,,,True,visual_video_estimate,,,,,,,,,,,,,,,,,,10,,,30,,,20,,,30,,,55,,,25,,,35,,,60,,,30,,,35,,,65,,,30,,,40,,,65,,,35,
15580759000,1789023957420300000,,,,True,visual_video_estimate,,,,,,,,,,,,,,,,,,10,,,30,,,20,,,30,,,55,,,25,,,35,,,60,,,30,,,35,,,65,,,30,,,40,,,65,,,35,
15600763000,1789023957440304000,,,,True,visual_video_estimate,,,,,,,,,,,,,,,,,,10,,,30,,,20,,,30,,,55,,,25,,,35,,,60,,,30,,,35,,,65,,,30,,,40,,,65,,,35,
15640763000,1789023957480304000,,,,True,visual_video_estimate,,,,,,,,,,,,,,,,,,10,,,30,,,20,,,30,,,55,,,25,,,35,,,60,,,30,,,35,,,65,,,30,,,40,,,65,,,35,
15680763000,1789023957520304000,,,,True,visual_video_estimate,,,,,,,,,,,,,,,,,,10,,,30,,,20,,,30,,,55,,,25,,,35,,,60,,,30,,,35,,,65,,,30,,,40,,,65,,,35,
15700768000,1789023957540309000,,,,True,visual_video_estimate,,,,,,,,,,,,,,,,,,10,,,30,,,20,,,30,,,55,,,25,,,35,,,60,,,30,,,35,,,65,,,30,,,40,,,65,,,35,
15740768000,1789023957580309000,,,,True,visual_video_estimate,,,,,,,,,,,,,,,,,,10,,,30,,,20,,,30,,,55,,,25,,,35,,,60,,,30,,,35,,,65,,,30,,,40,,,65,,,35,
15780768000,1789023957620309000,,,,True,visual_video_estimate,,,,,,,,,,,,,,,,,,10,,,30,,,20,,,30,,,55,,,25,,,35,,,60,,,30,,,35,,,65,,,30,,,40,,,65,,,35,
15820773000,1789023957660314000,,,,True,visual_video_estimate,,,,,,,,,,,,,,,,,,10,,,30,,,20,,,30,,,55,,,25,,,35,,,60,,,30,,,35,,,65,,,30,,,40,,,65,,,35,
15840773000,1789023957680314000,,,,True,visual_video_estimate,,,,,,,,,,,,,,,,,,10,,,30,,,20,,,30,,,55,,,25,,,35,,,60,,,30,,,35,,,65,,,30,,,40,,,65,,,35,
15860773000,1789023957700314000,,,,True,visual_video_estimate,,,,,,,,,,,,,,,,,,10,,,30,,,20,,,30,,,55,,,25,,,35,,,60,,,30,,,35,,,65,,,30,,,40,,,65,,,35,
15900777000,1789023957740318000,,,,True,visual_video_estimate,,,,,,,,,,,,,,,,,,10,,,30,,,20,,,30,,,55,,,25,,,35,,,60,,,30,,,35,,,65,,,30,,,40,,,65,,,35,
15960777000,1789023957800318000,,,,True,visual_video_estimate,,,,,,,,,,,,,,,,,,10,,,30,,,20,,,30,,,55,,,25,,,35,,,60,,,30,,,35,,,65,,,30,,,40,,,65,,,35,
15980782000,1789023957820323000,,,,True,visual_video_estimate,,,,,,,,,,,,,,,,,,10,,,30,,,20,,,30,,,55,,,25,,,35,,,60,,,30,,,35,,,65,,,30,,,40,,,65,,,35,
16000782000,1789023957840323000,,,,True,visual_video_estimate,,,,,,,,,,,,,,,,,,9.99217999999999,,,29.98435999999998,,,19.988269999999986,,,29.98435999999998,,,54.96871999999996,,,24.98435999999998,,,34.98435999999998,,,59.96480999999996,,,29.980449999999976,,,34.98435999999998,,,64.96480999999996,,,29.98435999999998,,,39.98435999999998,,,64.96871999999996,,,34.980449999999976,
16040782000,1789023957880323000,,,,True,visual_video_estimate,,,,,,,,,,,,,,,,,,9.592179999999999,,,29.184359999999998,,,19.38827,,,29.184359999999998,,,53.368719999999996,,,24.184359999999998,,,34.18436,,,58.164809999999996,,,28.980449999999998,,,34.18436,,,63.164809999999996,,,29.184359999999998,,,39.18436,,,63.368719999999996,,,33.98045,
16080786000,1789023957920327000,,,,True,visual_video_estimate,,,,,,,,,,,,,,,,,,9.192140000000002,,,28.384280000000004,,,18.788210000000003,,,28.384280000000004,,,51.76856000000001,,,23.384280000000004,,,33.384280000000004,,,56.364630000000005,,,27.980350000000005,,,33.384280000000004,,,61.364630000000005,,,28.384280000000004,,,38.384280000000004,,,61.76856000000001,,,32.98035,
16140787000,1789023957980328000,,,,True,visual_video_estimate,,,,,,,,,,,,,,,,,,8.592130000000004,,,27.18426000000001,,,17.888195000000007,,,27.18426000000001,,,49.36852000000002,,,22.18426000000001,,,32.18426000000001,,,53.66458500000002,,,26.48032500000001,,,32.18426000000001,,,58.66458500000002,,,27.18426000000001,,,37.18426000000001,,,59.36852000000002,,,31.48032500000001,
16180791000,1789023958020332000,,,,True,visual_video_estimate,,,,,,,,,,,,,,,,,,8.192090000000007,,,26.384180000000015,,,17.28813500000001,,,26.384180000000015,,,47.76836000000003,,,21.384180000000015,,,31.384180000000015,,,51.86440500000003,,,25.48022500000002,,,31.384180000000015,,,56.86440500000003,,,26.384180000000015,,,36.384180000000015,,,57.76836000000003,,,30.48022500000002,
16200791000,1789023958040332000,,,,True,visual_video_estimate,,,,,,,,,,,,,,,,,,7.992090000000012,,,25.984180000000023,,,16.988135000000018,,,25.984180000000023,,,46.96836000000005,,,20.984180000000023,,,30.984180000000023,,,50.964405000000056,,,24.98022500000003,,,30.984180000000023,,,55.964405000000056,,,25.984180000000023,,,35.98418000000002,,,56.96836000000005,,,29.98022500000003,
16240791000,1789023958080332000,,,,True,visual_video_estimate,,,,,,,,,,,,,,,,,,7.592089999999985,,,25.18417999999997,,,16.388134999999977,,,25.18417999999997,,,45.36835999999994,,,20.18417999999997,,,30.18417999999997,,,49.16440499999993,,,23.98022499999996,,,30.18417999999997,,,54.16440499999993,,,25.18417999999997,,,35.18417999999997,,,55.36835999999994,,,28.98022499999996,
16280796000,1789023958120337000,,,,True,visual_video_estimate,,,,,,,,,,,,,,,,,,7.192040000000013,,,24.384080000000026,,,15.78806000000002,,,24.384080000000026,,,43.76816000000005,,,19.384080000000026,,,29.384080000000026,,,47.36418000000006,,,22.980100000000032,,,29.384080000000026,,,52.36418000000006,,,24.384080000000026,,,34.384080000000026,,,53.76816000000005,,,27.980100000000032,
16300796000,1789023958140337000,,,,True,visual_video_estimate,,,,,,,,,,,,,,,,,,6.992040000000017,,,23.984080000000034,,,15.488060000000026,,,23.984080000000034,,,42.96816000000007,,,18.984080000000034,,,28.984080000000034,,,46.46418000000008,,,22.480100000000043,,,28.984080000000034,,,51.46418000000008,,,23.984080000000034,,,33.984080000000034,,,52.96816000000007,,,27.480100000000043,
16340796000,1789023958180337000,,,,True,visual_video_estimate,,,,,,,,,,,,,,,,,,6.59203999999999,,,23.18407999999998,,,14.888059999999985,,,23.18407999999998,,,41.36815999999996,,,18.18407999999998,,,28.18407999999998,,,44.66417999999996,,,21.480099999999975,,,28.18407999999998,,,49.66417999999996,,,23.18407999999998,,,33.18407999999998,,,51.36815999999996,,,26.480099999999975,
16360800000,1789023958200341000,,,,True,visual_video_estimate,,,,,,,,,,,,,,,,,,6.391999999999989,,,22.783999999999978,,,14.587999999999983,,,22.783999999999978,,,40.567999999999955,,,17.783999999999978,,,27.783999999999978,,,43.76399999999995,,,20.979999999999972,,,27.783999999999978,,,48.76399999999995,,,22.783999999999978,,,32.78399999999998,,,50.567999999999955,,,25.979999999999972,
16420800000,1789023958260341000,,,,True,visual_video_estimate,,,,,,,,,,,,,,,,,,5.792000000000002,,,21.584000000000003,,,13.688000000000002,,,21.584000000000003,,,38.168000000000006,,,16.584000000000003,,,26.584000000000003,,,41.06400000000001,,,19.480000000000004,,,26.584000000000003,,,46.06400000000001,,,21.584000000000003,,,31.584000000000003,,,48.168000000000006,,,24.480000000000004,
16440800000,1789023958280341000,,,,True,visual_video_estimate,,,,,,,,,,,,,,,,,,5.592000000000006,,,21.18400000000001,,,13.388000000000009,,,21.18400000000001,,,37.36800000000002,,,16.18400000000001,,,26.18400000000001,,,40.16400000000003,,,18.980000000000015,,,26.18400000000001,,,45.16400000000003,,,21.18400000000001,,,31.18400000000001,,,47.36800000000002,,,23.980000000000015,
16460805000,1789023958300346000,,,,True,visual_video_estimate,,,,,,,,,,,,,,,,,,5.391949999999994,,,20.78389999999999,,,13.087924999999991,,,20.78389999999999,,,36.56779999999998,,,15.783899999999988,,,25.78389999999999,,,39.263774999999974,,,18.479874999999986,,,25.78389999999999,,,44.263774999999974,,,20.78389999999999,,,30.78389999999999,,,46.56779999999998,,,23.479874999999986,
16520805000,1789023958360346000,,,,True,visual_video_estimate,,,,,,,,,,,,,,,,,,4.791950000000007,,,19.583900000000014,,,12.18792500000001,,,19.583900000000014,,,34.16780000000003,,,14.583900000000014,,,24.583900000000014,,,36.563775000000035,,,16.979875000000018,,,24.583900000000014,,,41.563775000000035,,,19.583900000000014,,,29.583900000000014,,,44.16780000000003,,,21.979875000000018,
16540805000,1789023958380346000,,,,True,visual_video_estimate,,,,,,,,,,,,,,,,,,4.591950000000011,,,19.183900000000023,,,11.887925000000017,,,19.183900000000023,,,33.367800000000045,,,14.183900000000023,,,24.183900000000023,,,35.66377500000005,,,16.47987500000003,,,24.183900000000023,,,40.66377500000005,,,19.183900000000023,,,29.183900000000023,,,43.367800000000045,,,21.47987500000003,
16600810000,1789023958440351000,,,,True,visual_video_estimate,,,,,,,,,,,,,,,,,,3.991900000000008,,,17.983800000000016,,,10.987850000000012,,,17.983800000000016,,,30.967600000000033,,,12.983800000000016,,,22.983800000000016,,,32.96355000000004,,,14.97975000000002,,,22.983800000000016,,,37.96355000000004,,,17.983800000000016,,,27.983800000000016,,,40.96760000000003,,,19.97975000000002,
16640810000,1789023958480351000,,,,True,visual_video_estimate,,,,,,,,,,,,,,,,,,3.5919000000000167,,,17.183800000000033,,,10.387850000000025,,,17.183800000000033,,,29.367600000000067,,,12.183800000000033,,,22.183800000000033,,,31.163550000000075,,,13.979750000000042,,,22.183800000000033,,,36.16355000000007,,,17.183800000000033,,,27.183800000000033,,,39.36760000000007,,,18.979750000000042,
16660814000,1789023958500355000,,,,True,visual_video_estimate,,,,,,,,,,,,,,,,,,3.3918600000000154,,,16.78372000000003,,,10.087790000000023,,,16.78372000000003,,,28.56744000000006,,,11.78372000000003,,,21.78372000000003,,,30.26337000000007,,,13.479650000000039,,,21.78372000000003,,,35.263370000000066,,,16.78372000000003,,,26.78372000000003,,,38.56744000000006,,,18.47965000000004,
16700814000,1789023958540355000,,,,True,visual_video_estimate,,,,,,,,,,,,,,,,,,2.9918599999999884,,,15.983719999999977,,,9.487789999999983,,,15.983719999999977,,,26.967439999999954,,,10.983719999999977,,,20.983719999999977,,,28.463369999999948,,,12.479649999999971,,,20.983719999999977,,,33.46336999999995,,,15.983719999999977,,,25.983719999999977,,,36.967439999999954,,,17.47964999999997,
16740819000,1789023958580360000,,,,True,visual_video_estimate,,,,,,,,,,,,,,,,,,2.5918100000000166,,,15.183620000000033,,,8.887715000000025,,,15.183620000000033,,,25.367240000000066,,,10.183620000000033,,,20.183620000000033,,,26.66314500000007,,,11.479525000000042,,,20.183620000000033,,,31.66314500000007,,,15.183620000000033,,,25.183620000000033,,,35.367240000000066,,,16.47952500000004,
16780819000,1789023958620360000,,,,True,visual_video_estimate,,,,,,,,,,,,,,,,,,2.1918099999999896,,,14.38361999999998,,,8.287714999999984,,,14.38361999999998,,,23.76723999999996,,,9.38361999999998,,,19.38361999999998,,,24.863144999999953,,,10.479524999999974,,,19.38361999999998,,,29.863144999999953,,,14.38361999999998,,,24.38361999999998,,,33.76723999999996,,,15.479524999999974,
16800819000,1789023958640360000,,,,True,visual_video_estimate,,,,,,,,,,,,,,,,,,1.9918099999999939,,,13.983619999999988,,,7.987714999999991,,,13.983619999999988,,,22.967239999999975,,,8.983619999999988,,,18.983619999999988,,,23.96314499999997,,,9.979524999999985,,,18.983619999999988,,,28.96314499999997,,,13.983619999999988,,,23.983619999999988,,,32.967239999999975,,,14.979524999999985,
16860823000,1789023958700364000,,,,True,visual_video_estimate,,,,,,,,,,,,,,,,,,1.391770000000001,,,12.783540000000002,,,7.087655000000002,,,12.783540000000002,,,20.567080000000004,,,7.783540000000002,,,17.783540000000002,,,21.26296500000001,,,8.479425000000003,,,17.783540000000002,,,26.26296500000001,,,12.783540000000002,,,22.783540000000002,,,30.567080000000004,,,13.479425000000003,
16880823000,1789023958720364000,,,,True,visual_video_estimate,,,,,,,,,,,,,,,,,,1.1917700000000053,,,12.38354000000001,,,6.787655000000008,,,12.38354000000001,,,19.76708000000002,,,7.383540000000011,,,17.38354000000001,,,20.362965000000024,,,7.979425000000013,,,17.38354000000001,,,25.362965000000024,,,12.38354000000001,,,22.38354000000001,,,29.76708000000002,,,12.979425000000013,
16900823000,1789023958740364000,,,,True,visual_video_estimate,,,,,,,,,,,,,,,,,,0.9917700000000096,,,11.98354000000002,,,6.487655000000014,,,11.98354000000002,,,18.96708000000004,,,6.983540000000019,,,16.98354000000002,,,19.46296500000004,,,7.479425000000024,,,16.98354000000002,,,24.46296500000004,,,11.98354000000002,,,21.98354000000002,,,28.96708000000004,,,12.479425000000024,
16960828000,1789023958800369000,,,,True,visual_video_estimate,,,,,,,,,,,,,,,,,,0.3917200000000065,,,10.783440000000013,,,5.58758000000001,,,10.783440000000013,,,16.566880000000026,,,5.783440000000013,,,15.783440000000013,,,16.76274000000003,,,5.979300000000016,,,15.783440000000013,,,21.76274000000003,,,10.783440000000013,,,20.783440000000013,,,26.566880000000026,,,10.979300000000016,
17000828000,1789023958840369000,,,,True,visual_video_estimate,,,,,,,,,,,,,,,,,,0.008279999999984966,,,10.012419999999977,,,5.0041399999999925,,,10.008279999999985,,,15.01655999999997,,,5.008279999999985,,,15.008279999999985,,,15.020699999999962,,,5.008279999999985,,,15.008279999999985,,,20.020699999999962,,,10.008279999999985,,,20.008279999999985,,,25.020699999999962,,,10.012419999999977,
17040833000,1789023958880374000,,,,True,visual_video_estimate,,,,,,,,,,,,,,,,,,0.4083299999999923,,,10.612494999999988,,,5.204164999999996,,,10.408329999999992,,,15.816659999999985,,,5.408329999999992,,,15.408329999999992,,,16.02082499999998,,,5.408329999999992,,,15.408329999999992,,,21.02082499999998,,,10.408329999999992,,,20.408329999999992,,,26.02082499999998,,,10.612494999999988,
17060833000,1789023958900374000,,,,True,visual_video_estimate,,,,,,,,,,,,,,,,,,0.608329999999988,,,10.912494999999982,,,5.304164999999994,,,10.608329999999988,,,16.216659999999976,,,5.608329999999988,,,15.608329999999988,,,16.52082499999997,,,5.608329999999988,,,15.608329999999988,,,21.52082499999997,,,10.608329999999988,,,20.608329999999988,,,26.52082499999997,,,10.912494999999982,
17100833000,1789023958940374000,,,,True,visual_video_estimate,,,,,,,,,,,,,,,,,,1.008330000000015,,,11.512495000000023,,,5.5041650000000075,,,11.008330000000015,,,17.01666000000003,,,6.008330000000015,,,16.008330000000015,,,17.520825000000038,,,6.008330000000015,,,16.008330000000015,,,22.520825000000038,,,11.008330000000015,,,21.008330000000015,,,27.520825000000038,,,11.512495000000023,
17160837000,1789023959000378000,,,,True,visual_video_estimate,,,,,,,,,,,,,,,,,,1.6083700000000078,,,12.412555000000012,,,5.804185000000004,,,11.608370000000008,,,18.216740000000016,,,6.608370000000008,,,16.608370000000008,,,19.02092500000002,,,6.608370000000008,,,16.608370000000008,,,24.02092500000002,,,11.608370000000008,,,21.608370000000008,,,29.02092500000002,,,12.412555000000012,
17180837000,1789023959020378000,,,,True,visual_video_estimate,,,,,,,,,,,,,,,,,,1.8083700000000036,,,12.712555000000005,,,5.904185000000002,,,11.808370000000004,,,18.616740000000007,,,6.808370000000004,,,16.808370000000004,,,19.52092500000001,,,6.808370000000004,,,16.808370000000004,,,24.52092500000001,,,11.808370000000004,,,21.808370000000004,,,29.52092500000001,,,12.712555000000005,
17220842000,1789023959060383000,,,,True,visual_video_estimate,,,,,,,,,,,,,,,,,,2.208420000000011,,,13.312630000000016,,,6.1042100000000055,,,12.208420000000011,,,19.416840000000022,,,7.208420000000011,,,17.20842000000001,,,20.521050000000027,,,7.208420000000011,,,17.20842000000001,,,25.521050000000027,,,12.208420000000011,,,22.20842000000001,,,30.521050000000027,,,13.312630000000016,
17280842000,1789023959120383000,,,,True,visual_video_estimate,,,,,,,,,,,,,,,,,,2.808419999999998,,,14.212629999999997,,,6.404209999999999,,,12.808419999999998,,,20.616839999999996,,,7.808419999999998,,,17.808419999999998,,,22.021049999999995,,,7.808419999999998,,,17.808419999999998,,,27.021049999999995,,,12.808419999999998,,,22.808419999999998,,,32.021049999999995,,,14.212629999999997,
17300842000,1789023959140383000,,,,True,visual_video_estimate,,,,,,,,,,,,,,,,,,3.008419999999994,,,14.51262999999999,,,6.504209999999997,,,13.008419999999994,,,21.016839999999988,,,8.008419999999994,,,18.008419999999994,,,22.521049999999985,,,8.008419999999994,,,18.008419999999994,,,27.521049999999985,,,13.008419999999994,,,23.008419999999994,,,32.52104999999999,,,14.51262999999999,
17320846000,1789023959160387000,,,,True,visual_video_estimate,,,,,,,,,,,,,,,,,,3.208459999999995,,,14.812689999999993,,,6.604229999999998,,,13.208459999999995,,,21.41691999999999,,,8.208459999999995,,,18.208459999999995,,,23.021149999999988,,,8.208459999999995,,,18.208459999999995,,,28.021149999999988,,,13.208459999999995,,,23.208459999999995,,,33.02114999999999,,,14.812689999999993,
17360847000,1789023959200388000,,,,True,visual_video_estimate,,,,,,,,,,,,,,,,,,3.608469999999997,,,15.412704999999995,,,6.8042349999999985,,,13.608469999999997,,,22.216939999999994,,,8.608469999999997,,,18.608469999999997,,,24.021174999999992,,,8.608469999999997,,,18.608469999999997,,,29.021174999999992,,,13.608469999999997,,,23.608469999999997,,,34.02117499999999,,,15.412704999999995,
17400847000,1789023959240388000,,,,True,visual_video_estimate,,,,,,,,,,,,,,,,,,4.008469999999988,,,16.012704999999983,,,7.004234999999994,,,14.008469999999988,,,23.016939999999977,,,9.008469999999988,,,19.00846999999999,,,25.02117499999997,,,9.008469999999988,,,19.00846999999999,,,30.02117499999997,,,14.008469999999988,,,24.00846999999999,,,35.02117499999997,,,16.012704999999983,
17440851000,1789023959280392000,,,,True,visual_video_estimate,,,,,,,,,,,,,,,,,,4.4085099999999855,,,16.61276499999998,,,7.204254999999993,,,14.408509999999985,,,23.81701999999997,,,9.408509999999985,,,19.408509999999985,,,26.021274999999964,,,9.408509999999985,,,19.408509999999985,,,31.021274999999964,,,14.408509999999985,,,24.408509999999985,,,36.02127499999996,,,16.61276499999998,
17500856000,1789023959340397000,,,,True,visual_video_estimate,,,,,,,,,,,,,,,,,,5.008559999999989,,,17.512839999999983,,,7.504279999999994,,,15.008559999999989,,,25.017119999999977,,,10.008559999999989,,,20.00855999999999,,,27.52139999999997,,,10.008559999999989,,,20.00855999999999,,,32.52139999999997,,,15.008559999999989,,,25.00855999999999,,,37.52139999999997,,,17.512839999999983,
17520856000,1789023959360397000,,,,True,visual_video_estimate,,,,,,,,,,,,,,,,,,5.208559999999984,,,17.812839999999976,,,7.604279999999992,,,15.208559999999984,,,25.41711999999997,,,10.208559999999984,,,20.208559999999984,,,28.02139999999996,,,10.208559999999984,,,20.208559999999984,,,33.02139999999996,,,15.208559999999984,,,25.208559999999984,,,38.02139999999996,,,17.812839999999976,
17540856000,1789023959380397000,,,,True,visual_video_estimate,,,,,,,,,,,,,,,,,,5.408560000000016,,,18.112840000000023,,,7.704280000000008,,,15.408560000000016,,,25.81712000000003,,,10.408560000000016,,,20.408560000000016,,,28.52140000000004,,,10.408560000000016,,,20.408560000000016,,,33.52140000000004,,,15.408560000000016,,,25.408560000000016,,,38.52140000000004,,,18.112840000000023,
17600860000,1789023959440401000,,,,True,visual_video_estimate,,,,,,,,,,,,,,,,,,6.008600000000008,,,19.012900000000013,,,8.004300000000004,,,16.00860000000001,,,27.017200000000017,,,11.008600000000008,,,21.00860000000001,,,30.02150000000002,,,11.008600000000008,,,21.00860000000001,,,35.02150000000002,,,16.00860000000001,,,26.00860000000001,,,40.02150000000002,,,19.012900000000013,
17640860000,1789023959480401000,,,,True,visual_video_estimate,,,,,,,,,,,,,,,,,,6.4086,,,19.6129,,,8.2043,,,16.4086,,,27.8172,,,11.4086,,,21.4086,,,31.0215,,,11.4086,,,21.4086,,,36.0215,,,16.4086,,,26.4086,,,41.0215,,,19.6129,
17660861000,1789023959500402000,,,,True,visual_video_estimate,,,,,,,,,,,,,,,,,,6.608610000000006,,,19.91291500000001,,,8.304305000000003,,,16.608610000000006,,,28.21722000000001,,,11.608610000000006,,,21.608610000000006,,,31.521525000000015,,,11.608610000000006,,,21.608610000000006,,,36.52152500000001,,,16.608610000000006,,,26.608610000000006,,,41.52152500000001,,,19.91291500000001,
17680861000,1789023959520402000,,,,True,visual_video_estimate,,,,,,,,,,,,,,,,,,6.808610000000002,,,20.212915000000002,,,8.404305,,,16.80861,,,28.617220000000003,,,11.808610000000002,,,21.80861,,,32.021525000000004,,,11.808610000000002,,,21.80861,,,37.021525000000004,,,16.80861,,,26.80861,,,42.021525000000004,,,20.212915000000002,
17740865000,1789023959580406000,,,,True,visual_video_estimate,,,,,,,,,,,,,,,,,,7.408649999999994,,,21.11297499999999,,,8.704324999999997,,,17.408649999999994,,,29.81729999999999,,,12.408649999999994,,,22.408649999999994,,,33.521624999999986,,,12.408649999999994,,,22.408649999999994,,,38.521624999999986,,,17.408649999999994,,,27.408649999999994,,,43.521624999999986,,,21.11297499999999,
17780865000,1789023959620406000,,,,True,visual_video_estimate,,,,,,,,,,,,,,,,,,7.808649999999986,,,21.71297499999998,,,8.904324999999993,,,17.808649999999986,,,30.61729999999997,,,12.808649999999986,,,22.808649999999986,,,34.521624999999965,,,12.808649999999986,,,22.808649999999986,,,39.521624999999965,,,17.808649999999986,,,27.808649999999986,,,44.521624999999965,,,21.71297499999998,
17820870000,1789023959660411000,,,,True,visual_video_estimate,,,,,,,,,,,,,,,,,,8.208699999999993,,,22.31304999999999,,,9.104349999999997,,,18.208699999999993,,,31.417399999999986,,,13.208699999999993,,,23.208699999999993,,,35.52174999999998,,,13.208699999999993,,,23.208699999999993,,,40.52174999999998,,,18.208699999999993,,,28.208699999999993,,,45.52174999999998,,,22.31304999999999,
17860870000,1789023959700411000,,,,True,visual_video_estimate,,,,,,,,,,,,,,,,,,8.608699999999985,,,22.913049999999977,,,9.304349999999992,,,18.608699999999985,,,32.21739999999997,,,13.608699999999985,,,23.608699999999985,,,36.52174999999996,,,13.608699999999985,,,23.608699999999985,,,41.52174999999996,,,18.608699999999985,,,28.608699999999985,,,46.52174999999996,,,22.913049999999977,
17880874000,1789023959720415000,,,,True,visual_video_estimate,,,,,,,,,,,,,,,,,,8.808739999999986,,,23.21310999999998,,,9.404369999999993,,,18.808739999999986,,,32.61747999999997,,,13.808739999999986,,,23.808739999999986,,,37.021849999999965,,,13.808739999999986,,,23.808739999999986,,,42.021849999999965,,,18.808739999999986,,,28.808739999999986,,,47.021849999999965,,,23.21310999999998,
17900874000,1789023959740415000,,,,True,visual_video_estimate,,,,,,,,,,,,,,,,,,9.008740000000017,,,23.513110000000026,,,9.504370000000009,,,19.008740000000017,,,33.017480000000035,,,14.008740000000017,,,24.008740000000017,,,37.52185000000004,,,14.008740000000017,,,24.008740000000017,,,42.52185000000004,,,19.008740000000017,,,29.008740000000017,,,47.52185000000004,,,23.513110000000026,
17960874000,1789023959800415000,,,,True,visual_video_estimate,,,,,,,,,,,,,,,,,,9.608740000000004,,,24.413110000000007,,,9.804370000000002,,,19.608740000000004,,,34.21748000000001,,,14.608740000000004,,,24.608740000000004,,,39.021850000000015,,,14.608740000000004,,,24.608740000000004,,,44.021850000000015,,,19.608740000000004,,,29.608740000000004,,,49.021850000000015,,,24.413110000000007,
18000879000,1789023959840420000,,,,True,visual_video_estimate,,,,,,,,,,,,,,,,,,9.991209999999988,,,24.982419999999976,,,9.991209999999988,,,19.982419999999976,,,34.973629999999964,,,14.986814999999982,,,24.97802499999997,,,39.969234999999955,,,14.986814999999982,,,24.97802499999997,,,44.96483999999995,,,19.982419999999976,,,29.973629999999964,,,49.96044499999995,,,24.97802499999997,
18040879000,1789023959880420000,,,,True,visual_video_estimate,,,,,,,,,,,,,,,,,,9.591209999999997,,,24.182419999999993,,,9.591209999999997,,,19.182419999999993,,,33.77362999999999,,,14.386814999999995,,,23.97802499999999,,,38.56923499999999,,,14.386814999999995,,,23.97802499999999,,,43.36483999999999,,,19.182419999999993,,,28.77362999999999,,,48.16044499999998,,,23.97802499999999,
18060879000,1789023959900420000,,,,True,visual_video_estimate,,,,,,,,,,,,,,,,,,9.391210000000001,,,23.782420000000002,,,9.391210000000001,,,18.782420000000002,,,33.17363,,,14.086815000000001,,,23.478025000000002,,,37.869235,,,14.086815000000001,,,23.478025000000002,,,42.564840000000004,,,18.782420000000002,,,28.173630000000003,,,47.260445000000004,,,23.478025000000002,
18080884000,1789023959920425000,,,,True,visual_video_estimate,,,,,,,,,,,,,,,,,,9.19115999999999,,,23.38231999999998,,,9.19115999999999,,,18.38231999999998,,,32.57347999999997,,,13.786739999999984,,,22.977899999999973,,,37.16905999999996,,,13.786739999999984,,,22.977899999999973,,,41.76463999999996,,,18.38231999999998,,,27.573479999999968,,,46.360219999999956,,,22.977899999999973,
18140884000,1789023959980425000,,,,True,visual_video_estimate,,,,,,,,,,,,,,,,,,8.591160000000002,,,22.182320000000004,,,8.591160000000002,,,17.182320000000004,,,30.773480000000006,,,12.886740000000003,,,21.477900000000005,,,35.06906000000001,,,12.886740000000003,,,21.477900000000005,,,39.36464000000001,,,17.182320000000004,,,25.773480000000006,,,43.66022000000001,,,21.477900000000005,
18180888000,1789023960020429000,,,,True,visual_video_estimate,,,,,,,,,,,,,,,,,,8.191120000000005,,,21.38224000000001,,,8.191120000000005,,,16.38224000000001,,,29.573360000000015,,,12.286680000000008,,,20.477800000000013,,,33.668920000000014,,,12.286680000000008,,,20.477800000000013,,,37.76448000000002,,,16.38224000000001,,,24.573360000000015,,,41.860040000000026,,,20.477800000000013,
18200888000,1789023960040429000,,,,True,visual_video_estimate,,,,,,,,,,,,,,,,,,7.991120000000009,,,20.98224000000002,,,7.991120000000009,,,15.982240000000019,,,28.973360000000028,,,11.986680000000014,,,19.977800000000023,,,32.96892000000003,,,11.986680000000014,,,19.977800000000023,,,36.96448000000004,,,15.982240000000019,,,23.973360000000028,,,40.96004000000004,,,19.977800000000023,
18220888000,1789023960060429000,,,,True,visual_video_estimate,,,,,,,,,,,,,,,,,,7.791120000000014,,,20.582240000000027,,,7.791120000000014,,,15.582240000000027,,,28.37336000000004,,,11.68668000000002,,,19.477800000000034,,,32.26892000000005,,,11.68668000000002,,,19.477800000000034,,,36.164480000000054,,,15.582240000000027,,,23.37336000000004,,,40.06004000000006,,,19.477800000000034,
18260893000,1789023960100434000,,,,True,visual_video_estimate,,,,,,,,,,,,,,,,,,7.391070000000006,,,19.782140000000012,,,7.391070000000006,,,14.782140000000012,,,27.17321000000002,,,11.08660500000001,,,18.477675000000016,,,30.868745000000022,,,11.08660500000001,,,18.477675000000016,,,34.564280000000025,,,14.782140000000012,,,22.17321000000002,,,38.25981500000003,,,18.477675000000016,
18320893000,1789023960160434000,,,,True,visual_video_estimate,,,,,,,,,,,,,,,,,,6.7910699999999835,,,18.582139999999967,,,6.7910699999999835,,,13.582139999999967,,,25.37320999999995,,,10.186604999999975,,,16.97767499999996,,,28.768744999999942,,,10.186604999999975,,,16.97767499999996,,,32.164279999999934,,,13.582139999999967,,,20.37320999999995,,,35.55981499999993,,,16.97767499999996,
18360897000,1789023960200438000,,,,True,visual_video_estimate,,,,,,,,,,,,,,,,,,6.391029999999986,,,17.782059999999973,,,6.391029999999986,,,12.782059999999973,,,24.17308999999996,,,9.58654499999998,,,15.977574999999966,,,27.368604999999953,,,9.58654499999998,,,15.977574999999966,,,30.564119999999946,,,12.782059999999973,,,19.17308999999996,,,33.75963499999994,,,15.977574999999966,
18400897000,1789023960240438000,,,,True,visual_video_estimate,,,,,,,,,,,,,,,,,,5.991029999999995,,,16.98205999999999,,,5.991029999999995,,,11.98205999999999,,,22.973089999999985,,,8.986544999999992,,,14.977574999999987,,,25.968604999999982,,,8.986544999999992,,,14.977574999999987,,,28.96411999999998,,,11.98205999999999,,,17.973089999999985,,,31.959634999999977,,,14.977574999999987,
18420897000,1789023960260438000,,,,True,visual_video_estimate,,,,,,,,,,,,,,,,,,5.791029999999999,,,16.58206,,,5.791029999999999,,,11.582059999999998,,,22.373089999999998,,,8.686544999999999,,,14.477574999999998,,,25.268604999999997,,,8.686544999999999,,,14.477574999999998,,,28.164119999999997,,,11.582059999999998,,,17.373089999999998,,,31.059634999999997,,,14.477574999999998,
18500902000,1789023960340443000,,,,True,visual_video_estimate,,,,,,,,,,,,,,,,,,4.99098,,,14.98196,,,4.99098,,,9.98196,,,19.97294,,,7.486470000000001,,,12.477450000000001,,,22.46843,,,7.486470000000001,,,12.477450000000001,,,24.96392,,,9.98196,,,14.972940000000001,,,27.459410000000002,,,12.477450000000001,
18520902000,1789023960360443000,,,,True,visual_video_estimate,,,,,,,,,,,,,,,,,,4.790980000000005,,,14.58196000000001,,,4.790980000000005,,,9.58196000000001,,,19.372940000000014,,,7.186470000000007,,,11.977450000000012,,,21.768430000000016,,,7.186470000000007,,,11.977450000000012,,,24.16392000000002,,,9.58196000000001,,,14.372940000000014,,,26.55941000000002,,,11.977450000000012,
18540902000,1789023960380443000,,,,True,visual_video_estimate,,,,,,,,,,,,,,,,,,4.590980000000009,,,14.181960000000018,,,4.590980000000009,,,9.181960000000018,,,18.772940000000027,,,6.886470000000013,,,11.477450000000022,,,21.06843000000003,,,6.886470000000013,,,11.477450000000022,,,23.363920000000036,,,9.181960000000018,,,13.772940000000027,,,25.65941000000004,,,11.477450000000022,
18600907000,1789023960440448000,,,,True,visual_video_estimate,,,,,,,,,,,,,,,,,,3.990930000000006,,,12.981860000000012,,,3.990930000000006,,,7.981860000000012,,,16.972790000000018,,,5.986395000000009,,,9.977325000000015,,,18.96825500000002,,,5.986395000000009,,,9.977325000000015,,,20.963720000000023,,,7.981860000000012,,,11.972790000000018,,,22.959185000000026,,,9.977325000000015,
18620907000,1789023960460448000,,,,True,visual_video_estimate,,,,,,,,,,,,,,,,,,3.79093000000001,,,12.58186000000002,,,3.79093000000001,,,7.58186000000002,,,16.37279000000003,,,5.686395000000015,,,9.477325000000025,,,18.268255000000035,,,5.686395000000015,,,9.477325000000025,,,20.16372000000004,,,7.58186000000002,,,11.37279000000003,,,22.059185000000046,,,9.477325000000025,
18660911000,1789023960500452000,,,,True,visual_video_estimate,,,,,,,,,,,,,,,,,,3.390890000000013,,,11.781780000000026,,,3.390890000000013,,,6.781780000000026,,,15.17267000000004,,,5.08633500000002,,,8.477225000000033,,,16.868115000000046,,,5.08633500000002,,,8.477225000000033,,,18.563560000000052,,,6.781780000000026,,,10.17267000000004,,,20.25900500000006,,,8.477225000000033,
18700911000,1789023960540452000,,,,True,visual_video_estimate,,,,,,,,,,,,,,,,,,2.990889999999986,,,10.981779999999972,,,2.990889999999986,,,5.981779999999972,,,13.972669999999958,,,4.486334999999979,,,7.477224999999965,,,15.468114999999951,,,4.486334999999979,,,7.477224999999965,,,16.963559999999944,,,5.981779999999972,,,8.972669999999958,,,18.459004999999937,,,7.477224999999965,
18740916000,1789023960580457000,,,,True,visual_video_estimate,,,,,,,,,,,,,,,,,,2.5908400000000142,,,10.181680000000028,,,2.5908400000000142,,,5.1816800000000285,,,12.772520000000043,,,3.8862600000000214,,,6.477100000000036,,,14.06794000000005,,,3.8862600000000214,,,6.477100000000036,,,15.363360000000057,,,5.1816800000000285,,,7.772520000000043,,,16.658780000000064,,,6.477100000000036,
18780916000,1789023960620457000,,,,True,visual_video_estimate,,,,,,,,,,,,,,,,,,2.1908399999999872,,,9.381679999999974,,,2.1908399999999872,,,4.3816799999999745,,,11.572519999999962,,,3.286259999999981,,,5.477099999999968,,,12.667939999999955,,,3.286259999999981,,,5.477099999999968,,,13.763359999999949,,,4.3816799999999745,,,6.572519999999962,,,14.858779999999939,,,5.477099999999968,
18820916000,1789023960660457000,,,,True,visual_video_estimate,,,,,,,,,,,,,,,,,,1.7908399999999958,,,8.581679999999992,,,1.7908399999999958,,,3.5816799999999915,,,10.372519999999987,,,2.6862599999999937,,,4.477099999999989,,,11.267939999999985,,,2.6862599999999937,,,4.477099999999989,,,12.163359999999983,,,3.5816799999999915,,,5.372519999999987,,,13.058779999999985,,,4.477099999999989,
18840920000,1789023960680461000,,,,True,visual_video_estimate,,,,,,,,,,,,,,,,,,1.5907999999999944,,,8.181599999999989,,,1.5907999999999944,,,3.181599999999989,,,9.772399999999983,,,2.3861999999999917,,,3.976999999999986,,,10.56779999999998,,,2.3861999999999917,,,3.976999999999986,,,11.363199999999978,,,3.181599999999989,,,4.772399999999983,,,12.158599999999979,,,3.976999999999986,
18860921000,1789023960700462000,,,,True,visual_video_estimate,,,,,,,,,,,,,,,,,,1.3907899999999884,,,7.781579999999977,,,1.3907899999999884,,,2.781579999999977,,,9.172369999999965,,,2.0861849999999826,,,3.476974999999971,,,9.86776499999996,,,2.0861849999999826,,,3.476974999999971,,,10.563159999999954,,,2.781579999999977,,,4.172369999999965,,,11.258554999999944,,,3.476974999999971,
18920921000,1789023960760462000,,,,True,visual_video_estimate,,,,,,,,,,,,,,,,,,0.7907900000000012,,,6.581580000000002,,,0.7907900000000012,,,1.5815800000000024,,,7.372370000000004,,,1.1861850000000018,,,1.976975000000003,,,7.767765000000004,,,1.1861850000000018,,,1.976975000000003,,,8.163160000000005,,,1.5815800000000024,,,2.3723700000000036,,,8.558555000000005,,,1.976975000000003,
18960925000,1789023960800466000,,,,True,visual_video_estimate,,,,,,,,,,,,,,,,,,0.39075000000000415,,,5.781500000000008,,,0.39075000000000415,,,0.7815000000000083,,,6.1722500000000124,,,0.5861250000000062,,,0.9768750000000104,,,6.367625000000018,,,0.5861250000000062,,,0.9768750000000104,,,6.563000000000017,,,0.7815000000000083,,,1.1722500000000124,,,6.758375000000015,,,0.9768750000000104,
19000925000,1789023960840466000,,,,True,visual_video_estimate,,,,,,,,,,,,,,,,,,0.009249999999987324,,,5.018499999999975,,,0.009249999999987324,,,0.018499999999974648,,,5.027749999999962,,,0.013874999999980986,,,0.02312499999996831,,,5.032374999999956,,,0.013874999999980986,,,0.02312499999996831,,,5.036999999999949,,,0.018499999999974648,,,0.027749999999961972,,,5.041624999999943,,,0.02312499999996831,
19020930000,1789023960860471000,,,,True,visual_video_estimate,,,,,,,,,,,,,,,,,,0.20929999999999893,,,5.418599999999998,,,0.20929999999999893,,,0.41859999999999786,,,5.627899999999997,,,0.3139499999999984,,,0.5232499999999973,,,5.732549999999996,,,0.3139499999999984,,,0.5232499999999973,,,5.837199999999996,,,0.41859999999999786,,,0.6278999999999968,,,5.941849999999995,,,0.5232499999999973,
19060930000,1789023960900471000,,,,True,visual_video_estimate,,,,,,,,,,,,,,,,,,0.6092999999999904,,,6.218599999999981,,,0.6092999999999904,,,1.2185999999999808,,,6.827899999999971,,,0.9139499999999856,,,1.523249999999976,,,7.132549999999966,,,0.9139499999999856,,,1.523249999999976,,,7.437199999999962,,,1.2185999999999808,,,1.8278999999999712,,,7.741849999999957,,,1.523249999999976,
19100930000,1789023960940471000,,,,True,visual_video_estimate,,,,,,,,,,,,,,,,,,1.0093000000000174,,,7.018600000000035,,,1.0093000000000174,,,2.018600000000035,,,8.027900000000052,,,1.513950000000026,,,2.5232500000000435,,,8.532550000000061,,,1.513950000000026,,,2.5232500000000435,,,9.03720000000007,,,2.018600000000035,,,3.027900000000052,,,9.541850000000078,,,2.5232500000000435,
19140934000,1789023960980475000,,,,True,visual_video_estimate,,,,,,,,,,,,,,,,,,1.4093400000000145,,,7.818680000000029,,,1.4093400000000145,,,2.818680000000029,,,9.228020000000043,,,2.1140100000000217,,,3.523350000000036,,,9.93269000000005,,,2.1140100000000217,,,3.523350000000036,,,10.637360000000058,,,2.818680000000029,,,4.228020000000043,,,11.342030000000065,,,3.523350000000036,
19180934000,1789023961020475000,,,,True,visual_video_estimate,,,,,,,,,,,,,,,,,,1.809340000000006,,,8.618680000000012,,,1.809340000000006,,,3.618680000000012,,,10.428020000000018,,,2.714010000000009,,,4.523350000000015,,,11.33269000000002,,,2.714010000000009,,,4.523350000000015,,,12.237360000000024,,,3.618680000000012,,,5.428020000000018,,,13.142030000000027,,,4.523350000000015,
19220939000,1789023961060480000,,,,True,visual_video_estimate,,,,,,,,,,,,,,,,,,2.2093900000000133,,,9.418780000000027,,,2.2093900000000133,,,4.418780000000027,,,11.62817000000004,,,3.31408500000002,,,5.523475000000033,,,12.732865000000047,,,3.31408500000002,,,5.523475000000033,,,13.837560000000053,,,4.418780000000027,,,6.62817000000004,,,14.94225500000006,,,5.523475000000033,
19280939000,1789023961120480000,,,,True,visual_video_estimate,,,,,,,,,,,,,,,,,,2.8093900000000005,,,10.618780000000001,,,2.8093900000000005,,,5.618780000000001,,,13.428170000000001,,,4.214085000000001,,,7.023475000000001,,,14.832865000000002,,,4.214085000000001,,,7.023475000000001,,,16.237560000000002,,,5.618780000000001,,,8.428170000000001,,,17.642255000000002,,,7.023475000000001,
19320944000,1789023961160485000,,,,True,visual_video_estimate,,,,,,,,,,,,,,,,,,3.209440000000008,,,11.418880000000016,,,3.209440000000008,,,6.418880000000016,,,14.628320000000024,,,4.814160000000012,,,8.02360000000002,,,16.233040000000027,,,4.814160000000012,,,8.02360000000002,,,17.83776000000003,,,6.418880000000016,,,9.628320000000024,,,19.442480000000035,,,8.02360000000002,
19340944000,1789023961180485000,,,,True,visual_video_estimate,,,,,,,,,,,,,,,,,,3.4094400000000036,,,11.818880000000007,,,3.4094400000000036,,,6.818880000000007,,,15.22832000000001,,,5.114160000000005,,,8.523600000000009,,,16.933040000000013,,,5.114160000000005,,,8.523600000000009,,,18.637760000000014,,,6.818880000000007,,,10.22832000000001,,,20.342480000000016,,,8.523600000000009,
19380944000,1789023961220485000,,,,True,visual_video_estimate,,,,,,,,,,,,,,,,,,3.809439999999995,,,12.61887999999999,,,3.809439999999995,,,7.61887999999999,,,16.428319999999985,,,5.714159999999993,,,9.523599999999988,,,18.333039999999983,,,5.714159999999993,,,9.523599999999988,,,20.23775999999998,,,7.61887999999999,,,11.428319999999985,,,22.142479999999978,,,9.523599999999988,
19420948000,1789023961260489000,,,,True,visual_video_estimate,,,,,,,,,,,,,,,,,,4.209479999999992,,,13.418959999999984,,,4.209479999999992,,,8.418959999999984,,,17.628439999999976,,,6.314219999999988,,,10.52369999999998,,,19.733179999999972,,,6.314219999999988,,,10.52369999999998,,,21.83791999999997,,,8.418959999999984,,,12.628439999999976,,,23.942659999999965,,,10.52369999999998,
19460948000,1789023961300489000,,,,True,visual_video_estimate,,,,,,,,,,,,,,,,,,4.609479999999984,,,14.218959999999967,,,4.609479999999984,,,9.218959999999967,,,18.82843999999995,,,6.914219999999975,,,11.523699999999959,,,21.133179999999943,,,6.914219999999975,,,11.523699999999959,,,23.437919999999934,,,9.218959999999967,,,13.82843999999995,,,25.742659999999926,,,11.523699999999959,
19480948000,1789023961320489000,,,,True,visual_video_estimate,,,,,,,,,,,,,,,,,,4.809480000000015,,,14.61896000000003,,,4.809480000000015,,,9.61896000000003,,,19.428440000000045,,,7.214220000000022,,,12.023700000000037,,,21.833180000000052,,,7.214220000000022,,,12.023700000000037,,,24.23792000000006,,,9.61896000000003,,,14.428440000000045,,,26.642660000000067,,,12.023700000000037,
19500953000,1789023961340494000,,,,True,visual_video_estimate,,,,,,,,,,,,,,,,,,5.009529999999991,,,15.019059999999982,,,5.009529999999991,,,10.019059999999982,,,20.028589999999973,,,7.514294999999986,,,12.523824999999977,,,22.53335499999997,,,7.514294999999986,,,12.523824999999977,,,25.038119999999964,,,10.019059999999982,,,15.028589999999973,,,27.54288499999996,,,12.523824999999977,
19560953000,1789023961400494000,,,,True,visual_video_estimate,,,,,,,,,,,,,,,,,,5.609530000000014,,,16.219060000000027,,,5.609530000000014,,,11.219060000000027,,,21.82859000000004,,,8.41429500000002,,,14.023825000000034,,,24.633355000000048,,,8.41429500000002,,,14.023825000000034,,,27.438120000000055,,,11.219060000000027,,,16.82859000000004,,,30.24288500000006,,,14.023825000000034,
19580953000,1789023961420494000,,,,True,visual_video_estimate,,,,,,,,,,,,,,,,,,5.809530000000009,,,16.61906000000002,,,5.809530000000009,,,11.619060000000019,,,22.42859000000003,,,8.714295000000014,,,14.523825000000024,,,25.333355000000033,,,8.714295000000014,,,14.523825000000024,,,28.238120000000038,,,11.619060000000019,,,17.42859000000003,,,31.142885000000042,,,14.523825000000024,
19600957000,1789023961440498000,,,,True,visual_video_estimate,,,,,,,,,,,,,,,,,,6.009570000000011,,,17.01914000000002,,,6.009570000000011,,,12.019140000000021,,,23.028710000000032,,,9.014355000000016,,,15.023925000000027,,,26.033495000000038,,,9.014355000000016,,,15.023925000000027,,,29.038280000000043,,,12.019140000000021,,,18.028710000000032,,,32.04306500000005,,,15.023925000000027,
19640958000,1789023961480499000,,,,True,visual_video_estimate,,,,,,,,,,,,,,,,,,6.4095800000000125,,,17.819160000000025,,,6.4095800000000125,,,12.819160000000025,,,24.228740000000037,,,9.614370000000019,,,16.02395000000003,,,27.433530000000044,,,9.614370000000019,,,16.02395000000003,,,30.63832000000005,,,12.819160000000025,,,19.228740000000037,,,33.84311000000005,,,16.02395000000003,
19680962000,1789023961520503000,,,,True,visual_video_estimate,,,,,,,,,,,,,,,,,,6.8096200000000096,,,18.61924000000002,,,6.8096200000000096,,,13.619240000000019,,,25.42886000000003,,,10.214430000000014,,,17.024050000000024,,,28.833670000000033,,,10.214430000000014,,,17.024050000000024,,,32.23848000000004,,,13.619240000000019,,,20.42886000000003,,,35.64329000000004,,,17.024050000000024,
19720962000,1789023961560503000,,,,True,visual_video_estimate,,,,,,,,,,,,,,,,,,7.209620000000001,,,19.419240000000002,,,7.209620000000001,,,14.419240000000002,,,26.628860000000003,,,10.814430000000002,,,18.024050000000003,,,30.233670000000004,,,10.814430000000002,,,18.024050000000003,,,33.838480000000004,,,14.419240000000002,,,21.628860000000003,,,37.443290000000005,,,18.024050000000003,
19740962000,1789023961580503000,,,,True,visual_video_estimate,,,,,,,,,,,,,,,,,,7.409619999999997,,,19.819239999999994,,,7.409619999999997,,,14.819239999999994,,,27.22885999999999,,,11.114429999999995,,,18.524049999999992,,,30.93366999999999,,,11.114429999999995,,,18.524049999999992,,,34.63847999999999,,,14.819239999999994,,,22.22885999999999,,,38.34328999999998,,,18.524049999999992,
19780967000,1789023961620508000,,,,True,visual_video_estimate,,,,,,,,,,,,,,,,,,7.809670000000004,,,20.619340000000008,,,7.809670000000004,,,15.619340000000008,,,28.429010000000012,,,11.714505000000006,,,19.52417500000001,,,32.33384500000001,,,11.714505000000006,,,19.52417500000001,,,36.238680000000016,,,15.619340000000008,,,23.429010000000012,,,40.14351500000002,,,19.52417500000001,
19820967000,1789023961660508000,,,,True,visual_video_estimate,,,,,,,,,,,,,,,,,,8.209669999999996,,,21.41933999999999,,,8.209669999999996,,,16.41933999999999,,,29.629009999999987,,,12.314504999999993,,,20.52417499999999,,,33.73384499999999,,,12.314504999999993,,,20.52417499999999,,,37.83867999999998,,,16.41933999999999,,,24.629009999999987,,,41.94351499999998,,,20.52417499999999,
19860967000,1789023961700508000,,,,True,visual_video_estimate,,,,,,,,,,,,,,,,,,8.609669999999987,,,22.219339999999974,,,8.609669999999987,,,17.219339999999974,,,30.82900999999996,,,12.91450499999998,,,21.524174999999968,,,35.13384499999995,,,12.91450499999998,,,21.524174999999968,,,39.43867999999995,,,17.219339999999974,,,25.82900999999996,,,43.743514999999945,,,21.524174999999968,
19900971000,1789023961740512000,,,,True,visual_video_estimate,,,,,,,,,,,,,,,,,,9.009709999999984,,,23.01941999999997,,,9.009709999999984,,,18.01941999999997,,,32.02912999999995,,,13.514564999999976,,,22.52427499999996,,,36.533984999999944,,,13.514564999999976,,,22.52427499999996,,,41.03883999999994,,,18.01941999999997,,,27.029129999999952,,,45.54369499999993,,,22.52427499999996,
19960972000,1789023961800513000,,,,True,visual_video_estimate,,,,,,,,,,,,,,,,,,9.609720000000017,,,24.219440000000034,,,9.609720000000017,,,19.219440000000034,,,33.82916000000005,,,14.414580000000026,,,24.024300000000043,,,38.63402000000006,,,14.414580000000026,,,24.024300000000043,,,43.43888000000007,,,19.219440000000034,,,28.82916000000005,,,48.243740000000074,,,24.024300000000043,
20000976000,1789023961840517000,,,,True,visual_video_estimate,,,,,,,,,,,,,,,,,,10,,,25,,,10,,,20,,,35,,,15,,,25,,,40,,,15,,,25,,,45,,,20,,,30,,,50,,,25,
20040976000,1789023961880517000,,,,True,visual_video_estimate,,,,,,,,,,,,,,,,,,10,,,25,,,10,,,20,,,35,,,15,,,25,,,40,,,15,,,25,,,45,,,20,,,30,,,50,,,25,
20060981000,1789023961900522000,,,,True,visual_video_estimate,,,,,,,,,,,,,,,,,,10,,,25,,,10,,,20,,,35,,,15,,,25,,,40,,,15,,,25,,,45,,,20,,,30,,,50,,,25,
20100981000,1789023961940522000,,,,True,visual_video_estimate,,,,,,,,,,,,,,,,,,10,,,25,,,10,,,20,,,35,,,15,,,25,,,40,,,15,,,25,,,45,,,20,,,30,,,50,,,25,
20140981000,1789023961980522000,,,,True,visual_video_estimate,,,,,,,,,,,,,,,,,,10,,,25,,,10,,,20,,,35,,,15,,,25,,,40,,,15,,,25,,,45,,,20,,,30,,,50,,,25,
20160985000,1789023962000526000,,,,True,visual_video_estimate,,,,,,,,,,,,,,,,,,10,,,25,,,10,,,20,,,35,,,15,,,25,,,40,,,15,,,25,,,45,,,20,,,30,,,50,,,25,
20180985000,1789023962020526000,,,,True,visual_video_estimate,,,,,,,,,,,,,,,,,,10,,,25,,,10,,,20,,,35,,,15,,,25,,,40,,,15,,,25,,,45,,,20,,,30,,,50,,,25,
20220985000,1789023962060526000,,,,True,visual_video_estimate,,,,,,,,,,,,,,,,,,10,,,25,,,10,,,20,,,35,,,15,,,25,,,40,,,15,,,25,,,45,,,20,,,30,,,50,,,25,
20240985000,1789023962080526000,,,,True,visual_video_estimate,,,,,,,,,,,,,,,,,,10,,,25,,,10,,,20,,,35,,,15,,,25,,,40,,,15,,,25,,,45,,,20,,,30,,,50,,,25,
20320990000,1789023962160531000,,,,True,visual_video_estimate,,,,,,,,,,,,,,,,,,10,,,25,,,10,,,20,,,35,,,15,,,25,,,40,,,15,,,25,,,45,,,20,,,30,,,50,,,25,
20340990000,1789023962180531000,,,,True,visual_video_estimate,,,,,,,,,,,,,,,,,,10,,,25,,,10,,,20,,,35,,,15,,,25,,,40,,,15,,,25,,,45,,,20,,,30,,,50,,,25,
20380995000,1789023962220536000,,,,True,visual_video_estimate,,,,,,,,,,,,,,,,,,10,,,25,,,10,,,20,,,35,,,15,,,25,,,40,,,15,,,25,,,45,,,20,,,30,,,50,,,25,
20420995000,1789023962260536000,,,,True,visual_video_estimate,,,,,,,,,,,,,,,,,,10,,,25,,,10,,,20,,,35,,,15,,,25,,,40,,,15,,,25,,,45,,,20,,,30,,,50,,,25,
20460999000,1789023962300540000,,,,True,visual_video_estimate,,,,,,,,,,,,,,,,,,10,,,25,,,10,,,20,,,35,,,15,,,25,,,40,,,15,,,25,,,45,,,20,,,30,,,50,,,25,
20500999000,1789023962340540000,,,,True,visual_video_estimate,,,,,,,,,,,,,,,,,,10,,,25,,,10,,,20,,,35,,,15,,,25,,,40,,,15,,,25,,,45,,,20,,,30,,,50,,,25,
20541004000,1789023962380545000,,,,True,visual_video_estimate,,,,,,,,,,,,,,,,,,10,,,25,,,10,,,20,,,35,,,15,,,25,,,40,,,15,,,25,,,45,,,20,,,30,,,50,,,25,
20581004000,1789023962420545000,,,,True,visual_video_estimate,,,,,,,,,,,,,,,,,,10,,,25,,,10,,,20,,,35,,,15,,,25,,,40,,,15,,,25,,,45,,,20,,,30,,,50,,,25,
20641008000,1789023962480549000,,,,True,visual_video_estimate,,,,,,,,,,,,,,,,,,10,,,25,,,10,,,20,,,35,,,15,,,25,,,40,,,15,,,25,,,45,,,20,,,30,,,50,,,25,
20681008000,1789023962520549000,,,,True,visual_video_estimate,,,,,,,,,,,,,,,,,,10,,,25,,,10,,,20,,,35,,,15,,,25,,,40,,,15,,,25,,,45,,,20,,,30,,,50,,,25,
20701009000,1789023962540550000,,,,True,visual_video_estimate,,,,,,,,,,,,,,,,,,10,,,25,,,10,,,20,,,35,,,15,,,25,,,40,,,15,,,25,,,45,,,20,,,30,,,50,,,25,
20721009000,1789023962560550000,,,,True,visual_video_estimate,,,,,,,,,,,,,,,,,,10,,,25,,,10,,,20,,,35,,,15,,,25,,,40,,,15,,,25,,,45,,,20,,,30,,,50,,,25,
20761013000,1789023962600554000,,,,True,visual_video_estimate,,,,,,,,,,,,,,,,,,10,,,25,,,10,,,20,,,35,,,15,,,25,,,40,,,15,,,25,,,45,,,20,,,30,,,50,,,25,
20821018000,1789023962660559000,,,,True,visual_video_estimate,,,,,,,,,,,,,,,,,,10,,,25,,,10,,,20,,,35,,,15,,,25,,,40,,,15,,,25,,,45,,,20,,,30,,,50,,,25,
20841018000,1789023962680559000,,,,True,visual_video_estimate,,,,,,,,,,,,,,,,,,10,,,25,,,10,,,20,,,35,,,15,,,25,,,40,,,15,,,25,,,45,,,20,,,30,,,50,,,25,
20861018000,1789023962700559000,,,,True,visual_video_estimate,,,,,,,,,,,,,,,,,,10,,,25,,,10,,,20,,,35,,,15,,,25,,,40,,,15,,,25,,,45,,,20,,,30,,,50,,,25,
20901018000,1789023962740559000,,,,True,visual_video_estimate,,,,,,,,,,,,,,,,,,10,,,25,,,10,,,20,,,35,,,15,,,25,,,40,,,15,,,25,,,45,,,20,,,30,,,50,,,25,
20961022000,1789023962800563000,,,,True,visual_video_estimate,,,,,,,,,,,,,,,,,,10,,,25,,,10,,,20,,,35,,,15,,,25,,,40,,,15,,,25,,,45,,,20,,,30,,,50,,,25,
21001022000,1789023962840563000,,,,True,visual_video_estimate,,,,,,,,,,,,,,,,,,10,,,25,,,10,,,20,,,35,,,15,,,25,,,40,,,15,,,25,,,45,,,20,,,30,,,50,,,25,
21021027000,1789023962860568000,,,,True,visual_video_estimate,,,,,,,,,,,,,,,,,,10,,,25,,,10,,,20,,,35,,,15,,,25,,,40,,,15,,,25,,,45,,,20,,,30,,,50,,,25,
21061027000,1789023962900568000,,,,True,visual_video_estimate,,,,,,,,,,,,,,,,,,10,,,25,,,10,,,20,,,35,,,15,,,25,,,40,,,15,,,25,,,45,,,20,,,30,,,50,,,25,
21101027000,1789023962940568000,,,,True,visual_video_estimate,,,,,,,,,,,,,,,,,,10,,,25,,,10,,,20,,,35,,,15,,,25,,,40,,,15,,,25,,,45,,,20,,,30,,,50,,,25,
21141032000,1789023962980573000,,,,True,visual_video_estimate,,,,,,,,,,,,,,,,,,10,,,25,,,10,,,20,,,35,,,15,,,25,,,40,,,15,,,25,,,45,,,20,,,30,,,50,,,25,
21181032000,1789023963020573000,,,,True,visual_video_estimate,,,,,,,,,,,,,,,,,,10,,,25,,,10,,,20,,,35,,,15,,,25,,,40,,,15,,,25,,,45,,,20,,,30,,,50,,,25,
21221036000,1789023963060577000,,,,True,visual_video_estimate,,,,,,,,,,,,,,,,,,10,,,25,,,10,,,20,,,35,,,15,,,25,,,40,,,15,,,25,,,45,,,20,,,30,,,50,,,25,
21281036000,1789023963120577000,,,,True,visual_video_estimate,,,,,,,,,,,,,,,,,,10,,,25,,,10,,,20,,,35,,,15,,,25,,,40,,,15,,,25,,,45,,,20,,,30,,,50,,,25,
21321041000,1789023963160582000,,,,True,visual_video_estimate,,,,,,,,,,,,,,,,,,10,,,25,,,10,,,20,,,35,,,15,,,25,,,40,,,15,,,25,,,45,,,20,,,30,,,50,,,25,
21341041000,1789023963180582000,,,,True,visual_video_estimate,,,,,,,,,,,,,,,,,,10,,,25,,,10,,,20,,,35,,,15,,,25,,,40,,,15,,,25,,,45,,,20,,,30,,,50,,,25,
21381041000,1789023963220582000,,,,True,visual_video_estimate,,,,,,,,,,,,,,,,,,10,,,25,,,10,,,20,,,35,,,15,,,25,,,40,,,15,,,25,,,45,,,20,,,30,,,50,,,25,
21421045000,1789023963260586000,,,,True,visual_video_estimate,,,,,,,,,,,,,,,,,,10,,,25,,,10,,,20,,,35,,,15,,,25,,,40,,,15,,,25,,,45,,,20,,,30,,,50,,,25,
21461046000,1789023963300587000,,,,True,visual_video_estimate,,,,,,,,,,,,,,,,,,10,,,25,,,10,,,20,,,35,,,15,,,25,,,40,,,15,,,25,,,45,,,20,,,30,,,50,,,25,
21481046000,1789023963320587000,,,,True,visual_video_estimate,,,,,,,,,,,,,,,,,,10,,,25,,,10,,,20,,,35,,,15,,,25,,,40,,,15,,,25,,,45,,,20,,,30,,,50,,,25,
21521050000,1789023963360591000,,,,True,visual_video_estimate,,,,,,,,,,,,,,,,,,10,,,25,,,10,,,20,,,35,,,15,,,25,,,40,,,15,,,25,,,45,,,20,,,30,,,50,,,25,
21561050000,1789023963400591000,,,,True,visual_video_estimate,,,,,,,,,,,,,,,,,,10,,,25,,,10,,,20,,,35,,,15,,,25,,,40,,,15,,,25,,,45,,,20,,,30,,,50,,,25,
21601055000,1789023963440596000,,,,True,visual_video_estimate,,,,,,,,,,,,,,,,,,10,,,25,,,10,,,20,,,35,,,15,,,25,,,40,,,15,,,25,,,45,,,20,,,30,,,50,,,25,
21641055000,1789023963480596000,,,,True,visual_video_estimate,,,,,,,,,,,,,,,,,,10,,,25,,,10,,,20,,,35,,,15,,,25,,,40,,,15,,,25,,,45,,,20,,,30,,,50,,,25,
21661055000,1789023963500596000,,,,True,visual_video_estimate,,,,,,,,,,,,,,,,,,10,,,25,,,10,,,20,,,35,,,15,,,25,,,40,,,15,,,25,,,45,,,20,,,30,,,50,,,25,
21701059000,1789023963540600000,,,,True,visual_video_estimate,,,,,,,,,,,,,,,,,,10,,,25,,,10,,,20,,,35,,,15,,,25,,,40,,,15,,,25,,,45,,,20,,,30,,,50,,,25,
21741059000,1789023963580600000,,,,True,visual_video_estimate,,,,,,,,,,,,,,,,,,10,,,25,,,10,,,20,,,35,,,15,,,25,,,40,,,15,,,25,,,45,,,20,,,30,,,50,,,25,
21781064000,1789023963620605000,,,,True,visual_video_estimate,,,,,,,,,,,,,,,,,,10,,,25,,,10,,,20,,,35,,,15,,,25,,,40,,,15,,,25,,,45,,,20,,,30,,,50,,,25,
21821064000,1789023963660605000,,,,True,visual_video_estimate,,,,,,,,,,,,,,,,,,10,,,25,,,10,,,20,,,35,,,15,,,25,,,40,,,15,,,25,,,45,,,20,,,30,,,50,,,25,
21841064000,1789023963680605000,,,,True,visual_video_estimate,,,,,,,,,,,,,,,,,,10,,,25,,,10,,,20,,,35,,,15,,,25,,,40,,,15,,,25,,,45,,,20,,,30,,,50,,,25,
21861068000,1789023963700609000,,,,True,visual_video_estimate,,,,,,,,,,,,,,,,,,10,,,25,,,10,,,20,,,35,,,15,,,25,,,40,,,15,,,25,,,45,,,20,,,30,,,50,,,25,
21921069000,1789023963760610000,,,,True,visual_video_estimate,,,,,,,,,,,,,,,,,,10,,,25,,,10,,,20,,,35,,,15,,,25,,,40,,,15,,,25,,,45,,,20,,,30,,,50,,,25,
21961073000,1789023963800614000,,,,True,visual_video_estimate,,,,,,,,,,,,,,,,,,10,,,25,,,10,,,20,,,35,,,15,,,25,,,40,,,15,,,25,,,45,,,20,,,30,,,50,,,25,
21981073000,1789023963820614000,,,,True,visual_video_estimate,,,,,,,,,,,,,,,,,,10,,,25,,,10,,,20,,,35,,,15,,,25,,,40,,,15,,,25,,,45,,,20,,,30,,,50,,,25,
22001073000,1789023963840614000,,,,True,visual_video_estimate,,,,,,,,,,,,,,,,,,10,,,25,,,10,,,20,,,35,,,15,,,25,,,40,,,15,,,25,,,45,,,20,,,30,,,50,,,25,
22041073000,1789023963880614000,,,,True,visual_video_estimate,,,,,,,,,,,,,,,,,,10,,,25,,,10,,,20,,,35,,,15,,,25,,,40,,,15,,,25,,,45,,,20,,,30,,,50,,,25,
22101078000,1789023963940619000,,,,True,visual_video_estimate,,,,,,,,,,,,,,,,,,10,,,25,,,10,,,20,,,35,,,15,,,25,,,40,,,15,,,25,,,45,,,20,,,30,,,50,,,25,
22141078000,1789023963980619000,,,,True,visual_video_estimate,,,,,,,,,,,,,,,,,,10,,,25,,,10,,,20,,,35,,,15,,,25,,,40,,,15,,,25,,,45,,,20,,,30,,,50,,,25,
22161082000,1789023964000623000,,,,True,visual_video_estimate,,,,,,,,,,,,,,,,,,10,,,25,,,10,,,20,,,35,,,15,,,25,,,40,,,15,,,25,,,45,,,20,,,30,,,50,,,25,
22181082000,1789023964020623000,,,,True,visual_video_estimate,,,,,,,,,,,,,,,,,,10,,,25,,,10,,,20,,,35,,,15,,,25,,,40,,,15,,,25,,,45,,,20,,,30,,,50,,,25,
22221083000,1789023964060624000,,,,True,visual_video_estimate,,,,,,,,,,,,,,,,,,10,,,25,,,10,,,20,,,35,,,15,,,25,,,40,,,15,,,25,,,45,,,20,,,30,,,50,,,25,
22281087000,1789023964120628000,,,,True,visual_video_estimate,,,,,,,,,,,,,,,,,,10,,,25,,,10,,,20,,,35,,,15,,,25,,,40,,,15,,,25,,,45,,,20,,,30,,,50,,,25,
22321087000,1789023964160628000,,,,True,visual_video_estimate,,,,,,,,,,,,,,,,,,10,,,25,,,10,,,20,,,35,,,15,,,25,,,40,,,15,,,25,,,45,,,20,,,30,,,50,,,25,
22341092000,1789023964180633000,,,,True,visual_video_estimate,,,,,,,,,,,,,,,,,,10,,,25,,,10,,,20,,,35,,,15,,,25,,,40,,,15,,,25,,,45,,,20,,,30,,,50,,,25,
22361092000,1789023964200633000,,,,True,visual_video_estimate,,,,,,,,,,,,,,,,,,10,,,25,,,10,,,20,,,35,,,15,,,25,,,40,,,15,,,25,,,45,,,20,,,30,,,50,,,25,
22401092000,1789023964240633000,,,,True,visual_video_estimate,,,,,,,,,,,,,,,,,,10,,,25,,,10,,,20,,,35,,,15,,,25,,,40,,,15,,,25,,,45,,,20,,,30,,,50,,,25,
22461096000,1789023964300637000,,,,True,visual_video_estimate,,,,,,,,,,,,,,,,,,10,,,25,,,10,,,20,,,35,,,15,,,25,,,40,,,15,,,25,,,45,,,20,,,30,,,50,,,25,
22481096000,1789023964320637000,,,,True,visual_video_estimate,,,,,,,,,,,,,,,,,,10,,,25,,,10,,,20,,,35,,,15,,,25,,,40,,,15,,,25,,,45,,,20,,,30,,,50,,,25,
22501096000,1789023964340637000,,,,True,visual_video_estimate,,,,,,,,,,,,,,,,,,10,,,25,,,10,,,20,,,35,,,15,,,25,,,40,,,15,,,25,,,45,,,20,,,30,,,50,,,25,
22541101000,1789023964380642000,,,,True,visual_video_estimate,,,,,,,,,,,,,,,,,,10,,,25,,,10,,,20,,,35,,,15,,,25,,,40,,,15,,,25,,,45,,,20,,,30,,,50,,,25,
22601101000,1789023964440642000,,,,True,visual_video_estimate,,,,,,,,,,,,,,,,,,10,,,25,,,10,,,20,,,35,,,15,,,25,,,40,,,15,,,25,,,45,,,20,,,30,,,50,,,25,
22641105000,1789023964480646000,,,,True,visual_video_estimate,,,,,,,,,,,,,,,,,,10,,,25,,,10,,,20,,,35,,,15,,,25,,,40,,,15,,,25,,,45,,,20,,,30,,,50,,,25,
22661106000,1789023964500647000,,,,True,visual_video_estimate,,,,,,,,,,,,,,,,,,10,,,25,,,10,,,20,,,35,,,15,,,25,,,40,,,15,,,25,,,45,,,20,,,30,,,50,,,25,
22701106000,1789023964540647000,,,,True,visual_video_estimate,,,,,,,,,,,,,,,,,,10,,,25,,,10,,,20,,,35,,,15,,,25,,,40,,,15,,,25,,,45,,,20,,,30,,,50,,,25,
22721110000,1789023964560651000,,,,True,visual_video_estimate,,,,,,,,,,,,,,,,,,10,,,25,,,10,,,20,,,35,,,15,,,25,,,40,,,15,,,25,,,45,,,20,,,30,,,50,,,25,
22781110000,1789023964620651000,,,,True,visual_video_estimate,,,,,,,,,,,,,,,,,,10,,,25,,,10,,,20,,,35,,,15,,,25,,,40,,,15,,,25,,,45,,,20,,,30,,,50,,,25,
22801110000,1789023964640651000,,,,True,visual_video_estimate,,,,,,,,,,,,,,,,,,10,,,25,,,10,,,20,,,35,,,15,,,25,,,40,,,15,,,25,,,45,,,20,,,30,,,50,,,25,
22861115000,1789023964700656000,,,,True,visual_video_estimate,,,,,,,,,,,,,,,,,,10,,,25,,,10,,,20,,,35,,,15,,,25,,,40,,,15,,,25,,,45,,,20,,,30,,,50,,,25,
22901115000,1789023964740656000,,,,True,visual_video_estimate,,,,,,,,,,,,,,,,,,10,,,25,,,10,,,20,,,35,,,15,,,25,,,40,,,15,,,25,,,45,,,20,,,30,,,50,,,25,
22961119000,1789023964800660000,,,,True,visual_video_estimate,,,,,,,,,,,,,,,,,,10,,,25,,,10,,,20,,,35,,,15,,,25,,,40,,,15,,,25,,,45,,,20,,,30,,,50,,,25,
23001124000,1789023964840665000,,,,True,visual_video_estimate,,,,,,,,,,,,,,,,,,10.005620000000004,,,25.011240000000008,,,10.011240000000008,,,20.016860000000012,,,35.02810000000002,,,15.011240000000008,,,25.022480000000016,,,40.02810000000002,,,15.016860000000012,,,25.02810000000002,,,45.033720000000024,,,20.022480000000016,,,30.02810000000002,,,50.033720000000024,,,25.016860000000012,
23021124000,1789023964860665000,,,,True,visual_video_estimate,,,,,,,,,,,,,,,,,,10.105620000000002,,,25.211240000000004,,,10.211240000000004,,,20.316860000000005,,,35.52810000000001,,,15.211240000000004,,,25.422480000000007,,,40.52810000000001,,,15.316860000000005,,,25.52810000000001,,,45.63372000000001,,,20.422480000000007,,,30.52810000000001,,,50.63372000000001,,,25.316860000000005,
23061124000,1789023964900665000,,,,True,visual_video_estimate,,,,,,,,,,,,,,,,,,10.305619999999998,,,25.611239999999995,,,10.611239999999995,,,20.916859999999993,,,36.52809999999999,,,15.611239999999995,,,26.22247999999999,,,41.52809999999999,,,15.916859999999993,,,26.528099999999988,,,46.833719999999985,,,21.22247999999999,,,31.528099999999988,,,51.833719999999985,,,25.916859999999993,
23101129000,1789023964940670000,,,,True,visual_video_estimate,,,,,,,,,,,,,,,,,,10.505645000000001,,,26.011290000000002,,,11.011290000000002,,,21.516935000000004,,,37.528225000000006,,,16.011290000000002,,,27.022580000000005,,,42.528225000000006,,,16.516935000000004,,,27.528225000000006,,,48.03387000000001,,,22.022580000000005,,,32.528225000000006,,,53.03387000000001,,,26.516935000000004,
23141129000,1789023964980670000,,,,True,visual_video_estimate,,,,,,,,,,,,,,,,,,10.705644999999997,,,26.411289999999994,,,11.411289999999994,,,22.11693499999999,,,38.528224999999985,,,16.411289999999994,,,27.822579999999988,,,43.528224999999985,,,17.11693499999999,,,28.528224999999985,,,49.23386999999998,,,22.822579999999988,,,33.528224999999985,,,54.23386999999998,,,27.11693499999999,
23161129000,1789023965000670000,,,,True,visual_video_estimate,,,,,,,,,,,,,,,,,,10.805644999999995,,,26.61128999999999,,,11.61128999999999,,,22.416934999999985,,,39.02822499999998,,,16.61128999999999,,,28.22257999999998,,,44.02822499999998,,,17.416934999999985,,,29.028224999999974,,,49.83386999999997,,,23.22257999999998,,,34.02822499999998,,,54.83386999999997,,,27.416934999999985,
23181129000,1789023965020670000,,,,True,visual_video_estimate,,,,,,,,,,,,,,,,,,10.905644999999993,,,26.811289999999985,,,11.811289999999985,,,22.716934999999978,,,39.52822499999996,,,16.811289999999985,,,28.62257999999997,,,44.52822499999996,,,17.716934999999978,,,29.528224999999964,,,50.433869999999956,,,23.62257999999997,,,34.52822499999996,,,55.433869999999956,,,27.716934999999978,
23241133000,1789023965080674000,,,,True,visual_video_estimate,,,,,,,,,,,,,,,,,,11.205665000000007,,,27.411330000000014,,,12.411330000000014,,,23.61699500000002,,,41.02832500000004,,,17.411330000000014,,,29.822660000000027,,,46.02832500000004,,,18.61699500000002,,,31.028325000000034,,,52.23399000000004,,,24.822660000000027,,,36.02832500000004,,,57.23399000000004,,,28.61699500000002,
23281133000,1789023965120674000,,,,True,visual_video_estimate,,,,,,,,,,,,,,,,,,11.405665000000003,,,27.811330000000005,,,12.811330000000005,,,24.216995000000008,,,42.02832500000001,,,17.811330000000005,,,30.62266000000001,,,47.02832500000001,,,19.216995000000008,,,32.02832500000001,,,53.433990000000016,,,25.62266000000001,,,37.02832500000001,,,58.433990000000016,,,29.216995000000008,
23321138000,1789023965160679000,,,,True,visual_video_estimate,,,,,,,,,,,,,,,,,,11.605690000000006,,,28.211380000000013,,,13.211380000000013,,,24.81707000000002,,,43.028450000000035,,,18.211380000000013,,,31.422760000000025,,,48.028450000000035,,,19.81707000000002,,,33.028450000000035,,,54.63414000000004,,,26.422760000000025,,,38.028450000000035,,,59.63414000000004,,,29.81707000000002,
23341138000,1789023965180679000,,,,True,visual_video_estimate,,,,,,,,,,,,,,,,,,11.705690000000004,,,28.41138000000001,,,13.411380000000008,,,25.117070000000012,,,43.52845000000002,,,18.41138000000001,,,31.822760000000017,,,48.52845000000002,,,20.117070000000012,,,33.52845000000002,,,55.234140000000025,,,26.822760000000017,,,38.52845000000002,,,60.234140000000025,,,30.117070000000012,
23381142000,1789023965220683000,,,,True,visual_video_estimate,,,,,,,,,,,,,,,,,,11.905710000000003,,,28.811420000000005,,,13.811420000000005,,,25.717130000000008,,,44.52855000000001,,,18.811420000000005,,,32.62284000000001,,,49.52855000000001,,,20.717130000000008,,,34.52855000000001,,,56.434260000000016,,,27.62284000000001,,,39.52855000000001,,,61.434260000000016,,,30.717130000000008,
23421143000,1789023965260684000,,,,True,visual_video_estimate,,,,,,,,,,,,,,,,,,12.105715000000004,,,29.211430000000007,,,14.211430000000007,,,26.31714500000001,,,45.52857500000002,,,19.211430000000007,,,33.422860000000014,,,50.52857500000002,,,21.31714500000001,,,35.52857500000002,,,57.63429000000002,,,28.422860000000014,,,40.52857500000002,,,62.63429000000002,,,31.31714500000001,
23461143000,1789023965300684000,,,,True,visual_video_estimate,,,,,,,,,,,,,,,,,,12.305715,,,29.61143,,,14.611429999999999,,,26.917144999999998,,,46.528575,,,19.61143,,,34.22286,,,51.528575,,,21.917144999999998,,,36.528575,,,58.834289999999996,,,29.222859999999997,,,41.528575,,,63.834289999999996,,,31.917144999999998,
23481147000,1789023965320688000,,,,True,visual_video_estimate,,,,,,,,,,,,,,,,,,12.405735,,,29.81147,,,14.81147,,,27.217205,,,47.028675,,,19.81147,,,34.62294,,,52.028675,,,22.217205,,,37.028675,,,59.43441,,,29.62294,,,42.028675,,,64.43441,,,32.217205,
23521147000,1789023965360688000,,,,True,visual_video_estimate,,,,,,,,,,,,,,,,,,12.605734999999996,,,30.21146999999999,,,15.211469999999991,,,27.817204999999987,,,48.02867499999998,,,20.21146999999999,,,35.42293999999998,,,53.02867499999998,,,22.817204999999987,,,38.02867499999998,,,60.634409999999974,,,30.422939999999983,,,43.02867499999998,,,65.63440999999997,,,32.81720499999999,
23541147000,1789023965380688000,,,,True,visual_video_estimate,,,,,,,,,,,,,,,,,,12.705734999999994,,,30.411469999999987,,,15.411469999999987,,,28.11720499999998,,,48.528674999999964,,,20.411469999999987,,,35.822939999999974,,,53.528674999999964,,,23.11720499999998,,,38.528674999999964,,,61.23440999999996,,,30.822939999999974,,,43.528674999999964,,,66.23440999999997,,,33.117204999999984,
23601152000,1789023965440693000,,,,True,visual_video_estimate,,,,,,,,,,,,,,,,,,13.005759999999995,,,31.01151999999999,,,16.01151999999999,,,29.017279999999985,,,50.028799999999976,,,21.01151999999999,,,37.02303999999998,,,55.028799999999976,,,24.017279999999985,,,40.028799999999976,,,63.03455999999997,,,32.02303999999998,,,45.028799999999976,,,68.03455999999997,,,34.017279999999985,
23621152000,1789023965460693000,,,,True,visual_video_estimate,,,,,,,,,,,,,,,,,,13.105759999999993,,,31.211519999999986,,,16.211519999999986,,,29.31727999999998,,,50.52879999999996,,,21.211519999999986,,,37.42303999999997,,,55.52879999999996,,,24.31727999999998,,,40.52879999999996,,,63.63455999999996,,,32.42303999999997,,,45.52879999999996,,,68.63455999999996,,,34.31727999999998,
23661152000,1789023965500693000,,,,True,visual_video_estimate,,,,,,,,,,,,,,,,,,13.305760000000006,,,31.611520000000013,,,16.611520000000013,,,29.91728000000002,,,51.52880000000003,,,21.611520000000013,,,38.223040000000026,,,56.52880000000003,,,24.91728000000002,,,41.52880000000003,,,64.83456000000004,,,33.223040000000026,,,46.52880000000003,,,69.83456000000004,,,34.91728000000002,
23681156000,1789023965520697000,,,,True,visual_video_estimate,,,,,,,,,,,,,,,,,,13.405780000000007,,,31.811560000000014,,,16.811560000000014,,,30.21734000000002,,,52.028900000000036,,,21.811560000000014,,,38.62312000000003,,,57.028900000000036,,,25.21734000000002,,,42.028900000000036,,,65.43468000000004,,,33.62312000000003,,,47.028900000000036,,,70.43468000000004,,,35.21734000000002,
23741157000,1789023965580698000,,,,True,visual_video_estimate,,,,,,,,,,,,,,,,,,13.705785000000006,,,32.41157000000001,,,17.41157000000001,,,31.117355000000018,,,53.52892500000003,,,22.41157000000001,,,39.82314000000002,,,58.52892500000003,,,26.117355000000018,,,43.52892500000003,,,67.23471000000004,,,34.82314000000002,,,48.52892500000003,,,72.23471000000004,,,36.11735500000002,
23781161000,1789023965620702000,,,,True,visual_video_estimate,,,,,,,,,,,,,,,,,,13.905805000000004,,,32.81161000000001,,,17.81161000000001,,,31.717415000000013,,,54.52902500000002,,,22.81161000000001,,,40.62322000000002,,,59.52902500000002,,,26.717415000000013,,,44.52902500000002,,,68.43483000000003,,,35.62322000000002,,,49.52902500000002,,,73.43483000000003,,,36.71741500000002,
23821161000,1789023965660702000,,,,True,visual_video_estimate,,,,,,,,,,,,,,,,,,14.105805,,,33.21161,,,18.21161,,,32.317415,,,55.529025000000004,,,23.21161,,,41.42322,,,60.529025000000004,,,27.317415,,,45.529025000000004,,,69.63483,,,36.42322,,,50.529025000000004,,,74.63483,,,37.317415,
23841161000,1789023965680702000,,,,True,visual_video_estimate,,,,,,,,,,,,,,,,,,14.205804999999998,,,33.411609999999996,,,18.411609999999996,,,32.617414999999994,,,56.02902499999999,,,23.411609999999996,,,41.82321999999999,,,61.02902499999999,,,27.617414999999994,,,46.02902499999999,,,70.23482999999999,,,36.82321999999999,,,51.02902499999999,,,75.23482999999999,,,37.617414999999994,
23881166000,1789023965720707000,,,,True,visual_video_estimate,,,,,,,,,,,,,,,,,,14.405830000000002,,,33.81166,,,18.811660000000003,,,33.217490000000005,,,57.02915000000001,,,23.811660000000003,,,42.62332000000001,,,62.02915000000001,,,28.217490000000005,,,47.02915000000001,,,71.43498000000001,,,37.62332000000001,,,52.02915000000001,,,76.43498000000001,,,38.217490000000005,
23921166000,1789023965760707000,,,,True,visual_video_estimate,,,,,,,,,,,,,,,,,,14.605829999999997,,,34.211659999999995,,,19.211659999999995,,,33.81748999999999,,,58.02914999999999,,,24.211659999999995,,,43.42331999999999,,,63.02914999999999,,,28.817489999999992,,,48.02914999999999,,,72.63497999999998,,,38.42331999999999,,,53.02914999999999,,,77.63497999999998,,,38.81748999999999,
23961170000,1789023965800711000,,,,True,visual_video_estimate,,,,,,,,,,,,,,,,,,14.805849999999996,,,34.61169999999999,,,19.611699999999992,,,34.41754999999999,,,59.029249999999976,,,24.611699999999992,,,44.223399999999984,,,64.02924999999998,,,29.417549999999988,,,49.029249999999976,,,73.83509999999998,,,39.223399999999984,,,54.029249999999976,,,78.83509999999998,,,39.41754999999999,
23981170000,1789023965820711000,,,,True,visual_video_estimate,,,,,,,,,,,,,,,,,,14.905849999999994,,,34.81169999999999,,,19.811699999999988,,,34.71754999999998,,,59.52924999999997,,,24.811699999999988,,,44.623399999999975,,,64.52924999999996,,,29.71754999999998,,,49.52924999999997,,,74.43509999999996,,,39.623399999999975,,,54.52924999999997,,,79.43509999999996,,,39.71754999999998,
24021170000,1789023965860711000,,,,True,visual_video_estimate,,,,,,,,,,,,,,,,,,15,,,35,,,20,,,35,,,60,,,25,,,45,,,65,,,30,,,50,,,75,,,40,,,55,,,80,,,40,
24041170000,1789023965880711000,,,,True,visual_video_estimate,,,,,,,,,,,,,,,,,,15,,,35,,,20,,,35,,,60,,,25,,,45,,,65,,,30,,,50,,,75,,,40,,,55,,,80,,,40,
24101175000,1789023965940716000,,,,True,visual_video_estimate,,,,,,,,,,,,,,,,,,15,,,35,,,20,,,35,,,60,,,25,,,45,,,65,,,30,,,50,,,75,,,40,,,55,,,80,,,40,
24121175000,1789023965960716000,,,,True,visual_video_estimate,,,,,,,,,,,,,,,,,,15,,,35,,,20,,,35,,,60,,,25,,,45,,,65,,,30,,,50,,,75,,,40,,,55,,,80,,,40,
24141179000,1789023965980720000,,,,True,visual_video_estimate,,,,,,,,,,,,,,,,,,15,,,35,,,20,,,35,,,60,,,25,,,45,,,65,,,30,,,50,,,75,,,40,,,55,,,80,,,40,
24201180000,1789023966040721000,,,,True,visual_video_estimate,,,,,,,,,,,,,,,,,,15,,,35,,,20,,,35,,,60,,,25,,,45,,,65,,,30,,,50,,,75,,,40,,,55,,,80,,,40,
24221180000,1789023966060721000,,,,True,visual_video_estimate,,,,,,,,,,,,,,,,,,15,,,35,,,20,,,35,,,60,,,25,,,45,,,65,,,30,,,50,,,75,,,40,,,55,,,80,,,40,
24281184000,1789023966120725000,,,,True,visual_video_estimate,,,,,,,,,,,,,,,,,,15,,,35,,,20,,,35,,,60,,,25,,,45,,,65,,,30,,,50,,,75,,,40,,,55,,,80,,,40,
24301184000,1789023966140725000,,,,True,visual_video_estimate,,,,,,,,,,,,,,,,,,15,,,35,,,20,,,35,,,60,,,25,,,45,,,65,,,30,,,50,,,75,,,40,,,55,,,80,,,40,
24341189000,1789023966180730000,,,,True,visual_video_estimate,,,,,,,,,,,,,,,,,,15,,,35,,,20,,,35,,,60,,,25,,,45,,,65,,,30,,,50,,,75,,,40,,,55,,,80,,,40,
24381189000,1789023966220730000,,,,True,visual_video_estimate,,,,,,,,,,,,,,,,,,15,,,35,,,20,,,35,,,60,,,25,,,45,,,65,,,30,,,50,,,75,,,40,,,55,,,80,,,40,
24421193000,1789023966260734000,,,,True,visual_video_estimate,,,,,,,,,,,,,,,,,,15,,,35,,,20,,,35,,,60,,,25,,,45,,,65,,,30,,,50,,,75,,,40,,,55,,,80,,,40,
24461193000,1789023966300734000,,,,True,visual_video_estimate,,,,,,,,,,,,,,,,,,15,,,35,,,20,,,35,,,60,,,25,,,45,,,65,,,30,,,50,,,75,,,40,,,55,,,80,,,40,
24501194000,1789023966340735000,,,,True,visual_video_estimate,,,,,,,,,,,,,,,,,,15,,,35,,,20,,,35,,,60,,,25,,,45,,,65,,,30,,,50,,,75,,,40,,,55,,,80,,,40,
24541198000,1789023966380739000,,,,True,visual_video_estimate,,,,,,,,,,,,,,,,,,15,,,35,,,20,,,35,,,60,,,25,,,45,,,65,,,30,,,50,,,75,,,40,,,55,,,80,,,40,
24561198000,1789023966400739000,,,,True,visual_video_estimate,,,,,,,,,,,,,,,,,,15,,,35,,,20,,,35,,,60,,,25,,,45,,,65,,,30,,,50,,,75,,,40,,,55,,,80,,,40,
24601198000,1789023966440739000,,,,True,visual_video_estimate,,,,,,,,,,,,,,,,,,15,,,35,,,20,,,35,,,60,,,25,,,45,,,65,,,30,,,50,,,75,,,40,,,55,,,80,,,40,
24641203000,1789023966480744000,,,,True,visual_video_estimate,,,,,,,,,,,,,,,,,,15,,,35,,,20,,,35,,,60,,,25,,,45,,,65,,,30,,,50,,,75,,,40,,,55,,,80,,,40,
24661203000,1789023966500744000,,,,True,visual_video_estimate,,,,,,,,,,,,,,,,,,15,,,35,,,20,,,35,,,60,,,25,,,45,,,65,,,30,,,50,,,75,,,40,,,55,,,80,,,40,
24701203000,1789023966540744000,,,,True,visual_video_estimate,,,,,,,,,,,,,,,,,,15,,,35,,,20,,,35,,,60,,,25,,,45,,,65,,,30,,,50,,,75,,,40,,,55,,,80,,,40,
24721207000,1789023966560748000,,,,True,visual_video_estimate,,,,,,,,,,,,,,,,,,15,,,35,,,20,,,35,,,60,,,25,,,45,,,65,,,30,,,50,,,75,,,40,,,55,,,80,,,40,
24781207000,1789023966620748000,,,,True,visual_video_estimate,,,,,,,,,,,,,,,,,,15,,,35,,,20,,,35,,,60,,,25,,,45,,,65,,,30,,,50,,,75,,,40,,,55,,,80,,,40,
24801212000,1789023966640753000,,,,True,visual_video_estimate,,,,,,,,,,,,,,,,,,15,,,35,,,20,,,35,,,60,,,25,,,45,,,65,,,30,,,50,,,75,,,40,,,55,,,80,,,40,
24841212000,1789023966680753000,,,,True,visual_video_estimate,,,,,,,,,,,,,,,,,,15,,,35,,,20,,,35,,,60,,,25,,,45,,,65,,,30,,,50,,,75,,,40,,,55,,,80,,,40,
24861212000,1789023966700753000,,,,True,visual_video_estimate,,,,,,,,,,,,,,,,,,15,,,35,,,20,,,35,,,60,,,25,,,45,,,65,,,30,,,50,,,75,,,40,,,55,,,80,,,40,
24901216000,1789023966740757000,,,,True,visual_video_estimate,,,,,,,,,,,,,,,,,,15,,,35,,,20,,,35,,,60,,,25,,,45,,,65,,,30,,,50,,,75,,,40,,,55,,,80,,,40,
24961217000,1789023966800758000,,,,True,visual_video_estimate,,,,,,,,,,,,,,,,,,15,,,35,,,20,,,35,,,60,,,25,,,45,,,65,,,30,,,50,,,75,,,40,,,55,,,80,,,40,
25001221000,1789023966840762000,,,,True,visual_video_estimate,,,,,,,,,,,,,,,,,,14.981684999999985,,,34.969474999999974,,,19.981684999999985,,,34.969474999999974,,,59.945054999999954,,,24.97557999999998,,,44.96336999999997,,,64.93894999999995,,,29.969474999999974,,,49.957264999999964,,,74.93284499999994,,,39.96336999999997,,,54.957264999999964,,,79.93284499999994,,,39.96336999999997,
25021221000,1789023966860762000,,,,True,visual_video_estimate,,,,,,,,,,,,,,,,,,14.681684999999991,,,34.46947499999999,,,19.68168499999999,,,34.46947499999999,,,59.04505499999998,,,24.575579999999988,,,44.36336999999998,,,63.93894999999997,,,29.469474999999985,,,49.257264999999975,,,73.83284499999996,,,39.36336999999998,,,54.257264999999975,,,78.83284499999996,,,39.36336999999998,
25061221000,1789023966900762000,,,,True,visual_video_estimate,,,,,,,,,,,,,,,,,,14.081685000000004,,,33.469475,,,19.081685000000004,,,33.469475,,,57.24505500000001,,,23.775580000000005,,,43.16337000000001,,,61.93895000000001,,,28.469475000000006,,,47.85726500000001,,,71.63284500000002,,,38.16337000000001,,,52.85726500000001,,,76.63284500000002,,,38.16337000000001,
25101226000,1789023966940767000,,,,True,visual_video_estimate,,,,,,,,,,,,,,,,,,13.481609999999993,,,32.46934999999999,,,18.481609999999993,,,32.46934999999999,,,55.44482999999998,,,22.97547999999999,,,41.963219999999986,,,59.938699999999976,,,27.469349999999988,,,46.45708999999998,,,69.43256999999997,,,36.963219999999986,,,51.45708999999998,,,74.43256999999997,,,36.963219999999986,
25141226000,1789023966980767000,,,,True,visual_video_estimate,,,,,,,,,,,,,,,,,,12.881610000000006,,,31.46935000000001,,,17.881610000000006,,,31.46935000000001,,,53.64483000000001,,,22.175480000000007,,,40.76322000000001,,,57.93870000000002,,,26.46935000000001,,,45.05709000000002,,,67.23257000000002,,,35.76322000000001,,,50.05709000000002,,,72.23257000000002,,,35.76322000000001,
25181230000,1789023967020771000,,,,True,visual_video_estimate,,,,,,,,,,,,,,,,,,12.28155000000001,,,30.469250000000017,,,17.28155000000001,,,30.469250000000017,,,51.84465000000003,,,21.375400000000013,,,39.56310000000002,,,55.93850000000003,,,25.469250000000017,,,43.65695000000002,,,65.03235000000004,,,34.56310000000002,,,48.65695000000002,,,70.03235000000004,,,34.56310000000002,
25221230000,1789023967060771000,,,,True,visual_video_estimate,,,,,,,,,,,,,,,,,,11.681550000000023,,,29.469250000000038,,,16.681550000000023,,,29.469250000000038,,,50.04465000000007,,,20.57540000000003,,,38.363100000000045,,,53.938500000000076,,,24.469250000000038,,,42.25695000000005,,,62.83235000000008,,,33.363100000000045,,,47.25695000000005,,,67.83235000000008,,,33.363100000000045,
25261230000,1789023967100771000,,,,True,visual_video_estimate,,,,,,,,,,,,,,,,,,11.081549999999982,,,28.46924999999997,,,16.081549999999982,,,28.46924999999997,,,48.24464999999995,,,19.775399999999976,,,37.163099999999964,,,51.93849999999994,,,23.46924999999997,,,40.856949999999955,,,60.63234999999993,,,32.163099999999964,,,45.856949999999955,,,65.63234999999993,,,32.163099999999964,
25281235000,1789023967120776000,,,,True,visual_video_estimate,,,,,,,,,,,,,,,,,,10.781475000000018,,,27.96912500000003,,,15.781475000000018,,,27.96912500000003,,,47.34442500000006,,,19.375300000000024,,,36.562950000000036,,,50.93825000000006,,,22.96912500000003,,,40.15677500000004,,,59.53207500000006,,,31.562950000000036,,,45.15677500000004,,,64.53207500000006,,,31.562950000000036,
25321235000,1789023967160776000,,,,True,visual_video_estimate,,,,,,,,,,,,,,,,,,10.181474999999978,,,26.969124999999963,,,15.181474999999978,,,26.969124999999963,,,45.54442499999993,,,18.57529999999997,,,35.362949999999955,,,48.938249999999925,,,21.969124999999963,,,38.75677499999995,,,57.33207499999992,,,30.362949999999955,,,43.75677499999995,,,62.33207499999992,,,30.362949999999955,
25361235000,1789023967200776000,,,,True,visual_video_estimate,,,,,,,,,,,,,,,,,,9.58147499999999,,,25.969124999999984,,,14.58147499999999,,,25.969124999999984,,,43.74442499999997,,,17.775299999999987,,,34.16294999999998,,,46.93824999999997,,,20.969124999999984,,,37.35677499999998,,,55.132074999999965,,,29.16294999999998,,,42.35677499999998,,,60.132074999999965,,,29.16294999999998,
25421240000,1789023967260781000,,,,True,visual_video_estimate,,,,,,,,,,,,,,,,,,8.681399999999986,,,24.468999999999976,,,13.681399999999986,,,24.468999999999976,,,41.04419999999996,,,16.57519999999998,,,32.36279999999997,,,43.93799999999995,,,19.468999999999976,,,35.25659999999996,,,51.831799999999944,,,27.36279999999997,,,40.25659999999996,,,56.831799999999944,,,27.36279999999997,
25441240000,1789023967280781000,,,,True,visual_video_estimate,,,,,,,,,,,,,,,,,,8.381399999999992,,,23.968999999999987,,,13.381399999999992,,,23.968999999999987,,,40.14419999999998,,,16.17519999999999,,,31.762799999999984,,,42.937999999999974,,,18.968999999999987,,,34.55659999999998,,,50.73179999999997,,,26.762799999999984,,,39.55659999999998,,,55.73179999999997,,,26.762799999999984,
25481244000,1789023967320785000,,,,True,visual_video_estimate,,,,,,,,,,,,,,,,,,7.781339999999997,,,22.968899999999994,,,12.781339999999997,,,22.968899999999994,,,38.344019999999986,,,15.375119999999995,,,30.562679999999993,,,40.93779999999999,,,17.968899999999994,,,33.156459999999996,,,48.53157999999999,,,25.562679999999993,,,38.156459999999996,,,53.53157999999999,,,25.562679999999993,
25501244000,1789023967340785000,,,,True,visual_video_estimate,,,,,,,,,,,,,,,,,,7.481340000000003,,,22.468900000000005,,,12.481340000000003,,,22.468900000000005,,,37.44402000000001,,,14.975120000000004,,,29.962680000000006,,,39.93780000000001,,,17.468900000000005,,,32.45646000000001,,,47.43158000000001,,,24.962680000000006,,,37.45646000000001,,,52.43158000000001,,,24.962680000000006,
25541244000,1789023967380785000,,,,True,visual_video_estimate,,,,,,,,,,,,,,,,,,6.881340000000016,,,21.468900000000026,,,11.881340000000016,,,21.468900000000026,,,35.64402000000005,,,14.175120000000021,,,28.76268000000003,,,37.93780000000005,,,16.468900000000026,,,31.056460000000037,,,45.23158000000006,,,23.76268000000003,,,36.05646000000004,,,50.23158000000006,,,23.76268000000003,
25581249000,1789023967420790000,,,,True,visual_video_estimate,,,,,,,,,,,,,,,,,,6.281265000000005,,,20.468775000000008,,,11.281265000000005,,,20.468775000000008,,,33.843795000000014,,,13.375020000000006,,,27.56253000000001,,,35.937550000000016,,,15.468775000000008,,,29.65628500000001,,,43.03130500000002,,,22.56253000000001,,,34.65628500000001,,,48.03130500000002,,,22.56253000000001,
25641249000,1789023967480790000,,,,True,visual_video_estimate,,,,,,,,,,,,,,,,,,5.381265000000024,,,18.96877500000004,,,10.381265000000024,,,18.96877500000004,,,31.143795000000072,,,12.175020000000032,,,25.762530000000048,,,32.93755000000008,,,13.96877500000004,,,27.556285000000056,,,39.73130500000009,,,20.762530000000048,,,32.55628500000006,,,44.73130500000009,,,20.762530000000048,
25681253000,1789023967520794000,,,,True,visual_video_estimate,,,,,,,,,,,,,,,,,,4.781204999999975,,,17.96867499999996,,,9.781204999999975,,,17.96867499999996,,,29.343614999999925,,,11.374939999999967,,,24.56240999999995,,,30.937349999999917,,,12.968674999999958,,,26.156144999999942,,,37.531084999999905,,,19.56240999999995,,,31.156144999999942,,,42.531084999999905,,,19.56240999999995,
25721254000,1789023967560795000,,,,True,visual_video_estimate,,,,,,,,,,,,,,,,,,4.181190000000026,,,16.968650000000043,,,9.181190000000026,,,16.968650000000043,,,27.543570000000074,,,10.574920000000034,,,23.36238000000005,,,28.937300000000086,,,11.968650000000043,,,24.75611000000006,,,35.3310300000001,,,18.36238000000005,,,29.75611000000006,,,40.3310300000001,,,18.36238000000005,
25781258000,1789023967620799000,,,,True,visual_video_estimate,,,,,,,,,,,,,,,,,,3.2811299999999832,,,15.468549999999972,,,8.281129999999983,,,15.468549999999972,,,24.84338999999995,,,9.374839999999978,,,21.562259999999966,,,25.937099999999944,,,10.468549999999972,,,22.65596999999996,,,32.03080999999994,,,16.562259999999966,,,27.65596999999996,,,37.03080999999994,,,16.562259999999966,
25821258000,1789023967660799000,,,,True,visual_video_estimate,,,,,,,,,,,,,,,,,,2.681129999999996,,,14.468549999999993,,,7.681129999999996,,,14.468549999999993,,,23.043389999999988,,,8.574839999999995,,,20.362259999999992,,,23.937099999999987,,,9.468549999999993,,,21.25596999999999,,,29.830809999999985,,,15.362259999999992,,,26.25596999999999,,,34.830809999999985,,,15.362259999999992,
25841258000,1789023967680799000,,,,True,visual_video_estimate,,,,,,,,,,,,,,,,,,2.3811300000000024,,,13.968550000000004,,,7.381130000000002,,,13.968550000000004,,,22.14339000000001,,,8.174840000000003,,,19.762260000000005,,,22.937100000000008,,,8.968550000000004,,,20.555970000000006,,,28.730810000000005,,,14.762260000000005,,,25.555970000000006,,,33.730810000000005,,,14.762260000000005,
25861263000,1789023967700804000,,,,True,visual_video_estimate,,,,,,,,,,,,,,,,,,2.081054999999985,,,13.468424999999975,,,7.081054999999985,,,13.468424999999975,,,21.243164999999955,,,7.77473999999998,,,19.16210999999997,,,21.93684999999995,,,8.468424999999975,,,19.855794999999965,,,27.630534999999945,,,14.16210999999997,,,24.855794999999965,,,32.630534999999945,,,14.16210999999997,
25901263000,1789023967740804000,,,,True,visual_video_estimate,,,,,,,,,,,,,,,,,,1.4810549999999978,,,12.468424999999996,,,6.481054999999998,,,12.468424999999996,,,19.443164999999993,,,6.974739999999997,,,17.962109999999996,,,19.936849999999993,,,7.468424999999996,,,18.455794999999995,,,25.430534999999992,,,12.962109999999996,,,23.455794999999995,,,30.430534999999992,,,12.962109999999996,
25941267000,1789023967780808000,,,,True,visual_video_estimate,,,,,,,,,,,,,,,,,,0.8809950000000022,,,11.468325000000004,,,5.880995000000002,,,11.468325000000004,,,17.64298500000001,,,6.174660000000003,,,16.761990000000004,,,17.936650000000007,,,6.468325000000004,,,17.055655,,,23.230315000000004,,,11.761990000000004,,,22.055655,,,28.230315000000004,,,11.761990000000004,
25961267000,1789023967800808000,,,,True,visual_video_estimate,,,,,,,,,,,,,,,,,,0.5809950000000086,,,10.968325000000014,,,5.580995000000009,,,10.968325000000014,,,16.742985000000026,,,5.7746600000000115,,,16.161990000000017,,,16.93665000000003,,,5.968325000000014,,,16.35565500000002,,,22.13031500000003,,,11.161990000000017,,,21.35565500000002,,,27.13031500000003,,,11.161990000000017,
26001267000,1789023967840808000,,,,True,visual_video_estimate,,,,,,,,,,,,,,,,,,0.012669999999985748,,,10.025339999999971,,,5.019004999999979,,,10.025339999999971,,,15.050679999999943,,,5.0253399999999715,,,15.025339999999971,,,15.057014999999936,,,5.031674999999964,,,15.025339999999971,,,20.057014999999936,,,10.025339999999971,,,20.02533999999997,,,25.050679999999943,,,10.031674999999964,
26041272000,1789023967880813000,,,,True,visual_video_estimate,,,,,,,,,,,,,,,,,,0.4127199999999931,,,10.825439999999986,,,5.61907999999999,,,10.825439999999986,,,16.650879999999972,,,5.825439999999986,,,15.825439999999986,,,16.85723999999997,,,6.031799999999983,,,15.825439999999986,,,21.85723999999997,,,10.825439999999986,,,20.825439999999986,,,26.650879999999972,,,11.031799999999983,
26081272000,1789023967920813000,,,,True,visual_video_estimate,,,,,,,,,,,,,,,,,,0.8127199999999846,,,11.62543999999997,,,6.219079999999977,,,11.62543999999997,,,18.25087999999994,,,6.625439999999969,,,16.62543999999997,,,18.65723999999993,,,7.031799999999961,,,16.62543999999997,,,23.65723999999993,,,11.62543999999997,,,21.62543999999997,,,28.25087999999994,,,12.031799999999961,
26141277000,1789023967980818000,,,,True,visual_video_estimate,,,,,,,,,,,,,,,,,,1.4127699999999876,,,12.825539999999975,,,7.1191549999999815,,,12.825539999999975,,,20.65107999999995,,,7.825539999999975,,,17.825539999999975,,,21.357464999999944,,,8.53192499999997,,,17.825539999999975,,,26.357464999999944,,,12.825539999999975,,,22.825539999999975,,,30.65107999999995,,,13.53192499999997,
26161277000,1789023968000818000,,,,True,visual_video_estimate,,,,,,,,,,,,,,,,,,1.6127699999999834,,,13.225539999999967,,,7.419154999999975,,,13.225539999999967,,,21.451079999999934,,,8.225539999999967,,,18.225539999999967,,,22.257464999999925,,,9.031924999999958,,,18.225539999999967,,,27.257464999999925,,,13.225539999999967,,,23.225539999999967,,,31.451079999999934,,,14.031924999999958,
26181277000,1789023968020818000,,,,True,visual_video_estimate,,,,,,,,,,,,,,,,,,1.8127700000000146,,,13.62554000000003,,,7.719155000000022,,,13.62554000000003,,,22.25108000000006,,,8.62554000000003,,,18.62554000000003,,,23.157465000000066,,,9.531925000000037,,,18.62554000000003,,,28.157465000000066,,,13.62554000000003,,,23.62554000000003,,,32.25108000000006,,,14.531925000000037,
26221277000,1789023968060818000,,,,True,visual_video_estimate,,,,,,,,,,,,,,,,,,2.212770000000006,,,14.425540000000012,,,8.31915500000001,,,14.425540000000012,,,23.851080000000024,,,9.425540000000012,,,19.425540000000012,,,24.957465000000028,,,10.531925000000015,,,19.425540000000012,,,29.957465000000028,,,14.425540000000012,,,24.425540000000012,,,33.851080000000024,,,15.531925000000015,
26281281000,1789023968120822000,,,,True,visual_video_estimate,,,,,,,,,,,,,,,,,,2.812809999999999,,,15.625619999999998,,,9.219214999999998,,,15.625619999999998,,,26.251239999999996,,,10.625619999999998,,,20.625619999999998,,,27.657644999999995,,,12.032024999999997,,,20.625619999999998,,,32.657644999999995,,,15.625619999999998,,,25.625619999999998,,,36.251239999999996,,,17.032024999999997,
26301281000,1789023968140822000,,,,True,visual_video_estimate,,,,,,,,,,,,,,,,,,3.0128099999999947,,,16.02561999999999,,,9.519214999999992,,,16.02561999999999,,,27.05123999999998,,,11.02561999999999,,,21.02561999999999,,,28.557644999999976,,,12.532024999999987,,,21.02561999999999,,,33.55764499999998,,,16.02561999999999,,,26.02561999999999,,,37.05123999999998,,,17.532024999999987,
26361286000,1789023968200827000,,,,True,visual_video_estimate,,,,,,,,,,,,,,,,,,3.6128599999999977,,,17.225719999999995,,,10.419289999999997,,,17.225719999999995,,,29.45143999999999,,,12.225719999999995,,,22.225719999999995,,,31.25786999999999,,,14.032149999999994,,,22.225719999999995,,,36.25786999999999,,,17.225719999999995,,,27.225719999999995,,,39.45143999999999,,,19.032149999999994,
26381286000,1789023968220827000,,,,True,visual_video_estimate,,,,,,,,,,,,,,,,,,3.8128599999999935,,,17.625719999999987,,,10.71928999999999,,,17.625719999999987,,,30.251439999999974,,,12.625719999999987,,,22.625719999999987,,,32.157869999999974,,,14.532149999999984,,,22.625719999999987,,,37.157869999999974,,,17.625719999999987,,,27.625719999999987,,,40.251439999999974,,,19.532149999999984,
26421290000,1789023968260831000,,,,True,visual_video_estimate,,,,,,,,,,,,,,,,,,4.2128999999999905,,,18.42579999999998,,,11.319349999999986,,,18.42579999999998,,,31.851599999999962,,,13.425799999999981,,,23.42579999999998,,,33.95804999999996,,,15.532249999999976,,,23.42579999999998,,,38.95804999999996,,,18.42579999999998,,,28.42579999999998,,,41.85159999999996,,,20.532249999999976,
26461291000,1789023968300832000,,,,True,visual_video_estimate,,,,,,,,,,,,,,,,,,4.612909999999992,,,19.225819999999985,,,11.919364999999988,,,19.225819999999985,,,33.45163999999997,,,14.225819999999985,,,24.225819999999985,,,35.75809499999997,,,16.53227499999998,,,24.225819999999985,,,40.75809499999997,,,19.225819999999985,,,29.225819999999985,,,43.45163999999997,,,21.53227499999998,
26481291000,1789023968320832000,,,,True,visual_video_estimate,,,,,,,,,,,,,,,,,,4.812909999999988,,,19.625819999999976,,,12.219364999999982,,,19.625819999999976,,,34.25163999999995,,,14.625819999999976,,,24.625819999999976,,,36.658094999999946,,,17.03227499999997,,,24.625819999999976,,,41.658094999999946,,,19.625819999999976,,,29.625819999999976,,,44.25163999999995,,,22.03227499999997,
26501291000,1789023968340832000,,,,True,visual_video_estimate,,,,,,,,,,,,,,,,,,5.012909999999984,,,20.025819999999968,,,12.519364999999976,,,20.025819999999968,,,35.051639999999935,,,15.025819999999968,,,25.025819999999968,,,37.55809499999992,,,17.53227499999996,,,25.025819999999968,,,42.55809499999992,,,20.025819999999968,,,30.025819999999968,,,45.051639999999935,,,22.53227499999996,
26541295000,1789023968380836000,,,,True,visual_video_estimate,,,,,,,,,,,,,,,,,,5.412950000000016,,,20.825900000000033,,,13.119425000000025,,,20.825900000000033,,,36.651800000000065,,,15.825900000000033,,,25.825900000000033,,,39.35827500000008,,,18.53237500000004,,,25.825900000000033,,,44.35827500000008,,,20.825900000000033,,,30.825900000000033,,,46.651800000000065,,,23.53237500000004,
26601300000,1789023968440841000,,,,True,visual_video_estimate,,,,,,,,,,,,,,,,,,6.012999999999984,,,22.025999999999968,,,14.019499999999976,,,22.025999999999968,,,39.051999999999936,,,17.025999999999968,,,27.025999999999968,,,42.058499999999924,,,20.03249999999996,,,27.025999999999968,,,47.058499999999924,,,22.025999999999968,,,32.02599999999997,,,49.051999999999936,,,25.03249999999996,
26641300000,1789023968480841000,,,,True,visual_video_estimate,,,,,,,,,,,,,,,,,,6.413000000000011,,,22.826000000000022,,,14.619500000000016,,,22.826000000000022,,,40.652000000000044,,,17.826000000000022,,,27.826000000000022,,,43.85850000000005,,,21.032500000000027,,,27.826000000000022,,,48.85850000000005,,,22.826000000000022,,,32.82600000000002,,,50.652000000000044,,,26.032500000000027,
26681300000,1789023968520841000,,,,True,visual_video_estimate,,,,,,,,,,,,,,,,,,6.813000000000002,,,23.626000000000005,,,15.219500000000004,,,23.626000000000005,,,42.25200000000001,,,18.626000000000005,,,28.626000000000005,,,45.65850000000001,,,22.032500000000006,,,28.626000000000005,,,50.65850000000001,,,23.626000000000005,,,33.626000000000005,,,52.25200000000001,,,27.032500000000006,
26701304000,1789023968540845000,,,,True,visual_video_estimate,,,,,,,,,,,,,,,,,,7.013040000000004,,,24.026080000000007,,,15.519560000000006,,,24.026080000000007,,,43.052160000000015,,,19.026080000000007,,,29.026080000000007,,,46.55868000000002,,,22.53260000000001,,,29.026080000000007,,,51.55868000000002,,,24.026080000000007,,,34.02608000000001,,,53.052160000000015,,,27.53260000000001,
26741304000,1789023968580845000,,,,True,visual_video_estimate,,,,,,,,,,,,,,,,,,7.413039999999995,,,24.82607999999999,,,16.119559999999993,,,24.82607999999999,,,44.65215999999998,,,19.82607999999999,,,29.82607999999999,,,48.35867999999998,,,23.532599999999988,,,29.82607999999999,,,53.35867999999998,,,24.82607999999999,,,34.82607999999999,,,54.65215999999998,,,28.532599999999988,
26781304000,1789023968620845000,,,,True,visual_video_estimate,,,,,,,,,,,,,,,,,,7.813039999999987,,,25.626079999999973,,,16.71955999999998,,,25.626079999999973,,,46.25215999999995,,,20.626079999999973,,,30.626079999999973,,,50.15867999999994,,,24.532599999999967,,,30.626079999999973,,,55.15867999999994,,,25.626079999999973,,,35.62607999999997,,,56.25215999999995,,,29.532599999999967,
26801309000,1789023968640850000,,,,True,visual_video_estimate,,,,,,,,,,,,,,,,,,8.013089999999998,,,26.026179999999997,,,17.019634999999997,,,26.026179999999997,,,47.05235999999999,,,21.026179999999997,,,31.026179999999997,,,51.058904999999996,,,25.032724999999996,,,31.026179999999997,,,56.058904999999996,,,26.026179999999997,,,36.02618,,,57.05235999999999,,,30.032724999999996,
26821309000,1789023968660850000,,,,True,visual_video_estimate,,,,,,,,,,,,,,,,,,8.213089999999994,,,26.426179999999988,,,17.31963499999999,,,26.426179999999988,,,47.852359999999976,,,21.426179999999988,,,31.426179999999988,,,51.95890499999997,,,25.532724999999985,,,31.426179999999988,,,56.95890499999997,,,26.426179999999988,,,36.42617999999999,,,57.852359999999976,,,30.532724999999985,
26861309000,1789023968700850000,,,,True,visual_video_estimate,,,,,,,,,,,,,,,,,,8.613089999999985,,,27.22617999999997,,,17.919634999999978,,,27.22617999999997,,,49.45235999999994,,,22.22617999999997,,,32.22617999999997,,,53.758904999999935,,,26.532724999999964,,,32.22617999999997,,,58.758904999999935,,,27.22617999999997,,,37.22617999999997,,,59.45235999999994,,,31.532724999999964,
26921314000,1789023968760855000,,,,True,visual_video_estimate,,,,,,,,,,,,,,,,,,9.213139999999989,,,28.426279999999977,,,18.819709999999983,,,28.426279999999977,,,51.852559999999954,,,23.426279999999977,,,33.42627999999998,,,56.459129999999945,,,28.03284999999997,,,33.42627999999998,,,61.459129999999945,,,28.426279999999977,,,38.42627999999998,,,61.852559999999954,,,33.03284999999997,
26961314000,1789023968800855000,,,,True,visual_video_estimate,,,,,,,,,,,,,,,,,,9.613140000000016,,,29.22628000000003,,,19.419710000000023,,,29.22628000000003,,,53.45256000000006,,,24.22628000000003,,,34.22628000000003,,,58.25913000000007,,,29.03285000000004,,,34.22628000000003,,,63.25913000000007,,,29.22628000000003,,,39.22628000000003,,,63.45256000000006,,,34.03285000000004,
27001318000,1789023968840859000,,,,True,visual_video_estimate,,,,,,,,,,,,,,,,,,9.986819999999987,,,29.973639999999975,,,19.98022999999998,,,29.973639999999975,,,54.94727999999995,,,24.973639999999975,,,34.973639999999975,,,59.94068999999995,,,29.96704999999997,,,34.973639999999975,,,64.94068999999995,,,29.973639999999975,,,39.973639999999975,,,64.94727999999995,,,34.96704999999997,
27021318000,1789023968860859000,,,,True,visual_video_estimate,,,,,,,,,,,,,,,,,,9.786819999999992,,,29.573639999999983,,,19.680229999999987,,,29.573639999999983,,,54.14727999999997,,,24.573639999999983,,,34.57363999999998,,,59.04068999999996,,,29.46704999999998,,,34.57363999999998,,,64.04068999999996,,,29.573639999999983,,,39.57363999999998,,,64.14727999999997,,,34.46704999999998,
27081323000,1789023968920864000,,,,True,visual_video_estimate,,,,,,,,,,,,,,,,,,9.186769999999989,,,28.373539999999977,,,18.780154999999983,,,28.373539999999977,,,51.747079999999954,,,23.373539999999977,,,33.37353999999998,,,56.34046499999995,,,27.96692499999997,,,33.37353999999998,,,61.34046499999995,,,28.373539999999977,,,38.37353999999998,,,61.747079999999954,,,32.966924999999975,
27101323000,1789023968940864000,,,,True,visual_video_estimate,,,,,,,,,,,,,,,,,,8.986769999999993,,,27.973539999999986,,,18.48015499999999,,,27.973539999999986,,,50.94707999999997,,,22.973539999999986,,,32.973539999999986,,,55.44046499999997,,,27.466924999999982,,,32.973539999999986,,,60.44046499999997,,,27.973539999999986,,,37.973539999999986,,,60.94707999999997,,,32.46692499999998,
27161323000,1789023969000864000,,,,True,visual_video_estimate,,,,,,,,,,,,,,,,,,8.386770000000006,,,26.77354000000001,,,17.58015500000001,,,26.77354000000001,,,48.54708000000002,,,21.77354000000001,,,31.77354000000001,,,52.74046500000003,,,25.966925000000014,,,31.77354000000001,,,57.74046500000003,,,26.77354000000001,,,36.77354000000001,,,58.54708000000002,,,30.966925000000014,
27181327000,1789023969020868000,,,,True,visual_video_estimate,,,,,,,,,,,,,,,,,,8.186730000000004,,,26.37346000000001,,,17.280095000000006,,,26.37346000000001,,,47.74692000000002,,,21.37346000000001,,,31.37346000000001,,,51.84028500000002,,,25.46682500000001,,,31.37346000000001,,,56.84028500000002,,,26.37346000000001,,,36.37346000000001,,,57.74692000000002,,,30.46682500000001,
27221328000,1789023969060869000,,,,True,visual_video_estimate,,,,,,,,,,,,,,,,,,7.7867200000000025,,,25.573440000000005,,,16.680080000000004,,,25.573440000000005,,,46.14688000000001,,,20.573440000000005,,,30.573440000000005,,,50.04024000000001,,,24.466800000000006,,,30.573440000000005,,,55.04024000000001,,,25.573440000000005,,,35.573440000000005,,,56.14688000000001,,,29.466800000000006,
27281332000,1789023969120873000,,,,True,visual_video_estimate,,,,,,,,,,,,,,,,,,7.18668000000001,,,24.37336000000002,,,15.780020000000015,,,24.37336000000002,,,43.74672000000004,,,19.37336000000002,,,29.37336000000002,,,47.340060000000044,,,22.966700000000024,,,29.37336000000002,,,52.340060000000044,,,24.37336000000002,,,34.37336000000002,,,53.74672000000004,,,27.966700000000024,
27321332000,1789023969160873000,,,,True,visual_video_estimate,,,,,,,,,,,,,,,,,,6.786679999999983,,,23.573359999999965,,,15.180019999999974,,,23.573359999999965,,,42.14671999999993,,,18.573359999999965,,,28.573359999999965,,,45.540059999999926,,,21.966699999999957,,,28.573359999999965,,,50.540059999999926,,,23.573359999999965,,,33.573359999999965,,,52.14671999999993,,,26.966699999999957,
27341332000,1789023969180873000,,,,True,visual_video_estimate,,,,,,,,,,,,,,,,,,6.586679999999987,,,23.173359999999974,,,14.88001999999998,,,23.173359999999974,,,41.34671999999995,,,18.173359999999974,,,28.173359999999974,,,44.64005999999994,,,21.466699999999967,,,28.173359999999974,,,49.64005999999994,,,23.173359999999974,,,33.173359999999974,,,51.34671999999995,,,26.466699999999967,
27381337000,1789023969220878000,,,,True,visual_video_estimate,,,,,,,,,,,,,,,,,,6.186630000000015,,,22.37326000000003,,,14.279945000000023,,,22.37326000000003,,,39.74652000000006,,,17.37326000000003,,,27.37326000000003,,,42.839835000000065,,,20.466575000000038,,,27.37326000000003,,,47.839835000000065,,,22.37326000000003,,,32.37326000000003,,,49.74652000000006,,,25.466575000000038,
27421337000,1789023969260878000,,,,True,visual_video_estimate,,,,,,,,,,,,,,,,,,5.786629999999988,,,21.573259999999976,,,13.679944999999982,,,21.573259999999976,,,38.14651999999995,,,16.573259999999976,,,26.573259999999976,,,41.03983499999995,,,19.46657499999997,,,26.573259999999976,,,46.03983499999995,,,21.573259999999976,,,31.573259999999976,,,48.14651999999995,,,24.46657499999997,
27441337000,1789023969280878000,,,,True,visual_video_estimate,,,,,,,,,,,,,,,,,,5.586629999999992,,,21.173259999999985,,,13.379944999999989,,,21.173259999999985,,,37.34651999999997,,,16.173259999999985,,,26.173259999999985,,,40.13983499999996,,,18.96657499999998,,,26.173259999999985,,,45.13983499999996,,,21.173259999999985,,,31.173259999999985,,,47.34651999999997,,,23.96657499999998,
27481341000,1789023969320882000,,,,True,visual_video_estimate,,,,,,,,,,,,,,,,,,5.186589999999995,,,20.37317999999999,,,12.779884999999993,,,20.37317999999999,,,35.74635999999998,,,15.37317999999999,,,25.37317999999999,,,38.33965499999998,,,17.96647499999999,,,25.37317999999999,,,43.33965499999998,,,20.37317999999999,,,30.37317999999999,,,45.74635999999998,,,22.96647499999999,
27501341000,1789023969340882000,,,,True,visual_video_estimate,,,,,,,,,,,,,,,,,,4.98659,,,19.97318,,,12.479885,,,19.97318,,,34.94636,,,14.97318,,,24.97318,,,37.439655,,,17.466475,,,24.97318,,,42.439655,,,19.97318,,,29.97318,,,44.94636,,,22.466475,
27561346000,1789023969400887000,,,,True,visual_video_estimate,,,,,,,,,,,,,,,,,,4.3865399999999966,,,18.773079999999993,,,11.579809999999995,,,18.773079999999993,,,32.546159999999986,,,13.773079999999993,,,23.773079999999993,,,34.739429999999984,,,15.966349999999991,,,23.773079999999993,,,39.739429999999984,,,18.773079999999993,,,28.773079999999993,,,42.546159999999986,,,20.96634999999999,
27601346000,1789023969440887000,,,,True,visual_video_estimate,,,,,,,,,,,,,,,,,,3.986540000000005,,,17.97308000000001,,,10.979810000000008,,,17.97308000000001,,,30.94616000000002,,,12.97308000000001,,,22.97308000000001,,,32.93943000000002,,,14.966350000000013,,,22.97308000000001,,,37.93943000000002,,,17.97308000000001,,,27.97308000000001,,,40.94616000000002,,,19.966350000000013,
27641346000,1789023969480887000,,,,True,visual_video_estimate,,,,,,,,,,,,,,,,,,3.5865400000000136,,,17.173080000000027,,,10.37981000000002,,,17.173080000000027,,,29.346160000000054,,,12.173080000000027,,,22.173080000000027,,,31.13943000000006,,,13.966350000000034,,,22.173080000000027,,,36.13943000000006,,,17.173080000000027,,,27.173080000000027,,,39.346160000000054,,,18.966350000000034,
27661351000,1789023969500892000,,,,True,visual_video_estimate,,,,,,,,,,,,,,,,,,3.386490000000002,,,16.772980000000004,,,10.079735000000003,,,16.772980000000004,,,28.545960000000008,,,11.772980000000004,,,21.772980000000004,,,30.23920500000001,,,13.466225000000005,,,21.772980000000004,,,35.23920500000001,,,16.772980000000004,,,26.772980000000004,,,38.54596000000001,,,18.466225000000005,
27701351000,1789023969540892000,,,,True,visual_video_estimate,,,,,,,,,,,,,,,,,,2.9864900000000105,,,15.972980000000021,,,9.479735000000016,,,15.972980000000021,,,26.945960000000042,,,10.972980000000021,,,20.97298000000002,,,28.439205000000047,,,12.466225000000026,,,20.97298000000002,,,33.439205000000044,,,15.972980000000021,,,25.97298000000002,,,36.94596000000004,,,17.466225000000026,
27721351000,1789023969560892000,,,,True,visual_video_estimate,,,,,,,,,,,,,,,,,,2.786490000000015,,,15.57298000000003,,,9.179735000000022,,,15.57298000000003,,,26.14596000000006,,,10.57298000000003,,,20.57298000000003,,,27.539205000000067,,,11.966225000000037,,,20.57298000000003,,,32.53920500000007,,,15.57298000000003,,,25.57298000000003,,,36.14596000000006,,,16.966225000000037,
27781355000,1789023969620896000,,,,True,visual_video_estimate,,,,,,,,,,,,,,,,,,2.1864499999999865,,,14.372899999999973,,,8.27967499999998,,,14.372899999999973,,,23.745799999999946,,,9.372899999999973,,,19.372899999999973,,,24.839024999999936,,,10.466124999999966,,,19.372899999999973,,,29.839024999999936,,,14.372899999999973,,,24.372899999999973,,,33.745799999999946,,,15.466124999999966,
27821355000,1789023969660896000,,,,True,visual_video_estimate,,,,,,,,,,,,,,,,,,1.786449999999995,,,13.57289999999999,,,7.6796749999999925,,,13.57289999999999,,,22.14579999999998,,,8.57289999999999,,,18.57289999999999,,,23.03902499999998,,,9.466124999999987,,,18.57289999999999,,,28.03902499999998,,,13.57289999999999,,,23.57289999999999,,,32.14579999999998,,,14.466124999999987,
27841360000,1789023969680901000,,,,True,visual_video_estimate,,,,,,,,,,,,,,,,,,1.5863999999999834,,,13.172799999999967,,,7.379599999999975,,,13.172799999999967,,,21.345599999999934,,,8.172799999999967,,,18.172799999999967,,,22.138799999999925,,,8.965999999999958,,,18.172799999999967,,,27.138799999999925,,,13.172799999999967,,,23.172799999999967,,,31.345599999999934,,,13.965999999999958,
27861360000,1789023969700901000,,,,True,visual_video_estimate,,,,,,,,,,,,,,,,,,1.3863999999999876,,,12.772799999999975,,,7.0795999999999815,,,12.772799999999975,,,20.54559999999995,,,7.772799999999975,,,17.772799999999975,,,21.23879999999994,,,8.465999999999969,,,17.772799999999975,,,26.23879999999994,,,12.772799999999975,,,22.772799999999975,,,30.54559999999995,,,13.465999999999969,
27921360000,1789023969760901000,,,,True,visual_video_estimate,,,,,,,,,,,,,,,,,,0.7864000000000004,,,11.5728,,,6.179600000000001,,,11.5728,,,18.1456,,,6.572800000000001,,,16.5728,,,18.538800000000002,,,6.966000000000001,,,16.5728,,,23.538800000000002,,,11.5728,,,21.5728,,,28.1456,,,11.966000000000001,
27961364000,1789023969800905000,,,,True,visual_video_estimate,,,,,,,,,,,,,,,,,,0.38636000000000337,,,10.772720000000007,,,5.579540000000005,,,10.772720000000007,,,16.545440000000013,,,5.772720000000007,,,15.772720000000007,,,16.73862000000001,,,5.965900000000008,,,15.772720000000007,,,21.73862000000001,,,10.772720000000007,,,20.772720000000007,,,26.545440000000013,,,10.965900000000008,
27981365000,1789023969820906000,,,,True,visual_video_estimate,,,,,,,,,,,,,,,,,,0.18634999999999735,,,10.372699999999995,,,5.279524999999996,,,10.372699999999995,,,15.74539999999999,,,5.372699999999995,,,15.372699999999995,,,15.838574999999992,,,5.465874999999993,,,15.372699999999995,,,20.83857499999999,,,10.372699999999995,,,20.372699999999995,,,25.74539999999999,,,10.465874999999993,
28021365000,1789023969860906000,,,,True,visual_video_estimate,,,,,,,,,,,,,,,,,,0.42729999999998824,,,10.640949999999982,,,5.427299999999988,,,10.74777499999998,,,16.281899999999965,,,5.640949999999982,,,15.854599999999976,,,16.49554999999996,,,5.747774999999979,,,15.854599999999976,,,21.388724999999962,,,10.74777499999998,,,20.854599999999976,,,26.281899999999965,,,10.74777499999998,
28061369000,1789023969900910000,,,,True,visual_video_estimate,,,,,,,,,,,,,,,,,,1.2273799999999824,,,11.841069999999974,,,6.227379999999982,,,12.14791499999997,,,18.682139999999947,,,6.841069999999974,,,17.454759999999965,,,19.29582999999994,,,7.147914999999969,,,17.454759999999965,,,23.988984999999943,,,12.14791499999997,,,22.454759999999965,,,28.682139999999947,,,12.14791499999997,
28101369000,1789023969940910000,,,,True,visual_video_estimate,,,,,,,,,,,,,,,,,,2.0273799999999653,,,13.041069999999948,,,7.027379999999965,,,13.54791499999994,,,21.082139999999896,,,8.041069999999948,,,19.05475999999993,,,22.09582999999988,,,8.54791499999994,,,19.05475999999993,,,26.588984999999887,,,13.54791499999994,,,24.05475999999993,,,31.082139999999896,,,13.54791499999994,
28141374000,1789023969980915000,,,,True,visual_video_estimate,,,,,,,,,,,,,,,,,,2.82747999999998,,,14.24121999999997,,,7.82747999999998,,,14.948089999999965,,,23.48243999999994,,,9.24121999999997,,,20.65495999999996,,,24.89617999999993,,,9.948089999999965,,,20.65495999999996,,,29.189309999999935,,,14.948089999999965,,,25.65495999999996,,,33.48243999999994,,,14.948089999999965,
28181374000,1789023970020915000,,,,True,visual_video_estimate,,,,,,,,,,,,,,,,,,3.627480000000034,,,15.441220000000051,,,8.627480000000034,,,16.34809000000006,,,25.882440000000102,,,10.441220000000051,,,22.254960000000068,,,27.69618000000012,,,11.34809000000006,,,22.254960000000068,,,31.78931000000011,,,16.34809000000006,,,27.254960000000068,,,35.8824400000001,,,16.34809000000006,
28221378000,1789023970060919000,,,,True,visual_video_estimate,,,,,,,,,,,,,,,,,,4.427560000000028,,,16.641340000000042,,,9.427560000000028,,,17.74823000000005,,,28.282680000000084,,,11.641340000000042,,,23.855120000000056,,,30.4964600000001,,,12.74823000000005,,,23.855120000000056,,,34.38957000000009,,,17.74823000000005,,,28.855120000000056,,,38.282680000000084,,,17.74823000000005,
28261378000,1789023970100919000,,,,True,visual_video_estimate,,,,,,,,,,,,,,,,,,5.227560000000011,,,17.841340000000017,,,10.227560000000011,,,19.14823000000002,,,30.682680000000033,,,12.841340000000017,,,25.455120000000022,,,33.29646000000004,,,14.14823000000002,,,25.455120000000022,,,36.989570000000036,,,19.14823000000002,,,30.455120000000022,,,40.68268000000003,,,19.14823000000002,
28281378000,1789023970120919000,,,,True,visual_video_estimate,,,,,,,,,,,,,,,,,,5.627560000000003,,,18.441340000000004,,,10.627560000000003,,,19.848230000000004,,,31.882680000000008,,,13.441340000000004,,,26.255120000000005,,,34.69646000000001,,,14.848230000000004,,,26.255120000000005,,,38.28957000000001,,,19.848230000000004,,,31.255120000000005,,,41.88268000000001,,,19.848230000000004,
28341383000,1789023970180924000,,,,True,visual_video_estimate,,,,,,,,,,,,,,,,,,6.827660000000009,,,20.241490000000013,,,11.827660000000009,,,21.948405000000015,,,35.482980000000026,,,15.241490000000013,,,28.655320000000017,,,38.89681000000003,,,16.948405000000015,,,28.655320000000017,,,42.18989500000003,,,21.948405000000015,,,33.65532000000002,,,45.482980000000026,,,21.948405000000015,
28361383000,1789023970200924000,,,,True,visual_video_estimate,,,,,,,,,,,,,,,,,,7.22766,,,20.84149,,,12.22766,,,22.648405,,,36.68298,,,15.84149,,,29.45532,,,40.29681,,,17.648405,,,29.45532,,,43.489895000000004,,,22.648405,,,34.45532,,,46.68298,,,22.648405,
28401383000,1789023970240924000,,,,True,visual_video_estimate,,,,,,,,,,,,,,,,,,8.027659999999983,,,22.041489999999975,,,13.027659999999983,,,24.04840499999997,,,39.08297999999995,,,17.041489999999975,,,31.055319999999966,,,43.09680999999994,,,19.04840499999997,,,31.055319999999966,,,46.08989499999994,,,24.04840499999997,,,36.055319999999966,,,49.08297999999995,,,24.04840499999997,
28461388000,1789023970300929000,,,,True,visual_video_estimate,,,,,,,,,,,,,,,,,,9.22775999999999,,,23.841639999999984,,,14.22775999999999,,,26.14857999999998,,,42.68327999999997,,,18.841639999999984,,,33.45551999999998,,,47.29715999999996,,,21.14857999999998,,,33.45551999999998,,,49.990219999999965,,,26.14857999999998,,,38.45551999999998,,,52.68327999999997,,,26.14857999999998,
28501392000,1789023970340933000,,,,True,visual_video_estimate,,,,,,,,,,,,,,,,,,10.027839999999983,,,25.041759999999975,,,15.027839999999983,,,27.54871999999997,,,45.08351999999995,,,20.041759999999975,,,35.05567999999997,,,50.09743999999994,,,22.54871999999997,,,35.05567999999997,,,52.59047999999994,,,27.54871999999997,,,40.05567999999997,,,55.08351999999995,,,27.54871999999997,
28521392000,1789023970360933000,,,,True,visual_video_estimate,,,,,,,,,,,,,,,,,,10.427839999999975,,,25.641759999999962,,,15.427839999999975,,,28.248719999999956,,,46.283519999999925,,,20.641759999999962,,,35.85567999999995,,,51.49743999999991,,,23.248719999999956,,,35.85567999999995,,,53.89047999999992,,,28.248719999999956,,,40.85567999999995,,,56.283519999999925,,,28.248719999999956,
28561392000,1789023970400933000,,,,True,visual_video_estimate,,,,,,,,,,,,,,,,,,11.227840000000029,,,26.841760000000043,,,16.22784000000003,,,29.64872000000005,,,48.68352000000009,,,21.841760000000043,,,37.45568000000006,,,54.2974400000001,,,24.64872000000005,,,37.45568000000006,,,56.49048000000009,,,29.64872000000005,,,42.45568000000006,,,58.68352000000009,,,29.64872000000005,
28581392000,1789023970420933000,,,,True,visual_video_estimate,,,,,,,,,,,,,,,,,,11.62784000000002,,,27.44176000000003,,,16.62784000000002,,,30.348720000000036,,,49.88352000000006,,,22.44176000000003,,,38.25568000000004,,,55.69744000000007,,,25.348720000000036,,,38.25568000000004,,,57.790480000000066,,,30.348720000000036,,,43.25568000000004,,,59.88352000000006,,,30.348720000000036,
28641397000,1789023970480938000,,,,True,visual_video_estimate,,,,,,,,,,,,,,,,,,12.827940000000027,,,29.24191000000004,,,17.827940000000027,,,32.44889500000005,,,53.48382000000008,,,24.24191000000004,,,40.65588000000005,,,59.89779000000009,,,27.448895000000046,,,40.65588000000005,,,61.69080500000008,,,32.44889500000005,,,45.65588000000005,,,63.48382000000008,,,32.44889500000005,
28661397000,1789023970500938000,,,,True,visual_video_estimate,,,,,,,,,,,,,,,,,,13.227940000000018,,,29.841910000000027,,,18.227940000000018,,,33.14889500000003,,,54.683820000000054,,,24.841910000000027,,,41.455880000000036,,,61.29779000000006,,,28.14889500000003,,,41.455880000000036,,,62.99080500000006,,,33.14889500000003,,,46.455880000000036,,,64.68382000000005,,,33.14889500000003,
28701401000,1789023970540942000,,,,True,visual_video_estimate,,,,,,,,,,,,,,,,,,14.028020000000012,,,31.042030000000018,,,19.028020000000012,,,34.54903500000002,,,57.084060000000036,,,26.042030000000018,,,43.056040000000024,,,64.09807000000004,,,29.54903500000002,,,43.056040000000024,,,65.59106500000004,,,34.54903500000002,,,48.056040000000024,,,67.08406000000004,,,34.54903500000002,
28721401000,1789023970560942000,,,,True,visual_video_estimate,,,,,,,,,,,,,,,,,,14.428020000000004,,,31.642030000000005,,,19.428020000000004,,,35.249035000000006,,,58.28406000000001,,,26.642030000000005,,,43.85604000000001,,,65.49807000000001,,,30.249035000000006,,,43.85604000000001,,,66.89106500000001,,,35.249035000000006,,,48.85604000000001,,,68.28406000000001,,,35.249035000000006,
28761402000,1789023970600943000,,,,True,visual_video_estimate,,,,,,,,,,,,,,,,,,15.228040000000007,,,32.84206000000001,,,20.228040000000007,,,36.64907000000001,,,60.68412000000002,,,27.84206000000001,,,45.456080000000014,,,68.29814000000002,,,31.649070000000012,,,45.456080000000014,,,69.49113000000003,,,36.64907000000001,,,50.456080000000014,,,70.68412000000002,,,36.64907000000001,
28821406000,1789023970660947000,,,,True,visual_video_estimate,,,,,,,,,,,,,,,,,,16.428119999999993,,,34.64217999999999,,,21.428119999999993,,,38.74920999999999,,,64.28435999999998,,,29.64217999999999,,,47.856239999999985,,,72.49841999999998,,,33.74920999999999,,,47.856239999999985,,,73.39138999999997,,,38.74920999999999,,,52.856239999999985,,,74.28435999999998,,,38.74920999999999,
28841406000,1789023970680947000,,,,True,visual_video_estimate,,,,,,,,,,,,,,,,,,16.828119999999984,,,35.242179999999976,,,21.828119999999984,,,39.44920999999997,,,65.48435999999995,,,30.242179999999976,,,48.65623999999997,,,73.89841999999994,,,34.44920999999997,,,48.65623999999997,,,74.69138999999996,,,39.44920999999997,,,53.65623999999997,,,75.48435999999995,,,39.44920999999997,
28861406000,1789023970700947000,,,,True,visual_video_estimate,,,,,,,,,,,,,,,,,,17.228119999999976,,,35.84217999999996,,,22.228119999999976,,,40.149209999999954,,,66.68435999999993,,,30.842179999999964,,,49.45623999999995,,,75.29841999999991,,,35.149209999999954,,,49.45623999999995,,,75.99138999999992,,,40.149209999999954,,,54.45623999999995,,,76.68435999999993,,,40.149209999999954,
28921411000,1789023970760952000,,,,True,visual_video_estimate,,,,,,,,,,,,,,,,,,18.428219999999982,,,37.64232999999997,,,23.428219999999982,,,42.24938499999997,,,70.28465999999995,,,32.64232999999997,,,51.856439999999964,,,79.49876999999994,,,37.24938499999997,,,51.856439999999964,,,79.89171499999995,,,42.24938499999997,,,56.856439999999964,,,80.28465999999995,,,42.24938499999997,
28961411000,1789023970800952000,,,,True,visual_video_estimate,,,,,,,,,,,,,,,,,,19.228219999999965,,,38.84232999999995,,,24.228219999999965,,,43.64938499999994,,,72.6846599999999,,,33.84232999999995,,,53.45643999999993,,,82.29876999999988,,,38.64938499999994,,,53.45643999999993,,,82.49171499999989,,,43.64938499999994,,,58.45643999999993,,,82.6846599999999,,,43.64938499999994,
29021415000,1789023970860956000,,,,True,visual_video_estimate,,,,,,,,,,,,,,,,,,20,,,40,,,25,,,45,,,75,,,35,,,55,,,85,,,40,,,55,,,85,,,45,,,60,,,85,,,45,
29041415000,1789023970880956000,,,,True,visual_video_estimate,,,,,,,,,,,,,,,,,,20,,,40,,,25,,,45,,,75,,,35,,,55,,,85,,,40,,,55,,,85,,,45,,,60,,,85,,,45,
29061416000,1789023970900957000,,,,True,visual_video_estimate,,,,,,,,,,,,,,,,,,20,,,40,,,25,,,45,,,75,,,35,,,55,,,85,,,40,,,55,,,85,,,45,,,60,,,85,,,45,
29101420000,1789023970940961000,,,,True,visual_video_estimate,,,,,,,,,,,,,,,,,,20,,,40,,,25,,,45,,,75,,,35,,,55,,,85,,,40,,,55,,,85,,,45,,,60,,,85,,,45,
29141420000,1789023970980961000,,,,True,visual_video_estimate,,,,,,,,,,,,,,,,,,20,,,40,,,25,,,45,,,75,,,35,,,55,,,85,,,40,,,55,,,85,,,45,,,60,,,85,,,45,
29181425000,1789023971020966000,,,,True,visual_video_estimate,,,,,,,,,,,,,,,,,,20,,,40,,,25,,,45,,,75,,,35,,,55,,,85,,,40,,,55,,,85,,,45,,,60,,,85,,,45,
29201425000,1789023971040966000,,,,True,visual_video_estimate,,,,,,,,,,,,,,,,,,20,,,40,,,25,,,45,,,75,,,35,,,55,,,85,,,40,,,55,,,85,,,45,,,60,,,85,,,45,
29261429000,1789023971100970000,,,,True,visual_video_estimate,,,,,,,,,,,,,,,,,,20,,,40,,,25,,,45,,,75,,,35,,,55,,,85,,,40,,,55,,,85,,,45,,,60,,,85,,,45,
29281429000,1789023971120970000,,,,True,visual_video_estimate,,,,,,,,,,,,,,,,,,20,,,40,,,25,,,45,,,75,,,35,,,55,,,85,,,40,,,55,,,85,,,45,,,60,,,85,,,45,
29321429000,1789023971160970000,,,,True,visual_video_estimate,,,,,,,,,,,,,,,,,,20,,,40,,,25,,,45,,,75,,,35,,,55,,,85,,,40,,,55,,,85,,,45,,,60,,,85,,,45,
29361434000,1789023971200975000,,,,True,visual_video_estimate,,,,,,,,,,,,,,,,,,20,,,40,,,25,,,45,,,75,,,35,,,55,,,85,,,40,,,55,,,85,,,45,,,60,,,85,,,45,
29381434000,1789023971220975000,,,,True,visual_video_estimate,,,,,,,,,,,,,,,,,,20,,,40,,,25,,,45,,,75,,,35,,,55,,,85,,,40,,,55,,,85,,,45,,,60,,,85,,,45,
29421434000,1789023971260975000,,,,True,visual_video_estimate,,,,,,,,,,,,,,,,,,20,,,40,,,25,,,45,,,75,,,35,,,55,,,85,,,40,,,55,,,85,,,45,,,60,,,85,,,45,
29461438000,1789023971300979000,,,,True,visual_video_estimate,,,,,,,,,,,,,,,,,,20,,,40,,,25,,,45,,,75,,,35,,,55,,,85,,,40,,,55,,,85,,,45,,,60,,,85,,,45,
29501439000,1789023971340980000,,,,True,visual_video_estimate,,,,,,,,,,,,,,,,,,20,,,40,,,25,,,45,,,75,,,35,,,55,,,85,,,40,,,55,,,85,,,45,,,60,,,85,,,45,
29541443000,1789023971380984000,,,,True,visual_video_estimate,,,,,,,,,,,,,,,,,,20,,,40,,,25,,,45,,,75,,,35,,,55,,,85,,,40,,,55,,,85,,,45,,,60,,,85,,,45,
29561443000,1789023971400984000,,,,True,visual_video_estimate,,,,,,,,,,,,,,,,,,20,,,40,,,25,,,45,,,75,,,35,,,55,,,85,,,40,,,55,,,85,,,45,,,60,,,85,,,45,
29601443000,1789023971440984000,,,,True,visual_video_estimate,,,,,,,,,,,,,,,,,,20,,,40,,,25,,,45,,,75,,,35,,,55,,,85,,,40,,,55,,,85,,,45,,,60,,,85,,,45,
29641448000,1789023971480989000,,,,True,visual_video_estimate,,,,,,,,,,,,,,,,,,20,,,40,,,25,,,45,,,75,,,35,,,55,,,85,,,40,,,55,,,85,,,45,,,60,,,85,,,45,
29681448000,1789023971520989000,,,,True,visual_video_estimate,,,,,,,,,,,,,,,,,,20,,,40,,,25,,,45,,,75,,,35,,,55,,,85,,,40,,,55,,,85,,,45,,,60,,,85,,,45,
29741452000,1789023971580993000,,,,True,visual_video_estimate,,,,,,,,,,,,,,,,,,20,,,40,,,25,,,45,,,75,,,35,,,55,,,85,,,40,,,55,,,85,,,45,,,60,,,85,,,45,
29781452000,1789023971620993000,,,,True,visual_video_estimate,,,,,,,,,,,,,,,,,,20,,,40,,,25,,,45,,,75,,,35,,,55,,,85,,,40,,,55,,,85,,,45,,,60,,,85,,,45,
29801452000,1789023971640993000,,,,True,visual_video_estimate,,,,,,,,,,,,,,,,,,20,,,40,,,25,,,45,,,75,,,35,,,55,,,85,,,40,,,55,,,85,,,45,,,60,,,85,,,45,
29841457000,1789023971680998000,,,,True,visual_video_estimate,,,,,,,,,,,,,,,,,,20,,,40,,,25,,,45,,,75,,,35,,,55,,,85,,,40,,,55,,,85,,,45,,,60,,,85,,,45,
29861457000,1789023971700998000,,,,True,visual_video_estimate,,,,,,,,,,,,,,,,,,20,,,40,,,25,,,45,,,75,,,35,,,55,,,85,,,40,,,55,,,85,,,45,,,60,,,85,,,45,
29921462000,1789023971761003000,,,,True,visual_video_estimate,,,,,,,,,,,,,,,,,,20,,,40,,,25,,,45,,,75,,,35,,,55,,,85,,,40,,,55,,,85,,,45,,,60,,,85,,,45,
29961462000,1789023971801003000,,,,True,visual_video_estimate,,,,,,,,,,,,,,,,,,20,,,40,,,25,,,45,,,75,,,35,,,55,,,85,,,40,,,55,,,85,,,45,,,60,,,85,,,45,
29981462000,1789023971821003000,,,,True,visual_video_estimate,,,,,,,,,,,,,,,,,,20,,,40,,,25,,,45,,,75,,,35,,,55,,,85,,,40,,,55,,,85,,,45,,,60,,,85,,,45,
30021466000,1789023971861007000,,,,True,visual_video_estimate,,,,,,,,,,,,,,,,,,19.570679999999996,,,39.356019999999994,,,24.570679999999996,,,44.248689999999996,,,73.71203999999999,,,34.356019999999994,,,54.14135999999999,,,83.49737999999999,,,39.248689999999996,,,54.14135999999999,,,83.60470999999998,,,44.248689999999996,,,59.14135999999999,,,83.71203999999999,,,44.248689999999996,
30061466000,1789023971901007000,,,,True,visual_video_estimate,,,,,,,,,,,,,,,,,,18.770680000000013,,,38.15602000000002,,,23.770680000000013,,,42.84869000000002,,,71.31204000000004,,,33.15602000000002,,,52.541360000000026,,,80.69738000000004,,,37.84869000000002,,,52.541360000000026,,,81.00471000000005,,,42.84869000000002,,,57.541360000000026,,,81.31204000000004,,,42.84869000000002,
30101466000,1789023971941007000,,,,True,visual_video_estimate,,,,,,,,,,,,,,,,,,17.97068000000003,,,36.956020000000045,,,22.97068000000003,,,41.448690000000056,,,68.91204000000009,,,31.956020000000045,,,50.94136000000006,,,77.89738000000011,,,36.448690000000056,,,50.94136000000006,,,78.4047100000001,,,41.448690000000056,,,55.94136000000006,,,78.91204000000009,,,41.448690000000056,
30141471000,1789023971981012000,,,,True,visual_video_estimate,,,,,,,,,,,,,,,,,,17.170580000000015,,,35.75587000000002,,,22.170580000000015,,,40.04851500000002,,,66.51174000000005,,,30.755870000000023,,,49.34116000000003,,,75.09703000000005,,,35.04851500000002,,,49.34116000000003,,,75.80438500000005,,,40.04851500000002,,,54.34116000000003,,,76.51174000000005,,,40.04851500000002,
30181471000,1789023972021012000,,,,True,visual_video_estimate,,,,,,,,,,,,,,,,,,16.370580000000032,,,34.55587000000005,,,21.370580000000032,,,38.64851500000006,,,64.1117400000001,,,29.55587000000005,,,47.741160000000065,,,72.29703000000012,,,33.64851500000006,,,47.741160000000065,,,73.2043850000001,,,38.64851500000006,,,52.741160000000065,,,74.1117400000001,,,38.64851500000006,
30221475000,1789023972061016000,,,,True,visual_video_estimate,,,,,,,,,,,,,,,,,,15.570499999999967,,,33.35574999999995,,,20.570499999999967,,,37.24837499999994,,,61.7114999999999,,,28.35574999999995,,,46.140999999999934,,,69.49674999999988,,,32.24837499999994,,,46.140999999999934,,,70.6041249999999,,,37.24837499999994,,,51.140999999999934,,,71.7114999999999,,,37.24837499999994,
30261476000,1789023972101017000,,,,True,visual_video_estimate,,,,,,,,,,,,,,,,,,14.770480000000035,,,32.15572000000005,,,19.770480000000035,,,35.848340000000064,,,59.311440000000104,,,27.155720000000052,,,44.54096000000007,,,66.69668000000013,,,30.84834000000006,,,44.54096000000007,,,68.00406000000011,,,35.848340000000064,,,49.54096000000007,,,69.3114400000001,,,35.848340000000064,
30321480000,1789023972161021000,,,,True,visual_video_estimate,,,,,,,,,,,,,,,,,,13.570399999999978,,,30.355599999999967,,,18.570399999999978,,,33.74819999999996,,,55.711199999999934,,,25.355599999999967,,,42.140799999999956,,,62.49639999999992,,,28.74819999999996,,,42.140799999999956,,,64.10379999999992,,,33.74819999999996,,,47.140799999999956,,,65.71119999999993,,,33.74819999999996,
30361480000,1789023972201021000,,,,True,visual_video_estimate,,,,,,,,,,,,,,,,,,12.770399999999995,,,29.155599999999993,,,17.770399999999995,,,32.34819999999999,,,53.311199999999985,,,24.155599999999993,,,40.54079999999999,,,59.69639999999998,,,27.34819999999999,,,40.54079999999999,,,61.503799999999984,,,32.34819999999999,,,45.54079999999999,,,63.311199999999985,,,32.34819999999999,
30381480000,1789023972221021000,,,,True,visual_video_estimate,,,,,,,,,,,,,,,,,,12.370400000000004,,,28.555600000000005,,,17.370400000000004,,,31.648200000000006,,,52.11120000000001,,,23.555600000000005,,,39.74080000000001,,,58.29640000000001,,,26.648200000000006,,,39.74080000000001,,,60.203800000000015,,,31.648200000000006,,,44.74080000000001,,,62.11120000000001,,,31.648200000000006,
30401485000,1789023972241026000,,,,True,visual_video_estimate,,,,,,,,,,,,,,,,,,11.97029999999998,,,27.95544999999997,,,16.97029999999998,,,30.948024999999966,,,50.91089999999994,,,22.95544999999997,,,38.94059999999996,,,56.89604999999993,,,25.948024999999966,,,38.94059999999996,,,58.903474999999936,,,30.948024999999966,,,43.94059999999996,,,60.91089999999994,,,30.948024999999966,
30461485000,1789023972301026000,,,,True,visual_video_estimate,,,,,,,,,,,,,,,,,,10.770300000000006,,,26.15545000000001,,,15.770300000000006,,,28.84802500000001,,,47.31090000000002,,,21.15545000000001,,,36.54060000000001,,,52.69605000000002,,,23.84802500000001,,,36.54060000000001,,,55.00347500000002,,,28.84802500000001,,,41.54060000000001,,,57.31090000000002,,,28.84802500000001,
30481485000,1789023972321026000,,,,True,visual_video_estimate,,,,,,,,,,,,,,,,,,10.370300000000015,,,25.55545000000002,,,15.370300000000015,,,28.148025000000025,,,46.11090000000004,,,20.55545000000002,,,35.74060000000003,,,51.29605000000005,,,23.148025000000025,,,35.74060000000003,,,53.70347500000005,,,28.148025000000025,,,40.74060000000003,,,56.11090000000004,,,28.148025000000025,
30521489000,1789023972361030000,,,,True,visual_video_estimate,,,,,,,,,,,,,,,,,,9.57022000000002,,,24.35533000000003,,,14.57022000000002,,,26.747885000000036,,,43.71066000000006,,,19.35533000000003,,,34.14044000000004,,,48.49577000000007,,,21.747885000000036,,,34.14044000000004,,,51.10321500000006,,,26.747885000000036,,,39.14044000000004,,,53.71066000000006,,,26.747885000000036,
30561489000,1789023972401030000,,,,True,visual_video_estimate,,,,,,,,,,,,,,,,,,8.770219999999966,,,23.15532999999995,,,13.770219999999966,,,25.34788499999994,,,41.3106599999999,,,18.15532999999995,,,32.54043999999993,,,45.69576999999988,,,20.34788499999994,,,32.54043999999993,,,48.50321499999989,,,25.34788499999994,,,37.54043999999993,,,51.3106599999999,,,25.34788499999994,
30601494000,1789023972441035000,,,,True,visual_video_estimate,,,,,,,,,,,,,,,,,,7.970120000000023,,,21.955180000000034,,,12.970120000000023,,,23.94771000000004,,,38.91036000000007,,,16.955180000000034,,,30.940240000000045,,,42.89542000000008,,,18.94771000000004,,,30.940240000000045,,,45.90289000000007,,,23.94771000000004,,,35.940240000000045,,,48.91036000000007,,,23.94771000000004,
30621494000,1789023972461035000,,,,True,visual_video_estimate,,,,,,,,,,,,,,,,,,7.570120000000031,,,21.355180000000047,,,12.570120000000031,,,23.247710000000055,,,37.710360000000094,,,16.355180000000047,,,30.140240000000063,,,41.49542000000011,,,18.247710000000055,,,30.140240000000063,,,44.6028900000001,,,23.247710000000055,,,35.14024000000006,,,47.710360000000094,,,23.247710000000055,
30661494000,1789023972501035000,,,,True,visual_video_estimate,,,,,,,,,,,,,,,,,,6.770119999999977,,,20.155179999999966,,,11.770119999999977,,,21.84770999999996,,,35.31035999999993,,,15.155179999999966,,,28.540239999999955,,,38.69541999999992,,,16.84770999999996,,,28.540239999999955,,,42.00288999999992,,,21.84770999999996,,,33.540239999999955,,,45.31035999999993,,,21.84770999999996,
30681499000,1789023972521040000,,,,True,visual_video_estimate,,,,,,,,,,,,,,,,,,6.370020000000025,,,19.555030000000038,,,11.370020000000025,,,21.147535000000044,,,34.110060000000075,,,14.555030000000038,,,27.74004000000005,,,37.29507000000009,,,16.147535000000044,,,27.74004000000005,,,40.70256500000008,,,21.147535000000044,,,32.74004000000005,,,44.110060000000075,,,21.147535000000044,
30721499000,1789023972561040000,,,,True,visual_video_estimate,,,,,,,,,,,,,,,,,,5.570019999999971,,,18.355029999999957,,,10.570019999999971,,,19.74753499999995,,,31.710059999999913,,,13.355029999999957,,,26.140039999999942,,,34.4950699999999,,,14.74753499999995,,,26.140039999999942,,,38.102564999999906,,,19.74753499999995,,,31.140039999999942,,,41.71005999999991,,,19.74753499999995,
30781503000,1789023972621044000,,,,True,visual_video_estimate,,,,,,,,,,,,,,,,,,4.3699399999999855,,,16.55490999999998,,,9.369939999999986,,,17.647394999999975,,,28.109819999999957,,,11.554909999999978,,,23.73987999999997,,,30.29478999999995,,,12.647394999999975,,,23.73987999999997,,,34.20230499999995,,,17.647394999999975,,,28.73987999999997,,,38.10981999999996,,,17.647394999999975,
30801503000,1789023972641044000,,,,True,visual_video_estimate,,,,,,,,,,,,,,,,,,3.969939999999994,,,15.954909999999991,,,8.969939999999994,,,16.94739499999999,,,26.909819999999982,,,10.954909999999991,,,22.939879999999988,,,28.89478999999998,,,11.94739499999999,,,22.939879999999988,,,32.902304999999984,,,16.94739499999999,,,27.939879999999988,,,36.90981999999998,,,16.94739499999999,
30821503000,1789023972661044000,,,,True,visual_video_estimate,,,,,,,,,,,,,,,,,,3.5699400000000026,,,15.354910000000004,,,8.569940000000003,,,16.247395000000004,,,25.709820000000008,,,10.354910000000004,,,22.139880000000005,,,27.49479000000001,,,11.247395000000004,,,22.139880000000005,,,31.60230500000001,,,16.247395000000004,,,27.139880000000005,,,35.70982000000001,,,16.247395000000004,
30881508000,1789023972721049000,,,,True,visual_video_estimate,,,,,,,,,,,,,,,,,,2.3698399999999964,,,13.554759999999995,,,7.369839999999996,,,14.147219999999994,,,22.10951999999999,,,8.554759999999995,,,19.739679999999993,,,23.294439999999987,,,9.147219999999994,,,19.739679999999993,,,27.701979999999992,,,14.147219999999994,,,24.739679999999993,,,32.10951999999999,,,14.147219999999994,
30901508000,1789023972741049000,,,,True,visual_video_estimate,,,,,,,,,,,,,,,,,,1.969840000000005,,,12.954760000000007,,,6.969840000000005,,,13.447220000000009,,,20.909520000000015,,,7.954760000000007,,,18.93968000000001,,,21.894440000000017,,,8.447220000000009,,,18.93968000000001,,,26.401980000000016,,,13.447220000000009,,,23.93968000000001,,,30.909520000000015,,,13.447220000000009,
30941508000,1789023972781049000,,,,True,visual_video_estimate,,,,,,,,,,,,,,,,,,1.169840000000022,,,11.754760000000033,,,6.169840000000022,,,12.047220000000038,,,18.509520000000066,,,6.754760000000033,,,17.339680000000044,,,19.094440000000077,,,7.0472200000000385,,,17.339680000000044,,,23.80198000000007,,,12.047220000000038,,,22.339680000000044,,,28.509520000000066,,,12.047220000000038,
30981512000,1789023972821053000,,,,True,visual_video_estimate,,,,,,,,,,,,,,,,,,0.36976000000002784,,,10.554640000000042,,,5.369760000000028,,,10.647080000000045,,,16.109280000000084,,,5.554640000000042,,,15.739520000000056,,,16.29416000000009,,,5.647080000000045,,,15.739520000000056,,,21.201720000000094,,,10.647080000000045,,,20.739520000000056,,,26.109280000000084,,,10.647080000000045,
31041513000,1789023972881054000,,,,True,visual_video_estimate,,,,,,,,,,,,,,,,,,0.6226949999999754,,,11.037824999999959,,,5.622694999999975,,,11.037824999999959,,,16.868084999999926,,,5.830259999999967,,,16.24538999999995,,,17.075649999999918,,,6.037824999999959,,,16.452954999999942,,,22.28321499999991,,,11.24538999999995,,,21.452954999999942,,,27.28321499999991,,,11.24538999999995,
31061517000,1789023972901058000,,,,True,visual_video_estimate,,,,,,,,,,,,,,,,,,0.9227549999999773,,,11.537924999999962,,,5.922754999999977,,,11.537924999999962,,,17.768264999999932,,,6.23033999999997,,,16.845509999999955,,,18.075849999999924,,,6.537924999999962,,,17.153094999999947,,,23.383434999999917,,,11.845509999999955,,,22.153094999999947,,,28.383434999999917,,,11.845509999999955,
31081517000,1789023972921058000,,,,True,visual_video_estimate,,,,,,,,,,,,,,,,,,1.2227550000000242,,,12.03792500000004,,,6.222755000000024,,,12.03792500000004,,,18.668265000000073,,,6.630340000000032,,,17.44551000000005,,,19.07585000000008,,,7.03792500000004,,,17.853095000000057,,,24.48343500000009,,,12.445510000000048,,,22.853095000000057,,,29.48343500000009,,,12.445510000000048,
31141517000,1789023972981058000,,,,True,visual_video_estimate,,,,,,,,,,,,,,,,,,2.122755000000005,,,13.537925000000008,,,7.122755000000005,,,13.537925000000008,,,21.368265000000015,,,7.830340000000007,,,19.24551000000001,,,22.075850000000017,,,8.537925000000008,,,19.953095000000012,,,27.78343500000002,,,14.24551000000001,,,24.953095000000012,,,32.78343500000002,,,14.24551000000001,
31181522000,1789023973021063000,,,,True,visual_video_estimate,,,,,,,,,,,,,,,,,,2.722830000000016,,,14.538050000000027,,,7.722830000000016,,,14.538050000000027,,,23.168490000000048,,,8.630440000000021,,,20.445660000000032,,,24.076100000000054,,,9.538050000000027,,,21.353270000000037,,,29.98371000000006,,,15.445660000000032,,,26.353270000000037,,,34.98371000000006,,,15.445660000000032,
31221522000,1789023973061063000,,,,True,visual_video_estimate,,,,,,,,,,,,,,,,,,3.3228300000000033,,,15.538050000000005,,,8.322830000000003,,,15.538050000000005,,,24.96849000000001,,,9.430440000000004,,,21.645660000000007,,,26.07610000000001,,,10.538050000000005,,,22.753270000000008,,,32.18371000000001,,,16.645660000000007,,,27.753270000000008,,,37.18371000000001,,,16.645660000000007,
31261526000,1789023973101067000,,,,True,visual_video_estimate,,,,,,,,,,,,,,,,,,3.922889999999999,,,16.538149999999998,,,8.922889999999999,,,16.538149999999998,,,26.768669999999997,,,10.230519999999999,,,22.845779999999998,,,28.076299999999996,,,11.538149999999998,,,24.153409999999997,,,34.38392999999999,,,17.845779999999998,,,29.153409999999997,,,39.38392999999999,,,17.845779999999998,
31281526000,1789023973121067000,,,,True,visual_video_estimate,,,,,,,,,,,,,,,,,,4.2228899999999925,,,17.038149999999987,,,9.222889999999992,,,17.038149999999987,,,27.668669999999977,,,10.63051999999999,,,23.445779999999985,,,29.076299999999975,,,12.038149999999987,,,24.853409999999982,,,35.48392999999997,,,18.445779999999985,,,29.853409999999982,,,40.48392999999997,,,18.445779999999985,
31321526000,1789023973161067000,,,,True,visual_video_estimate,,,,,,,,,,,,,,,,,,4.82288999999998,,,18.038149999999966,,,9.82288999999998,,,18.038149999999966,,,29.46866999999994,,,11.430519999999973,,,24.64577999999996,,,31.076299999999932,,,13.038149999999966,,,26.253409999999953,,,37.683929999999926,,,19.64577999999996,,,31.253409999999953,,,42.683929999999926,,,19.64577999999996,
31361531000,1789023973201072000,,,,True,visual_video_estimate,,,,,,,,,,,,,,,,,,5.422964999999991,,,19.038274999999985,,,10.42296499999999,,,19.038274999999985,,,31.268894999999972,,,12.230619999999988,,,25.84592999999998,,,33.07654999999997,,,14.038274999999985,,,27.65358499999998,,,39.884204999999966,,,20.84592999999998,,,32.65358499999998,,,44.884204999999966,,,20.84592999999998,
31381531000,1789023973221072000,,,,True,visual_video_estimate,,,,,,,,,,,,,,,,,,5.722964999999984,,,19.538274999999974,,,10.722964999999984,,,19.538274999999974,,,32.16889499999995,,,12.630619999999979,,,26.44592999999997,,,34.07654999999995,,,14.538274999999974,,,28.353584999999963,,,40.984204999999946,,,21.44592999999997,,,33.35358499999997,,,45.984204999999946,,,21.44592999999997,
31441535000,1789023973281076000,,,,True,visual_video_estimate,,,,,,,,,,,,,,,,,,6.6230249999999735,,,21.038374999999956,,,11.623024999999974,,,21.038374999999956,,,34.869074999999924,,,13.830699999999965,,,28.246049999999947,,,37.07674999999991,,,16.038374999999956,,,30.453724999999938,,,44.2844249999999,,,23.246049999999947,,,35.453724999999935,,,49.2844249999999,,,23.246049999999947,
31501536000,1789023973341077000,,,,True,visual_video_estimate,,,,,,,,,,,,,,,,,,7.523040000000023,,,22.53840000000004,,,12.523040000000023,,,22.53840000000004,,,37.56912000000007,,,15.03072000000003,,,30.046080000000046,,,40.07680000000008,,,17.53840000000004,,,32.553760000000054,,,47.584480000000084,,,25.046080000000046,,,37.553760000000054,,,52.584480000000084,,,25.046080000000046,
31521536000,1789023973361077000,,,,True,visual_video_estimate,,,,,,,,,,,,,,,,,,7.823040000000017,,,23.038400000000028,,,12.823040000000017,,,23.038400000000028,,,38.469120000000046,,,15.430720000000022,,,30.646080000000033,,,41.076800000000055,,,18.038400000000028,,,33.25376000000004,,,48.684480000000065,,,25.646080000000033,,,38.25376000000004,,,53.684480000000065,,,25.646080000000033,
31541540000,1789023973381081000,,,,True,visual_video_estimate,,,,,,,,,,,,,,,,,,8.123100000000019,,,23.53850000000003,,,13.123100000000019,,,23.53850000000003,,,39.36930000000005,,,15.830800000000025,,,31.246200000000037,,,42.07700000000006,,,18.53850000000003,,,33.95390000000005,,,49.78470000000007,,,26.246200000000037,,,38.95390000000005,,,54.78470000000007,,,26.246200000000037,
31581540000,1789023973421081000,,,,True,visual_video_estimate,,,,,,,,,,,,,,,,,,8.723100000000006,,,24.53850000000001,,,13.723100000000006,,,24.53850000000001,,,41.16930000000002,,,16.630800000000008,,,32.44620000000001,,,44.07700000000002,,,19.53850000000001,,,35.35390000000001,,,51.98470000000002,,,27.44620000000001,,,40.35390000000001,,,56.98470000000002,,,27.44620000000001,
31621540000,1789023973461081000,,,,True,visual_video_estimate,,,,,,,,,,,,,,,,,,9.323099999999993,,,25.53849999999999,,,14.323099999999993,,,25.53849999999999,,,42.969299999999976,,,17.43079999999999,,,33.646199999999986,,,46.07699999999998,,,20.53849999999999,,,36.75389999999999,,,54.18469999999998,,,28.646199999999986,,,41.75389999999999,,,59.18469999999998,,,28.646199999999986,
31661545000,1789023973501086000,,,,True,visual_video_estimate,,,,,,,,,,,,,,,,,,9.923175000000004,,,26.538625000000007,,,14.923175000000004,,,26.538625000000007,,,44.769525000000016,,,18.230900000000005,,,34.84635000000001,,,48.077250000000014,,,21.538625000000007,,,38.154075000000006,,,56.38497500000001,,,29.846350000000008,,,43.154075000000006,,,61.38497500000001,,,29.846350000000008,
31681545000,1789023973521086000,,,,True,visual_video_estimate,,,,,,,,,,,,,,,,,,10.223174999999998,,,27.038624999999996,,,15.223174999999998,,,27.038624999999996,,,45.66952499999999,,,18.630899999999997,,,35.446349999999995,,,49.07724999999999,,,22.038624999999996,,,38.854074999999995,,,57.48497499999999,,,30.446349999999995,,,43.854074999999995,,,62.48497499999999,,,30.446349999999995,
31741549000,1789023973581090000,,,,True,visual_video_estimate,,,,,,,,,,,,,,,,,,11.123234999999987,,,28.538724999999978,,,16.123234999999987,,,28.538724999999978,,,48.36970499999996,,,19.830979999999983,,,37.246469999999974,,,52.077449999999956,,,23.538724999999978,,,40.95421499999997,,,60.78519499999995,,,32.246469999999974,,,45.95421499999997,,,65.78519499999996,,,32.246469999999974,
31761549000,1789023973601090000,,,,True,visual_video_estimate,,,,,,,,,,,,,,,,,,11.42323499999998,,,29.038724999999967,,,16.42323499999998,,,29.038724999999967,,,49.269704999999945,,,20.230979999999974,,,37.84646999999996,,,53.077449999999935,,,24.038724999999967,,,41.65421499999995,,,61.885194999999925,,,32.84646999999996,,,46.65421499999995,,,66.88519499999992,,,32.84646999999996,
31801550000,1789023973641091000,,,,True,visual_video_estimate,,,,,,,,,,,,,,,,,,12.023249999999983,,,30.038749999999972,,,17.023249999999983,,,30.038749999999972,,,51.06974999999995,,,21.030999999999977,,,39.046499999999966,,,55.077499999999944,,,25.038749999999972,,,43.05424999999996,,,64.08524999999995,,,34.046499999999966,,,48.05424999999996,,,69.08524999999995,,,34.046499999999966,
31821554000,1789023973661095000,,,,True,visual_video_estimate,,,,,,,,,,,,,,,,,,12.323309999999985,,,30.538849999999975,,,17.323309999999985,,,30.538849999999975,,,51.969929999999955,,,21.43107999999998,,,39.64661999999997,,,56.07769999999995,,,25.538849999999975,,,43.754389999999965,,,65.18546999999995,,,34.64661999999997,,,48.754389999999965,,,70.18546999999995,,,34.64661999999997,
31861554000,1789023973701095000,,,,True,visual_video_estimate,,,,,,,,,,,,,,,,,,12.923310000000026,,,31.538850000000043,,,17.923310000000026,,,31.538850000000043,,,53.76993000000007,,,22.231080000000034,,,40.84662000000005,,,58.077700000000085,,,26.538850000000043,,,45.15439000000006,,,67.3854700000001,,,35.84662000000005,,,50.15439000000006,,,72.3854700000001,,,35.84662000000005,
31901554000,1789023973741095000,,,,True,visual_video_estimate,,,,,,,,,,,,,,,,,,13.523310000000013,,,32.538850000000025,,,18.523310000000013,,,32.538850000000025,,,55.56993000000004,,,23.031080000000017,,,42.046620000000026,,,60.07770000000004,,,27.53885000000002,,,46.554390000000026,,,69.58547000000004,,,37.046620000000026,,,51.554390000000026,,,74.58547000000004,,,37.046620000000026,
31961559000,1789023973801100000,,,,True,visual_video_estimate,,,,,,,,,,,,,,,,,,14.423385000000017,,,34.03897500000003,,,19.423385000000017,,,34.03897500000003,,,58.27015500000005,,,24.231180000000023,,,43.846770000000035,,,63.07795000000006,,,29.03897500000003,,,48.65456500000004,,,72.88574500000007,,,38.846770000000035,,,53.65456500000004,,,77.88574500000007,,,38.846770000000035,
31981559000,1789023973821100000,,,,True,visual_video_estimate,,,,,,,,,,,,,,,,,,14.723385000000011,,,34.53897500000002,,,19.72338500000001,,,34.53897500000002,,,59.17015500000004,,,24.631180000000015,,,44.44677000000002,,,64.07795000000004,,,29.53897500000002,,,49.35456500000002,,,73.98574500000004,,,39.44677000000002,,,54.35456500000002,,,78.98574500000004,,,39.44677000000002,
32021563000,1789023973861104000,,,,True,visual_video_estimate,,,,,,,,,,,,,,,,,,15,,,35,,,20,,,35,,,60,,,25,,,45,,,65,,,30,,,50,,,75,,,40,,,55,,,80,,,40,
32041563000,1789023973881104000,,,,True,visual_video_estimate,,,,,,,,,,,,,,,,,,15,,,35,,,20,,,35,,,60,,,25,,,45,,,65,,,30,,,50,,,75,,,40,,,55,,,80,,,40,
32101568000,1789023973941109000,,,,True,visual_video_estimate,,,,,,,,,,,,,,,,,,15,,,35,,,20,,,35,,,60,,,25,,,45,,,65,,,30,,,50,,,75,,,40,,,55,,,80,,,40,
32141568000,1789023973981109000,,,,True,visual_video_estimate,,,,,,,,,,,,,,,,,,15,,,35,,,20,,,35,,,60,,,25,,,45,,,65,,,30,,,50,,,75,,,40,,,55,,,80,,,40,
32181568000,1789023974021109000,,,,True,visual_video_estimate,,,,,,,,,,,,,,,,,,15,,,35,,,20,,,35,,,60,,,25,,,45,,,65,,,30,,,50,,,75,,,40,,,55,,,80,,,40,
32221573000,1789023974061114000,,,,True,visual_video_estimate,,,,,,,,,,,,,,,,,,15,,,35,,,20,,,35,,,60,,,25,,,45,,,65,,,30,,,50,,,75,,,40,,,55,,,80,,,40,
32241573000,1789023974081114000,,,,True,visual_video_estimate,,,,,,,,,,,,,,,,,,15,,,35,,,20,,,35,,,60,,,25,,,45,,,65,,,30,,,50,,,75,,,40,,,55,,,80,,,40,
32261573000,1789023974101114000,,,,True,visual_video_estimate,,,,,,,,,,,,,,,,,,15,,,35,,,20,,,35,,,60,,,25,,,45,,,65,,,30,,,50,,,75,,,40,,,55,,,80,,,40,
32341577000,1789023974181118000,,,,True,visual_video_estimate,,,,,,,,,,,,,,,,,,15,,,35,,,20,,,35,,,60,,,25,,,45,,,65,,,30,,,50,,,75,,,40,,,55,,,80,,,40,
32381577000,1789023974221118000,,,,True,visual_video_estimate,,,,,,,,,,,,,,,,,,15,,,35,,,20,,,35,,,60,,,25,,,45,,,65,,,30,,,50,,,75,,,40,,,55,,,80,,,40,
32421582000,1789023974261123000,,,,True,visual_video_estimate,,,,,,,,,,,,,,,,,,15,,,35,,,20,,,35,,,60,,,25,,,45,,,65,,,30,,,50,,,75,,,40,,,55,,,80,,,40,
32461582000,1789023974301123000,,,,True,visual_video_estimate,,,,,,,,,,,,,,,,,,15,,,35,,,20,,,35,,,60,,,25,,,45,,,65,,,30,,,50,,,75,,,40,,,55,,,80,,,40,
32501586000,1789023974341127000,,,,True,visual_video_estimate,,,,,,,,,,,,,,,,,,15,,,35,,,20,,,35,,,60,,,25,,,45,,,65,,,30,,,50,,,75,,,40,,,55,,,80,,,40,
32521586000,1789023974361127000,,,,True,visual_video_estimate,,,,,,,,,,,,,,,,,,15,,,35,,,20,,,35,,,60,,,25,,,45,,,65,,,30,,,50,,,75,,,40,,,55,,,80,,,40,
32561587000,1789023974401128000,,,,True,visual_video_estimate,,,,,,,,,,,,,,,,,,15,,,35,,,20,,,35,,,60,,,25,,,45,,,65,,,30,,,50,,,75,,,40,,,55,,,80,,,40,
32601591000,1789023974441132000,,,,True,visual_video_estimate,,,,,,,,,,,,,,,,,,15,,,35,,,20,,,35,,,60,,,25,,,45,,,65,,,30,,,50,,,75,,,40,,,55,,,80,,,40,
32641591000,1789023974481132000,,,,True,visual_video_estimate,,,,,,,,,,,,,,,,,,15,,,35,,,20,,,35,,,60,,,25,,,45,,,65,,,30,,,50,,,75,,,40,,,55,,,80,,,40,
32681596000,1789023974521137000,,,,True,visual_video_estimate,,,,,,,,,,,,,,,,,,15,,,35,,,20,,,35,,,60,,,25,,,45,,,65,,,30,,,50,,,75,,,40,,,55,,,80,,,40,
32721596000,1789023974561137000,,,,True,visual_video_estimate,,,,,,,,,,,,,,,,,,15,,,35,,,20,,,35,,,60,,,25,,,45,,,65,,,30,,,50,,,75,,,40,,,55,,,80,,,40,
32741596000,1789023974581137000,,,,True,visual_video_estimate,,,,,,,,,,,,,,,,,,15,,,35,,,20,,,35,,,60,,,25,,,45,,,65,,,30,,,50,,,75,,,40,,,55,,,80,,,40,
32781600000,1789023974621141000,,,,True,visual_video_estimate,,,,,,,,,,,,,,,,,,15,,,35,,,20,,,35,,,60,,,25,,,45,,,65,,,30,,,50,,,75,,,40,,,55,,,80,,,40,
32821600000,1789023974661141000,,,,True,visual_video_estimate,,,,,,,,,,,,,,,,,,15,,,35,,,20,,,35,,,60,,,25,,,45,,,65,,,30,,,50,,,75,,,40,,,55,,,80,,,40,
32861605000,1789023974701146000,,,,True,visual_video_estimate,,,,,,,,,,,,,,,,,,15,,,35,,,20,,,35,,,60,,,25,,,45,,,65,,,30,,,50,,,75,,,40,,,55,,,80,,,40,
32901605000,1789023974741146000,,,,True,visual_video_estimate,,,,,,,,,,,,,,,,,,15,,,35,,,20,,,35,,,60,,,25,,,45,,,65,,,30,,,50,,,75,,,40,,,55,,,80,,,40,
32941605000,1789023974781146000,,,,True,visual_video_estimate,,,,,,,,,,,,,,,,,,15,,,35,,,20,,,35,,,60,,,25,,,45,,,65,,,30,,,50,,,75,,,40,,,55,,,80,,,40,
32961609000,1789023974801150000,,,,True,visual_video_estimate,,,,,,,,,,,,,,,,,,15,,,35,,,20,,,35,,,60,,,25,,,45,,,65,,,30,,,50,,,75,,,40,,,55,,,80,,,40,
33001610000,1789023974841151000,,,,True,visual_video_estimate,,,,,,,,,,,,,,,,,,14.975850000000008,,,34.959750000000014,,,19.97585000000001,,,34.959750000000014,,,59.927550000000025,,,24.96780000000001,,,44.95170000000002,,,64.91950000000003,,,29.959750000000014,,,49.94365000000002,,,74.91145000000003,,,39.95170000000002,,,54.94365000000002,,,79.91145000000003,,,39.95170000000002,
33041610000,1789023974881151000,,,,True,visual_video_estimate,,,,,,,,,,,,,,,,,,14.375850000000021,,,33.959750000000035,,,19.37585000000002,,,33.959750000000035,,,58.12755000000006,,,24.167800000000028,,,43.75170000000004,,,62.91950000000007,,,28.959750000000035,,,48.54365000000005,,,72.71145000000007,,,38.75170000000004,,,53.54365000000005,,,77.71145000000007,,,38.75170000000004,
33081614000,1789023974921155000,,,,True,visual_video_estimate,,,,,,,,,,,,,,,,,,13.775789999999972,,,32.959649999999954,,,18.775789999999972,,,32.959649999999954,,,56.32736999999992,,,23.367719999999963,,,42.551579999999944,,,60.91929999999991,,,27.959649999999954,,,47.143509999999935,,,70.5112299999999,,,37.551579999999944,,,52.143509999999935,,,75.5112299999999,,,37.551579999999944,
33141619000,1789023974981160000,,,,True,visual_video_estimate,,,,,,,,,,,,,,,,,,12.875715000000021,,,31.459525000000035,,,17.87571500000002,,,31.459525000000035,,,53.62714500000006,,,22.167620000000028,,,40.75143000000004,,,57.91905000000007,,,26.459525000000035,,,45.04333500000005,,,67.21095500000007,,,35.75143000000004,,,50.04333500000005,,,72.21095500000007,,,35.75143000000004,
33181619000,1789023975021160000,,,,True,visual_video_estimate,,,,,,,,,,,,,,,,,,12.275715000000034,,,30.459525000000056,,,17.275715000000034,,,30.459525000000056,,,51.8271450000001,,,21.367620000000045,,,39.55143000000007,,,55.91905000000011,,,25.459525000000056,,,43.64333500000008,,,65.01095500000012,,,34.55143000000007,,,48.64333500000008,,,70.01095500000012,,,34.55143000000007,
33201619000,1789023975041160000,,,,True,visual_video_estimate,,,,,,,,,,,,,,,,,,11.975714999999987,,,29.959524999999978,,,16.975714999999987,,,29.959524999999978,,,50.92714499999996,,,20.967619999999982,,,38.951429999999974,,,54.919049999999956,,,24.959524999999978,,,42.94333499999997,,,63.91095499999995,,,33.951429999999974,,,47.94333499999997,,,68.91095499999994,,,33.951429999999974,
33221619000,1789023975061160000,,,,True,visual_video_estimate,,,,,,,,,,,,,,,,,,11.675715000000046,,,29.459525000000077,,,16.675715000000046,,,29.459525000000077,,,50.02714500000014,,,20.567620000000062,,,38.35143000000009,,,53.919050000000155,,,24.459525000000077,,,42.24333500000011,,,62.81095500000017,,,33.35143000000009,,,47.24333500000011,,,67.81095500000018,,,33.35143000000009,
33281624000,1789023975121165000,,,,True,visual_video_estimate,,,,,,,,,,,,,,,,,,10.775639999999989,,,27.95939999999998,,,15.775639999999989,,,27.95939999999998,,,47.326919999999966,,,19.367519999999985,,,36.55127999999998,,,50.91879999999996,,,22.95939999999998,,,40.14315999999997,,,59.51067999999996,,,31.551279999999977,,,45.14315999999997,,,64.51067999999995,,,31.551279999999977,
33321624000,1789023975161165000,,,,True,visual_video_estimate,,,,,,,,,,,,,,,,,,10.175640000000001,,,26.959400000000002,,,15.175640000000001,,,26.959400000000002,,,45.526920000000004,,,18.567520000000002,,,35.35128,,,48.918800000000005,,,21.959400000000002,,,38.74316,,,57.310680000000005,,,30.351280000000003,,,43.74316,,,62.310680000000005,,,30.351280000000003,
33341628000,1789023975181169000,,,,True,visual_video_estimate,,,,,,,,,,,,,,,,,,9.87558,,,26.4593,,,14.87558,,,26.4593,,,44.62674,,,18.16744,,,34.75116,,,47.9186,,,21.4593,,,38.04302,,,56.21046,,,29.75116,,,43.04302,,,61.21046,,,29.75116,
33361628000,1789023975201169000,,,,True,visual_video_estimate,,,,,,,,,,,,,,,,,,9.575579999999952,,,25.95929999999992,,,14.575579999999952,,,25.95929999999992,,,43.72673999999986,,,17.767439999999937,,,34.151159999999905,,,46.91859999999984,,,20.95929999999992,,,37.34301999999989,,,55.110459999999826,,,29.151159999999905,,,42.34301999999989,,,60.110459999999826,,,29.151159999999905,
33401628000,1789023975241169000,,,,True,visual_video_estimate,,,,,,,,,,,,,,,,,,8.975579999999965,,,24.959299999999942,,,13.975579999999965,,,24.959299999999942,,,41.926739999999896,,,16.967439999999954,,,32.95115999999993,,,44.918599999999884,,,19.959299999999942,,,35.94301999999992,,,52.91045999999987,,,27.95115999999993,,,40.94301999999992,,,57.91045999999987,,,27.95115999999993,
33461633000,1789023975301174000,,,,True,visual_video_estimate,,,,,,,,,,,,,,,,,,8.075505000000014,,,23.459175000000023,,,13.075505000000014,,,23.459175000000023,,,39.22651500000004,,,15.767340000000019,,,31.151010000000028,,,41.918350000000046,,,18.459175000000023,,,33.84284500000003,,,49.61018500000005,,,26.151010000000028,,,38.84284500000003,,,54.61018500000005,,,26.151010000000028,
33501633000,1789023975341174000,,,,True,visual_video_estimate,,,,,,,,,,,,,,,,,,7.475505000000027,,,22.459175000000045,,,12.475505000000027,,,22.459175000000045,,,37.42651500000008,,,14.967340000000036,,,29.951010000000053,,,39.91835000000009,,,17.459175000000045,,,32.44284500000006,,,47.4101850000001,,,24.951010000000053,,,37.44284500000006,,,52.4101850000001,,,24.951010000000053,
33541637000,1789023975381178000,,,,True,visual_video_estimate,,,,,,,,,,,,,,,,,,6.875444999999978,,,21.459074999999963,,,11.875444999999978,,,21.459074999999963,,,35.62633499999993,,,14.16725999999997,,,28.750889999999956,,,37.918149999999926,,,16.459074999999963,,,31.04270499999995,,,45.20996499999992,,,23.750889999999956,,,36.04270499999995,,,50.20996499999992,,,23.750889999999956,
33581637000,1789023975421178000,,,,True,visual_video_estimate,,,,,,,,,,,,,,,,,,6.275444999999991,,,20.459074999999984,,,11.27544499999999,,,20.459074999999984,,,33.82633499999997,,,13.367259999999987,,,27.55088999999998,,,35.91814999999997,,,15.459074999999984,,,29.642704999999978,,,43.009964999999966,,,22.55088999999998,,,34.64270499999998,,,48.009964999999966,,,22.55088999999998,
33601637000,1789023975441178000,,,,True,visual_video_estimate,,,,,,,,,,,,,,,,,,5.97544500000005,,,19.959075000000084,,,10.97544500000005,,,19.959075000000084,,,32.92633500000015,,,12.967260000000067,,,26.9508900000001,,,34.91815000000017,,,14.959075000000084,,,28.942705000000117,,,41.909965000000184,,,21.9508900000001,,,33.94270500000012,,,46.909965000000184,,,21.9508900000001,
33641642000,1789023975481183000,,,,True,visual_video_estimate,,,,,,,,,,,,,,,,,,5.375370000000039,,,18.958950000000065,,,10.37537000000004,,,18.958950000000065,,,31.126110000000118,,,12.167160000000052,,,25.75074000000008,,,32.91790000000013,,,13.958950000000065,,,27.54253000000009,,,39.709690000000144,,,20.75074000000008,,,32.54253000000009,,,44.709690000000144,,,20.75074000000008,
33681642000,1789023975521183000,,,,True,visual_video_estimate,,,,,,,,,,,,,,,,,,4.775370000000052,,,17.958950000000087,,,9.775370000000052,,,17.958950000000087,,,29.326110000000156,,,11.36716000000007,,,24.550740000000104,,,30.917900000000174,,,12.958950000000087,,,26.14253000000012,,,37.50969000000019,,,19.550740000000104,,,31.14253000000012,,,42.50969000000019,,,19.550740000000104,
33701642000,1789023975541183000,,,,True,visual_video_estimate,,,,,,,,,,,,,,,,,,4.475370000000005,,,17.45895000000001,,,9.475370000000005,,,17.45895000000001,,,28.426110000000016,,,10.967160000000007,,,23.95074000000001,,,29.917900000000017,,,12.458950000000009,,,25.442530000000012,,,36.40969000000002,,,18.95074000000001,,,30.442530000000012,,,41.40969000000002,,,18.95074000000001,
33741647000,1789023975581188000,,,,True,visual_video_estimate,,,,,,,,,,,,,,,,,,3.875294999999994,,,16.45882499999999,,,8.875294999999994,,,16.45882499999999,,,26.625884999999982,,,10.167059999999992,,,22.75058999999999,,,27.91764999999998,,,11.45882499999999,,,24.042354999999986,,,34.20941499999998,,,17.75058999999999,,,29.042354999999986,,,39.20941499999998,,,17.75058999999999,
33781647000,1789023975621188000,,,,True,visual_video_estimate,,,,,,,,,,,,,,,,,,3.275295000000007,,,15.458825000000012,,,8.275295000000007,,,15.458825000000012,,,24.82588500000002,,,9.36706000000001,,,21.550590000000014,,,25.917650000000023,,,10.458825000000012,,,22.642355000000016,,,32.009415000000025,,,16.550590000000014,,,27.642355000000016,,,37.009415000000025,,,16.550590000000014,
33841651000,1789023975681192000,,,,True,visual_video_estimate,,,,,,,,,,,,,,,,,,2.3752350000000177,,,13.95872500000003,,,7.375235000000018,,,13.95872500000003,,,22.125705000000053,,,8.166980000000024,,,19.750470000000035,,,22.91745000000006,,,8.95872500000003,,,20.54221500000004,,,28.709195000000065,,,14.750470000000035,,,25.54221500000004,,,33.709195000000065,,,14.750470000000035,
33861651000,1789023975701192000,,,,True,visual_video_estimate,,,,,,,,,,,,,,,,,,2.075234999999971,,,13.458724999999951,,,7.075234999999971,,,13.458724999999951,,,21.225704999999913,,,7.766979999999961,,,19.15046999999994,,,21.917449999999903,,,8.458724999999951,,,19.842214999999932,,,27.609194999999893,,,14.150469999999942,,,24.842214999999932,,,32.60919499999989,,,14.150469999999942,
33901656000,1789023975741197000,,,,True,visual_video_estimate,,,,,,,,,,,,,,,,,,1.4751599999999598,,,12.458599999999933,,,6.47515999999996,,,12.458599999999933,,,19.42547999999988,,,6.9668799999999464,,,17.95031999999992,,,19.917199999999866,,,7.458599999999933,,,18.442039999999906,,,25.408919999999853,,,12.95031999999992,,,23.442039999999906,,,30.408919999999853,,,12.95031999999992,
33921656000,1789023975761197000,,,,True,visual_video_estimate,,,,,,,,,,,,,,,,,,1.1751600000000195,,,11.958600000000033,,,6.1751600000000195,,,11.958600000000033,,,18.52548000000006,,,6.566880000000026,,,17.35032000000004,,,18.917200000000065,,,6.9586000000000325,,,17.742040000000046,,,24.30892000000007,,,12.350320000000039,,,22.742040000000046,,,29.30892000000007,,,12.350320000000039,
33961656000,1789023975801197000,,,,True,visual_video_estimate,,,,,,,,,,,,,,,,,,0.5751600000000323,,,10.958600000000054,,,5.575160000000032,,,10.958600000000054,,,16.725480000000097,,,5.766880000000043,,,16.150320000000065,,,16.917200000000108,,,5.958600000000054,,,16.342040000000075,,,22.10892000000012,,,11.150320000000065,,,21.342040000000075,,,27.10892000000012,,,11.150320000000065,
34001660000,1789023975841201000,,,,True,visual_video_estimate,,,,,,,,,,,,,,,,,,0.024900000000016576,,,10.041500000000028,,,5.024900000000017,,,10.041500000000028,,,15.07470000000005,,,5.033200000000022,,,15.049800000000033,,,15.083000000000055,,,5.041500000000028,,,15.058100000000039,,,20.09130000000006,,,10.049800000000033,,,20.05810000000004,,,25.09130000000006,,,10.049800000000033,
34041660000,1789023975881201000,,,,True,visual_video_estimate,,,,,,,,,,,,,,,,,,0.6249000000000038,,,11.041500000000006,,,5.624900000000004,,,11.041500000000006,,,16.87470000000001,,,5.833200000000005,,,16.249800000000008,,,17.083000000000013,,,6.041500000000006,,,16.45810000000001,,,22.291300000000014,,,11.249800000000008,,,21.45810000000001,,,27.291300000000014,,,11.249800000000008,
34061661000,1789023975901202000,,,,True,visual_video_estimate,,,,,,,,,,,,,,,,,,0.9249150000000128,,,11.541525000000021,,,5.924915000000013,,,11.541525000000021,,,17.77474500000004,,,6.233220000000017,,,16.849830000000026,,,18.083050000000043,,,6.541525000000021,,,17.15813500000003,,,23.391355000000047,,,11.849830000000026,,,22.15813500000003,,,28.391355000000047,,,11.849830000000026,
34101665000,1789023975941206000,,,,True,visual_video_estimate,,,,,,,,,,,,,,,,,,1.5249749999999551,,,12.541624999999925,,,6.524974999999955,,,12.541624999999925,,,19.574924999999865,,,7.03329999999994,,,18.04994999999991,,,20.08324999999985,,,7.541624999999925,,,18.558274999999895,,,25.591574999999835,,,13.04994999999991,,,23.558274999999895,,,30.591574999999835,,,13.04994999999991,
34141665000,1789023975981206000,,,,True,visual_video_estimate,,,,,,,,,,,,,,,,,,2.124975000000049,,,13.541625000000082,,,7.124975000000049,,,13.541625000000082,,,21.374925000000147,,,7.833300000000065,,,19.249950000000098,,,22.083250000000163,,,8.541625000000082,,,19.958275000000114,,,27.79157500000018,,,14.249950000000098,,,24.958275000000114,,,32.79157500000018,,,14.249950000000098,
34181670000,1789023976021211000,,,,True,visual_video_estimate,,,,,,,,,,,,,,,,,,2.7250499999999533,,,14.541749999999922,,,7.725049999999953,,,14.541749999999922,,,23.17514999999986,,,8.633399999999938,,,20.450099999999907,,,24.083499999999844,,,9.541749999999922,,,21.35844999999989,,,29.99184999999983,,,15.450099999999907,,,26.35844999999989,,,34.99184999999983,,,15.450099999999907,
34221670000,1789023976061211000,,,,True,visual_video_estimate,,,,,,,,,,,,,,,,,,3.325050000000047,,,15.541750000000079,,,8.325050000000047,,,15.541750000000079,,,24.97515000000014,,,9.433400000000063,,,21.650100000000094,,,26.083500000000157,,,10.541750000000079,,,22.75845000000011,,,32.19185000000017,,,16.650100000000094,,,27.75845000000011,,,37.19185000000017,,,16.650100000000094,
34241670000,1789023976081211000,,,,True,visual_video_estimate,,,,,,,,,,,,,,,,,,3.6250499999999874,,,16.04174999999998,,,8.625049999999987,,,16.04174999999998,,,25.875149999999962,,,9.833399999999983,,,22.250099999999975,,,27.083499999999958,,,11.041749999999979,,,23.45844999999997,,,33.291849999999954,,,17.250099999999975,,,28.45844999999997,,,38.291849999999954,,,17.250099999999975,
34301674000,1789023976141215000,,,,True,visual_video_estimate,,,,,,,,,,,,,,,,,,4.525109999999977,,,17.54184999999996,,,9.525109999999977,,,17.54184999999996,,,28.57532999999993,,,11.033479999999969,,,24.050219999999953,,,30.083699999999922,,,12.541849999999961,,,25.558589999999946,,,36.592069999999914,,,19.050219999999953,,,30.558589999999946,,,41.592069999999914,,,19.050219999999953,
34361674000,1789023976201215000,,,,True,visual_video_estimate,,,,,,,,,,,,,,,,,,5.425110000000011,,,19.041850000000018,,,10.42511000000001,,,19.041850000000018,,,31.275330000000032,,,12.233480000000014,,,25.85022000000002,,,33.083700000000036,,,14.041850000000018,,,27.658590000000025,,,39.89207000000004,,,20.85022000000002,,,32.658590000000025,,,44.89207000000004,,,20.85022000000002,
34381679000,1789023976221220000,,,,True,visual_video_estimate,,,,,,,,,,,,,,,,,,5.725184999999975,,,19.541974999999958,,,10.725184999999975,,,19.541974999999958,,,32.175554999999925,,,12.633579999999967,,,26.45036999999995,,,34.083949999999916,,,14.541974999999958,,,28.35876499999994,,,40.99234499999991,,,21.45036999999995,,,33.35876499999994,,,45.99234499999991,,,21.45036999999995,
34401679000,1789023976241220000,,,,True,visual_video_estimate,,,,,,,,,,,,,,,,,,6.025185000000022,,,20.041975000000036,,,11.025185000000022,,,20.041975000000036,,,33.075555000000065,,,13.033580000000029,,,27.050370000000044,,,35.08395000000007,,,15.041975000000036,,,29.05876500000005,,,42.09234500000008,,,22.050370000000044,,,34.05876500000005,,,47.09234500000008,,,22.050370000000044,
34441679000,1789023976281220000,,,,True,visual_video_estimate,,,,,,,,,,,,,,,,,,6.625185000000009,,,21.041975000000015,,,11.625185000000009,,,21.041975000000015,,,34.87555500000003,,,13.833580000000012,,,28.250370000000018,,,37.08395000000003,,,16.041975000000015,,,30.45876500000002,,,44.29234500000003,,,23.250370000000018,,,35.45876500000002,,,49.29234500000003,,,23.250370000000018,
34501684000,1789023976341225000,,,,True,visual_video_estimate,,,,,,,,,,,,,,,,,,7.52525999999996,,,22.542099999999934,,,12.52525999999996,,,22.542099999999934,,,37.57577999999988,,,15.033679999999947,,,30.05051999999992,,,40.08419999999987,,,17.542099999999934,,,32.55893999999991,,,47.592619999999854,,,25.05051999999992,,,37.55893999999991,,,52.592619999999854,,,25.05051999999992,
34541684000,1789023976381225000,,,,True,visual_video_estimate,,,,,,,,,,,,,,,,,,8.125259999999948,,,23.542099999999913,,,13.125259999999948,,,23.542099999999913,,,39.37577999999984,,,15.83367999999993,,,31.250519999999895,,,42.084199999999825,,,18.542099999999913,,,33.95893999999988,,,49.79261999999981,,,26.250519999999895,,,38.95893999999988,,,54.79261999999981,,,26.250519999999895,
34561688000,1789023976401229000,,,,True,visual_video_estimate,,,,,,,,,,,,,,,,,,8.42531999999995,,,24.042199999999916,,,13.42531999999995,,,24.042199999999916,,,40.27595999999985,,,16.233759999999933,,,31.8506399999999,,,43.08439999999983,,,19.042199999999916,,,34.65907999999988,,,50.892839999999815,,,26.8506399999999,,,39.65907999999988,,,55.892839999999815,,,26.8506399999999,
34581688000,1789023976421229000,,,,True,visual_video_estimate,,,,,,,,,,,,,,,,,,8.725319999999996,,,24.542199999999994,,,13.725319999999996,,,24.542199999999994,,,41.17595999999999,,,16.633759999999995,,,32.45063999999999,,,44.08439999999999,,,19.542199999999994,,,35.35907999999999,,,51.99283999999999,,,27.450639999999993,,,40.35907999999999,,,56.99283999999999,,,27.450639999999993,
34641688000,1789023976481229000,,,,True,visual_video_estimate,,,,,,,,,,,,,,,,,,9.62532000000003,,,26.04220000000005,,,14.62532000000003,,,26.04220000000005,,,43.87596000000009,,,17.83376000000004,,,34.25064000000006,,,47.0844000000001,,,21.04220000000005,,,37.45908000000007,,,55.29284000000011,,,29.25064000000006,,,42.45908000000007,,,60.29284000000011,,,29.25064000000006,
34681693000,1789023976521234000,,,,True,visual_video_estimate,,,,,,,,,,,,,,,,,,10.225395000000042,,,27.04232500000007,,,15.225395000000042,,,27.04232500000007,,,45.676185000000125,,,18.633860000000055,,,35.45079000000008,,,49.08465000000014,,,22.04232500000007,,,38.8592550000001,,,57.49311500000015,,,30.450790000000083,,,43.8592550000001,,,62.49311500000015,,,30.450790000000083,
34701693000,1789023976541234000,,,,True,visual_video_estimate,,,,,,,,,,,,,,,,,,10.525394999999982,,,27.54232499999997,,,15.525394999999982,,,27.54232499999997,,,46.576184999999946,,,19.033859999999976,,,36.050789999999964,,,50.08464999999994,,,22.54232499999997,,,39.55925499999996,,,58.59311499999993,,,31.050789999999964,,,44.55925499999996,,,63.59311499999993,,,31.050789999999964,
34741693000,1789023976581234000,,,,True,visual_video_estimate,,,,,,,,,,,,,,,,,,11.125394999999969,,,28.54232499999995,,,16.12539499999997,,,28.54232499999995,,,48.37618499999991,,,19.83385999999996,,,37.25078999999994,,,52.0846499999999,,,23.54232499999995,,,40.95925499999993,,,60.79311499999989,,,32.25078999999994,,,45.95925499999993,,,65.79311499999989,,,32.25078999999994,
34821698000,1789023976661239000,,,,True,visual_video_estimate,,,,,,,,,,,,,,,,,,12.325469999999967,,,30.542449999999945,,,17.325469999999967,,,30.542449999999945,,,51.9764099999999,,,21.433959999999956,,,39.650939999999935,,,56.08489999999989,,,25.542449999999945,,,43.759429999999924,,,65.19338999999988,,,34.650939999999935,,,48.759429999999924,,,70.19338999999988,,,34.650939999999935,
34861702000,1789023976701243000,,,,True,visual_video_estimate,,,,,,,,,,,,,,,,,,12.925530000000016,,,31.542550000000027,,,17.925530000000016,,,31.542550000000027,,,53.77659000000005,,,22.23404000000002,,,40.85106000000003,,,58.085100000000054,,,26.542550000000027,,,45.15957000000004,,,67.39361000000005,,,35.85106000000003,,,50.15957000000004,,,72.39361000000005,,,35.85106000000003,
34881702000,1789023976721243000,,,,True,visual_video_estimate,,,,,,,,,,,,,,,,,,13.225529999999956,,,32.04254999999993,,,18.225529999999956,,,32.04254999999993,,,54.67658999999987,,,22.634039999999942,,,41.45105999999991,,,59.085099999999855,,,27.042549999999927,,,45.8595699999999,,,68.49360999999985,,,36.45105999999991,,,50.8595699999999,,,73.49360999999985,,,36.45105999999991,
34901702000,1789023976741243000,,,,True,visual_video_estimate,,,,,,,,,,,,,,,,,,13.525530000000003,,,32.542550000000006,,,18.525530000000003,,,32.542550000000006,,,55.57659000000001,,,23.034040000000005,,,42.05106000000001,,,60.08510000000001,,,27.542550000000006,,,46.55957000000001,,,69.59361000000001,,,37.05106000000001,,,51.55957000000001,,,74.59361000000001,,,37.05106000000001,
34921702000,1789023976761243000,,,,True,visual_video_estimate,,,,,,,,,,,,,,,,,,13.82553000000005,,,33.042550000000084,,,18.82553000000005,,,33.042550000000084,,,56.47659000000015,,,23.434040000000067,,,42.6510600000001,,,61.08510000000017,,,28.042550000000084,,,47.25957000000012,,,70.69361000000018,,,37.6510600000001,,,52.25957000000012,,,75.69361000000018,,,37.6510600000001,
35001707000,1789023976841248000,,,,True,visual_video_estimate,,,,,,,,,,,,,,,,,,15,,,35,,,20,,,35,,,60,,,25,,,45,,,65,,,30,,,50,,,75,,,40,,,55,,,80,,,40,
35021707000,1789023976861248000,,,,True,visual_video_estimate,,,,,,,,,,,,,,,,,,15,,,35,,,20,,,35,,,60,,,25,,,45,,,65,,,30,,,50,,,75,,,40,,,55,,,80,,,40,
35041711000,1789023976881252000,,,,True,visual_video_estimate,,,,,,,,,,,,,,,,,,15,,,35,,,20,,,35,,,60,,,25,,,45,,,65,,,30,,,50,,,75,,,40,,,55,,,80,,,40,
35081711000,1789023976921252000,,,,True,visual_video_estimate,,,,,,,,,,,,,,,,,,15,,,35,,,20,,,35,,,60,,,25,,,45,,,65,,,30,,,50,,,75,,,40,,,55,,,80,,,40,
35101711000,1789023976941252000,,,,True,visual_video_estimate,,,,,,,,,,,,,,,,,,15,,,35,,,20,,,35,,,60,,,25,,,45,,,65,,,30,,,50,,,75,,,40,,,55,,,80,,,40,
35181716000,1789023977021257000,,,,True,visual_video_estimate,,,,,,,,,,,,,,,,,,15,,,35,,,20,,,35,,,60,,,25,,,45,,,65,,,30,,,50,,,75,,,40,,,55,,,80,,,40,
35201716000,1789023977041257000,,,,True,visual_video_estimate,,,,,,,,,,,,,,,,,,15,,,35,,,20,,,35,,,60,,,25,,,45,,,65,,,30,,,50,,,75,,,40,,,55,,,80,,,40,
35221716000,1789023977061257000,,,,True,visual_video_estimate,,,,,,,,,,,,,,,,,,15,,,35,,,20,,,35,,,60,,,25,,,45,,,65,,,30,,,50,,,75,,,40,,,55,,,80,,,40,
35241721000,1789023977081262000,,,,True,visual_video_estimate,,,,,,,,,,,,,,,,,,15,,,35,,,20,,,35,,,60,,,25,,,45,,,65,,,30,,,50,,,75,,,40,,,55,,,80,,,40,
35321725000,1789023977161266000,,,,True,visual_video_estimate,,,,,,,,,,,,,,,,,,15,,,35,,,20,,,35,,,60,,,25,,,45,,,65,,,30,,,50,,,75,,,40,,,55,,,80,,,40,
35361725000,1789023977201266000,,,,True,visual_video_estimate,,,,,,,,,,,,,,,,,,15,,,35,,,20,,,35,,,60,,,25,,,45,,,65,,,30,,,50,,,75,,,40,,,55,,,80,,,40,
35381725000,1789023977221266000,,,,True,visual_video_estimate,,,,,,,,,,,,,,,,,,15,,,35,,,20,,,35,,,60,,,25,,,45,,,65,,,30,,,50,,,75,,,40,,,55,,,80,,,40,
35401725000,1789023977241266000,,,,True,visual_video_estimate,,,,,,,,,,,,,,,,,,15,,,35,,,20,,,35,,,60,,,25,,,45,,,65,,,30,,,50,,,75,,,40,,,55,,,80,,,40,
35441730000,1789023977281271000,,,,True,visual_video_estimate,,,,,,,,,,,,,,,,,,15,,,35,,,20,,,35,,,60,,,25,,,45,,,65,,,30,,,50,,,75,,,40,,,55,,,80,,,40,
35461730000,1789023977301271000,,,,True,visual_video_estimate,,,,,,,,,,,,,,,,,,15,,,35,,,20,,,35,,,60,,,25,,,45,,,65,,,30,,,50,,,75,,,40,,,55,,,80,,,40,
35521734000,1789023977361275000,,,,True,visual_video_estimate,,,,,,,,,,,,,,,,,,15,,,35,,,20,,,35,,,60,,,25,,,45,,,65,,,30,,,50,,,75,,,40,,,55,,,80,,,40,
35541734000,1789023977381275000,,,,True,visual_video_estimate,,,,,,,,,,,,,,,,,,15,,,35,,,20,,,35,,,60,,,25,,,45,,,65,,,30,,,50,,,75,,,40,,,55,,,80,,,40,
35581735000,1789023977421276000,,,,True,visual_video_estimate,,,,,,,,,,,,,,,,,,15,,,35,,,20,,,35,,,60,,,25,,,45,,,65,,,30,,,50,,,75,,,40,,,55,,,80,,,40,
35601735000,1789023977441276000,,,,True,visual_video_estimate,,,,,,,,,,,,,,,,,,15,,,35,,,20,,,35,,,60,,,25,,,45,,,65,,,30,,,50,,,75,,,40,,,55,,,80,,,40,
35661739000,1789023977501280000,,,,True,visual_video_estimate,,,,,,,,,,,,,,,,,,15,,,35,,,20,,,35,,,60,,,25,,,45,,,65,,,30,,,50,,,75,,,40,,,55,,,80,,,40,
35681739000,1789023977521280000,,,,True,visual_video_estimate,,,,,,,,,,,,,,,,,,15,,,35,,,20,,,35,,,60,,,25,,,45,,,65,,,30,,,50,,,75,,,40,,,55,,,80,,,40,
35721744000,1789023977561285000,,,,True,visual_video_estimate,,,,,,,,,,,,,,,,,,15,,,35,,,20,,,35,,,60,,,25,,,45,,,65,,,30,,,50,,,75,,,40,,,55,,,80,,,40,
35761744000,1789023977601285000,,,,True,visual_video_estimate,,,,,,,,,,,,,,,,,,15,,,35,,,20,,,35,,,60,,,25,,,45,,,65,,,30,,,50,,,75,,,40,,,55,,,80,,,40,
35781744000,1789023977621285000,,,,True,visual_video_estimate,,,,,,,,,,,,,,,,,,15,,,35,,,20,,,35,,,60,,,25,,,45,,,65,,,30,,,50,,,75,,,40,,,55,,,80,,,40,
35861748000,1789023977701289000,,,,True,visual_video_estimate,,,,,,,,,,,,,,,,,,15,,,35,,,20,,,35,,,60,,,25,,,45,,,65,,,30,,,50,,,75,,,40,,,55,,,80,,,40,
35881748000,1789023977721289000,,,,True,visual_video_estimate,,,,,,,,,,,,,,,,,,15,,,35,,,20,,,35,,,60,,,25,,,45,,,65,,,30,,,50,,,75,,,40,,,55,,,80,,,40,
35901753000,1789023977741294000,,,,True,visual_video_estimate,,,,,,,,,,,,,,,,,,15,,,35,,,20,,,35,,,60,,,25,,,45,,,65,,,30,,,50,,,75,,,40,,,55,,,80,,,40,
35941753000,1789023977781294000,,,,True,visual_video_estimate,,,,,,,,,,,,,,,,,,15,,,35,,,20,,,35,,,60,,,25,,,45,,,65,,,30,,,50,,,75,,,40,,,55,,,80,,,40,
36001758000,1789023977841299000,,,,True,visual_video_estimate,,,,,,,,,,,,,,,,,,14.973629999999964,,,34.95604999999994,,,19.973629999999964,,,34.95604999999994,,,59.92088999999989,,,24.964839999999953,,,44.94725999999993,,,64.91209999999988,,,29.95604999999994,,,49.93846999999992,,,74.90330999999986,,,39.94725999999993,,,54.93846999999992,,,79.90330999999986,,,39.94725999999993,
36041758000,1789023977881299000,,,,True,visual_video_estimate,,,,,,,,,,,,,,,,,,14.373629999999977,,,33.95604999999996,,,19.373629999999977,,,33.95604999999996,,,58.12088999999993,,,24.16483999999997,,,43.747259999999955,,,62.912099999999924,,,28.956049999999962,,,48.53846999999995,,,72.70330999999992,,,38.747259999999955,,,53.53846999999995,,,77.70330999999992,,,38.747259999999955,
36061758000,1789023977901299000,,,,True,visual_video_estimate,,,,,,,,,,,,,,,,,,14.073630000000037,,,33.45605000000006,,,19.073630000000037,,,33.45605000000006,,,57.22089000000011,,,23.76484000000005,,,43.147260000000074,,,61.91210000000012,,,28.45605000000006,,,47.838470000000086,,,71.60331000000014,,,38.147260000000074,,,52.838470000000086,,,76.60331000000014,,,38.147260000000074,
36081762000,1789023977921303000,,,,True,visual_video_estimate,,,,,,,,,,,,,,,,,,13.773570000000035,,,32.95595000000006,,,18.773570000000035,,,32.95595000000006,,,56.320710000000105,,,23.364760000000047,,,42.54714000000007,,,60.91190000000012,,,27.95595000000006,,,47.13833000000008,,,70.50309000000013,,,37.54714000000007,,,52.13833000000008,,,75.50309000000013,,,37.54714000000007,
36141762000,1789023977981303000,,,,True,visual_video_estimate,,,,,,,,,,,,,,,,,,12.87357,,,31.45595,,,17.87357,,,31.45595,,,53.62071,,,22.16476,,,40.74714,,,57.9119,,,26.45595,,,45.03833,,,67.20309,,,35.74714,,,50.03833,,,72.20309,,,35.74714,
36181767000,1789023978021308000,,,,True,visual_video_estimate,,,,,,,,,,,,,,,,,,12.27349499999999,,,30.455824999999983,,,17.27349499999999,,,30.455824999999983,,,51.82048499999997,,,21.364659999999986,,,39.54698999999998,,,55.911649999999966,,,25.455824999999983,,,43.638154999999976,,,65.00281499999997,,,34.54698999999998,,,48.638154999999976,,,70.00281499999997,,,34.54698999999998,
36201767000,1789023978041308000,,,,True,visual_video_estimate,,,,,,,,,,,,,,,,,,11.97349500000005,,,29.955825000000083,,,16.97349500000005,,,29.955825000000083,,,50.92048500000015,,,20.964660000000066,,,38.9469900000001,,,54.911650000000165,,,24.955825000000083,,,42.938155000000116,,,63.90281500000018,,,33.9469900000001,,,47.938155000000116,,,68.90281500000017,,,33.9469900000001,
36221767000,1789023978061308000,,,,True,visual_video_estimate,,,,,,,,,,,,,,,,,,11.673495000000003,,,29.455825000000004,,,16.673495000000003,,,29.455825000000004,,,50.02048500000001,,,20.564660000000003,,,38.346990000000005,,,53.91165000000001,,,24.455825000000004,,,42.238155000000006,,,62.80281500000001,,,33.346990000000005,,,47.238155000000006,,,67.80281500000001,,,33.346990000000005,
36281771000,1789023978121312000,,,,True,visual_video_estimate,,,,,,,,,,,,,,,,,,10.773435000000013,,,27.955725000000022,,,15.773435000000013,,,27.955725000000022,,,47.32030500000004,,,19.364580000000018,,,36.54687000000003,,,50.911450000000045,,,22.955725000000022,,,40.13801500000003,,,59.50259500000005,,,31.546870000000027,,,45.13801500000003,,,64.50259500000004,,,31.546870000000027,
36321771000,1789023978161312000,,,,True,visual_video_estimate,,,,,,,,,,,,,,,,,,10.173435000000026,,,26.955725000000044,,,15.173435000000026,,,26.955725000000044,,,45.52030500000008,,,18.564580000000035,,,35.34687000000005,,,48.91145000000009,,,21.955725000000044,,,38.73801500000006,,,57.302595000000096,,,30.346870000000052,,,43.73801500000006,,,62.302595000000096,,,30.346870000000052,
36361776000,1789023978201317000,,,,True,visual_video_estimate,,,,,,,,,,,,,,,,,,9.573360000000015,,,25.955600000000025,,,14.573360000000015,,,25.955600000000025,,,43.720080000000046,,,17.76448000000002,,,34.14672000000003,,,46.91120000000005,,,20.955600000000025,,,37.337840000000035,,,55.102320000000056,,,29.14672000000003,,,42.337840000000035,,,60.102320000000056,,,29.14672000000003,
36401776000,1789023978241317000,,,,True,visual_video_estimate,,,,,,,,,,,,,,,,,,8.973360000000028,,,24.955600000000047,,,13.973360000000028,,,24.955600000000047,,,41.920080000000084,,,16.964480000000037,,,32.946720000000056,,,44.91120000000009,,,19.955600000000047,,,35.937840000000065,,,52.9023200000001,,,27.946720000000056,,,40.937840000000065,,,57.9023200000001,,,27.946720000000056,
36441776000,1789023978281317000,,,,True,visual_video_estimate,,,,,,,,,,,,,,,,,,8.37336000000004,,,23.955600000000068,,,13.37336000000004,,,23.955600000000068,,,40.12008000000012,,,16.164480000000054,,,31.74672000000008,,,42.911200000000136,,,18.955600000000068,,,34.537840000000095,,,50.70232000000015,,,26.74672000000008,,,39.537840000000095,,,55.70232000000015,,,26.74672000000008,
36461781000,1789023978301322000,,,,True,visual_video_estimate,,,,,,,,,,,,,,,,,,8.07328499999997,,,23.45547499999995,,,13.07328499999997,,,23.45547499999995,,,39.21985499999991,,,15.76437999999996,,,31.14656999999994,,,41.9109499999999,,,18.45547499999995,,,33.83766499999993,,,49.60204499999989,,,26.14656999999994,,,38.83766499999993,,,54.60204499999989,,,26.14656999999994,
36501781000,1789023978341322000,,,,True,visual_video_estimate,,,,,,,,,,,,,,,,,,7.473284999999983,,,22.45547499999997,,,12.473284999999983,,,22.45547499999997,,,37.41985499999995,,,14.964379999999977,,,29.946569999999966,,,39.91094999999994,,,17.45547499999997,,,32.43766499999996,,,47.40204499999994,,,24.946569999999966,,,37.43766499999996,,,52.40204499999994,,,24.946569999999966,
36541781000,1789023978381322000,,,,True,visual_video_estimate,,,,,,,,,,,,,,,,,,6.873284999999996,,,21.455474999999993,,,11.873284999999996,,,21.455474999999993,,,35.61985499999999,,,14.164379999999994,,,28.74656999999999,,,37.910949999999985,,,16.455474999999993,,,31.03766499999999,,,45.202044999999984,,,23.74656999999999,,,36.03766499999999,,,50.202044999999984,,,23.74656999999999,
36581785000,1789023978421326000,,,,True,visual_video_estimate,,,,,,,,,,,,,,,,,,6.273224999999947,,,20.45537499999991,,,11.273224999999947,,,20.45537499999991,,,33.81967499999984,,,13.364299999999929,,,27.546449999999894,,,35.91074999999982,,,15.455374999999911,,,29.637524999999876,,,43.001824999999805,,,22.546449999999894,,,34.637524999999876,,,48.001824999999805,,,22.546449999999894,
36621785000,1789023978461326000,,,,True,visual_video_estimate,,,,,,,,,,,,,,,,,,5.6732249999999596,,,19.455374999999933,,,10.67322499999996,,,19.455374999999933,,,32.01967499999988,,,12.564299999999946,,,26.34644999999992,,,33.910749999999865,,,14.455374999999933,,,28.237524999999906,,,40.80182499999985,,,21.34644999999992,,,33.237524999999906,,,45.80182499999985,,,21.34644999999992,
36641785000,1789023978481326000,,,,True,visual_video_estimate,,,,,,,,,,,,,,,,,,5.373225000000019,,,18.955375000000032,,,10.37322500000002,,,18.955375000000032,,,31.119675000000058,,,12.164300000000026,,,25.74645000000004,,,32.910750000000064,,,13.955375000000032,,,27.537525000000045,,,39.70182500000007,,,20.74645000000004,,,32.537525000000045,,,44.70182500000007,,,20.74645000000004,
36701790000,1789023978541331000,,,,True,visual_video_estimate,,,,,,,,,,,,,,,,,,4.473149999999961,,,17.455249999999936,,,9.473149999999961,,,17.455249999999936,,,28.419449999999884,,,10.964199999999948,,,23.946299999999923,,,29.91049999999987,,,12.455249999999936,,,25.43734999999991,,,36.40154999999986,,,18.946299999999923,,,30.43734999999991,,,41.40154999999986,,,18.946299999999923,
36721790000,1789023978561331000,,,,True,visual_video_estimate,,,,,,,,,,,,,,,,,,4.173150000000021,,,16.955250000000035,,,9.173150000000021,,,16.955250000000035,,,27.519450000000063,,,10.564200000000028,,,23.346300000000042,,,28.91050000000007,,,11.955250000000035,,,24.73735000000005,,,35.30155000000008,,,18.346300000000042,,,29.73735000000005,,,40.30155000000008,,,18.346300000000042,
36761794000,1789023978601335000,,,,True,visual_video_estimate,,,,,,,,,,,,,,,,,,3.573089999999972,,,15.955149999999954,,,8.573089999999972,,,15.955149999999954,,,25.719269999999916,,,9.764119999999963,,,22.146179999999944,,,26.910299999999907,,,10.955149999999954,,,23.337209999999935,,,33.1013299999999,,,17.146179999999944,,,28.337209999999935,,,38.1013299999999,,,17.146179999999944,
36821795000,1789023978661336000,,,,True,visual_video_estimate,,,,,,,,,,,,,,,,,,2.673074999999976,,,14.45512499999996,,,7.673074999999976,,,14.45512499999996,,,23.019224999999928,,,8.564099999999968,,,20.34614999999995,,,23.91024999999992,,,9.45512499999996,,,21.237174999999944,,,29.80127499999991,,,15.346149999999952,,,26.237174999999944,,,34.80127499999991,,,15.346149999999952,
36841799000,1789023978681340000,,,,True,visual_video_estimate,,,,,,,,,,,,,,,,,,2.373014999999974,,,13.955024999999956,,,7.373014999999974,,,13.955024999999956,,,22.11904499999992,,,8.164019999999965,,,19.746029999999948,,,22.910049999999913,,,8.955024999999956,,,20.53703499999994,,,28.701054999999904,,,14.746029999999948,,,25.53703499999994,,,33.701054999999904,,,14.746029999999948,
36861799000,1789023978701340000,,,,True,visual_video_estimate,,,,,,,,,,,,,,,,,,2.0730150000000336,,,13.455025000000056,,,7.073015000000034,,,13.455025000000056,,,21.2190450000001,,,7.764020000000045,,,19.146030000000067,,,21.910050000000112,,,8.455025000000056,,,19.83703500000008,,,27.601055000000123,,,14.146030000000067,,,24.83703500000008,,,32.60105500000012,,,14.146030000000067,
36901799000,1789023978741340000,,,,True,visual_video_estimate,,,,,,,,,,,,,,,,,,1.4730150000000464,,,12.455025000000077,,,6.473015000000046,,,12.455025000000077,,,19.41904500000014,,,6.964020000000062,,,17.946030000000093,,,19.910050000000155,,,7.455025000000077,,,18.437035000000108,,,25.40105500000017,,,12.946030000000093,,,23.437035000000108,,,30.40105500000017,,,12.946030000000093,
36941804000,1789023978781345000,,,,True,visual_video_estimate,,,,,,,,,,,,,,,,,,0.8729400000000354,,,11.454900000000059,,,5.872940000000035,,,11.454900000000059,,,17.618820000000106,,,6.163920000000047,,,16.74588000000007,,,17.909800000000118,,,6.454900000000059,,,17.036860000000082,,,23.20078000000013,,,11.74588000000007,,,22.036860000000082,,,28.20078000000013,,,11.74588000000007,
37001804000,1789023978841345000,,,,True,visual_video_estimate,,,,,,,,,,,,,,,,,,0.02705999999999875,,,10.045099999999998,,,5.027059999999999,,,10.045099999999998,,,15.081179999999996,,,5.036079999999998,,,15.054119999999998,,,15.090199999999996,,,5.045099999999998,,,15.063139999999997,,,20.099219999999995,,,10.054119999999998,,,20.063139999999997,,,25.099219999999995,,,10.054119999999998,
37041808000,1789023978881349000,,,,True,visual_video_estimate,,,,,,,,,,,,,,,,,,0.6271200000000476,,,11.04520000000008,,,5.627120000000048,,,11.04520000000008,,,16.881360000000143,,,5.8361600000000635,,,16.254240000000095,,,17.09040000000016,,,6.045200000000079,,,16.46328000000011,,,22.299440000000175,,,11.254240000000095,,,21.46328000000011,,,27.299440000000175,,,11.254240000000095,
37081809000,1789023978921350000,,,,True,visual_video_estimate,,,,,,,,,,,,,,,,,,1.227134999999997,,,12.045224999999995,,,6.227134999999997,,,12.045224999999995,,,18.68140499999999,,,6.636179999999996,,,17.454269999999994,,,19.09044999999999,,,7.045224999999995,,,17.863314999999993,,,24.49949499999999,,,12.454269999999994,,,22.863314999999993,,,29.49949499999999,,,12.454269999999994,
37101809000,1789023978941350000,,,,True,visual_video_estimate,,,,,,,,,,,,,,,,,,1.5271350000000439,,,12.545225000000073,,,6.527135000000044,,,12.545225000000073,,,19.58140500000013,,,7.0361800000000585,,,18.054270000000088,,,20.090450000000146,,,7.545225000000073,,,18.563315000000102,,,25.59949500000016,,,13.054270000000088,,,23.563315000000102,,,30.59949500000016,,,13.054270000000088,
37141813000,1789023978981354000,,,,True,visual_video_estimate,,,,,,,,,,,,,,,,,,2.127194999999986,,,13.545324999999977,,,7.127194999999986,,,13.545324999999977,,,21.38158499999996,,,7.836259999999982,,,19.254389999999972,,,22.090649999999954,,,8.545324999999977,,,19.963454999999968,,,27.79971499999995,,,14.254389999999972,,,24.963454999999968,,,32.79971499999995,,,14.254389999999972,
37181813000,1789023979021354000,,,,True,visual_video_estimate,,,,,,,,,,,,,,,,,,2.7271949999999734,,,14.545324999999956,,,7.727194999999973,,,14.545324999999956,,,23.18158499999992,,,8.636259999999965,,,20.454389999999947,,,24.09064999999991,,,9.545324999999956,,,21.363454999999938,,,29.999714999999902,,,15.454389999999947,,,26.363454999999938,,,34.9997149999999,,,15.454389999999947,
37201813000,1789023979041354000,,,,True,visual_video_estimate,,,,,,,,,,,,,,,,,,3.0271950000000203,,,15.045325000000034,,,8.02719500000002,,,15.045325000000034,,,24.08158500000006,,,9.036260000000027,,,21.05439000000004,,,25.090650000000068,,,10.045325000000034,,,22.063455000000047,,,31.099715000000074,,,16.05439000000004,,,27.063455000000047,,,36.099715000000074,,,16.05439000000004,
37241818000,1789023979081359000,,,,True,visual_video_estimate,,,,,,,,,,,,,,,,,,3.6272700000000313,,,16.045450000000052,,,8.627270000000031,,,16.045450000000052,,,25.881810000000094,,,9.836360000000042,,,22.254540000000063,,,27.090900000000104,,,11.045450000000052,,,23.463630000000073,,,33.299990000000115,,,17.254540000000063,,,28.463630000000073,,,38.299990000000115,,,17.254540000000063,
37281818000,1789023979121359000,,,,True,visual_video_estimate,,,,,,,,,,,,,,,,,,4.2272700000000185,,,17.04545000000003,,,9.227270000000019,,,17.04545000000003,,,27.681810000000056,,,10.636360000000025,,,23.454540000000037,,,29.09090000000006,,,12.04545000000003,,,24.863630000000043,,,35.49999000000007,,,18.454540000000037,,,29.863630000000043,,,40.49999000000007,,,18.454540000000037,
37321822000,1789023979161363000,,,,True,visual_video_estimate,,,,,,,,,,,,,,,,,,4.827329999999961,,,18.045549999999935,,,9.82732999999996,,,18.045549999999935,,,29.481989999999882,,,11.436439999999948,,,24.65465999999992,,,31.09109999999987,,,13.045549999999935,,,26.26376999999991,,,37.700209999999856,,,19.65465999999992,,,31.26376999999991,,,42.700209999999856,,,19.65465999999992,
37361822000,1789023979201363000,,,,True,visual_video_estimate,,,,,,,,,,,,,,,,,,5.427329999999948,,,19.045549999999913,,,10.427329999999948,,,19.045549999999913,,,31.281989999999844,,,12.23643999999993,,,25.854659999999896,,,33.09109999999983,,,14.045549999999913,,,27.66376999999988,,,39.90020999999981,,,20.854659999999896,,,32.66376999999988,,,44.90020999999981,,,20.854659999999896,
37381822000,1789023979221363000,,,,True,visual_video_estimate,,,,,,,,,,,,,,,,,,5.727329999999995,,,19.54554999999999,,,10.727329999999995,,,19.54554999999999,,,32.181989999999985,,,12.636439999999993,,,26.45465999999999,,,34.09109999999998,,,14.545549999999992,,,28.363769999999988,,,41.00020999999998,,,21.45465999999999,,,33.36376999999999,,,46.00020999999998,,,21.45465999999999,
37421827000,1789023979261368000,,,,True,visual_video_estimate,,,,,,,,,,,,,,,,,,6.327405000000006,,,20.54567500000001,,,11.327405000000006,,,20.54567500000001,,,33.98221500000002,,,13.436540000000008,,,27.654810000000012,,,36.09135000000002,,,15.54567500000001,,,29.763945000000014,,,43.20048500000002,,,22.654810000000012,,,34.763945000000014,,,48.20048500000002,,,22.654810000000012,
37461827000,1789023979301368000,,,,True,visual_video_estimate,,,,,,,,,,,,,,,,,,6.927404999999993,,,21.54567499999999,,,11.927404999999993,,,21.54567499999999,,,35.78221499999998,,,14.23653999999999,,,28.854809999999986,,,38.09134999999998,,,16.54567499999999,,,31.163944999999984,,,45.400484999999975,,,23.854809999999986,,,36.163944999999984,,,50.400484999999975,,,23.854809999999986,
37501831000,1789023979341372000,,,,True,visual_video_estimate,,,,,,,,,,,,,,,,,,7.527465000000042,,,22.54577500000007,,,12.527465000000042,,,22.54577500000007,,,37.582395000000126,,,15.036620000000056,,,30.054930000000084,,,40.09155000000014,,,17.54577500000007,,,32.5640850000001,,,47.600705000000154,,,25.054930000000084,,,37.5640850000001,,,52.600705000000154,,,25.054930000000084,
37541832000,1789023979381373000,,,,True,visual_video_estimate,,,,,,,,,,,,,,,,,,8.127479999999991,,,23.545799999999986,,,13.127479999999991,,,23.545799999999986,,,39.382439999999974,,,15.836639999999989,,,31.254959999999983,,,42.09159999999997,,,18.545799999999986,,,33.96411999999998,,,49.80075999999997,,,26.254959999999983,,,38.96411999999998,,,54.80075999999997,,,26.254959999999983,
37561832000,1789023979401373000,,,,True,visual_video_estimate,,,,,,,,,,,,,,,,,,8.427480000000038,,,24.045800000000064,,,13.427480000000038,,,24.045800000000064,,,40.282440000000115,,,16.23664000000005,,,31.854960000000077,,,43.09160000000013,,,19.045800000000064,,,34.66412000000009,,,50.90076000000014,,,26.854960000000077,,,39.66412000000009,,,55.90076000000014,,,26.854960000000077,
37641836000,1789023979481377000,,,,True,visual_video_estimate,,,,,,,,,,,,,,,,,,9.627539999999968,,,26.045899999999946,,,14.627539999999968,,,26.045899999999946,,,43.8826199999999,,,17.836719999999957,,,34.255079999999936,,,47.09179999999989,,,21.045899999999946,,,37.464259999999925,,,55.30097999999988,,,29.255079999999936,,,42.464259999999925,,,60.30097999999988,,,29.255079999999936,
37681836000,1789023979521377000,,,,True,visual_video_estimate,,,,,,,,,,,,,,,,,,10.227539999999955,,,27.045899999999925,,,15.227539999999955,,,27.045899999999925,,,45.682619999999865,,,18.63671999999994,,,35.45507999999991,,,49.09179999999985,,,22.045899999999925,,,38.864259999999895,,,57.500979999999835,,,30.45507999999991,,,43.864259999999895,,,62.500979999999835,,,30.45507999999991,
37701841000,1789023979541382000,,,,True,visual_video_estimate,,,,,,,,,,,,,,,,,,10.527615000000026,,,27.546025000000043,,,15.527615000000026,,,27.546025000000043,,,46.58284500000008,,,19.036820000000034,,,36.05523000000005,,,50.092050000000086,,,22.546025000000043,,,39.56443500000006,,,58.601255000000094,,,31.05523000000005,,,44.56443500000006,,,63.601255000000094,,,31.05523000000005,
37721841000,1789023979561382000,,,,True,visual_video_estimate,,,,,,,,,,,,,,,,,,10.827614999999966,,,28.046024999999943,,,15.827614999999966,,,28.046024999999943,,,47.4828449999999,,,19.436819999999955,,,36.65522999999993,,,51.09204999999989,,,23.046024999999943,,,40.26443499999992,,,59.701254999999875,,,31.655229999999932,,,45.26443499999992,,,64.70125499999988,,,31.655229999999932,
37781845000,1789023979621386000,,,,True,visual_video_estimate,,,,,,,,,,,,,,,,,,11.727674999999955,,,29.546124999999925,,,16.727674999999955,,,29.546124999999925,,,50.183024999999866,,,20.63689999999994,,,38.45534999999991,,,54.09224999999985,,,24.546124999999925,,,42.364574999999896,,,63.001474999999836,,,33.45534999999991,,,47.364574999999896,,,68.00147499999983,,,33.45534999999991,
37821845000,1789023979661386000,,,,True,visual_video_estimate,,,,,,,,,,,,,,,,,,12.327675000000049,,,30.54612500000008,,,17.32767500000005,,,30.54612500000008,,,51.98302500000015,,,21.436900000000065,,,39.6553500000001,,,56.09225000000016,,,25.54612500000008,,,43.764575000000114,,,65.20147500000019,,,34.6553500000001,,,48.764575000000114,,,70.20147500000019,,,34.6553500000001,
37861846000,1789023979701387000,,,,True,visual_video_estimate,,,,,,,,,,,,,,,,,,12.927689999999998,,,31.546149999999997,,,17.92769,,,31.546149999999997,,,53.783069999999995,,,22.236919999999998,,,40.85538,,,58.092299999999994,,,26.546149999999997,,,45.164609999999996,,,67.40153,,,35.85538,,,50.164609999999996,,,72.40153,,,35.85538,
37881850000,1789023979721391000,,,,True,visual_video_estimate,,,,,,,,,,,,,,,,,,13.22775,,,32.04625,,,18.22775,,,32.04625,,,54.68325,,,22.637,,,41.4555,,,59.0925,,,27.04625,,,45.86475,,,68.50175,,,36.4555,,,50.86475,,,73.50175,,,36.4555,
37901850000,1789023979741391000,,,,True,visual_video_estimate,,,,,,,,,,,,,,,,,,13.527750000000047,,,32.54625000000008,,,18.527750000000047,,,32.54625000000008,,,55.58325000000014,,,23.037000000000063,,,42.055500000000094,,,60.09250000000016,,,27.54625000000008,,,46.56475000000011,,,69.60175000000018,,,37.055500000000094,,,51.56475000000011,,,74.60175000000018,,,37.055500000000094,
37961850000,1789023979801391000,,,,True,visual_video_estimate,,,,,,,,,,,,,,,,,,14.427749999999975,,,34.04624999999996,,,19.427749999999975,,,34.04624999999996,,,58.283249999999924,,,24.236999999999966,,,43.85549999999995,,,63.092499999999916,,,29.046249999999958,,,48.66474999999994,,,72.90174999999991,,,38.85549999999995,,,53.66474999999994,,,77.90174999999991,,,38.85549999999995,
38001855000,1789023979841396000,,,,True,visual_video_estimate,,,,,,,,,,,,,,,,,,14.972175000000014,,,34.953625000000024,,,19.972175000000014,,,34.953625000000024,,,59.91652500000004,,,24.96290000000002,,,44.94435000000003,,,64.90725000000005,,,29.953625000000024,,,49.93507500000003,,,74.89797500000006,,,39.94435000000003,,,54.93507500000003,,,79.89797500000006,,,39.94435000000003,
38041855000,1789023979881396000,,,,True,visual_video_estimate,,,,,,,,,,,,,,,,,,14.372175000000027,,,33.953625000000045,,,19.372175000000027,,,33.953625000000045,,,58.11652500000008,,,24.162900000000036,,,43.744350000000054,,,62.90725000000009,,,28.953625000000045,,,48.53507500000006,,,72.6979750000001,,,38.744350000000054,,,53.53507500000006,,,77.6979750000001,,,38.744350000000054,
38061855000,1789023979901396000,,,,True,visual_video_estimate,,,,,,,,,,,,,,,,,,14.07217499999998,,,33.45362499999997,,,19.07217499999998,,,33.45362499999997,,,57.21652499999994,,,23.762899999999973,,,43.14434999999996,,,61.907249999999934,,,28.453624999999967,,,47.835074999999954,,,71.59797499999993,,,38.14434999999996,,,52.835074999999954,,,76.59797499999993,,,38.14434999999996,
38101859000,1789023979941400000,,,,True,visual_video_estimate,,,,,,,,,,,,,,,,,,13.472115000000038,,,32.45352500000006,,,18.472115000000038,,,32.45352500000006,,,55.41634500000011,,,22.96282000000005,,,41.944230000000076,,,59.907050000000126,,,27.453525000000063,,,46.43493500000009,,,69.39775500000013,,,36.944230000000076,,,51.43493500000009,,,74.39775500000013,,,36.944230000000076,
38141859000,1789023979981400000,,,,True,visual_video_estimate,,,,,,,,,,,,,,,,,,12.87211500000005,,,31.453525000000084,,,17.87211500000005,,,31.453525000000084,,,53.61634500000015,,,22.162820000000067,,,40.7442300000001,,,57.90705000000017,,,26.453525000000084,,,45.03493500000012,,,67.19775500000019,,,35.7442300000001,,,50.03493500000012,,,72.19775500000019,,,35.7442300000001,
38181864000,1789023980021405000,,,,True,visual_video_estimate,,,,,,,,,,,,,,,,,,12.27204000000004,,,30.453400000000066,,,17.27204000000004,,,30.453400000000066,,,51.81612000000012,,,21.362720000000053,,,39.54408000000008,,,55.90680000000013,,,25.453400000000066,,,43.63476000000009,,,64.99748000000014,,,34.54408000000008,,,48.63476000000009,,,69.99748000000014,,,34.54408000000008,
38201864000,1789023980041405000,,,,True,visual_video_estimate,,,,,,,,,,,,,,,,,,11.972039999999993,,,29.953399999999988,,,16.972039999999993,,,29.953399999999988,,,50.91611999999998,,,20.96271999999999,,,38.944079999999985,,,54.906799999999976,,,24.953399999999988,,,42.93475999999998,,,63.89747999999997,,,33.944079999999985,,,47.93475999999998,,,68.89747999999997,,,33.944079999999985,
38221864000,1789023980061405000,,,,True,visual_video_estimate,,,,,,,,,,,,,,,,,,11.672040000000052,,,29.453400000000087,,,16.672040000000052,,,29.453400000000087,,,50.01612000000016,,,20.56272000000007,,,38.344080000000105,,,53.906800000000175,,,24.453400000000087,,,42.23476000000012,,,62.79748000000019,,,33.344080000000105,,,47.23476000000012,,,67.79748000000019,,,33.344080000000105,
38281869000,1789023980121410000,,,,True,visual_video_estimate,,,,,,,,,,,,,,,,,,10.771964999999994,,,27.95327499999999,,,15.771964999999994,,,27.95327499999999,,,47.31589499999998,,,19.362619999999993,,,36.54392999999999,,,50.90654999999998,,,22.95327499999999,,,40.13458499999999,,,59.49720499999998,,,31.54392999999999,,,45.13458499999999,,,64.49720499999998,,,31.54392999999999,
38321869000,1789023980161410000,,,,True,visual_video_estimate,,,,,,,,,,,,,,,,,,10.171965000000007,,,26.953275000000012,,,15.171965000000007,,,26.953275000000012,,,45.51589500000002,,,18.56262000000001,,,35.343930000000015,,,48.906550000000024,,,21.953275000000012,,,38.73458500000002,,,57.29720500000003,,,30.343930000000015,,,43.73458500000002,,,62.29720500000003,,,30.343930000000015,
38361873000,1789023980201414000,,,,True,visual_video_estimate,,,,,,,,,,,,,,,,,,9.571904999999958,,,25.95317499999993,,,14.571904999999958,,,25.95317499999993,,,43.715714999999875,,,17.762539999999944,,,34.14380999999992,,,46.90634999999986,,,20.95317499999993,,,37.3344449999999,,,55.09698499999985,,,29.143809999999917,,,42.3344449999999,,,60.09698499999985,,,29.143809999999917,
38401873000,1789023980241414000,,,,True,visual_video_estimate,,,,,,,,,,,,,,,,,,8.971904999999971,,,24.953174999999952,,,13.971904999999971,,,24.953174999999952,,,41.91571499999991,,,16.96253999999996,,,32.94380999999994,,,44.906349999999904,,,19.953174999999952,,,35.93444499999993,,,52.896984999999894,,,27.943809999999942,,,40.93444499999993,,,57.896984999999894,,,27.943809999999942,
38421873000,1789023980261414000,,,,True,visual_video_estimate,,,,,,,,,,,,,,,,,,8.67190500000003,,,24.45317500000005,,,13.67190500000003,,,24.45317500000005,,,41.01571500000009,,,16.56254000000004,,,32.34381000000006,,,43.9063500000001,,,19.45317500000005,,,35.23444500000007,,,51.79698500000011,,,27.34381000000006,,,40.23444500000007,,,56.79698500000011,,,27.34381000000006,
38461878000,1789023980301419000,,,,True,visual_video_estimate,,,,,,,,,,,,,,,,,,8.07183000000002,,,23.453050000000033,,,13.07183000000002,,,23.453050000000033,,,39.21549000000006,,,15.762440000000026,,,31.14366000000004,,,41.906100000000066,,,18.453050000000033,,,33.834270000000046,,,49.59671000000007,,,26.14366000000004,,,38.834270000000046,,,54.59671000000007,,,26.14366000000004,
38501878000,1789023980341419000,,,,True,visual_video_estimate,,,,,,,,,,,,,,,,,,7.471830000000033,,,22.453050000000054,,,12.471830000000033,,,22.453050000000054,,,37.4154900000001,,,14.962440000000043,,,29.943660000000065,,,39.90610000000011,,,17.453050000000054,,,32.434270000000076,,,47.39671000000012,,,24.943660000000065,,,37.434270000000076,,,52.39671000000012,,,24.943660000000065,
38541882000,1789023980381423000,,,,True,visual_video_estimate,,,,,,,,,,,,,,,,,,6.871769999999984,,,21.452949999999973,,,11.871769999999984,,,21.452949999999973,,,35.61530999999995,,,14.162359999999978,,,28.743539999999967,,,37.905899999999946,,,16.452949999999973,,,31.034129999999962,,,45.19648999999994,,,23.743539999999967,,,36.03412999999996,,,50.19648999999994,,,23.743539999999967,
38581882000,1789023980421423000,,,,True,visual_video_estimate,,,,,,,,,,,,,,,,,,6.2717699999999965,,,20.452949999999994,,,11.271769999999997,,,20.452949999999994,,,33.81530999999999,,,13.362359999999995,,,27.543539999999993,,,35.90589999999999,,,15.452949999999994,,,29.634129999999992,,,42.99648999999999,,,22.543539999999993,,,34.63412999999999,,,47.99648999999999,,,22.543539999999993,
38641887000,1789023980481428000,,,,True,visual_video_estimate,,,,,,,,,,,,,,,,,,5.371695000000045,,,18.952825000000075,,,10.371695000000045,,,18.952825000000075,,,31.115085000000136,,,12.16226000000006,,,25.74339000000009,,,32.90565000000015,,,13.952825000000075,,,27.533955000000105,,,39.696215000000166,,,20.74339000000009,,,32.533955000000105,,,44.696215000000166,,,20.74339000000009,
38681887000,1789023980521428000,,,,True,visual_video_estimate,,,,,,,,,,,,,,,,,,4.771694999999951,,,17.95282499999992,,,9.771694999999951,,,17.95282499999992,,,29.315084999999854,,,11.362259999999935,,,24.543389999999903,,,30.905649999999838,,,12.952824999999919,,,26.133954999999887,,,37.49621499999982,,,19.543389999999903,,,31.133954999999887,,,42.49621499999982,,,19.543389999999903,
38721887000,1789023980561428000,,,,True,visual_video_estimate,,,,,,,,,,,,,,,,,,4.171694999999964,,,16.95282499999994,,,9.171694999999964,,,16.95282499999994,,,27.515084999999893,,,10.562259999999952,,,23.34338999999993,,,28.90564999999988,,,11.95282499999994,,,24.733954999999916,,,35.29621499999987,,,18.34338999999993,,,29.733954999999916,,,40.29621499999987,,,18.34338999999993,
38741892000,1789023980581433000,,,,True,visual_video_estimate,,,,,,,,,,,,,,,,,,3.87162,,,16.4527,,,8.87162,,,16.4527,,,26.61486,,,10.16216,,,22.74324,,,27.9054,,,11.4527,,,24.03378,,,34.19594,,,17.74324,,,29.03378,,,39.19594,,,17.74324,
38761892000,1789023980601433000,,,,True,visual_video_estimate,,,,,,,,,,,,,,,,,,3.571619999999953,,,15.952699999999922,,,8.571619999999953,,,15.952699999999922,,,25.71485999999986,,,9.762159999999938,,,22.143239999999906,,,26.905399999999844,,,10.952699999999922,,,23.33377999999989,,,33.09593999999983,,,17.143239999999906,,,28.33377999999989,,,38.09593999999983,,,17.143239999999906,
38821896000,1789023980661437000,,,,True,visual_video_estimate,,,,,,,,,,,,,,,,,,2.671559999999964,,,14.45259999999994,,,7.671559999999964,,,14.45259999999994,,,23.014679999999892,,,8.562079999999952,,,20.343119999999928,,,23.90519999999988,,,9.45259999999994,,,21.233639999999916,,,29.795719999999868,,,15.343119999999928,,,26.233639999999916,,,34.79571999999987,,,15.343119999999928,
38861896000,1789023980701437000,,,,True,visual_video_estimate,,,,,,,,,,,,,,,,,,2.0715599999999768,,,13.452599999999961,,,7.071559999999977,,,13.452599999999961,,,21.21467999999993,,,7.762079999999969,,,19.143119999999954,,,21.905199999999923,,,8.452599999999961,,,19.833639999999946,,,27.595719999999915,,,14.143119999999954,,,24.833639999999946,,,32.595719999999915,,,14.143119999999954,
38881896000,1789023980721437000,,,,True,visual_video_estimate,,,,,,,,,,,,,,,,,,1.7715600000000364,,,12.95260000000006,,,6.771560000000036,,,12.95260000000006,,,20.31468000000011,,,7.362080000000049,,,18.543120000000073,,,20.90520000000012,,,7.952600000000061,,,19.133640000000085,,,26.495720000000134,,,13.543120000000073,,,24.133640000000085,,,31.495720000000134,,,13.543120000000073,
38901896000,1789023980741437000,,,,True,visual_video_estimate,,,,,,,,,,,,,,,,,,1.4715599999999895,,,12.452599999999983,,,6.4715599999999895,,,12.452599999999983,,,19.41467999999997,,,6.962079999999986,,,17.94311999999998,,,19.905199999999965,,,7.452599999999983,,,18.433639999999976,,,25.39571999999996,,,12.943119999999979,,,23.433639999999976,,,30.39571999999996,,,12.943119999999979,
38961901000,1789023980801442000,,,,True,visual_video_estimate,,,,,,,,,,,,,,,,,,0.5714850000000382,,,10.952475000000064,,,5.571485000000038,,,10.952475000000064,,,16.714455000000115,,,5.761980000000051,,,16.142970000000076,,,16.904950000000127,,,5.952475000000064,,,16.33346500000009,,,22.09544500000014,,,11.142970000000076,,,21.33346500000009,,,27.09544500000014,,,11.142970000000076,
39001901000,1789023980841442000,,,,True,visual_video_estimate,,,,,,,,,,,,,,,,,,0.028514999999948998,,,10.047524999999915,,,5.028514999999949,,,10.047524999999915,,,15.085544999999847,,,5.038019999999932,,,15.057029999999898,,,15.09504999999983,,,5.047524999999915,,,15.066534999999881,,,20.104554999999813,,,10.057029999999898,,,20.06653499999988,,,25.104554999999813,,,10.057029999999898,
39041906000,1789023980881447000,,,,True,visual_video_estimate,,,,,,,,,,,,,,,,,,0.62858999999996,,,11.047649999999933,,,5.62858999999996,,,11.047649999999933,,,16.88576999999988,,,5.838119999999947,,,16.25717999999992,,,17.095299999999867,,,6.047649999999933,,,16.466709999999907,,,22.304829999999853,,,11.25717999999992,,,21.466709999999907,,,27.304829999999853,,,11.25717999999992,
39081906000,1789023980921447000,,,,True,visual_video_estimate,,,,,,,,,,,,,,,,,,1.2285899999999472,,,12.047649999999912,,,6.228589999999947,,,12.047649999999912,,,18.68576999999984,,,6.63811999999993,,,17.457179999999894,,,19.095299999999824,,,7.047649999999912,,,17.866709999999877,,,24.504829999999806,,,12.457179999999894,,,22.866709999999877,,,29.504829999999806,,,12.457179999999894,
39121910000,1789023980961451000,,,,True,visual_video_estimate,,,,,,,,,,,,,,,,,,1.8286499999999961,,,13.047749999999994,,,6.828649999999996,,,13.047749999999994,,,20.48594999999999,,,7.438199999999995,,,18.657299999999992,,,21.095499999999987,,,8.047749999999994,,,19.26684999999999,,,26.705049999999986,,,13.657299999999992,,,24.26684999999999,,,31.705049999999986,,,13.657299999999992,
39141910000,1789023980981451000,,,,True,visual_video_estimate,,,,,,,,,,,,,,,,,,2.128650000000043,,,13.547750000000072,,,7.128650000000043,,,13.547750000000072,,,21.38595000000013,,,7.838200000000057,,,19.257300000000086,,,22.095500000000143,,,8.547750000000072,,,19.9668500000001,,,27.805050000000158,,,14.257300000000086,,,24.9668500000001,,,32.80505000000016,,,14.257300000000086,
39201915000,1789023981041456000,,,,True,visual_video_estimate,,,,,,,,,,,,,,,,,,3.0287249999999943,,,15.04787499999999,,,8.028724999999994,,,15.04787499999999,,,24.086174999999983,,,9.038299999999992,,,21.05744999999999,,,25.09574999999998,,,10.04787499999999,,,22.067024999999987,,,31.10532499999998,,,16.05744999999999,,,27.067024999999987,,,36.10532499999998,,,16.05744999999999,
39221915000,1789023981061456000,,,,True,visual_video_estimate,,,,,,,,,,,,,,,,,,3.3287250000000412,,,15.547875000000069,,,8.328725000000041,,,15.547875000000069,,,24.986175000000124,,,9.438300000000055,,,21.657450000000082,,,26.095750000000137,,,10.547875000000069,,,22.767025000000096,,,32.20532500000015,,,16.657450000000082,,,27.767025000000096,,,37.20532500000015,,,16.657450000000082,
39261915000,1789023981101456000,,,,True,visual_video_estimate,,,,,,,,,,,,,,,,,,3.9287250000000284,,,16.547875000000047,,,8.928725000000028,,,16.547875000000047,,,26.786175000000085,,,10.238300000000038,,,22.857450000000057,,,28.095750000000095,,,11.547875000000047,,,24.167025000000066,,,34.405325000000104,,,17.857450000000057,,,29.167025000000066,,,39.405325000000104,,,17.857450000000057,
39301919000,1789023981141460000,,,,True,visual_video_estimate,,,,,,,,,,,,,,,,,,4.528784999999971,,,17.54797499999995,,,9.52878499999997,,,17.54797499999995,,,28.586354999999912,,,11.038379999999961,,,24.05756999999994,,,30.095949999999903,,,12.547974999999951,,,25.56716499999993,,,36.60554499999989,,,19.05756999999994,,,30.56716499999993,,,41.60554499999989,,,19.05756999999994,
39361919000,1789023981201460000,,,,True,visual_video_estimate,,,,,,,,,,,,,,,,,,5.428785000000005,,,19.047975000000008,,,10.428785000000005,,,19.047975000000008,,,31.286355000000015,,,12.238380000000006,,,25.85757000000001,,,33.095950000000016,,,14.047975000000008,,,27.66716500000001,,,39.90554500000002,,,20.85757000000001,,,32.66716500000001,,,44.90554500000002,,,20.85757000000001,
39381920000,1789023981221461000,,,,True,visual_video_estimate,,,,,,,,,,,,,,,,,,5.728800000000014,,,19.548000000000023,,,10.728800000000014,,,19.548000000000023,,,32.18640000000004,,,12.638400000000019,,,26.457600000000028,,,34.096000000000046,,,14.548000000000023,,,28.367200000000032,,,41.00560000000005,,,21.457600000000028,,,33.36720000000003,,,46.00560000000005,,,21.457600000000028,
39421924000,1789023981261465000,,,,True,visual_video_estimate,,,,,,,,,,,,,,,,,,6.328859999999956,,,20.548099999999927,,,11.328859999999956,,,20.548099999999927,,,33.98657999999987,,,13.438479999999942,,,27.657719999999912,,,36.096199999999854,,,15.548099999999927,,,29.767339999999898,,,43.20581999999984,,,22.657719999999912,,,34.7673399999999,,,48.20581999999984,,,22.657719999999912,
39461924000,1789023981301465000,,,,True,visual_video_estimate,,,,,,,,,,,,,,,,,,6.92886000000005,,,21.548100000000083,,,11.92886000000005,,,21.548100000000083,,,35.78658000000015,,,14.238480000000067,,,28.8577200000001,,,38.09620000000017,,,16.548100000000083,,,31.167340000000117,,,45.40582000000018,,,23.8577200000001,,,36.16734000000012,,,50.40582000000018,,,23.8577200000001,
39501929000,1789023981341470000,,,,True,visual_video_estimate,,,,,,,,,,,,,,,,,,7.528934999999954,,,22.548224999999924,,,12.528934999999954,,,22.548224999999924,,,37.58680499999986,,,15.03857999999994,,,30.05786999999991,,,40.09644999999985,,,17.548224999999924,,,32.567514999999894,,,47.60609499999983,,,25.05786999999991,,,37.567514999999894,,,52.60609499999983,,,25.05786999999991,
39541929000,1789023981381470000,,,,True,visual_video_estimate,,,,,,,,,,,,,,,,,,8.128935000000048,,,23.54822500000008,,,13.128935000000048,,,23.54822500000008,,,39.386805000000145,,,15.838580000000064,,,31.257870000000096,,,42.09645000000016,,,18.54822500000008,,,33.96751500000011,,,49.80609500000018,,,26.257870000000096,,,38.96751500000011,,,54.80609500000018,,,26.257870000000096,
39581933000,1789023981421474000,,,,True,visual_video_estimate,,,,,,,,,,,,,,,,,,8.72899499999999,,,24.548324999999984,,,13.72899499999999,,,24.548324999999984,,,41.18698499999997,,,16.638659999999987,,,32.45798999999998,,,44.09664999999997,,,19.548324999999984,,,35.36765499999998,,,52.006314999999965,,,27.45798999999998,,,40.36765499999998,,,57.006314999999965,,,27.45798999999998,
39641933000,1789023981481474000,,,,True,visual_video_estimate,,,,,,,,,,,,,,,,,,9.628995000000025,,,26.04832500000004,,,14.628995000000025,,,26.04832500000004,,,43.886985000000074,,,17.838660000000033,,,34.25799000000005,,,47.09665000000008,,,21.04832500000004,,,37.46765500000006,,,55.30631500000009,,,29.25799000000005,,,42.46765500000006,,,60.30631500000009,,,29.25799000000005,
39661933000,1789023981501474000,,,,True,visual_video_estimate,,,,,,,,,,,,,,,,,,9.928994999999965,,,26.54832499999994,,,14.928994999999965,,,26.54832499999994,,,44.786984999999895,,,18.238659999999953,,,34.85798999999993,,,48.09664999999988,,,21.54832499999994,,,38.16765499999992,,,56.40631499999987,,,29.85798999999993,,,43.16765499999992,,,61.40631499999987,,,29.85798999999993,
39681938000,1789023981521479000,,,,True,visual_video_estimate,,,,,,,,,,,,,,,,,,10.229070000000036,,,27.04845000000006,,,15.229070000000036,,,27.04845000000006,,,45.68721000000011,,,18.638760000000048,,,35.45814000000007,,,49.09690000000012,,,22.04845000000006,,,38.86783000000008,,,57.50659000000013,,,30.45814000000007,,,43.86783000000008,,,62.50659000000013,,,30.45814000000007,
39721938000,1789023981561479000,,,,True,visual_video_estimate,,,,,,,,,,,,,,,,,,10.829070000000023,,,28.048450000000038,,,15.829070000000023,,,28.048450000000038,,,47.48721000000007,,,19.43876000000003,,,36.658140000000046,,,51.096900000000076,,,23.048450000000038,,,40.26783000000005,,,59.706590000000084,,,31.658140000000046,,,45.26783000000005,,,64.70659000000009,,,31.658140000000046,
39761938000,1789023981601479000,,,,True,visual_video_estimate,,,,,,,,,,,,,,,,,,11.42907000000001,,,29.048450000000017,,,16.42907000000001,,,29.048450000000017,,,49.28721000000003,,,20.238760000000013,,,37.85814000000002,,,53.09690000000003,,,24.048450000000017,,,41.66783000000002,,,61.90659000000004,,,32.85814000000002,,,46.66783000000002,,,66.90659000000004,,,32.85814000000002,
39821943000,1789023981661484000,,,,True,visual_video_estimate,,,,,,,,,,,,,,,,,,12.329144999999961,,,30.548574999999936,,,17.32914499999996,,,30.548574999999936,,,51.987434999999884,,,21.43885999999995,,,39.65828999999992,,,56.09714999999987,,,25.548574999999936,,,43.76800499999991,,,65.20686499999985,,,34.65828999999992,,,48.76800499999991,,,70.20686499999985,,,34.65828999999992,
39861943000,1789023981701484000,,,,True,visual_video_estimate,,,,,,,,,,,,,,,,,,12.929144999999949,,,31.548574999999914,,,17.92914499999995,,,31.548574999999914,,,53.787434999999846,,,22.23885999999993,,,40.8582899999999,,,58.09714999999983,,,26.548574999999914,,,45.16800499999988,,,67.40686499999981,,,35.8582899999999,,,50.16800499999988,,,72.40686499999981,,,35.8582899999999,
39881947000,1789023981721488000,,,,True,visual_video_estimate,,,,,,,,,,,,,,,,,,13.22920499999995,,,32.04867499999992,,,18.22920499999995,,,32.04867499999992,,,54.68761499999985,,,22.638939999999934,,,41.4584099999999,,,59.097349999999835,,,27.048674999999918,,,45.868144999999885,,,68.50708499999982,,,36.4584099999999,,,50.868144999999885,,,73.50708499999982,,,36.4584099999999,
39921947000,1789023981761488000,,,,True,visual_video_estimate,,,,,,,,,,,,,,,,,,13.829205000000044,,,33.048675000000074,,,18.829205000000044,,,33.048675000000074,,,56.48761500000013,,,23.43894000000006,,,42.65841000000009,,,61.09735000000015,,,28.048675000000074,,,47.2681450000001,,,70.70708500000016,,,37.65841000000009,,,52.2681450000001,,,75.70708500000016,,,37.65841000000009,
39961952000,1789023981801493000,,,,True,visual_video_estimate,,,,,,,,,,,,,,,,,,14.429279999999949,,,34.048799999999915,,,19.42927999999995,,,34.048799999999915,,,58.287839999999846,,,24.23903999999993,,,43.8585599999999,,,63.09759999999983,,,29.048799999999915,,,48.66831999999988,,,72.90735999999981,,,38.8585599999999,,,53.66831999999988,,,77.90735999999981,,,38.8585599999999,
40001952000,1789023981841493000,,,,True,visual_video_estimate,,,,,,,,,,,,,,,,,,15,,,35,,,20,,,35,,,60,,,25,,,45,,,65,,,30,,,50,,,75,,,40,,,55,,,80,,,40,
40021952000,1789023981861493000,,,,True,visual_video_estimate,,,,,,,,,,,,,,,,,,15,,,35,,,20,,,35,,,60,,,25,,,45,,,65,,,30,,,50,,,75,,,40,,,55,,,80,,,40,
40061956000,1789023981901497000,,,,True,visual_video_estimate,,,,,,,,,,,,,,,,,,15,,,35,,,20,,,35,,,60,,,25,,,45,,,65,,,30,,,50,,,75,,,40,,,55,,,80,,,40,
40081956000,1789023981921497000,,,,True,visual_video_estimate,,,,,,,,,,,,,,,,,,15,,,35,,,20,,,35,,,60,,,25,,,45,,,65,,,30,,,50,,,75,,,40,,,55,,,80,,,40,
40141957000,1789023981981498000,,,,True,visual_video_estimate,,,,,,,,,,,,,,,,,,15,,,35,,,20,,,35,,,60,,,25,,,45,,,65,,,30,,,50,,,75,,,40,,,55,,,80,,,40,
40181961000,1789023982021502000,,,,True,visual_video_estimate,,,,,,,,,,,,,,,,,,15,,,35,,,20,,,35,,,60,,,25,,,45,,,65,,,30,,,50,,,75,,,40,,,55,,,80,,,40,
40201961000,1789023982041502000,,,,True,visual_video_estimate,,,,,,,,,,,,,,,,,,15,,,35,,,20,,,35,,,60,,,25,,,45,,,65,,,30,,,50,,,75,,,40,,,55,,,80,,,40,
40241966000,1789023982081507000,,,,True,visual_video_estimate,,,,,,,,,,,,,,,,,,15,,,35,,,20,,,35,,,60,,,25,,,45,,,65,,,30,,,50,,,75,,,40,,,55,,,80,,,40,
40281966000,1789023982121507000,,,,True,visual_video_estimate,,,,,,,,,,,,,,,,,,15,,,35,,,20,,,35,,,60,,,25,,,45,,,65,,,30,,,50,,,75,,,40,,,55,,,80,,,40,
40321966000,1789023982161507000,,,,True,visual_video_estimate,,,,,,,,,,,,,,,,,,15,,,35,,,20,,,35,,,60,,,25,,,45,,,65,,,30,,,50,,,75,,,40,,,55,,,80,,,40,
40361970000,1789023982201511000,,,,True,visual_video_estimate,,,,,,,,,,,,,,,,,,15,,,35,,,20,,,35,,,60,,,25,,,45,,,65,,,30,,,50,,,75,,,40,,,55,,,80,,,40,
40401970000,1789023982241511000,,,,True,visual_video_estimate,,,,,,,,,,,,,,,,,,15,,,35,,,20,,,35,,,60,,,25,,,45,,,65,,,30,,,50,,,75,,,40,,,55,,,80,,,40,
40421970000,1789023982261511000,,,,True,visual_video_estimate,,,,,,,,,,,,,,,,,,15,,,35,,,20,,,35,,,60,,,25,,,45,,,65,,,30,,,50,,,75,,,40,,,55,,,80,,,40,
40441975000,1789023982281516000,,,,True,visual_video_estimate,,,,,,,,,,,,,,,,,,15,,,35,,,20,,,35,,,60,,,25,,,45,,,65,,,30,,,50,,,75,,,40,,,55,,,80,,,40,
40501975000,1789023982341516000,,,,True,visual_video_estimate,,,,,,,,,,,,,,,,,,15,,,35,,,20,,,35,,,60,,,25,,,45,,,65,,,30,,,50,,,75,,,40,,,55,,,80,,,40,
40541979000,1789023982381520000,,,,True,visual_video_estimate,,,,,,,,,,,,,,,,,,15,,,35,,,20,,,35,,,60,,,25,,,45,,,65,,,30,,,50,,,75,,,40,,,55,,,80,,,40,
40581980000,1789023982421521000,,,,True,visual_video_estimate,,,,,,,,,,,,,,,,,,15,,,35,,,20,,,35,,,60,,,25,,,45,,,65,,,30,,,50,,,75,,,40,,,55,,,80,,,40,
40641984000,1789023982481525000,,,,True,visual_video_estimate,,,,,,,,,,,,,,,,,,15,,,35,,,20,,,35,,,60,,,25,,,45,,,65,,,30,,,50,,,75,,,40,,,55,,,80,,,40,
40681984000,1789023982521525000,,,,True,visual_video_estimate,,,,,,,,,,,,,,,,,,15,,,35,,,20,,,35,,,60,,,25,,,45,,,65,,,30,,,50,,,75,,,40,,,55,,,80,,,40,
40701984000,1789023982541525000,,,,True,visual_video_estimate,,,,,,,,,,,,,,,,,,15,,,35,,,20,,,35,,,60,,,25,,,45,,,65,,,30,,,50,,,75,,,40,,,55,,,80,,,40,
40721989000,1789023982561530000,,,,True,visual_video_estimate,,,,,,,,,,,,,,,,,,15,,,35,,,20,,,35,,,60,,,25,,,45,,,65,,,30,,,50,,,75,,,40,,,55,,,80,,,40,
40781989000,1789023982621530000,,,,True,visual_video_estimate,,,,,,,,,,,,,,,,,,15,,,35,,,20,,,35,,,60,,,25,,,45,,,65,,,30,,,50,,,75,,,40,,,55,,,80,,,40,
40821993000,1789023982661534000,,,,True,visual_video_estimate,,,,,,,,,,,,,,,,,,15,,,35,,,20,,,35,,,60,,,25,,,45,,,65,,,30,,,50,,,75,,,40,,,55,,,80,,,40,
40841993000,1789023982681534000,,,,True,visual_video_estimate,,,,,,,,,,,,,,,,,,15,,,35,,,20,,,35,,,60,,,25,,,45,,,65,,,30,,,50,,,75,,,40,,,55,,,80,,,40,
40861993000,1789023982701534000,,,,True,visual_video_estimate,,,,,,,,,,,,,,,,,,15,,,35,,,20,,,35,,,60,,,25,,,45,,,65,,,30,,,50,,,75,,,40,,,55,,,80,,,40,
40921998000,1789023982761539000,,,,True,visual_video_estimate,,,,,,,,,,,,,,,,,,15,,,35,,,20,,,35,,,60,,,25,,,45,,,65,,,30,,,50,,,75,,,40,,,55,,,80,,,40,
40961998000,1789023982801539000,,,,True,visual_video_estimate,,,,,,,,,,,,,,,,,,15,,,35,,,20,,,35,,,60,,,25,,,45,,,65,,,30,,,50,,,75,,,40,,,55,,,80,,,40,
41002002000,1789023982841543000,,,,True,visual_video_estimate,,,,,,,,,,,,,,,,,,14.969970000000039,,,34.949950000000065,,,19.96997000000004,,,34.949950000000065,,,59.90991000000012,,,24.959960000000052,,,44.93994000000008,,,64.89990000000013,,,29.949950000000065,,,49.92993000000009,,,74.88989000000015,,,39.93994000000008,,,54.92993000000009,,,79.88989000000015,,,39.93994000000008,
41022003000,1789023982861544000,,,,True,visual_video_estimate,,,,,,,,,,,,,,,,,,14.66995500000003,,,34.44992500000005,,,19.66995500000003,,,34.44992500000005,,,59.00986500000009,,,24.55994000000004,,,44.33991000000006,,,63.8998500000001,,,29.44992500000005,,,49.22989500000007,,,73.78983500000011,,,39.33991000000006,,,54.22989500000007,,,78.78983500000011,,,39.33991000000006,
41042003000,1789023982881544000,,,,True,visual_video_estimate,,,,,,,,,,,,,,,,,,14.369954999999983,,,33.94992499999997,,,19.369954999999983,,,33.94992499999997,,,58.10986499999995,,,24.159939999999978,,,43.739909999999966,,,62.899849999999944,,,28.949924999999972,,,48.52989499999996,,,72.68983499999993,,,38.739909999999966,,,53.52989499999996,,,77.68983499999993,,,38.739909999999966,
41102007000,1789023982941548000,,,,True,visual_video_estimate,,,,,,,,,,,,,,,,,,13.469894999999994,,,32.44982499999999,,,18.469894999999994,,,32.44982499999999,,,55.40968499999998,,,22.959859999999992,,,41.93978999999999,,,59.89964999999998,,,27.44982499999999,,,46.429754999999986,,,69.38961499999998,,,36.93978999999999,,,51.429754999999986,,,74.38961499999998,,,36.93978999999999,
41142007000,1789023982981548000,,,,True,visual_video_estimate,,,,,,,,,,,,,,,,,,12.869895000000007,,,31.44982500000001,,,17.869895000000007,,,31.44982500000001,,,53.60968500000002,,,22.15986000000001,,,40.73979000000001,,,57.89965000000002,,,26.44982500000001,,,45.029755000000016,,,67.18961500000003,,,35.73979000000001,,,50.029755000000016,,,72.18961500000003,,,35.73979000000001,
41182007000,1789023983021548000,,,,True,visual_video_estimate,,,,,,,,,,,,,,,,,,12.26989500000002,,,30.449825000000033,,,17.26989500000002,,,30.449825000000033,,,51.80968500000006,,,21.359860000000026,,,39.53979000000004,,,55.899650000000065,,,25.449825000000033,,,43.629755000000046,,,64.98961500000007,,,34.53979000000004,,,48.629755000000046,,,69.98961500000007,,,34.53979000000004,
41202012000,1789023983041553000,,,,True,visual_video_estimate,,,,,,,,,,,,,,,,,,11.969819999999949,,,29.949699999999915,,,16.96981999999995,,,29.949699999999915,,,50.90945999999985,,,20.959759999999932,,,38.9396399999999,,,54.89939999999983,,,24.949699999999915,,,42.92957999999988,,,63.88933999999981,,,33.9396399999999,,,47.92957999999988,,,68.8893399999998,,,33.9396399999999,
41242012000,1789023983081553000,,,,True,visual_video_estimate,,,,,,,,,,,,,,,,,,11.369819999999962,,,28.949699999999936,,,16.36981999999996,,,28.949699999999936,,,49.109459999999885,,,20.15975999999995,,,37.73963999999992,,,52.89939999999987,,,23.949699999999936,,,41.52957999999991,,,61.68933999999986,,,32.73963999999992,,,46.52957999999991,,,66.68933999999986,,,32.73963999999992,
41262012000,1789023983101553000,,,,True,visual_video_estimate,,,,,,,,,,,,,,,,,,11.069820000000021,,,28.449700000000036,,,16.06982000000002,,,28.449700000000036,,,48.209460000000064,,,19.75976000000003,,,37.13964000000004,,,51.89940000000007,,,23.449700000000036,,,40.82958000000005,,,60.58934000000008,,,32.13964000000004,,,45.82958000000005,,,65.58934000000008,,,32.13964000000004,
41322017000,1789023983161558000,,,,True,visual_video_estimate,,,,,,,,,,,,,,,,,,10.169744999999963,,,26.94957499999994,,,15.169744999999963,,,26.94957499999994,,,45.50923499999989,,,18.55965999999995,,,35.33948999999993,,,48.89914999999988,,,21.94957499999994,,,38.729404999999915,,,57.289064999999866,,,30.339489999999927,,,43.729404999999915,,,62.289064999999866,,,30.339489999999927,
41362017000,1789023983201558000,,,,True,visual_video_estimate,,,,,,,,,,,,,,,,,,9.569744999999976,,,25.94957499999996,,,14.569744999999976,,,25.94957499999996,,,43.70923499999993,,,17.75965999999997,,,34.13948999999995,,,46.89914999999992,,,20.94957499999996,,,37.329404999999944,,,55.08906499999991,,,29.139489999999952,,,42.329404999999944,,,60.08906499999991,,,29.139489999999952,
41402021000,1789023983241562000,,,,True,visual_video_estimate,,,,,,,,,,,,,,,,,,8.969685000000034,,,24.949475000000056,,,13.969685000000034,,,24.949475000000056,,,41.9090550000001,,,16.959580000000045,,,32.93937000000007,,,44.89895000000011,,,19.949475000000056,,,35.92926500000008,,,52.888845000000124,,,27.939370000000068,,,40.92926500000008,,,57.888845000000124,,,27.939370000000068,
41422021000,1789023983261562000,,,,True,visual_video_estimate,,,,,,,,,,,,,,,,,,8.669684999999987,,,24.44947499999998,,,13.669684999999987,,,24.44947499999998,,,41.00905499999996,,,16.559579999999983,,,32.339369999999974,,,43.89894999999996,,,19.44947499999998,,,35.22926499999997,,,51.78884499999995,,,27.339369999999974,,,40.22926499999997,,,56.78884499999995,,,27.339369999999974,
41442021000,1789023983281562000,,,,True,visual_video_estimate,,,,,,,,,,,,,,,,,,8.369685000000047,,,23.949475000000078,,,13.369685000000047,,,23.949475000000078,,,40.10905500000014,,,16.159580000000062,,,31.739370000000093,,,42.898950000000156,,,18.949475000000078,,,34.52926500000011,,,50.68884500000017,,,26.739370000000093,,,39.52926500000011,,,55.68884500000017,,,26.739370000000093,
41502026000,1789023983341567000,,,,True,visual_video_estimate,,,,,,,,,,,,,,,,,,7.469609999999989,,,22.44934999999998,,,12.469609999999989,,,22.44934999999998,,,37.408829999999966,,,14.959479999999985,,,29.939219999999978,,,39.89869999999996,,,17.44934999999998,,,32.429089999999974,,,47.38856999999996,,,24.939219999999978,,,37.429089999999974,,,52.38856999999996,,,24.939219999999978,
41542026000,1789023983381567000,,,,True,visual_video_estimate,,,,,,,,,,,,,,,,,,6.8696100000000015,,,21.449350000000003,,,11.869610000000002,,,21.449350000000003,,,35.608830000000005,,,14.159480000000002,,,28.739220000000003,,,37.898700000000005,,,16.449350000000003,,,31.029090000000004,,,45.188570000000006,,,23.739220000000003,,,36.029090000000004,,,50.188570000000006,,,23.739220000000003,
41602030000,1789023983441571000,,,,True,visual_video_estimate,,,,,,,,,,,,,,,,,,5.969550000000012,,,19.94925000000002,,,10.969550000000012,,,19.94925000000002,,,32.90865000000004,,,12.959400000000016,,,26.939100000000025,,,34.89850000000004,,,14.94925000000002,,,28.92895000000003,,,41.888350000000045,,,21.939100000000025,,,33.92895000000003,,,46.888350000000045,,,21.939100000000025,
41642030000,1789023983481571000,,,,True,visual_video_estimate,,,,,,,,,,,,,,,,,,5.369550000000025,,,18.949250000000042,,,10.369550000000025,,,18.949250000000042,,,31.108650000000075,,,12.159400000000034,,,25.73910000000005,,,32.898500000000084,,,13.949250000000042,,,27.52895000000006,,,39.68835000000009,,,20.73910000000005,,,32.52895000000006,,,44.68835000000009,,,20.73910000000005,
41682035000,1789023983521576000,,,,True,visual_video_estimate,,,,,,,,,,,,,,,,,,4.769475000000014,,,17.949125000000024,,,9.769475000000014,,,17.949125000000024,,,29.308425000000042,,,11.359300000000019,,,24.53895000000003,,,30.898250000000047,,,12.949125000000024,,,26.128775000000033,,,37.48807500000005,,,19.53895000000003,,,31.128775000000033,,,42.48807500000005,,,19.53895000000003,
41702035000,1789023983541576000,,,,True,visual_video_estimate,,,,,,,,,,,,,,,,,,4.469474999999967,,,17.449124999999945,,,9.469474999999967,,,17.449124999999945,,,28.4084249999999,,,10.959299999999956,,,23.938949999999934,,,29.89824999999989,,,12.449124999999945,,,25.428774999999924,,,36.38807499999988,,,18.938949999999934,,,30.428774999999924,,,41.38807499999988,,,18.938949999999934,
41742035000,1789023983581576000,,,,True,visual_video_estimate,,,,,,,,,,,,,,,,,,3.86947499999998,,,16.449124999999967,,,8.86947499999998,,,16.449124999999967,,,26.60842499999994,,,10.159299999999973,,,22.73894999999996,,,27.898249999999933,,,11.449124999999967,,,24.028774999999953,,,34.18807499999993,,,17.73894999999996,,,29.028774999999953,,,39.18807499999993,,,17.73894999999996,
41762040000,1789023983601581000,,,,True,visual_video_estimate,,,,,,,,,,,,,,,,,,3.569400000000016,,,15.949000000000026,,,8.569400000000016,,,15.949000000000026,,,25.708200000000048,,,9.759200000000021,,,22.138800000000032,,,26.898000000000053,,,10.949000000000026,,,23.328600000000037,,,33.08780000000006,,,17.138800000000032,,,28.328600000000037,,,38.08780000000006,,,17.138800000000032,
41822040000,1789023983661581000,,,,True,visual_video_estimate,,,,,,,,,,,,,,,,,,2.669399999999982,,,14.44899999999997,,,7.669399999999982,,,14.44899999999997,,,23.008199999999945,,,8.559199999999976,,,20.338799999999964,,,23.89799999999994,,,9.44899999999997,,,21.228599999999958,,,29.787799999999933,,,15.338799999999964,,,26.228599999999958,,,34.78779999999993,,,15.338799999999964,
41862044000,1789023983701585000,,,,True,visual_video_estimate,,,,,,,,,,,,,,,,,,2.0693400000000395,,,13.448900000000066,,,7.0693400000000395,,,13.448900000000066,,,21.20802000000012,,,7.759120000000053,,,19.13868000000008,,,21.89780000000013,,,8.448900000000066,,,19.828460000000092,,,27.587580000000145,,,14.138680000000079,,,24.828460000000092,,,32.587580000000145,,,14.138680000000079,
41902044000,1789023983741585000,,,,True,visual_video_estimate,,,,,,,,,,,,,,,,,,1.4693400000000523,,,12.448900000000087,,,6.469340000000052,,,12.448900000000087,,,19.408020000000157,,,6.95912000000007,,,17.938680000000105,,,19.897800000000174,,,7.448900000000087,,,18.428460000000122,,,25.38758000000019,,,12.938680000000105,,,23.428460000000122,,,30.38758000000019,,,12.938680000000105,
41942044000,1789023983781585000,,,,True,visual_video_estimate,,,,,,,,,,,,,,,,,,0.8693399999999585,,,11.44889999999993,,,5.8693399999999585,,,11.44889999999993,,,17.608019999999875,,,6.159119999999945,,,16.738679999999917,,,17.89779999999986,,,6.448899999999931,,,17.028459999999903,,,23.187579999999848,,,11.738679999999917,,,22.028459999999903,,,28.187579999999848,,,11.738679999999917,
42002049000,1789023983841590000,,,,True,visual_video_estimate,,,,,,,,,,,,,,,,,,0,,,9.989755000000002,,,4.989755000000002,,,9.979510000000005,,,14.979510000000005,,,4.989755000000002,,,14.969265000000007,,,14.979510000000005,,,4.989755000000002,,,14.969265000000007,,,19.969265000000007,,,9.979510000000005,,,19.95902000000001,,,24.95902000000001,,,9.979510000000005,
42042053000,1789023983881594000,,,,True,visual_video_estimate,,,,,,,,,,,,,,,,,,0,,,9.789734999999986,,,4.789734999999986,,,9.579469999999972,,,14.579469999999972,,,4.789734999999986,,,14.369204999999958,,,14.579469999999972,,,4.789734999999986,,,14.369204999999958,,,19.36920499999996,,,9.579469999999972,,,19.158939999999944,,,24.158939999999944,,,9.579469999999972,
42062053000,1789023983901594000,,,,True,visual_video_estimate,,,,,,,,,,,,,,,,,,0,,,9.689735000000006,,,4.689735000000006,,,9.379470000000012,,,14.379470000000012,,,4.689735000000006,,,14.069205000000018,,,14.379470000000012,,,4.689735000000006,,,14.069205000000018,,,19.069205000000018,,,9.379470000000012,,,18.758940000000024,,,23.758940000000024,,,9.379470000000012,
42082054000,1789023983921595000,,,,True,visual_video_estimate,,,,,,,,,,,,,,,,,,0,,,9.589730000000003,,,4.589730000000003,,,9.179460000000006,,,14.179460000000006,,,4.589730000000003,,,13.769190000000009,,,14.179460000000006,,,4.589730000000003,,,13.769190000000009,,,18.76919000000001,,,9.179460000000006,,,18.358920000000012,,,23.358920000000012,,,9.179460000000006,
42102054000,1789023983941595000,,,,True,visual_video_estimate,,,,,,,,,,,,,,,,,,0,,,9.489729999999987,,,4.489729999999987,,,8.979459999999975,,,13.979459999999975,,,4.489729999999987,,,13.469189999999962,,,13.979459999999975,,,4.489729999999987,,,13.469189999999962,,,18.469189999999962,,,8.979459999999975,,,17.95891999999995,,,22.95891999999995,,,8.979459999999975,
42142058000,1789023983981599000,,,,True,visual_video_estimate,,,,,,,,,,,,,,,,,,0,,,9.289710000000007,,,4.289710000000007,,,8.579420000000013,,,13.579420000000013,,,4.289710000000007,,,12.86913000000002,,,13.579420000000013,,,4.289710000000007,,,12.86913000000002,,,17.86913000000002,,,8.579420000000013,,,17.158840000000026,,,22.158840000000026,,,8.579420000000013,
42182058000,1789023984021599000,,,,True,visual_video_estimate,,,,,,,,,,,,,,,,,,0,,,9.08971000000001,,,4.089710000000011,,,8.179420000000022,,,13.179420000000022,,,4.089710000000011,,,12.269130000000033,,,13.179420000000022,,,4.089710000000011,,,12.269130000000033,,,17.269130000000033,,,8.179420000000022,,,16.358840000000043,,,21.358840000000043,,,8.179420000000022,
42222058000,1789023984061599000,,,,True,visual_video_estimate,,,,,,,,,,,,,,,,,,0,,,8.889710000000015,,,3.889710000000015,,,7.77942000000003,,,12.77942000000003,,,3.889710000000015,,,11.669130000000045,,,12.77942000000003,,,3.889710000000015,,,11.669130000000045,,,16.669130000000045,,,7.77942000000003,,,15.55884000000006,,,20.55884000000006,,,7.77942000000003,
42282063000,1789023984121604000,,,,True,visual_video_estimate,,,,,,,,,,,,,,,,,,0,,,8.589684999999996,,,3.589684999999996,,,7.179369999999992,,,12.179369999999992,,,3.589684999999996,,,10.769054999999987,,,12.179369999999992,,,3.589684999999996,,,10.769054999999987,,,15.769054999999987,,,7.179369999999992,,,14.358739999999983,,,19.358739999999983,,,7.179369999999992,
42322063000,1789023984161604000,,,,True,visual_video_estimate,,,,,,,,,,,,,,,,,,0,,,8.389685,,,3.389685,,,6.77937,,,11.77937,,,3.389685,,,10.169055,,,11.77937,,,3.389685,,,10.169055,,,15.169055,,,6.77937,,,13.55874,,,18.55874,,,6.77937,
42342067000,1789023984181608000,,,,True,visual_video_estimate,,,,,,,,,,,,,,,,,,0,,,8.289665,,,3.2896649999999994,,,6.579329999999999,,,11.579329999999999,,,3.2896649999999994,,,9.868994999999998,,,11.579329999999999,,,3.2896649999999994,,,9.868994999999998,,,14.868994999999998,,,6.579329999999999,,,13.158659999999998,,,18.158659999999998,,,6.579329999999999,
42362067000,1789023984201608000,,,,True,visual_video_estimate,,,,,,,,,,,,,,,,,,0,,,8.189664999999984,,,3.1896649999999838,,,6.3793299999999675,,,11.379329999999968,,,3.1896649999999838,,,9.568994999999951,,,11.379329999999968,,,3.1896649999999838,,,9.568994999999951,,,14.568994999999951,,,6.3793299999999675,,,12.758659999999935,,,17.758659999999935,,,6.3793299999999675,
42402067000,1789023984241608000,,,,True,visual_video_estimate,,,,,,,,,,,,,,,,,,0,,,7.989664999999988,,,2.989664999999988,,,5.979329999999976,,,10.979329999999976,,,2.989664999999988,,,8.968994999999964,,,10.979329999999976,,,2.989664999999988,,,8.968994999999964,,,13.968994999999964,,,5.979329999999976,,,11.958659999999952,,,16.958659999999952,,,5.979329999999976,
42442072000,1789023984281613000,,,,True,visual_video_estimate,,,,,,,,,,,,,,,,,,0,,,7.789639999999984,,,2.7896399999999844,,,5.579279999999969,,,10.579279999999969,,,2.7896399999999844,,,8.368919999999953,,,10.579279999999969,,,2.7896399999999844,,,8.368919999999953,,,13.368919999999953,,,5.579279999999969,,,11.158559999999937,,,16.158559999999937,,,5.579279999999969,
42482072000,1789023984321613000,,,,True,visual_video_estimate,,,,,,,,,,,,,,,,,,0,,,7.589639999999989,,,2.5896399999999886,,,5.179279999999977,,,10.179279999999977,,,2.5896399999999886,,,7.768919999999966,,,10.179279999999977,,,2.5896399999999886,,,7.768919999999966,,,12.768919999999966,,,5.179279999999977,,,10.358559999999954,,,15.358559999999954,,,5.179279999999977,
42502072000,1789023984341613000,,,,True,visual_video_estimate,,,,,,,,,,,,,,,,,,0,,,7.4896400000000085,,,2.4896400000000085,,,4.979280000000017,,,9.979280000000017,,,2.4896400000000085,,,7.4689200000000255,,,9.979280000000017,,,2.4896400000000085,,,7.4689200000000255,,,12.468920000000026,,,4.979280000000017,,,9.958560000000034,,,14.958560000000034,,,4.979280000000017,
42542077000,1789023984381618000,,,,True,visual_video_estimate,,,,,,,,,,,,,,,,,,0,,,7.289615000000005,,,2.289615000000005,,,4.57923000000001,,,9.57923000000001,,,2.289615000000005,,,6.8688450000000145,,,9.57923000000001,,,2.289615000000005,,,6.8688450000000145,,,11.868845000000015,,,4.57923000000001,,,9.15846000000002,,,14.15846000000002,,,4.57923000000001,
42582077000,1789023984421618000,,,,True,visual_video_estimate,,,,,,,,,,,,,,,,,,0,,,7.089615000000009,,,2.089615000000009,,,4.179230000000018,,,9.179230000000018,,,2.089615000000009,,,6.268845000000027,,,9.179230000000018,,,2.089615000000009,,,6.268845000000027,,,11.268845000000027,,,4.179230000000018,,,8.358460000000036,,,13.358460000000036,,,4.179230000000018,
42642081000,1789023984481622000,,,,True,visual_video_estimate,,,,,,,,,,,,,,,,,,0,,,6.789595000000013,,,1.7895950000000127,,,3.5791900000000254,,,8.579190000000025,,,1.7895950000000127,,,5.368785000000038,,,8.579190000000025,,,1.7895950000000127,,,5.368785000000038,,,10.368785000000038,,,3.5791900000000254,,,7.158380000000051,,,12.15838000000005,,,3.5791900000000254,
42682081000,1789023984521622000,,,,True,visual_video_estimate,,,,,,,,,,,,,,,,,,0,,,6.589595000000017,,,1.589595000000017,,,3.179190000000034,,,8.179190000000034,,,1.589595000000017,,,4.768785000000051,,,8.179190000000034,,,1.589595000000017,,,4.768785000000051,,,9.768785000000051,,,3.179190000000034,,,6.358380000000068,,,11.358380000000068,,,3.179190000000034,
42702081000,1789023984541622000,,,,True,visual_video_estimate,,,,,,,,,,,,,,,,,,0,,,6.489595000000001,,,1.4895950000000013,,,2.9791900000000027,,,7.979190000000003,,,1.4895950000000013,,,4.468785000000004,,,7.979190000000003,,,1.4895950000000013,,,4.468785000000004,,,9.468785000000004,,,2.9791900000000027,,,5.958380000000005,,,10.958380000000005,,,2.9791900000000027,
42722086000,1789023984561627000,,,,True,visual_video_estimate,,,,,,,,,,,,,,,,,,0,,,6.389570000000013,,,1.3895700000000133,,,2.7791400000000266,,,7.779140000000027,,,1.3895700000000133,,,4.16871000000004,,,7.779140000000027,,,1.3895700000000133,,,4.16871000000004,,,9.16871000000004,,,2.7791400000000266,,,5.558280000000053,,,10.558280000000053,,,2.7791400000000266,
42762086000,1789023984601627000,,,,True,visual_video_estimate,,,,,,,,,,,,,,,,,,0,,,6.189570000000018,,,1.1895700000000176,,,2.379140000000035,,,7.379140000000035,,,1.1895700000000176,,,3.5687100000000527,,,7.379140000000035,,,1.1895700000000176,,,3.5687100000000527,,,8.568710000000053,,,2.379140000000035,,,4.75828000000007,,,9.75828000000007,,,2.379140000000035,
42822090000,1789023984661631000,,,,True,visual_video_estimate,,,,,,,,,,,,,,,,,,0,,,5.889549999999986,,,0.8895499999999856,,,1.7790999999999713,,,6.779099999999971,,,0.8895499999999856,,,2.668649999999957,,,6.779099999999971,,,0.8895499999999856,,,2.668649999999957,,,7.668649999999957,,,1.7790999999999713,,,3.5581999999999425,,,8.558199999999943,,,1.7790999999999713,
42842090000,1789023984681631000,,,,True,visual_video_estimate,,,,,,,,,,,,,,,,,,0,,,5.7895500000000055,,,0.7895500000000055,,,1.579100000000011,,,6.579100000000011,,,0.7895500000000055,,,2.3686500000000166,,,6.579100000000011,,,0.7895500000000055,,,2.3686500000000166,,,7.368650000000017,,,1.579100000000011,,,3.158200000000022,,,8.158200000000022,,,1.579100000000011,
42882091000,1789023984721632000,,,,True,visual_video_estimate,,,,,,,,,,,,,,,,,,0,,,5.589544999999987,,,0.5895449999999869,,,1.1790899999999738,,,6.179089999999974,,,0.5895449999999869,,,1.7686349999999607,,,6.179089999999974,,,0.5895449999999869,,,1.7686349999999607,,,6.768634999999961,,,1.1790899999999738,,,2.3581799999999475,,,7.3581799999999475,,,1.1790899999999738,
42902095000,1789023984741636000,,,,True,visual_video_estimate,,,,,,,,,,,,,,,,,,0,,,5.489524999999986,,,0.4895249999999862,,,0.9790499999999724,,,5.979049999999972,,,0.4895249999999862,,,1.4685749999999587,,,5.979049999999972,,,0.4895249999999862,,,1.4685749999999587,,,6.468574999999959,,,0.9790499999999724,,,1.9580999999999449,,,6.958099999999945,,,0.9790499999999724,
42962095000,1789023984801636000,,,,True,visual_video_estimate,,,,,,,,,,,,,,,,,,0,,,5.18952500000001,,,0.18952500000001038,,,0.37905000000002076,,,5.379050000000021,,,0.18952500000001038,,,0.5685750000000311,,,5.379050000000021,,,0.18952500000001038,,,0.5685750000000311,,,5.568575000000031,,,0.37905000000002076,,,0.7581000000000415,,,5.7581000000000415,,,0.37905000000002076,
42982095000,1789023984821636000,,,,True,visual_video_estimate,,,,,,,,,,,,,,,,,,0,,,5.089524999999995,,,0.08952499999999475,,,0.1790499999999895,,,5.1790499999999895,,,0.08952499999999475,,,0.26857499999998424,,,5.1790499999999895,,,0.08952499999999475,,,0.26857499999998424,,,5.268574999999984,,,0.1790499999999895,,,0.358099999999979,,,5.358099999999979,,,0.1790499999999895,
43042100000,1789023984881641000,,,,True,visual_video_estimate,,,,,,,,,,,,,,,,,,0,,,5,,,0,,,0,,,5,,,0,,,0,,,5,,,0,,,0,,,5,,,0,,,0,,,5,,,0,
43062100000,1789023984901641000,,,,True,visual_video_estimate,,,,,,,,,,,,,,,,,,0,,,5,,,0,,,0,,,5,,,0,,,0,,,5,,,0,,,0,,,5,,,0,,,0,,,5,,,0,
43102104000,1789023984941645000,,,,True,visual_video_estimate,,,,,,,,,,,,,,,,,,0,,,5,,,0,,,0,,,5,,,0,,,0,,,5,,,0,,,0,,,5,,,0,,,0,,,5,,,0,
43142104000,1789023984981645000,,,,True,visual_video_estimate,,,,,,,,,,,,,,,,,,0,,,5,,,0,,,0,,,5,,,0,,,0,,,5,,,0,,,0,,,5,,,0,,,0,,,5,,,0,
43182109000,1789023985021650000,,,,True,visual_video_estimate,,,,,,,,,,,,,,,,,,0,,,5,,,0,,,0,,,5,,,0,,,0,,,5,,,0,,,0,,,5,,,0,,,0,,,5,,,0,
43222109000,1789023985061650000,,,,True,visual_video_estimate,,,,,,,,,,,,,,,,,,0,,,5,,,0,,,0,,,5,,,0,,,0,,,5,,,0,,,0,,,5,,,0,,,0,,,5,,,0,
43242109000,1789023985081650000,,,,True,visual_video_estimate,,,,,,,,,,,,,,,,,,0,,,5,,,0,,,0,,,5,,,0,,,0,,,5,,,0,,,0,,,5,,,0,,,0,,,5,,,0,
43282114000,1789023985121655000,,,,True,visual_video_estimate,,,,,,,,,,,,,,,,,,0,,,5,,,0,,,0,,,5,,,0,,,0,,,5,,,0,,,0,,,5,,,0,,,0,,,5,,,0,
43322114000,1789023985161655000,,,,True,visual_video_estimate,,,,,,,,,,,,,,,,,,0,,,5,,,0,,,0,,,5,,,0,,,0,,,5,,,0,,,0,,,5,,,0,,,0,,,5,,,0,
43362114000,1789023985201655000,,,,True,visual_video_estimate,,,,,,,,,,,,,,,,,,0,,,5,,,0,,,0,,,5,,,0,,,0,,,5,,,0,,,0,,,5,,,0,,,0,,,5,,,0,
43382118000,1789023985221659000,,,,True,visual_video_estimate,,,,,,,,,,,,,,,,,,0,,,5,,,0,,,0,,,5,,,0,,,0,,,5,,,0,,,0,,,5,,,0,,,0,,,5,,,0,
43422118000,1789023985261659000,,,,True,visual_video_estimate,,,,,,,,,,,,,,,,,,0,,,5,,,0,,,0,,,5,,,0,,,0,,,5,,,0,,,0,,,5,,,0,,,0,,,5,,,0,
43462123000,1789023985301664000,,,,True,visual_video_estimate,,,,,,,,,,,,,,,,,,0,,,5,,,0,,,0,,,5,,,0,,,0,,,5,,,0,,,0,,,5,,,0,,,0,,,5,,,0,
43502123000,1789023985341664000,,,,True,visual_video_estimate,,,,,,,,,,,,,,,,,,0,,,5,,,0,,,0,,,5,,,0,,,0,,,5,,,0,,,0,,,5,,,0,,,0,,,5,,,0,
43542123000,1789023985381664000,,,,True,visual_video_estimate,,,,,,,,,,,,,,,,,,0,,,5,,,0,,,0,,,5,,,0,,,0,,,5,,,0,,,0,,,5,,,0,,,0,,,5,,,0,
43582127000,1789023985421668000,,,,True,visual_video_estimate,,,,,,,,,,,,,,,,,,0,,,5,,,0,,,0,,,5,,,0,,,0,,,5,,,0,,,0,,,5,,,0,,,0,,,5,,,0,
43602128000,1789023985441669000,,,,True,visual_video_estimate,,,,,,,,,,,,,,,,,,0,,,5,,,0,,,0,,,5,,,0,,,0,,,5,,,0,,,0,,,5,,,0,,,0,,,5,,,0,
43642128000,1789023985481669000,,,,True,visual_video_estimate,,,,,,,,,,,,,,,,,,0,,,5,,,0,,,0,,,5,,,0,,,0,,,5,,,0,,,0,,,5,,,0,,,0,,,5,,,0,
43682132000,1789023985521673000,,,,True,visual_video_estimate,,,,,,,,,,,,,,,,,,0,,,5,,,0,,,0,,,5,,,0,,,0,,,5,,,0,,,0,,,5,,,0,,,0,,,5,,,0,
43722132000,1789023985561673000,,,,True,visual_video_estimate,,,,,,,,,,,,,,,,,,0,,,5,,,0,,,0,,,5,,,0,,,0,,,5,,,0,,,0,,,5,,,0,,,0,,,5,,,0,
43762137000,1789023985601678000,,,,True,visual_video_estimate,,,,,,,,,,,,,,,,,,0,,,5,,,0,,,0,,,5,,,0,,,0,,,5,,,0,,,0,,,5,,,0,,,0,,,5,,,0,
43802137000,1789023985641678000,,,,True,visual_video_estimate,,,,,,,,,,,,,,,,,,0,,,5,,,0,,,0,,,5,,,0,,,0,,,5,,,0,,,0,,,5,,,0,,,0,,,5,,,0,
43822137000,1789023985661678000,,,,True,visual_video_estimate,,,,,,,,,,,,,,,,,,0,,,5,,,0,,,0,,,5,,,0,,,0,,,5,,,0,,,0,,,5,,,0,,,0,,,5,,,0,
43862141000,1789023985701682000,,,,True,visual_video_estimate,,,,,,,,,,,,,,,,,,0,,,5,,,0,,,0,,,5,,,0,,,0,,,5,,,0,,,0,,,5,,,0,,,0,,,5,,,0,
43902141000,1789023985741682000,,,,True,visual_video_estimate,,,,,,,,,,,,,,,,,,0,,,5,,,0,,,0,,,5,,,0,,,0,,,5,,,0,,,0,,,5,,,0,,,0,,,5,,,0,
43922141000,1789023985761682000,,,,True,visual_video_estimate,,,,,,,,,,,,,,,,,,0,,,5,,,0,,,0,,,5,,,0,,,0,,,5,,,0,,,0,,,5,,,0,,,0,,,5,,,0,
44002146000,1789023985841687000,,,,True,visual_video_estimate,,,,,,,,,,,,,,,,,,0,,,5,,,0,,,0,,,5,,,0,,,0,,,5,,,0,,,0,,,5,,,0,,,0,,,5,,,0,
44022146000,1789023985861687000,,,,True,visual_video_estimate,,,,,,,,,,,,,,,,,,0,,,5,,,0,,,0,,,5,,,0,,,0,,,5,,,0,,,0,,,5,,,0,,,0,,,5,,,0,
44042151000,1789023985881692000,,,,True,visual_video_estimate,,,,,,,,,,,,,,,,,,0,,,5,,,0,,,0,,,5,,,0,,,0,,,5,,,0,,,0,,,5,,,0,,,0,,,5,,,0,
44102151000,1789023985941692000,,,,True,visual_video_estimate,,,,,,,,,,,,,,,,,,0,,,5,,,0,,,0,,,5,,,0,,,0,,,5,,,0,,,0,,,5,,,0,,,0,,,5,,,0,
44122155000,1789023985961696000,,,,True,visual_video_estimate,,,,,,,,,,,,,,,,,,0,,,5,,,0,,,0,,,5,,,0,,,0,,,5,,,0,,,0,,,5,,,0,,,0,,,5,,,0,
44162155000,1789023986001696000,,,,True,visual_video_estimate,,,,,,,,,,,,,,,,,,0,,,5,,,0,,,0,,,5,,,0,,,0,,,5,,,0,,,0,,,5,,,0,,,0,,,5,,,0,
44182155000,1789023986021696000,,,,True,visual_video_estimate,,,,,,,,,,,,,,,,,,0,,,5,,,0,,,0,,,5,,,0,,,0,,,5,,,0,,,0,,,5,,,0,,,0,,,5,,,0,
44222160000,1789023986061701000,,,,True,visual_video_estimate,,,,,,,,,,,,,,,,,,0,,,5,,,0,,,0,,,5,,,0,,,0,,,5,,,0,,,0,,,5,,,0,,,0,,,5,,,0,
44262160000,1789023986101701000,,,,True,visual_video_estimate,,,,,,,,,,,,,,,,,,0,,,5,,,0,,,0,,,5,,,0,,,0,,,5,,,0,,,0,,,5,,,0,,,0,,,5,,,0,
44302160000,1789023986141701000,,,,True,visual_video_estimate,,,,,,,,,,,,,,,,,,0,,,5,,,0,,,0,,,5,,,0,,,0,,,5,,,0,,,0,,,5,,,0,,,0,,,5,,,0,
44342164000,1789023986181705000,,,,True,visual_video_estimate,,,,,,,,,,,,,,,,,,0,,,5,,,0,,,0,,,5,,,0,,,0,,,5,,,0,,,0,,,5,,,0,,,0,,,5,,,0,
44362164000,1789023986201705000,,,,True,visual_video_estimate,,,,,,,,,,,,,,,,,,0,,,5,,,0,,,0,,,5,,,0,,,0,,,5,,,0,,,0,,,5,,,0,,,0,,,5,,,0,
44402165000,1789023986241706000,,,,True,visual_video_estimate,,,,,,,,,,,,,,,,,,0,,,5,,,0,,,0,,,5,,,0,,,0,,,5,,,0,,,0,,,5,,,0,,,0,,,5,,,0,
44462169000,1789023986301710000,,,,True,visual_video_estimate,,,,,,,,,,,,,,,,,,0,,,5,,,0,,,0,,,5,,,0,,,0,,,5,,,0,,,0,,,5,,,0,,,0,,,5,,,0,
44502174000,1789023986341715000,,,,True,visual_video_estimate,,,,,,,,,,,,,,,,,,0,,,5,,,0,,,0,,,5,,,0,,,0,,,5,,,0,,,0,,,5,,,0,,,0,,,5,,,0,
44522174000,1789023986361715000,,,,True,visual_video_estimate,,,,,,,,,,,,,,,,,,0,,,5,,,0,,,0,,,5,,,0,,,0,,,5,,,0,,,0,,,5,,,0,,,0,,,5,,,0,
44562174000,1789023986401715000,,,,True,visual_video_estimate,,,,,,,,,,,,,,,,,,0,,,5,,,0,,,0,,,5,,,0,,,0,,,5,,,0,,,0,,,5,,,0,,,0,,,5,,,0,
44602178000,1789023986441719000,,,,True,visual_video_estimate,,,,,,,,,,,,,,,,,,0,,,5,,,0,,,0,,,5,,,0,,,0,,,5,,,0,,,0,,,5,,,0,,,0,,,5,,,0,
44642178000,1789023986481719000,,,,True,visual_video_estimate,,,,,,,,,,,,,,,,,,0,,,5,,,0,,,0,,,5,,,0,,,0,,,5,,,0,,,0,,,5,,,0,,,0,,,5,,,0,
44662178000,1789023986501719000,,,,True,visual_video_estimate,,,,,,,,,,,,,,,,,,0,,,5,,,0,,,0,,,5,,,0,,,0,,,5,,,0,,,0,,,5,,,0,,,0,,,5,,,0,
44702183000,1789023986541724000,,,,True,visual_video_estimate,,,,,,,,,,,,,,,,,,0,,,5,,,0,,,0,,,5,,,0,,,0,,,5,,,0,,,0,,,5,,,0,,,0,,,5,,,0,
44742183000,1789023986581724000,,,,True,visual_video_estimate,,,,,,,,,,,,,,,,,,0,,,5,,,0,,,0,,,5,,,0,,,0,,,5,,,0,,,0,,,5,,,0,,,0,,,5,,,0,
44782183000,1789023986621724000,,,,True,visual_video_estimate,,,,,,,,,,,,,,,,,,0,,,5,,,0,,,0,,,5,,,0,,,0,,,5,,,0,,,0,,,5,,,0,,,0,,,5,,,0,
44802187000,1789023986641728000,,,,True,visual_video_estimate,,,,,,,,,,,,,,,,,,0,,,5,,,0,,,0,,,5,,,0,,,0,,,5,,,0,,,0,,,5,,,0,,,0,,,5,,,0,
44822188000,1789023986661729000,,,,True,visual_video_estimate,,,,,,,,,,,,,,,,,,0,,,5,,,0,,,0,,,5,,,0,,,0,,,5,,,0,,,0,,,5,,,0,,,0,,,5,,,0,
44902192000,1789023986741733000,,,,True,visual_video_estimate,,,,,,,,,,,,,,,,,,0,,,5,,,0,,,0,,,5,,,0,,,0,,,5,,,0,,,0,,,5,,,0,,,0,,,5,,,0,
44922192000,1789023986761733000,,,,True,visual_video_estimate,,,,,,,,,,,,,,,,,,0,,,5,,,0,,,0,,,5,,,0,,,0,,,5,,,0,,,0,,,5,,,0,,,0,,,5,,,0,
44962192000,1789023986801733000,,,,True,visual_video_estimate,,,,,,,,,,,,,,,,,,0,,,5,,,0,,,0,,,5,,,0,,,0,,,5,,,0,,,0,,,5,,,0,,,0,,,5,,,0,
45002197000,1789023986841738000,,,,True,visual_video_estimate,,,,,,,,,,,,,,,,,,0,,,5,,,0,,,0,,,5,,,0,,,0,,,5,,,0,,,0,,,5,,,0,,,0,,,5,,,0,
45042197000,1789023986881738000,,,,True,visual_video_estimate,,,,,,,,,,,,,,,,,,0,,,5,,,0,,,0,,,5,,,0,,,0,,,5,,,0,,,0,,,5,,,0,,,0,,,5,,,0,
45062197000,1789023986901738000,,,,True,visual_video_estimate,,,,,,,,,,,,,,,,,,0,,,5,,,0,,,0,,,5,,,0,,,0,,,5,,,0,,,0,,,5,,,0,,,0,,,5,,,0,
45102201000,1789023986941742000,,,,True,visual_video_estimate,,,,,,,,,,,,,,,,,,0,,,5,,,0,,,0,,,5,,,0,,,0,,,5,,,0,,,0,,,5,,,0,,,0,,,5,,,0,
45142202000,1789023986981743000,,,,True,visual_video_estimate,,,,,,,,,,,,,,,,,,0,,,5,,,0,,,0,,,5,,,0,,,0,,,5,,,0,,,0,,,5,,,0,,,0,,,5,,,0,
45182206000,1789023987021747000,,,,True,visual_video_estimate,,,,,,,,,,,,,,,,,,0,,,5,,,0,,,0,,,5,,,0,,,0,,,5,,,0,,,0,,,5,,,0,,,0,,,5,,,0,
45222206000,1789023987061747000,,,,True,visual_video_estimate,,,,,,,,,,,,,,,,,,0,,,5,,,0,,,0,,,5,,,0,,,0,,,5,,,0,,,0,,,5,,,0,,,0,,,5,,,0,
45242206000,1789023987081747000,,,,True,visual_video_estimate,,,,,,,,,,,,,,,,,,0,,,5,,,0,,,0,,,5,,,0,,,0,,,5,,,0,,,0,,,5,,,0,,,0,,,5,,,0,
45282211000,1789023987121752000,,,,True,visual_video_estimate,,,,,,,,,,,,,,,,,,0,,,5,,,0,,,0,,,5,,,0,,,0,,,5,,,0,,,0,,,5,,,0,,,0,,,5,,,0,
45322211000,1789023987161752000,,,,True,visual_video_estimate,,,,,,,,,,,,,,,,,,0,,,5,,,0,,,0,,,5,,,0,,,0,,,5,,,0,,,0,,,5,,,0,,,0,,,5,,,0,
45362215000,1789023987201756000,,,,True,visual_video_estimate,,,,,,,,,,,,,,,,,,0,,,5,,,0,,,0,,,5,,,0,,,0,,,5,,,0,,,0,,,5,,,0,,,0,,,5,,,0,
45402215000,1789023987241756000,,,,True,visual_video_estimate,,,,,,,,,,,,,,,,,,0,,,5,,,0,,,0,,,5,,,0,,,0,,,5,,,0,,,0,,,5,,,0,,,0,,,5,,,0,
45462220000,1789023987301761000,,,,True,visual_video_estimate,,,,,,,,,,,,,,,,,,0,,,5,,,0,,,0,,,5,,,0,,,0,,,5,,,0,,,0,,,5,,,0,,,0,,,5,,,0,
45502220000,1789023987341761000,,,,True,visual_video_estimate,,,,,,,,,,,,,,,,,,0,,,5,,,0,,,0,,,5,,,0,,,0,,,5,,,0,,,0,,,5,,,0,,,0,,,5,,,0,
45522220000,1789023987361761000,,,,True,visual_video_estimate,,,,,,,,,,,,,,,,,,0,,,5,,,0,,,0,,,5,,,0,,,0,,,5,,,0,,,0,,,5,,,0,,,0,,,5,,,0,
45542224000,1789023987381765000,,,,True,visual_video_estimate,,,,,,,,,,,,,,,,,,0,,,5,,,0,,,0,,,5,,,0,,,0,,,5,,,0,,,0,,,5,,,0,,,0,,,5,,,0,
45582225000,1789023987421766000,,,,True,visual_video_estimate,,,,,,,,,,,,,,,,,,0,,,5,,,0,,,0,,,5,,,0,,,0,,,5,,,0,,,0,,,5,,,0,,,0,,,5,,,0,
45622225000,1789023987461766000,,,,True,visual_video_estimate,,,,,,,,,,,,,,,,,,0,,,5,,,0,,,0,,,5,,,0,,,0,,,5,,,0,,,0,,,5,,,0,,,0,,,5,,,0,
45662229000,1789023987501770000,,,,True,visual_video_estimate,,,,,,,,,,,,,,,,,,0,,,5,,,0,,,0,,,5,,,0,,,0,,,5,,,0,,,0,,,5,,,0,,,0,,,5,,,0,
45682229000,1789023987521770000,,,,True,visual_video_estimate,,,,,,,,,,,,,,,,,,0,,,5,,,0,,,0,,,5,,,0,,,0,,,5,,,0,,,0,,,5,,,0,,,0,,,5,,,0,
45722229000,1789023987561770000,,,,True,visual_video_estimate,,,,,,,,,,,,,,,,,,0,,,5,,,0,,,0,,,5,,,0,,,0,,,5,,,0,,,0,,,5,,,0,,,0,,,5,,,0,
45782234000,1789023987621775000,,,,True,visual_video_estimate,,,,,,,,,,,,,,,,,,0,,,5,,,0,,,0,,,5,,,0,,,0,,,5,,,0,,,0,,,5,,,0,,,0,,,5,,,0,
45822234000,1789023987661775000,,,,True,visual_video_estimate,,,,,,,,,,,,,,,,,,0,,,5,,,0,,,0,,,5,,,0,,,0,,,5,,,0,,,0,,,5,,,0,,,0,,,5,,,0,
45842238000,1789023987681779000,,,,True,visual_video_estimate,,,,,,,,,,,,,,,,,,0,,,5,,,0,,,0,,,5,,,0,,,0,,,5,,,0,,,0,,,5,,,0,,,0,,,5,,,0,
45882238000,1789023987721779000,,,,True,visual_video_estimate,,,,,,,,,,,,,,,,,,0,,,5,,,0,,,0,,,5,,,0,,,0,,,5,,,0,,,0,,,5,,,0,,,0,,,5,,,0,
45922243000,1789023987761784000,,,,True,visual_video_estimate,,,,,,,,,,,,,,,,,,0,,,5,,,0,,,0,,,5,,,0,,,0,,,5,,,0,,,0,,,5,,,0,,,0,,,5,,,0,
45962243000,1789023987801784000,,,,True,visual_video_estimate,,,,,,,,,,,,,,,,,,0,,,5,,,0,,,0,,,5,,,0,,,0,,,5,,,0,,,0,,,5,,,0,,,0,,,5,,,0,
46002243000,1789023987841784000,,,,True,visual_video_estimate,,,,,,,,,,,,,,,,,,0,,,5,,,0,,,0,,,5,,,0,,,0,,,5,,,0,,,0,,,5,,,0,,,0,,,5,,,0,
46022248000,1789023987861789000,,,,True,visual_video_estimate,,,,,,,,,,,,,,,,,,0,,,5,,,0,,,0,,,5,,,0,,,0,,,5,,,0,,,0,,,5,,,0,,,0,,,5,,,0,
46062248000,1789023987901789000,,,,True,visual_video_estimate,,,,,,,,,,,,,,,,,,0,,,5,,,0,,,0,,,5,,,0,,,0,,,5,,,0,,,0,,,5,,,0,,,0,,,5,,,0,
46102248000,1789023987941789000,,,,True,visual_video_estimate,,,,,,,,,,,,,,,,,,0,,,5,,,0,,,0,,,5,,,0,,,0,,,5,,,0,,,0,,,5,,,0,,,0,,,5,,,0,
46142252000,1789023987981793000,,,,True,visual_video_estimate,,,,,,,,,,,,,,,,,,0,,,5,,,0,,,0,,,5,,,0,,,0,,,5,,,0,,,0,,,5,,,0,,,0,,,5,,,0,
46162252000,1789023988001793000,,,,True,visual_video_estimate,,,,,,,,,,,,,,,,,,0,,,5,,,0,,,0,,,5,,,0,,,0,,,5,,,0,,,0,,,5,,,0,,,0,,,5,,,0,
46202252000,1789023988041793000,,,,True,visual_video_estimate,,,,,,,,,,,,,,,,,,0,,,5,,,0,,,0,,,5,,,0,,,0,,,5,,,0,,,0,,,5,,,0,,,0,,,5,,,0,
46242257000,1789023988081798000,,,,True,visual_video_estimate,,,,,,,,,,,,,,,,,,0,,,5,,,0,,,0,,,5,,,0,,,0,,,5,,,0,,,0,,,5,,,0,,,0,,,5,,,0,
46282257000,1789023988121798000,3326,1789023988124,2.202,True,recorded_pose,8.322704250459942,20.394198784922782,17.6973829729426,28.64146545708929,39.995455361881845,26.826354262735823,16.19250384345311,51.98719081849951,30.751425586560746,16.255763763804357,54.14814067341294,25.96116837423636,19.130763109221352,45.62957273596421,26.91299242344022,29.18280766663783,44.68897606079482,-5.403778938205671,1.5064957503260694,-9.394379804477987,18.181276135002594,1.1295809300335595,-8.144894377298675,15.765742417973918,-6.439682312873423,-1.895697484603333,19.778578199580405,-0.3843082032418444,1.0559170246577385,39.983393903507405,-0.18081298224625722,0.7585343958070757,26.816423923089868,-7.596980470711706,-11.702704111014988,3.3360089232582997,-1.5575662907063716,3.198710763171926,51.91641477817479,-0.5713779402880781,2.0820884531721866,30.688253353539707,-10.497859223411984,-12.964747317064392,10.210601507599797,-0.8907682191453814,1.7430759688615327,54.127451252237485,-0.21930943707484302,0.9519778872022172,25.945544022012918,-8.171781218507327,-11.986238261286493,18.318578211506885,-3.3259594134566326,8.001821868668294,45.07261735097826,-1.1867095734468016,5.042150441550162,26.472396461037164,4.90455619685548e-06
46302262000,1789023988141803000,3327,1789023988138,3.803,True,recorded_pose,8.322704250459942,20.394198784922782,17.6973829729426,28.64146545708929,39.995455361881845,26.826354262735823,16.19250384345311,51.98719081849951,30.751425586560746,16.255763763804357,54.14814067341294,25.96116837423636,19.130763109221352,45.62957273596421,26.91299242344022,29.18280766663783,44.68897606079482,-5.403778938205671,1.5064957503260694,-9.394379804477987,18.181276135002594,1.1295809300335595,-8.144894377298675,15.765742417973918,-6.439682312873423,-1.895697484603333,19.778578199580405,-0.3843082032418444,1.0559170246577385,39.983393903507405,-0.18081298224625722,0.7585343958070757,26.816423923089868,-7.596980470711706,-11.702704111014988,3.3360089232582997,-1.5575662907063716,3.198710763171926,51.91641477817479,-0.5713779402880781,2.0820884531721866,30.688253353539707,-10.497859223411984,-12.964747317064392,10.210601507599797,-0.8907682191453814,1.7430759688615327,54.127451252237485,-0.21930943707484302,0.9519778872022172,25.945544022012918,-8.171781218507327,-11.986238261286493,18.318578211506885,-3.3259594134566326,8.001821868668294,45.07261735097826,-1.1867095734468016,5.042150441550162,26.472396461037164,4.90455619685548e-06
46362262000,1789023988201803000,3332,1789023988205,3.197,True,recorded_pose,6.45811297959357,23.52805118352171,21.11082257667922,24.01337665336999,40.290949186167545,28.437261156733467,16.34970880740734,54.696325796905,34.50424227769693,15.916349431494721,57.891667835535976,28.78680103107613,20.352839260253134,50.529068707501764,30.656954073177687,30.91463768342259,46.284224075577875,-11.803362302746082,1.9520201833508024,-10.390216784342739,21.22485200394126,1.5654373504164145,-9.321175960188919,19.026933970900046,-6.827087449001862,-1.4009225282548439,14.500810711396053,-0.48493618764287744,1.3220954120256834,40.2724815719916,-0.2510039817046468,0.9912061774388564,28.42142193195366,-7.837578384587477,-13.031950850880973,0.8877116103943772,-2.008503779730906,3.8900923472332694,54.60171859931253,-0.8382157796766619,2.70641262866362,34.41156293042945,-10.516375206223026,-14.113606517676457,9.064626409048692,-1.164077205558989,2.1054296432860955,57.86585588963815,-0.3101134697059496,1.2093405041602496,28.764184654763422,-8.205885797174524,-11.717462140858473,18.966393749137264,-4.307038735361185,9.238581914144971,49.90297337090572,-1.6347624642481091,6.072774384388194,30.1082224646294,5.533085616490782e-06
46402266000,1789023988241807000,3335,1789023988248,6.193,True,recorded_pose,6.765090963491416,29.120349512766204,25.96034085938448,21.99450580195171,50.05384519423078,37.593587961385985,16.396539238322713,56.413664089897196,37.45000111160406,16.38053359030637,59.6828070846468,31.405802705586172,21.176524949781456,51.18262065249654,31.24156100924893,31.806603352577955,47.183759030858035,-14.537452540112916,2.9139686725205296,-12.27672505616836,26.61138178175959,2.309255835034401,-10.988826638382333,23.667955829248704,-7.017798385631403,-0.8130931066340431,12.242163061500813,-0.7143451287778719,1.530170508185854,50.03625834349033,-0.4198557351374359,1.2341492524163413,37.576317262539966,-7.906779143782218,-13.290946124265078,0.27635403015073173,-2.1928168812728033,4.095530894121822,56.315343549626434,-1.0128124894728199,2.9960952790960604,37.347997838706945,-10.459568161089484,-14.649709525982791,9.184840386965428,-1.1964116511295775,2.086138070666215,59.659063556953406,-0.35696509739052845,1.2706059742611422,31.383339326994857,-8.029125976457857,-12.61952020830864,19.912690506300294,-4.401066259393511,9.2998355628345,50.56277448879995,-1.6919891090766324,6.160394049326993,30.68979124557249,5.6632936810203185e-06
46422266000,1789023988261807000,3336,1789023988262,0.193,True,recorded_pose,6.87154015303753,29.490040731406634,26.462421419774476,22.05051854220519,50.60043104338773,37.72528900468493,16.477672179854864,56.98129048290937,37.913918813808166,16.57586907906604,60.11095379170312,31.249919441069057,21.42728974191909,51.65934246391338,31.34915687422585,31.909545359335652,47.26820908651889,-14.85836541973303,2.981199623277727,-12.38310918379465,26.97619577346843,2.3920884746328515,-11.145176511497272,24.156465620745447,-7.024648251094862,-0.7191978211520325,12.305438810408345,-0.7156278420078414,1.5140056511247333,50.58352710594729,-0.41698560310343297,1.2210937282794496,37.70846221094421,-7.9007057360227675,-13.359527721289844,0.3267830850154548,-2.252656700114153,4.157708382003726,56.88212786484899,-1.043561233876814,3.0464718978313634,37.81019446833409,-10.433177583830997,-14.760310037908585,9.338076963875682,-1.2353757109676544,2.1355756999137494,60.08654144364994,-0.36134639257592005,1.2929937702344154,31.22648770747794,-8.018649292072551,-12.642442916277897,20.17479062637977,-4.50854008453273,9.426228249996456,51.033173108841,-1.7149515583734813,6.222903781308691,30.788378430989635,5.598568198963992e-06
46462266000,1789023988301807000,3339,1789023988305,3.193,True,recorded_pose,7.667231319693321,30.97099282742825,28.443667595896187,22.044860667252618,52.63764000203266,38.8868892530002,16.605047343161285,58.096024976516496,39.35296125756514,17.227522235593003,60.9059250756011,30.981858704755027,23.426016162776364,51.41510536946311,30.508433214569358,32.575329212994475,47.87465803940602,-16.777267608838287,3.24944369519361,-12.76528893407008,28.456414978679955,2.734683034625067,-11.766807125455195,26.083234228385187,-7.052005936088654,-0.47933358317890845,12.273119931175227,-0.6316807641363502,1.276918703159003,52.62631258856378,-0.36002833976765725,1.0202187002290584,38.87562557673222,-7.934010183284581,-13.574791876043252,0.0417507468630159,-2.3215865698665965,4.186914922460186,57.99966959745833,-1.1154754849377335,3.127694327492594,39.24911953495774,-10.345222587184587,-15.237585231668001,9.748209424194005,-1.2495579810786368,2.125888341603508,60.88244305806859,-0.3499642970587982,1.2636285037473811,30.959263453824537,-7.771657123671485,-13.580346856313508,22.469897819386567,-4.485634195340245,9.431230027754939,50.78273468547146,-1.6242973025216763,6.065663243356695,29.9576940631776,5.122641877509564e-06
46502271000,1789023988341812000,3342,1789023988346,4.188,True,recorded_pose,8.928847699117554,31.547937559394327,30.132724102461214,21.636432299182403,53.62906049943297,39.76295220685141,16.55380922309011,57.64254012794196,40.06775313292375,17.2980416763978,60.16858533304731,29.801720428739145,24.793344471524396,47.695789150241,27.50536291830863,33.43900726034477,48.63602331698573,-19.103916856921508,3.361143159210989,-12.933113835274847,29.02517971275161,3.058967564854925,-12.361586359489527,27.70072200819324,-7.101763741645549,-0.19530549794851973,11.852377372574383,-0.4220799425619678,0.8347165473231609,53.62413172375205,-0.2482397384909745,0.6865685152840969,39.75801125055779,-8.091193774948202,-13.847745078352574,-1.253354669098692,-2.217094003470729,4.0356952231995935,57.551401063932104,-1.1231546692844436,3.0877803488183866,39.96911792110426,-10.343866900130804,-15.888903159675873,9.298150099248943,-1.1084625249135196,1.9137928322316071,60.148726373730696,-0.3003144542340476,1.1293098018033214,29.782904667185097,-7.187341571369235,-15.936921782491986,24.29645395298981,-3.660907741052281,8.379261843313756,47.12738447318884,-1.249759335174008,5.192348611179529,27.04969430469861,4.978313060379714e-06
46582275000,1789023988421816000,3347,1789023988415,6.816,True,recorded_pose,10.469619665648452,26.86138084235534,20.85334685624964,20.790667797288222,29.16138227273282,22.31586230260669,17.076262530490528,48.148905912555556,35.432135267475495,15.12688385166777,49.37799619309965,19.82169971552542,18.055253132615146,36.09312281200084,20.863027401519165,33.77143159735793,48.3505486407165,-20.770736645975308,2.5854042834788697,-12.016468051376057,24.20176903031673,1.5572781396399713,-9.449722431482256,18.675486412738923,-7.0472597236124646,-1.479234840122678,10.477819073699356,-0.1096249301989792,0.4210748773272484,29.158162001909922,-0.05378316429874806,0.2727597395526916,22.314283698005763,-8.373688771596264,-14.654479018612882,-3.3795795534379405,-1.426588115483733,3.198333806543564,48.06793496690615,-0.7965253575009775,2.498803243529087,35.35592559724432,-10.698814976840772,-15.934498720883113,6.390383230312181,-0.47597886865449857,1.0353389190136981,49.36845136036787,-0.07892413545186248,0.45180969170898505,19.81738402229578,-7.777847262314277,-14.591951062642513,17.430765423362725,-1.3680048654123205,4.2217995241169755,35.87541481515808,-0.4611566418330017,2.522415806443052,20.71805343130254,4.26886823125797e-06
46602275000,1789023988441816000,3349,1789023988443,1.184,True,recorded_pose,10.705100445760074,21.97616214568721,18.33600558848209,20.80248676284821,32.17189195598627,23.789656566527242,17.466274010512663,48.42477840081085,34.04995600564526,15.666797090412002,49.622479176981244,20.23794543838467,18.119299245146593,37.957088425645175,21.625910254570048,33.65056962688249,48.01972998948693,-20.7923737193848,1.7826225243160052,-10.352019929981557,19.489911203429624,1.238750197737369,-8.679678391097307,16.21460344203262,-6.990834324599756,-2.170390927400188,10.370779819266668,-0.1091650011994986,0.3781774862480589,32.16946335450126,-0.06405093441869868,0.30416367716406484,23.787828325280362,-8.110757286334463,-14.723692575692121,-1.3293973652129694,-1.356948982233819,3.0220368631574517,48.35310037268616,-0.6928297314285577,2.2670051999504817,33.98399546937943,-10.580186947916083,-15.591636209202893,7.540522078579802,-0.5052654885803701,1.0929220162563595,49.61209345246289,-0.09191278105853945,0.5151529389506677,20.232289501323258,-7.694453024124827,-15.04104459590199,17.698171094560884,-1.6054974432877656,4.69716155241143,37.70557468701407,-0.5284747384596808,2.7889838563338096,21.455181278993074,4.353408482428142e-06
46622275000,1789023988461816000,3350,1789023988457,4.816,True,recorded_pose,10.91301408800141,19.7443515247888,16.713533142080763,20.803708852573322,31.871432120965526,23.38190247250855,17.820324936751916,48.02886867887187,33.190640155967834,15.873999180785681,49.132097894514125,19.8915936540685,17.97145884093679,38.231015321439116,21.656985836181867,33.6577148455094,47.93654336855349,-20.94360900019781,1.4441455897788953,-9.392891619589218,17.443224796140793,1.0294423433956328,-7.937365526186671,14.756557230396703,-6.962692821610947,-2.567039926165905,10.254531343669095,-0.11461683594260874,0.40103911959607647,31.86872931571224,-0.06643254797727269,0.3211364316689575,23.37982386867447,-8.009344756489714,-14.889924627727602,-0.5383913181817259,-1.295261580737706,2.911285932200025,47.9613725805204,-0.6400098299533157,2.151484186491878,33.12930762225053,-10.537160631372396,-15.491163144326908,7.957679110195077,-0.4969508283361748,1.0871289047913384,49.12165264647378,-0.08714302384345307,0.497096103071508,19.886259769963385,-7.70196149779952,-15.015029308426612,17.62573437409628,-1.6117688070253373,4.678335438196709,37.983922240146875,-0.5266730852681845,2.775102603862442,21.488245446755748,4.00455336570039e-06
46642275000,1789023988481816000,3352,1789023988485,3.184,True,recorded_pose,9.755341824209212,17.5082781388858,15.14125157382259,20.8031263087792,25.046073728992383,19.933896143557455,19.09241174370965,42.51506102155539,26.218465587306024,17.51658996304934,42.87785993516018,14.588071431202797,24.083538279348875,30.96253559102004,14.239469321956634,32.693031461601095,47.14462501471258,-18.24389921817167,1.1832356911546231,-8.881689335530176,15.146652625842934,0.881928053395198,-7.674248904388626,13.092222633271986,-6.880465430126443,-3.6642426293266275,10.046126614925225,0.012253081160653122,-0.05557640408208693,25.045586491438236,-0.0010302558556306899,0.0059357021964729735,19.933900857432405,-7.490638790322111,-14.70212224752043,3.474193327299329,-0.6968286994862632,1.7924919311156884,42.483592485229806,-0.2630419956577694,1.1304816592507332,26.19631236424469,-10.27554555737441,-15.159058698519233,10.40355126541091,-0.28525392695470864,0.7263059509651794,42.87138255499702,-0.03136682813594208,0.24508443850170022,14.58668518622012,-7.610401538825879,-14.047008825661784,24.22135385329109,-1.0863222264811725,3.9492658617447787,30.731162143871156,-0.22650820428810875,1.8280798941967245,14.125355304042802,4.517745487845102e-06
46682280000,1789023988521821000,3355,1789023988526,4.179,True,recorded_pose,8.470769269266725,15.706288698328873,14.436961791759604,20.511632860075554,22.897813779485098,17.950538308832087,20.008663288062316,40.33793829458098,23.800335133657853,19.62477401560424,41.34773358123797,15.281340233824682,26.775959842841928,33.94882585977193,16.38834515612303,31.777916753415045,46.54310167464201,-15.229145065765207,0.9565544377487651,-8.051949276944336,13.527361408870958,0.8050954336764781,-7.3723291569481955,12.447725063022844,-6.857342935031125,-4.279864414207996,9.668340376399646,0.019821704368606488,-0.09828613772704292,22.897186789050888,0.009639905043455023,-0.06095339124209898,17.95044447018152,-7.195068745910771,-14.296910743076163,5.92624954538761,-0.4638919523325146,1.263452423098448,40.320661610012955,-0.1676612782307039,0.7959957892446455,23.788300737011163,-9.993723962835796,-14.573643624078384,13.409652755315722,-0.23193163473652137,0.6144849304211492,41.342469943894585,-0.035688001425105136,0.2660591998067024,15.279706902109284,-8.14613574786348,-11.442585706430576,26.95226111724637,-1.6040820800799076,5.310875253361069,33.57685537855478,-0.37711966731661234,2.6527570723341034,16.179310061273455,4.182619578303747e-06
46722280000,1789023988561821000,3358,1789023988567,5.179,True,recorded_pose,7.335175695527248,15.04451969781798,14.333944844590492,20.99459338502004,23.387926642830497,17.801530350425566,21.978406850743806,40.20763700028753,23.00916687241679,22.967727251153477,41.50145607159361,16.242922666549326,30.20206710203289,37.15520422763179,17.491060445485147,31.164267990928604,46.46680352512368,-12.680347926059735,0.8727577103669045,-7.656416555109702,12.98667205530023,0.7891775169762544,-7.258321304537997,12.394206766949322,-6.768002171892055,-4.927957531855265,10.067026912831395,0.03348942991747408,-0.16221685188475332,23.38697103729242,0.01694461800508617,-0.10811641531632621,17.801219492184035,-6.757525430896611,-13.741242185497354,9.78143430058263,-0.37475789515452307,1.0241458763010813,40.195938371151236,-0.12509332270536885,0.6147906822525537,23.001904387853312,-9.626110511166823,-13.929897577675831,17.571765729835153,-0.2891316055640314,0.763019587168675,41.49419382330598,-0.049529069079827764,0.34714312503938477,16.23993977484365,-8.69948614053827,-9.263143190658164,30.192867641219188,-2.2578381091807516,6.815187529595057,36.61054975289118,-0.50685362552207,3.3549565876569694,17.177411264509253,4.353408482428142e-06
46762280000,1789023988601821000,3360,1789023988595,6.821,True,recorded_pose,6.515836428644452,14.917077125149858,15.240805835022677,21.43369640418403,24.39719921966797,18.0277185257674,25.71534355107999,42.118154744804926,23.102434828320924,27.8732702961054,43.78798842092144,18.44940702978546,33.73071877885237,41.611007421435836,19.70344821270842,30.789358753932287,46.702333054138556,-10.794979553626227,0.8598932419926698,-7.618446283346938,12.860267678940293,0.8947728556938306,-7.739186167455995,13.17043216834793,-6.687254764583081,-5.383576495039459,10.514144392298748,0.046586427625776285,-0.2159180751261382,24.395879591539497,0.020399652957747306,-0.1285190856666086,18.02728273596067,-6.165810698994522,-13.09409957460238,15.358248687533862,-0.39287531825149163,1.0205807269115614,42.107231411234345,-0.12879058718341527,0.6303451559678942,23.094811223513037,-9.161880640993568,-13.259900387761446,23.147737349342165,-0.6629506792793497,1.6503773617977602,43.76165679086345,-0.13789815244996018,0.8499328512360385,18.431124070630805,-9.115927176984961,-7.983538261945636,33.69086211835254,-3.2912930091126933,8.825416518108636,40.82892061781919,-0.7619890068714665,4.502107158523714,19.20333162677275,4.094554566467037e-06
46802285000,1789023988641826000,3363,1789023988637,4.826,True,recorded_pose,5.431504382284396,15.525677874798836,17.725222849500053,21.85534551190275,26.408283092501023,18.831508499634165,29.930270761837157,48.07624533453467,24.686705817398863,33.38042721838238,51.04946902190612,23.290607554460262,36.545955291878975,51.502187535344326,26.726819907439733,30.570813793266886,47.56656926809363,-8.998982476552175,0.9388009359086443,-8.01644686964533,13.337005502814831,1.2214787649302146,-9.083922686752123,15.285662492474135,-6.606108267341902,-5.760072921915591,11.007348261789122,0.06185973500242423,-0.2640813980867586,26.406636154607096,0.025589709699527667,-0.15423902226946518,18.830907166156535,-5.710456190691451,-11.963674695608864,21.030442495634716,-0.4947325520223701,1.1094316233725598,48.06572969807607,-0.14682629739931627,0.6711806980521131,24.67865825484619,-8.782766805621604,-12.306525028045877,29.200771942943778,-1.3725137235328262,2.8774559515148086,50.98945365137834,-0.317491397911722,1.5436778776419369,23.242859790512426,-9.626933782902983,-6.605122267928622,36.44153414816724,-5.674882639831253,12.002750664216736,50.47310603059338,-1.5938633687086703,6.929417789993309,25.878162341535333,4.182619578303747e-06
46822285000,1789023988661826000,3365,1789023988665,3.174,True,recorded_pose,4.805319420406881,16.156527755957516,19.417144792374536,22.01457723540533,27.698439800826897,19.458641452238986,30.846323093040642,52.49164130177267,26.12341834988021,35.01912271094328,56.51376805995368,26.386645137893712,36.865294751831556,58.37441534039201,32.106506058740464,30.56456868872546,48.2479013271511,-8.345446729395565,1.019865240408316,-8.37306320880516,13.864486205333641,1.4704006964050143,-9.9612044016595,16.7530989238308,-6.5762470724532305,-5.883678336832043,11.195406005892876,0.06692727709291675,-0.2718987617450479,27.69678934173336,0.03727431703199204,-0.21733186219963466,19.45748284202546,-5.686477523345677,-11.374211453843715,22.333579311100593,-0.581567908158615,1.1797382396915552,52.48144868658376,-0.12923558736619292,0.5571455294501694,26.118400469542355,-8.736499556553355,-11.851495430939663,30.99651637743957,-1.6990605948410717,3.16426113836833,56.454349874366045,-0.356741280483911,1.524098974440723,26.346366874719873,-9.888812686645785,-5.837182853155194,36.636559801936755,-7.44800806089695,13.570086722207439,57.352359902442885,-2.2940889905455433,8.218080081303844,31.147377426454945,5.4668187275950014e-06
46862285000,1789023988701826000,3368,1789023988705,3.174,True,recorded_pose,4.197024608884033,17.308902356178155,22.415663119409295,22.75085890610103,37.60299988766308,24.204278642581055,30.48644998205501,64.9389431794774,34.20490793291876,37.211375021558965,67.6199078636607,31.538986236409375,42.32927628298698,64.91448832622221,36.00598047972883,30.571305321496652,48.92613008433608,-7.781933872064073,1.1607007955672508,-8.833357110573258,14.942127901790009,1.9464303605660014,-11.298879532473544,19.48822146158672,-6.497684787959288,-5.7436773813662585,12.170651311017368,0.11473281171366194,-0.3374229897636109,37.6012877476307,0.03713090984090767,-0.1731130602432241,24.20370467916513,-5.76197942998182,-11.146674854328873,22.035767887643537,-1.5735388289654406,2.4738351183515337,64.9130844031353,-0.47823015241211064,1.5556621358965288,34.17432242444037,-8.73024192673152,-11.21688892665368,33.10481160679144,-3.3387391864549176,4.992007608111844,67.52852406313907,-0.7934364943485988,2.8197363569852705,31.42625587913779,-11.031129678815903,-3.3251297577423746,41.34022252668193,-10.45578953796436,16.74859832376843,63.71727213446591,-3.347120717288372,10.724305160916185,34.580950279730075,4.978313060379714e-06
46922289000,1789023988761830000,3372,1789023988762,0.17,True,recorded_pose,2.8582324064294817,19.72833198232466,25.754093097384683,22.815549610343112,45.02530574731121,29.738244648074435,27.28527527925906,73.90262468837554,43.46763950340882,39.944120115118054,75.78825442262381,34.34277771834228,47.30393895222669,68.07362922364308,36.93605314006968,30.84298075559016,50.2536694924859,-7.706367496680635,1.4980109313177992,-9.916574898858912,17.138579504859013,2.5562358473450266,-12.76636398065144,22.557746677653178,-6.6002224623031935,-4.164256650054947,12.977024917040596,0.3172930005359869,-0.7660408119874469,45.019775992355825,0.1404080740766577,-0.5288668806240806,29.733982290995968,-6.124079955949455,-11.133100253516455,18.461113451474684,-2.5675385121004908,3.4146569894068324,73.87235363101681,-0.9739020953460568,2.446185699219262,43.412987002380405,-8.663844778519143,-10.798334067865326,35.381103153013875,-4.603265132071376,5.920430863165043,75.70890250419063,-1.0575689304505407,3.4376085617722274,34.19194463202179,-11.444170593695967,-3.1567385485709027,46.35119632034741,-11.853869588496316,17.859197136687065,66.89803430143083,-3.6455669373589727,11.39764318046609,35.37547698894828,5.399738656763834e-06
46942289000,1789023988781830000,3373,1789023988775,6.83,True,recorded_pose,2.455918490900899,20.3857498621387,26.345489659847306,22.652181043902733,44.72486082514608,29.843556791259523,25.933623431171466,73.59740208316234,43.3085468057073,40.120469726057884,75.84898734235607,33.41256361224241,47.31961071257754,66.83123924110188,35.777749557788724,30.97293817171132,50.60970422664764,-7.888669481302649,1.5961571602674618,-10.199612530659953,17.742693832749417,2.6671962151273507,-12.98234998697132,23.12684328038234,-6.6590950660799635,-3.6313668056161807,12.996720341620689,0.35921084100144673,-0.8736868203302679,44.71772428132775,0.15870856459268595,-0.5956191748472545,29.83817108131649,-6.265670151957281,-11.277706134406944,16.825921981248758,-2.663440153188554,3.562074223611994,73.56389180876589,-1.0134472637845424,2.5561553335734595,43.24848003366099,-8.670728228719572,-10.766327529810034,35.42173024809138,-4.663413418919261,5.991357473973884,75.76810557887165,-1.0217911420214856,3.4202927940327847,33.257882484348606,-11.246409251685499,-3.6416273257064153,46.49249770767537,-11.367951461149453,17.54744869802701,65.62602598311756,-3.4220169848200066,11.078199738391715,34.24030357702875,5.331814711926507e-06
47022294000,1789023988861835000,3379,1789023988860,1.835,True,recorded_pose,2.581012365770072,23.21988598127072,25.499403156830684,21.389061487190986,38.46814735397293,26.092373105157805,23.458757146608814,72.54055374206536,42.87338583400613,43.0315814161082,76.97832875890053,33.92434788675689,56.39315949105321,64.90729442508746,30.629787896085123,30.59836988502352,50.636365426283376,-6.527583856222742,2.1297857864138567,-12.031476834189473,20.00611200509253,2.569675359701071,-13.129670696296262,22.056361788394685,-7.027201314048035,-0.4551432224262019,12.841828298599207,0.4212568038343324,-1.2083006142113126,38.45170830640377,0.20266943222166173,-0.8750426306750978,26.078737975269576,-6.567483653497391,-11.066324521925631,14.086293577944542,-2.7930429977793083,3.8085367587063175,72.4998041225114,-1.0688163245430318,2.726586620171981,42.8039002819727,-8.949237267772391,-9.387803187274223,37.736041045929646,-5.532535307115464,6.96699868374145,76.87821427431363,-1.210994190939146,3.994795111590307,33.71692760803327,-13.091876034201464,-1.1864434098183383,54.912696035302936,-11.870702017022502,19.134764027827615,63.32481326154753,-2.751027775205365,10.6512235385514,28.889400418748846,4.978313060379714e-06
47042294000,1789023988881835000,3380,1789023988874,7.835,True,recorded_pose,3.382246136648773,23.58167681112799,25.16039012252293,21.511715672726517,37.30201837713345,25.161057380217184,23.66209636554179,72.36869032092599,42.77071291915475,43.41744815001394,76.81682213227357,32.95584107232981,55.8882422032107,64.00726383642696,30.84458960465454,30.182166953918458,50.32963384596186,-5.243799940621786,2.2152795751047294,-12.367342586128226,20.23522503398008,2.5181155648259126,-13.09879420756455,21.674405581538775,-7.062352192574329,-0.005073808786352924,13.189595826816527,0.3622350816589393,-1.0740018848653459,37.28840130327303,0.15830503204932939,-0.7095544372841445,25.151714378016482,-6.559828460801225,-10.811827586619573,14.496039058033746,-2.7435960957722934,3.752864820127267,72.32869400934248,-1.0460990011359783,2.6755410196827465,42.70358457940809,-9.027768688195113,-9.085917881113781,38.103871218868434,-5.544006132068855,7.001909318246773,76.71443062155544,-1.1500152240745465,3.9124025975028687,32.74944066331623,-13.060974908296277,-1.1571482150910857,54.443211009900146,-11.552071810576393,18.96546693626949,62.38936441077377,-2.773238467006085,10.648200144016423,29.120818675453418,4.7536104815230715e-06
47062298000,1789023988901839000,3382,1789023988904,2.161,True,recorded_pose,4.357400667620791,24.444881767448926,25.118250270969217,21.523415921521092,36.475460550752494,24.40873229075665,23.74484419967999,72.45834915098533,42.61353290132213,44.55554237625499,76.80418836738309,32.232835815077664,57.37654905650231,63.73368415163199,30.38963494565363,29.71802674763812,50.01298652356582,-3.746598088481928,2.404370188146572,-12.990417772376212,20.886659595107734,2.537677273159187,-13.308213659681552,21.500249755917597,-7.1526771867131425,0.8853813575146753,13.53157164312502,0.3675547230277437,-1.1163219677809282,36.4603471583842,0.16561851748038087,-0.7660281554993182,24.397458068271458,-6.580275852056833,-10.378709039008104,14.87624536610952,-2.8573039144986083,3.902149846742711,72.41540063281795,-1.0817345362943804,2.7782893947582354,42.540698061448516,-9.250056229530601,-8.26447245767917,39.136266842014024,-5.871709988336486,7.418725813887521,76.68922767510364,-1.1667775020228917,4.067025884166144,32.0033125946984,-14.027805952103302,0.508332190634934,55.45551477980498,-11.956829329141486,19.792901078223302,61.94128879517708,-2.8027146667843494,11.000410413500784,28.508904297729277,4.597711793052989e-06
47102299000,1789023988941840000,3385,1789023988942,0.16,True,recorded_pose,5.921230743183191,25.1879354159254,26.196539388622472,22.114249458276007,39.65527202792041,25.718635546190427,24.67925452199922,73.3974319169476,42.82867313155907,46.32059065786126,77.00100923590762,32.687792632323436,60.340619526168645,66.24143633916685,31.77753160965243,29.051892991217205,49.4929438804762,-1.5436106177226812,2.585490787162031,-13.631814227449757,21.38286031655643,2.7948236076740254,-14.109174331327928,22.30267010429628,-7.181180254379263,1.342756140512963,14.324510838936568,0.4127566209240658,-1.145565603433239,39.641051407499376,0.18049621824307824,-0.7909595612597412,25.70731100877738,-6.525176754618617,-9.8794061670393,16.248270235600724,-3.21211291388141,4.312484357193475,73.34806315573204,-1.19741755576088,3.0594777184649664,42.74087845922432,-9.488629964927634,-7.3483008765285565,40.81897404291475,-6.3668743315960565,8.01784937021037,76.8688744091603,-1.2915777636737522,4.440921534999003,32.418537191432854,-15.847277770108054,3.4004589378457784,57.585236711092215,-13.955107745228744,22.06420155510414,64.22951132751446,-3.2875556297054738,12.452262854449765,29.475020972255734,4.90455619685548e-06
47122299000,1789023988961840000,3386,1789023988957,4.84,True,recorded_pose,7.386009732562852,25.04854045174976,26.598358529081686,22.694537827180184,42.300006037668226,26.795217577261436,25.57193158415867,73.83281971433082,43.05005174051751,47.28659998557775,77.04688821279227,33.00483421267232,62.20920842884364,67.83701142630788,33.20700673706324,28.49971966554112,48.83125761205107,0.27032035620637435,2.5678775364361983,-13.659560493346104,21.197894214736426,2.8952841035913806,-14.419734140325145,22.594301830618672,-7.167666762189501,1.407534558933817,15.003281398822837,0.4760062373270166,-1.2312481094583874,42.285062772807194,0.1998622091747894,-0.8394166025564019,26.783052168650443,-6.454934588992037,-9.709061241573044,17.34001676820344,-3.3907925345356067,4.51664386967332,73.78021107801224,-1.2631527535180986,3.209758521041161,42.95410111202482,-9.544664199522526,-7.068188011498679,41.78212558558256,-6.571663968560871,8.269812850593327,76.90684811282847,-1.3561927595928271,4.618011157286898,32.7170300885043,-16.51008971471429,4.091552110256503,59.38701881820722,-15.017398353215524,23.029772949354204,65.79776552257631,-3.67811250449793,13.345953962622428,30.693333775264044,4.90455619685548e-06
47162303000,1789023989001844000,3389,1789023988998,3.844,True,recorded_pose,9.109083560305939,24.85352864507834,29.602698390487973,23.990579946945726,46.56253789690589,29.40942089657002,28.16795964070634,74.38078976434036,43.29766240273639,49.04531105491879,76.5813417969891,33.08154277203288,61.156556041683665,68.94562308718352,34.62954719450993,27.889103260625863,48.21553991696815,2.4705450641012265,2.5388401214167735,-13.660586759505096,20.96188996705683,3.6165167090364974,-16.083637359985154,25.191956670871257,-7.12179949061142,1.429182923855063,16.536097820999252,0.5574464654444902,-1.2963527659388954,46.54824644261398,0.22560743567406188,-0.8599624047294688,29.39798232174103,-6.2650745557749135,-9.29769157629964,20.368209928688703,-3.7360580619338726,4.927801157440388,74.32049846033274,-1.3911446734208803,3.514177622648894,43.18349649932753,-9.38481440052687,-7.227362534062988,43.65524831788251,-6.7677655575727815,8.589962350188806,76.42468596541835,-1.4172404065319062,4.817588254728278,32.76901240136988,-14.671709197489701,0.730087818846467,59.79266211743895,-14.02392078199123,20.90335145313661,67.38030340177544,-3.6759136801922048,12.546846091762848,32.54543123263527,4.829673078902934e-06
47222303000,1789023989061844000,3394,1789023989068,6.156,True,recorded_pose,17.471717986007775,21.846003448773057,30.90498483842194,25.07492894912139,50.89560468415684,32.89509011288137,32.02820031066941,74.3487268712125,42.996262395243946,50.36932282487641,75.83122311036476,33.322595961670054,58.995826935084494,68.68738028852886,36.672491585728636,26.14515344221514,42.07565246955485,9.595186226397175,2.0151967229100296,-12.757469762526553,17.880939740999583,4.081946336429699,-17.735722951344137,25.732425079761015,-7.086550312914239,1.5138294448436813,18.06229372648261,0.5921304196305419,-1.245035571935662,50.88420307058487,0.24221001777324133,-0.8206282049346635,32.88601523786241,-5.972708295881953,-9.02214094405665,24.54114437593643,-4.114416998883546,5.430971453802174,74.27547377682427,-1.5099873756386575,3.846087760531181,42.85788007003485,-9.258328732958166,-7.324493519827977,45.26229259467018,-6.9948546246889265,9.001944441607145,75.64923639131568,-1.5099794162695968,5.098554243668118,32.975408765634086,-14.878851471070874,1.5928830805791963,57.66527730756195,-13.88593910437256,20.801223735010726,67.11720904613455,-4.103119969955838,13.141168456310911,34.551082647854855,5.122641877509564e-06
47262308000,1789023989101849000,3396,1789023989095,6.849,True,recorded_pose,22.896192065403273,21.07455446298658,29.72106686080943,25.71644312178759,53.58804357558977,34.43090987467514,34.40322032464811,74.35073429501577,42.62469492460824,51.14251159641178,75.83619339513328,33.92787358261213,58.77713847068091,68.64622305808892,37.10142897361321,25.748721546740814,37.30783447644193,12.921228510294256,1.8911643910124945,-12.560542702823293,17.05798693254516,3.8024682482746597,-17.395785024169662,24.484944700857262,-7.06146895016371,1.5132446825609447,18.861811772214047,0.6464871728951894,-1.2808347163726994,53.577077337649136,0.27542363460330643,-0.889119850652933,34.42085706498519,-5.735891356573827,-9.163840185923242,26.98229383712619,-4.206474183714122,5.552533115484925,74.27420108448574,-1.5197045496952872,3.9086584336641064,42.47985823025699,-9.35420713789465,-6.990499809325515,46.12054751099891,-7.253414543015546,9.335593618630222,75.64049413304313,-1.6196017335753299,5.36905769047855,33.551296563796555,-15.75943207807268,3.4317365331404415,56.893254619854986,-14.379096342092556,21.600885433218867,66.94110503458349,-4.337700131590888,13.783910304744316,34.7940005099485,5.263014220319209e-06
47282308000,1789023989121849000,3398,1789023989123,1.151,True,recorded_pose,24.608403111267613,20.56309610761915,28.541505641669968,26.188833665678825,56.582211297629655,36.409788870388404,35.80517714987321,74.6942980708477,42.37677426645914,51.795594522777456,76.75179177555161,35.17368733420177,58.420348234185674,69.95595760551926,38.200864162766074,25.71401769881724,35.696325778319675,13.82337702395849,1.7992220805674046,-12.262230629379543,16.632584116087564,3.5013266732335384,-16.75670431978284,23.447686421523358,-6.999374599579155,1.2391077919583913,19.353218619257667,0.7393875012489804,-1.3743907880212811,56.57092856833598,0.30699662055028143,-0.9336926141419405,36.39948449040988,-5.510585072023084,-9.612859538525024,28.293709849151377,-4.292707312717832,5.6312181863391935,74.61739066975154,-1.5209472743705335,3.9373891617774053,42.228495204562904,-9.406299848417426,-6.78846613583095,46.813116865228835,-7.648614697302537,9.683487286443071,76.55520623675667,-1.794943498988787,5.7296754081360195,34.763992070191655,-15.718797280220013,3.444194377591425,56.57979509814599,-14.861076121293479,21.746400491037782,68.34286400663767,-4.589359735723737,14.11287695125678,35.875284906180234,5.331814711926507e-06
47302308000,1789023989141849000,3399,1789023989137,4.849,True,recorded_pose,25.531876523498408,20.282840794057478,27.920347104120527,26.428061351437957,58.01955009383642,37.3520600089208,36.5011018254377,74.84244232014,42.25914899563674,52.1171888492182,77.17788897972696,35.768878234848515,58.252830162002454,70.57191954756759,38.71739658395577,25.698776394790666,34.899285681954346,14.3681393765532,1.752437902969621,-12.13745669404935,16.37144199516682,3.3500143953808377,-16.437799374302642,22.89051440682884,-6.970923118183071,1.1245461710260451,19.609741642002692,0.789204927625247,-1.4238864295119606,58.008097054860194,0.3511396076538579,-1.0391341114987702,37.339724094585925,-5.403876433743156,-9.794755359868935,28.95751628839498,-4.3203472045445785,5.652282956415719,74.76574039620405,-1.51816164018619,3.942311843556743,42.10987821529904,-9.440118327618283,-6.67263940053552,47.15402236733225,-7.826381159228709,9.833001796990777,76.98185690290981,-1.8752551918538036,5.880787611986627,35.346539343670976,-15.710788599733618,3.4706559858190476,56.433743680542975,-15.08001079255353,21.797062164997666,69.00515509545197,-4.701825520025612,14.237483207663361,36.39410286063704,5.533085616490782e-06
47342312000,1789023989181853000,3402,1789023989178,3.853,True,recorded_pose,29.112009363806976,19.686469023371913,26.166014539853578,26.642174833506754,59.70180202068409,38.78864540127709,36.5875548340387,74.44761201378763,41.80294987125621,53.45271171907308,77.25762757710065,33.45099607269112,62.32463427876235,70.23227906337178,37.426578777287794,25.671351597670423,32.01947904925705,17.060411783392684,1.6574085839003718,-11.91315264799025,15.784840710976521,2.9501744522916415,-15.627186134750799,21.256423391199,-6.888995154136121,0.6677908661350616,19.689084700590385,1.1532341511918782,-2.0106450194109247,59.680784603381845,0.5121944015667288,-1.45574338629509,38.76563895927164,-5.205068961774869,-10.644263475541315,28.7340184714598,-3.898746368131999,5.136500569052936,74.38245298324165,-1.355505350081857,3.559974011248274,41.679424551319514,-9.27515556590872,-6.896406043426533,48.45827772834641,-7.810979062421106,9.799294822119833,77.06418649176142,-1.6428860658791031,5.534696011923074,33.043192407324504,-16.113732967898553,2.9424828638969833,61.03806904004799,-15.264865647063079,22.23862533020766,68.56564356908328,-4.481748694381958,14.139982477732676,35.02163656987996,5.6632936810203185e-06
47402313000,1789023989241854000,3407,1789023989247,5.146,True,recorded_pose,36.20134315621256,18.875030955603393,22.349501666763633,27.1241857715709,62.586784381200474,41.04674111275258,33.8372320712295,73.292507390201,40.963312424816394,54.90089109709577,74.92745025160941,29.700900261876612,67.75267690324257,70.51260705791888,33.267346885646724,26.09630533783815,26.073572827449397,21.728041833982765,1.52860751412778,-11.548808091037367,15.029484978876683,2.1502814663611205,-13.567462181289951,17.930801685166657,-6.784519614974009,0.08447515035367045,19.76655973646745,2.0634688335556794,-3.3979940978335743,62.53407214556726,0.9347320030585705,-2.5007436071165547,40.983996507885635,-5.29206025528033,-11.744755087810313,25.318528490087957,-2.936458101513786,3.949530808462084,73.25070360311452,-1.0099788215308267,2.7088038121697204,40.88993883858824,-9.076411384581759,-7.173409870303637,49.80060305754365,-7.223772786102189,9.453744295665295,74.7133635708074,-1.2690916641621877,4.8452663340273165,29.339264981397932,-17.118978688256743,3.1491641386513107,66.62593688795947,-16.901659845965394,24.63075054354119,68.46693284501129,-3.838694007276062,14.024336272545897,30.480731827828343,5.331814711926507e-06
47422313000,1789023989261854000,3408,1789023989261,0.854,True,recorded_pose,37.03670676263985,18.64625733931351,21.53776492682061,27.271437117078587,63.37247470921304,41.673689765467785,33.18451824044802,73.02356687246487,40.85016599187787,55.168093161890404,74.71755144323082,30.292482898489013,69.10185860143591,70.58207695398801,32.79126671433234,26.179856804045965,25.379397334061572,22.300585129235778,1.492245460562141,-11.428271645813435,14.829973602007543,1.9955489756821763,-13.102604862898083,17.246718505466102,-6.765150273004105,-0.008474575660847581,19.83775841554745,2.233159185756868,-3.621488513215732,63.314622608273105,1.0163306779132562,-2.6748170892010674,41.60345841838398,-5.3435796960697255,-11.896692232728128,24.53125106622642,-2.794236985122176,3.7765767264004495,72.9846375925452,-0.9612775155866552,2.5855837765689005,40.78310155343408,-9.037040842300136,-7.2294590755974015,50.038021663061954,-7.1587289595991175,9.404427367352525,74.50262826191094,-1.3149545577860404,4.916890416041459,29.928853856509942,-17.34332012245491,3.146655133368032,67.99912304197031,-17.056924958210157,24.835032983959866,68.50737053060446,-3.752722670145037,13.950212857365004,29.981250827521638,5.263014220319209e-06
47462317000,1789023989301858000,3411,1789023989305,3.142,True,recorded_pose,37.44127294421205,18.12427758448267,20.703616022250248,27.074024044408386,64.5569708979632,42.325349492670746,34.85681830139235,72.23415857109288,39.93829559262467,56.83748431822089,76.00397072433552,33.13394427897298,67.3885154050662,76.29742183310432,38.13896021370285,26.21266326974803,25.13183308513944,22.705858630780327,1.4038970019874977,-11.019238948710482,14.476971720467361,1.8352551047374672,-12.504524985535182,16.635078184172496,-6.771735204597308,-0.03471779370252193,19.591110955727167,2.3899984392666007,-3.7877229683800406,64.49692535335058,1.0879284714231328,-2.8153106715417326,42.24929426568051,-5.154510195559618,-11.828301412538314,26.406628248444544,-2.8529438460206946,3.912277489158223,72.19041405922536,-0.9586689021790241,2.6431352418920437,39.86586689399348,-8.985016145005966,-7.149817961385083,51.65676107479274,-7.697318305697548,9.879804629132249,75.78735784264535,-1.6310972180744254,5.55262101011739,32.71842195053139,-16.720756258745652,2.58706850453947,66.40186873259702,-18.904783625974332,24.521213604490544,74.90536660932379,-4.903112134960042,15.29291574555694,35.37520507224691,5.7905745997743736e-06
47482317000,1789023989321858000,3412,1789023989317,4.858,True,recorded_pose,37.01817377545531,18.130744768084277,21.06825442366056,26.78809713512576,64.76804723009779,42.48059345406367,34.31485587033805,72.00365818862514,39.964987621336626,57.018293950473335,76.30609691529385,33.49443576845913,66.88649947561665,76.54487982408158,38.725516708478985,26.135898038060233,25.738726976790804,22.79641913878644,1.4011796609086251,-10.955408361015662,14.533052967489063,1.8960414895875388,-12.639462745821179,16.995916005870807,-6.7938295927973655,0.010722077655883712,19.272839863029816,2.354354796385191,-3.715891309824664,64.71079180501175,1.072993104588275,-2.765307181131538,42.40761973296154,-5.224287387853285,-11.799349060435139,25.82853713769116,-2.885294946200316,3.9735192812212423,71.95794441949486,-0.9760864809144355,2.6893713952965865,39.890052055931044,-8.964693669219576,-7.173691843438878,51.81252092517901,-7.797943828716026,9.954435298521153,76.09108441105676,-1.675843324626215,5.640473857379058,33.07142443465726,-16.430779187097528,2.2420131342552163,65.95464381074903,-18.561496324334577,23.936827407123918,75.24841052305041,-4.952608899584448,15.1248745689966,36.08574110275584,5.853177225625917e-06
47542322000,1789023989381863000,3417,1789023989386,4.137,True,recorded_pose,27.76068726855379,17.52743792607988,21.632044432477585,25.991842958951597,58.871829635027645,40.479409591298165,28.407653990143512,72.40212689755813,42.878768148908506,54.14041141343774,77.62746268328031,34.43392286739194,60.08676634150104,75.2227683781188,39.5772970479358,25.4429867356609,34.099667278886706,17.878175814411854,1.2657956983808705,-9.903304339085366,14.531660023779546,1.930027916286625,-12.091223533403065,18.07378576290082,-6.765395742947175,-0.5210589429429817,18.026523923698196,1.595241873381963,-2.8294295722557607,58.82921323515582,0.7507973862032424,-2.0383611516263263,40.436903564766354,-5.954963432496134,-11.584621497167532,19.372898222345444,-3.4702533585513553,4.745482620253585,72.33874869134468,-1.3158003443844208,3.3590416000727807,42.77297779764248,-9.077328748353354,-7.296768667237369,48.75768744032487,-7.973209076872865,9.93672870415411,77.43444837651333,-1.7537371815013048,5.729620687584391,34.01265149546143,-14.090473568271399,-0.18343575856094096,59.25023986665748,-15.75496315292791,20.74299354709213,74.16954584005472,-4.60421966133535,13.48054483943545,37.57164108646752,5.598568198963992e-06
47582322000,1789023989421863000,3420,1789023989428,6.137,True,recorded_pose,19.14316518967487,14.696569781181836,16.960014345187506,25.2793916478202,50.103927474544776,36.18724362202749,28.056459924185916,72.53960992391023,44.77239702663369,51.22510134149241,77.2339304587593,33.10192177547365,53.57673989898907,70.16838700087769,37.28012515917454,25.826198043703652,40.94298085467422,11.606325880705297,0.8785487998052977,-8.168684805197318,12.256204514095813,1.1710142840693185,-9.387908955193819,14.189289143667708,-6.708421005401425,-1.1998066198571764,17.116199433375378,0.9556798085794903,-2.046299790887472,50.07297057632107,0.5006822881105649,-1.5335681825270326,36.15918757117591,-6.033697882663882,-11.26133738208171,19.145890496872276,-3.560937465731608,4.857411864776426,72.47378374998095,-1.4826692811478097,3.6089183606504633,44.658032999227025,-8.910411155481528,-8.060424926124464,45.89112472645763,-7.392485115408853,9.27575594588013,77.06034513741164,-1.5396559997283876,5.239457753200015,32.731947883056385,-11.198198065964355,-4.736838554183182,53.96554790297433,-11.444736679626788,16.504275154624303,69.27480244587156,-3.42798213071645,10.532537808426014,35.971610725283085,5.122641877509564e-06
47622322000,1789023989461863000,3422,1789023989456,5.863,True,recorded_pose,18.439000771712756,12.780673801397386,12.407596203802132,24.674316716412115,46.652790189478644,32.347650621689475,28.02383285683307,71.2296780217287,44.017775584827454,48.23430040118592,75.62800051170922,29.14551621721838,47.28930993868593,64.32592885647013,33.975838242786104,25.96192989116489,41.472516576609834,10.708663914818953,0.6604400127359626,-7.055976784958058,10.680681857477094,0.6193833593980463,-6.792682427019256,10.408052173299174,-6.716433377109831,-1.3696588260594305,16.52615336617129,0.6838484064846932,-1.5870001693968794,46.63164085963348,0.3383364602463634,-1.1671841275414954,32.328886465373806,-6.070038340973989,-10.991850710250072,19.242165699069968,-3.5146771156603838,4.911590862534034,71.15704201590047,-1.4510718565267566,3.5994913808817253,43.90095531189287,-8.886497735137507,-8.573448631885384,42.99036971920486,-6.750489281279754,8.718324860399955,75.45478722528676,-1.120561049928869,4.354884696580167,28.84722370028674,-9.756423785437798,-7.214030739927205,48.146988158116265,-8.693843179630942,14.009853645326244,63.475340155990956,-2.5579793012363274,8.622827188578286,32.99238616643099,4.978313060379714e-06
47662326000,1789023989501867000,3425,1789023989498,3.867,True,recorded_pose,17.349054888440797,9.937858336002352,6.1568996141454,23.762037226248825,41.71662198466053,27.309483684813504,28.01271551410311,69.2427857079874,42.89189631038884,43.840843882487135,73.31142410303949,24.048256390118986,38.39109495178576,57.598464938631984,31.031477918428784,26.178796674956537,42.213209223719005,9.400850840329205,0.3917732308720866,-5.3344498371516185,8.394135748936694,0.1380824065566292,-2.9126910799282206,5.427192066835631,-6.7361200107520185,-1.5908693856402492,15.64411309534332,0.30197399337727376,-0.793058076774781,41.710053687459656,0.21130941768694525,-0.8701663905198103,27.296696319006923,-6.1215717391111015,-10.593946399435277,19.41514961907459,-3.3952941363432143,4.923628871688697,69.1614805027696,-1.3340844027621352,3.404798072729733,42.78323330332387,-8.956925240799137,-9.167470264177908,38.70689895435341,-5.64215535506609,7.597641765916299,73.15770158995907,-0.5885771681457821,2.7808021872187108,23.897050854480973,-8.281022616099465,-10.590610825894299,39.7304959312492,-5.642299809889164,10.371501110414053,56.98920250614137,-1.7376715603360209,6.382183196509703,30.433567604007134,4.90455619685548e-06
47702326000,1789023989541867000,3428,1789023989539,2.867,True,recorded_pose,16.248874243621557,7.269292051801935,1.7819845669082857,22.869536001043947,37.40413344716662,23.84121261473105,28.046050598114736,67.2962029974772,41.829511963672715,39.76149781011404,71.3286870907466,20.6995775968054,30.861243243653696,54.29299484438994,30.461303800303394,26.40072960324201,42.87552562709048,8.180133664977083,0.19975099386511527,-3.627530029564763,6.300955923170987,-0.006755238220993743,0.44884041301277033,1.7249649943910517,-6.763069172743399,-1.7677283418730876,14.792372762966089,-0.007372303353720425,0.021367233472859175,37.403695711483216,0.20102466564627294,-0.9528888054347293,23.823288446416377,-6.168764118092395,-10.21243457284296,19.61730981543833,-3.219911689064027,4.843802058790549,67.20940029566681,-1.1486645659878154,3.0120831396626313,41.74138083505014,-9.11396499348169,-9.551769037032502,34.71491927097881,-4.42765108018992,6.179612180389295,71.21396176540831,-0.2293334180477139,1.2579227903232097,20.663618153521462,-7.517998489143589,-13.309919281457773,32.34763250592846,-3.7337901447616106,7.32598774661636,53.95003985632918,-1.2998312526787579,4.829202934905525,30.113706663274165,4.7536104815230715e-06
47762331000,1789023989601872000,,,,True,visual_video_estimate,,,,,,,,,,,,,,,,,,0,,,5,,,0,,,0,,,5,,,0,,,0,,,5,,,0,,,0,,,5,,,0,,,0,,,5,,,0,
47782331000,1789023989621872000,,,,True,visual_video_estimate,,,,,,,,,,,,,,,,,,0,,,5,,,0,,,0,,,5,,,0,,,0,,,5,,,0,,,0,,,5,,,0,,,0,,,5,,,0,
47802331000,1789023989641872000,,,,True,visual_video_estimate,,,,,,,,,,,,,,,,,,0,,,5,,,0,,,0,,,5,,,0,,,0,,,5,,,0,,,0,,,5,,,0,,,0,,,5,,,0,
47842336000,1789023989681877000,,,,True,visual_video_estimate,,,,,,,,,,,,,,,,,,0,,,5,,,0,,,0,,,5,,,0,,,0,,,5,,,0,,,0,,,5,,,0,,,0,,,5,,,0,
47902336000,1789023989741877000,,,,True,visual_video_estimate,,,,,,,,,,,,,,,,,,0,,,5,,,0,,,0,,,5,,,0,,,0,,,5,,,0,,,0,,,5,,,0,,,0,,,5,,,0,
47922340000,1789023989761881000,,,,True,visual_video_estimate,,,,,,,,,,,,,,,,,,0,,,5,,,0,,,0,,,5,,,0,,,0,,,5,,,0,,,0,,,5,,,0,,,0,,,5,,,0,
47942340000,1789023989781881000,,,,True,visual_video_estimate,,,,,,,,,,,,,,,,,,0,,,5,,,0,,,0,,,5,,,0,,,0,,,5,,,0,,,0,,,5,,,0,,,0,,,5,,,0,
47982340000,1789023989821881000,,,,True,visual_video_estimate,,,,,,,,,,,,,,,,,,0,,,5,,,0,,,0,,,5,,,0,,,0,,,5,,,0,,,0,,,5,,,0,,,0,,,5,,,0,
48002345000,1789023989841886000,,,,True,visual_video_estimate,,,,,,,,,,,,,,,,,,0,,,5.011724999999991,,,0.011724999999991326,,,0.02344999999998265,,,5.023449999999983,,,0.011724999999991326,,,0.03517499999997398,,,5.023449999999983,,,0.011724999999991326,,,0.03517499999997398,,,5.035174999999974,,,0.02344999999998265,,,0.0468999999999653,,,5.046899999999965,,,0.02344999999998265,
48062345000,1789023989901886000,,,,True,visual_video_estimate,,,,,,,,,,,,,,,,,,0,,,5.311725000000003,,,0.3117250000000027,,,0.6234500000000054,,,5.623450000000005,,,0.3117250000000027,,,0.9351750000000081,,,5.623450000000005,,,0.3117250000000027,,,0.9351750000000081,,,5.935175000000008,,,0.6234500000000054,,,1.2469000000000108,,,6.246900000000011,,,0.6234500000000054,
48082345000,1789023989921886000,,,,True,visual_video_estimate,,,,,,,,,,,,,,,,,,0,,,5.411724999999983,,,0.4117249999999828,,,0.8234499999999656,,,5.823449999999966,,,0.4117249999999828,,,1.2351749999999484,,,5.823449999999966,,,0.4117249999999828,,,1.2351749999999484,,,6.235174999999948,,,0.8234499999999656,,,1.6468999999999312,,,6.646899999999931,,,0.8234499999999656,
48142349000,1789023989981890000,,,,True,visual_video_estimate,,,,,,,,,,,,,,,,,,0,,,5.711745000000015,,,0.7117450000000147,,,1.4234900000000295,,,6.4234900000000295,,,0.7117450000000147,,,2.135235000000044,,,6.4234900000000295,,,0.7117450000000147,,,2.135235000000044,,,7.135235000000044,,,1.4234900000000295,,,2.846980000000059,,,7.846980000000059,,,1.4234900000000295,
48182350000,1789023990021891000,,,,True,visual_video_estimate,,,,,,,,,,,,,,,,,,0,,,5.911749999999998,,,0.9117499999999978,,,1.8234999999999957,,,6.823499999999996,,,0.9117499999999978,,,2.7352499999999935,,,6.823499999999996,,,0.9117499999999978,,,2.7352499999999935,,,7.7352499999999935,,,1.8234999999999957,,,3.6469999999999914,,,8.646999999999991,,,1.8234999999999957,
48202354000,1789023990041895000,,,,True,visual_video_estimate,,,,,,,,,,,,,,,,,,0,,,6.0117699999999985,,,1.0117699999999985,,,2.023539999999997,,,7.023539999999997,,,1.0117699999999985,,,3.0353099999999955,,,7.023539999999997,,,1.0117699999999985,,,3.0353099999999955,,,8.035309999999996,,,2.023539999999997,,,4.047079999999994,,,9.047079999999994,,,2.023539999999997,
48222354000,1789023990061895000,,,,True,visual_video_estimate,,,,,,,,,,,,,,,,,,0,,,6.111770000000014,,,1.1117700000000141,,,2.2235400000000283,,,7.223540000000028,,,1.1117700000000141,,,3.3353100000000424,,,7.223540000000028,,,1.1117700000000141,,,3.3353100000000424,,,8.335310000000042,,,2.2235400000000283,,,4.4470800000000565,,,9.447080000000057,,,2.2235400000000283,
48262354000,1789023990101895000,,,,True,visual_video_estimate,,,,,,,,,,,,,,,,,,0,,,6.31177000000001,,,1.3117700000000099,,,2.6235400000000197,,,7.62354000000002,,,1.3117700000000099,,,3.9353100000000296,,,7.62354000000002,,,1.3117700000000099,,,3.9353100000000296,,,8.93531000000003,,,2.6235400000000197,,,5.2470800000000395,,,10.24708000000004,,,2.6235400000000197,
48322359000,1789023990161900000,,,,True,visual_video_estimate,,,,,,,,,,,,,,,,,,0,,,6.611794999999994,,,1.6117949999999936,,,3.2235899999999873,,,8.223589999999987,,,1.6117949999999936,,,4.835384999999981,,,8.223589999999987,,,1.6117949999999936,,,4.835384999999981,,,9.835384999999981,,,3.2235899999999873,,,6.447179999999975,,,11.447179999999975,,,3.2235899999999873,
48362359000,1789023990201900000,,,,True,visual_video_estimate,,,,,,,,,,,,,,,,,,0,,,6.811794999999989,,,1.8117949999999894,,,3.6235899999999788,,,8.623589999999979,,,1.8117949999999894,,,5.435384999999968,,,8.623589999999979,,,1.8117949999999894,,,5.435384999999968,,,10.435384999999968,,,3.6235899999999788,,,7.2471799999999575,,,12.247179999999958,,,3.6235899999999788,
48382363000,1789023990221904000,,,,True,visual_video_estimate,,,,,,,,,,,,,,,,,,0,,,6.91181499999999,,,1.91181499999999,,,3.82362999999998,,,8.82362999999998,,,1.91181499999999,,,5.73544499999997,,,8.82362999999998,,,1.91181499999999,,,5.73544499999997,,,10.73544499999997,,,3.82362999999998,,,7.64725999999996,,,12.64725999999996,,,3.82362999999998,
48402363000,1789023990241904000,,,,True,visual_video_estimate,,,,,,,,,,,,,,,,,,0,,,7.011815000000006,,,2.0118150000000057,,,4.023630000000011,,,9.023630000000011,,,2.0118150000000057,,,6.035445000000017,,,9.023630000000011,,,2.0118150000000057,,,6.035445000000017,,,11.035445000000017,,,4.023630000000011,,,8.047260000000023,,,13.047260000000023,,,4.023630000000011,
48422363000,1789023990261904000,,,,True,visual_video_estimate,,,,,,,,,,,,,,,,,,0,,,7.111814999999986,,,2.111814999999986,,,4.223629999999972,,,9.223629999999972,,,2.111814999999986,,,6.335444999999957,,,9.223629999999972,,,2.111814999999986,,,6.335444999999957,,,11.335444999999957,,,4.223629999999972,,,8.447259999999943,,,13.447259999999943,,,4.223629999999972,
48482368000,1789023990321909000,,,,True,visual_video_estimate,,,,,,,,,,,,,,,,,,0,,,7.411840000000005,,,2.411840000000005,,,4.82368000000001,,,9.82368000000001,,,2.411840000000005,,,7.235520000000015,,,9.82368000000001,,,2.411840000000005,,,7.235520000000015,,,12.235520000000015,,,4.82368000000001,,,9.64736000000002,,,14.64736000000002,,,4.82368000000001,
48502368000,1789023990341909000,,,,True,visual_video_estimate,,,,,,,,,,,,,,,,,,0,,,7.511839999999985,,,2.511839999999985,,,5.02367999999997,,,10.02367999999997,,,2.511839999999985,,,7.535519999999956,,,10.02367999999997,,,2.511839999999985,,,7.535519999999956,,,12.535519999999956,,,5.02367999999997,,,10.04735999999994,,,15.04735999999994,,,5.02367999999997,
48522368000,1789023990361909000,,,,True,visual_video_estimate,,,,,,,,,,,,,,,,,,0,,,7.611840000000001,,,2.611840000000001,,,5.223680000000002,,,10.223680000000002,,,2.611840000000001,,,7.8355200000000025,,,10.223680000000002,,,2.611840000000001,,,7.8355200000000025,,,12.835520000000002,,,5.223680000000002,,,10.447360000000003,,,15.447360000000003,,,5.223680000000002,
48562368000,1789023990401909000,,,,True,visual_video_estimate,,,,,,,,,,,,,,,,,,0,,,7.811839999999997,,,2.8118399999999966,,,5.623679999999993,,,10.623679999999993,,,2.8118399999999966,,,8.43551999999999,,,10.623679999999993,,,2.8118399999999966,,,8.43551999999999,,,13.43551999999999,,,5.623679999999993,,,11.247359999999986,,,16.247359999999986,,,5.623679999999993,
48582372000,1789023990421913000,,,,True,visual_video_estimate,,,,,,,,,,,,,,,,,,0,,,7.911859999999997,,,2.9118599999999972,,,5.8237199999999945,,,10.823719999999994,,,2.9118599999999972,,,8.735579999999992,,,10.823719999999994,,,2.9118599999999972,,,8.735579999999992,,,13.735579999999992,,,5.8237199999999945,,,11.647439999999989,,,16.64743999999999,,,5.8237199999999945,
48642373000,1789023990481914000,,,,True,visual_video_estimate,,,,,,,,,,,,,,,,,,0,,,8.211864999999996,,,3.211864999999996,,,6.423729999999992,,,11.423729999999992,,,3.211864999999996,,,9.635594999999988,,,11.423729999999992,,,3.211864999999996,,,9.635594999999988,,,14.635594999999988,,,6.423729999999992,,,12.847459999999984,,,17.847459999999984,,,6.423729999999992,
48682377000,1789023990521918000,,,,True,visual_video_estimate,,,,,,,,,,,,,,,,,,0,,,8.411885000000012,,,3.4118850000000123,,,6.8237700000000245,,,11.823770000000025,,,3.4118850000000123,,,10.235655000000037,,,11.823770000000025,,,3.4118850000000123,,,10.235655000000037,,,15.235655000000037,,,6.8237700000000245,,,13.647540000000049,,,18.64754000000005,,,6.8237700000000245,
48702377000,1789023990541918000,,,,True,visual_video_estimate,,,,,,,,,,,,,,,,,,0,,,8.511884999999992,,,3.5118849999999924,,,7.023769999999985,,,12.023769999999985,,,3.5118849999999924,,,10.535654999999977,,,12.023769999999985,,,3.5118849999999924,,,10.535654999999977,,,15.535654999999977,,,7.023769999999985,,,14.04753999999997,,,19.04753999999997,,,7.023769999999985,
48742377000,1789023990581918000,,,,True,visual_video_estimate,,,,,,,,,,,,,,,,,,0,,,8.711884999999988,,,3.711884999999988,,,7.423769999999976,,,12.423769999999976,,,3.711884999999988,,,11.135654999999964,,,12.423769999999976,,,3.711884999999988,,,11.135654999999964,,,16.135654999999964,,,7.423769999999976,,,14.847539999999952,,,19.847539999999952,,,7.423769999999976,
48782382000,1789023990621923000,,,,True,visual_video_estimate,,,,,,,,,,,,,,,,,,0,,,8.911909999999992,,,3.911909999999992,,,7.823819999999984,,,12.823819999999984,,,3.911909999999992,,,11.735729999999975,,,12.823819999999984,,,3.911909999999992,,,11.735729999999975,,,16.735729999999975,,,7.823819999999984,,,15.647639999999967,,,20.647639999999967,,,7.823819999999984,
48822382000,1789023990661923000,,,,True,visual_video_estimate,,,,,,,,,,,,,,,,,,0,,,9.111909999999988,,,4.1119099999999875,,,8.223819999999975,,,13.223819999999975,,,4.1119099999999875,,,12.335729999999963,,,13.223819999999975,,,4.1119099999999875,,,12.335729999999963,,,17.335729999999963,,,8.223819999999975,,,16.44763999999995,,,21.44763999999995,,,8.223819999999975,
48862386000,1789023990701927000,,,,True,visual_video_estimate,,,,,,,,,,,,,,,,,,0,,,9.311930000000004,,,4.311930000000004,,,8.623860000000008,,,13.623860000000008,,,4.311930000000004,,,12.935790000000011,,,13.623860000000008,,,4.311930000000004,,,12.935790000000011,,,17.93579000000001,,,8.623860000000008,,,17.247720000000015,,,22.247720000000015,,,8.623860000000008,
48902386000,1789023990741927000,,,,True,visual_video_estimate,,,,,,,,,,,,,,,,,,0,,,9.51193,,,4.5119299999999996,,,9.023859999999999,,,14.023859999999999,,,4.5119299999999996,,,13.535789999999999,,,14.023859999999999,,,4.5119299999999996,,,13.535789999999999,,,18.53579,,,9.023859999999999,,,18.047719999999998,,,23.047719999999998,,,9.023859999999999,
48922387000,1789023990761928000,,,,True,visual_video_estimate,,,,,,,,,,,,,,,,,,0,,,9.611935000000003,,,4.611935000000003,,,9.223870000000005,,,14.223870000000005,,,4.611935000000003,,,13.835805000000008,,,14.223870000000005,,,4.611935000000003,,,13.835805000000008,,,18.835805000000008,,,9.223870000000005,,,18.44774000000001,,,23.44774000000001,,,9.223870000000005,
48962391000,1789023990801932000,,,,True,visual_video_estimate,,,,,,,,,,,,,,,,,,0,,,9.811954999999983,,,4.811954999999983,,,9.623909999999967,,,14.623909999999967,,,4.811954999999983,,,14.43586499999995,,,14.623909999999967,,,4.811954999999983,,,14.43586499999995,,,19.43586499999995,,,9.623909999999967,,,19.247819999999933,,,24.247819999999933,,,9.623909999999967,
49002391000,1789023990841932000,,,,True,visual_video_estimate,,,,,,,,,,,,,,,,,,0,,,10,,,5,,,10,,,15,,,5,,,15,,,15,,,5,,,15,,,20,,,10,,,20,,,25,,,10,
49022391000,1789023990861932000,,,,True,visual_video_estimate,,,,,,,,,,,,,,,,,,0,,,10,,,5,,,10,,,15,,,5,,,15,,,15,,,5,,,15,,,20,,,10,,,20,,,25,,,10,
49042396000,1789023990881937000,,,,True,visual_video_estimate,,,,,,,,,,,,,,,,,,0,,,10,,,5,,,10,,,15,,,5,,,15,,,15,,,5,,,15,,,20,,,10,,,20,,,25,,,10,
49082396000,1789023990921937000,,,,True,visual_video_estimate,,,,,,,,,,,,,,,,,,0,,,10,,,5,,,10,,,15,,,5,,,15,,,15,,,5,,,15,,,20,,,10,,,20,,,25,,,10,
49122396000,1789023990961937000,,,,True,visual_video_estimate,,,,,,,,,,,,,,,,,,0,,,10,,,5,,,10,,,15,,,5,,,15,,,15,,,5,,,15,,,20,,,10,,,20,,,25,,,10,
49182400000,1789023991021941000,,,,True,visual_video_estimate,,,,,,,,,,,,,,,,,,0,,,10,,,5,,,10,,,15,,,5,,,15,,,15,,,5,,,15,,,20,,,10,,,20,,,25,,,10,
49222400000,1789023991061941000,,,,True,visual_video_estimate,,,,,,,,,,,,,,,,,,0,,,10,,,5,,,10,,,15,,,5,,,15,,,15,,,5,,,15,,,20,,,10,,,20,,,25,,,10,
49242405000,1789023991081946000,,,,True,visual_video_estimate,,,,,,,,,,,,,,,,,,0,,,10,,,5,,,10,,,15,,,5,,,15,,,15,,,5,,,15,,,20,,,10,,,20,,,25,,,10,
49282405000,1789023991121946000,,,,True,visual_video_estimate,,,,,,,,,,,,,,,,,,0,,,10,,,5,,,10,,,15,,,5,,,15,,,15,,,5,,,15,,,20,,,10,,,20,,,25,,,10,
49322405000,1789023991161946000,,,,True,visual_video_estimate,,,,,,,,,,,,,,,,,,0,,,10,,,5,,,10,,,15,,,5,,,15,,,15,,,5,,,15,,,20,,,10,,,20,,,25,,,10,
49362410000,1789023991201951000,,,,True,visual_video_estimate,,,,,,,,,,,,,,,,,,0,,,10,,,5,,,10,,,15,,,5,,,15,,,15,,,5,,,15,,,20,,,10,,,20,,,25,,,10,
49402410000,1789023991241951000,,,,True,visual_video_estimate,,,,,,,,,,,,,,,,,,0,,,10,,,5,,,10,,,15,,,5,,,15,,,15,,,5,,,15,,,20,,,10,,,20,,,25,,,10,
49422414000,1789023991261955000,,,,True,visual_video_estimate,,,,,,,,,,,,,,,,,,0,,,10,,,5,,,10,,,15,,,5,,,15,,,15,,,5,,,15,,,20,,,10,,,20,,,25,,,10,
49482414000,1789023991321955000,,,,True,visual_video_estimate,,,,,,,,,,,,,,,,,,0,,,10,,,5,,,10,,,15,,,5,,,15,,,15,,,5,,,15,,,20,,,10,,,20,,,25,,,10,
49502414000,1789023991341955000,,,,True,visual_video_estimate,,,,,,,,,,,,,,,,,,0,,,10,,,5,,,10,,,15,,,5,,,15,,,15,,,5,,,15,,,20,,,10,,,20,,,25,,,10,
49542419000,1789023991381960000,,,,True,visual_video_estimate,,,,,,,,,,,,,,,,,,0,,,10,,,5,,,10,,,15,,,5,,,15,,,15,,,5,,,15,,,20,,,10,,,20,,,25,,,10,
49562419000,1789023991401960000,,,,True,visual_video_estimate,,,,,,,,,,,,,,,,,,0,,,10,,,5,,,10,,,15,,,5,,,15,,,15,,,5,,,15,,,20,,,10,,,20,,,25,,,10,
49602419000,1789023991441960000,,,,True,visual_video_estimate,,,,,,,,,,,,,,,,,,0,,,10,,,5,,,10,,,15,,,5,,,15,,,15,,,5,,,15,,,20,,,10,,,20,,,25,,,10,
49682424000,1789023991521965000,,,,True,visual_video_estimate,,,,,,,,,,,,,,,,,,0,,,10,,,5,,,10,,,15,,,5,,,15,,,15,,,5,,,15,,,20,,,10,,,20,,,25,,,10,
49702424000,1789023991541965000,,,,True,visual_video_estimate,,,,,,,,,,,,,,,,,,0,,,10,,,5,,,10,,,15,,,5,,,15,,,15,,,5,,,15,,,20,,,10,,,20,,,25,,,10,
49722428000,1789023991561969000,,,,True,visual_video_estimate,,,,,,,,,,,,,,,,,,0,,,10,,,5,,,10,,,15,,,5,,,15,,,15,,,5,,,15,,,20,,,10,,,20,,,25,,,10,
49742428000,1789023991581969000,,,,True,visual_video_estimate,,,,,,,,,,,,,,,,,,0,,,10,,,5,,,10,,,15,,,5,,,15,,,15,,,5,,,15,,,20,,,10,,,20,,,25,,,10,
49822433000,1789023991661974000,,,,True,visual_video_estimate,,,,,,,,,,,,,,,,,,0,,,10,,,5,,,10,,,15,,,5,,,15,,,15,,,5,,,15,,,20,,,10,,,20,,,25,,,10,
49842433000,1789023991681974000,,,,True,visual_video_estimate,,,,,,,,,,,,,,,,,,0,,,10,,,5,,,10,,,15,,,5,,,15,,,15,,,5,,,15,,,20,,,10,,,20,,,25,,,10,
49862433000,1789023991701974000,,,,True,visual_video_estimate,,,,,,,,,,,,,,,,,,0,,,10,,,5,,,10,,,15,,,5,,,15,,,15,,,5,,,15,,,20,,,10,,,20,,,25,,,10,
49902437000,1789023991741978000,,,,True,visual_video_estimate,,,,,,,,,,,,,,,,,,0,,,10,,,5,,,10,,,15,,,5,,,15,,,15,,,5,,,15,,,20,,,10,,,20,,,25,,,10,
49922437000,1789023991761978000,,,,True,visual_video_estimate,,,,,,,,,,,,,,,,,,0,,,10,,,5,,,10,,,15,,,5,,,15,,,15,,,5,,,15,,,20,,,10,,,20,,,25,,,10,
49962437000,1789023991801978000,,,,True,visual_video_estimate,,,,,,,,,,,,,,,,,,0,,,10,,,5,,,10,,,15,,,5,,,15,,,15,,,5,,,15,,,20,,,10,,,20,,,25,,,10,
50002442000,1789023991841983000,,,,True,visual_video_estimate,,,,,,,,,,,,,,,,,,0,,,9.98778999999999,,,4.98778999999999,,,9.97557999999998,,,14.97557999999998,,,4.98778999999999,,,14.96336999999997,,,14.97557999999998,,,4.98778999999999,,,14.96336999999997,,,19.96336999999997,,,9.97557999999998,,,19.95115999999996,,,24.95115999999996,,,9.97557999999998,
50042442000,1789023991881983000,,,,True,visual_video_estimate,,,,,,,,,,,,,,,,,,0,,,9.787789999999994,,,4.787789999999994,,,9.575579999999988,,,14.575579999999988,,,4.787789999999994,,,14.363369999999982,,,14.575579999999988,,,4.787789999999994,,,14.363369999999982,,,19.363369999999982,,,9.575579999999988,,,19.151159999999976,,,24.151159999999976,,,9.575579999999988,
50082446000,1789023991921987000,,,,True,visual_video_estimate,,,,,,,,,,,,,,,,,,0,,,9.587770000000013,,,4.587770000000013,,,9.175540000000026,,,14.175540000000026,,,4.587770000000013,,,13.76331000000004,,,14.175540000000026,,,4.587770000000013,,,13.76331000000004,,,18.76331000000004,,,9.175540000000026,,,18.351080000000053,,,23.351080000000053,,,9.175540000000026,
50102446000,1789023991941987000,,,,True,visual_video_estimate,,,,,,,,,,,,,,,,,,0,,,9.487769999999998,,,4.487769999999998,,,8.975539999999995,,,13.975539999999995,,,4.487769999999998,,,13.463309999999993,,,13.975539999999995,,,4.487769999999998,,,13.463309999999993,,,18.463309999999993,,,8.975539999999995,,,17.95107999999999,,,22.95107999999999,,,8.975539999999995,
50142447000,1789023991981988000,,,,True,visual_video_estimate,,,,,,,,,,,,,,,,,,0,,,9.287765000000014,,,4.2877650000000145,,,8.575530000000029,,,13.575530000000029,,,4.2877650000000145,,,12.863295000000043,,,13.575530000000029,,,4.2877650000000145,,,12.863295000000043,,,17.863295000000043,,,8.575530000000029,,,17.151060000000058,,,22.151060000000058,,,8.575530000000029,
50182451000,1789023992021992000,,,,True,visual_video_estimate,,,,,,,,,,,,,,,,,,0,,,9.087744999999998,,,4.087744999999998,,,8.175489999999996,,,13.175489999999996,,,4.087744999999998,,,12.263234999999995,,,13.175489999999996,,,4.087744999999998,,,12.263234999999995,,,17.263234999999995,,,8.175489999999996,,,16.350979999999993,,,21.350979999999993,,,8.175489999999996,
50222451000,1789023992061992000,,,,True,visual_video_estimate,,,,,,,,,,,,,,,,,,0,,,8.887745000000002,,,3.8877450000000024,,,7.775490000000005,,,12.775490000000005,,,3.8877450000000024,,,11.663235000000007,,,12.775490000000005,,,3.8877450000000024,,,11.663235000000007,,,16.663235000000007,,,7.775490000000005,,,15.55098000000001,,,20.55098000000001,,,7.775490000000005,
50262451000,1789023992101992000,,,,True,visual_video_estimate,,,,,,,,,,,,,,,,,,0,,,8.687745000000007,,,3.6877450000000067,,,7.375490000000013,,,12.375490000000013,,,3.6877450000000067,,,11.06323500000002,,,12.375490000000013,,,3.6877450000000067,,,11.06323500000002,,,16.06323500000002,,,7.375490000000013,,,14.750980000000027,,,19.750980000000027,,,7.375490000000013,
50282456000,1789023992121997000,,,,True,visual_video_estimate,,,,,,,,,,,,,,,,,,0,,,8.587719999999983,,,3.587719999999983,,,7.175439999999966,,,12.175439999999966,,,3.587719999999983,,,10.76315999999995,,,12.175439999999966,,,3.587719999999983,,,10.76315999999995,,,15.76315999999995,,,7.175439999999966,,,14.350879999999933,,,19.350879999999933,,,7.175439999999966,
50322456000,1789023992161997000,,,,True,visual_video_estimate,,,,,,,,,,,,,,,,,,0,,,8.387719999999987,,,3.3877199999999874,,,6.775439999999975,,,11.775439999999975,,,3.3877199999999874,,,10.163159999999962,,,11.775439999999975,,,3.3877199999999874,,,10.163159999999962,,,15.163159999999962,,,6.775439999999975,,,13.55087999999995,,,18.55087999999995,,,6.775439999999975,
50382460000,1789023992222001000,,,,True,visual_video_estimate,,,,,,,,,,,,,,,,,,0,,,8.087699999999991,,,3.087699999999991,,,6.175399999999982,,,11.175399999999982,,,3.087699999999991,,,9.263099999999973,,,11.175399999999982,,,3.087699999999991,,,9.263099999999973,,,14.263099999999973,,,6.175399999999982,,,12.350799999999964,,,17.350799999999964,,,6.175399999999982,
50402460000,1789023992242001000,,,,True,visual_video_estimate,,,,,,,,,,,,,,,,,,0,,,7.987700000000011,,,2.987700000000011,,,5.975400000000022,,,10.975400000000022,,,2.987700000000011,,,8.963100000000033,,,10.975400000000022,,,2.987700000000011,,,8.963100000000033,,,13.963100000000033,,,5.975400000000022,,,11.950800000000044,,,16.950800000000044,,,5.975400000000022,
50462465000,1789023992302006000,,,,True,visual_video_estimate,,,,,,,,,,,,,,,,,,0,,,7.687674999999992,,,2.6876749999999916,,,5.375349999999983,,,10.375349999999983,,,2.6876749999999916,,,8.063024999999975,,,10.375349999999983,,,2.6876749999999916,,,8.063024999999975,,,13.063024999999975,,,5.375349999999983,,,10.750699999999966,,,15.750699999999966,,,5.375349999999983,
50502465000,1789023992342006000,,,,True,visual_video_estimate,,,,,,,,,,,,,,,,,,0,,,7.487674999999996,,,2.487674999999996,,,4.975349999999992,,,9.975349999999992,,,2.487674999999996,,,7.463024999999988,,,9.975349999999992,,,2.487674999999996,,,7.463024999999988,,,12.463024999999988,,,4.975349999999992,,,9.950699999999983,,,14.950699999999983,,,4.975349999999992,
50522465000,1789023992362006000,,,,True,visual_video_estimate,,,,,,,,,,,,,,,,,,0,,,7.387675000000016,,,2.3876750000000158,,,4.7753500000000315,,,9.775350000000032,,,2.3876750000000158,,,7.163025000000047,,,9.775350000000032,,,2.3876750000000158,,,7.163025000000047,,,12.163025000000047,,,4.7753500000000315,,,9.550700000000063,,,14.550700000000063,,,4.7753500000000315,
50542465000,1789023992382006000,,,,True,visual_video_estimate,,,,,,,,,,,,,,,,,,0,,,7.287675,,,2.287675,,,4.57535,,,9.57535,,,2.287675,,,6.863025,,,9.57535,,,2.287675,,,6.863025,,,11.863025,,,4.57535,,,9.1507,,,14.1507,,,4.57535,
50582470000,1789023992422011000,,,,True,visual_video_estimate,,,,,,,,,,,,,,,,,,0,,,7.0876499999999965,,,2.0876499999999965,,,4.175299999999993,,,9.175299999999993,,,2.0876499999999965,,,6.262949999999989,,,9.175299999999993,,,2.0876499999999965,,,6.262949999999989,,,11.26294999999999,,,4.175299999999993,,,8.350599999999986,,,13.350599999999986,,,4.175299999999993,
50642470000,1789023992482011000,,,,True,visual_video_estimate,,,,,,,,,,,,,,,,,,0,,,6.787649999999985,,,1.787649999999985,,,3.57529999999997,,,8.57529999999997,,,1.787649999999985,,,5.362949999999955,,,8.57529999999997,,,1.787649999999985,,,5.362949999999955,,,10.362949999999955,,,3.57529999999997,,,7.15059999999994,,,12.15059999999994,,,3.57529999999997,
50682474000,1789023992522015000,,,,True,visual_video_estimate,,,,,,,,,,,,,,,,,,0,,,6.587630000000004,,,1.5876300000000043,,,3.1752600000000086,,,8.175260000000009,,,1.5876300000000043,,,4.762890000000013,,,8.175260000000009,,,1.5876300000000043,,,4.762890000000013,,,9.762890000000013,,,3.1752600000000086,,,6.350520000000017,,,11.350520000000017,,,3.1752600000000086,
50722474000,1789023992562015000,,,,True,visual_video_estimate,,,,,,,,,,,,,,,,,,0,,,6.387630000000009,,,1.3876300000000086,,,2.775260000000017,,,7.775260000000017,,,1.3876300000000086,,,4.162890000000026,,,7.775260000000017,,,1.3876300000000086,,,4.162890000000026,,,9.162890000000026,,,2.775260000000017,,,5.550520000000034,,,10.550520000000034,,,2.775260000000017,
50742474000,1789023992582015000,,,,True,visual_video_estimate,,,,,,,,,,,,,,,,,,0,,,6.287629999999993,,,1.287629999999993,,,2.575259999999986,,,7.575259999999986,,,1.287629999999993,,,3.862889999999979,,,7.575259999999986,,,1.287629999999993,,,3.862889999999979,,,8.862889999999979,,,2.575259999999986,,,5.150519999999972,,,10.150519999999972,,,2.575259999999986,
50782479000,1789023992622020000,,,,True,visual_video_estimate,,,,,,,,,,,,,,,,,,0,,,6.087604999999989,,,1.0876049999999893,,,2.1752099999999785,,,7.1752099999999785,,,1.0876049999999893,,,3.262814999999968,,,7.1752099999999785,,,1.0876049999999893,,,3.262814999999968,,,8.262814999999968,,,2.1752099999999785,,,4.350419999999957,,,9.350419999999957,,,2.1752099999999785,
50822479000,1789023992662020000,,,,True,visual_video_estimate,,,,,,,,,,,,,,,,,,0,,,5.8876049999999935,,,0.8876049999999935,,,1.775209999999987,,,6.775209999999987,,,0.8876049999999935,,,2.6628149999999806,,,6.775209999999987,,,0.8876049999999935,,,2.6628149999999806,,,7.662814999999981,,,1.775209999999987,,,3.550419999999974,,,8.550419999999974,,,1.775209999999987,
50842483000,1789023992682024000,,,,True,visual_video_estimate,,,,,,,,,,,,,,,,,,0,,,5.787584999999993,,,0.7875849999999929,,,1.5751699999999857,,,6.575169999999986,,,0.7875849999999929,,,2.3627549999999786,,,6.575169999999986,,,0.7875849999999929,,,2.3627549999999786,,,7.362754999999979,,,1.5751699999999857,,,3.1503399999999715,,,8.150339999999971,,,1.5751699999999857,
50902484000,1789023992742025000,,,,True,visual_video_estimate,,,,,,,,,,,,,,,,,,0,,,5.487579999999994,,,0.48757999999999413,,,0.9751599999999883,,,5.975159999999988,,,0.48757999999999413,,,1.4627399999999824,,,5.975159999999988,,,0.48757999999999413,,,1.4627399999999824,,,6.462739999999982,,,0.9751599999999883,,,1.9503199999999765,,,6.9503199999999765,,,0.9751599999999883,
50922484000,1789023992762025000,,,,True,visual_video_estimate,,,,,,,,,,,,,,,,,,0,,,5.387580000000014,,,0.387580000000014,,,0.775160000000028,,,5.775160000000028,,,0.387580000000014,,,1.162740000000042,,,5.775160000000028,,,0.387580000000014,,,1.162740000000042,,,6.162740000000042,,,0.775160000000028,,,1.550320000000056,,,6.550320000000056,,,0.775160000000028,
50942488000,1789023992782029000,,,,True,visual_video_estimate,,,,,,,,,,,,,,,,,,0,,,5.287560000000013,,,0.28756000000001336,,,0.5751200000000267,,,5.575120000000027,,,0.28756000000001336,,,0.8626800000000401,,,5.575120000000027,,,0.28756000000001336,,,0.8626800000000401,,,5.86268000000004,,,0.5751200000000267,,,1.1502400000000534,,,6.150240000000053,,,0.5751200000000267,
51002488000,1789023992842029000,,,,True,visual_video_estimate,,,,,,,,,,,,,,,,,,0,,,5,,,0,,,0,,,5,,,0,,,0,,,5,,,0,,,0,,,5,,,0,,,0,,,5,,,0,
51022488000,1789023992862029000,,,,True,visual_video_estimate,,,,,,,,,,,,,,,,,,0,,,5,,,0,,,0,,,5,,,0,,,0,,,5,,,0,,,0,,,5,,,0,,,0,,,5,,,0,
51042493000,1789023992882034000,,,,True,visual_video_estimate,,,,,,,,,,,,,,,,,,0,,,5,,,0,,,0,,,5,,,0,,,0,,,5,,,0,,,0,,,5,,,0,,,0,,,5,,,0,
51082493000,1789023992922034000,,,,True,visual_video_estimate,,,,,,,,,,,,,,,,,,0,,,5,,,0,,,0,,,5,,,0,,,0,,,5,,,0,,,0,,,5,,,0,,,0,,,5,,,0,
51142497000,1789023992982038000,,,,True,visual_video_estimate,,,,,,,,,,,,,,,,,,0,,,5,,,0,,,0,,,5,,,0,,,0,,,5,,,0,,,0,,,5,,,0,,,0,,,5,,,0,
51182497000,1789023993022038000,,,,True,visual_video_estimate,,,,,,,,,,,,,,,,,,0,,,5,,,0,,,0,,,5,,,0,,,0,,,5,,,0,,,0,,,5,,,0,,,0,,,5,,,0,
51202498000,1789023993042039000,,,,True,visual_video_estimate,,,,,,,,,,,,,,,,,,0,,,5,,,0,,,0,,,5,,,0,,,0,,,5,,,0,,,0,,,5,,,0,,,0,,,5,,,0,
51242502000,1789023993082043000,,,,True,visual_video_estimate,,,,,,,,,,,,,,,,,,0,,,5,,,0,,,0,,,5,,,0,,,0,,,5,,,0,,,0,,,5,,,0,,,0,,,5,,,0,
51282502000,1789023993122043000,,,,True,visual_video_estimate,,,,,,,,,,,,,,,,,,0,,,5,,,0,,,0,,,5,,,0,,,0,,,5,,,0,,,0,,,5,,,0,,,0,,,5,,,0,
51322507000,1789023993162048000,,,,True,visual_video_estimate,,,,,,,,,,,,,,,,,,0,,,5,,,0,,,0,,,5,,,0,,,0,,,5,,,0,,,0,,,5,,,0,,,0,,,5,,,0,
51362507000,1789023993202048000,,,,True,visual_video_estimate,,,,,,,,,,,,,,,,,,0,,,5,,,0,,,0,,,5,,,0,,,0,,,5,,,0,,,0,,,5,,,0,,,0,,,5,,,0,
51382507000,1789023993222048000,,,,True,visual_video_estimate,,,,,,,,,,,,,,,,,,0,,,5,,,0,,,0,,,5,,,0,,,0,,,5,,,0,,,0,,,5,,,0,,,0,,,5,,,0,
51422511000,1789023993262052000,,,,True,visual_video_estimate,,,,,,,,,,,,,,,,,,0,,,5,,,0,,,0,,,5,,,0,,,0,,,5,,,0,,,0,,,5,,,0,,,0,,,5,,,0,
51442511000,1789023993282052000,,,,True,visual_video_estimate,,,,,,,,,,,,,,,,,,0,,,5,,,0,,,0,,,5,,,0,,,0,,,5,,,0,,,0,,,5,,,0,,,0,,,5,,,0,
51502516000,1789023993342057000,,,,True,visual_video_estimate,,,,,,,,,,,,,,,,,,0,,,5,,,0,,,0,,,5,,,0,,,0,,,5,,,0,,,0,,,5,,,0,,,0,,,5,,,0,
51542516000,1789023993382057000,,,,True,visual_video_estimate,,,,,,,,,,,,,,,,,,0,,,5,,,0,,,0,,,5,,,0,,,0,,,5,,,0,,,0,,,5,,,0,,,0,,,5,,,0,
